ί–Ό,θϋ,Ηx@i”­¶’nj,Ηπ”ΤE’“έi”­¶’nj,s‹ζ’¬‘ΊƒR[ƒhi”­¶’nj,“s“Ή•{§i”­¶’nj,s‹ζ’¬‘Ίi”­¶’nj,’¬’–Ϊi”­¶’nj,”­¶”N“ϊinϊj,”­¶inϊj,”­¶κ‚Μ‘®«,{ωΦW,»‹ΰ”νQ‚Μ—L–³
ή“,Τγ‚Λ‚η‚Ά,’†‰›,–{’¬π”Τ,131024,“‹“s,’†‰›‹ζ,“ϊ–{‹΄–{’¬‚S’–Ϊ,2018-03-03,12,’“Τi—Φjκ,{ω‚µ‚½,‚Θ‚µ
ή“,Τγ‚Λ‚η‚Ά,’†‰›,”ªdF’Κπ”Τ,131024,“‹“s,’†‰›‹ζ,“ϊ–{‹΄‚R’–Ϊ,2018-09-25,09,’“Τi—Φjκ,{ω‚µ‚½,‚ ‚θ
ή“,Τγ‚Λ‚η‚Ά,’†‰›,”ªdF’Κπ”Τ,131024,“‹“s,’†‰›‹ζ,”ªdF‚Q’–Ϊ,2018-03-17,08,’“Τi—Φjκ,{ω‚µ‚½,‚Θ‚µ
ή“,Τγ‚Λ‚η‚Ά,’†‰›,”ªdF’Κπ”Τ,131024,“‹“s,’†‰›‹ζ,”ªdF‚Q’–Ϊ,2018-03-17,09,’“Τi—Φjκ,{ω‚µ‚½,‚ ‚θ
ή“,Τγ‚Λ‚η‚Ά,’†‰›,”ªdF’Κπ”Τ,131024,“‹“s,’†‰›‹ζ,”ªdF‚Q’–Ϊ,2018-10-17,08,’“Τi—Φjκ,{ω‚µ‚½,‚Θ‚µ
ή“,Τγ‚Λ‚η‚Ά,’†‰›,”ª’–xπ”Τ,131024,“‹“s,’†‰›‹ζ,”ª’–x‚R’–Ϊ,2018-02-28,13,’“Τi—Φjκ,{ω‚µ‚½,‚Θ‚µ
ή“,Τγ‚Λ‚η‚Ά,_“c,i’¬π”Τ,131016,“‹“s,η‘γ“c‹ζ,“ΰ_“c‚P’–Ϊ,2018-03-04,10,’“Τi—Φjκ,{ω‚µ‚½,‚Θ‚µ
ή“,Τγ‚Λ‚η‚Ά,_“c,…“Ή‹΄‰w‘Oπ”Τ,131016,“‹“s,η‘γ“c‹ζ,,2018-03-10,15,’“Τi—Φjκ,{ω‚µ‚½,‚Θ‚µ
ή“,Τγ‚Λ‚η‚Ά,‹vΌ,““ϊ–{‹΄π”Τ,131024,“‹“s,’†‰›‹ζ,““ϊ–{‹΄‚Q’–Ϊ,2017-12-10,•s–Ύ,“ΉHγ,{ω‚µ‚½,‚Θ‚µ
ή“,Τγ‚Λ‚η‚Ά,’z’n,‹βΐκ’–Ϊπ”Τ,131024,“‹“s,’†‰›‹ζ,‹βΐ‚P’–Ϊ,2018-04-21,15,’“Τi—Φjκ,{ω‚µ‚½,‚ ‚θ
ή“,Τγ‚Λ‚η‚Ά,’z’n,‹βΐκ’–Ϊπ”Τ,131024,“‹“s,’†‰›‹ζ,‹βΐ‚Q’–Ϊ,2018-06-05,14,’“Τi—Φjκ,{ω‚µ‚½,‚ ‚θ
ή“,Τγ‚Λ‚η‚Ά,’z’n,‹βΐ”ª’–Ϊπ”Τ,131024,“‹“s,’†‰›‹ζ,‹βΐ‚U’–Ϊ,2018-03-23,16,“ΉHγ,{ω‚µ‚½,‚ ‚θ
ή“,Τγ‚Λ‚η‚Ά,¤“†,“V‹΄π”Τ,131032,“‹“s,`‹ζ,“V‹΄‚P’–Ϊ,2018-03-06,09,’“Τi—Φjκ,{ω‚µ‚½,‚ ‚θ
ή“,Τγ‚Λ‚η‚Ά,–ƒ•z,Ό–ƒ•zπ”Τ,131032,“‹“s,`‹ζ,Ό–ƒ•z‚P’–Ϊ,2018-10-03,14,’“Τi—Φjκ,{ω‚µ‚½,‚ ‚θ
ή“,Τγ‚Λ‚η‚Ά,–ƒ•z,Ό–ƒ•zπ”Τ,131032,“‹“s,`‹ζ,Ό–ƒ•z‚S’–Ϊ,2018-09-23,10,’“Τi—Φjκ,{ω‚µ‚½,‚ ‚θ
ή“,Τγ‚Λ‚η‚Ά,–ƒ•z,Z–{–ΨZ’–Ϊπ”Τ,131032,“‹“s,`‹ζ,Z–{–Ψ‚V’–Ϊ,2018-03-14,18,’“Τi—Φjκ,{ω‚µ‚½,‚Θ‚µ
ή“,Τγ‚Λ‚η‚Ά,Τβ,ΒRκ’–Ϊπ”Τ,131032,“‹“s,`‹ζ,“μΒR‚Q’–Ϊ,2018-06-18,14,’“Τi—Φjκ,{ω‚µ‚½,‚Θ‚µ
ή“,Τγ‚Λ‚η‚Ά,Τβ,•\Q“Ήπ”Τ,131032,“‹“s,`‹ζ,“μΒR‚U’–Ϊ,2018-08-21,09,’“Τi—Φjκ,{ω‚µ‚½,‚ ‚θ
ή“,Τγ‚Λ‚η‚Ά,Τβ,•\Q“Ήπ”Τ,131032,“‹“s,`‹ζ,“μΒR‚V’–Ϊ,2018-10-16,13,’“Τi—Φjκ,{ω‚µ‚½,‚ ‚θ
ή“,Τγ‚Λ‚η‚Ά,“‹pέ,‚¨‘δκC•lφ‰€‰w‘Oπ”Τ,131032,“‹“s,`‹ζ,‘δκ‚P’–Ϊ,2018-08-12,23,“ΉHγ,{ω‚µ‚½,‚ ‚θ
ή“,Τγ‚Λ‚η‚Ά,“‹pέ,‚¨‘δκC•lφ‰€‰w‘Oπ”Τ,131032,“‹“s,`‹ζ,‘δκ‚P’–Ϊ,2018-08-24,22,’“Τi—Φjκ,{ω‚µ‚½,‚ ‚θ
ή“,Τγ‚Λ‚η‚Ά,“‹pέ,‚¨‘δκC•lφ‰€‰w‘Oπ”Τ,131032,“‹“s,`‹ζ,‘δκ‚P’–Ϊ,2018-09-04,00,’“Τi—Φjκ,{ω‚µ‚½,‚ ‚θ
ή“,Τγ‚Λ‚η‚Ά,“‹pέ,‚¨‘δκC•lφ‰€‰w‘Oπ”Τ,131032,“‹“s,`‹ζ,‘δκ‚P’–Ϊ,2018-09-12,23,’“Τi—Φjκ,{ω‚µ‚½,‚ ‚θ
ή“,Τγ‚Λ‚η‚Ά,“‹pέ,‚¨‘δκC•lφ‰€‰w‘Oπ”Τ,131032,“‹“s,`‹ζ,‘δκ‚P’–Ϊ,2018-12-22,23,’“Τi—Φjκ,{ω‚µ‚½,‚ ‚θ
ή“,Τγ‚Λ‚η‚Ά,“‹pέ,‚¨‘δκC•lφ‰€‰w‘Oπ”Τ,131032,“‹“s,`‹ζ,‘δκ‚P’–Ϊ,2018-12-24,22,‚»‚Μ‘Ό,{ω‚µ‚½,‚ ‚θ
ή“,Τγ‚Λ‚η‚Ά,“c‰€’²•z,‰L‚Μ–Ψ‰w‘Oπ”Τ,131113,“‹“s,‘ε“c‹ζ,‰L‚Μ–Ψ‚R’–Ϊ,2018-06-08,03,’“Τi—Φjκ,{ω‚µ‚½,‚Θ‚µ
ή“,Τγ‚Λ‚η‚Ά,—“c,‹‹}—“c‰w‘Oπ”Τ,131113,“‹“s,‘ε“c‹ζ,—“c‚S’–Ϊ,2018-03-23,20,’“Τi—Φjκ,{ω‚µ‚½,‚Θ‚µ
ή“,Τγ‚Λ‚η‚Ά,—“c,ΌZ‹½π”Τ,131113,“‹“s,‘ε“c‹ζ,V—“c‚R’–Ϊ,2018-12-12,18,κΛZ‘ξ,{ω‚µ‚½,‚Θ‚µ
ή“,Τγ‚Λ‚η‚Ά,—“c,ΌZ‹½π”Τ,131113,“‹“s,‘ε“c‹ζ,ΌZ‹½‚R’–Ϊ,2018-12-03,18,’“Τi—Φjκ,{ω‚µ‚½,‚Θ‚µ
ή“,Τγ‚Λ‚η‚Ά,—“c,ΌZ‹½π”Τ,131113,“‹“s,‘ε“c‹ζ,ΌZ‹½‚S’–Ϊ,2018-12-03,16,’“Τi—Φjκ,{ω‚µ‚½,‚Θ‚µ
ή“,Τγ‚Λ‚η‚Ά,—“c,“Z‹½π”Τ,131113,“‹“s,‘ε“c‹ζ,’‡Z‹½‚S’–Ϊ,2018-12-09,22,’“Τi—Φjκ,{ω‚µ‚½,‚Θ‚µ
ή“,Τγ‚Λ‚η‚Ά,—“c,“Z‹½π”Τ,131113,“‹“s,‘ε“c‹ζ,“μZ‹½‚P’–Ϊ,2018-05-29,17,’“Τi—Φjκ,{ω‚µ‚½,‚Θ‚µ
ή“,Τγ‚Λ‚η‚Ά,—“c,“Z‹½π”Τ,131113,“‹“s,‘ε“c‹ζ,“μZ‹½‚Q’–Ϊ,2018-12-03,18,’“Τi—Φjκ,{ω‚µ‚½,‚Θ‚µ
ή“,Τγ‚Λ‚η‚Ά,—“c,“Z‹½π”Τ,131113,“‹“s,‘ε“c‹ζ,“μZ‹½‚Q’–Ϊ,2018-12-03,19,‚SK‚ΔΘγ‹¤“―Z‘ξ,{ω‚µ‚½,‚Θ‚µ
ή“,Τγ‚Λ‚η‚Ά,—“c,GFπ”Τ,131113,“‹“s,‘ε“c‹ζ,’‡Z‹½‚Q’–Ϊ,2018-04-08,11,’“Τi—Φjκ,{ω‚µ‚½,‚ ‚θ
ή“,Τγ‚Λ‚η‚Ά,—“c,GFπ”Τ,131113,“‹“s,‘ε“c‹ζ,’‡Z‹½‚Q’–Ϊ,2018-05-30,12,’“Τi—Φjκ,{ω‚µ‚½,‚Θ‚µ
ή“,Τγ‚Λ‚η‚Ά,—“c,–{‰H“cπ”Τ,131113,“‹“s,‘ε“c‹ζ,–{‰H“c‚P’–Ϊ,2018-01-15,05,‚SK‚ΔΘγ‹¤“―Z‘ξ,{ω‚µ‚½,‚Θ‚µ
ή“,Τγ‚Λ‚η‚Ά,—“c,–{‰H“cπ”Τ,131113,“‹“s,‘ε“c‹ζ,–{‰H“c‚P’–Ϊ,2018-05-30,15,’“Τi—Φjκ,{ω‚µ‚½,‚Θ‚µ
ή“,Τγ‚Λ‚η‚Ά,—“c,–{‰H“cπ”Τ,131113,“‹“s,‘ε“c‹ζ,–{‰H“c‚Q’–Ϊ,2018-12-03,19,‚SK‚ΔΘγ‹¤“―Z‘ξ,{ω‚µ‚½,‚Θ‚µ
ή“,Τγ‚Λ‚η‚Ά,—“c,‘ε’Ή‹π”Τ,131113,“‹“s,‘ε“c‹ζ,”‹’†‚R’–Ϊ,2018-01-19,18,’“Τi—Φjκ,{ω‚µ‚½,‚Θ‚µ
ή“,Τγ‚Λ‚η‚Ά,—“c,‘ε’Ή‹π”Τ,131113,“‹“s,‘ε“c‹ζ,”‹’†‚R’–Ϊ,2018-01-21,06,‚SK‚ΔΘγ‹¤“―Z‘ξ,{ω‚µ‚½,‚Θ‚µ
ή“,Τγ‚Λ‚η‚Ά,—“c,‘ε’Ή‹π”Τ,131113,“‹“s,‘ε“c‹ζ,‰H“c‚P’–Ϊ,2018-05-29,18,’“Τi—Φjκ,{ω‚µ‚½,‚Θ‚µ
ή“,Τγ‚Λ‚η‚Ά,—“c,‘ε’Ή‹π”Τ,131113,“‹“s,‘ε“c‹ζ,‰H“c‚P’–Ϊ,2018-05-29,19,’“Τi—Φjκ,{ω‚µ‚½,‚Θ‚µ
ή“,Τγ‚Λ‚η‚Ά,—“c,‘ε’Ή‹π”Τ,131113,“‹“s,‘ε“c‹ζ,‰H“c‚T’–Ϊ,2018-04-06,18,’“Τi—Φjκ,{ω‚µ‚½,‚Θ‚µ
ή“,Τγ‚Λ‚η‚Ά,’rγ,‘½–€μ‘ε‹΄π”Τ,131113,“‹“s,‘ε“c‹ζ,‘½–€μ‚Q’–Ϊ,2018-12-12,07,’“Τi—Φjκ,{ω‚µ‚½,‚Θ‚µ
ή“,Τγ‚Λ‚η‚Ά,’rγ,ƒKƒX‹΄π”Τ,131113,“‹“s,‘ε“c‹ζ,‰ΊΫq‚Q’–Ϊ,2018-05-24,21,’“Τi—Φjκ,{ω‚µ‚½,‚Θ‚µ
ή“,Τγ‚Λ‚η‚Ά,’rγ,ƒKƒX‹΄π”Τ,131113,“‹“s,‘ε“c‹ζ,‰ΊΫq‚R’–Ϊ,2018-06-07,21,’“Τi—Φjκ,{ω‚µ‚½,‚Θ‚µ
ή“,Τγ‚Λ‚η‚Ά,–k‘ς,‹{‘O‹΄π”Τ,131121,“‹“s,Ά“c’J‹ζ,‘γ“c‚S’–Ϊ,2018-12-14,10,’“Τi—Φjκ,{ω‚µ‚½,‚Θ‚µ
ή“,Τγ‚Λ‚η‚Ά,‹Κμ,“ρq‹Κμπ”Τ,131121,“‹“s,Ά“c’J‹ζ,‹Κμ‚R’–Ϊ,2018-11-25,06,‚»‚Μ‘Ό‚ΜZ‘ξi‚RK‚ΔΘ‰Ί‹¤“―Z‘ξ“™j,{ω‚µ‚½,‚Θ‚µ
ή“,Τγ‚Λ‚η‚Ά,‹Κμ,£“cπ”Τ,131121,“‹“s,Ά“c’J‹ζ,—p‰κ‚P’–Ϊ,2018-12-17,12,’“Τi—Φjκ,{ω‚µ‚½,‚ ‚θ
ή“,Τγ‚Λ‚η‚Ά,¬ι,‰GRπ”Τ,131121,“‹“s,Ά“c’J‹ζ,–k‰GR‚U’–Ϊ,2018-09-13,23,‚SK‚ΔΘγ‹¤“―Z‘ξ,{ω‚µ‚½,‚Θ‚µ
ή“,Τγ‚Λ‚η‚Ά,¬ι,‰GRπ”Τ,131121,“‹“s,Ά“c’J‹ζ,–k‰GR‚X’–Ϊ,2018-03-16,12,’“Τi—Φjκ,{ω‚µ‚½,‚Θ‚µ
ή“,Τγ‚Λ‚η‚Ά,¬ι,“•σ‘Oπ”Τ,131121,“‹“s,Ά“c’J‹ζ,μ‘½©‚T’–Ϊ,2018-01-12,00,κΛZ‘ξ,{ω‚µ‚½,‚Θ‚µ
ή“,Τγ‚Λ‚η‚Ά,–Ϊ•,’†–Ϊ•‰w‘Oπ”Τ,131105,“‹“s,–Ϊ•‹ζ,’†–Ϊ•‚R’–Ϊ,2018-03-11,19,’“Τi—Φjκ,{ω‚µ‚½,‚Θ‚µ
ή“,Τγ‚Λ‚η‚Ά,–Ϊ•,’†–Ϊ•‰w‘Oπ”Τ,131105,“‹“s,–Ϊ•‹ζ,’†–Ϊ•‚R’–Ϊ,2018-03-15,22,κΛZ‘ξ,{ω‚µ‚½,‚Θ‚µ
ή“,Τγ‚Λ‚η‚Ά,a’J,b”δυ‰w‘Oπ”Τ,131130,“‹“s,a’J‹ζ,“‚R’–Ϊ,2018-03-07,11,‚SK‚ΔΘγ‹¤“―Z‘ξ,{ω‚µ‚½,‚Θ‚µ
ή“,Τγ‚Λ‚η‚Ά,a’J,L”φά’–Ϊπ”Τ,131130,“‹“s,a’J‹ζ,L”φ‚P’–Ϊ,2018-03-04,20,‚SK‚ΔΘγ‹¤“―Z‘ξ,{ω‚µ‚½,‚Θ‚µ
ή“,Τγ‚Λ‚η‚Ά,a’J,L”φά’–Ϊπ”Τ,131130,“‹“s,a’J‹ζ,L”φ‚P’–Ϊ,2018-03-07,19,‚SK‚ΔΘγ‹¤“―Z‘ξ,{ω‚µ‚½,‚Θ‚µ
ή“,Τγ‚Λ‚η‚Ά,a’J,“ϊΤ•a‰@‘Oπ”Τ,131130,“‹“s,a’J‹ζ,L”φ‚Q’–Ϊ,2018-03-05,10,‚SK‚ΔΘγ‹¤“―Z‘ξ,{ω‚µ‚½,‚Θ‚µ
ή“,Τγ‚Λ‚η‚Ά,a’J,“ϊΤ•a‰@‘Oπ”Τ,131130,“‹“s,a’J‹ζ,L”φ‚Q’–Ϊ,2018-03-07,14,‚SK‚ΔΘγ‹¤“―Z‘ξ,{ω‚µ‚½,‚Θ‚µ
ή“,Τγ‚Λ‚η‚Ά,a’J,“ϊΤ•a‰@‘Oπ”Τ,131130,“‹“s,a’J‹ζ,L”φ‚Q’–Ϊ,2018-03-07,21,‚SK‚ΔΘγ‹¤“―Z‘ξ,{ω‚µ‚½,‚Θ‚µ
ή“,Τγ‚Λ‚η‚Ά,a’J,”ό’|π”Τ,131130,“‹“s,a’J‹ζ,_‹{‘O‚T’–Ϊ,2018-09-28,07,’“Τi—Φjκ,{ω‚µ‚½,‚Θ‚µ
ή“,Τγ‚Λ‚η‚Ά,Vh,‘ε‹v•Ϋπ”Τ,131041,“‹“s,Vh‹ζ,‘ε‹v•Ϋ‚P’–Ϊ,2018-03-29,01,’“Τi—Φjκ,{ω‚µ‚½,‚Θ‚µ
ή“,Τγ‚Λ‚η‚Ά,Vh,‘ε‹v•Ϋπ”Τ,131041,“‹“s,Vh‹ζ,‘ε‹v•Ϋ‚Q’–Ϊ,2018-06-20,02,’“Τi—Φjκ,{ω‚µ‚½,‚Θ‚µ
ή“,Τγ‚Λ‚η‚Ά,Vh,‘ε‹v•Ϋπ”Τ,131041,“‹“s,Vh‹ζ,‘ε‹v•Ϋ‚Q’–Ϊ,2018-09-28,14,’“Τi—Φjκ,{ω‚µ‚½,‚ ‚θ
ή“,Τγ‚Λ‚η‚Ά,Vh,VhZ’–Ϊπ”Τ,131041,“‹“s,Vh‹ζ,Vh‚V’–Ϊ,2018-02-17,06,’“Τi—Φjκ,{ω‚µ‚½,‚Θ‚µ
ή“,Τγ‚Λ‚η‚Ά,l’J,M”Z’¬π”Τ,131041,“‹“s,Vh‹ζ,¶–ε’¬,2018-08-13,09,’“Τi—Φjκ,{ω‚µ‚½,‚ ‚θ
ή“,Τγ‚Λ‚η‚Ά,l’J,Vhl’–Ϊπ”Τ,131041,“‹“s,Vh‹ζ,“ΰ“΅’¬,2017-11-10,00,‚SK‚ΔΘγ‹¤“―Z‘ξ,{ω‚µ‚½,‚Θ‚µ
ή“,Τγ‚Λ‚η‚Ά,’†–μ,“’†–μ‰w‘Oπ”Τ,131148,“‹“s,’†–μ‹ζ,“’†–μ‚S’–Ϊ,2018-02-16,18,’“Τi—Φjκ,{ω‚µ‚½,‚Θ‚µ
ή“,Τγ‚Λ‚η‚Ά,–μ•ϋ,λ‹{Z’–Ϊπ”Τ,131148,“‹“s,’†–μ‹ζ,λ‹{‚T’–Ϊ,2018-05-28,22,’“Τi—Φjκ,{ω‚µ‚½,‚Θ‚µ
ή“,Τγ‚Λ‚η‚Ά,™•ΐ,‚‰~›“μl’–Ϊπ”Τ,131156,“‹“s,™•ΐ‹ζ,‚‰~›“μ‚S’–Ϊ,2018-01-04,19,’“Τi—Φjκ,{ω‚µ‚½,‚ ‚θ
ή“,Τγ‚Λ‚η‚Ά,‚δΛ,‚δΛΌπ”Τ,131156,“‹“s,™•ΐ‹ζ,‚δΛΌ‚P’–Ϊ,2018-06-12,18,‚»‚Μ‘Ό‚ΜZ‘ξi‚RK‚ΔΘ‰Ί‹¤“―Z‘ξ“™j,{ω‚µ‚½,‚Θ‚µ
ή“,Τγ‚Λ‚η‚Ά,‚δΛ,‚δΛΌπ”Τ,131156,“‹“s,™•ΐ‹ζ,‚δΛΌ‚P’–Ϊ,2018-11-18,10,’“Τi—Φjκ,{ω‚µ‚½,‚ ‚θ
ή“,Τγ‚Λ‚η‚Ά,‰¬E,Ό‰¬Eπ”Τ,131156,“‹“s,™•ΐ‹ζ,Ό‰¬–k‚R’–Ϊ,2018-01-10,14,’“Τi—Φjκ,{ω‚µ‚½,‚ ‚θ
ή“,Τγ‚Λ‚η‚Ά,‰¬E,‰¬E‰w“μϋπ”Τ,131156,“‹“s,™•ΐ‹ζ,‰¬E‚R’–Ϊ,2018-06-13,00,’“Τi—Φjκ,{ω‚µ‚½,‚Θ‚µ
ή“,Τγ‚Λ‚η‚Ά,‰¬E,_–Ύ’“έ,131156,“‹“s,™•ΐ‹ζ,“μ‰¬E‚R’–Ϊ,2018-11-25,11,’“Τi—Φjκ,{ω‚µ‚½,‚Θ‚µ
ή“,Τγ‚Λ‚η‚Ά,–{•xm,“V_’¬π”Τ,131059,“‹“s,•¶‹‹ζ,“’“‡‚R’–Ϊ,2018-04-17,09,’“Τi—Φjκ,{ω‚µ‚½,‚ ‚θ
ή“,Τγ‚Λ‚η‚Ά,‹ξ,,,,,,2018-01-01,00,“ΉHγ,{ω‚µ‚½,‚Θ‚µ
ή“,Τγ‚Λ‚η‚Ά,Τ‰H,Τ‰H–kπ”Τ,131172,“‹“s,–k‹ζ,Τ‰H–k‚R’–Ϊ,2018-03-24,19,‚SK‚ΔΘγ‹¤“―Z‘ξ,{ω‚µ‚½,‚Θ‚µ
ή“,Τγ‚Λ‚η‚Ά,Τ‰H,•‚Τπ”Τ,131172,“‹“s,–k‹ζ,•‚Τ‚Q’–Ϊ,2018-08-29,20,’“Τi—Φjκ,{ω‚µ‚½,‚ ‚θ
ή“,Τγ‚Λ‚η‚Ά,”Β‹΄,•½”φπ”Τ,131199,“‹“s,”Β‹΄‹ζ,”Β‹΄‚R’–Ϊ,2018-02-03,16,’“Τi—Φjκ,{ω‚µ‚½,‚Θ‚µ
ή“,Τγ‚Λ‚η‚Ά,—ϋ”n,•Xμ_Π‘Oπ”Τ,131202,“‹“s,—ϋ”n‹ζ,–L‹Κ’†‚Q’–Ϊ,2017-12-27,12,‚»‚Μ‘Ό,{ω‚µ‚½,‚Θ‚µ
ή“,Τγ‚Λ‚η‚Ά,Ξ_δ,Ξ_δφ‰€‰w‘Oπ”Τ,131202,“‹“s,—ϋ”n‹ζ,Ξ_δ’¬‚T’–Ϊ,2018-05-28,21,’“Τi—Φjκ,{ω‚µ‚½,‚Θ‚µ
ή“,Τγ‚Λ‚η‚Ά,Ξ_δ,Ό‘εςπ”Τ,131202,“‹“s,—ϋ”n‹ζ,Ό‘ες‚S’–Ϊ,2018-02-02,14,κΛZ‘ξ,{ω‚µ‚½,‚ ‚θ
ή“,Τγ‚Λ‚η‚Ά,Ξ_δ,Ό‘εςπ”Τ,131202,“‹“s,—ϋ”n‹ζ,Ό‘ες‚S’–Ϊ,2018-06-02,23,’“Τi—Φjκ,{ω‚µ‚½,‚Θ‚µ
ή“,Τγ‚Λ‚η‚Ά,Ξ_δ,Ξ_δ“μ’“έ,131202,“‹“s,—ϋ”n‹ζ,‰ΊΞ_δ‚Q’–Ϊ,2018-05-28,18,’“Τi—Φjκ,{ω‚µ‚½,‚Θ‚µ
ή“,Τγ‚Λ‚η‚Ά,‚“‡•½,‚“‡•½‰w‘Oπ”Τ,131199,“‹“s,”Β‹΄‹ζ,‚“‡•½‚Q’–Ϊ,2018-06-10,12,’“Τi—Φjκ,{ω‚µ‚½,‚Θ‚µ
ή“,Τγ‚Λ‚η‚Ά,‚“‡•½,‚“‡•½‰w‘Oπ”Τ,131199,“‹“s,”Β‹΄‹ζ,‚“‡•½‚V’–Ϊ,2018-05-04,18,’“Τi—Φjκ,{ω‚µ‚½,‚Θ‚µ
ή“,Τγ‚Λ‚η‚Ά,‚“‡•½,‚“‡•½‰w‘Oπ”Τ,131199,“‹“s,”Β‹΄‹ζ,‚“‡•½‚W’–Ϊ,2018-07-06,18,’“Τi—Φjκ,{ω‚µ‚½,‚Θ‚µ
ή“,Τγ‚Λ‚η‚Ά,‚“‡•½,‚“‡•½‰w‘Oπ”Τ,131199,“‹“s,”Β‹΄‹ζ,‚“‡•½‚X’–Ϊ,2018-05-04,19,’“Τi—Φjκ,{ω‚µ‚½,‚Θ‚µ
ή“,Τγ‚Λ‚η‚Ά,‚“‡•½,ω–Ϊ‹΄π”Τ,131199,“‹“s,”Β‹΄‹ζ,‚“‡•½‚V’–Ϊ,2018-04-28,18,’“Τi—Φjκ,{ω‚µ‚½,‚Θ‚µ
ή“,Τγ‚Λ‚η‚Ά,‚“‡•½,ω–Ϊ‹΄π”Τ,131199,“‹“s,”Β‹΄‹ζ,‚“‡•½‚V’–Ϊ,2018-05-04,15,’“Τi—Φjκ,{ω‚µ‚½,‚Θ‚µ
ή“,Τγ‚Λ‚η‚Ά,‚“‡•½,‰ΊΤ’Λπ”Τ,131199,“‹“s,”Β‹΄‹ζ,Τ’ΛV’¬‚Q’–Ϊ,2018-05-01,21,‚»‚Μ‘Ό,{ω‚µ‚½,‚Θ‚µ
ή“,Τγ‚Λ‚η‚Ά,υ‚ª‹u,“c•Ώπ”Τ,131202,“‹“s,—ϋ”n‹ζ,“c•Ώ‚S’–Ϊ,2018-05-21,09,’“Τi—Φjκ,{ω‚µ‚½,‚ ‚θ
ή“,Τγ‚Λ‚η‚Ά,υ‚ª‹u,υ‚ª‹uO’–Ϊπ”Τ,131202,“‹“s,—ϋ”n‹ζ,‚Ό‚S’–Ϊ,2018-02-16,17,’“Τi—Φjκ,{ω‚µ‚½,‚Θ‚µ
ή“,Τγ‚Λ‚η‚Ά,υ‚ª‹u,υ‚ª‹uO’–Ϊπ”Τ,131202,“‹“s,—ϋ”n‹ζ,‚Ό‚S’–Ϊ,2018-02-16,19,’“Τi—Φjκ,{ω‚µ‚½,‚Θ‚µ
ή“,Τγ‚Λ‚η‚Ά,υ‚ª‹u,’J΄π”Τ,131202,“‹“s,—ϋ”n‹ζ,‚–μ‘δ‚S’–Ϊ,2018-03-19,19,κΛZ‘ξ,{ω‚µ‚½,‚Θ‚µ
ή“,Τγ‚Λ‚η‚Ά,υ‚ª‹u,“yx“cπ”Τ,131202,“‹“s,—ϋ”n‹ζ,‚Ό‚U’–Ϊ,2018-02-16,22,’“Τi—Φjκ,{ω‚µ‚½,‚Θ‚µ
ή“,Τγ‚Λ‚η‚Ά,υ‚ª‹u,“yx“cπ”Τ,131202,“‹“s,—ϋ”n‹ζ,‚Ό‚U’–Ϊ,2018-03-01,19,’“Τi—Φjκ,{ω‚µ‚½,‚Θ‚µ
ή“,Τγ‚Λ‚η‚Ά,υ‚ª‹u,“yx“cπ”Τ,131202,“‹“s,—ϋ”n‹ζ,“yx“c‚S’–Ϊ,2018-02-08,16,’“Τi—Φjκ,{ω‚µ‚½,‚Θ‚µ
ή“,Τγ‚Λ‚η‚Ά,υ‚ª‹u,O΄‘δπ”Τ,131202,“‹“s,—ϋ”n‹ζ,“yx“c‚R’–Ϊ,2018-10-08,14,’“Τi—Φjκ,{ω‚µ‚½,‚Θ‚µ
ή“,Τγ‚Λ‚η‚Ά,γ–μ,δ“k’¬π”Τ,131067,“‹“s,‘δ“‹ζ,‘δ“‚S’–Ϊ,2018-06-09,08,’“Τi—Φjκ,{ω‚µ‚½,‚ ‚θ
ή“,Τγ‚Λ‚η‚Ά,‰Ί’J,Oƒm—Φπ”Τ,131067,“‹“s,‘δ“‹ζ,‰Ί’J‚R’–Ϊ,2018-03-07,13,’“Τi—Φjκ,{ω‚µ‚½,‚Θ‚µ
ή“,Τγ‚Λ‚η‚Ά,‰Ί’J,“ό’JΌπ”Τ,131067,“‹“s,‘δ“‹ζ,‰Ί’J‚P’–Ϊ,2018-04-02,16,’“Τi—Φjκ,{ω‚µ‚½,‚Θ‚µ
ή“,Τγ‚Λ‚η‚Ά,‘ ‘O,¬“‡“ρ’–Ϊπ”Τ,131067,“‹“s,‘δ“‹ζ,¬“‡‚Q’–Ϊ,2018-03-08,12,’“Τi—Φjκ,{ω‚µ‚½,‚Θ‚µ
ή“,Τγ‚Λ‚η‚Ά,‘ ‘O,¬“‡“ρ’–Ϊπ”Τ,131067,“‹“s,‘δ“‹ζ,’Ή‰z‚P’–Ϊ,2018-04-02,18,’“Τi—Φjκ,{ω‚µ‚½,‚ ‚θ
ή“,Τγ‚Λ‚η‚Ά,‘ ‘O,‘ ‘O“ρ’–Ϊπ”Τ,131067,“‹“s,‘δ“‹ζ,‘ ‘O‚S’–Ϊ,2018-03-01,13,’“Τi—Φjκ,{ω‚µ‚½,‚ ‚θ
ή“,Τγ‚Λ‚η‚Ά,‘ ‘O,{‰κ‹΄π”Τ,131067,“‹“s,‘δ“‹ζ,–φ‹΄‚Q’–Ϊ,2018-06-14,18,‚SK‚ΔΘγ‹¤“―Z‘ξ,{ω‚µ‚½,‚Θ‚µ
ή“,Τγ‚Λ‚η‚Ά,”φ‹v,Τ“yπ”Τ,131181,“‹“s,rμ‹ζ,“”φ‹v‚U’–Ϊ,2018-08-06,11,’“Τi—Φjκ,{ω‚µ‚½,‚ ‚θ
ή“,Τγ‚Λ‚η‚Ά,rμ,“ϊ•ι—Ά‰w‘Oπ”Τ,131181,“‹“s,rμ‹ζ,““ϊ•ι—Ά‚U’–Ϊ,2018-08-10,17,’“Τi—Φjκ,{ω‚µ‚½,‚Θ‚µ
ή“,Τγ‚Λ‚η‚Ά,ΌVδ,‘εt‘Oπ”Τ,131211,“‹“s,‘«—§‹ζ,I΄‚R’–Ϊ,2018-04-14,19,‚SK‚ΔΘγ‹¤“―Z‘ξ,{ω‚µ‚½,‚Θ‚µ
ή“,Τγ‚Λ‚η‚Ά,ΌVδ,]–kπ”Τ,131211,“‹“s,‘«—§‹ζ,]–k‚Q’–Ϊ,2018-08-18,14,κΛZ‘ξ,{ω‚µ‚½,‚ ‚θ
ή“,Τγ‚Λ‚η‚Ά,ΌVδ,]–kπ”Τ,131211,“‹“s,‘«—§‹ζ,]–k‚S’–Ϊ,2018-01-02,14,‚SK‚ΔΘγ‹¤“―Z‘ξ,{ω‚µ‚½,‚Θ‚µ
ή“,Τγ‚Λ‚η‚Ά,ΌVδ,“‡ªπ”Τ,131211,“‹“s,‘«—§‹ζ,”~“‡‚R’–Ϊ,2018-05-09,18,‚»‚Μ‘Ό‚ΜZ‘ξi‚RK‚ΔΘ‰Ί‹¤“―Z‘ξ“™j,{ω‚µ‚½,‚Θ‚µ
ή“,Τγ‚Λ‚η‚Ά,ΌVδ,ξπ”Τ,131211,“‹“s,‘«—§‹ζ,ξ‚P’–Ϊ,2018-05-17,18,‚»‚Μ‘Ό,{ω‚µ‚½,‚Θ‚µ
ή“,Τγ‚Λ‚η‚Ά,»£,O“Ήπ”Τ,131211,“‹“s,‘«—§‹ζ,Βδ‚S’–Ϊ,2018-01-23,17,’“Τi—Φjκ,{ω‚µ‚½,‚Θ‚µ
ή“,Τγ‚Λ‚η‚Ά,»£,O“Ήπ”Τ,131211,“‹“s,‘«—§‹ζ,Βδ‚S’–Ϊ,2018-12-10,10,’“Τi—Φjκ,{ω‚µ‚½,‚ ‚θ
ή“,Τγ‚Λ‚η‚Ά,»£,_–Ύπ”Τ,131211,“‹“s,‘«—§‹ζ,_–Ύ‚R’–Ϊ,2018-04-16,00,’“Τi—Φjκ,{ω‚µ‚½,‚Θ‚µ
ή“,Τγ‚Λ‚η‚Ά,»£,_–Ύπ”Τ,131211,“‹“s,‘«—§‹ζ,_–Ύ‚R’–Ϊ,2018-04-23,17,’“Τi—Φjκ,{ω‚µ‚½,‚Θ‚µ
ή“,Τγ‚Λ‚η‚Ά,»£,_–Ύπ”Τ,131211,“‹“s,‘«—§‹ζ,_–Ύ“μ‚P’–Ϊ,2018-09-04,20,‚SK‚ΔΘγ‹¤“―Z‘ξ,{ω‚µ‚½,‚Θ‚µ
ή“,Τγ‚Λ‚η‚Ά,»£,_–Ύπ”Τ,131211,“‹“s,‘«—§‹ζ,_–Ύ“μ‚Q’–Ϊ,2018-06-11,18,’“Τi—Φjκ,{ω‚µ‚½,‚Θ‚µ
ή“,Τγ‚Λ‚η‚Ά,»£,_–Ύπ”Τ,131211,“‹“s,‘«—§‹ζ,Z–Ψ‚P’–Ϊ,2018-11-02,00,’“Τi—Φjκ,{ω‚µ‚½,‚Θ‚µ
ή“,Τγ‚Λ‚η‚Ά,’|‚Μ’Λ,‰Τ”¨π”Τ,131211,“‹“s,‘«—§‹ζ,“μ‰Τ”¨‚R’–Ϊ,2017-12-03,07,“ΉHγ,{ω‚µ‚½,‚Θ‚µ
ή“,Τγ‚Λ‚η‚Ά,’|‚Μ’Λ,•Ϋ–ΨΤπ”Τ,131211,“‹“s,‘«—§‹ζ,•Ϋ–ΨΤ‚P’–Ϊ,2018-01-24,20,’“Τi—Φjκ,{ω‚µ‚½,‚Θ‚µ
ή“,Τγ‚Λ‚η‚Ά,’|‚Μ’Λ,Ό•Ϋ–ΨΤπ”Τ,131211,“‹“s,‘«—§‹ζ,Ό•Ϋ–ΨΤ‚P’–Ϊ,2018-04-21,17,’“Τi—Φjκ,{ω‚µ‚½,‚ ‚θ
ή“,Τγ‚Λ‚η‚Ά,’|‚Μ’Λ,©ΐ‘γe…φ‰€‰w‘Oπ”Τ,131211,“‹“s,‘«—§‹ζ,Ιl‚T’–Ϊ,2018-06-14,20,‚»‚Μ‘Ό‚ΜZ‘ξi‚RK‚ΔΘ‰Ί‹¤“―Z‘ξ“™j,{ω‚µ‚½,‚Θ‚µ
ή“,Τγ‚Λ‚η‚Ά,ι“,‹TΛ‰w‘Oπ”Τ,131083,“‹“s,]“‹ζ,‹TΛ‚Q’–Ϊ,2018-04-16,15,’“Τi—Φjκ,{ω‚µ‚½,‚Θ‚µ
ή“,Τγ‚Λ‚η‚Ά,–{,—Ό‘π”Τ,131075,“‹“s,–n“c‹ζ,—Ό‘‚P’–Ϊ,2018-05-12,11,’“Τi—Φjκ,{ω‚µ‚½,‚Θ‚µ
ή“,Τγ‚Λ‚η‚Ά,–{,‹eμ“ρ’–Ϊπ”Τ,131075,“‹“s,–n“c‹ζ,]“‹΄‚T’–Ϊ,2018-01-31,00,‚SK‚ΔΘγ‹¤“―Z‘ξ,{ω‚µ‚½,‚Θ‚µ
ή“,Τγ‚Λ‚η‚Ά,–{,]“‹΄π”Τ,131075,“‹“s,–n“c‹ζ,‹T‘ς‚Q’–Ϊ,2018-04-23,13,’“Τi—Φjκ,{ω‚µ‚½,‚ ‚θ
ή“,Τγ‚Λ‚η‚Ά,–{,]“‹΄π”Τ,131075,“‹“s,–n“c‹ζ,]“‹΄‚P’–Ϊ,2018-04-08,03,“ΉHγ,{ω‚µ‚½,‚ ‚θ
ή“,Τγ‚Λ‚η‚Ά,–{,‹Ρ…’¬‰w–kϋπ”Τ,131075,“‹“s,–n“c‹ζ,‹Ρ…‚P’–Ϊ,2018-04-07,19,’“Τi—Φjκ,{ω‚µ‚½,‚Θ‚µ
ή“,Τγ‚Λ‚η‚Ά,–{,‹Ρ…’¬‰w–kϋπ”Τ,131075,“‹“s,–n“c‹ζ,‹Ρ…‚R’–Ϊ,2018-04-07,21,’“Τi—Φjκ,{ω‚µ‚½,‚Θ‚µ
ή“,Τγ‚Λ‚η‚Ά,–{,‹Ρ…’¬‰w–kϋπ”Τ,131075,“‹“s,–n“c‹ζ,‘Ύ•½‚P’–Ϊ,2018-04-08,00,‚SK‚ΔΘγ‹¤“―Z‘ξ,{ω‚µ‚½,‚Θ‚µ
ή“,Τγ‚Λ‚η‚Ά,–{,‰΅μπ”Τ,131075,“‹“s,–n“c‹ζ,‘Ύ•½‚Q’–Ϊ,2018-04-08,01,’“Τi—Φjκ,{ω‚µ‚½,‚Θ‚µ
ή“,Τγ‚Λ‚η‚Ά,–{,ό“‡π”Τ,131075,“‹“s,–n“c‹ζ,ό“‡‚R’–Ϊ,2018-03-09,13,’“Τi—Φjκ,{ω‚µ‚½,‚Θ‚µ
ή“,Τγ‚Λ‚η‚Ά,–{,Ύ–βπ”Τ,131075,“‹“s,–n“c‹ζ,ό“‡‚P’–Ϊ,2018-03-09,13,’“Τi—Φjκ,{ω‚µ‚½,‚Θ‚µ
ή“,Τγ‚Λ‚η‚Ά,ό“‡,”’ιΆ‹΄π”Τ,131075,“‹“s,–n“c‹ζ,“ό“‡‚P’–Ϊ,2018-02-07,22,κΛZ‘ξ,{ω‚µ‚½,‚Θ‚µ
ή“,Τγ‚Λ‚η‚Ά,‹T—L,‹T“c‹΄’“έ,131229,“‹“s,‹ό‹ζ,‚»‚V’–Ϊ,2018-01-24,10,’“Τi—Φjκ,{ω‚µ‚½,‚Θ‚µ
ή“,Τγ‚Λ‚η‚Ά,‹T—L,‹T“c‹΄’“έ,131229,“‹“s,‹ό‹ζ,‚»‚V’–Ϊ,2018-01-25,19,’“Τi—Φjκ,{ω‚µ‚½,‚Θ‚µ
ή“,Τγ‚Λ‚η‚Ά,‹T—L,“‹ΰ’¬π”Τ,131229,“‹“s,‹ό‹ζ,“‹ΰ’¬‚S’–Ϊ,2018-02-14,21,κΛZ‘ξ,{ω‚µ‚½,‚Θ‚µ
ή“,Τγ‚Λ‚η‚Ά,‹T—L,…³φ‰€‘Oπ”Τ,131229,“‹“s,‹ό‹ζ,“…³‚Q’–Ϊ,2018-08-04,04,’“Τi—Φjκ,{ω‚µ‚½,‚Θ‚µ
ή“,Τγ‚Λ‚η‚Ά,‹T—L,Ό…³’“έ,131229,“‹“s,‹ό‹ζ,Ό…³‚R’–Ϊ,2018-09-23,15,’“Τi—Φjκ,{ω‚µ‚½,‚Θ‚µ
ή“,Τγ‚Λ‚η‚Ά,‹T—L,‹O‹΄π”Τ,131229,“‹“s,‹ό‹ζ,“…³‚T’–Ϊ,2018-01-24,19,’“Τi—Φjκ,{ω‚µ‚½,‚Θ‚µ
ή“,Τγ‚Λ‚η‚Ά,‹T—L,‹O‹΄π”Τ,131229,“‹“s,‹ό‹ζ,…³‚S’–Ϊ,2018-01-24,16,’“Τi—Φjκ,{ω‚µ‚½,‚Θ‚µ
ή“,Τγ‚Λ‚η‚Ά,‹T—L,‹O‹΄π”Τ,131229,“‹“s,‹ό‹ζ,…³‚S’–Ϊ,2018-01-24,18,’“Τi—Φjκ,{ω‚µ‚½,‚Θ‚µ
ή“,Τγ‚Λ‚η‚Ά,‹T—L,‹O‹΄π”Τ,131229,“‹“s,‹ό‹ζ,…³‚S’–Ϊ,2018-01-24,19,’“Τi—Φjκ,{ω‚µ‚½,‚Θ‚µ
ή“,Τγ‚Λ‚η‚Ά,‹ό,•½a‹΄π”Τ,131229,“‹“s,‹ό‹ζ,“—§Ξ‚Q’–Ϊ,2018-11-14,22,’“Τi—Φjκ,{ω‚µ‚½,‚ ‚θ
ή“,Τγ‚Λ‚η‚Ά,‹ό,lƒc–Ψ‰w‘Oπ”Τ,131229,“‹“s,‹ό‹ζ,“l‚Β–Ψ‚S’–Ϊ,2018-03-15,17,’“Τi—Φjκ,{ω‚µ‚½,‚Θ‚µ
ή“,Τγ‚Λ‚η‚Ά,¬Όμ,¬Όμl’–Ϊπ”Τ,131237,“‹“s,]Λμ‹ζ,•½δ‚P’–Ϊ,2018-05-18,11,’“Τi—Φjκ,{ω‚µ‚½,‚ ‚θ
ή“,Τγ‚Λ‚η‚Ά,¬Όμ,”ª‘ ‹΄π”Τ,131237,“‹“s,]Λμ‹ζ,Όκ”V]‚Q’–Ϊ,2018-06-05,18,‚»‚Μ‘Ό,{ω‚µ‚½,‚ ‚θ
ή“,Τγ‚Λ‚η‚Ά,¬Όμ,”ª‘ ‹΄π”Τ,131237,“‹“s,]Λμ‹ζ,Ό“‡‚P’–Ϊ,2018-03-16,17,’“Τi—Φjκ,{ω‚µ‚½,‚Θ‚µ
ή“,Τγ‚Λ‚η‚Ά,¬Όμ,‹—t’Κπ”Τ,131237,“‹“s,]Λμ‹ζ,‘ε™‚Q’–Ϊ,2018-09-01,18,’“Τi—Φjκ,{ω‚µ‚½,‚Θ‚µ
ή“,Τγ‚Λ‚η‚Ά,¬Όμ,Ό]π”Τ,131237,“‹“s,]Λμ‹ζ,Ό]‚P’–Ϊ,2018-06-26,12,’“Τi—Φjκ,{ω‚µ‚½,‚Θ‚µ
ή“,Τγ‚Λ‚η‚Ά,¬Όμ,Ό]π”Τ,131237,“‹“s,]Λμ‹ζ,Ό]‚S’–Ϊ,2018-10-14,21,’“Τi—Φjκ,{ω‚µ‚½,‚ ‚θ
ή“,Τγ‚Λ‚η‚Ά,¬Όμ,κ”V]π”Τ,131237,“‹“s,]Λμ‹ζ,κ”V]‚R’–Ϊ,2018-12-22,03,’“Τi—Φjκ,{ω‚µ‚½,‚Θ‚µ
ή“,Τγ‚Λ‚η‚Ά,¬Όμ,΅δπ”Τ,131237,“‹“s,]Λμ‹ζ,]Λμ‚S’–Ϊ,2018-09-14,16,κΛZ‘ξ,{ω‚µ‚½,‚ ‚θ
ή“,Τγ‚Λ‚η‚Ά,¬Όμ,΅δπ”Τ,131237,“‹“s,]Λμ‹ζ,Ό]‚S’–Ϊ,2018-02-05,15,’“Τi—Φjκ,{ω‚µ‚½,‚Θ‚µ
ή“,Τγ‚Λ‚η‚Ά,¬β,­π”Τ,131237,“‹“s,]Λμ‹ζ,γΒθ‚S’–Ϊ,2018-10-04,17,’“Τi—Φjκ,{ω‚µ‚½,‚Θ‚µ
ή“,Τγ‚Λ‚η‚Ά,‹Ό,‘D–x‰w‘Oπ”Τ,131237,“‹“s,]Λμ‹ζ,‘D–x‚V’–Ϊ,2018-08-21,15,’“Τi—Φjκ,{ω‚µ‚½,‚ ‚θ
ή“,Τγ‚Λ‚η‚Ά,‹Ό,“μ‹Όπ”Τ,131237,“‹“s,]Λμ‹ζ,“μ‹Ό‚R’–Ϊ,2018-04-21,23,“ΉHγ,{ω‚µ‚½,‚Θ‚µ
ή“,Τγ‚Λ‚η‚Ά,“μ‘ε‘ς,–k–μ‰w‘Oπ”Τ,132012,“‹“s,”ª‰¤qs,‘Ε‰z’¬,2018-06-10,19,‚»‚Μ‘Ό‚ΜZ‘ξi‚RK‚ΔΘ‰Ί‹¤“―Z‘ξ“™j,{ω‚µ‚½,‚ ‚θ
ή“,Τγ‚Λ‚η‚Ά,“μ‘ε‘ς,–k–μ‰w‘Oπ”Τ,132012,“‹“s,”ª‰¤qs,–k–μ’¬,2018-05-30,10,‚»‚Μ‘Ό,{ω‚µ‚½,‚ ‚θ
ή“,Τγ‚Λ‚η‚Ά,“μ‘ε‘ς,–k–μ‰w‘Oπ”Τ,132012,“‹“s,”ª‰¤qs,–k–μ’¬,2018-06-05,19,κΛZ‘ξ,{ω‚µ‚½,‚ ‚θ
ή“,Τγ‚Λ‚η‚Ά,“μ‘ε‘ς,–k–μ‰w‘Oπ”Τ,132012,“‹“s,”ª‰¤qs,–k–μ’¬,2018-09-02,13,’“Τi—Φjκ,{ω‚µ‚½,‚ ‚θ
ή“,Τγ‚Λ‚η‚Ά,“μ‘ε‘ς,–k–μ‰w‘Oπ”Τ,132012,“‹“s,”ª‰¤qs,–k–μ’¬,2018-12-14,01,’“Τi—Φjκ,{ω‚µ‚½,‚Θ‚µ
ή“,Τγ‚Λ‚η‚Ά,“μ‘ε‘ς,‚—δπ”Τ,132012,“‹“s,”ª‰¤qs,–k–μ‘δ‚T’–Ϊ,2018-03-29,01,κΛZ‘ξ,{ω‚µ‚½,‚ ‚θ
ή“,Τγ‚Λ‚η‚Ά,“μ‘ε‘ς,‚έ‚Θ‚έ–μπ”Τ,132012,“‹“s,”ª‰¤qs,•Π‘q’¬,2018-01-18,19,κΛZ‘ξ,{ω‚µ‚½,‚ ‚θ
ή“,Τγ‚Λ‚η‚Ά,“μ‘ε‘ς,‚έ‚Θ‚έ–μπ”Τ,132012,“‹“s,”ª‰¤qs,•Π‘q’¬,2018-09-19,19,κΛZ‘ξ,{ω‚µ‚½,‚ ‚θ
ή“,Τγ‚Λ‚η‚Ά,“μ‘ε‘ς,‚έ‚Θ‚έ–μπ”Τ,132012,“‹“s,”ª‰¤qs,Ό•Π‘q‚P’–Ϊ,2018-10-29,19,κΛZ‘ξ,{ω‚µ‚½,‚ ‚θ
ή“,Τγ‚Λ‚η‚Ά,“μ‘ε‘ς,‘΄‰w‘Oπ”Τ,132098,“‹“s,’¬“cs,‘΄’¬,2018-02-07,21,κΛZ‘ξ,{ω‚µ‚½,‚Θ‚µ
ή“,Τγ‚Λ‚η‚Ά,“μ‘ε‘ς,‘΄‰w‘Oπ”Τ,132098,“‹“s,’¬“cs,‘΄’¬,2018-05-15,09,κΛZ‘ξ,{ω‚µ‚½,‚ ‚θ
ή“,Τγ‚Λ‚η‚Ά,“μ‘ε‘ς,γ—M–Ψ’“έ,132012,“‹“s,”ª‰¤qs,γ—M–Ψ,2018-10-14,20,κΛZ‘ξ,{ω‚µ‚½,‚Θ‚µ
ή“,Τγ‚Λ‚η‚Ά,“μ‘ε‘ς,γ—M–Ψ’“έ,132012,“‹“s,”ª‰¤qs,γ—M–Ψ,2018-12-08,22,‚»‚Μ‘Ό‚ΜZ‘ξi‚RK‚ΔΘ‰Ί‹¤“―Z‘ξ“™j,{ω‚µ‚½,‚Θ‚µ
ή“,Τγ‚Λ‚η‚Ά,“μ‘ε‘ς,γ—M–Ψ’“έ,132012,“‹“s,”ª‰¤qs,–ψ…,2018-05-27,23,κΛZ‘ξ,{ω‚µ‚½,‚ ‚θ
ή“,Τγ‚Λ‚η‚Ά,“μ‘ε‘ς,γ—M–Ψ’“έ,132012,“‹“s,”ª‰¤qs,–ψ…‚Q’–Ϊ,2018-09-19,14,κΛZ‘ξ,{ω‚µ‚½,‚ ‚θ
ή“,Τγ‚Λ‚η‚Ά,“μ‘ε‘ς,γ—M–Ψ’“έ,132012,“‹“s,”ª‰¤qs,–ψ…‚Q’–Ϊ,2018-09-20,19,κΛZ‘ξ,{ω‚µ‚½,‚ ‚θ
ή“,Τγ‚Λ‚η‚Ά,“μ‘ε‘ς,γ—M–Ψ’“έ,132012,“‹“s,”ª‰¤qs,–ψ…‚Q’–Ϊ,2018-10-27,19,κΛZ‘ξ,{ω‚µ‚½,‚ ‚θ
ή“,Τγ‚Λ‚η‚Ά,“μ‘ε‘ς,¬”δι’“έ,132012,“‹“s,”ª‰¤qs,¬”δι’¬,2018-01-30,13,’“Τi—Φjκ,{ω‚µ‚½,‚ ‚θ
ή“,Τγ‚Λ‚η‚Ά,“μ‘ε‘ς,¬R’“έ,132098,“‹“s,’¬“cs,¬R’¬,2018-12-08,17,’“Τi—Φjκ,{ω‚µ‚½,‚Θ‚µ
ή“,Τγ‚Λ‚η‚Ά,“μ‘ε‘ς,‘΄’“έ,132098,“‹“s,’¬“cs,‘΄’¬,2018-12-29,15,’“Τi—Φjκ,{ω‚µ‚½,‚Θ‚µ
ή“,Τγ‚Λ‚η‚Ά,“μ‘ε‘ς,‘΄’“έ,132098,“‹“s,’¬“cs,¬R’¬,2018-12-26,01,κΛZ‘ξ,{ω‚µ‚½,‚ ‚θ
ή“,Τγ‚Λ‚η‚Ά,“μ‘ε‘ς,‘΄’“έ,132098,“‹“s,’¬“cs,¬Rƒ–‹u‚U’–Ϊ,2018-12-09,02,κΛZ‘ξ,{ω‚µ‚½,‚Θ‚µ
ή“,Τγ‚Λ‚η‚Ά,“μ‘ε‘ς,‘΄’“έ,132098,“‹“s,’¬“cs,¬Rƒ–‹u‚U’–Ϊ,2018-12-29,20,κΛZ‘ξ,{ω‚µ‚½,‚Θ‚µ
ή“,Τγ‚Λ‚η‚Ά,‚”φ,•ΐ–Ψ’¬π”Τ,132012,“‹“s,”ª‰¤qs,U“c’¬‚P’–Ϊ,2018-03-10,21,κΛZ‘ξ,{ω‚µ‚½,‚ ‚θ
ή“,Τγ‚Λ‚η‚Ά,‚”φ,•ΐ–Ψ’¬π”Τ,132012,“‹“s,”ª‰¤qs,U“c’¬‚Q’–Ϊ,2018-03-25,12,κΛZ‘ξ,{ω‚µ‚½,‚ ‚θ
ή“,Τγ‚Λ‚η‚Ά,‚”φ,•ΐ–Ψ’¬π”Τ,132012,“‹“s,”ª‰¤qs,U“c’¬‚Q’–Ϊ,2018-12-03,21,‚»‚Μ‘Ό‚ΜZ‘ξi‚RK‚ΔΘ‰Ί‹¤“―Z‘ξ“™j,{ω‚µ‚½,‚ ‚θ
ή“,Τγ‚Λ‚η‚Ά,‚”φ,•ΐ–Ψ’¬π”Τ,132012,“‹“s,”ª‰¤qs,U“c’¬‚T’–Ϊ,2018-05-13,16,κΛZ‘ξ,{ω‚µ‚½,‚ ‚θ
ή“,Τγ‚Λ‚η‚Ά,‚”φ,z–Kπ”Τ,132012,“‹“s,”ª‰¤qs,’J’¬,2018-05-31,02,κΛZ‘ξ,{ω‚µ‚½,‚Θ‚µ
ή“,Τγ‚Λ‚η‚Ά,‚”φ,z–Kπ”Τ,132012,“‹“s,”ª‰¤qs,’J’¬,2018-08-18,01,κΛZ‘ξ,{ω‚µ‚½,‚ ‚θ
ή“,Τγ‚Λ‚η‚Ά,‚”φ,z–Kπ”Τ,132012,“‹“s,”ª‰¤qs,’J’¬,2018-11-21,21,κΛZ‘ξ,{ω‚µ‚½,‚ ‚θ
ή“,Τγ‚Λ‚η‚Ά,‘½–€’†‰›,χƒP‹u‰w‘Oπ”Τ,132241,“‹“s,‘½–€s,ΦΛ‚P’–Ϊ,2018-10-27,22,‚»‚Μ‘Ό‚ΜZ‘ξi‚RK‚ΔΘ‰Ί‹¤“―Z‘ξ“™j,{ω‚µ‚½,‚ ‚θ
ή“,Τγ‚Λ‚η‚Ά,‘½–€’†‰›,Lζπ”Τ,132241,“‹“s,‘½–€s,Lζ‚R’–Ϊ,2018-10-06,18,’“Τi—Φjκ,{ω‚µ‚½,‚Θ‚µ
ή“,Τγ‚Λ‚η‚Ά,‘½–€’†‰›,Lζπ”Τ,132241,“‹“s,‘½–€s,Lζ‚R’–Ϊ,2018-10-12,16,‚SK‚ΔΘγ‹¤“―Z‘ξ,{ω‚µ‚½,‚Θ‚µ
ή“,Τγ‚Λ‚η‚Ά,‘½–€’†‰›,Lζπ”Τ,132241,“‹“s,‘½–€s,–LƒP‹u‚T’–Ϊ,2018-10-12,21,’“Τi—Φjκ,{ω‚µ‚½,‚Θ‚µ
ή“,Τγ‚Λ‚η‚Ά,‘½–€’†‰›,Lζπ”Τ,132241,“‹“s,‘½–€s,‰iR‚U’–Ϊ,2018-10-11,18,‚»‚Μ‘Ό,{ω‚µ‚½,‚Θ‚µ
ή“,Τγ‚Λ‚η‚Ά,‘½–€’†‰›,–ξ–μϋπ”Τ,132250,“‹“s,ξιs,–ξ–μϋ,2018-04-23,19,‚»‚Μ‘Ό‚ΜZ‘ξi‚RK‚ΔΘ‰Ί‹¤“―Z‘ξ“™j,{ω‚µ‚½,‚Θ‚µ
ή“,Τγ‚Λ‚η‚Ά,‘½–€’†‰›,—‡Z’–Ϊ’“έ,132241,“‹“s,‘½–€s,—‡‚U’–Ϊ,2018-10-12,17,’“Τi—Φjκ,{ω‚µ‚½,‚Θ‚µ
ή“,Τγ‚Λ‚η‚Ά,‘½–€’†‰›,Aυ›’“έ,132241,“‹“s,‘½–€s,Aυ›‚R’–Ϊ,2018-06-19,19,κΛZ‘ξ,{ω‚µ‚½,‚ ‚θ
ή“,Τγ‚Λ‚η‚Ά,‘½–€’†‰›,•S‘Ί’“έ,132250,“‹“s,ξιs,•S‘Ί,2018-10-26,19,‚»‚Μ‘Ό‚ΜZ‘ξi‚RK‚ΔΘ‰Ί‹¤“―Z‘ξ“™j,{ω‚µ‚½,‚ ‚θ
ή“,Τγ‚Λ‚η‚Ά,‘½–€’†‰›,•S‘Ί’“έ,132250,“‹“s,ξιs,•S‘Ί,2018-10-26,23,κΛZ‘ξ,{ω‚µ‚½,‚ ‚θ
ή“,Τγ‚Λ‚η‚Ά,‘½–€’†‰›,•S‘Ί’“έ,132250,“‹“s,ξιs,•S‘Ί,2018-11-01,21,’“Τi—Φjκ,{ω‚µ‚½,‚Θ‚µ
ή“,Τγ‚Λ‚η‚Ά,“‘εa,‚―‚β‚«’Κπ”Τ,132209,“‹“s,“‘εas,΄…‚U’–Ϊ,2018-07-03,19,’“Τi—Φjκ,{ω‚µ‚½,‚ ‚θ
ή“,Τγ‚Λ‚η‚Ά,“‘εa,“ή—Η‹΄π”Τ,132209,“‹“s,“‘εas,“ή—Η‹΄‚U’–Ϊ,2018-12-19,21,‚»‚Μ‘Ό‚ΜZ‘ξi‚RK‚ΔΘ‰Ί‹¤“―Z‘ξ“™j,{ω‚µ‚½,‚ ‚θ
ή“,Τγ‚Λ‚η‚Ά,“‘εa,‘ΊRπ”Τ,132233,“‹“s,•‘ ‘ΊRs,‘ε“μ‚Q’–Ϊ,2018-02-20,21,κΛZ‘ξ,{ω‚µ‚½,‚ ‚θ
ή“,Τγ‚Λ‚η‚Ά,“‘εa,‘ΊRπ”Τ,132233,“‹“s,•‘ ‘ΊRs,‘ε“μ‚Q’–Ϊ,2018-02-20,21,“ΉHγ,{ω‚µ‚½,‚Θ‚µ
ή“,Τγ‚Λ‚η‚Ά,“‘εa,’†“΅π”Τ,132233,“‹“s,•‘ ‘ΊRs,w‰€‚P’–Ϊ,2018-02-15,19,κΛZ‘ξ,{ω‚µ‚½,‚Θ‚µ
ή“,Τγ‚Λ‚η‚Ά,“‘εa,’†“΅π”Τ,132233,“‹“s,•‘ ‘ΊRs,w‰€‚P’–Ϊ,2018-09-15,01,κΛZ‘ξ,{ω‚µ‚½,‚Θ‚µ
ή“,Τγ‚Λ‚η‚Ά,“‘εa,’†“΅π”Τ,132233,“‹“s,•‘ ‘ΊRs,’†‰›‚Q’–Ϊ,2018-01-03,15,’“Τi—Φjκ,{ω‚µ‚½,‚Θ‚µ
ή“,Τγ‚Λ‚η‚Ά,“‘εa,Oƒc–Ψπ”Τ,132233,“‹“s,•‘ ‘ΊRs,έ‚P’–Ϊ,2018-09-11,21,‚»‚Μ‘Ό‚ΜZ‘ξi‚RK‚ΔΘ‰Ί‹¤“―Z‘ξ“™j,{ω‚µ‚½,‚ ‚θ
ή“,Τγ‚Λ‚η‚Ά,“‘εa,Oƒc–Ψπ”Τ,132233,“‹“s,•‘ ‘ΊRs,έ‚Q’–Ϊ,2018-05-30,21,κΛZ‘ξ,{ω‚µ‚½,‚ ‚θ
ή“,Τγ‚Λ‚η‚Ά,“‘εa,Oƒc–Ψπ”Τ,132233,“‹“s,•‘ ‘ΊRs,’†΄‚Q’–Ϊ,2018-06-11,22,‚»‚Μ‘Ό,{ω‚µ‚½,‚Θ‚µ
ή“,Τγ‚Λ‚η‚Ά,“‘εa,‚–Ψ’“έ,132209,“‹“s,“‘εas,΄…‚Q’–Ϊ,2018-07-21,19,“ΉHγ,{ω‚µ‚½,‚ ‚θ
ή“,Τγ‚Λ‚η‚Ά,“‘εa,‘ •~’“έ,132209,“‹“s,“‘εas,‘ •~‚Q’–Ϊ,2018-07-13,23,κΛZ‘ξ,{ω‚µ‚½,‚Θ‚µ
ή“,Τγ‚Λ‚η‚Ά,Β”~,“Β”~‰w‘Oπ”Τ,132055,“‹“s,Β”~s,“Β”~‚R’–Ϊ,2018-12-06,18,‚SK‚ΔΘγ‹¤“―Z‘ξ,{ω‚µ‚½,‚ ‚θ
ή“,Τγ‚Λ‚η‚Ά,Β”~,—F“c’“έ,132055,“‹“s,Β”~s,—F“c’¬‚R’–Ϊ,2017-11-18,07,’“Τi—Φjκ,{ω‚µ‚½,‚Θ‚µ
ή“,Τγ‚Λ‚η‚Ά,Β”~,΅›’“έ,132055,“‹“s,Β”~s,΅›‚S’–Ϊ,2018-09-24,00,κΛZ‘ξ,{ω‚µ‚½,‚ ‚θ
ή“,Τγ‚Λ‚η‚Ά,Β”~,΅›’“έ,132055,“‹“s,Β”~s,΅›‚T’–Ϊ,2018-10-13,22,‚»‚Μ‘Ό‚ΜZ‘ξi‚RK‚ΔΘ‰Ί‹¤“―Z‘ξ“™j,{ω‚µ‚½,‚ ‚θ
ή“,Τγ‚Λ‚η‚Ά,Β”~,V’¬π”Τ,132055,“‹“s,Β”~s,V’¬‚P’–Ϊ,2018-02-28,19,κΛZ‘ξ,{ω‚µ‚½,‚ ‚θ
ή“,Τγ‚Λ‚η‚Ά,Β”~,V’¬π”Τ,132055,“‹“s,Β”~s,V’¬‚Q’–Ϊ,2018-05-22,19,’“Τi—Φjκ,{ω‚µ‚½,‚ ‚θ
ή“,Τγ‚Λ‚η‚Ά,Β”~,V’¬π”Τ,132055,“‹“s,Β”~s,V’¬‚R’–Ϊ,2018-02-13,18,’“Τi—Φjκ,{ω‚µ‚½,‚Θ‚µ
ή“,Τγ‚Λ‚η‚Ά,Β”~,V’¬π”Τ,132055,“‹“s,Β”~s,V’¬‚R’–Ϊ,2018-04-16,17,’“Τi—Φjκ,{ω‚µ‚½,‚Θ‚µ
ή“,Τγ‚Λ‚η‚Ά,Β”~,V’¬π”Τ,132055,“‹“s,Β”~s,V’¬‚R’–Ϊ,2018-09-23,16,‚»‚Μ‘Ό‚ΜZ‘ξi‚RK‚ΔΘ‰Ί‹¤“―Z‘ξ“™j,{ω‚µ‚½,‚Θ‚µ
ή“,Τγ‚Λ‚η‚Ά,Β”~,V’¬π”Τ,132055,“‹“s,Β”~s,––L’¬‚Q’–Ϊ,2018-06-04,19,’“Τi—Φjκ,{ω‚µ‚½,‚Θ‚µ
ή“,Τγ‚Λ‚η‚Ά,Β”~,΅δ’“έ,132055,“‹“s,Β”~s,΅δ‚P’–Ϊ,2018-06-08,21,κΛZ‘ξ,{ω‚µ‚½,‚ ‚θ
ή“,Τγ‚Λ‚η‚Ά,Β”~,΅δ’“έ,132055,“‹“s,Β”~s,“΅‹΄‚Q’–Ϊ,2018-11-12,01,‚»‚Μ‘Ό‚ΜZ‘ξi‚RK‚ΔΘ‰Ί‹¤“―Z‘ξ“™j,{ω‚µ‚½,‚ ‚θ
ή“,Τγ‚Λ‚η‚Ά,Β”~,‰Ν•Σ‰w‘Oπ”Τ,132055,“‹“s,Β”~s,t‰ª’¬‚R’–Ϊ,2018-06-10,21,‚»‚Μ‘Ό‚ΜZ‘ξi‚RK‚ΔΘ‰Ί‹¤“―Z‘ξ“™j,{ω‚µ‚½,‚ ‚θ
ή“,Τγ‚Λ‚η‚Ά,•¶,•¶‰w‘Oπ”Τ,132187,“‹“s,•¶s,‰Α”ό•½‚P’–Ϊ,2018-06-02,20,‚»‚Μ‘Ό‚ΜZ‘ξi‚RK‚ΔΘ‰Ί‹¤“―Z‘ξ“™j,{ω‚µ‚½,‚ ‚θ
ή“,Τγ‚Λ‚η‚Ά,•¶,•¶‰w‘Oπ”Τ,132187,“‹“s,•¶s,‘εFμ,2018-06-04,19,‚»‚Μ‘Ό‚ΜZ‘ξi‚RK‚ΔΘ‰Ί‹¤“―Z‘ξ“™j,{ω‚µ‚½,‚Θ‚µ
ή“,Τγ‚Λ‚η‚Ά,•¶,‰΅“cπ”Τ,132187,“‹“s,•¶s,‘εFμ,2018-05-28,18,’“Τi—Φjκ,{ω‚µ‚½,‚Θ‚µ
ή“,Τγ‚Λ‚η‚Ά,•¶,‰΅“cπ”Τ,132187,“‹“s,•¶s,‘ε•¶,2018-01-21,20,κΛZ‘ξ,{ω‚µ‚½,‚ ‚θ
ή“,Τγ‚Λ‚η‚Ά,•¶,“μ“c‰€’“έ,132187,“‹“s,•¶s,“μ“c‰€‚Q’–Ϊ,2018-10-08,02,‚»‚Μ‘Ό‚ΜZ‘ξi‚RK‚ΔΘ‰Ί‹¤“―Z‘ξ“™j,{ω‚µ‚½,‚ ‚θ
ή“,Τγ‚Λ‚η‚Ά,•¶,’†•¶’“έ,132187,“‹“s,•¶s,–k“c‰€‚P’–Ϊ,2018-03-06,19,κΛZ‘ξ,{ω‚µ‚½,‚Θ‚µ
ή“,Τγ‚Λ‚η‚Ά,•¶,’†•¶’“έ,132187,“‹“s,•¶s,–k“c‰€‚Q’–Ϊ,2018-10-03,18,κΛZ‘ξ,{ω‚µ‚½,‚ ‚θ
ή“,Τγ‚Λ‚η‚Ά,•¶,’†•¶’“έ,132187,“‹“s,•¶s,–k“c‰€‚Q’–Ϊ,2018-10-03,22,’“Τi—Φjκ,{ω‚µ‚½,‚Θ‚µ
ή“,Τγ‚Λ‚η‚Ά,•¶,Ξ”¨γ’“έ,133035,“‹“s,•δ’¬,‘εΞ”¨,2018-10-02,03,‚»‚Μ‘Ό‚ΜZ‘ξi‚RK‚ΔΘ‰Ί‹¤“―Z‘ξ“™j,{ω‚µ‚½,‚ ‚θ
ή“,Τγ‚Λ‚η‚Ά,•¶,Ξ”¨’“έ,133035,“‹“s,•δ’¬,‘ε“aƒP’J,2018-05-30,20,κΛZ‘ξ,{ω‚µ‚½,‚ ‚θ
ή“,Τγ‚Λ‚η‚Ά,•¶,’·‰ª’“έ,133035,“‹“s,•δ’¬,’·‰ª‚P’–Ϊ,2018-05-24,15,’“Τi—Φjκ,{ω‚µ‚½,‚Θ‚µ
ή“,Τγ‚Λ‚η‚Ά,•¶,_–Ύ‘δπ”Τ,132276,“‹“s,‰H‘Ίs,‘o—t’¬‚Q’–Ϊ,2018-02-13,20,’“Τi—Φjκ,{ω‚µ‚½,‚Θ‚µ
ή“,Τγ‚Λ‚η‚Ά,•¶,_–Ύ‘δπ”Τ,132276,“‹“s,‰H‘Ίs,‘o—t’¬‚Q’–Ϊ,2018-02-13,21,’“Τi—Φjκ,{ω‚µ‚½,‚Θ‚µ
ή“,Τγ‚Λ‚η‚Ά,•¶,‰H‘Ί‰w‘Oπ”Τ,132276,“‹“s,‰H‘Ίs,—Ξƒ–‹u‚S’–Ϊ,2018-06-02,20,’“Τi—Φjκ,{ω‚µ‚½,‚Θ‚µ
ή“,Τγ‚Λ‚η‚Ά,•¶,“ρ‹{’“έ,132284,“‹“s,‚ ‚«‚ι–μs,‘‰Τ,2018-10-04,20,κΛZ‘ξ,{ω‚µ‚½,‚ ‚θ
ή“,Τγ‚Λ‚η‚Ά,•¶,–ϋ•½’“έ,132284,“‹“s,‚ ‚«‚ι–μs,‹ΐ,2018-09-28,16,’“Τi—Φjκ,{ω‚µ‚½,‚ ‚θ
ή“,Τγ‚Λ‚η‚Ά,•¶,–ϋ•½’“έ,132284,“‹“s,‚ ‚«‚ι–μs,‰Ί‘γp,2018-09-27,22,κΛZ‘ξ,{ω‚µ‚½,‚Θ‚µ
ή“,Τγ‚Λ‚η‚Ά,•¶,¬μ‰w‘Oπ”Τ,132276,“‹“s,‰H‘Ίs,‰h’¬‚Q’–Ϊ,2018-03-11,18,’“Τi—Φjκ,{ω‚µ‚½,‚ ‚θ
ή“,Τγ‚Λ‚η‚Ά,•¶,Hμ‰w‘Oπ”Τ,132284,“‹“s,‚ ‚«‚ι–μs,‰JΤ,2018-10-01,00,κΛZ‘ξ,{ω‚µ‚½,‚Θ‚µ
ή“,Τγ‚Λ‚η‚Ά,•¶,Hμ‰w‘Oπ”Τ,132284,“‹“s,‚ ‚«‚ι–μs,•½‘ςΌ‚P’–Ϊ,2018-10-04,22,κΛZ‘ξ,{ω‚µ‚½,‚ ‚θ
ή“,Τγ‚Λ‚η‚Ά,•¶,” ªƒ–θ‰w‘Oπ”Τ,133035,“‹“s,•δ’¬,“μ•½‚Q’–Ϊ,2018-05-29,21,‚»‚Μ‘Ό‚ΜZ‘ξi‚RK‚ΔΘ‰Ί‹¤“―Z‘ξ“™j,{ω‚µ‚½,‚ ‚θ
ή“,Τγ‚Λ‚η‚Ά,”ª‰¤q,Ό”ª‰¤q‰w‘Oπ”Τ,132012,“‹“s,”ª‰¤qs,‘δ’¬‚S’–Ϊ,2017-12-28,14,’“Τi—Φjκ,{ω‚µ‚½,‚ ‚θ
ή“,Τγ‚Λ‚η‚Ά,”ª‰¤q,’†–μπ”Τ,132012,“‹“s,”ª‰¤qs,’†–μγ’¬‚S’–Ϊ,2018-12-22,00,κΛZ‘ξ,{ω‚µ‚½,‚ ‚θ
ή“,Τγ‚Λ‚η‚Ά,”ª‰¤q,’†–μπ”Τ,132012,“‹“s,”ª‰¤qs,’†–μγ’¬‚T’–Ϊ,2018-11-10,19,κΛZ‘ξ,{ω‚µ‚½,‚Θ‚µ
ή“,Τγ‚Λ‚η‚Ά,”ª‰¤q,’†–μπ”Τ,132012,“‹“s,”ª‰¤qs,’†–μγ’¬‚T’–Ϊ,2018-11-10,21,κΛZ‘ξ,{ω‚µ‚½,‚ ‚θ
ή“,Τγ‚Λ‚η‚Ά,”ª‰¤q,’†–μπ”Τ,132012,“‹“s,”ª‰¤qs,’†–μγ’¬‚T’–Ϊ,2018-12-20,23,κΛZ‘ξ,{ω‚µ‚½,‚Θ‚µ
ή“,Τγ‚Λ‚η‚Ά,”ª‰¤q,‘εa“cπ”Τ,132012,“‹“s,”ª‰¤qs,‘εa“c’¬‚P’–Ϊ,2018-03-14,16,κΛZ‘ξ,{ω‚µ‚½,‚ ‚θ
ή“,Τγ‚Λ‚η‚Ά,”ª‰¤q,‘εa“cπ”Τ,132012,“‹“s,”ª‰¤qs,‘εa“c’¬‚P’–Ϊ,2018-12-22,20,’“Τi—Φjκ,{ω‚µ‚½,‚Θ‚µ
ή“,Τγ‚Λ‚η‚Ά,”ª‰¤q,‘εa“cπ”Τ,132012,“‹“s,”ª‰¤qs,‘εa“c’¬‚S’–Ϊ,2018-11-30,21,κΛZ‘ξ,{ω‚µ‚½,‚ ‚θ
ή“,Τγ‚Λ‚η‚Ά,”ª‰¤q,ξ‰Χβπ”Τ,132012,“‹“s,”ª‰¤qs,‹Ε’¬‚Q’–Ϊ,2018-01-05,19,’“Τi—Φjκ,{ω‚µ‚½,‚Θ‚µ
ή“,Τγ‚Λ‚η‚Ά,”ª‰¤q,ξ‰Χβπ”Τ,132012,“‹“s,”ª‰¤qs,‹Ε’¬‚Q’–Ϊ,2018-01-05,20,‚»‚Μ‘Ό‚ΜZ‘ξi‚RK‚ΔΘ‰Ί‹¤“―Z‘ξ“™j,{ω‚µ‚½,‚Θ‚µ
ή“,Τγ‚Λ‚η‚Ά,”ª‰¤q,¬‹{’¬’“έ,132012,“‹“s,”ª‰¤qs,Ξμ’¬,2018-04-17,16,κΛZ‘ξ,{ω‚µ‚½,‚ ‚θ
ή“,Τγ‚Λ‚η‚Ά,”ª‰¤q,¬‹{’¬’“έ,132012,“‹“s,”ª‰¤qs,Ξμ’¬,2018-04-17,19,κΛZ‘ξ,{ω‚µ‚½,‚ ‚θ
ή“,Τγ‚Λ‚η‚Ά,”ª‰¤q,¬‹{’¬’“έ,132012,“‹“s,”ª‰¤qs,Ξμ’¬,2018-05-06,00,“ΉHγ,{ω‚µ‚½,‚ ‚θ
ή“,Τγ‚Λ‚η‚Ά,”ª‰¤q,¬‹{’¬’“έ,132012,“‹“s,”ª‰¤qs,Ξμ’¬,2018-06-26,00,‚»‚Μ‘Ό‚ΜZ‘ξi‚RK‚ΔΘ‰Ί‹¤“―Z‘ξ“™j,{ω‚µ‚½,‚ ‚θ
ή“,Τγ‚Λ‚η‚Ά,”ª‰¤q,¬‹{’¬’“έ,132012,“‹“s,”ª‰¤qs,Ξμ’¬,2018-09-08,18,‚»‚Μ‘Ό‚ΜZ‘ξi‚RK‚ΔΘ‰Ί‹¤“―Z‘ξ“™j,{ω‚µ‚½,‚ ‚θ
ή“,Τγ‚Λ‚η‚Ά,”ª‰¤q,¬‹{’¬’“έ,132012,“‹“s,”ª‰¤qs,Ξμ’¬,2018-11-16,00,κΛZ‘ξ,{ω‚µ‚½,‚Θ‚µ
ή“,Τγ‚Λ‚η‚Ά,”ª‰¤q,¬‹{’¬’“έ,132012,“‹“s,”ª‰¤qs,¬‹{’¬,2018-05-21,23,‚»‚Μ‘Ό‚ΜZ‘ξi‚RK‚ΔΘ‰Ί‹¤“―Z‘ξ“™j,{ω‚µ‚½,‚ ‚θ
ή“,Τγ‚Λ‚η‚Ά,”ª‰¤q,¬‹{’¬’“έ,132012,“‹“s,”ª‰¤qs,¬‹{’¬,2018-11-10,23,κΛZ‘ξ,{ω‚µ‚½,‚ ‚θ
ή“,Τγ‚Λ‚η‚Ά,”ª‰¤q,¬‹{’¬’“έ,132012,“‹“s,”ª‰¤qs,¬‹{’¬,2018-12-01,23,κΛZ‘ξ,{ω‚µ‚½,‚ ‚θ
ή“,Τγ‚Λ‚η‚Ά,”ª‰¤q,¬‹{’¬’“έ,132012,“‹“s,”ª‰¤qs,¬‹{’¬,2018-12-19,00,’“Τi—Φjκ,{ω‚µ‚½,‚ ‚θ
ή“,Τγ‚Λ‚η‚Ά,”ª‰¤q,¬‹{’¬’“έ,132012,“‹“s,”ª‰¤qs,¬‹{’¬,2018-12-26,21,κΛZ‘ξ,{ω‚µ‚½,‚ ‚θ
ή“,Τγ‚Λ‚η‚Ά,”ª‰¤q,Ξμ’“έ,132012,“‹“s,”ª‰¤qs,Ξμ’¬,2018-03-20,07,κΛZ‘ξ,{ω‚µ‚½,‚ ‚θ
ή“,Τγ‚Λ‚η‚Ά,”ª‰¤q,Ξμ’“έ,132012,“‹“s,”ª‰¤qs,Ξμ’¬,2018-06-26,00,κΛZ‘ξ,{ω‚µ‚½,‚Θ‚µ
ή“,Τγ‚Λ‚η‚Ά,”ª‰¤q,Ξμ’“έ,132012,“‹“s,”ª‰¤qs,Ξμ’¬,2018-07-26,21,κΛZ‘ξ,{ω‚µ‚½,‚ ‚θ
ή“,Τγ‚Λ‚η‚Ά,”ª‰¤q,Ξμ’“έ,132012,“‹“s,”ª‰¤qs,Ξμ’¬,2018-09-27,22,κΛZ‘ξ,{ω‚µ‚½,‚ ‚θ
ή“,Τγ‚Λ‚η‚Ά,”ª‰¤q,Ξμ’“έ,132012,“‹“s,”ª‰¤qs,‰F’Γ–Ψ’¬,2018-01-04,16,’“Τi—Φjκ,{ω‚µ‚½,‚Θ‚µ
ή“,Τγ‚Λ‚η‚Ά,”ª‰¤q,Ξμ’“έ,132012,“‹“s,”ª‰¤qs,‰F’Γ–Ψ’¬,2018-01-05,15,’“Τi—Φjκ,{ω‚µ‚½,‚Θ‚µ
ή“,Τγ‚Λ‚η‚Ά,”ª‰¤q,Ξμ’“έ,132012,“‹“s,”ª‰¤qs,‘ε’J’¬,2018-04-06,20,κΛZ‘ξ,{ω‚µ‚½,‚ ‚θ
ή“,Τγ‚Λ‚η‚Ά,”ª‰¤q,Ά–Ϊπ”Τ,132012,“‹“s,”ª‰¤qs,Ά–Ϊ’¬,2018-08-11,19,‚»‚Μ‘Ό‚ΜZ‘ξi‚RK‚ΔΘ‰Ί‹¤“―Z‘ξ“™j,{ω‚µ‚½,‚ ‚θ
ή“,Τγ‚Λ‚η‚Ά,”ª‰¤q,Ά–Ϊπ”Τ,132012,“‹“s,”ª‰¤qs,“θ΄’¬,2018-02-26,20,‚»‚Μ‘Ό‚ΜZ‘ξi‚RK‚ΔΘ‰Ί‹¤“―Z‘ξ“™j,{ω‚µ‚½,‚Θ‚µ
ή“,Τγ‚Λ‚η‚Ά,”ª‰¤q,–k”ª‰¤qπ”Τ,132012,“‹“s,”ª‰¤qs,Ξμ’¬,2018-01-02,15,κΛZ‘ξ,{ω‚µ‚½,‚ ‚θ
ή“,Τγ‚Λ‚η‚Ά,”ª‰¤q,–k”ª‰¤qπ”Τ,132012,“‹“s,”ª‰¤qs,‘ε’J’¬,2018-05-03,16,κΛZ‘ξ,{ω‚µ‚½,‚ ‚θ
ή“,Τγ‚Λ‚η‚Ά,”ª‰¤q,–k”ª‰¤qπ”Τ,132012,“‹“s,”ª‰¤qs,•xm©’¬,2018-06-12,23,κΛZ‘ξ,{ω‚µ‚½,‚ ‚θ
ή“,Τγ‚Λ‚η‚Ά,”ª‰¤q,–k”ª‰¤qπ”Τ,132012,“‹“s,”ª‰¤qs,•xm©’¬,2018-07-05,22,κΛZ‘ξ,{ω‚µ‚½,‚ ‚θ
ή“,Τγ‚Λ‚η‚Ά,”ª‰¤q,‹v•ΫR’“έ,132012,“‹“s,”ª‰¤qs,‹v•ΫR’¬‚P’–Ϊ,2018-01-02,16,“ΉHγ,{ω‚µ‚½,‚ ‚θ
ή“,Τγ‚Λ‚η‚Ά,”ª‰¤q,‹v•ΫR’“έ,132012,“‹“s,”ª‰¤qs,‹v•ΫR’¬‚P’–Ϊ,2018-01-05,19,κΛZ‘ξ,{ω‚µ‚½,‚Θ‚µ
ή“,Τγ‚Λ‚η‚Ά,’¬“c,’†’¬π”Τ,132098,“‹“s,’¬“cs,’†’¬‚R’–Ϊ,2018-10-08,20,’“Τi—Φjκ,{ω‚µ‚½,‚Θ‚µ
ή“,Τγ‚Λ‚η‚Ά,’¬“c,’†’¬π”Τ,132098,“‹“s,’¬“cs,’†’¬‚R’–Ϊ,2018-10-25,21,’“Τi—Φjκ,{ω‚µ‚½,‚Θ‚µ
ή“,Τγ‚Λ‚η‚Ά,’¬“c,’†’¬π”Τ,132098,“‹“s,’¬“cs,X–μ‚T’–Ϊ,2018-09-10,20,‚»‚Μ‘Ό‚ΜZ‘ξi‚RK‚ΔΘ‰Ί‹¤“―Z‘ξ“™j,{ω‚µ‚½,‚Θ‚µ
ή“,Τγ‚Λ‚η‚Ά,’¬“c,’†’¬π”Τ,132098,“‹“s,’¬“cs,X–μ‚U’–Ϊ,2018-10-08,00,“ΉHγ,{ω‚µ‚½,‚ ‚θ
ή“,Τγ‚Λ‚η‚Ά,’¬“c,΄’¬“cπ”Τ,132098,“‹“s,’¬“cs,΄’¬“c‚S’–Ϊ,2018-10-29,14,’“Τi—Φjκ,{ω‚µ‚½,‚Θ‚µ
ή“,Τγ‚Λ‚η‚Ά,’¬“c,΄’¬“cπ”Τ,132098,“‹“s,’¬“cs,΄’¬“c‚T’–Ϊ,2018-09-10,19,’“Τi—Φjκ,{ω‚µ‚½,‚Θ‚µ
ή“,Τγ‚Λ‚η‚Ά,’¬“c,‹ΰXπ”Τ,132098,“‹“s,’¬“cs,‹ΰX‚R’–Ϊ,2018-10-08,00,κΛZ‘ξ,{ω‚µ‚½,‚Θ‚µ
ή“,Τγ‚Λ‚η‚Ά,’¬“c,‹ΰXπ”Τ,132098,“‹“s,’¬“cs,‹ΰX‚R’–Ϊ,2018-11-14,19,’“Τi—Φjκ,{ω‚µ‚½,‚Θ‚µ
ή“,Τγ‚Λ‚η‚Ά,’¬“c,‹ΰXπ”Τ,132098,“‹“s,’¬“cs,‹ΰX“‚S’–Ϊ,2018-01-29,19,‚»‚Μ‘Ό‚ΜZ‘ξi‚RK‚ΔΘ‰Ί‹¤“―Z‘ξ“™j,{ω‚µ‚½,‚Θ‚µ
ή“,Τγ‚Λ‚η‚Ά,’¬“c,’ίΤπ”Τ,132098,“‹“s,’¬“cs,‹ΰX‚S’–Ϊ,2018-11-12,08,’“Τi—Φjκ,{ω‚µ‚½,‚Θ‚µ
ή“,Τγ‚Λ‚η‚Ά,’¬“c,’ίΤπ”Τ,132098,“‹“s,’¬“cs,‹ΰX‚T’–Ϊ,2017-12-31,20,‚»‚Μ‘Ό‚ΜZ‘ξi‚RK‚ΔΘ‰Ί‹¤“―Z‘ξ“™j,{ω‚µ‚½,‚Θ‚µ
ή“,Τγ‚Λ‚η‚Ά,’¬“c,’ίΤπ”Τ,132098,“‹“s,’¬“cs,’ίΤ‚V’–Ϊ,2018-06-26,01,‚SK‚ΔΘγ‹¤“―Z‘ξ,{ω‚µ‚½,‚ ‚θ
ή“,Τγ‚Λ‚η‚Ά,’¬“c,’ίΤπ”Τ,132098,“‹“s,’¬“cs,’ίΤ‚V’–Ϊ,2018-12-08,16,’“Τi—Φjκ,{ω‚µ‚½,‚Θ‚µ
ή“,Τγ‚Λ‚η‚Ά,’¬“c,’ίΤπ”Τ,132098,“‹“s,’¬“cs,’ίΤ‚W’–Ϊ,2018-03-24,21,’“Τi—Φjκ,{ω‚µ‚½,‚Θ‚µ
ή“,Τγ‚Λ‚η‚Ά,’¬“c,¬£’“έ,132098,“‹“s,’¬“cs,¬£‚S’–Ϊ,2018-09-16,00,‚»‚Μ‘Ό‚ΜZ‘ξi‚RK‚ΔΘ‰Ί‹¤“―Z‘ξ“™j,{ω‚µ‚½,‚Θ‚µ
ή“,Τγ‚Λ‚η‚Ά,’¬“c,¬£’“έ,132098,“‹“s,’¬“cs,¬£‚T’–Ϊ,2018-07-20,23,κΛZ‘ξ,{ω‚µ‚½,‚ ‚θ
ή“,Τγ‚Λ‚η‚Ά,’¬“c,¬£’“έ,132098,“‹“s,’¬“cs,¬£‚U’–Ϊ,2018-09-05,05,’“Τi—Φjκ,{ω‚µ‚½,‚Θ‚µ
ή“,Τγ‚Λ‚η‚Ά,’¬“c,¬£’“έ,132098,“‹“s,’¬“cs,¬£‚V’–Ϊ,2018-09-17,15,’“Τi—Φjκ,{ω‚µ‚½,‚Θ‚µ
ή“,Τγ‚Λ‚η‚Ά,’¬“c,¬£’“έ,132098,“‹“s,’¬“cs,Ό¬£‚Q’–Ϊ,2018-09-15,21,κΛZ‘ξ,{ω‚µ‚½,‚Θ‚µ
ή“,Τγ‚Λ‚η‚Ά,’¬“c,–{’¬“cπ”Τ,132098,“‹“s,’¬“cs,–{’¬“c,2018-10-07,11,’“Τi—Φjκ,{ω‚µ‚½,‚Θ‚µ
ή“,Τγ‚Λ‚η‚Ά,’¬“c,–{’¬“cπ”Τ,132098,“‹“s,’¬“cs,–{’¬“c,2018-10-12,18,‚SK‚ΔΘγ‹¤“―Z‘ξ,{ω‚µ‚½,‚Θ‚µ
ή“,Τγ‚Λ‚η‚Ά,’¬“c,’ίμ‰w‘Oπ”Τ,132098,“‹“s,’¬“cs,”\ƒ–’J‚T’–Ϊ,2018-10-11,17,’“Τi—Φjκ,{ω‚µ‚½,‚Θ‚µ
ή“,Τγ‚Λ‚η‚Ά,’¬“c,–μ’Γ“c’“έ,132098,“‹“s,’¬“cs,–μ’Γ“c’¬,2018-08-22,17,’“Τi—Φjκ,{ω‚µ‚½,‚Θ‚µ
ή“,Τγ‚Λ‚η‚Ά,’¬“c,–Ψ‘]π”Τ,132098,“‹“s,’¬“cs,–Ψ‘]“‚P’–Ϊ,2018-07-21,12,’“Τi—Φjκ,{ω‚µ‚½,‚Θ‚µ
ή“,Τγ‚Λ‚η‚Ά,’¬“c,–Ψ‘]π”Τ,132098,“‹“s,’¬“cs,–Ψ‘]“‚P’–Ϊ,2018-10-26,03,’“Τi—Φjκ,{ω‚µ‚½,‚Θ‚µ
ή“,Τγ‚Λ‚η‚Ά,’¬“c,¬R“c’“έ,132098,“‹“s,’¬“cs,γ¬R“c’¬,2018-03-07,08,’“Τi—Φjκ,{ω‚µ‚½,‚Θ‚µ
ή“,Τγ‚Λ‚η‚Ά,’¬“c,‚Β‚­‚µ–μ‰w‘Oπ”Τ,132098,“‹“s,’¬“cs,‚Β‚­‚µ–μ‚S’–Ϊ,2018-03-24,16,’“Τi—Φjκ,{ω‚µ‚½,‚Θ‚µ
ή“,Τγ‚Λ‚η‚Ά,’¬“c,‚Β‚­‚µ–μ‰w‘Oπ”Τ,132098,“‹“s,’¬“cs,“μ‚Β‚­‚µ–μ‚R’–Ϊ,2018-03-24,15,’“Τi—Φjκ,{ω‚µ‚½,‚Θ‚µ
ή“,Τγ‚Λ‚η‚Ά,’¬“c,‚Β‚­‚µ–μ‰w‘Oπ”Τ,132098,“‹“s,’¬“cs,“μ’¬“c‚Q’–Ϊ,2018-08-31,17,’“Τi—Φjκ,{ω‚µ‚½,‚Θ‚µ
ή“,Τγ‚Λ‚η‚Ά,’¬“c,‚Β‚­‚µ–μ‰w‘Oπ”Τ,132098,“‹“s,’¬“cs,“μ’¬“c‚R’–Ϊ,2018-09-01,20,’“Τi—Φjκ,{ω‚µ‚½,‚Θ‚µ
ή“,Τγ‚Λ‚η‚Ά,’¬“c,‚Β‚­‚µ–μ‰w‘Oπ”Τ,132098,“‹“s,’¬“cs,“μ’¬“c‚S’–Ϊ,2018-11-09,21,’“Τi—Φjκ,{ω‚µ‚½,‚Θ‚µ
ή“,Τγ‚Λ‚η‚Ά,’¬“c,“΅‚Μ‘δ’c’nπ”Τ,132098,“‹“s,’¬“cs,‹ΰδ’¬,2018-06-04,18,’“Τi—Φjκ,{ω‚µ‚½,‚Θ‚µ
ή“,Τγ‚Λ‚η‚Ά,’¬“c,“΅‚Μ‘δ’c’nπ”Τ,132098,“‹“s,’¬“cs,‹ΰδ‚V’–Ϊ,2018-07-29,19,‚»‚Μ‘Ό‚ΜZ‘ξi‚RK‚ΔΘ‰Ί‹¤“―Z‘ξ“™j,{ω‚µ‚½,‚Θ‚µ
ή“,Τγ‚Λ‚η‚Ά,’¬“c,¬£‰w‘Oπ”Τ,132098,“‹“s,’¬“cs,¬μ‚R’–Ϊ,2018-05-14,16,’“Τi—Φjκ,{ω‚µ‚½,‚Θ‚µ
ή“,Τγ‚Λ‚η‚Ά,’¬“c,¬£‰w‘Oπ”Τ,132098,“‹“s,’¬“cs,“μ¬£‚P’–Ϊ,2018-11-03,23,‚»‚Μ‘Ό‚ΜZ‘ξi‚RK‚ΔΘ‰Ί‹¤“―Z‘ξ“™j,{ω‚µ‚½,‚ ‚θ
ή“,Τγ‚Λ‚η‚Ά,’¬“c,¬£‰w‘Oπ”Τ,132098,“‹“s,’¬“cs,“μ¬£‚R’–Ϊ,2018-11-03,21,‚»‚Μ‘Ό‚ΜZ‘ξi‚RK‚ΔΘ‰Ί‹¤“―Z‘ξ“™j,{ω‚µ‚½,‚ ‚θ
ή“,Τγ‚Λ‚η‚Ά,’¬“c,¬£‰w‘Oπ”Τ,132098,“‹“s,’¬“cs,“μ¬£‚W’–Ϊ,2018-03-18,14,’“Τi—Φjκ,{ω‚µ‚½,‚Θ‚µ
ή“,Τγ‚Λ‚η‚Ά,’¬“c,¬£‰w‘Oπ”Τ,132098,“‹“s,’¬“cs,“μ¬£‚W’–Ϊ,2018-03-18,22,‚»‚Μ‘Ό‚ΜZ‘ξi‚RK‚ΔΘ‰Ί‹¤“―Z‘ξ“™j,{ω‚µ‚½,‚Θ‚µ
ή“,Τγ‚Λ‚η‚Ά,’¬“c,¬£‰w‘Oπ”Τ,132098,“‹“s,’¬“cs,¬£‚ª‹u‚Q’–Ϊ,2018-09-01,21,’“Τi—Φjκ,{ω‚µ‚½,‚Θ‚µ
ή“,Τγ‚Λ‚η‚Ά,’¬“c,¬£‰w‘Oπ”Τ,132098,“‹“s,’¬“cs,¬£‚ª‹u‚R’–Ϊ,2018-08-30,12,κΛZ‘ξ,{ω‚µ‚½,‚Θ‚µ
ή“,Τγ‚Λ‚η‚Ά,’¬“c,’‰¶’“έ,132098,“‹“s,’¬“cs,’‰¶‚R’–Ϊ,2018-10-12,18,’“Τi—Φjκ,{ω‚µ‚½,‚Θ‚µ
ή“,Τγ‚Λ‚η‚Ά,’¬“c,O—Φ’“έ,132098,“‹“s,’¬“cs,O—Φ’¬,2018-04-20,15,‚»‚Μ‘Ό‚ΜZ‘ξi‚RK‚ΔΘ‰Ί‹¤“―Z‘ξ“™j,{ω‚µ‚½,‚ ‚θ
ή“,Τγ‚Λ‚η‚Ά,’¬“c,O—Φ’“έ,132098,“‹“s,’¬“cs,O—Φ’¬,2018-04-20,18,‚»‚Μ‘Ό‚ΜZ‘ξi‚RK‚ΔΘ‰Ί‹¤“―Z‘ξ“™j,{ω‚µ‚½,‚Θ‚µ
ή“,Τγ‚Λ‚η‚Ά,’¬“c,O—Φ’“έ,132098,“‹“s,’¬“cs,O—Φ’¬,2018-04-20,19,κΛZ‘ξ,{ω‚µ‚½,‚Θ‚µ
ή“,Τγ‚Λ‚η‚Ά,’¬“c,O—Φ’“έ,132098,“‹“s,’¬“cs,O—Φ’¬,2018-04-20,23,’“Τi—Φjκ,{ω‚µ‚½,‚ ‚θ
ή“,Τγ‚Λ‚η‚Ά,’¬“c,O—Φ’“έ,132098,“‹“s,’¬“cs,O—Φ’¬,2018-04-21,15,‚»‚Μ‘Ό‚ΜZ‘ξi‚RK‚ΔΘ‰Ί‹¤“―Z‘ξ“™j,{ω‚µ‚½,‚Θ‚µ
ή“,Τγ‚Λ‚η‚Ά,’¬“c,O—Φ’“έ,132098,“‹“s,’¬“cs,O—Φ’¬,2018-06-05,18,κΛZ‘ξ,{ω‚µ‚½,‚Θ‚µ
ή“,Τγ‚Λ‚η‚Ά,’¬“c,O—Φ’“έ,132098,“‹“s,’¬“cs,O—Φ’¬,2018-08-31,22,’“Τi—Φjκ,{ω‚µ‚½,‚ ‚θ
ή“,Τγ‚Λ‚η‚Ά,’¬“c,O—Φ’“έ,132098,“‹“s,’¬“cs,O—Φ—ΞR‚R’–Ϊ,2018-04-15,16,’“Τi—Φjκ,{ω‚µ‚½,‚Θ‚µ
ή“,Τγ‚Λ‚η‚Ά,’¬“c,‚ƒ–β’“έ,132098,“‹“s,’¬“cs,“μ‘ε’J,2018-11-04,17,’“Τi—Φjκ,{ω‚µ‚½,‚Θ‚µ
ή“,Τγ‚Λ‚η‚Ά,’¬“c,‚ƒ–β’“έ,132098,“‹“s,’¬“cs,‚ƒ–β‚U’–Ϊ,2018-11-04,19,κΛZ‘ξ,{ω‚µ‚½,‚ ‚θ
ή“,Τγ‚Λ‚η‚Ά,’¬“c,‚ƒ–β’“έ,132098,“‹“s,’¬“cs,‚ƒ–β‚U’–Ϊ,2018-11-04,21,κΛZ‘ξ,{ω‚µ‚½,‚ ‚θ
ή“,Τγ‚Λ‚η‚Ά,’¬“c,‚ƒ–β’“έ,132098,“‹“s,’¬“cs,‚ƒ–β‚V’–Ϊ,2018-11-03,17,κΛZ‘ξ,{ω‚µ‚½,‚Θ‚µ
ή“,Τγ‚Λ‚η‚Ά,’¬“c,’‰¶’n‹ζπ”Τ,132098,“‹“s,’¬“cs,–Ψ‘]“‚Q’–Ϊ,2018-08-05,20,‚SK‚ΔΘγ‹¤“―Z‘ξ,{ω‚µ‚½,‚ ‚θ
ή“,Τγ‚Λ‚η‚Ά,“ϊ–μ,“ϊ–μ‰w‘Oπ”Τ,132128,“‹“s,“ϊ–μs,‰h’¬‚P’–Ϊ,2018-10-30,00,κΛZ‘ξ,{ω‚µ‚½,‚ ‚θ
ή“,Τγ‚Λ‚η‚Ά,“ϊ–μ,“ϊ–μ‰w‘Oπ”Τ,132128,“‹“s,“ϊ–μs,V’¬‚R’–Ϊ,2018-06-11,20,κΛZ‘ξ,{ω‚µ‚½,‚ ‚θ
ή“,Τγ‚Λ‚η‚Ά,“ϊ–μ,“ϊ–μ‰w‘Oπ”Τ,132128,“‹“s,“ϊ–μs,_–Ύ‚R’–Ϊ,2018-10-26,01,‚»‚Μ‘Ό‚ΜZ‘ξi‚RK‚ΔΘ‰Ί‹¤“―Z‘ξ“™j,{ω‚µ‚½,‚Θ‚µ
ή“,Τγ‚Λ‚η‚Ά,“ϊ–μ,“ϊ–μ‰w‘Oπ”Τ,132128,“‹“s,“ϊ–μs,_–Ύ‚S’–Ϊ,2018-06-11,22,κΛZ‘ξ,{ω‚µ‚½,‚ ‚θ
ή“,Τγ‚Λ‚η‚Ά,“ϊ–μ,–L“c‰w‘Oπ”Τ,132128,“‹“s,“ϊ–μs,“–L“c‚P’–Ϊ,2018-06-12,02,κΛZ‘ξ,{ω‚µ‚½,‚ ‚θ
ή“,Τγ‚Λ‚η‚Ά,“ϊ–μ,–L“c‰w‘Oπ”Τ,132128,“‹“s,“ϊ–μs,“–L“c‚R’–Ϊ,2018-10-26,00,‚»‚Μ‘Ό‚ΜZ‘ξi‚RK‚ΔΘ‰Ί‹¤“―Z‘ξ“™j,{ω‚µ‚½,‚ ‚θ
ή“,Τγ‚Λ‚η‚Ά,“ϊ–μ,–L“c‰w‘Oπ”Τ,132128,“‹“s,“ϊ–μs,“–L“c‚S’–Ϊ,2018-10-26,02,‚»‚Μ‘Ό‚ΜZ‘ξi‚RK‚ΔΘ‰Ί‹¤“―Z‘ξ“™j,{ω‚µ‚½,‚ ‚θ
ή“,Τγ‚Λ‚η‚Ά,“ϊ–μ,‘½–€•½π”Τ,132128,“‹“s,“ϊ–μs,“ϊ–μ‘δ‚S’–Ϊ,2018-09-08,23,κΛZ‘ξ,{ω‚µ‚½,‚ ‚θ
ή“,Τγ‚Λ‚η‚Ά,“ϊ–μ,“υ›’“έ,132128,“‹“s,“ϊ–μs,‰h’¬‚Q’–Ϊ,2018-05-28,22,κΛZ‘ξ,{ω‚µ‚½,‚ ‚θ
ή“,Τγ‚Λ‚η‚Ά,“ϊ–μ,“υ›’“έ,132128,“‹“s,“ϊ–μs,V’¬‚T’–Ϊ,2018-06-22,11,κΛZ‘ξ,{ω‚µ‚½,‚Θ‚µ
ή“,Τγ‚Λ‚η‚Ά,“ϊ–μ,‘εβγ’“έ,132128,“‹“s,“ϊ–μs,“ϊ–μ‘δ‚Q’–Ϊ,2018-04-17,20,κΛZ‘ξ,{ω‚µ‚½,‚ ‚θ
ή“,Τγ‚Λ‚η‚Ά,“ϊ–μ,‘εβγ’“έ,132128,“‹“s,“ϊ–μs,“ϊ–μ‘δ‚Q’–Ϊ,2018-07-11,23,κΛZ‘ξ,{ω‚µ‚½,‚ ‚θ
ή“,Τγ‚Λ‚η‚Ά,“ϊ–μ,‘εβγ’“έ,132128,“‹“s,“ϊ–μs,‘εβγ‚P’–Ϊ,2018-05-21,14,κΛZ‘ξ,{ω‚µ‚½,‚ ‚θ
ή“,Τγ‚Λ‚η‚Ά,“ϊ–μ,‘εβγ’“έ,132128,“‹“s,“ϊ–μs,‘εβγ‚P’–Ϊ,2018-05-21,16,κΛZ‘ξ,{ω‚µ‚½,‚ ‚θ
ή“,Τγ‚Λ‚η‚Ά,“ϊ–μ,‚”¦•s“®‰w“μϋπ”Τ,132128,“‹“s,“ϊ–μs,“μ•½‚P’–Ϊ,2018-11-15,19,κΛZ‘ξ,{ω‚µ‚½,‚ ‚θ
ή“,Τγ‚Λ‚η‚Ά,“ϊ–μ,•S‘‰€π”Τ,132128,“‹“s,“ϊ–μs,•S‘,2018-01-29,22,κΛZ‘ξ,{ω‚µ‚½,‚ ‚θ
ή“,Τγ‚Λ‚η‚Ά,“ϊ–μ,•S‘‰€π”Τ,132128,“‹“s,“ϊ–μs,•S‘,2018-02-24,21,‚»‚Μ‘Ό‚ΜZ‘ξi‚RK‚ΔΘ‰Ί‹¤“―Z‘ξ“™j,{ω‚µ‚½,‚ ‚θ
ή“,Τγ‚Λ‚η‚Ά,“ϊ–μ,‘κ‡‹΄’“έ,132128,“‹“s,“ϊ–μs,Ό•½R‚P’–Ϊ,2018-01-31,22,κΛZ‘ξ,{ω‚µ‚½,‚ ‚θ
ή“,Τγ‚Λ‚η‚Ά,“ϊ–μ,‘κ‡‹΄’“έ,132128,“‹“s,“ϊ–μs,Ό•½R‚S’–Ϊ,2018-04-22,22,‚»‚Μ‘Ό‚ΜZ‘ξi‚RK‚ΔΘ‰Ί‹¤“―Z‘ξ“™j,{ω‚µ‚½,‚ ‚θ
ή“,Τγ‚Λ‚η‚Ά,“ϊ–μ,‘κ‡‹΄’“έ,132128,“‹“s,“ϊ–μs,Ό•½R‚T’–Ϊ,2018-09-15,20,κΛZ‘ξ,{ω‚µ‚½,‚ ‚θ
ή“,Τγ‚Λ‚η‚Ά,“ϊ–μ,‘κ‡‹΄’“έ,132128,“‹“s,“ϊ–μs,“•½R‚Q’–Ϊ,2018-11-30,23,‚»‚Μ‘Ό‚ΜZ‘ξi‚RK‚ΔΘ‰Ί‹¤“―Z‘ξ“™j,{ω‚µ‚½,‚ ‚θ
ή“,Τγ‚Λ‚η‚Ά,“ϊ–μ,®‚ª‹u’“έ,132128,“‹“s,“ϊ–μs,®‚ª‹u‚T’–Ϊ,2018-11-05,15,’“Τi—Φjκ,{ω‚µ‚½,‚Θ‚µ
ή“,Τγ‚Λ‚η‚Ά,“ϊ–μ,®‚ª‹u’“έ,132128,“‹“s,“ϊ–μs,Ό•½R‚T’–Ϊ,2018-08-06,19,κΛZ‘ξ,{ω‚µ‚½,‚ ‚θ
ή“,Τγ‚Λ‚η‚Ά,“ϊ–μ,®‚ª‹u’“έ,132128,“‹“s,“ϊ–μs,Ό•½R‚T’–Ϊ,2018-09-25,01,κΛZ‘ξ,{ω‚µ‚½,‚ ‚θ
ή“,Τγ‚Λ‚η‚Ά,“ϊ–μ,®‚ª‹u’“έ,132128,“‹“s,“ϊ–μs,Ό•½R‚T’–Ϊ,2018-10-24,21,κΛZ‘ξ,{ω‚µ‚½,‚ ‚θ
ή“,Τγ‚Λ‚η‚Ά,“ϊ–μ,®‚ª‹u’“έ,132128,“‹“s,“ϊ–μs,Ό•½R‚T’–Ϊ,2018-12-17,18,κΛZ‘ξ,{ω‚µ‚½,‚ ‚θ
ή“,Τγ‚Λ‚η‚Ά,Ί“‡,Ί“‡‰w‘Oπ”Τ,132071,“‹“s,Ί“‡s,γμ΄’¬‚Q’–Ϊ,2018-04-04,19,‚»‚Μ‘Ό‚ΜZ‘ξi‚RK‚ΔΘ‰Ί‹¤“―Z‘ξ“™j,{ω‚µ‚½,‚Θ‚µ
ή“,Τγ‚Λ‚η‚Ά,Ί“‡,Ί“‡‰w‘Oπ”Τ,132071,“‹“s,Ί“‡s,‹{‘ς’¬‚P’–Ϊ,2018-07-19,01,‚»‚Μ‘Ό‚ΜZ‘ξi‚RK‚ΔΘ‰Ί‹¤“―Z‘ξ“™j,{ω‚µ‚½,‚ ‚θ
ή“,Τγ‚Λ‚η‚Ά,Ί“‡,•“‡π”Τ,132071,“‹“s,Ί“‡s,“’¬‚S’–Ϊ,2018-12-28,20,‚SK‚ΔΘγ‹¤“―Z‘ξ,{ω‚µ‚½,‚ ‚θ
ή“,Τγ‚Λ‚η‚Ά,Ί“‡,’†_’“έ,132071,“‹“s,Ί“‡s,’†_’¬,2018-04-08,21,κΛZ‘ξ,{ω‚µ‚½,‚ ‚θ
ή“,Τγ‚Λ‚η‚Ά,Ί“‡,‘½–€‘ε‹΄π”Τ,132071,“‹“s,Ί“‡s,•“‡’¬‚R’–Ϊ,2018-06-05,22,’“Τi—Φjκ,{ω‚µ‚½,‚ ‚θ
ή“,Τγ‚Λ‚η‚Ά,Ί“‡,‘½–€‘ε‹΄π”Τ,132071,“‹“s,Ί“‡s,‹{‘ς’¬‚Q’–Ϊ,2018-03-07,01,κΛZ‘ξ,{ω‚µ‚½,‚ ‚θ
ή“,Τγ‚Λ‚η‚Ά,Ί“‡,‘½–€‘ε‹΄π”Τ,132071,“‹“s,Ί“‡s,‹{‘ς’¬‚Q’–Ϊ,2018-12-28,20,κΛZ‘ξ,{ω‚µ‚½,‚ ‚θ
ή“,Τγ‚Λ‚η‚Ά,Ί“‡,‘ε_’“έ,132071,“‹“s,Ί“‡s,γμ΄’¬‚R’–Ϊ,2018-05-06,21,‚»‚Μ‘Ό‚ΜZ‘ξi‚RK‚ΔΘ‰Ί‹¤“―Z‘ξ“™j,{ω‚µ‚½,‚ ‚θ
ή“,Τγ‚Λ‚η‚Ά,Ί“‡,‘ε_’“έ,132071,“‹“s,Ί“‡s,“c’†’¬‚R’–Ϊ,2018-04-01,12,’“Τi—Φjκ,{ω‚µ‚½,‚Θ‚µ
ή“,Τγ‚Λ‚η‚Ά,Ί“‡,‘ε_’“έ,132071,“‹“s,Ί“‡s,“c’†’¬‚R’–Ϊ,2018-04-02,19,‚»‚Μ‘Ό‚ΜZ‘ξi‚RK‚ΔΘ‰Ί‹¤“―Z‘ξ“™j,{ω‚µ‚½,‚Θ‚µ
ή“,Τγ‚Λ‚η‚Ά,Ί“‡,”q“‡’“έ,132071,“‹“s,Ί“‡s,—Ξ’¬‚R’–Ϊ,2018-12-06,22,κΛZ‘ξ,{ω‚µ‚½,‚ ‚θ
ή“,Τγ‚Λ‚η‚Ά,Ί“‡,“’†_‰w‘Oπ”Τ,132071,“‹“s,Ί“‡s,’†_’¬,2018-04-02,18,’“Τi—Φjκ,{ω‚µ‚½,‚Θ‚µ
ή“,Τγ‚Λ‚η‚Ά,Ί“‡,“’†_‰w‘Oπ”Τ,132071,“‹“s,Ί“‡s,’†_’¬,2018-04-15,10,κΛZ‘ξ,{ω‚µ‚½,‚Θ‚µ
ή“,Τγ‚Λ‚η‚Ά,Ί“‡,“’†_‰w‘Oπ”Τ,132071,“‹“s,Ί“‡s,’†_’¬,2018-12-04,22,κΛZ‘ξ,{ω‚µ‚½,‚ ‚θ
ή“,Τγ‚Λ‚η‚Ά,Ί“‡,“’†_‰w‘Oπ”Τ,132071,“‹“s,Ί“‡s,‹{‘ς’¬,2018-04-02,08,’“Τi—Φjκ,{ω‚µ‚½,‚Θ‚µ
ή“,Τγ‚Λ‚η‚Ά,Ί“‡,¬‰Χ“cπ”Τ,132071,“‹“s,Ί“‡s,—Ξ’¬‚S’–Ϊ,2018-05-13,23,‚»‚Μ‘Ό‚ΜZ‘ξi‚RK‚ΔΘ‰Ί‹¤“―Z‘ξ“™j,{ω‚µ‚½,‚ ‚θ
ή“,Τγ‚Λ‚η‚Ά,Ί“‡,¬‰Χ“cπ”Τ,132071,“‹“s,Ί“‡s,—Ξ’¬‚T’–Ϊ,2018-04-19,20,’“Τi—Φjκ,{ω‚µ‚½,‚Θ‚µ
ή“,Τγ‚Λ‚η‚Ά,Ί“‡,‚Β‚Β‚¶‚ª‹u’“έ,132071,“‹“s,Ί“‡s,‚Β‚Β‚¶‚ª‹u‚R’–Ϊ,2018-04-13,09,‚SK‚ΔΘγ‹¤“―Z‘ξ,{ω‚µ‚½,‚Θ‚µ
ή“,Τγ‚Λ‚η‚Ά,Ί“‡,”q“‡‰w‘Oπ”Τ,132071,“‹“s,Ί“‡s,—Ξ’¬‚Q’–Ϊ,2018-05-03,22,κΛZ‘ξ,{ω‚µ‚½,‚ ‚θ
ή“,Τγ‚Λ‚η‚Ά,—§μ,—§“ϊ‹΄π”Τ,132021,“‹“s,—§μs,‹Ρ’¬‚T’–Ϊ,2018-04-24,18,’“Τi—Φjκ,{ω‚µ‚½,‚Θ‚µ
ή“,Τγ‚Λ‚η‚Ά,—§μ,—§“ϊ‹΄π”Τ,132021,“‹“s,—§μs,‹Ρ’¬‚T’–Ϊ,2018-10-24,21,κΛZ‘ξ,{ω‚µ‚½,‚ ‚θ
ή“,Τγ‚Λ‚η‚Ά,—§μ,—§μ‰w“μϋπ”Τ,132021,“‹“s,—§μs,Δθ’¬‚P’–Ϊ,2018-09-10,02,‚»‚Μ‘Ό‚ΜZ‘ξi‚RK‚ΔΘ‰Ί‹¤“―Z‘ξ“™j,{ω‚µ‚½,‚Θ‚µ
ή“,Τγ‚Λ‚η‚Ά,—§μ,•xm’Λπ”Τ,132021,“‹“s,—§μs,•xm©’¬‚P’–Ϊ,2018-06-28,21,κΛZ‘ξ,{ω‚µ‚½,‚ ‚θ
ή“,Τγ‚Λ‚η‚Ά,—§μ,—§μ‰w–kϋπ”Τ,132021,“‹“s,—§μs,’¬‚Q’–Ϊ,2016-08-01,•s–Ύ,’“Τi—Φjκ,{ω‚µ‚½,‚ ‚θ
ή“,Τγ‚Λ‚η‚Ά,—§μ,‚Ό’¬π”Τ,132021,“‹“s,—§μs,‰h’¬‚R’–Ϊ,2018-01-07,23,κΛZ‘ξ,{ω‚µ‚½,‚ ‚θ
ή“,Τγ‚Λ‚η‚Ά,—§μ,‚Ό’¬π”Τ,132021,“‹“s,—§μs,‰h’¬‚R’–Ϊ,2018-01-30,21,’“Τi—Φjκ,{ω‚µ‚½,‚ ‚θ
ή“,Τγ‚Λ‚η‚Ά,—§μ,‚Ό’¬π”Τ,132021,“‹“s,—§μs,‰h’¬‚S’–Ϊ,2018-05-24,01,“ΉHγ,{ω‚µ‚½,‚Θ‚µ
ή“,Τγ‚Λ‚η‚Ά,—§μ,‚Ό’¬π”Τ,132021,“‹“s,—§μs,‰h’¬‚T’–Ϊ,2018-06-04,17,’“Τi—Φjκ,{ω‚µ‚½,‚Θ‚µ
ή“,Τγ‚Λ‚η‚Ά,—§μ,‚Ό’¬π”Τ,132021,“‹“s,—§μs,‰h’¬‚U’–Ϊ,2018-02-28,09,κΛZ‘ξ,{ω‚µ‚½,‚ ‚θ
ή“,Τγ‚Λ‚η‚Ά,—§μ,’J•Ϋπ”Τ,132152,“‹“s,‘—§s,’J•Ϋ,2018-09-14,14,κΛZ‘ξ,{ω‚µ‚½,‚ ‚θ
ή“,Τγ‚Λ‚η‚Ά,—§μ,’J•Ϋπ”Τ,132152,“‹“s,‘—§s,’J•Ϋ,2018-10-28,23,κΛZ‘ξ,{ω‚µ‚½,‚ ‚θ
ή“,Τγ‚Λ‚η‚Ά,—§μ,’J•Ϋπ”Τ,132152,“‹“s,‘—§s,’J•Ϋ,2018-12-17,21,‚SK‚ΔΘγ‹¤“―Z‘ξ,{ω‚µ‚½,‚Θ‚µ
ή“,Τγ‚Λ‚η‚Ά,—§μ,’J•Ϋπ”Τ,132152,“‹“s,‘—§s,’J•Ϋ‚V’–Ϊ,2018-10-28,23,κΛZ‘ξ,{ω‚µ‚½,‚ ‚θ
ή“,Τγ‚Λ‚η‚Ά,—§μ,•xm©’¬π”Τ,132021,“‹“s,—§μs,•xm©’¬‚V’–Ϊ,2018-09-09,10,κΛZ‘ξ,{ω‚µ‚½,‚ ‚θ
ή“,Τγ‚Λ‚η‚Ά,—§μ,“V‰¤‹΄π”Τ,132021,“‹“s,—§μs,γ»’¬‚Q’–Ϊ,2018-07-29,17,κΛZ‘ξ,{ω‚µ‚½,‚Θ‚µ
ή“,Τγ‚Λ‚η‚Ά,—§μ,“V‰¤‹΄π”Τ,132021,“‹“s,—§μs,γ»’¬‚R’–Ϊ,2018-04-15,19,κΛZ‘ξ,{ω‚µ‚½,‚ ‚θ
ή“,Τγ‚Λ‚η‚Ά,—§μ,“V‰¤‹΄π”Τ,132021,“‹“s,—§μs,γ»’¬‚T’–Ϊ,2018-10-22,21,’“Τi—Φjκ,{ω‚µ‚½,‚ ‚θ
ή“,Τγ‚Λ‚η‚Ά,—§μ,»μl”Τπ”Τ,132021,“‹“s,—§μs,K’¬‚S’–Ϊ,2018-09-26,21,‚SK‚ΔΘγ‹¤“―Z‘ξ,{ω‚µ‚½,‚ ‚θ
ή“,Τγ‚Λ‚η‚Ά,—§μ,»μl”Τπ”Τ,132021,“‹“s,—§μs,»μ’¬‚Q’–Ϊ,2018-09-18,17,’“Τi—Φjκ,{ω‚µ‚½,‚ ‚θ
ή“,Τγ‚Λ‚η‚Ά,—§μ,»μl”Τπ”Τ,132021,“‹“s,—§μs,»μ’¬‚S’–Ϊ,2018-09-12,21,κΛZ‘ξ,{ω‚µ‚½,‚ ‚θ
ή“,Τγ‚Λ‚η‚Ά,—§μ,»μl”Τπ”Τ,132021,“‹“s,—§μs,»μ’¬‚S’–Ϊ,2018-11-12,21,κΛZ‘ξ,{ω‚µ‚½,‚ ‚θ
ή“,Τγ‚Λ‚η‚Ά,—§μ,»μl”Τπ”Τ,132021,“‹“s,—§μs,»μ’¬‚S’–Ϊ,2018-12-04,01,‚»‚Μ‘Ό‚ΜZ‘ξi‚RK‚ΔΘ‰Ί‹¤“―Z‘ξ“™j,{ω‚µ‚½,‚ ‚θ
ή“,Τγ‚Λ‚η‚Ά,—§μ,»μl”Τπ”Τ,132021,“‹“s,—§μs,»μ’¬‚W’–Ϊ,2018-02-07,20,κΛZ‘ξ,{ω‚µ‚½,‚ ‚θ
ή“,Τγ‚Λ‚η‚Ά,—§μ,»μ”ª”Τπ”Τ,132021,“‹“s,—§μs,K’¬‚S’–Ϊ,2018-01-11,21,κΛZ‘ξ,{ω‚µ‚½,‚ ‚θ
ή“,Τγ‚Λ‚η‚Ά,—§μ,»μ”ª”Τπ”Τ,132021,“‹“s,—§μs,K’¬‚S’–Ϊ,2018-03-22,00,κΛZ‘ξ,{ω‚µ‚½,‚Θ‚µ
ή“,Τγ‚Λ‚η‚Ά,—§μ,»μ”ª”Τπ”Τ,132021,“‹“s,—§μs,K’¬‚S’–Ϊ,2018-08-09,23,‚»‚Μ‘Ό‚ΜZ‘ξi‚RK‚ΔΘ‰Ί‹¤“―Z‘ξ“™j,{ω‚µ‚½,‚ ‚θ
ή“,Τγ‚Λ‚η‚Ά,—§μ,»μ”ª”Τπ”Τ,132021,“‹“s,—§μs,K’¬‚U’–Ϊ,2018-09-26,20,’“Τi—Φjκ,{ω‚µ‚½,‚ ‚θ
ή“,Τγ‚Λ‚η‚Ά,—§μ,α—t’¬’“έ,132021,“‹“s,—§μs,α—t’¬‚P’–Ϊ,2018-09-17,22,κΛZ‘ξ,{ω‚µ‚½,‚ ‚θ
ή“,Τγ‚Λ‚η‚Ά,—§μ,α—t’¬’“έ,132021,“‹“s,—§μs,α—t’¬‚R’–Ϊ,2018-12-15,22,‚»‚Μ‘Ό‚ΜZ‘ξi‚RK‚ΔΘ‰Ί‹¤“―Z‘ξ“™j,{ω‚µ‚½,‚ ‚θ
ή“,Τγ‚Λ‚η‚Ά,—§μ,α—t’¬’“έ,132021,“‹“s,—§μs,α—t’¬‚S’–Ϊ,2018-08-22,20,κΛZ‘ξ,{ω‚µ‚½,‚ ‚θ
ή“,Τγ‚Λ‚η‚Ά,•{’†,“•{’†‰w‘Oπ”Τ,132063,“‹“s,•{’†s,΄…‚ª‹u‚Q’–Ϊ,2018-10-13,23,’“Τi—Φjκ,{ω‚µ‚½,‚ ‚θ
ή“,Τγ‚Λ‚η‚Ά,•{’†,“•{’†‰w‘Oπ”Τ,132063,“‹“s,•{’†s,Z‹g’¬‚P’–Ϊ,2018-01-29,19,’“Τi—Φjκ,{ω‚µ‚½,‚ ‚θ
ή“,Τγ‚Λ‚η‚Ά,•{’†,“•{’†‰w‘Oπ”Τ,132063,“‹“s,•{’†s,σΤ’¬‚Q’–Ϊ,2018-06-08,19,’“Τi—Φjκ,{ω‚µ‚½,‚Θ‚µ
ή“,Τγ‚Λ‚η‚Ά,•{’†,“•{’†‰w‘Oπ”Τ,132063,“‹“s,•{’†s,αΌ’¬‚P’–Ϊ,2018-06-16,19,κΛZ‘ξ,{ω‚µ‚½,‚Θ‚µ
ή“,Τγ‚Λ‚η‚Ά,•{’†,“•{’†‰w‘Oπ”Τ,132063,“‹“s,•{’†s,αΌ’¬‚P’–Ϊ,2018-06-22,19,κΛZ‘ξ,{ω‚µ‚½,‚ ‚θ
ή“,Τγ‚Λ‚η‚Ά,•{’†,“•{’†‰w‘Oπ”Τ,132063,“‹“s,•{’†s,αΌ’¬‚Q’–Ϊ,2018-06-08,18,’“Τi—Φjκ,{ω‚µ‚½,‚Θ‚µ
ή“,Τγ‚Λ‚η‚Ά,•{’†,“•{’†‰w‘Oπ”Τ,132063,“‹“s,•{’†s,αΌ’¬‚Q’–Ϊ,2018-06-08,18,’“Τi—Φjκ,{ω‚µ‚½,‚Θ‚µ
ή“,Τγ‚Λ‚η‚Ά,•{’†,‰h’¬π”Τ,132063,“‹“s,•{’†s,‰h’¬‚Q’–Ϊ,2018-10-20,14,‚»‚Μ‘Ό‚ΜZ‘ξi‚RK‚ΔΘ‰Ί‹¤“―Z‘ξ“™j,{ω‚µ‚½,‚Θ‚µ
ή“,Τγ‚Λ‚η‚Ά,•{’†,‰h’¬π”Τ,132063,“‹“s,•{’†s,‰h’¬‚Q’–Ϊ,2018-10-21,09,’“Τi—Φjκ,{ω‚µ‚½,‚Θ‚µ
ή“,Τγ‚Λ‚η‚Ά,•{’†,‰h’¬π”Τ,132063,“‹“s,•{’†s,‰h’¬‚R’–Ϊ,2018-10-26,18,’“Τi—Φjκ,{ω‚µ‚½,‚Θ‚µ
ή“,Τγ‚Λ‚η‚Ά,•{’†,Ό΄’¬π”Τ,132063,“‹“s,•{’†s,Ό΄’¬‚S’–Ϊ,2018-07-13,19,’“Τi—Φjκ,{ω‚µ‚½,‚ ‚θ
ή“,Τγ‚Λ‚η‚Ά,•{’†,–{hπ”Τ,132063,“‹“s,•{’†s,Ό•{’¬‚P’–Ϊ,2018-06-24,21,‚»‚Μ‘Ό‚ΜZ‘ξi‚RK‚ΔΘ‰Ί‹¤“―Z‘ξ“™j,{ω‚µ‚½,‚ ‚θ
ή“,Τγ‚Λ‚η‚Ά,•{’†,–{hπ”Τ,132063,“‹“s,•{’†s,Ό•{’¬‚T’–Ϊ,2018-12-17,22,κΛZ‘ξ,{ω‚µ‚½,‚ ‚θ
ή“,Τγ‚Λ‚η‚Ά,•{’†,–{hπ”Τ,132063,“‹“s,•{’†s,“ϊV’¬‚R’–Ϊ,2018-07-24,22,’“Τi—Φjκ,{ω‚µ‚½,‚Θ‚µ
ή“,Τγ‚Λ‚η‚Ά,•{’†,’†‰Ν΄π”Τ,132063,“‹“s,•{’†s,l’J‚P’–Ϊ,2018-10-27,23,κΛZ‘ξ,{ω‚µ‚½,‚ ‚θ
ή“,Τγ‚Λ‚η‚Ά,•{’†,‘½–’“έ,132063,“‹“s,•{’†s,g—t‹u‚Q’–Ϊ,2018-06-08,18,’“Τi—Φjκ,{ω‚µ‚½,‚Θ‚µ
ή“,Τγ‚Λ‚η‚Ά,•{’†,¥­π”Τ,132063,“‹“s,•{’†s,¥­‚Q’–Ϊ,2018-09-05,00,‚»‚Μ‘Ό‚ΜZ‘ξi‚RK‚ΔΘ‰Ί‹¤“―Z‘ξ“™j,{ω‚µ‚½,‚ ‚θ
ή“,Τγ‚Λ‚η‚Ά,•{’†,¥­π”Τ,132063,“‹“s,•{’†s,¥­‚R’–Ϊ,2018-11-02,20,’“Τi—Φjκ,{ω‚µ‚½,‚ ‚θ
ή“,Τγ‚Λ‚η‚Ά,•{’†,•ª”~’“έ,132063,“‹“s,•{’†s,•ª”~’¬‚R’–Ϊ,2018-09-23,22,κΛZ‘ξ,{ω‚µ‚½,‚Θ‚µ
ή“,Τγ‚Λ‚η‚Ά,•{’†,•ª”~’“έ,132063,“‹“s,•{’†s,•ª”~’¬‚S’–Ϊ,2018-09-23,19,’“Τi—Φjκ,{ω‚µ‚½,‚ ‚θ
ή“,Τγ‚Λ‚η‚Ά,•{’†,”’…‘δπ”Τ,132063,“‹“s,•{’†s,”’…‘δ‚R’–Ϊ,2018-04-14,17,’“Τi—Φjκ,{ω‚µ‚½,‚Θ‚µ
ή“,Τγ‚Λ‚η‚Ά,•{’†,l’J’“έ,132063,“‹“s,•{’†s,“ϊV’¬‚T’–Ϊ,2018-12-24,23,‚»‚Μ‘Ό,{ω‚µ‚½,‚Θ‚µ
ή“,Τγ‚Λ‚η‚Ά,•{’†,l’J’“έ,132063,“‹“s,•{’†s,l’J‚R’–Ϊ,2018-02-25,21,‚SK‚ΔΘγ‹¤“―Z‘ξ,{ω‚µ‚½,‚ ‚θ
ή“,Τγ‚Λ‚η‚Ά,•{’†,l’J’“έ,132063,“‹“s,•{’†s,l’J‚R’–Ϊ,2018-07-27,16,‚SK‚ΔΘγ‹¤“―Z‘ξ,{ω‚µ‚½,‚Θ‚µ
ή“,Τγ‚Λ‚η‚Ά,•{’†,l’J’“έ,132063,“‹“s,•{’†s,l’J‚S’–Ϊ,2018-02-12,16,κΛZ‘ξ,{ω‚µ‚½,‚Θ‚µ
ή“,Τγ‚Λ‚η‚Ά,¬‹ΰδ,‘O΄π”Τ,132101,“‹“s,¬‹ΰδs,‘O΄’¬‚S’–Ϊ,2018-12-09,22,κΛZ‘ξ,{ω‚µ‚½,‚ ‚θ
ή“,Τγ‚Λ‚η‚Ά,¬‹ΰδ,Ρδ“μ’¬π”Τ,132101,“‹“s,¬‹ΰδs,Ρδ“μ’¬‚P’–Ϊ,2018-12-09,21,’“Τi—Φjκ,{ω‚µ‚½,‚ ‚θ
ή“,Τγ‚Λ‚η‚Ά,¬‹ΰδ,‹¤‰v’“έ,132144,“‹“s,‘•ª›s,•ΐ–Ψ’¬‚P’–Ϊ,2018-07-29,21,κΛZ‘ξ,{ω‚µ‚½,‚ ‚θ
ή“,Τγ‚Λ‚η‚Ά,¬‹ΰδ,Λ‘q’“έ,132144,“‹“s,‘•ª›s,V’¬‚R’–Ϊ,2017-12-29,07,’“Τi—Φjκ,{ω‚µ‚½,‚ ‚θ
ή“,Τγ‚Λ‚η‚Ά,¬‹ΰδ,Λ‘q’“έ,132144,“‹“s,‘•ª›s,Λ‘q‚R’–Ϊ,2018-01-25,23,κΛZ‘ξ,{ω‚µ‚½,‚ ‚θ
ή“,Τγ‚Λ‚η‚Ά,¬‹ΰδ,υ’¬π”Τ,132144,“‹“s,‘•ª›s,•xm–{‚P’–Ϊ,2018-11-14,03,’“Τi—Φjκ,{ω‚µ‚½,‚ ‚θ
ή“,Τγ‚Λ‚η‚Ά,¬‹ΰδ,Ό’¬π”Τ,132144,“‹“s,‘•ª›s,Ό’¬‚S’–Ϊ,2018-01-13,15,’“Τi—Φjκ,{ω‚µ‚½,‚ ‚θ
ή“,Τγ‚Λ‚η‚Ά,¬‹ΰδ,Ό’¬π”Τ,132144,“‹“s,‘•ª›s,Ό’¬‚S’–Ϊ,2018-12-24,00,κΛZ‘ξ,{ω‚µ‚½,‚ ‚θ
ή“,Τγ‚Λ‚η‚Ά,¬‹ΰδ,Ό’¬π”Τ,132144,“‹“s,‘•ª›s,Ό³’¬‚R’–Ϊ,2018-10-20,18,κΛZ‘ξ,{ω‚µ‚½,‚ ‚θ
ή“,Τγ‚Λ‚η‚Ά,“c–³,“c–³‰w‘Oπ”Τ,132292,“‹“s,Ό“‹s,“c–³’¬‚T’–Ϊ,2018-07-24,07,’“Τi—Φjκ,{ω‚µ‚½,‚Θ‚µ
ή“,Τγ‚Λ‚η‚Ά,“c–³,ς’¬π”Τ,132292,“‹“s,Ό“‹s,ς’¬‚S’–Ϊ,2018-07-24,20,’“Τi—Φjκ,{ω‚µ‚½,‚Θ‚µ
ή“,Τγ‚Λ‚η‚Ά,“c–³,‘κRπ”Τ,132225,“‹“s,“‹v—―•Δs,‘κR‚V’–Ϊ,2018-07-31,19,’“Τi—Φjκ,{ω‚µ‚½,‚Θ‚µ
ή“,Τγ‚Λ‚η‚Ά,“c–³,“μ‘ςπ”Τ,132225,“‹“s,“‹v—―•Δs,K’¬‚Q’–Ϊ,2018-12-25,23,‚»‚Μ‘Ό‚ΜZ‘ξi‚RK‚ΔΘ‰Ί‹¤“―Z‘ξ“™j,{ω‚µ‚½,‚Θ‚µ
ή“,Τγ‚Λ‚η‚Ά,“c–³,‚Π‚Ξ‚θ‚ª‹u‰w‘Oπ”Τ,132292,“‹“s,Ό“‹s,‚Π‚Ξ‚θ‚ª‹u‚P’–Ϊ,2018-07-22,03,’“Τi—Φjκ,{ω‚µ‚½,‚ ‚θ
ή“,Τγ‚Λ‚η‚Ά,“c–³,‰Ί—Ά’“έ,132225,“‹“s,“‹v—―•Δs,‰Ί—Ά‚T’–Ϊ,2018-11-09,21,’“Τi—Φjκ,{ω‚µ‚½,‚Θ‚µ
ή“,Τγ‚Λ‚η‚Ά,“c–³,‰Ί—Ά’“έ,132225,“‹“s,“‹v—―•Δs,‰Ί—Ά‚T’–Ϊ,2018-11-11,23,’“Τi—Φjκ,{ω‚µ‚½,‚Θ‚µ
ή“,Τγ‚Λ‚η‚Ά,“c–³,‰Ί—Ά’“έ,132225,“‹“s,“‹v—―•Δs,‰Ί—Ά‚T’–Ϊ,2018-11-14,05,’“Τi—Φjκ,{ω‚µ‚½,‚ ‚θ
ή“,Τγ‚Λ‚η‚Ά,“c–³,‰Ί—Ά’“έ,132225,“‹“s,“‹v—―•Δs,‰Ί—Ά‚T’–Ϊ,2018-11-25,01,’“Τi—Φjκ,{ω‚µ‚½,‚Θ‚µ
ή“,Τγ‚Λ‚η‚Ά,“c–³,‰Ί•Ϋ’J’“έ,132292,“‹“s,Ό“‹s,–k’¬‚Q’–Ϊ,2018-03-10,20,‚»‚Μ‘Ό‚ΜZ‘ξi‚RK‚ΔΘ‰Ί‹¤“―Z‘ξ“™j,{ω‚µ‚½,‚Θ‚µ
ή“,Τγ‚Λ‚η‚Ά,“c–³,“‹v—―•Δ‰w‘Oπ”Τ,132225,“‹“s,“‹v—―•Δs,‹ΰR’¬‚P’–Ϊ,2018-03-08,09,’“Τi—Φjκ,{ω‚µ‚½,‚Θ‚µ
ή“,Τγ‚Λ‚η‚Ά,“c–³,“‹v—―•Δ‰w‘Oπ”Τ,132225,“‹“s,“‹v—―•Δs,‹ΰR’¬‚Q’–Ϊ,2018-03-07,18,’“Τi—Φjκ,{ω‚µ‚½,‚Θ‚µ
ή“,Τγ‚Λ‚η‚Ά,“‘ΊR,“‘ΊR‰w‘Oπ”Τ,132136,“‹“s,“‘ΊRs,‰¶‘½’¬‚R’–Ϊ,2018-05-14,07,“ΉHγ,{ω‚µ‚½,‚Θ‚µ
ή“,Τγ‚Λ‚η‚Ά,“‘ΊR,”ªβπ”Τ,132136,“‹“s,“‘ΊRs,•xm©’¬‚R’–Ϊ,2018-06-29,16,’“Τi—Φjκ,{ω‚µ‚½,‚ ‚θ
ή“,Τγ‚Λ‚η‚Ά,“‘ΊR,’†΄Λ’“έ,132217,“‹“s,΄£s,γ΄Λ‚P’–Ϊ,2017-12-29,16,κΛZ‘ξ,{ω‚µ‚½,‚Θ‚µ
ή“,Τγ‚Λ‚η‚Ά,“‘ΊR,’†΄Λ’“έ,132217,“‹“s,΄£s,’†΄Λ‚P’–Ϊ,2018-06-28,21,’“Τi—Φjκ,{ω‚µ‚½,‚ ‚θ
ή“,Τγ‚Λ‚η‚Ά,“‘ΊR,’†—Ά’“έ,132217,“‹“s,΄£s,’†—Ά‚P’–Ϊ,2018-01-04,18,‚»‚Μ‘Ό‚ΜZ‘ξi‚RK‚ΔΘ‰Ί‹¤“―Z‘ξ“™j,{ω‚µ‚½,‚Θ‚µ
ή“,Τγ‚Λ‚η‚Ά,“‘ΊR,’†—Ά’“έ,132217,“‹“s,΄£s,’†—Ά‚R’–Ϊ,2018-01-04,17,’“Τi—Φjκ,{ω‚µ‚½,‚Θ‚µ
ή“,Τγ‚Λ‚η‚Ά,“‘ΊR,”~‰€’“έ,132217,“‹“s,΄£s,–μ‰–‚S’–Ϊ,2018-12-18,21,‚»‚Μ‘Ό‚ΜZ‘ξi‚RK‚ΔΘ‰Ί‹¤“―Z‘ξ“™j,{ω‚µ‚½,‚ ‚θ
ή“,Τγ‚Λ‚η‚Ά,“‘ΊR,H’Γ‰w‘Oπ”Τ,132136,“‹“s,“‘ΊRs,H’Γ’¬‚P’–Ϊ,2018-12-22,16,κΛZ‘ξ,{ω‚µ‚½,‚Θ‚µ
ή“,Τγ‚Λ‚η‚Ά,“‘ΊR,‰Ί΄Λ’“έ,132217,“‹“s,΄£s,‰Ί΄Λ‚R’–Ϊ,2018-03-10,20,‚SK‚ΔΘγ‹¤“―Z‘ξ,{ω‚µ‚½,‚Θ‚µ
ή“,Τγ‚Λ‚η‚Ά,•‘ –μ,χ’ηπ”Τ,132039,“‹“s,•‘ –μs,‹«‚S’–Ϊ,2018-05-14,18,’“Τi—Φjκ,{ω‚µ‚½,‚Θ‚µ
ή“,Τγ‚Λ‚η‚Ά,O‘ι,‘ε‘ςπ”Τ,132047,“‹“s,O‘ιs,‘ε‘ς‚P’–Ϊ,2018-07-14,17,κΛZ‘ξ,{ω‚µ‚½,‚Θ‚µ
ή“,Τγ‚Λ‚η‚Ά,O‘ι,‘ε‘ςπ”Τ,132047,“‹“s,O‘ιs,‘ε‘ς‚P’–Ϊ,2018-09-04,23,κΛZ‘ξ,{ω‚µ‚½,‚ ‚θ
ή“,Τγ‚Λ‚η‚Ά,O‘ι,’†εμπ”Τ,132047,“‹“s,O‘ιs,Vμ‚Q’–Ϊ,2018-01-29,20,’“Τi—Φjκ,{ω‚µ‚½,‚Θ‚µ
ή“,Τγ‚Λ‚η‚Ά,O‘ι,’†εμπ”Τ,132047,“‹“s,O‘ιs,Vμ‚Q’–Ϊ,2018-03-08,19,κΛZ‘ξ,{ω‚µ‚½,‚Θ‚µ
ή“,Τγ‚Λ‚η‚Ά,O‘ι,–k–μ’“έ,132047,“‹“s,O‘ιs,–k–μ‚P’–Ϊ,2018-03-10,21,‚»‚Μ‘Ό‚ΜZ‘ξi‚RK‚ΔΘ‰Ί‹¤“―Z‘ξ“™j,{ω‚µ‚½,‚Θ‚µ
ή“,Τγ‚Λ‚η‚Ά,O‘ι,–k–μ’“έ,132047,“‹“s,O‘ιs,–k–μ‚P’–Ϊ,2018-06-18,19,κΛZ‘ξ,{ω‚µ‚½,‚ ‚θ
ή“,Τγ‚Λ‚η‚Ά,O‘ι,γAπ”Τ,132047,“‹“s,O‘ιs,γA‚R’–Ϊ,2018-02-17,18,’“Τi—Φjκ,{ω‚µ‚½,‚Θ‚µ
ή“,Τγ‚Λ‚η‚Ά,’²•z,‰ΊΞ΄π”Τ,132080,“‹“s,’²•zs,‰ΊΞ΄‚P’–Ϊ,2018-03-14,19,’“Τi—Φjκ,{ω‚µ‚½,‚Θ‚µ
ή“,Τγ‚Λ‚η‚Ά,’²•z,‰ΊΞ΄π”Τ,132080,“‹“s,’²•zs,‰ΊΞ΄‚R’–Ϊ,2018-09-22,18,κΛZ‘ξ,{ω‚µ‚½,‚ ‚θ
ή“,Τγ‚Λ‚η‚Ά,’²•z,‰ΊΞ΄π”Τ,132080,“‹“s,’²•zs,‰ΊΞ΄‚R’–Ϊ,2018-09-22,19,’“Τi—Φjκ,{ω‚µ‚½,‚ ‚θ
ή“,Τγ‚Λ‚η‚Ά,’²•z,‰ΊΞ΄π”Τ,132080,“‹“s,’²•zs,’²•zƒP‹u‚Q’–Ϊ,2018-03-15,17,’“Τi—Φjκ,{ω‚µ‚½,‚Θ‚µ
ή“,Τγ‚Λ‚η‚Ά,’²•z,•z“cπ”Τ,132080,“‹“s,’²•zs,•z“c‚R’–Ϊ,2018-03-08,20,’“Τi—Φjκ,{ω‚µ‚½,‚Θ‚µ
ή“,Τγ‚Λ‚η‚Ά,’²•z,εμπ”Τ,132080,“‹“s,’²•zs,—ΞƒP‹u‚P’–Ϊ,2018-06-14,22,κΛZ‘ξ,{ω‚µ‚½,‚ ‚θ
ή“,Τγ‚Λ‚η‚Ά,’²•z,’–•ϋπ”Τ,132195,“‹“s,]s,‹ξδ’¬‚Q’–Ϊ,2018-01-11,19,’“Τi—Φjκ,{ω‚µ‚½,‚Θ‚µ
ή“,Τγ‚Λ‚η‚Ά,’²•z,[‘ε›π”Τ,132080,“‹“s,’²•zs,[‘ε›–k’¬‚U’–Ϊ,2018-11-19,20,κΛZ‘ξ,{ω‚µ‚½,‚ ‚θ
ή“,Τγ‚Λ‚η‚Ά,’²•z,[‘ε›π”Τ,132080,“‹“s,’²•zs,[‘ε›“’¬‚R’–Ϊ,2018-06-27,21,κΛZ‘ξ,{ω‚µ‚½,‚Θ‚µ
ή“,Τγ‚Λ‚η‚Ά,’²•z,[‘ε›π”Τ,132080,“‹“s,’²•zs,[‘ε›“’¬‚U’–Ϊ,2018-06-21,22,’“Τi—Φjκ,{ω‚µ‚½,‚ ‚θ
ή“,Τγ‚Λ‚η‚Ά,’²•z,[‘ε›π”Τ,132080,“‹“s,’²•zs,[‘ε›“’¬‚V’–Ϊ,2018-05-02,19,’“Τi—Φjκ,{ω‚µ‚½,‚ ‚θ
ή“,Τγ‚Λ‚η‚Ά,’²•z,[‘ε›π”Τ,132080,“‹“s,’²•zs,[‘ε›“’¬‚V’–Ϊ,2018-12-16,20,κΛZ‘ξ,{ω‚µ‚½,‚Θ‚µ
ή“,Τγ‚Λ‚η‚Ά,’²•z,‹e–μ‘δπ”Τ,132080,“‹“s,’²•zs,²{’¬‚S’–Ϊ,2018-02-26,11,κΛZ‘ξ,{ω‚µ‚½,‚ ‚θ
ή“,Τγ‚Λ‚η‚Ά,’²•z,‹e–μ‘δπ”Τ,132080,“‹“s,’²•zs,²{’¬‚S’–Ϊ,2018-02-27,21,’“Τi—Φjκ,{ω‚µ‚½,‚Θ‚µ
ή“,Τγ‚Λ‚η‚Ά,’²•z,‹e–μ‘δπ”Τ,132080,“‹“s,’²•zs,Δθ‚P’–Ϊ,2018-03-15,19,’“Τi—Φjκ,{ω‚µ‚½,‚Θ‚µ
ή“,Τγ‚Λ‚η‚Ά,’²•z,]π”Τ,132195,“‹“s,]s,aς–{’¬‚P’–Ϊ,2018-11-16,23,’“Τi—Φjκ,{ω‚µ‚½,‚ ‚θ
ή“,Τγ‚Λ‚η‚Ά,’²•z,]π”Τ,132195,“‹“s,]s,aς–{’¬‚R’–Ϊ,2018-01-12,13,’“Τi—Φjκ,{ω‚µ‚½,‚Θ‚µ
ή“,Τγ‚Λ‚η‚Ά,’²•z,’²•z‰w‘Oπ”Τ,132080,“‹“s,’²•zs,¬“‡’¬‚Q’–Ϊ,2018-02-12,20,’“Τi—Φjκ,{ω‚µ‚½,‚Θ‚µ
ή“,Τγ‚Λ‚η‚Ά,’²•z,”ς“c‹‹‰w‘Oπ”Τ,132080,“‹“s,’²•zs,”ς“c‹‹‚P’–Ϊ,2018-03-14,16,’“Τi—Φjκ,{ω‚µ‚½,‚Θ‚µ
ή“,Τγ‚Λ‚η‚Ά,’²•z,”ς“c‹‹‰w‘Oπ”Τ,132080,“‹“s,’²•zs,”ς“c‹‹‚R’–Ϊ,2018-09-09,08,κΛZ‘ξ,{ω‚µ‚½,‚ ‚θ
ή“,Τγ‚Λ‚η‚Ά,¬•½,¬μ‰w‘Oπ”Τ,132110,“‹“s,¬•½s,¬μ“’¬‚P’–Ϊ,2018-05-08,21,“ΉHγ,{ω‚µ‚½,‚ ‚θ
ή“,Τγ‚Λ‚η‚Ά,¬•½,μ•½‹΄’“έ,132110,“‹“s,¬•½s,γ…“μ’¬‚P’–Ϊ,2018-07-01,18,κΛZ‘ξ,{ω‚µ‚½,‚ ‚θ
ή“,Τγ‚Λ‚η‚Ά,¬•½,μ•½‹΄’“έ,132110,“‹“s,¬•½s,γ…“μ’¬‚P’–Ϊ,2018-07-01,18,’“Τi—Φjκ,{ω‚µ‚½,‚ ‚θ
ή“,Τγ‚Λ‚η‚Ά,¬•½,‘εΐ’¬π”Τ,132110,“‹“s,¬•½s,‰Τ¬‹ΰδ‚S’–Ϊ,2018-04-20,03,’“Τi—Φjκ,{ω‚µ‚½,‚ ‚θ
ή“,Τγ‚Λ‚η‚Ά,¬•½,¬μ’“έ,132110,“‹“s,¬•½s,¬μ’¬‚Q’–Ϊ,2018-10-18,06,’“Τi—Φjκ,{ω‚µ‚½,‚Θ‚µ
ή“,Τγ‚Λ‚η‚Ά,¬•½,¬μ’“έ,132110,“‹“s,¬•½s,¬μ’¬‚Q’–Ϊ,2018-10-18,06,’“Τi—Φjκ,{ω‚µ‚½,‚ ‚θ
ή“,Τγ‚Λ‚η‚Ά,¬•½,γhπ”Τ,132110,“‹“s,¬•½s,¬μ’¬‚P’–Ϊ,2018-01-25,21,’“Τi—Φjκ,{ω‚µ‚½,‚Θ‚µ
ή“,Τγ‚Λ‚η‚Ά,’†‰›,,131024,“‹“s,’†‰›‹ζ,,2018-02-01,•s–Ύ,“ΉHγ,{ω‚Ή‚Έ,‚Θ‚µ
ή“,Τγ‚Λ‚η‚Ά,’†‰›,“ϊ–{‹΄π”Τ,131024,“‹“s,’†‰›‹ζ,“ϊ–{‹΄‚Q’–Ϊ,2018-03-26,10,‚»‚Μ‘Ό,{ω‚Ή‚Έ,‚ ‚θ
ή“,Τγ‚Λ‚η‚Ά,’†‰›,“ϊ–{‹΄π”Τ,131024,“‹“s,’†‰›‹ζ,“ϊ–{‹΄–x—―’¬‚P’–Ϊ,2018-01-24,19,“ΉHγ,{ω‚Ή‚Έ,‚ ‚θ
ή“,Τγ‚Λ‚η‚Ά,’†‰›,“ϊ–{‹΄π”Τ,131024,“‹“s,’†‰›‹ζ,”ªdF‚P’–Ϊ,2018-03-23,00,“ΉHγ,{ω‚Ή‚Έ,‚ ‚θ
ή“,Τγ‚Λ‚η‚Ά,’†‰›,”ª’–xπ”Τ,131024,“‹“s,’†‰›‹ζ,‹‹΄‚Q’–Ϊ,2018-04-06,11,“ΉHγ,{ω‚Ή‚Έ,‚ ‚θ
ή“,Τγ‚Λ‚η‚Ά,’†‰›,”ª’–xπ”Τ,131024,“‹“s,’†‰›‹ζ,”ª’–x‚P’–Ϊ,2018-12-19,10,“ΉHγ,{ω‚Ή‚Έ,‚ ‚θ
ή“,Τγ‚Λ‚η‚Ά,’†‰›,‚‹΄π”Τ,131024,“‹“s,’†‰›‹ζ,Vμ‚P’–Ϊ,2018-01-25,14,‚SK‚ΔΘγ‹¤“―Z‘ξ,{ω‚Ή‚Έ,‚Θ‚µ
ή“,Τγ‚Λ‚η‚Ά,’†‰›,‚‹΄π”Τ,131024,“‹“s,’†‰›‹ζ,Vμ‚Q’–Ϊ,2018-02-03,16,‚SK‚ΔΘγ‹¤“―Z‘ξ,{ω‚Ή‚Έ,‚Θ‚µ
ή“,Τγ‚Λ‚η‚Ά,’†‰›,‚‹΄π”Τ,131024,“‹“s,’†‰›‹ζ,Vμ‚Q’–Ϊ,2018-07-25,11,“ΉHγ,{ω‚Ή‚Έ,‚ ‚θ
ή“,Τγ‚Λ‚η‚Ά,’†‰›,‚‹΄π”Τ,131024,“‹“s,’†‰›‹ζ,”ª’–x‚S’–Ϊ,2018-01-21,02,“ΉHγ,{ω‚Ή‚Έ,‚Θ‚µ
ή“,Τγ‚Λ‚η‚Ά,[μ,X‰Ίπ”Τ,131083,“‹“s,]“‹ζ,X‰Ί‚R’–Ϊ,2018-02-15,10,“ΉHγ,{ω‚Ή‚Έ,‚ ‚θ
ή“,Τγ‚Λ‚η‚Ά,[μ,Z‹gπ”Τ,131083,“‹“s,]“‹ζ,‰]‚Q’–Ϊ,2018-07-30,16,‚»‚Μ‘Ό,{ω‚Ή‚Έ,‚ ‚θ
ή“,Τγ‚Λ‚η‚Ά,[μ,Z‹gπ”Τ,131083,“‹“s,]“‹ζ,–Ρ—‚Q’–Ϊ,2018-04-22,17,‚»‚Μ‘Ό,{ω‚Ή‚Έ,‚ ‚θ
ή“,Τγ‚Λ‚η‚Ά,[μ,Z‹gπ”Τ,131083,“‹“s,]“‹ζ,–Ρ—‚Q’–Ϊ,2018-09-16,12,‚»‚Μ‘Ό,{ω‚Ή‚Έ,‚ ‚θ
ή“,Τγ‚Λ‚η‚Ά,[μ,“—zπ”Τ,131083,“‹“s,]“‹ζ,‰–•l‚Q’–Ϊ,2018-07-23,15,‚»‚Μ‘Ό‚ΜZ‘ξi‚RK‚ΔΘ‰Ί‹¤“―Z‘ξ“™j,{ω‚Ή‚Έ,‚ ‚θ
ή“,Τγ‚Λ‚η‚Ά,[μ,“—zπ”Τ,131083,“‹“s,]“‹ζ,“—z‚Q’–Ϊ,2018-02-02,18,‚SK‚ΔΘγ‹¤“―Z‘ξ,{ω‚Ή‚Έ,‚Θ‚µ
ή“,Τγ‚Λ‚η‚Ά,[μ,“—zπ”Τ,131083,“‹“s,]“‹ζ,“—z‚R’–Ϊ,2018-12-29,19,“ΉHγ,{ω‚Ή‚Έ,‚Θ‚µ
ή“,Τγ‚Λ‚η‚Ά,[μ,–ε‘O’‡’¬π”Τ,131083,“‹“s,]“‹ζ,‰²’O‚Q’–Ϊ,2018-10-06,15,‚»‚Μ‘Ό,{ω‚Ή‚Έ,‚Θ‚µ
ή“,Τγ‚Λ‚η‚Ά,[μ,η“cπ”Τ,131083,“‹“s,]“‹ζ,ξ‹΄‚P’–Ϊ,2018-06-18,03,‚»‚Μ‘Ό,{ω‚Ή‚Έ,‚ ‚θ
ή“,Τγ‚Λ‚η‚Ά,[μ,η“cπ”Τ,131083,“‹“s,]“‹ζ,ηΞ‚Q’–Ϊ,2018-09-06,23,“ΉHγ,{ω‚Ή‚Έ,‚ ‚θ
ή“,Τγ‚Λ‚η‚Ά,[μ,η“cπ”Τ,131083,“‹“s,]“‹ζ,η“c,2018-08-09,08,“ΉHγ,{ω‚Ή‚Έ,‚ ‚θ
ή“,Τγ‚Λ‚η‚Ά,[μ,η“cπ”Τ,131083,“‹“s,]“‹ζ,“—z‚U’–Ϊ,2018-12-14,16,’“Τi—Φjκ,{ω‚Ή‚Έ,‚Θ‚µ
ή“,Τγ‚Λ‚η‚Ά,[μ,–LFπ”Τ,131083,“‹“s,]“‹ζ,–LF‚P’–Ϊ,2018-11-02,00,‚SK‚ΔΘγ‹¤“―Z‘ξ,{ω‚Ή‚Έ,‚Θ‚µ
ή“,Τγ‚Λ‚η‚Ά,[μ,–LFπ”Τ,131083,“‹“s,]“‹ζ,–LF‚Q’–Ϊ,2018-02-18,19,’“Τi—Φjκ,{ω‚Ή‚Έ,‚ ‚θ
ή“,Τγ‚Λ‚η‚Ά,[μ,–LFπ”Τ,131083,“‹“s,]“‹ζ,–LF‚Q’–Ϊ,2018-03-22,19,‚SK‚ΔΘγ‹¤“―Z‘ξ,{ω‚Ή‚Έ,‚ ‚θ
ή“,Τγ‚Λ‚η‚Ά,[μ,»‘γ”όpΩ‘Oπ”Τ,131083,“‹“s,]“‹ζ,”’‰Ν‚R’–Ϊ,2018-08-06,01,“ΉHγ,{ω‚Ή‚Έ,‚ ‚θ
ή“,Τγ‚Λ‚η‚Ά,[μ,»‘γ”όpΩ‘Oπ”Τ,131083,“‹“s,]“‹ζ,OD‚S’–Ϊ,2018-03-07,08,“ΉHγ,{ω‚Ή‚Έ,‚ ‚θ
ή“,Τγ‚Λ‚η‚Ά,[μ,}μπ”Τ,131083,“‹“s,]“‹ζ,}μ‚Q’–Ϊ,2018-08-20,07,“ΉHγ,{ω‚Ή‚Έ,‚ ‚θ
ή“,Τγ‚Λ‚η‚Ά,[μ,}μπ”Τ,131083,“‹“s,]“‹ζ,}μ‚Q’–Ϊ,2018-12-01,22,‚»‚Μ‘Ό,{ω‚Ή‚Έ,‚Θ‚µ
ή“,Τγ‚Λ‚η‚Ά,[μ,}μπ”Τ,131083,“‹“s,]“‹ζ,‰–•l‚P’–Ϊ,2018-04-06,16,‚SK‚ΔΘγ‹¤“―Z‘ξ,{ω‚Ή‚Έ,‚Θ‚µ
ή“,Τγ‚Λ‚η‚Ά,’¬,‹γ’i‰Ίπ”Τ,131016,“‹“s,η‘γ“c‹ζ,‹γ’i“μ‚Q’–Ϊ,2018-03-30,23,‚»‚Μ‘Ό,{ω‚Ή‚Έ,‚ ‚θ
ή“,Τγ‚Λ‚η‚Ά,’¬,‹γ’i‰Ίπ”Τ,131016,“‹“s,η‘γ“c‹ζ,κƒc‹΄‚P’–Ϊ,2018-10-19,08,“ΉHγ,{ω‚Ή‚Έ,‚ ‚θ
ή“,Τγ‚Λ‚η‚Ά,Ϋ‚Μ“ΰ,“ϊ”δ’Jφ‰€‘Oπ”Τ,131016,“‹“s,η‘γ“c‹ζ,“ϊ”δ’Jφ‰€,2018-04-25,18,’“Τi—Φjκ,{ω‚Ή‚Έ,‚Θ‚µ
ή“,Τγ‚Λ‚η‚Ά,Ϋ‚Μ“ΰ,—Ly’¬‰w‘Oπ”Τ,131016,“‹“s,η‘γ“c‹ζ,Ϋ‚Μ“ΰ‚R’–Ϊ,2018-11-09,18,’“Τi—Φjκ,{ω‚Ή‚Έ,‚ ‚θ
ή“,Τγ‚Λ‚η‚Ά,Ϋ‚Μ“ΰ,—Ly’¬‰w‘Oπ”Τ,131016,“‹“s,η‘γ“c‹ζ,—Ly’¬‚P’–Ϊ,2018-05-08,15,“ΉHγ,{ω‚Ή‚Έ,‚ ‚θ
ή“,Τγ‚Λ‚η‚Ά,Ϋ‚Μ“ΰ,—Ly’¬‰w‘Oπ”Τ,131016,“‹“s,η‘γ“c‹ζ,—Ly’¬‚Q’–Ϊ,2018-05-23,13,’“Τi—Φjκ,{ω‚Ή‚Έ,‚ ‚θ
ή“,Τγ‚Λ‚η‚Ά,Ϋ‚Μ“ΰ,—Ly’¬‰w‘Oπ”Τ,131016,“‹“s,η‘γ“c‹ζ,—Ly’¬‚Q’–Ϊ,2018-08-14,15,“ΉHγ,{ω‚Ή‚Έ,‚Θ‚µ
ή“,Τγ‚Λ‚η‚Ά,Ϋ‚Μ“ΰ,a“c‘q–εOπ”Τ,131016,“‹“s,η‘γ“c‹ζ,‘εθ’¬‚P’–Ϊ,2018-07-12,16,’“Τi—Φjκ,{ω‚Ή‚Έ,‚ ‚θ
ή“,Τγ‚Λ‚η‚Ά,Ϋ‚Μ“ΰ,a“c‘q–εOπ”Τ,131016,“‹“s,η‘γ“c‹ζ,‘εθ’¬‚P’–Ϊ,2018-10-03,14,’“Τi—Φjκ,{ω‚Ή‚Έ,‚Θ‚µ
ή“,Τγ‚Λ‚η‚Ά,Ϋ‚Μ“ΰ,a“c‘q–εOπ”Τ,131016,“‹“s,η‘γ“c‹ζ,c‹O‰‘,2018-04-03,21,“ΉHγ,{ω‚Ή‚Έ,‚ ‚θ
ή“,Τγ‚Λ‚η‚Ά,_“c,,131059,“‹“s,•¶‹‹ζ,“’“‡‚R’–Ϊ,2018-01-12,10,“ΉHγ,{ω‚Ή‚Έ,‚ ‚θ
ή“,Τγ‚Λ‚η‚Ά,_“c,i’¬π”Τ,131016,“‹“s,η‘γ“c‹ζ,“ΰ_“c‚P’–Ϊ,2018-04-05,17,’“Τi—Φjκ,{ω‚Ή‚Έ,‚Θ‚µ
ή“,Τγ‚Λ‚η‚Ά,_“c,_•Ϋ’¬π”Τ,131016,“‹“s,η‘γ“c‹ζ,_“c_•Ϋ’¬‚R’–Ϊ,2018-06-17,00,‚SK‚ΔΘγ‹¤“―Z‘ξ,{ω‚Ή‚Έ,‚Θ‚µ
ή“,Τγ‚Λ‚η‚Ά,_“c,…“Ή‹΄‰w‘Oπ”Τ,131016,“‹“s,η‘γ“c‹ζ,,2018-04-20,19,“ΉHγ,{ω‚Ή‚Έ,‚ ‚θ
ή“,Τγ‚Λ‚η‚Ά,–Ά‹΄,_“c‰wπ”Τ,131016,“‹“s,η‘γ“c‹ζ,_“c{“c’¬‚P’–Ϊ,2018-03-13,13,“ΉHγ,{ω‚Ή‚Έ,‚ ‚θ
ή“,Τγ‚Λ‚η‚Ά,–Ά‹΄,H—t΄π”Τ,131016,“‹“s,η‘γ“c‹ζ,_“c{“c’¬‚Q’–Ϊ,2018-10-16,23,’“Τi—Φjκ,{ω‚Ή‚Έ,‚Θ‚µ
ή“,Τγ‚Λ‚η‚Ά,–Ά‹΄,H—t΄π”Τ,131016,“‹“s,η‘γ“c‹ζ,_“c‰Τ‰ª’¬,2018-02-23,18,’“Τi—Φjκ,{ω‚Ή‚Έ,‚Θ‚µ
ή“,Τγ‚Λ‚η‚Ά,–Ά‹΄,H—t΄π”Τ,131016,“‹“s,η‘γ“c‹ζ,_“c‰Τ‰ª’¬,2018-08-06,13,’“Τi—Φjκ,{ω‚Ή‚Έ,‚Θ‚µ
ή“,Τγ‚Λ‚η‚Ά,–Ά‹΄,H—t΄π”Τ,131016,“‹“s,η‘γ“c‹ζ,O_“c‚S’–Ϊ,2018-06-13,14,’“Τi—Φjκ,{ω‚Ή‚Έ,‚Θ‚µ
ή“,Τγ‚Λ‚η‚Ά,–Ά‹΄,H—t΄π”Τ,131016,“‹“s,η‘γ“c‹ζ,O_“c‚S’–Ϊ,2018-09-11,17,“ΉHγ,{ω‚Ή‚Έ,‚ ‚θ
ή“,Τγ‚Λ‚η‚Ά,–Ά‹΄,H—t΄π”Τ,131016,“‹“s,η‘γ“c‹ζ,O_“c‚S’–Ϊ,2018-09-13,03,’“Τi—Φjκ,{ω‚Ή‚Έ,‚ ‚θ
ή“,Τγ‚Λ‚η‚Ά,–Ά‹΄,H—t΄π”Τ,131016,“‹“s,η‘γ“c‹ζ,O_“c‚T’–Ϊ,2018-08-14,21,“ΉHγ,{ω‚Ή‚Έ,‚ ‚θ
ή“,Τγ‚Λ‚η‚Ά,‹vΌ,…“V‹{‘Oπ”Τ,131024,“‹“s,’†‰›‹ζ,“ϊ–{‹΄l`’¬‚P’–Ϊ,2018-02-26,18,’“Τi—Φjκ,{ω‚Ή‚Έ,‚Θ‚µ
ή“,Τγ‚Λ‚η‚Ά,‹vΌ,““ϊ–{‹΄π”Τ,131024,“‹“s,’†‰›‹ζ,“ϊ–{‹΄•l’¬‚P’–Ϊ,2018-10-17,13,’“Τi—Φjκ,{ω‚Ή‚Έ,‚ ‚θ
ή“,Τγ‚Λ‚η‚Ά,‹vΌ,–β‰®‹΄π”Τ,131024,“‹“s,’†‰›‹ζ,“ϊ–{‹΄•x‘ς’¬,2018-04-28,16,“ΉHγ,{ω‚Ή‚Έ,‚ ‚θ
ή“,Τγ‚Λ‚η‚Ά,’z’n,‹βΐκ’–Ϊπ”Τ,131024,“‹“s,’†‰›‹ζ,‹βΐ‚P’–Ϊ,2018-05-30,12,“ΉHγ,{ω‚Ή‚Έ,‚Θ‚µ
ή“,Τγ‚Λ‚η‚Ά,’z’n,‹βΐκ’–Ϊπ”Τ,131024,“‹“s,’†‰›‹ζ,‹βΐ‚Q’–Ϊ,2018-02-08,06,“ΉHγ,{ω‚Ή‚Έ,‚ ‚θ
ή“,Τγ‚Λ‚η‚Ά,’z’n,‹βΐκ’–Ϊπ”Τ,131024,“‹“s,’†‰›‹ζ,‹βΐ‚Q’–Ϊ,2018-02-08,10,“ΉHγ,{ω‚Ή‚Έ,‚Θ‚µ
ή“,Τγ‚Λ‚η‚Ά,’z’n,‹βΐκ’–Ϊπ”Τ,131024,“‹“s,’†‰›‹ζ,‹βΐ‚Q’–Ϊ,2018-03-19,11,“ΉHγ,{ω‚Ή‚Έ,‚ ‚θ
ή“,Τγ‚Λ‚η‚Ά,’z’n,”ρ‰®‹΄π”Τ,131024,“‹“s,’†‰›‹ζ,‹βΐ‚R’–Ϊ,2018-02-15,10,“ΉHγ,{ω‚Ή‚Έ,‚Θ‚µ
ή“,Τγ‚Λ‚η‚Ά,’z’n,”ρ‰®‹΄π”Τ,131024,“‹“s,’†‰›‹ζ,‹βΐ‚R’–Ϊ,2018-06-04,08,“ΉHγ,{ω‚Ή‚Έ,‚ ‚θ
ή“,Τγ‚Λ‚η‚Ά,’z’n,”ρ‰®‹΄π”Τ,131024,“‹“s,’†‰›‹ζ,‹βΐ‚T’–Ϊ,2018-04-06,18,“ΉHγ,{ω‚Ή‚Έ,‚ ‚θ
ή“,Τγ‚Λ‚η‚Ά,’z’n,”ρ‰®‹΄π”Τ,131024,“‹“s,’†‰›‹ζ,‹βΐ‚U’–Ϊ,2018-02-08,17,“ΉHγ,{ω‚Ή‚Έ,‚ ‚θ
ή“,Τγ‚Λ‚η‚Ά,’z’n,”ρ‰®‹΄π”Τ,131024,“‹“s,’†‰›‹ζ,‹βΐ‚U’–Ϊ,2018-05-11,11,“ΉHγ,{ω‚Ή‚Έ,‚ ‚θ
ή“,Τγ‚Λ‚η‚Ά,’z’n,‹βΐ”ª’–Ϊπ”Τ,131024,“‹“s,’†‰›‹ζ,‹βΐ‚U’–Ϊ,2018-01-11,12,“ΉHγ,{ω‚Ή‚Έ,‚ ‚θ
ή“,Τγ‚Λ‚η‚Ά,’z’n,‹βΐ”ª’–Ϊπ”Τ,131024,“‹“s,’†‰›‹ζ,‹βΐ‚U’–Ϊ,2018-05-25,12,“ΉHγ,{ω‚Ή‚Έ,‚Θ‚µ
ή“,Τγ‚Λ‚η‚Ά,’z’n,‹βΐ”ª’–Ϊπ”Τ,131024,“‹“s,’†‰›‹ζ,‹βΐ‚V’–Ϊ,2018-08-27,14,’“Τi—Φjκ,{ω‚Ή‚Έ,‚ ‚θ
ή“,Τγ‚Λ‚η‚Ά,’z’n,‹βΐ”ª’–Ϊπ”Τ,131024,“‹“s,’†‰›‹ζ,‹βΐ‚W’–Ϊ,2018-01-18,11,“ΉHγ,{ω‚Ή‚Έ,‚ ‚θ
ή“,Τγ‚Λ‚η‚Ά,’z’n,¬“c΄’¬π”Τ,131024,“‹“s,’†‰›‹ζ,’z’n‚Q’–Ϊ,2018-01-26,09,“ΉHγ,{ω‚Ή‚Έ,‚ ‚θ
ή“,Τγ‚Λ‚η‚Ά,’z’n,’†‰›sκπ”Τ,131024,“‹“s,’†‰›‹ζ,’z’n‚T’–Ϊ,2018-04-02,13,“ΉHγ,{ω‚Ή‚Έ,‚ ‚θ
ή“,Τγ‚Λ‚η‚Ά,’z’n,’†‰›sκπ”Τ,131024,“‹“s,’†‰›‹ζ,’z’n‚T’–Ϊ,2018-05-15,07,‚»‚Μ‘Ό,{ω‚Ή‚Έ,‚ ‚θ
ή“,Τγ‚Λ‚η‚Ά,’z’n,’†‰›sκπ”Τ,131024,“‹“s,’†‰›‹ζ,’z’n‚T’–Ϊ,2018-05-18,09,‚»‚Μ‘Ό,{ω‚Ή‚Έ,‚ ‚θ
ή“,Τγ‚Λ‚η‚Ά,’z’n,’†‰›sκπ”Τ,131024,“‹“s,’†‰›‹ζ,’z’n‚T’–Ϊ,2018-09-01,06,‚»‚Μ‘Ό,{ω‚Ή‚Έ,‚ ‚θ
ή“,Τγ‚Λ‚η‚Ά,’z’n,’†‰›sκπ”Τ,131024,“‹“s,’†‰›‹ζ,’z’n‚T’–Ϊ,2018-09-01,08,‚»‚Μ‘Ό,{ω‚Ή‚Έ,‚ ‚θ
ή“,Τγ‚Λ‚η‚Ά,’z’n,’†‰›sκπ”Τ,131024,“‹“s,’†‰›‹ζ,’z’n‚U’–Ϊ,2018-03-12,04,‚»‚Μ‘Ό,{ω‚Ή‚Έ,‚Θ‚µ
ή“,Τγ‚Λ‚η‚Ά,’z’n,’†‰›sκπ”Τ,131024,“‹“s,’†‰›‹ζ,’z’n‚U’–Ϊ,2018-03-24,12,’“Τi—Φjκ,{ω‚Ή‚Έ,‚ ‚θ
ή“,Τγ‚Λ‚η‚Ά,’z’n,V•x’¬π”Τ,131024,“‹“s,’†‰›‹ζ,–ΎΞ’¬,2018-10-09,17,“ΉHγ,{ω‚Ή‚Έ,‚Θ‚µ
ή“,Τγ‚Λ‚η‚Ά,“‡,‚Η‚«‹΄π”Τ,131024,“‹“s,’†‰›‹ζ,‚Η‚«‚P’–Ϊ,2018-04-08,16,‚»‚Μ‘Ό,{ω‚Ή‚Έ,‚ ‚θ
ή“,Τγ‚Λ‚η‚Ά,¤“†,V‹΄O’–Ϊπ”Τ,131032,“‹“s,`‹ζ,ΌV‹΄‚Q’–Ϊ,2018-09-25,07,’“Τi—Φjκ,{ω‚Ή‚Έ,‚ ‚θ
ή“,Τγ‚Λ‚η‚Ά,¤“†,V‹΄O’–Ϊπ”Τ,131032,“‹“s,`‹ζ,ΌV‹΄‚Q’–Ϊ,2018-11-29,18,“ΉHγ,{ω‚Ή‚Έ,‚ ‚θ
ή“,Τγ‚Λ‚η‚Ά,¤“†,V‹΄O’–Ϊπ”Τ,131032,“‹“s,`‹ζ,ΌV‹΄‚Q’–Ϊ,2018-12-08,18,’“Τi—Φjκ,{ω‚Ή‚Έ,‚Θ‚µ
ή“,Τγ‚Λ‚η‚Ά,¤“†,“‹ƒ^ƒ[‘Oπ”Τ,131032,“‹“s,`‹ζ,Εφ‰€‚R’–Ϊ,2018-04-09,14,‚»‚Μ‘Ό,{ω‚Ή‚Έ,‚Θ‚µ
ή“,Τγ‚Λ‚η‚Ά,¤“†,’|Επ”Τ,131032,“‹“s,`‹ζ,Cέ‚P’–Ϊ,2018-12-24,11,“ΉHγ,{ω‚Ή‚Έ,‚Θ‚µ
ή“,Τγ‚Λ‚η‚Ά,O“c,“c’¬‰w“ϋπ”Τ,131032,“‹“s,`‹ζ,Ε‚T’–Ϊ,2018-04-03,06,’“Τi—Φjκ,{ω‚Ή‚Έ,‚Θ‚µ
ή“,Τγ‚Λ‚η‚Ά,O“c,“c’¬‰w“ϋπ”Τ,131032,“‹“s,`‹ζ,Ε‰Y‚Q’–Ϊ,2018-06-05,09,“ΉHγ,{ω‚Ή‚Έ,‚ ‚θ
ή“,Τγ‚Λ‚η‚Ά,‚—Φ,‚—Φ‘δπ”Τ,131032,“‹“s,`‹ζ,”’‹ΰ‘δ‚Q’–Ϊ,2018-06-27,11,“ΉHγ,{ω‚Ή‚Έ,‚ ‚θ
ή“,Τγ‚Λ‚η‚Ά,‚—Φ,‚—Φ‘δπ”Τ,131032,“‹“s,`‹ζ,”’‹ΰ‘δ‚R’–Ϊ,2018-06-10,03,“ΉHγ,{ω‚Ή‚Έ,‚ ‚θ
ή“,Τγ‚Λ‚η‚Ά,‚—Φ,”’‹ΰOυ’¬π”Τ,131032,“‹“s,`‹ζ,”’‹ΰ‚U’–Ϊ,2018-10-01,19,“ΉHγ,{ω‚Ή‚Έ,‚Θ‚µ
ή“,Τγ‚Λ‚η‚Ά,‚—Φ,”’‹ΰOυ’¬π”Τ,131032,“‹“s,`‹ζ,”’‹ΰ‘δ‚S’–Ϊ,2018-04-01,15,“ΉHγ,{ω‚Ή‚Έ,‚Θ‚µ
ή“,Τγ‚Λ‚η‚Ά,–ƒ•z,Z–{–Ψπ”Τ,131032,“‹“s,`‹ζ,Z–{–Ψ‚R’–Ϊ,2018-07-18,11,“ΉHγ,{ω‚Ή‚Έ,‚Θ‚µ
ή“,Τγ‚Λ‚η‚Ά,–ƒ•z,Z–{–ΨZ’–Ϊπ”Τ,131032,“‹“s,`‹ζ,³–ƒ•z‚R’–Ϊ,2018-03-01,14,’“Τi—Φjκ,{ω‚Ή‚Έ,‚Θ‚µ
ή“,Τγ‚Λ‚η‚Ά,–ƒ•z,Z–{–ΨZ’–Ϊπ”Τ,131032,“‹“s,`‹ζ,Z–{–Ψ‚U’–Ϊ,2018-10-29,05,‚»‚Μ‘Ό,{ω‚Ή‚Έ,‚Θ‚µ
ή“,Τγ‚Λ‚η‚Ά,–ƒ•z,Z–{–ΨZ’–Ϊπ”Τ,131032,“‹“s,`‹ζ,Z–{–Ψ‚V’–Ϊ,2018-02-25,10,“ΉHγ,{ω‚Ή‚Έ,‚Θ‚µ
ή“,Τγ‚Λ‚η‚Ά,Τβ,,,,,,2018-03-21,11,“ΉHγ,{ω‚Ή‚Έ,‚Θ‚µ
ή“,Τγ‚Λ‚η‚Ά,Τβ,Τβ©•π”Τ,131032,“‹“s,`‹ζ,³Τβ‚P’–Ϊ,2018-04-12,10,’“Τi—Φjκ,{ω‚Ή‚Έ,‚ ‚θ
ή“,Τγ‚Λ‚η‚Ά,Τβ,ΒRκ’–Ϊπ”Τ,131032,“‹“s,`‹ζ,Τβ‚W’–Ϊ,2018-04-17,18,“ΉHγ,{ω‚Ή‚Έ,‚Θ‚µ
ή“,Τγ‚Λ‚η‚Ά,Τβ,ΒRκ’–Ϊπ”Τ,131032,“‹“s,`‹ζ,“μΒR‚P’–Ϊ,2018-06-29,20,“ΉHγ,{ω‚Ή‚Έ,‚Θ‚µ
ή“,Τγ‚Λ‚η‚Ά,Τβ,ΒRκ’–Ϊπ”Τ,131032,“‹“s,`‹ζ,“μΒR‚P’–Ϊ,2018-07-11,11,“ΉHγ,{ω‚Ή‚Έ,‚Θ‚µ
ή“,Τγ‚Λ‚η‚Ά,Τβ,•\Q“Ήπ”Τ,131032,“‹“s,`‹ζ,–kΒR‚R’–Ϊ,2018-10-24,22,“ΉHγ,{ω‚Ή‚Έ,‚ ‚θ
ή“,Τγ‚Λ‚η‚Ά,Τβ,•\Q“Ήπ”Τ,131032,“‹“s,`‹ζ,“μΒR‚S’–Ϊ,2018-01-09,20,‚SK‚ΔΘγ‹¤“―Z‘ξ,{ω‚Ή‚Έ,‚ ‚θ
ή“,Τγ‚Λ‚η‚Ά,Τβ,Τβά’–Ϊπ”Τ,131032,“‹“s,`‹ζ,Τβ‚U’–Ϊ,2018-04-05,10,“ΉHγ,{ω‚Ή‚Έ,‚Θ‚µ
ή“,Τγ‚Λ‚η‚Ά,“‹pέ,‘ζά‘δκπ”Τ,131091,“‹“s,•iμ‹ζ,“•iμ‚T’–Ϊ,2018-02-15,16,“ΉHγ,{ω‚Ή‚Έ,‚ ‚θ
ή“,Τγ‚Λ‚η‚Ά,“‹pέ,‘ε“csκ‘Oπ”Τ,131113,“‹“s,‘ε“c‹ζ,“C‚R’–Ϊ,2018-10-25,06,’“Τi—Φjκ,{ω‚Ή‚Έ,‚Θ‚µ
ή“,Τγ‚Λ‚η‚Ά,“‹pέ,‚¨‘δκC•lφ‰€‰w‘Oπ”Τ,131083,“‹“s,]“‹ζ,,2018-10-03,13,‚»‚Μ‘Ό,{ω‚Ή‚Έ,‚Θ‚µ
ή“,Τγ‚Λ‚η‚Ά,“‹pέ,“s‹΄π”Τ,131083,“‹“s,]“‹ζ,—L–Ύ‚R’–Ϊ,2018-08-03,14,‚»‚Μ‘Ό,{ω‚Ή‚Έ,‚ ‚θ
ή“,Τγ‚Λ‚η‚Ά,“‹pέ,“s‹΄π”Τ,131083,“‹“s,]“‹ζ,“‰_‚P’–Ϊ,2017-12-09,18,‚SK‚ΔΘγ‹¤“―Z‘ξ,{ω‚Ή‚Έ,‚Θ‚µ
ή“,Τγ‚Λ‚η‚Ά,•iμ,‘δκπ”Τ,131091,“‹“s,•iμ‹ζ,–k•iμ‚P’–Ϊ,2018-07-10,15,’“Τi—Φjκ,{ω‚Ή‚Έ,‚ ‚θ
ή“,Τγ‚Λ‚η‚Ά,•iμ,Oƒc–Ψπ”Τ,131091,“‹“s,•iμ‹ζ,Ό•iμ‚Q’–Ϊ,2018-02-26,12,“ΉHγ,{ω‚Ή‚Έ,‚Θ‚µ
ή“,Τγ‚Λ‚η‚Ά,•iμ,Oƒc–Ψπ”Τ,131091,“‹“s,•iμ‹ζ,Ό•iμ‚Q’–Ϊ,2018-07-17,08,’“Τi—Φjκ,{ω‚Ή‚Έ,‚ ‚θ
ή“,Τγ‚Λ‚η‚Ά,•iμ,Β•¨‰΅’‰w‘Oπ”Τ,131091,“‹“s,•iμ‹ζ,“μ•iμ‚Q’–Ϊ,2018-11-25,19,“ΉHγ,{ω‚Ή‚Έ,‚Θ‚µ
ή“,Τγ‚Λ‚η‚Ά,•iμ,Β•¨‰΅’‰w‘Oπ”Τ,131091,“‹“s,•iμ‹ζ,“μ•iμ‚R’–Ϊ,2018-08-09,13,“ΉHγ,{ω‚Ή‚Έ,‚ ‚θ
ή“,Τγ‚Λ‚η‚Ά,•iμ,“V‰¤Fπ”Τ,131091,“‹“s,•iμ‹ζ,“•iμ‚R’–Ϊ,2018-09-06,09,’“Τi—Φjκ,{ω‚Ή‚Έ,‚Θ‚µ
ή“,Τγ‚Λ‚η‚Ά,‘εδ,,131091,“‹“s,•iμ‹ζ,,2017-12-30,14,“ΉHγ,{ω‚Ή‚Έ,‚ ‚θ
ή“,Τγ‚Λ‚η‚Ά,‘εδ,­“‡_Π‘Oπ”Τ,131091,“‹“s,•iμ‹ζ,‘εδ‚T’–Ϊ,2018-01-01,21,‚»‚Μ‘Ό‚ΜZ‘ξi‚RK‚ΔΘ‰Ί‹¤“―Z‘ξ“™j,{ω‚Ή‚Έ,‚Θ‚µ
ή“,Τγ‚Λ‚η‚Ά,‘εδ,­“‡_Π‘Oπ”Τ,131091,“‹“s,•iμ‹ζ,‘εδ‚V’–Ϊ,2018-11-25,12,‚»‚Μ‘Ό,{ω‚Ή‚Έ,‚Θ‚µ
ή“,Τγ‚Λ‚η‚Ά,‘εδ,—§‰ομπ”Τ,131091,“‹“s,•iμ‹ζ,“‘εδ‚Q’–Ϊ,2018-07-17,14,’“Τi—Φjκ,{ω‚Ή‚Έ,‚ ‚θ
ή“,Τγ‚Λ‚η‚Ά,‘εδ,—§‰ομπ”Τ,131091,“‹“s,•iμ‹ζ,“μ‘εδ‚P’–Ϊ,2018-07-16,17,κΛZ‘ξ,{ω‚Ή‚Έ,‚Θ‚µ
ή“,Τγ‚Λ‚η‚Ά,‘εδ,”ª’ª’c’nπ”Τ,131091,“‹“s,•iμ‹ζ,”ª’ª‚T’–Ϊ,2018-05-15,17,’“Τi—Φjκ,{ω‚Ή‚Έ,‚ ‚θ
ή“,Τγ‚Λ‚η‚Ά,‘εθ,ά”½“c‰w‘Oπ”Τ,131091,“‹“s,•iμ‹ζ,“ά”½“c‚P’–Ϊ,2018-03-02,14,“ΉHγ,{ω‚Ή‚Έ,‚Θ‚µ
ή“,Τγ‚Λ‚η‚Ά,‘εθ,ά”½“c‰w‘Oπ”Τ,131091,“‹“s,•iμ‹ζ,“ά”½“c‚Q’–Ϊ,2018-11-14,19,’“Τi—Φjκ,{ω‚Ή‚Έ,‚Θ‚µ
ή“,Τγ‚Λ‚η‚Ά,‘εθ,ά”½“c‰w‘Oπ”Τ,131091,“‹“s,•iμ‹ζ,“ά”½“c‚Q’–Ϊ,2018-12-16,18,’“Τi—Φjκ,{ω‚Ή‚Έ,‚ ‚θ
ή“,Τγ‚Λ‚η‚Ά,‘εθ,‘εθ‰w‘Oπ”Τ,131091,“‹“s,•iμ‹ζ,‘εθ‚P’–Ϊ,2018-11-17,15,“ΉHγ,{ω‚Ή‚Έ,‚Θ‚µ
ή“,Τγ‚Λ‚η‚Ά,‘εθ,’†΄ϋπ”Τ,131091,“‹“s,•iμ‹ζ,Όά”½“c‚V’–Ϊ,2018-11-05,21,’“Τi—Φjκ,{ω‚Ή‚Έ,‚Θ‚µ
ή“,Τγ‚Λ‚η‚Ά,‘εθ,Όά”½“cπ”Τ,131091,“‹“s,•iμ‹ζ,Όά”½“c‚S’–Ϊ,2018-02-18,20,“ΉHγ,{ω‚Ή‚Έ,‚ ‚θ
ή“,Τγ‚Λ‚η‚Ά,‘εθ,Όά”½“cπ”Τ,131091,“‹“s,•iμ‹ζ,Όά”½“c‚T’–Ϊ,2018-03-07,10,“ΉHγ,{ω‚Ή‚Έ,‚ ‚θ
ή“,Τγ‚Λ‚η‚Ά,‰`΄,‰`΄’†‰„‰w‘Oπ”Τ,131091,“‹“s,•iμ‹ζ,‰`΄‚U’–Ϊ,2018-06-14,00,’“Τi—Φjκ,{ω‚Ή‚Έ,‚ ‚θ
ή“,Τγ‚Λ‚η‚Ά,‰`΄,‰`΄’†‰„‰w‘Oπ”Τ,131091,“‹“s,•iμ‹ζ,’†‰„‚R’–Ϊ,2018-09-01,10,κΛZ‘ξ,{ω‚Ή‚Έ,‚ ‚θ
ή“,Τγ‚Λ‚η‚Ά,‰`΄,‰`΄’†‰„‰w‘Oπ”Τ,131091,“‹“s,•iμ‹ζ,“’†‰„‚Q’–Ϊ,2018-08-06,15,“ΉHγ,{ω‚Ή‚Έ,‚ ‚θ
ή“,Τγ‚Λ‚η‚Ά,‰`΄,•½’Λ‹΄π”Τ,131091,“‹“s,•iμ‹ζ,‰`΄‚R’–Ϊ,2018-02-10,14,“ΉHγ,{ω‚Ή‚Έ,‚Θ‚µ
ή“,Τγ‚Λ‚η‚Ά,‰`΄,•½’Λ‹΄π”Τ,131091,“‹“s,•iμ‹ζ,‰`΄‚R’–Ϊ,2018-04-26,22,“ΉHγ,{ω‚Ή‚Έ,‚ ‚θ
ή“,Τγ‚Λ‚η‚Ά,‰`΄,Λ‰zπ”Τ,131091,“‹“s,•iμ‹ζ,Λ‰z‚P’–Ϊ,2018-02-14,20,“ΉHγ,{ω‚Ή‚Έ,‚ ‚θ
ή“,Τγ‚Λ‚η‚Ά,‰`΄,Λ‰zπ”Τ,131091,“‹“s,•iμ‹ζ,Λ‰z‚P’–Ϊ,2018-02-26,19,“ΉHγ,{ω‚Ή‚Έ,‚Θ‚µ
ή“,Τγ‚Λ‚η‚Ά,‰`΄,Λ‰zπ”Τ,131091,“‹“s,•iμ‹ζ,Λ‰z‚Q’–Ϊ,2018-01-18,08,“ΉHγ,{ω‚Ή‚Έ,‚ ‚θ
ή“,Τγ‚Λ‚η‚Ά,‰`΄,Λ‰zπ”Τ,131091,“‹“s,•iμ‹ζ,“’†‰„‚P’–Ϊ,2018-01-25,14,“ΉHγ,{ω‚Ή‚Έ,‚Θ‚µ
ή“,Τγ‚Λ‚η‚Ά,‰`΄,Λ‰zπ”Τ,131091,“‹“s,•iμ‹ζ,•½’Λ‚P’–Ϊ,2018-08-20,09,’“Τi—Φjκ,{ω‚Ή‚Έ,‚ ‚θ
ή“,Τγ‚Λ‚η‚Ά,‰`΄,Λ‰zπ”Τ,131091,“‹“s,•iμ‹ζ,•½’Λ‚P’–Ϊ,2018-11-25,20,“ΉHγ,{ω‚Ή‚Έ,‚ ‚θ
ή“,Τγ‚Λ‚η‚Ά,‰`΄,‹{‘Oπ”Τ,131091,“‹“s,•iμ‹ζ,–L’¬‚Q’–Ϊ,2018-02-19,10,“ΉHγ,{ω‚Ή‚Έ,‚ ‚θ
ή“,Τγ‚Λ‚η‚Ά,‰`΄,‹{‘Oπ”Τ,131091,“‹“s,•iμ‹ζ,–L’¬‚Q’–Ϊ,2018-04-16,17,“ΉHγ,{ω‚Ή‚Έ,‚ ‚θ
ή“,Τγ‚Λ‚η‚Ά,‰`΄,Ή‘Oπ”Τ,131091,“‹“s,•iμ‹ζ,’†‰„‚S’–Ϊ,2018-04-30,07,’“Τi—Φjκ,{ω‚Ή‚Έ,‚ ‚θ
ή“,Τγ‚Λ‚η‚Ά,‰`΄,Ή‘Oπ”Τ,131091,“‹“s,•iμ‹ζ,“ρ—t‚S’–Ϊ,2018-07-11,10,‚»‚Μ‘Ό,{ω‚Ή‚Έ,‚ ‚θ
ή“,Τγ‚Λ‚η‚Ά,‰`΄,ψ‚Μ‘δπ”Τ,131091,“‹“s,•iμ‹ζ,ψ‚Μ‘δ‚R’–Ϊ,2018-01-05,11,’“Τi—Φjκ,{ω‚Ή‚Έ,‚ ‚θ
ή“,Τγ‚Λ‚η‚Ά,‰`΄,ψ‚Μ‘δπ”Τ,131091,“‹“s,•iμ‹ζ,ψ‚Μ‘δ‚R’–Ϊ,2018-04-20,08,’“Τi—Φjκ,{ω‚Ή‚Έ,‚Θ‚µ
ή“,Τγ‚Λ‚η‚Ά,‰`΄,ψ‚Μ‘δπ”Τ,131091,“‹“s,•iμ‹ζ,ψ‚Μ‘δ‚R’–Ϊ,2018-11-02,20,“ΉHγ,{ω‚Ή‚Έ,‚ ‚θ
ή“,Τγ‚Λ‚η‚Ά,‰`΄,ψ‚Μ‘δπ”Τ,131091,“‹“s,•iμ‹ζ,ψ‚Μ‘δ‚S’–Ϊ,2018-06-30,07,“ΉHγ,{ω‚Ή‚Έ,‚ ‚θ
ή“,Τγ‚Λ‚η‚Ά,‰`΄,•‘ ¬Rπ”Τ,131091,“‹“s,•iμ‹ζ,¬R‚R’–Ϊ,2018-02-15,16,“ΉHγ,{ω‚Ή‚Έ,‚ ‚θ
ή“,Τγ‚Λ‚η‚Ά,‰`΄,•‘ ¬Rπ”Τ,131091,“‹“s,•iμ‹ζ,¬R‘δ‚P’–Ϊ,2018-04-10,16,‚»‚Μ‘Ό,{ω‚Ή‚Έ,‚ ‚θ
ή“,Τγ‚Λ‚η‚Ά,‘εX,XƒPθπ”Τ,131113,“‹“s,‘ε“c‹ζ,‘εX“μ‚Q’–Ϊ,2018-02-17,19,’“Τi—Φjκ,{ω‚Ή‚Έ,‚ ‚θ
ή“,Τγ‚Λ‚η‚Ά,‘εX,XƒPθπ”Τ,131113,“‹“s,‘ε“c‹ζ,‘εX“μ‚Q’–Ϊ,2018-02-20,21,’“Τi—Φjκ,{ω‚Ή‚Έ,‚Θ‚µ
ή“,Τγ‚Λ‚η‚Ά,‘εX,XƒPθπ”Τ,131113,“‹“s,‘ε“c‹ζ,‘εX“μ‚R’–Ϊ,2018-08-15,10,’“Τi—Φjκ,{ω‚Ή‚Έ,‚ ‚θ
ή“,Τγ‚Λ‚η‚Ά,‘εX,’JΛπ”Τ,131113,“‹“s,‘ε“c‹ζ,‘εX’†‚P’–Ϊ,2018-11-30,15,“ΉHγ,{ω‚Ή‚Έ,‚Θ‚µ
ή“,Τγ‚Λ‚η‚Ά,‘εX,’JΛπ”Τ,131113,“‹“s,‘ε“c‹ζ,‘εXΌ‚T’–Ϊ,2018-04-30,16,“ΉHγ,{ω‚Ή‚Έ,‚Θ‚µ
ή“,Τγ‚Λ‚η‚Ά,‘εX,’JΛπ”Τ,131113,“‹“s,‘ε“c‹ζ,‘εXΌ‚T’–Ϊ,2018-07-13,10,‚»‚Μ‘Ό,{ω‚Ή‚Έ,‚Θ‚µ
ή“,Τγ‚Λ‚η‚Ά,‘εX,’JΛπ”Τ,131113,“‹“s,‘ε“c‹ζ,‘εXΌ‚U’–Ϊ,2018-03-03,16,“ΉHγ,{ω‚Ή‚Έ,‚Θ‚µ
ή“,Τγ‚Λ‚η‚Ά,‘εX,‘εXΌπ”Τ,131113,“‹“s,‘ε“c‹ζ,‘εXΌ‚Q’–Ϊ,2018-10-28,18,κΛZ‘ξ,{ω‚Ή‚Έ,‚ ‚θ
ή“,Τγ‚Λ‚η‚Ά,‘εX,‘εXΌπ”Τ,131113,“‹“s,‘ε“c‹ζ,‘εXΌ‚S’–Ϊ,2018-04-16,18,’“Τi—Φjκ,{ω‚Ή‚Έ,‚Θ‚µ
ή“,Τγ‚Λ‚η‚Ά,‘εX,‘εXCέπ”Τ,131113,“‹“s,‘ε“c‹ζ,‘εX–k‚R’–Ϊ,2018-03-18,13,“ΉHγ,{ω‚Ή‚Έ,‚ ‚θ
ή“,Τγ‚Λ‚η‚Ά,‘εX,‘εXCέπ”Τ,131113,“‹“s,‘ε“c‹ζ,‘εX–k‚R’–Ϊ,2018-07-02,21,κΛZ‘ξ,{ω‚Ή‚Έ,‚ ‚θ
ή“,Τγ‚Λ‚η‚Ά,‘εX,‘εXCέπ”Τ,131113,“‹“s,‘ε“c‹ζ,‘εX–k‚U’–Ϊ,2018-11-10,18,“ΉHγ,{ω‚Ή‚Έ,‚ ‚θ
ή“,Τγ‚Λ‚η‚Ά,‘εX,‘εXCέπ”Τ,131113,“‹“s,‘ε“c‹ζ,‘εX–k‚U’–Ϊ,2018-11-22,18,“ΉHγ,{ω‚Ή‚Έ,‚Θ‚µ
ή“,Τγ‚Λ‚η‚Ά,‘εX,‘εXCέπ”Τ,131113,“‹“s,‘ε“c‹ζ,‘εX–{’¬‚Q’–Ϊ,2018-08-09,15,“ΉHγ,{ω‚Ή‚Έ,‚ ‚θ
ή“,Τγ‚Λ‚η‚Ά,‘εX,‘εXCέπ”Τ,131113,“‹“s,‘ε“c‹ζ,“C‚P’–Ϊ,2018-10-08,08,‚»‚Μ‘Ό,{ω‚Ή‚Έ,‚ ‚θ
ή“,Τγ‚Λ‚η‚Ά,‘εX,‘εXCέπ”Τ,131113,“‹“s,‘ε“c‹ζ,•½a“‡‚P’–Ϊ,2018-05-06,20,’“Τi—Φjκ,{ω‚Ή‚Έ,‚Θ‚µ
ή“,Τγ‚Λ‚η‚Ά,‘εX,‘εX‰w‘Oπ”Τ,131113,“‹“s,‘ε“c‹ζ,‘εX–k‚P’–Ϊ,2018-05-08,12,“ΉHγ,{ω‚Ή‚Έ,‚Θ‚µ
ή“,Τγ‚Λ‚η‚Ά,‘εX,‘εX‰w‘Oπ”Τ,131113,“‹“s,‘ε“c‹ζ,‘εX–k‚Q’–Ϊ,2018-04-11,04,“ΉHγ,{ω‚Ή‚Έ,‚ ‚θ
ή“,Τγ‚Λ‚η‚Ά,‘εX,‘εX‰w‘Oπ”Τ,131113,“‹“s,‘ε“c‹ζ,‘εX–k‚S’–Ϊ,2018-11-15,10,’“Τi—Φjκ,{ω‚Ή‚Έ,‚Θ‚µ
ή“,Τγ‚Λ‚η‚Ά,‘εX,‘εX‰w‘Oπ”Τ,131113,“‹“s,‘ε“c‹ζ,‘εX–k‚T’–Ϊ,2018-08-14,19,κΛZ‘ξ,{ω‚Ή‚Έ,‚Θ‚µ
ή“,Τγ‚Λ‚η‚Ά,‘εX,‘εX‰w‘Oπ”Τ,131113,“‹“s,‘ε“c‹ζ,R‰¤‚Q’–Ϊ,2018-06-13,08,’“Τi—Φjκ,{ω‚Ή‚Έ,‚Θ‚µ
ή“,Τγ‚Λ‚η‚Ά,‘εX,‘εX‰w‘Oπ”Τ,131113,“‹“s,‘ε“c‹ζ,R‰¤‚Q’–Ϊ,2018-09-24,09,“ΉHγ,{ω‚Ή‚Έ,‚ ‚θ
ή“,Τγ‚Λ‚η‚Ά,‘εX,t“ϊ‹΄π”Τ,131113,“‹“s,‘ε“c‹ζ,’†‰›‚S’–Ϊ,2018-09-01,06,κΛZ‘ξ,{ω‚Ή‚Έ,‚Θ‚µ
ή“,Τγ‚Λ‚η‚Ά,‘εX,R‰¤π”Τ,131113,“‹“s,‘ε“c‹ζ,R‰¤‚Q’–Ϊ,2018-03-24,16,’“Τi—Φjκ,{ω‚Ή‚Έ,‚Θ‚µ
ή“,Τγ‚Λ‚η‚Ά,‘εX,R‰¤π”Τ,131113,“‹“s,‘ε“c‹ζ,R‰¤‚Q’–Ϊ,2018-07-17,10,’“Τi—Φjκ,{ω‚Ή‚Έ,‚Θ‚µ
ή“,Τγ‚Λ‚η‚Ά,‘εX,R‰¤π”Τ,131113,“‹“s,‘ε“c‹ζ,R‰¤‚Q’–Ϊ,2018-07-23,09,’“Τi—Φjκ,{ω‚Ή‚Έ,‚Θ‚µ
ή“,Τγ‚Λ‚η‚Ά,‘εX,R‰¤π”Τ,131113,“‹“s,‘ε“c‹ζ,R‰¤‚R’–Ϊ,2018-05-19,11,’“Τi—Φjκ,{ω‚Ή‚Έ,‚Θ‚µ
ή“,Τγ‚Λ‚η‚Ά,‘εX,R‰¤π”Τ,131113,“‹“s,‘ε“c‹ζ,R‰¤‚R’–Ϊ,2018-07-21,18,“ΉHγ,{ω‚Ή‚Έ,‚ ‚θ
ή“,Τγ‚Λ‚η‚Ά,‘εX,R‰¤π”Τ,131113,“‹“s,‘ε“c‹ζ,R‰¤‚R’–Ϊ,2018-10-17,19,‚»‚Μ‘Ό,{ω‚Ή‚Έ,‚Θ‚µ
ή“,Τγ‚Λ‚η‚Ά,‘εX,R‰¤π”Τ,131113,“‹“s,‘ε“c‹ζ,R‰¤‚S’–Ϊ,2018-06-03,16,κΛZ‘ξ,{ω‚Ή‚Έ,‚ ‚θ
ή“,Τγ‚Λ‚η‚Ά,“c‰€’²•z,τ‘«’rπ”Τ,131113,“‹“s,‘ε“c‹ζ,“μη‘©‚P’–Ϊ,2018-12-02,17,’“Τi—Φjκ,{ω‚Ή‚Έ,‚Θ‚µ
ή“,Τγ‚Λ‚η‚Ά,“c‰€’²•z,Ξμ‘δπ”Τ,131113,“‹“s,‘ε“c‹ζ,“α’J‚R’–Ϊ,2018-09-21,18,“ΉHγ,{ω‚Ή‚Έ,‚ ‚θ
ή“,Τγ‚Λ‚η‚Ά,“c‰€’²•z,‘ε‰ªR‰w‘Oπ”Τ,131113,“‹“s,‘ε“c‹ζ,–kη‘©‚P’–Ϊ,2018-05-05,08,“ΉHγ,{ω‚Ή‚Έ,‚ ‚θ
ή“,Τγ‚Λ‚η‚Ά,“c‰€’²•z,‘ε‰ªR‰w‘Oπ”Τ,131113,“‹“s,‘ε“c‹ζ,–kη‘©‚P’–Ϊ,2018-11-14,11,“ΉHγ,{ω‚Ή‚Έ,‚ ‚θ
ή“,Τγ‚Λ‚η‚Ά,“c‰€’²•z,“c‰€’²•z‰w‘Oπ”Τ,131113,“‹“s,‘ε“c‹ζ,“c‰€’²•z‚R’–Ϊ,2017-08-25,20,κΛZ‘ξ,{ω‚Ή‚Έ,‚ ‚θ
ή“,Τγ‚Λ‚η‚Ά,“c‰€’²•z,‰L‚Μ–Ψ‰w‘Oπ”Τ,131113,“‹“s,‘ε“c‹ζ,‰L‚Μ–Ψ‚Q’–Ϊ,2018-04-09,10,“ΉHγ,{ω‚Ή‚Έ,‚Θ‚µ
ή“,Τγ‚Λ‚η‚Ά,“c‰€’²•z,‰L‚Μ–Ψ‰w‘Oπ”Τ,131113,“‹“s,‘ε“c‹ζ,‰L‚Μ–Ψ‚Q’–Ϊ,2018-10-13,21,κΛZ‘ξ,{ω‚Ή‚Έ,‚Θ‚µ
ή“,Τγ‚Λ‚η‚Ά,“c‰€’²•z,“ΉX‹΄π”Τ,131113,“‹“s,‘ε“c‹ζ,γ’r‘δ‚T’–Ϊ,2018-02-07,19,’“Τi—Φjκ,{ω‚Ή‚Έ,‚ ‚θ
ή“,Τγ‚Λ‚η‚Ά,“c‰€’²•z,“ΉX‹΄π”Τ,131113,“‹“s,‘ε“c‹ζ,’‡’rγ‚Q’–Ϊ,2018-11-13,08,κΛZ‘ξ,{ω‚Ή‚Έ,‚Θ‚µ
ή“,Τγ‚Λ‚η‚Ά,“c‰€’²•z,“ΉX‹΄π”Τ,131113,“‹“s,‘ε“c‹ζ,“μα’J‚T’–Ϊ,2018-05-21,13,κΛZ‘ξ,{ω‚Ή‚Έ,‚Θ‚µ
ή“,Τγ‚Λ‚η‚Ά,“c‰€’²•z,’†’J’“έ,131113,“‹“s,‘ε“c‹ζ,γ’r‘δ‚R’–Ϊ,2018-08-09,09,“ΉHγ,{ω‚Ή‚Έ,‚ ‚θ
ή“,Τγ‚Λ‚η‚Ά,“c‰€’²•z,—δ’“έ,131113,“‹“s,‘ε“c‹ζ,–k—δ’¬,2018-01-10,17,“ΉHγ,{ω‚Ή‚Έ,‚Θ‚µ
ή“,Τγ‚Λ‚η‚Ά,“c‰€’²•z,—δ’“έ,131113,“‹“s,‘ε“c‹ζ,–k—δ’¬,2018-02-09,09,“ΉHγ,{ω‚Ή‚Έ,‚Θ‚µ
ή“,Τγ‚Λ‚η‚Ά,“c‰€’²•z,—δ’“έ,131113,“‹“s,‘ε“c‹ζ,–k—δ’¬,2018-08-25,13,“ΉHγ,{ω‚Ή‚Έ,‚Θ‚µ
ή“,Τγ‚Λ‚η‚Ά,“c‰€’²•z,Ϋq‹΄π”Τ,131113,“‹“s,‘ε“c‹ζ,“μα’J‚Q’–Ϊ,2018-10-20,12,‚»‚Μ‘Ό,{ω‚Ή‚Έ,‚ ‚θ
ή“,Τγ‚Λ‚η‚Ά,—“c,Ό—“cπ”Τ,131113,“‹“s,‘ε“c‹ζ,Ό—“c‚P’–Ϊ,2018-02-08,07,“ΉHγ,{ω‚Ή‚Έ,‚ ‚θ
ή“,Τγ‚Λ‚η‚Ά,—“c,Ό—“cπ”Τ,131113,“‹“s,‘ε“c‹ζ,Ό—“c‚P’–Ϊ,2018-06-01,08,“ΉHγ,{ω‚Ή‚Έ,‚ ‚θ
ή“,Τγ‚Λ‚η‚Ά,—“c,Ό—“cπ”Τ,131113,“‹“s,‘ε“c‹ζ,Ό—“c‚S’–Ϊ,2018-07-22,17,‚SK‚ΔΘγ‹¤“―Z‘ξ,{ω‚Ή‚Έ,‚ ‚θ
ή“,Τγ‚Λ‚η‚Ά,—“c,Ό—“cπ”Τ,131113,“‹“s,‘ε“c‹ζ,Ό—“c‚S’–Ϊ,2018-10-06,21,‚SK‚ΔΘγ‹¤“―Z‘ξ,{ω‚Ή‚Έ,‚ ‚θ
ή“,Τγ‚Λ‚η‚Ά,—“c,Ό—“cπ”Τ,131113,“‹“s,‘ε“c‹ζ,Ό—“c‚S’–Ϊ,2018-12-07,21,κΛZ‘ξ,{ω‚Ή‚Έ,‚ ‚θ
ή“,Τγ‚Λ‚η‚Ά,—“c,‹‹}—“c‰w‘Oπ”Τ,131113,“‹“s,‘ε“c‹ζ,—“c‚R’–Ϊ,2018-03-07,09,‚SK‚ΔΘγ‹¤“―Z‘ξ,{ω‚Ή‚Έ,‚Θ‚µ
ή“,Τγ‚Λ‚η‚Ά,—“c,‹‹}—“c‰w‘Oπ”Τ,131113,“‹“s,‘ε“c‹ζ,“—“c‚P’–Ϊ,2018-01-21,11,‚»‚Μ‘Ό,{ω‚Ή‚Έ,‚ ‚θ
ή“,Τγ‚Λ‚η‚Ά,—“c,‹‹}—“c‰w‘Oπ”Τ,131113,“‹“s,‘ε“c‹ζ,“—“c‚Q’–Ϊ,2018-04-09,21,‚»‚Μ‘Ό‚ΜZ‘ξi‚RK‚ΔΘ‰Ί‹¤“―Z‘ξ“™j,{ω‚Ή‚Έ,‚ ‚θ
ή“,Τγ‚Λ‚η‚Ά,—“c,‹‹}—“c‰w‘Oπ”Τ,131113,“‹“s,‘ε“c‹ζ,“—“c‚Q’–Ϊ,2018-12-22,07,’“Τi—Φjκ,{ω‚Ή‚Έ,‚Θ‚µ
ή“,Τγ‚Λ‚η‚Ά,—“c,‹‹}—“c‰w‘Oπ”Τ,131113,“‹“s,‘ε“c‹ζ,“μ—“c‚P’–Ϊ,2018-06-16,11,“ΉHγ,{ω‚Ή‚Έ,‚ ‚θ
ή“,Τγ‚Λ‚η‚Ά,—“c,—“c‰w“ϋπ”Τ,131113,“‹“s,‘ε“c‹ζ,—“c‚S’–Ϊ,2018-01-12,07,“ΉHγ,{ω‚Ή‚Έ,‚ ‚θ
ή“,Τγ‚Λ‚η‚Ά,—“c,—“c‰w“ϋπ”Τ,131113,“‹“s,‘ε“c‹ζ,—“c‚T’–Ϊ,2018-01-27,11,“ΉHγ,{ω‚Ή‚Έ,‚ ‚θ
ή“,Τγ‚Λ‚η‚Ά,—“c,—“c‰w“ϋπ”Τ,131113,“‹“s,‘ε“c‹ζ,—“c‚T’–Ϊ,2018-01-28,14,“ΉHγ,{ω‚Ή‚Έ,‚ ‚θ
ή“,Τγ‚Λ‚η‚Ά,—“c,—“c‰w“ϋπ”Τ,131113,“‹“s,‘ε“c‹ζ,—“c‚T’–Ϊ,2018-05-28,10,“ΉHγ,{ω‚Ή‚Έ,‚ ‚θ
ή“,Τγ‚Λ‚η‚Ά,—“c,—“c‰w“ϋπ”Τ,131113,“‹“s,‘ε“c‹ζ,—“c‚T’–Ϊ,2018-07-10,23,“ΉHγ,{ω‚Ή‚Έ,‚ ‚θ
ή“,Τγ‚Λ‚η‚Ά,—“c,—“c‰w“ϋπ”Τ,131113,“‹“s,‘ε“c‹ζ,—“c‚T’–Ϊ,2018-10-07,05,“ΉHγ,{ω‚Ή‚Έ,‚ ‚θ
ή“,Τγ‚Λ‚η‚Ά,—“c,—“c‰w“ϋπ”Τ,131113,“‹“s,‘ε“c‹ζ,—“c‚T’–Ϊ,2018-12-30,08,“ΉHγ,{ω‚Ή‚Έ,‚ ‚θ
ή“,Τγ‚Λ‚η‚Ά,—“c,—“c‰w“ϋπ”Τ,131113,“‹“s,‘ε“c‹ζ,—“c–{’¬‚Q’–Ϊ,2018-01-10,11,’“Τi—Φjκ,{ω‚Ή‚Έ,‚Θ‚µ
ή“,Τγ‚Λ‚η‚Ά,—“c,—“c‰wΌϋπ”Τ,131113,“‹“s,‘ε“c‹ζ,V—“c‚P’–Ϊ,2018-02-24,17,‚SK‚ΔΘγ‹¤“―Z‘ξ,{ω‚Ή‚Έ,‚Θ‚µ
ή“,Τγ‚Λ‚η‚Ά,—“c,—“c‰wΌϋπ”Τ,131113,“‹“s,‘ε“c‹ζ,Ό—“c‚T’–Ϊ,2018-02-17,06,“ΉHγ,{ω‚Ή‚Έ,‚Θ‚µ
ή“,Τγ‚Λ‚η‚Ά,—“c,—“c‰wΌϋπ”Τ,131113,“‹“s,‘ε“c‹ζ,Ό—“c‚V’–Ϊ,2018-04-04,17,“ΉHγ,{ω‚Ή‚Έ,‚Θ‚µ
ή“,Τγ‚Λ‚η‚Ά,—“c,—“c‰wΌϋπ”Τ,131113,“‹“s,‘ε“c‹ζ,Ό—“c‚V’–Ϊ,2018-04-07,04,“ΉHγ,{ω‚Ή‚Έ,‚ ‚θ
ή“,Τγ‚Λ‚η‚Ά,—“c,—“c‰wΌϋπ”Τ,131113,“‹“s,‘ε“c‹ζ,Ό—“c‚V’–Ϊ,2018-09-17,19,“ΉHγ,{ω‚Ή‚Έ,‚ ‚θ
ή“,Τγ‚Λ‚η‚Ά,—“c,—“c‰wΌϋπ”Τ,131113,“‹“s,‘ε“c‹ζ,Ό—“c‚V’–Ϊ,2018-11-08,01,“ΉHγ,{ω‚Ή‚Έ,‚ ‚θ
ή“,Τγ‚Λ‚η‚Ά,—“c,—“c‰wΌϋπ”Τ,131113,“‹“s,‘ε“c‹ζ,Ό—“c‚V’–Ϊ,2018-11-15,13,“ΉHγ,{ω‚Ή‚Έ,‚ ‚θ
ή“,Τγ‚Λ‚η‚Ά,—“c,ΌZ‹½π”Τ,131113,“‹“s,‘ε“c‹ζ,ΌZ‹½‚P’–Ϊ,2018-10-16,21,‚»‚Μ‘Ό,{ω‚Ή‚Έ,‚ ‚θ
ή“,Τγ‚Λ‚η‚Ά,—“c,ΌZ‹½π”Τ,131113,“‹“s,‘ε“c‹ζ,ΌZ‹½‚Q’–Ϊ,2018-02-25,19,“ΉHγ,{ω‚Ή‚Έ,‚Θ‚µ
ή“,Τγ‚Λ‚η‚Ά,—“c,ΌZ‹½π”Τ,131113,“‹“s,‘ε“c‹ζ,ΌZ‹½‚Q’–Ϊ,2018-03-15,11,‚»‚Μ‘Ό,{ω‚Ή‚Έ,‚Θ‚µ
ή“,Τγ‚Λ‚η‚Ά,—“c,ΌZ‹½π”Τ,131113,“‹“s,‘ε“c‹ζ,ΌZ‹½‚Q’–Ϊ,2018-04-26,20,’“Τi—Φjκ,{ω‚Ή‚Έ,‚Θ‚µ
ή“,Τγ‚Λ‚η‚Ά,—“c,“Z‹½π”Τ,131113,“‹“s,‘ε“c‹ζ,“μZ‹½‚P’–Ϊ,2018-05-29,20,’“Τi—Φjκ,{ω‚Ή‚Έ,‚Θ‚µ
ή“,Τγ‚Λ‚η‚Ά,—“c,“Z‹½π”Τ,131113,“‹“s,‘ε“c‹ζ,“μZ‹½‚Q’–Ϊ,2017-12-27,18,‚»‚Μ‘Ό,{ω‚Ή‚Έ,‚Θ‚µ
ή“,Τγ‚Λ‚η‚Ά,—“c,“Z‹½π”Τ,131113,“‹“s,‘ε“c‹ζ,“μZ‹½‚Q’–Ϊ,2018-01-25,18,’“Τi—Φjκ,{ω‚Ή‚Έ,‚Θ‚µ
ή“,Τγ‚Λ‚η‚Ά,—“c,“Z‹½π”Τ,131113,“‹“s,‘ε“c‹ζ,“μZ‹½‚Q’–Ϊ,2018-01-31,07,“ΉHγ,{ω‚Ή‚Έ,‚Θ‚µ
ή“,Τγ‚Λ‚η‚Ά,—“c,“Z‹½π”Τ,131113,“‹“s,‘ε“c‹ζ,“μZ‹½‚Q’–Ϊ,2018-02-08,18,’“Τi—Φjκ,{ω‚Ή‚Έ,‚Θ‚µ
ή“,Τγ‚Λ‚η‚Ά,—“c,“Z‹½π”Τ,131113,“‹“s,‘ε“c‹ζ,“μZ‹½‚Q’–Ϊ,2018-02-17,18,’“Τi—Φjκ,{ω‚Ή‚Έ,‚Θ‚µ
ή“,Τγ‚Λ‚η‚Ά,—“c,“Z‹½π”Τ,131113,“‹“s,‘ε“c‹ζ,“μZ‹½‚Q’–Ϊ,2018-11-24,18,‚»‚Μ‘Ό‚ΜZ‘ξi‚RK‚ΔΘ‰Ί‹¤“―Z‘ξ“™j,{ω‚Ή‚Έ,‚ ‚θ
ή“,Τγ‚Λ‚η‚Ά,—“c,“Z‹½π”Τ,131113,“‹“s,‘ε“c‹ζ,“μZ‹½‚Q’–Ϊ,2018-11-30,10,“ΉHγ,{ω‚Ή‚Έ,‚ ‚θ
ή“,Τγ‚Λ‚η‚Ά,—“c,“Z‹½π”Τ,131113,“‹“s,‘ε“c‹ζ,“μZ‹½‚R’–Ϊ,2018-01-15,08,’“Τi—Φjκ,{ω‚Ή‚Έ,‚Θ‚µ
ή“,Τγ‚Λ‚η‚Ά,—“c,GFπ”Τ,131113,“‹“s,‘ε“c‹ζ,’‡Z‹½‚Q’–Ϊ,2018-01-20,18,‚»‚Μ‘Ό,{ω‚Ή‚Έ,‚ ‚θ
ή“,Τγ‚Λ‚η‚Ά,—“c,GFπ”Τ,131113,“‹“s,‘ε“c‹ζ,’‡Z‹½‚Q’–Ϊ,2018-03-30,17,‚»‚Μ‘Ό,{ω‚Ή‚Έ,‚ ‚θ
ή“,Τγ‚Λ‚η‚Ά,—“c,GFπ”Τ,131113,“‹“s,‘ε“c‹ζ,’‡Z‹½‚Q’–Ϊ,2018-04-15,18,’“Τi—Φjκ,{ω‚Ή‚Έ,‚Θ‚µ
ή“,Τγ‚Λ‚η‚Ά,—“c,GFπ”Τ,131113,“‹“s,‘ε“c‹ζ,’‡Z‹½‚Q’–Ϊ,2018-04-21,18,’“Τi—Φjκ,{ω‚Ή‚Έ,‚Θ‚µ
ή“,Τγ‚Λ‚η‚Ά,—“c,GFπ”Τ,131113,“‹“s,‘ε“c‹ζ,’‡Z‹½‚Q’–Ϊ,2018-04-29,19,‚»‚Μ‘Ό,{ω‚Ή‚Έ,‚Θ‚µ
ή“,Τγ‚Λ‚η‚Ά,—“c,GFπ”Τ,131113,“‹“s,‘ε“c‹ζ,’‡Z‹½‚Q’–Ϊ,2018-05-01,18,’“Τi—Φjκ,{ω‚Ή‚Έ,‚Θ‚µ
ή“,Τγ‚Λ‚η‚Ά,—“c,GFπ”Τ,131113,“‹“s,‘ε“c‹ζ,’‡Z‹½‚Q’–Ϊ,2018-05-26,18,’“Τi—Φjκ,{ω‚Ή‚Έ,‚ ‚θ
ή“,Τγ‚Λ‚η‚Ά,—“c,GFπ”Τ,131113,“‹“s,‘ε“c‹ζ,’‡Z‹½‚Q’–Ϊ,2018-10-18,09,’“Τi—Φjκ,{ω‚Ή‚Έ,‚ ‚θ
ή“,Τγ‚Λ‚η‚Ά,—“c,GFπ”Τ,131113,“‹“s,‘ε“c‹ζ,’‡Z‹½‚R’–Ϊ,2018-01-08,19,’“Τi—Φjκ,{ω‚Ή‚Έ,‚Θ‚µ
ή“,Τγ‚Λ‚η‚Ά,—“c,GFπ”Τ,131113,“‹“s,‘ε“c‹ζ,’‡Z‹½‚R’–Ϊ,2018-02-19,13,’“Τi—Φjκ,{ω‚Ή‚Έ,‚Θ‚µ
ή“,Τγ‚Λ‚η‚Ά,—“c,GFπ”Τ,131113,“‹“s,‘ε“c‹ζ,’‡Z‹½‚R’–Ϊ,2018-07-22,09,“ΉHγ,{ω‚Ή‚Έ,‚Θ‚µ
ή“,Τγ‚Λ‚η‚Ά,—“c,GFπ”Τ,131113,“‹“s,‘ε“c‹ζ,ΌZ‹½‚S’–Ϊ,2018-05-25,07,“ΉHγ,{ω‚Ή‚Έ,‚ ‚θ
ή“,Τγ‚Λ‚η‚Ά,—“c,GFπ”Τ,131113,“‹“s,‘ε“c‹ζ,“Z‹½‚Q’–Ϊ,2018-09-09,15,’“Τi—Φjκ,{ω‚Ή‚Έ,‚ ‚θ
ή“,Τγ‚Λ‚η‚Ά,—“c,GFπ”Τ,131113,“‹“s,‘ε“c‹ζ,“Z‹½‚Q’–Ϊ,2018-10-03,17,“ΉHγ,{ω‚Ή‚Έ,‚Θ‚µ
ή“,Τγ‚Λ‚η‚Ά,—“c,GFπ”Τ,131113,“‹“s,‘ε“c‹ζ,“Z‹½‚Q’–Ϊ,2018-10-11,15,“ΉHγ,{ω‚Ή‚Έ,‚ ‚θ
ή“,Τγ‚Λ‚η‚Ά,—“c,“ϊ‚Μo’Κπ”Τ,131113,“‹“s,‘ε“c‹ζ,—“c‚S’–Ϊ,2018-03-28,09,“ΉHγ,{ω‚Ή‚Έ,‚Θ‚µ
ή“,Τγ‚Λ‚η‚Ά,—“c,“ϊ‚Μo’Κπ”Τ,131113,“‹“s,‘ε“c‹ζ,Όβο’J‚P’–Ϊ,2018-01-16,10,“ΉHγ,{ω‚Ή‚Έ,‚ ‚θ
ή“,Τγ‚Λ‚η‚Ά,—“c,“ϊ‚Μo’Κπ”Τ,131113,“‹“s,‘ε“c‹ζ,Όβο’J‚P’–Ϊ,2018-07-08,21,κΛZ‘ξ,{ω‚Ή‚Έ,‚Θ‚µ
ή“,Τγ‚Λ‚η‚Ά,—“c,“ϊ‚Μo’Κπ”Τ,131113,“‹“s,‘ε“c‹ζ,Όβο’J‚S’–Ϊ,2018-03-19,09,‚»‚Μ‘Ό,{ω‚Ή‚Έ,‚Θ‚µ
ή“,Τγ‚Λ‚η‚Ά,—“c,“ϊ‚Μo’Κπ”Τ,131113,“‹“s,‘ε“c‹ζ,Όβο’J‚S’–Ϊ,2018-06-12,07,“ΉHγ,{ω‚Ή‚Έ,‚ ‚θ
ή“,Τγ‚Λ‚η‚Ά,—“c,“ϊ‚Μo’Κπ”Τ,131113,“‹“s,‘ε“c‹ζ,Όβο’J‚S’–Ϊ,2018-08-16,17,“ΉHγ,{ω‚Ή‚Έ,‚Θ‚µ
ή“,Τγ‚Λ‚η‚Ά,—“c,“ϊ‚Μo’Κπ”Τ,131113,“‹“s,‘ε“c‹ζ,Όβο’J‚S’–Ϊ,2018-12-23,18,‚SK‚ΔΘγ‹¤“―Z‘ξ,{ω‚Ή‚Έ,‚ ‚θ
ή“,Τγ‚Λ‚η‚Ά,—“c,“ϊ‚Μo’Κπ”Τ,131113,“‹“s,‘ε“c‹ζ,”‹’†‚Q’–Ϊ,2018-08-20,15,’“Τi—Φjκ,{ω‚Ή‚Έ,‚Θ‚µ
ή“,Τγ‚Λ‚η‚Ά,—“c,“ϊ‚Μo’Κπ”Τ,131113,“‹“s,‘ε“c‹ζ,“—“c‚Q’–Ϊ,2018-08-25,21,’“Τi—Φjκ,{ω‚Ή‚Έ,‚Θ‚µ
ή“,Τγ‚Λ‚η‚Ά,—“c,“ϊ‚Μo’Κπ”Τ,131113,“‹“s,‘ε“c‹ζ,“μ—“c‚Q’–Ϊ,2018-09-24,18,‚»‚Μ‘Ό,{ω‚Ή‚Έ,‚Θ‚µ
ή“,Τγ‚Λ‚η‚Ά,—“c,–{‰H“cπ”Τ,131113,“‹“s,‘ε“c‹ζ,”‹’†‚P’–Ϊ,2018-01-31,15,’“Τi—Φjκ,{ω‚Ή‚Έ,‚Θ‚µ
ή“,Τγ‚Λ‚η‚Ά,—“c,–{‰H“cπ”Τ,131113,“‹“s,‘ε“c‹ζ,”‹’†‚Q’–Ϊ,2018-02-18,19,’“Τi—Φjκ,{ω‚Ή‚Έ,‚ ‚θ
ή“,Τγ‚Λ‚η‚Ά,—“c,–{‰H“cπ”Τ,131113,“‹“s,‘ε“c‹ζ,”‹’†‚Q’–Ϊ,2018-03-18,13,’“Τi—Φjκ,{ω‚Ή‚Έ,‚Θ‚µ
ή“,Τγ‚Λ‚η‚Ά,—“c,–{‰H“cπ”Τ,131113,“‹“s,‘ε“c‹ζ,”‹’†‚Q’–Ϊ,2018-03-20,13,“ΉHγ,{ω‚Ή‚Έ,‚Θ‚µ
ή“,Τγ‚Λ‚η‚Ά,—“c,–{‰H“cπ”Τ,131113,“‹“s,‘ε“c‹ζ,”‹’†‚Q’–Ϊ,2018-10-06,10,’“Τi—Φjκ,{ω‚Ή‚Έ,‚Θ‚µ
ή“,Τγ‚Λ‚η‚Ά,—“c,–{‰H“cπ”Τ,131113,“‹“s,‘ε“c‹ζ,–{‰H“c‚P’–Ϊ,2018-02-28,15,‚»‚Μ‘Ό,{ω‚Ή‚Έ,‚Θ‚µ
ή“,Τγ‚Λ‚η‚Ά,—“c,–{‰H“cπ”Τ,131113,“‹“s,‘ε“c‹ζ,–{‰H“c‚P’–Ϊ,2018-05-17,16,’“Τi—Φjκ,{ω‚Ή‚Έ,‚Θ‚µ
ή“,Τγ‚Λ‚η‚Ά,—“c,–{‰H“cπ”Τ,131113,“‹“s,‘ε“c‹ζ,–{‰H“c‚P’–Ϊ,2018-08-20,15,“ΉHγ,{ω‚Ή‚Έ,‚ ‚θ
ή“,Τγ‚Λ‚η‚Ά,—“c,–{‰H“cπ”Τ,131113,“‹“s,‘ε“c‹ζ,–{‰H“c‚P’–Ϊ,2018-09-05,12,’“Τi—Φjκ,{ω‚Ή‚Έ,‚ ‚θ
ή“,Τγ‚Λ‚η‚Ά,—“c,–{‰H“cπ”Τ,131113,“‹“s,‘ε“c‹ζ,“μZ‹½‚P’–Ϊ,2018-02-20,13,‚»‚Μ‘Ό,{ω‚Ή‚Έ,‚Θ‚µ
ή“,Τγ‚Λ‚η‚Ά,—“c,–{‰H“cπ”Τ,131113,“‹“s,‘ε“c‹ζ,“μZ‹½‚P’–Ϊ,2018-06-10,17,“ΉHγ,{ω‚Ή‚Έ,‚Θ‚µ
ή“,Τγ‚Λ‚η‚Ά,—“c,‘ε’Ή‹π”Τ,131113,“‹“s,‘ε“c‹ζ,Όβο’J‚R’–Ϊ,2018-11-03,22,‚»‚Μ‘Ό‚ΜZ‘ξi‚RK‚ΔΘ‰Ί‹¤“―Z‘ξ“™j,{ω‚Ή‚Έ,‚ ‚θ
ή“,Τγ‚Λ‚η‚Ά,—“c,‘ε’Ή‹π”Τ,131113,“‹“s,‘ε“c‹ζ,Όβο’J‚R’–Ϊ,2018-11-07,23,“ΉHγ,{ω‚Ή‚Έ,‚Θ‚µ
ή“,Τγ‚Λ‚η‚Ά,—“c,‘ε’Ή‹π”Τ,131113,“‹“s,‘ε“c‹ζ,”‹’†‚R’–Ϊ,2018-06-21,08,κΛZ‘ξ,{ω‚Ή‚Έ,‚Θ‚µ
ή“,Τγ‚Λ‚η‚Ά,—“c,‘ε’Ή‹π”Τ,131113,“‹“s,‘ε“c‹ζ,“βο’J‚Q’–Ϊ,2018-11-18,11,‚»‚Μ‘Ό‚ΜZ‘ξi‚RK‚ΔΘ‰Ί‹¤“―Z‘ξ“™j,{ω‚Ή‚Έ,‚ ‚θ
ή“,Τγ‚Λ‚η‚Ά,—“c,‘ε’Ή‹π”Τ,131113,“‹“s,‘ε“c‹ζ,“βο’J‚R’–Ϊ,2018-02-15,17,’“Τi—Φjκ,{ω‚Ή‚Έ,‚ ‚θ
ή“,Τγ‚Λ‚η‚Ά,—“c,–kβο’Jπ”Τ,131113,“‹“s,‘ε“c‹ζ,Όβο’J‚R’–Ϊ,2018-06-07,17,“ΉHγ,{ω‚Ή‚Έ,‚Θ‚µ
ή“,Τγ‚Λ‚η‚Ά,—“c,–kβο’Jπ”Τ,131113,“‹“s,‘ε“c‹ζ,“βο’J‚Q’–Ϊ,2018-06-14,16,’“Τi—Φjκ,{ω‚Ή‚Έ,‚Θ‚µ
ή“,Τγ‚Λ‚η‚Ά,—“c,–kβο’Jπ”Τ,131113,“‹“s,‘ε“c‹ζ,“βο’J‚S’–Ϊ,2018-09-04,14,“ΉHγ,{ω‚Ή‚Έ,‚ ‚θ
ή“,Τγ‚Λ‚η‚Ά,’rγ,,,,,,2018-09-21,08,“ΉHγ,{ω‚Ή‚Έ,‚ ‚θ
ή“,Τγ‚Λ‚η‚Ά,’rγ,s–μ‘qπ”Τ,131113,“‹“s,‘ε“c‹ζ,’†‰›‚W’–Ϊ,2018-12-03,16,‚»‚Μ‘Ό,{ω‚Ή‚Έ,‚Θ‚µ
ή“,Τγ‚Λ‚η‚Ά,’rγ,O–{Όπ”Τ,131113,“‹“s,‘ε“c‹ζ,–k”n‚P’–Ϊ,2018-01-28,14,“ΉHγ,{ω‚Ή‚Έ,‚ ‚θ
ή“,Τγ‚Λ‚η‚Ά,’rγ,O–{Όπ”Τ,131113,“‹“s,‘ε“c‹ζ,–k”n‚P’–Ϊ,2018-12-21,10,‚SK‚ΔΘγ‹¤“―Z‘ξ,{ω‚Ή‚Έ,‚ ‚θ
ή“,Τγ‚Λ‚η‚Ά,’rγ,O–{Όπ”Τ,131113,“‹“s,‘ε“c‹ζ,–k”n‚Q’–Ϊ,2018-06-04,17,‚SK‚ΔΘγ‹¤“―Z‘ξ,{ω‚Ή‚Έ,‚Θ‚µ
ή“,Τγ‚Λ‚η‚Ά,’rγ,O–{Όπ”Τ,131113,“‹“s,‘ε“c‹ζ,’†”n‚Q’–Ϊ,2018-03-05,12,“ΉHγ,{ω‚Ή‚Έ,‚ ‚θ
ή“,Τγ‚Λ‚η‚Ά,’rγ,‹v‚ª΄π”Τ,131113,“‹“s,‘ε“c‹ζ,‹v‚ª΄‚Q’–Ϊ,2018-09-09,18,‚SK‚ΔΘγ‹¤“―Z‘ξ,{ω‚Ή‚Έ,‚Θ‚µ
ή“,Τγ‚Λ‚η‚Ά,’rγ,’rγ‰w‘Oπ”Τ,131113,“‹“s,‘ε“c‹ζ,’rγ‚R’–Ϊ,2018-08-26,10,’“Τi—Φjκ,{ω‚Ή‚Έ,‚Θ‚µ
ή“,Τγ‚Λ‚η‚Ά,’rγ,’rγ‰w‘Oπ”Τ,131113,“‹“s,‘ε“c‹ζ,’rγ‚S’–Ϊ,2018-06-21,14,’“Τi—Φjκ,{ω‚Ή‚Έ,‚ ‚θ
ή“,Τγ‚Λ‚η‚Ά,’rγ,’rγ‰w‘Oπ”Τ,131113,“‹“s,‘ε“c‹ζ,’rγ‚U’–Ϊ,2018-09-16,19,“ΉHγ,{ω‚Ή‚Έ,‚ ‚θ
ή“,Τγ‚Λ‚η‚Ά,’rγ,’rγ‰w‘Oπ”Τ,131113,“‹“s,‘ε“c‹ζ,’rγ‚V’–Ϊ,2018-07-13,19,’“Τi—Φjκ,{ω‚Ή‚Έ,‚ ‚θ
ή“,Τγ‚Λ‚η‚Ά,’rγ,@ΐπ”Τ,131113,“‹“s,‘ε“c‹ζ,V—“c‚Q’–Ϊ,2018-05-28,12,“ΉHγ,{ω‚Ή‚Έ,‚ ‚θ
ή“,Τγ‚Λ‚η‚Ά,’rγ,@ΐπ”Τ,131113,“‹“s,‘ε“c‹ζ,Ό—“c‚Q’–Ϊ,2018-02-09,18,‚SK‚ΔΘγ‹¤“―Z‘ξ,{ω‚Ή‚Έ,‚ ‚θ
ή“,Τγ‚Λ‚η‚Ά,’rγ,@ΐπ”Τ,131113,“‹“s,‘ε“c‹ζ,Ό—“c‚U’–Ϊ,2018-03-24,13,“ΉHγ,{ω‚Ή‚Έ,‚ ‚θ
ή“,Τγ‚Λ‚η‚Ά,’rγ,@ΐπ”Τ,131113,“‹“s,‘ε“c‹ζ,“–ξϋ‚R’–Ϊ,2018-05-08,14,“ΉHγ,{ω‚Ή‚Έ,‚ ‚θ
ή“,Τγ‚Λ‚η‚Ά,’rγ,@ΐπ”Τ,131113,“‹“s,‘ε“c‹ζ,“–ξϋ‚R’–Ϊ,2018-07-04,08,“ΉHγ,{ω‚Ή‚Έ,‚ ‚θ
ή“,Τγ‚Λ‚η‚Ά,’rγ,‘½–€μ‘ε‹΄π”Τ,131113,“‹“s,‘ε“c‹ζ,‘½–€μ‚P’–Ϊ,2018-11-26,13,“ΉHγ,{ω‚Ή‚Έ,‚ ‚θ
ή“,Τγ‚Λ‚η‚Ά,’rγ,‘½–€μ‘ε‹΄π”Τ,131113,“‹“s,‘ε“c‹ζ,‘½–€μ‚Q’–Ϊ,2018-06-10,09,‚»‚Μ‘Ό‚ΜZ‘ξi‚RK‚ΔΘ‰Ί‹¤“―Z‘ξ“™j,{ω‚Ή‚Έ,‚ ‚θ
ή“,Τγ‚Λ‚η‚Ά,’rγ,‘½–€μ‘ε‹΄π”Τ,131113,“‹“s,‘ε“c‹ζ,‘½–€μ‚Q’–Ϊ,2018-10-04,10,“ΉHγ,{ω‚Ή‚Έ,‚ ‚θ
ή“,Τγ‚Λ‚η‚Ά,’rγ,η’Ήπ”Τ,131113,“‹“s,‘ε“c‹ζ,‹v‚ª΄‚T’–Ϊ,2018-01-07,15,‚»‚Μ‘Ό,{ω‚Ή‚Έ,‚ ‚θ
ή“,Τγ‚Λ‚η‚Ά,’rγ,η’Ήπ”Τ,131113,“‹“s,‘ε“c‹ζ,‘½–€μ‚P’–Ϊ,2018-02-09,08,“ΉHγ,{ω‚Ή‚Έ,‚ ‚θ
ή“,Τγ‚Λ‚η‚Ά,’rγ,η’Ήπ”Τ,131113,“‹“s,‘ε“c‹ζ,η’Ή‚P’–Ϊ,2018-04-27,12,‚SK‚ΔΘγ‹¤“―Z‘ξ,{ω‚Ή‚Έ,‚Θ‚µ
ή“,Τγ‚Λ‚η‚Ά,’rγ,η’Ήπ”Τ,131113,“‹“s,‘ε“c‹ζ,η’Ή‚P’–Ϊ,2018-09-27,17,’“Τi—Φjκ,{ω‚Ή‚Έ,‚Θ‚µ
ή“,Τγ‚Λ‚η‚Ά,’rγ,η’Ήπ”Τ,131113,“‹“s,‘ε“c‹ζ,η’Ή‚Q’–Ϊ,2018-06-26,13,‚»‚Μ‘Ό,{ω‚Ή‚Έ,‚ ‚θ
ή“,Τγ‚Λ‚η‚Ά,’rγ,η’Ήπ”Τ,131113,“‹“s,‘ε“c‹ζ,η’Ή‚Q’–Ϊ,2018-12-17,17,’“Τi—Φjκ,{ω‚Ή‚Έ,‚Θ‚µ
ή“,Τγ‚Λ‚η‚Ά,’rγ,η’Ήπ”Τ,131113,“‹“s,‘ε“c‹ζ,η’Ή‚R’–Ϊ,2018-02-24,19,‚»‚Μ‘Ό,{ω‚Ή‚Έ,‚Θ‚µ
ή“,Τγ‚Λ‚η‚Ά,’rγ,η’Ήπ”Τ,131113,“‹“s,‘ε“c‹ζ,–ξϋ‚P’–Ϊ,2018-05-15,10,“ΉHγ,{ω‚Ή‚Έ,‚ ‚θ
ή“,Τγ‚Λ‚η‚Ά,’rγ,η’Ήπ”Τ,131113,“‹“s,‘ε“c‹ζ,–ξϋ‚P’–Ϊ,2018-07-10,12,“ΉHγ,{ω‚Ή‚Έ,‚ ‚θ
ή“,Τγ‚Λ‚η‚Ά,’rγ,ƒKƒX‹΄π”Τ,131113,“‹“s,‘ε“c‹ζ,‰ΊΫq‚R’–Ϊ,2018-06-07,18,’“Τi—Φjκ,{ω‚Ή‚Έ,‚Θ‚µ
ή“,Τγ‚Λ‚η‚Ά,’rγ,ƒKƒX‹΄π”Τ,131113,“‹“s,‘ε“c‹ζ,‰ΊΫq‚S’–Ϊ,2018-05-02,12,κΛZ‘ξ,{ω‚Ή‚Έ,‚ ‚θ
ή“,Τγ‚Λ‚η‚Ά,’rγ,ƒKƒX‹΄π”Τ,131113,“‹“s,‘ε“c‹ζ,‰ΊΫq‚S’–Ϊ,2018-05-05,20,‚»‚Μ‘Ό,{ω‚Ή‚Έ,‚ ‚θ
ή“,Τγ‚Λ‚η‚Ά,“‹‹σ`,‘ζ‚Pƒ^[ƒ~ƒiƒ‹π”Τ,131113,“‹“s,‘ε“c‹ζ,‰H“c‹σ`‚R’–Ϊ,2018-12-06,15,’“Τi—Φjκ,{ω‚Ή‚Έ,‚Θ‚µ
ή“,Τγ‚Λ‚η‚Ά,Ά“c’J,O¬’ƒ‰®π”Τ,131121,“‹“s,Ά“c’J‹ζ,O¬’ƒ‰®‚P’–Ϊ,2018-10-19,19,“ΉHγ,{ω‚Ή‚Έ,‚Θ‚µ
ή“,Τγ‚Λ‚η‚Ά,Ά“c’J,O¬’ƒ‰®π”Τ,131121,“‹“s,Ά“c’J‹ζ,O¬’ƒ‰®‚P’–Ϊ,2018-10-25,17,‚»‚Μ‘Ό‚ΜZ‘ξi‚RK‚ΔΘ‰Ί‹¤“―Z‘ξ“™j,{ω‚Ή‚Έ,‚Θ‚µ
ή“,Τγ‚Λ‚η‚Ά,Ά“c’J,O¬’ƒ‰®π”Τ,131121,“‹“s,Ά“c’J‹ζ,O¬’ƒ‰®‚Q’–Ϊ,2018-08-03,15,“ΉHγ,{ω‚Ή‚Έ,‚ ‚θ
ή“,Τγ‚Λ‚η‚Ά,Ά“c’J,O¬’ƒ‰®π”Τ,131121,“‹“s,Ά“c’J‹ζ,‘Ύq“°‚S’–Ϊ,2018-12-16,20,“ΉHγ,{ω‚Ή‚Έ,‚Θ‚µ
ή“,Τγ‚Λ‚η‚Ά,Ά“c’J,Ohπ”Τ,131121,“‹“s,Ά“c’J‹ζ,’rK‚P’–Ϊ,2018-03-11,20,‚»‚Μ‘Ό,{ω‚Ή‚Έ,‚Θ‚µ
ή“,Τγ‚Λ‚η‚Ά,Ά“c’J,Ohπ”Τ,131121,“‹“s,Ά“c’J‹ζ,’rK‚Q’–Ϊ,2018-07-29,21,“ΉHγ,{ω‚Ή‚Έ,‚Θ‚µ
ή“,Τγ‚Λ‚η‚Ά,Ά“c’J,‰Ί”nl’–Ϊπ”Τ,131121,“‹“s,Ά“c’J‹ζ,‰Ί”n‚S’–Ϊ,2018-12-19,05,“ΉHγ,{ω‚Ή‚Έ,‚Θ‚µ
ή“,Τγ‚Λ‚η‚Ά,Ά“c’J,γ”nπ”Τ,131121,“‹“s,Ά“c’J‹ζ,γ”n‚P’–Ϊ,2018-10-15,01,“ΉHγ,{ω‚Ή‚Έ,‚Θ‚µ
ή“,Τγ‚Λ‚η‚Ά,Ά“c’J,γ”nπ”Τ,131121,“‹“s,Ά“c’J‹ζ,γ”n‚R’–Ϊ,2018-03-07,16,“ΉHγ,{ω‚Ή‚Έ,‚Θ‚µ
ή“,Τγ‚Λ‚η‚Ά,Ά“c’J,γ”nπ”Τ,131121,“‹“s,Ά“c’J‹ζ,γ”n‚S’–Ϊ,2018-11-02,19,“ΉHγ,{ω‚Ή‚Έ,‚Θ‚µ
ή“,Τγ‚Λ‚η‚Ά,Ά“c’J,γ”nπ”Τ,131121,“‹“s,Ά“c’J‹ζ,‹ξ‘ς‚Q’–Ϊ,2018-06-02,13,“ΉHγ,{ω‚Ή‚Έ,‚Θ‚µ
ή“,Τγ‚Λ‚η‚Ά,Ά“c’J,γ”nπ”Τ,131121,“‹“s,Ά“c’J‹ζ,·ª‚Q’–Ϊ,2018-06-04,10,“ΉHγ,{ω‚Ή‚Έ,‚ ‚θ
ή“,Τγ‚Λ‚η‚Ά,Ά“c’J,γ”nπ”Τ,131121,“‹“s,Ά“c’J‹ζ,–μ‘ς‚Q’–Ϊ,2018-10-18,02,“ΉHγ,{ω‚Ή‚Έ,‚ ‚θ
ή“,Τγ‚Λ‚η‚Ά,Ά“c’J,Ά“c’Jπ”Τ,131121,“‹“s,Ά“c’J‹ζ,Ά“c’J‚P’–Ϊ,2018-04-30,08,“ΉHγ,{ω‚Ή‚Έ,‚ ‚θ
ή“,Τγ‚Λ‚η‚Ά,Ά“c’J,Ά“c’Jπ”Τ,131121,“‹“s,Ά“c’J‹ζ,Ά“c’J‚P’–Ϊ,2018-11-01,14,“ΉHγ,{ω‚Ή‚Έ,‚ ‚θ
ή“,Τγ‚Λ‚η‚Ά,Ά“c’J,ΌƒP‹uπ”Τ,131121,“‹“s,Ά“c’J‹ζ,χ‚P’–Ϊ,2018-06-20,03,κΛZ‘ξ,{ω‚Ή‚Έ,‚Θ‚µ
ή“,Τγ‚Λ‚η‚Ά,Ά“c’J,ΌƒP‹uπ”Τ,131121,“‹“s,Ά“c’J‹ζ,χ‚R’–Ϊ,2018-07-09,07,’“Τi—Φjκ,{ω‚Ή‚Έ,‚Θ‚µ
ή“,Τγ‚Λ‚η‚Ά,Ά“c’J,χ‹uπ”Τ,131121,“‹“s,Ά“c’J‹ζ,χ‹u‚R’–Ϊ,2018-12-19,00,‚»‚Μ‘Ό,{ω‚Ή‚Έ,‚Θ‚µ
ή“,Τγ‚Λ‚η‚Ά,Ά“c’J,χ‹uπ”Τ,131121,“‹“s,Ά“c’J‹ζ,χ‹u‚S’–Ϊ,2018-02-18,08,“ΉHγ,{ω‚Ή‚Έ,‚ ‚θ
ή“,Τγ‚Λ‚η‚Ά,Ά“c’J,χ‹uπ”Τ,131121,“‹“s,Ά“c’J‹ζ,χ‹u‚T’–Ϊ,2018-01-10,17,‚SK‚ΔΘγ‹¤“―Z‘ξ,{ω‚Ή‚Έ,‚ ‚θ
ή“,Τγ‚Λ‚η‚Ά,–k‘ς,o“°‰w‘Oπ”Τ,131121,“‹“s,Ά“c’J‹ζ,o“°‚S’–Ϊ,2018-01-26,13,“ΉHγ,{ω‚Ή‚Έ,‚ ‚θ
ή“,Τγ‚Λ‚η‚Ά,–k‘ς,‹{‘O‹΄π”Τ,131121,“‹“s,Ά“c’J‹ζ,”~‹u‚P’–Ϊ,2018-06-28,19,“ΉHγ,{ω‚Ή‚Έ,‚Θ‚µ
ή“,Τγ‚Λ‚η‚Ά,–k‘ς,’W“‡’Κπ”Τ,131121,“‹“s,Ά“c’J‹ζ,’rK‚S’–Ϊ,2018-12-04,21,“ΉHγ,{ω‚Ή‚Έ,‚Θ‚µ
ή“,Τγ‚Λ‚η‚Ά,–k‘ς,’W“‡’Κπ”Τ,131121,“‹“s,Ά“c’J‹ζ,‘γ‘ς‚R’–Ϊ,2018-03-24,11,“ΉHγ,{ω‚Ή‚Έ,‚ ‚θ
ή“,Τγ‚Λ‚η‚Ά,–k‘ς,‰Ί–k‘ςπ”Τ,131121,“‹“s,Ά“c’J‹ζ,–k‘ς‚S’–Ϊ,2018-10-19,10,‚»‚Μ‘Ό,{ω‚Ή‚Έ,‚ ‚θ
ή“,Τγ‚Λ‚η‚Ά,–k‘ς,‰Ί–k‘ςπ”Τ,131121,“‹“s,Ά“c’J‹ζ,–k‘ς‚T’–Ϊ,2018-08-18,22,‚»‚Μ‘Ό‚ΜZ‘ξi‚RK‚ΔΘ‰Ί‹¤“―Z‘ξ“™j,{ω‚Ή‚Έ,‚ ‚θ
ή“,Τγ‚Λ‚η‚Ά,–k‘ς,‰Hª–Ψπ”Τ,131121,“‹“s,Ά“c’J‹ζ,‘ε΄‚Q’–Ϊ,2018-07-24,13,“ΉHγ,{ω‚Ή‚Έ,‚ ‚θ
ή“,Τγ‚Λ‚η‚Ά,–k‘ς,Τ’ηπ”Τ,131121,“‹“s,Ά“c’J‹ζ,‹“Ώ›‚Q’–Ϊ,2018-02-26,07,“ΉHγ,{ω‚Ή‚Έ,‚ ‚θ
ή“,Τγ‚Λ‚η‚Ά,–k‘ς,–Ύ‘ε‘O‰w‘Oπ”Τ,131121,“‹“s,Ά“c’J‹ζ,Ό΄‚Q’–Ϊ,2018-07-23,22,“ΉHγ,{ω‚Ή‚Έ,‚ ‚θ
ή“,Τγ‚Λ‚η‚Ά,–k‘ς,–Ύ‘ε‘O‰w‘Oπ”Τ,131121,“‹“s,Ά“c’J‹ζ,Ό΄‚Q’–Ϊ,2018-10-16,02,“ΉHγ,{ω‚Ή‚Έ,‚ ‚θ
ή“,Τγ‚Λ‚η‚Ά,–k‘ς,–Ύ‘ε‘O‰w‘Oπ”Τ,131121,“‹“s,Ά“c’J‹ζ,Ό΄‚R’–Ϊ,2018-08-29,14,’“Τi—Φjκ,{ω‚Ή‚Έ,‚ ‚θ
ή“,Τγ‚Λ‚η‚Ά,‹Κμ,,131121,“‹“s,Ά“c’J‹ζ,μ‘½©‚P’–Ϊ,2018-03-21,13,‚»‚Μ‘Ό‚ΜZ‘ξi‚RK‚ΔΘ‰Ί‹¤“―Z‘ξ“™j,{ω‚Ή‚Έ,‚ ‚θ
ή“,Τγ‚Λ‚η‚Ά,‹Κμ,‰‘ς‰w‘Oπ”Τ,131121,“‹“s,Ά“c’J‹ζ,‰‘ς‚R’–Ϊ,2018-01-10,21,κΛZ‘ξ,{ω‚Ή‚Έ,‚ ‚θ
ή“,Τγ‚Λ‚η‚Ά,‹Κμ,‹γ•i•§π”Τ,131121,“‹“s,Ά“c’J‹ζ,‰‘ς‚V’–Ϊ,2018-08-20,08,‚»‚Μ‘Ό,{ω‚Ή‚Έ,‚ ‚θ
ή“,Τγ‚Λ‚η‚Ά,‹Κμ,”φR‘δ‰w‘Oπ”Τ,131121,“‹“s,Ά“c’J‹ζ,“™X—Ν‚Q’–Ϊ,2018-12-28,13,’“Τi—Φjκ,{ω‚Ή‚Έ,‚Θ‚µ
ή“,Τγ‚Λ‚η‚Ά,‹Κμ,γ–μ–Ρπ”Τ,131121,“‹“s,Ά“c’J‹ζ,“™X—Ν‚R’–Ϊ,2018-12-14,16,κΛZ‘ξ,{ω‚Ή‚Έ,‚Θ‚µ
ή“,Τγ‚Λ‚η‚Ά,‹Κμ,“ρq‹Κμπ”Τ,131121,“‹“s,Ά“c’J‹ζ,‹Κμ‚R’–Ϊ,2018-12-05,04,’“Τi—Φjκ,{ω‚Ή‚Έ,‚Θ‚µ
ή“,Τγ‚Λ‚η‚Ά,‹Κμ,£“cπ”Τ,131121,“‹“s,Ά“c’J‹ζ,£“c‚P’–Ϊ,2018-04-25,13,“ΉHγ,{ω‚Ή‚Έ,‚ ‚θ
ή“,Τγ‚Λ‚η‚Ά,‹Κμ,[‘ςπ”Τ,131121,“‹“s,Ά“c’J‹ζ,[‘ς‚P’–Ϊ,2018-01-22,15,κΛZ‘ξ,{ω‚Ή‚Έ,‚ ‚θ
ή“,Τγ‚Λ‚η‚Ά,‹Κμ,[‘ςπ”Τ,131121,“‹“s,Ά“c’J‹ζ,[‘ς‚V’–Ϊ,2018-05-02,14,‚»‚Μ‘Ό,{ω‚Ή‚Έ,‚ ‚θ
ή“,Τγ‚Λ‚η‚Ά,‹Κμ,χV’¬π”Τ,131121,“‹“s,Ά“c’J‹ζ,‹ξ‘ς‚S’–Ϊ,2018-02-18,10,‚»‚Μ‘Ό,{ω‚Ή‚Έ,‚ ‚θ
ή“,Τγ‚Λ‚η‚Ά,‹Κμ,χV’¬π”Τ,131121,“‹“s,Ά“c’J‹ζ,‹ξ‘ς‚S’–Ϊ,2018-03-29,19,’“Τi—Φjκ,{ω‚Ή‚Έ,‚Θ‚µ
ή“,Τγ‚Λ‚η‚Ά,‹Κμ,χV’¬π”Τ,131121,“‹“s,Ά“c’J‹ζ,V’¬‚P’–Ϊ,2018-11-03,16,‚SK‚ΔΘγ‹¤“―Z‘ξ,{ω‚Ή‚Έ,‚ ‚θ
ή“,Τγ‚Λ‚η‚Ά,‹Κμ,χV’¬π”Τ,131121,“‹“s,Ά“c’J‹ζ,V’¬‚Q’–Ϊ,2018-10-30,12,“ΉHγ,{ω‚Ή‚Έ,‚ ‚θ
ή“,Τγ‚Λ‚η‚Ά,‹Κμ,χV’¬π”Τ,131121,“‹“s,Ά“c’J‹ζ,[‘ς‚T’–Ϊ,2018-06-29,21,κΛZ‘ξ,{ω‚Ή‚Έ,‚ ‚θ
ή“,Τγ‚Λ‚η‚Ά,¬ι,‘ct’J‘ε‘ π”Τ,131121,“‹“s,Ά“c’J‹ζ,‹m‚W’–Ϊ,2018-06-07,18,’“Τi—Φjκ,{ω‚Ή‚Έ,‚Θ‚µ
ή“,Τγ‚Λ‚η‚Ά,¬ι,‘ct’J‘ε‘ π”Τ,131121,“‹“s,Ά“c’J‹ζ,‘ct’J‚P’–Ϊ,2018-07-26,20,’“Τi—Φjκ,{ω‚Ή‚Έ,‚ ‚θ
ή“,Τγ‚Λ‚η‚Ά,¬ι,‘ct’J‘ε‘ π”Τ,131121,“‹“s,Ά“c’J‹ζ,ηΞ‘δ‚Q’–Ϊ,2018-12-10,11,’“Τi—Φjκ,{ω‚Ή‚Έ,‚Θ‚µ
ή“,Τγ‚Λ‚η‚Ά,¬ι,¬ιπ”Τ,131121,“‹“s,Ά“c’J‹ζ,¬ι‚P’–Ϊ,2018-04-03,11,’“Τi—Φjκ,{ω‚Ή‚Έ,‚Θ‚µ
ή“,Τγ‚Λ‚η‚Ά,¬ι,¬ιπ”Τ,131121,“‹“s,Ά“c’J‹ζ,¬ι‚Q’–Ϊ,2018-06-27,10,’“Τi—Φjκ,{ω‚Ή‚Έ,‚Θ‚µ
ή“,Τγ‚Λ‚η‚Ά,¬ι,¬ιπ”Τ,131121,“‹“s,Ά“c’J‹ζ,¬ι‚U’–Ϊ,2018-06-23,13,’“Τi—Φjκ,{ω‚Ή‚Έ,‚Θ‚µ
ή“,Τγ‚Λ‚η‚Ά,¬ι,¬ιπ”Τ,131121,“‹“s,Ά“c’J‹ζ,¬ι‚W’–Ϊ,2018-02-11,15,’“Τi—Φjκ,{ω‚Ή‚Έ,‚Θ‚µ
ή“,Τγ‚Λ‚η‚Ά,¬ι,ηΞ‘δπ”Τ,131121,“‹“s,Ά“c’J‹ζ,””’J‚P’–Ϊ,2018-08-31,08,‚»‚Μ‘Ό,{ω‚Ή‚Έ,‚Θ‚µ
ή“,Τγ‚Λ‚η‚Ά,¬ι,ηΞ‘δπ”Τ,131121,“‹“s,Ά“c’J‹ζ,γ‘ct’J‚R’–Ϊ,2018-07-23,15,’“Τi—Φjκ,{ω‚Ή‚Έ,‚Θ‚µ
ή“,Τγ‚Λ‚η‚Ά,¬ι,ηΞ‘δπ”Τ,131121,“‹“s,Ά“c’J‹ζ,ηΞ‘δ‚R’–Ϊ,2018-05-10,17,“ΉHγ,{ω‚Ή‚Έ,‚ ‚θ
ή“,Τγ‚Λ‚η‚Ά,¬ι,ηΞ‘δπ”Τ,131121,“‹“s,Ά“c’J‹ζ,ηΞ‘δ‚R’–Ϊ,2018-12-09,15,‚SK‚ΔΘγ‹¤“―Z‘ξ,{ω‚Ή‚Έ,‚Θ‚µ
ή“,Τγ‚Λ‚η‚Ά,¬ι,‰GRπ”Τ,131121,“‹“s,Ά“c’J‹ζ,“μ‰GR‚Q’–Ϊ,2018-05-30,17,‚SK‚ΔΘγ‹¤“―Z‘ξ,{ω‚Ή‚Έ,‚Θ‚µ
ή“,Τγ‚Λ‚η‚Ά,¬ι,‰GRπ”Τ,131121,“‹“s,Ά“c’J‹ζ,“μ‰GR‚R’–Ϊ,2018-04-11,18,‚SK‚ΔΘγ‹¤“―Z‘ξ,{ω‚Ή‚Έ,‚Θ‚µ
ή“,Τγ‚Λ‚η‚Ά,¬ι,‰GRπ”Τ,131121,“‹“s,Ά“c’J‹ζ,“μ‰GR‚S’–Ϊ,2018-08-14,23,‚»‚Μ‘Ό‚ΜZ‘ξi‚RK‚ΔΘ‰Ί‹¤“―Z‘ξ“™j,{ω‚Ή‚Έ,‚ ‚θ
ή“,Τγ‚Λ‚η‚Ά,¬ι,‰GRπ”Τ,131121,“‹“s,Ά“c’J‹ζ,“μ‰GR‚T’–Ϊ,2018-03-04,13,’“Τi—Φjκ,{ω‚Ή‚Έ,‚ ‚θ
ή“,Τγ‚Λ‚η‚Ά,¬ι,‰GRπ”Τ,131121,“‹“s,Ά“c’J‹ζ,“μ‰GR‚T’–Ϊ,2018-06-02,00,’“Τi—Φjκ,{ω‚Ή‚Έ,‚ ‚θ
ή“,Τγ‚Λ‚η‚Ά,¬ι,γ–k‘ς‰w‘Oπ”Τ,131121,“‹“s,Ά“c’J‹ζ,γ–k‘ς‚S’–Ϊ,2018-12-06,18,‚SK‚ΔΘγ‹¤“―Z‘ξ,{ω‚Ή‚Έ,‚Θ‚µ
ή“,Τγ‚Λ‚η‚Ά,¬ι,ηΞ‘D‹΄‰w‘Oπ”Τ,131121,“‹“s,Ά“c’J‹ζ,‘D‹΄‚R’–Ϊ,2018-08-25,23,“ΉHγ,{ω‚Ή‚Έ,‚Θ‚µ
ή“,Τγ‚Λ‚η‚Ά,¬ι,ηΞ‘D‹΄‰w‘Oπ”Τ,131121,“‹“s,Ά“c’J‹ζ,‘D‹΄‚T’–Ϊ,2014-12-11,23,‚»‚Μ‘Ό,{ω‚Ή‚Έ,‚Θ‚µ
ή“,Τγ‚Λ‚η‚Ά,¬ι,ηΞ‘D‹΄‰w‘Oπ”Τ,131121,“‹“s,Ά“c’J‹ζ,‘D‹΄‚T’–Ϊ,2014-12-26,00,‚»‚Μ‘Ό,{ω‚Ή‚Έ,‚Θ‚µ
ή“,Τγ‚Λ‚η‚Ά,¬ι,ηΞ‘D‹΄‰w‘Oπ”Τ,131121,“‹“s,Ά“c’J‹ζ,‘D‹΄‚T’–Ϊ,2014-12-30,07,‚»‚Μ‘Ό,{ω‚Ή‚Έ,‚Θ‚µ
ή“,Τγ‚Λ‚η‚Ά,¬ι,ηΞ‘D‹΄‰w‘Oπ”Τ,131121,“‹“s,Ά“c’J‹ζ,‘D‹΄‚T’–Ϊ,2014-12-31,16,‚»‚Μ‘Ό,{ω‚Ή‚Έ,‚Θ‚µ
ή“,Τγ‚Λ‚η‚Ά,¬ι,ηΞ‘D‹΄‰w‘Oπ”Τ,131121,“‹“s,Ά“c’J‹ζ,‘D‹΄‚T’–Ϊ,2015-01-05,00,‚»‚Μ‘Ό,{ω‚Ή‚Έ,‚Θ‚µ
ή“,Τγ‚Λ‚η‚Ά,¬ι,ηΞ‘D‹΄‰w‘Oπ”Τ,131121,“‹“s,Ά“c’J‹ζ,‘D‹΄‚T’–Ϊ,2015-01-30,00,‚»‚Μ‘Ό,{ω‚Ή‚Έ,‚Θ‚µ
ή“,Τγ‚Λ‚η‚Ά,¬ι,ηΞ‘D‹΄‰w‘Oπ”Τ,131121,“‹“s,Ά“c’J‹ζ,‘D‹΄‚T’–Ϊ,2015-03-02,01,‚»‚Μ‘Ό,{ω‚Ή‚Έ,‚Θ‚µ
ή“,Τγ‚Λ‚η‚Ά,¬ι,ηΞ‘D‹΄‰w‘Oπ”Τ,131121,“‹“s,Ά“c’J‹ζ,‘D‹΄‚T’–Ϊ,2015-04-27,00,‚»‚Μ‘Ό,{ω‚Ή‚Έ,‚Θ‚µ
ή“,Τγ‚Λ‚η‚Ά,¬ι,ηΞ‘D‹΄‰w‘Oπ”Τ,131121,“‹“s,Ά“c’J‹ζ,‘D‹΄‚T’–Ϊ,2015-06-01,00,‚»‚Μ‘Ό,{ω‚Ή‚Έ,‚Θ‚µ
ή“,Τγ‚Λ‚η‚Ά,¬ι,ηΞ‘D‹΄‰w‘Oπ”Τ,131121,“‹“s,Ά“c’J‹ζ,‘D‹΄‚T’–Ϊ,2015-06-26,16,‚»‚Μ‘Ό,{ω‚Ή‚Έ,‚Θ‚µ
ή“,Τγ‚Λ‚η‚Ά,¬ι,ηΞ‘D‹΄‰w‘Oπ”Τ,131121,“‹“s,Ά“c’J‹ζ,‘D‹΄‚T’–Ϊ,2015-07-26,21,‚»‚Μ‘Ό,{ω‚Ή‚Έ,‚Θ‚µ
ή“,Τγ‚Λ‚η‚Ά,¬ι,‘ε‘ “ρ’–Ϊπ”Τ,131121,“‹“s,Ά“c’J‹ζ,‹m‚T’–Ϊ,2018-02-24,12,‚»‚Μ‘Ό,{ω‚Ή‚Έ,‚Θ‚µ
ή“,Τγ‚Λ‚η‚Ά,¬ι,‘ε‘ “ρ’–Ϊπ”Τ,131121,“‹“s,Ά“c’J‹ζ,‹m‚T’–Ϊ,2018-03-01,16,‚»‚Μ‘Ό,{ω‚Ή‚Έ,‚Θ‚µ
ή“,Τγ‚Λ‚η‚Ά,¬ι,“•σ‘Oπ”Τ,131121,“‹“s,Ά“c’J‹ζ,‰F“ήª‚R’–Ϊ,2018-01-11,22,‚»‚Μ‘Ό‚ΜZ‘ξi‚RK‚ΔΘ‰Ί‹¤“―Z‘ξ“™j,{ω‚Ή‚Έ,‚Θ‚µ
ή“,Τγ‚Λ‚η‚Ά,¬ι,‰ª–{’“έ,131121,“‹“s,Ά“c’J‹ζ,‰ª–{‚P’–Ϊ,2017-10-31,•s–Ύ,‚»‚Μ‘Ό,{ω‚Ή‚Έ,‚Θ‚µ
ή“,Τγ‚Λ‚η‚Ά,¬ι,μ‘½©‰w‘Oπ”Τ,131121,“‹“s,Ά“c’J‹ζ,μ‘½©‚X’–Ϊ,2018-10-12,07,’“Τi—Φjκ,{ω‚Ή‚Έ,‚Θ‚µ
ή“,Τγ‚Λ‚η‚Ά,¬ι,‹‹“cπ”Τ,131121,“‹“s,Ά“c’J‹ζ,‹‹“c‚S’–Ϊ,2018-06-03,22,‚»‚Μ‘Ό,{ω‚Ή‚Έ,‚ ‚θ
ή“,Τγ‚Λ‚η‚Ά,¬ι,–k‰GR’“έ,131121,“‹“s,Ά“c’J‹ζ,–k‰GR‚T’–Ϊ,2018-07-11,23,‚»‚Μ‘Ό‚ΜZ‘ξi‚RK‚ΔΘ‰Ί‹¤“―Z‘ξ“™j,{ω‚Ή‚Έ,‚Θ‚µ
ή“,Τγ‚Λ‚η‚Ά,¬ι,–k‰GR’“έ,131121,“‹“s,Ά“c’J‹ζ,–k‰GR‚T’–Ϊ,2018-11-02,18,’“Τi—Φjκ,{ω‚Ή‚Έ,‚Θ‚µ
ή“,Τγ‚Λ‚η‚Ά,¬ι,‘D‹΄π”Τ,131121,“‹“s,Ά“c’J‹ζ,”ª”¦R‚Q’–Ϊ,2018-04-30,15,’“Τi—Φjκ,{ω‚Ή‚Έ,‚ ‚θ
ή“,Τγ‚Λ‚η‚Ά,¬ι,‘D‹΄π”Τ,131121,“‹“s,Ά“c’J‹ζ,‘D‹΄‚V’–Ϊ,2018-03-29,15,’“Τi—Φjκ,{ω‚Ή‚Έ,‚Θ‚µ
ή“,Τγ‚Λ‚η‚Ά,–Ϊ•,‰Ί–Ϊ•π”Τ,131105,“‹“s,–Ϊ•‹ζ,‰Ί–Ϊ•‚Q’–Ϊ,2018-10-31,20,‚SK‚ΔΘγ‹¤“―Z‘ξ,{ω‚Ή‚Έ,‚Θ‚µ
ή“,Τγ‚Λ‚η‚Ά,–Ϊ•,‰Ί–Ϊ•π”Τ,131105,“‹“s,–Ϊ•‹ζ,‰Ί–Ϊ•‚R’–Ϊ,2018-10-06,12,“ΉHγ,{ω‚Ή‚Έ,‚Θ‚µ
ή“,Τγ‚Λ‚η‚Ά,–Ϊ•,‰Ί–Ϊ•π”Τ,131105,“‹“s,–Ϊ•‹ζ,–Ϊ•‚P’–Ϊ,2018-07-30,10,“ΉHγ,{ω‚Ή‚Έ,‚Θ‚µ
ή“,Τγ‚Λ‚η‚Ά,–Ϊ•,—S“V›‰w‘Oπ”Τ,131105,“‹“s,–Ϊ•‹ζ,’†‰›’¬‚Q’–Ϊ,2018-02-26,07,‚SK‚ΔΘγ‹¤“―Z‘ξ,{ω‚Ή‚Έ,‚ ‚θ
ή“,Τγ‚Λ‚η‚Ά,–Ϊ•,—S“V›‰w‘Oπ”Τ,131105,“‹“s,–Ϊ•‹ζ,—S“V›‚Q’–Ϊ,2018-03-04,14,’“Τi—Φjκ,{ω‚Ή‚Έ,‚ ‚θ
ή“,Τγ‚Λ‚η‚Ά,–Ϊ•,’†–Ϊ•‰w‘Oπ”Τ,131105,“‹“s,–Ϊ•‹ζ,γ–Ϊ•‚P’–Ϊ,2018-12-12,16,“ΉHγ,{ω‚Ή‚Έ,‚ ‚θ
ή“,Τγ‚Λ‚η‚Ά,–Ϊ•,’†–Ϊ•‰w‘Oπ”Τ,131105,“‹“s,–Ϊ•‹ζ,γ–Ϊ•‚Q’–Ϊ,2018-06-12,14,“ΉHγ,{ω‚Ή‚Έ,‚Θ‚µ
ή“,Τγ‚Λ‚η‚Ά,–Ϊ•,hRπ”Τ,131105,“‹“s,–Ϊ•‹ζ,γ–Ϊ•‚S’–Ϊ,2017-11-11,08,“ΉHγ,{ω‚Ή‚Έ,‚Θ‚µ
ή“,Τγ‚Λ‚η‚Ά,–Ϊ•,hRπ”Τ,131105,“‹“s,–Ϊ•‹ζ,“R‚R’–Ϊ,2018-08-23,08,“ΉHγ,{ω‚Ή‚Έ,‚Θ‚µ
ή“,Τγ‚Λ‚η‚Ά,–Ϊ•,‘ε‹΄π”Τ,131105,“‹“s,–Ϊ•‹ζ,Β—t‘δ‚Q’–Ϊ,2018-08-05,02,“ΉHγ,{ω‚Ή‚Έ,‚ ‚θ
ή“,Τγ‚Λ‚η‚Ά,–Ϊ•,‘ε‹΄π”Τ,131105,“‹“s,–Ϊ•‹ζ,Β—t‘δ‚R’–Ϊ,2017-12-25,22,“ΉHγ,{ω‚Ή‚Έ,‚ ‚θ
ή“,Τγ‚Λ‚η‚Ά,–Ϊ•,‘ε‹΄π”Τ,131105,“‹“s,–Ϊ•‹ζ,“R‚Q’–Ϊ,2018-10-26,20,“ΉHγ,{ω‚Ή‚Έ,‚Θ‚µ
ή“,Τγ‚Λ‚η‚Ά,–Ϊ•,‘ε‹΄π”Τ,131105,“‹“s,–Ϊ•‹ζ,“R‚R’–Ϊ,2018-08-05,05,“ΉHγ,{ω‚Ή‚Έ,‚Θ‚µ
ή“,Τγ‚Λ‚η‚Ά,–Ϊ•,‘ε‹΄π”Τ,131105,“‹“s,–Ϊ•‹ζ,“R‚R’–Ϊ,2018-12-02,19,“ΉHγ,{ω‚Ή‚Έ,‚Θ‚µ
ή“,Τγ‚Λ‚η‚Ά,–Ϊ•,‹ξκκ’–Ϊ’“έ,131105,“‹“s,–Ϊ•‹ζ,‹ξκ‚Q’–Ϊ,2018-07-04,06,“ΉHγ,{ω‚Ή‚Έ,‚Θ‚µ
ή“,Τγ‚Λ‚η‚Ά,”θ•¶’J,`‚Μ–Ψβπ”Τ,131105,“‹“s,–Ϊ•‹ζ,`‚Μ–Ψβ‚P’–Ϊ,2018-05-24,09,“ΉHγ,{ω‚Ή‚Έ,‚Θ‚µ
ή“,Τγ‚Λ‚η‚Ά,”θ•¶’J,©—R‚ª‹uπ”Τ,131105,“‹“s,–Ϊ•‹ζ,©—R‚ª‹u‚Q’–Ϊ,2018-09-17,08,“ΉHγ,{ω‚Ή‚Έ,‚Θ‚µ
ή“,Τγ‚Λ‚η‚Ά,”θ•¶’J,΄’¬π”Τ,131105,“‹“s,–Ϊ•‹ζ,΄’¬‚P’–Ϊ,2018-02-03,11,κΛZ‘ξ,{ω‚Ή‚Έ,‚ ‚θ
ή“,Τγ‚Λ‚η‚Ά,”θ•¶’J,–{’¬Z’–Ϊπ”Τ,131105,“‹“s,–Ϊ•‹ζ,–Ϊ•–{’¬‚U’–Ϊ,2018-07-09,14,κΛZ‘ξ,{ω‚Ή‚Έ,‚ ‚θ
ή“,Τγ‚Λ‚η‚Ά,”θ•¶’J,–{’¬“ρ’–Ϊπ”Τ,131105,“‹“s,–Ϊ•‹ζ,’†‰›’¬‚P’–Ϊ,2018-11-29,10,‚»‚Μ‘Ό‚ΜZ‘ξi‚RK‚ΔΘ‰Ί‹¤“―Z‘ξ“™j,{ω‚Ή‚Έ,‚Θ‚µ
ή“,Τγ‚Λ‚η‚Ά,”θ•¶’J,w|‘εw‰w‘Oπ”Τ,131105,“‹“s,–Ϊ•‹ζ,‘ι”Τ‚R’–Ϊ,2018-02-20,15,“ΉHγ,{ω‚Ή‚Έ,‚Θ‚µ
ή“,Τγ‚Λ‚η‚Ά,”θ•¶’J,w|‘εw‰w‘Oπ”Τ,131105,“‹“s,–Ϊ•‹ζ,‘ι”Τ‚R’–Ϊ,2018-07-02,18,“ΉHγ,{ω‚Ή‚Έ,‚Θ‚µ
ή“,Τγ‚Λ‚η‚Ά,”θ•¶’J,w|‘εw‰w‘Oπ”Τ,131105,“‹“s,–Ϊ•‹ζ,”θ•¶’J‚Q’–Ϊ,2018-12-07,10,“ΉHγ,{ω‚Ή‚Έ,‚ ‚θ
ή“,Τγ‚Λ‚η‚Ά,”θ•¶’J,w|‘εw‰w‘Oπ”Τ,131105,“‹“s,–Ϊ•‹ζ,”θ•¶’J‚S’–Ϊ,2018-02-06,17,’“Τi—Φjκ,{ω‚Ή‚Έ,‚Θ‚µ
ή“,Τγ‚Λ‚η‚Ά,”θ•¶’J,w|‘εw‰w‘Oπ”Τ,131105,“‹“s,–Ϊ•‹ζ,”θ•¶’J‚S’–Ϊ,2018-05-06,20,’“Τi—Φjκ,{ω‚Ή‚Έ,‚Θ‚µ
ή“,Τγ‚Λ‚η‚Ά,a’J,a’J‰w‘Oπ”Τ,131130,“‹“s,a’J‹ζ,‰F“cμ’¬,2018-02-12,11,“ΉHγ,{ω‚Ή‚Έ,‚ ‚θ
ή“,Τγ‚Λ‚η‚Ά,a’J,a’J‰w‘Oπ”Τ,131130,“‹“s,a’J‹ζ,“ΉΊβ‚P’–Ϊ,2018-08-07,13,“ΉHγ,{ω‚Ή‚Έ,‚Θ‚µ
ή“,Τγ‚Λ‚η‚Ά,a’J,a’J‰w‘Oπ”Τ,131130,“‹“s,a’J‹ζ,“ΉΊβ‚Q’–Ϊ,2018-02-09,10,“ΉHγ,{ω‚Ή‚Έ,‚ ‚θ
ή“,Τγ‚Λ‚η‚Ά,a’J,‰F“cμπ”Τ,131130,“‹“s,a’J‹ζ,‰F“cμ’¬,2018-05-31,09,’“Τi—Φjκ,{ω‚Ή‚Έ,‚ ‚θ
ή“,Τγ‚Λ‚η‚Ά,a’J,‰F“cμπ”Τ,131130,“‹“s,a’J‹ζ,“ΉΊβ‚Q’–Ϊ,2018-01-16,11,“ΉHγ,{ω‚Ή‚Έ,‚Θ‚µ
ή“,Τγ‚Λ‚η‚Ά,a’J,‰F“cμπ”Τ,131130,“‹“s,a’J‹ζ,“ΉΊβ‚Q’–Ϊ,2018-01-22,13,“ΉHγ,{ω‚Ή‚Έ,‚Θ‚µ
ή“,Τγ‚Λ‚η‚Ά,a’J,“ΉΊβγπ”Τ,131130,“‹“s,a’J‹ζ,“ΉΊβ‚P’–Ϊ,2018-01-21,13,“ΉHγ,{ω‚Ή‚Έ,‚Θ‚µ
ή“,Τγ‚Λ‚η‚Ά,a’J,“ΉΊβγπ”Τ,131130,“‹“s,a’J‹ζ,“ΉΊβ‚P’–Ϊ,2018-02-28,14,“ΉHγ,{ω‚Ή‚Έ,‚Θ‚µ
ή“,Τγ‚Λ‚η‚Ά,a’J,“ΉΊβγπ”Τ,131130,“‹“s,a’J‹ζ,“ΉΊβ‚Q’–Ϊ,2018-01-12,02,“ΉHγ,{ω‚Ή‚Έ,‚Θ‚µ
ή“,Τγ‚Λ‚η‚Ά,a’J,“ΉΊβγπ”Τ,131130,“‹“s,a’J‹ζ,“ΉΊβ‚Q’–Ϊ,2018-02-12,10,“ΉHγ,{ω‚Ή‚Έ,‚ ‚θ
ή“,Τγ‚Λ‚η‚Ά,a’J,“ΉΊβγπ”Τ,131130,“‹“s,a’J‹ζ,‰~R’¬,2018-03-11,15,’“Τi—Φjκ,{ω‚Ή‚Έ,‚Θ‚µ
ή“,Τγ‚Λ‚η‚Ά,a’J,‘γ―Rπ”Τ,131130,“‹“s,a’J‹ζ,‘γ―R’¬,2018-02-15,06,‚SK‚ΔΘγ‹¤“―Z‘ξ,{ω‚Ή‚Έ,‚ ‚θ
ή“,Τγ‚Λ‚η‚Ά,a’J,‘γ―Rπ”Τ,131130,“‹“s,a’J‹ζ,‘γ―R’¬,2018-12-07,10,κΛZ‘ξ,{ω‚Ή‚Έ,‚Θ‚µ
ή“,Τγ‚Λ‚η‚Ά,a’J,b”δυ‰w‘Oπ”Τ,131130,“‹“s,a’J‹ζ,b”δυ“μ‚R’–Ϊ,2018-03-03,01,“ΉHγ,{ω‚Ή‚Έ,‚Θ‚µ
ή“,Τγ‚Λ‚η‚Ά,a’J,”«Rπ”Τ,131130,“‹“s,a’J‹ζ,“μ•½‘δ’¬,2018-07-27,17,‚SK‚ΔΘγ‹¤“―Z‘ξ,{ω‚Ή‚Έ,‚Θ‚µ
ή“,Τγ‚Λ‚η‚Ά,a’J,”«Rπ”Τ,131130,“‹“s,a’J‹ζ,“μ•½‘δ’¬,2018-10-31,14,‚»‚Μ‘Ό,{ω‚Ή‚Έ,‚ ‚θ
ή“,Τγ‚Λ‚η‚Ά,΄h,‘γX–Ψ‰w‘Oπ”Τ,131130,“‹“s,a’J‹ζ,η‘Κƒ–’J‚R’–Ϊ,2018-09-25,14,“ΉHγ,{ω‚Ή‚Έ,‚ ‚θ
ή“,Τγ‚Λ‚η‚Ά,΄h,‘γX–Ψ‰w‘Oπ”Τ,131130,“‹“s,a’J‹ζ,η‘Κƒ–’J‚S’–Ϊ,2018-04-27,20,“ΉHγ,{ω‚Ή‚Έ,‚ ‚θ
ή“,Τγ‚Λ‚η‚Ά,΄h,‘γX–Ψ‰w‘Oπ”Τ,131130,“‹“s,a’J‹ζ,η‘Κƒ–’J‚S’–Ϊ,2018-11-17,09,’“Τi—Φjκ,{ω‚Ή‚Έ,‚Θ‚µ
ή“,Τγ‚Λ‚η‚Ά,΄h,‘γX–Ψ‰w‘Oπ”Τ,131130,“‹“s,a’J‹ζ,‘γX–Ψ‚P’–Ϊ,2018-08-15,11,“ΉHγ,{ω‚Ή‚Έ,‚ ‚θ
ή“,Τγ‚Λ‚η‚Ά,΄h,‘γX–Ψ“ρ’–Ϊπ”Τ,131130,“‹“s,a’J‹ζ,‘γX–Ψ‚Q’–Ϊ,2018-05-17,23,’“Τi—Φjκ,{ω‚Ή‚Έ,‚Θ‚µ
ή“,Τγ‚Λ‚η‚Ά,΄h,‘γX–Ψ“ρ’–Ϊπ”Τ,131130,“‹“s,a’J‹ζ,‘γX–Ψ‚Q’–Ϊ,2018-07-19,06,“ΉHγ,{ω‚Ή‚Έ,‚Θ‚µ
ή“,Τγ‚Λ‚η‚Ά,΄h,‘γX–Ψ“ρ’–Ϊπ”Τ,131130,“‹“s,a’J‹ζ,‘γX–Ψ‚Q’–Ϊ,2018-08-04,20,“ΉHγ,{ω‚Ή‚Έ,‚ ‚θ
ή“,Τγ‚Λ‚η‚Ά,΄h,‘γX–Ψ“ρ’–Ϊπ”Τ,131130,“‹“s,a’J‹ζ,‘γX–Ψ‚Q’–Ϊ,2018-08-27,07,’“Τi—Φjκ,{ω‚Ή‚Έ,‚ ‚θ
ή“,Τγ‚Λ‚η‚Ά,΄h,η‘ΚƒP’Jά’–Ϊπ”Τ,131130,“‹“s,a’J‹ζ,η‘Κƒ–’J‚T’–Ϊ,2018-04-20,10,“ΉHγ,{ω‚Ή‚Έ,‚ ‚θ
ή“,Τγ‚Λ‚η‚Ά,΄h,η‘ΚƒP’Jά’–Ϊπ”Τ,131130,“‹“s,a’J‹ζ,η‘Κƒ–’J‚T’–Ϊ,2018-06-21,18,’“Τi—Φjκ,{ω‚Ή‚Έ,‚Θ‚µ
ή“,Τγ‚Λ‚η‚Ά,΄h,η‘ΚƒP’Jά’–Ϊπ”Τ,131130,“‹“s,a’J‹ζ,η‘Κƒ–’J‚T’–Ϊ,2018-07-06,16,“ΉHγ,{ω‚Ή‚Έ,‚ ‚θ
ή“,Τγ‚Λ‚η‚Ά,΄h,η‘ΚƒP’Jά’–Ϊπ”Τ,131130,“‹“s,a’J‹ζ,η‘Κƒ–’J‚T’–Ϊ,2018-07-10,20,’“Τi—Φjκ,{ω‚Ή‚Έ,‚Θ‚µ
ή“,Τγ‚Λ‚η‚Ά,΄h,η‘ΚƒP’J‰w‘Oπ”Τ,131130,“‹“s,a’J‹ζ,_‹{‘O‚Q’–Ϊ,2017-11-19,00,‚»‚Μ‘Ό,{ω‚Ή‚Έ,‚Θ‚µ
ή“,Τγ‚Λ‚η‚Ά,΄h,_‹{‘Oπ”Τ,131130,“‹“s,a’J‹ζ,_‹{‘O‚T’–Ϊ,2018-06-03,09,’“Τi—Φjκ,{ω‚Ή‚Έ,‚Θ‚µ
ή“,Τγ‚Λ‚η‚Ά,‘γX–Ψ,‰‘δ‰w‘Oπ”Τ,131130,“‹“s,a’J‹ζ,‰‘δ‚P’–Ϊ,2018-11-17,21,“ΉHγ,{ω‚Ή‚Έ,‚ ‚θ
ή“,Τγ‚Λ‚η‚Ά,‘γX–Ψ,‰‘δ‰w‘Oπ”Τ,131130,“‹“s,a’J‹ζ,‘γX–Ψ‚S’–Ϊ,2018-10-03,13,‚SK‚ΔΘγ‹¤“―Z‘ξ,{ω‚Ή‚Έ,‚ ‚θ
ή“,Τγ‚Λ‚η‚Ά,‘γX–Ψ,΄…‹΄π”Τ,131130,“‹“s,a’J‹ζ,–{’¬‚S’–Ϊ,2018-01-15,15,’“Τi—Φjκ,{ω‚Ή‚Έ,‚ ‚θ
ή“,Τγ‚Λ‚η‚Ά,‘γX–Ψ,•s“®‘Oπ”Τ,131130,“‹“s,a’J‹ζ,–{’¬‚T’–Ϊ,2018-07-24,18,κΛZ‘ξ,{ω‚Ή‚Έ,‚ ‚θ
ή“,Τγ‚Λ‚η‚Ά,‘γX–Ψ,•s“®‘Oπ”Τ,131130,“‹“s,a’J‹ζ,–{’¬‚U’–Ϊ,2018-01-13,14,’“Τi—Φjκ,{ω‚Ή‚Έ,‚Θ‚µ
ή“,Τγ‚Λ‚η‚Ά,‘γX–Ψ,•s“®‘Oπ”Τ,131130,“‹“s,a’J‹ζ,–{’¬‚U’–Ϊ,2018-07-03,20,κΛZ‘ξ,{ω‚Ή‚Έ,‚Θ‚µ
ή“,Τγ‚Λ‚η‚Ά,‘γX–Ψ,”¦ƒP’J‰w‘Oπ”Τ,131130,“‹“s,a’J‹ζ,”¦ƒ–’J‚Q’–Ϊ,2018-02-15,02,’“Τi—Φjκ,{ω‚Ή‚Έ,‚Θ‚µ
ή“,Τγ‚Λ‚η‚Ά,‘γX–Ψ,”¦ƒP’J‰w‘Oπ”Τ,131130,“‹“s,a’J‹ζ,”¦ƒ–’J‚R’–Ϊ,2018-07-02,08,“ΉHγ,{ω‚Ή‚Έ,‚ ‚θ
ή“,Τγ‚Λ‚η‚Ά,‘γX–Ψ,‘γX–Ψγ΄‰w‘Oπ”Τ,131130,“‹“s,a’J‹ζ,Ό΄‚P’–Ϊ,2018-02-04,08,“ΉHγ,{ω‚Ή‚Έ,‚ ‚θ
ή“,Τγ‚Λ‚η‚Ά,‘γX–Ψ,‘γX–Ψγ΄‰w‘Oπ”Τ,131130,“‹“s,a’J‹ζ,Ό΄‚Q’–Ϊ,2018-08-22,11,‚»‚Μ‘Ό,{ω‚Ή‚Έ,‚ ‚θ
ή“,Τγ‚Λ‚η‚Ά,‘γX–Ψ,‰‘δ“ρ’–Ϊπ”Τ,131130,“‹“s,a’J‹ζ,‰‘δ‚P’–Ϊ,2018-07-20,13,‚SK‚ΔΘγ‹¤“―Z‘ξ,{ω‚Ή‚Έ,‚Θ‚µ
ή“,Τγ‚Λ‚η‚Ά,‘γX–Ψ,‘γX–Ψφ‰€π”Τ,131130,“‹“s,a’J‹ζ,_“μ‚Q’–Ϊ,2018-07-27,01,“ΉHγ,{ω‚Ή‚Έ,‚Θ‚µ
ή“,Τγ‚Λ‚η‚Ά,‘γX–Ψ,‘γX–Ψφ‰€π”Τ,131130,“‹“s,a’J‹ζ,•xƒ–’J‚P’–Ϊ,2018-09-27,12,“ΉHγ,{ω‚Ή‚Έ,‚Θ‚µ
ή“,Τγ‚Λ‚η‚Ά,‹,‰Ν“c’¬π”Τ,131041,“‹“s,Vh‹ζ,—]’’¬,2018-09-09,13,“ΉHγ,{ω‚Ή‚Έ,‚ ‚θ
ή“,Τγ‚Λ‚η‚Ά,‹,‰Ν“c’¬π”Τ,131041,“‹“s,Vh‹ζ,ΛR‚Q’–Ϊ,2018-06-22,09,‚SK‚ΔΘγ‹¤“―Z‘ξ,{ω‚Ή‚Έ,‚Θ‚µ
ή“,Τγ‚Λ‚η‚Ά,‹,‰Ν“c’¬π”Τ,131041,“‹“s,Vh‹ζ,ΛR‚Q’–Ϊ,2018-11-26,15,“ΉHγ,{ω‚Ή‚Έ,‚ ‚θ
ή“,Τγ‚Λ‚η‚Ά,‹,’ίª’¬π”Τ,131041,“‹“s,Vh‹ζ,R’¬,2018-04-24,14,“ΉHγ,{ω‚Ή‚Έ,‚Θ‚µ
ή“,Τγ‚Λ‚η‚Ά,‹,’ίª’¬π”Τ,131041,“‹“s,Vh‹ζ,R’¬,2018-05-19,13,“ΉHγ,{ω‚Ή‚Έ,‚ ‚θ
ή“,Τγ‚Λ‚η‚Ά,‹,’ίª’¬π”Τ,131041,“‹“s,Vh‹ζ,R’¬,2018-07-02,13,’“Τi—Φjκ,{ω‚Ή‚Έ,‚ ‚θ
ή“,Τγ‚Λ‚η‚Ά,‹,_yβγπ”Τ,131041,“‹“s,Vh‹ζ,_yβ‚U’–Ϊ,2018-11-17,01,“ΉHγ,{ω‚Ή‚Έ,‚ ‚θ
ή“,Τγ‚Λ‚η‚Ά,‹,_yβγπ”Τ,131041,“‹“s,Vh‹ζ,–k’¬,2018-02-07,14,’“Τi—Φjκ,{ω‚Ή‚Έ,‚Θ‚µ
ή“,Τγ‚Λ‚η‚Ά,Vh,Vh‰wΌϋπ”Τ,131041,“‹“s,Vh‹ζ,ΌVh‚P’–Ϊ,2018-09-25,11,“ΉHγ,{ω‚Ή‚Έ,‚Θ‚µ
ή“,Τγ‚Λ‚η‚Ά,Vh,Vh‰wΌϋπ”Τ,131041,“‹“s,Vh‹ζ,ΌVh‚P’–Ϊ,2018-12-02,05,“ΉHγ,{ω‚Ή‚Έ,‚Θ‚µ
ή“,Τγ‚Λ‚η‚Ά,Vh,F–μ_Π‘Oπ”Τ,131041,“‹“s,Vh‹ζ,ΌVh‚S’–Ϊ,2018-09-11,13,’“Τi—Φjκ,{ω‚Ή‚Έ,‚Θ‚µ
ή“,Τγ‚Λ‚η‚Ά,Vh,F–μ_Π‘Oπ”Τ,131041,“‹“s,Vh‹ζ,ΌVh‚S’–Ϊ,2018-10-18,16,“ΉHγ,{ω‚Ή‚Έ,‚Θ‚µ
ή“,Τγ‚Λ‚η‚Ά,Vh,¬qβπ”Τ,131041,“‹“s,Vh‹ζ,ΌVh‚U’–Ϊ,2018-01-25,11,“ΉHγ,{ω‚Ή‚Έ,‚ ‚θ
ή“,Τγ‚Λ‚η‚Ά,Vh,¬qβπ”Τ,131041,“‹“s,Vh‹ζ,ΌVh‚V’–Ϊ,2018-07-08,06,“ΉHγ,{ω‚Ή‚Έ,‚ ‚θ
ή“,Τγ‚Λ‚η‚Ά,Vh,–kVhκ’–Ϊπ”Τ,131041,“‹“s,Vh‹ζ,–kVh‚P’–Ϊ,2018-11-09,12,‚SK‚ΔΘγ‹¤“―Z‘ξ,{ω‚Ή‚Έ,‚Θ‚µ
ή“,Τγ‚Λ‚η‚Ά,Vh,—„‹΄sκ‘Oπ”Τ,131041,“‹“s,Vh‹ζ,–kVh‚S’–Ϊ,2018-01-05,09,‚»‚Μ‘Ό,{ω‚Ή‚Έ,‚ ‚θ
ή“,Τγ‚Λ‚η‚Ά,Vh,—„‹΄sκ‘Oπ”Τ,131041,“‹“s,Vh‹ζ,–kVh‚S’–Ϊ,2018-02-14,09,“ΉHγ,{ω‚Ή‚Έ,‚ ‚θ
ή“,Τγ‚Λ‚η‚Ά,Vh,•Sl’¬π”Τ,131041,“‹“s,Vh‹ζ,•Sl’¬‚Q’–Ϊ,2018-08-18,14,“ΉHγ,{ω‚Ή‚Έ,‚Θ‚µ
ή“,Τγ‚Λ‚η‚Ά,Vh,‘ε‹v•Ϋπ”Τ,131041,“‹“s,Vh‹ζ,‘ε‹v•Ϋ‚P’–Ϊ,2018-03-14,09,“ΉHγ,{ω‚Ή‚Έ,‚ ‚θ
ή“,Τγ‚Λ‚η‚Ά,Vh,‘ε‹v•Ϋπ”Τ,131041,“‹“s,Vh‹ζ,‘ε‹v•Ϋ‚P’–Ϊ,2018-11-28,10,“ΉHγ,{ω‚Ή‚Έ,‚ ‚θ
ή“,Τγ‚Λ‚η‚Ά,Vh,‘ε‹v•Ϋπ”Τ,131041,“‹“s,Vh‹ζ,‘ε‹v•Ϋ‚Q’–Ϊ,2018-07-08,19,“ΉHγ,{ω‚Ή‚Έ,‚ ‚θ
ή“,Τγ‚Λ‚η‚Ά,Vh,‘ε‹v•Ϋπ”Τ,131041,“‹“s,Vh‹ζ,‘ε‹v•Ϋ‚Q’–Ϊ,2018-08-20,15,“ΉHγ,{ω‚Ή‚Έ,‚ ‚θ
ή“,Τγ‚Λ‚η‚Ά,Vh,‘ε‹v•Ϋπ”Τ,131041,“‹“s,Vh‹ζ,‘ε‹v•Ϋ‚R’–Ϊ,2018-06-07,17,‚SK‚ΔΘγ‹¤“―Z‘ξ,{ω‚Ή‚Έ,‚ ‚θ
ή“,Τγ‚Λ‚η‚Ά,Vh,‘ε‹v•Ϋπ”Τ,131041,“‹“s,Vh‹ζ,‘ε‹v•Ϋ‚R’–Ϊ,2018-06-29,04,‚»‚Μ‘Ό,{ω‚Ή‚Έ,‚ ‚θ
ή“,Τγ‚Λ‚η‚Ά,Vh,‘ε‹v•Ϋπ”Τ,131041,“‹“s,Vh‹ζ,•Sl’¬‚P’–Ϊ,2018-07-05,14,“ΉHγ,{ω‚Ή‚Έ,‚ ‚θ
ή“,Τγ‚Λ‚η‚Ά,Vh,VhZ’–Ϊπ”Τ,131041,“‹“s,Vh‹ζ,Vh‚U’–Ϊ,2018-11-12,14,“ΉHγ,{ω‚Ή‚Έ,‚ ‚θ
ή“,Τγ‚Λ‚η‚Ά,Vh,‰Μ•‘κ’¬π”Τ,131041,“‹“s,Vh‹ζ,‰Μ•‘κ’¬‚P’–Ϊ,2018-04-14,08,“ΉHγ,{ω‚Ή‚Έ,‚ ‚θ
ή“,Τγ‚Λ‚η‚Ά,Vh,‰Μ•‘κ’¬π”Τ,131041,“‹“s,Vh‹ζ,‰Μ•‘κ’¬‚P’–Ϊ,2018-08-03,18,“ΉHγ,{ω‚Ή‚Έ,‚ ‚θ
ή“,Τγ‚Λ‚η‚Ά,Vh,‰Μ•‘κ’¬π”Τ,131041,“‹“s,Vh‹ζ,‰Μ•‘κ’¬‚P’–Ϊ,2018-10-15,12,“ΉHγ,{ω‚Ή‚Έ,‚ ‚θ
ή“,Τγ‚Λ‚η‚Ά,Vh,‰Μ•‘κ’¬π”Τ,131041,“‹“s,Vh‹ζ,‰Μ•‘κ’¬‚Q’–Ϊ,2018-04-02,19,“ΉHγ,{ω‚Ή‚Έ,‚ ‚θ
ή“,Τγ‚Λ‚η‚Ά,Vh,‰Μ•‘κ’¬π”Τ,131041,“‹“s,Vh‹ζ,‰Μ•‘κ’¬‚Q’–Ϊ,2018-12-26,09,“ΉHγ,{ω‚Ή‚Έ,‚ ‚θ
ή“,Τγ‚Λ‚η‚Ά,Vh,Vh‰w“ϋπ”Τ,131041,“‹“s,Vh‹ζ,Vh‚R’–Ϊ,2018-01-12,14,“ΉHγ,{ω‚Ή‚Έ,‚ ‚θ
ή“,Τγ‚Λ‚η‚Ά,Vh,Vh‰w“ϋπ”Τ,131041,“‹“s,Vh‹ζ,Vh‚R’–Ϊ,2018-01-28,09,’“Τi—Φjκ,{ω‚Ή‚Έ,‚ ‚θ
ή“,Τγ‚Λ‚η‚Ά,Vh,Vh‰w“ϋπ”Τ,131041,“‹“s,Vh‹ζ,Vh‚R’–Ϊ,2018-02-03,08,“ΉHγ,{ω‚Ή‚Έ,‚ ‚θ
ή“,Τγ‚Λ‚η‚Ά,Vh,Vh‰w“ϋπ”Τ,131041,“‹“s,Vh‹ζ,Vh‚R’–Ϊ,2018-03-06,06,“ΉHγ,{ω‚Ή‚Έ,‚ ‚θ
ή“,Τγ‚Λ‚η‚Ά,Λ’Λ,Λ’Λκ’–Ϊπ”Τ,131041,“‹“s,Vh‹ζ,Ό‘ξ“c‚Q’–Ϊ,2018-01-04,12,“ΉHγ,{ω‚Ή‚Έ,‚ ‚θ
ή“,Τγ‚Λ‚η‚Ά,Λ’Λ,‚“c”nκ‰w‘Oπ”Τ,131041,“‹“s,Vh‹ζ,‚“c”nκ‚P’–Ϊ,2018-11-13,11,’“Τi—Φjκ,{ω‚Ή‚Έ,‚ ‚θ
ή“,Τγ‚Λ‚η‚Ά,Λ’Λ,‚“c”nκ‰w‘Oπ”Τ,131041,“‹“s,Vh‹ζ,‚“c”nκ‚R’–Ϊ,2018-03-01,15,‚»‚Μ‘Ό,{ω‚Ή‚Έ,‚ ‚θ
ή“,Τγ‚Λ‚η‚Ά,Λ’Λ,‚“c”nκ‰w‘Oπ”Τ,131041,“‹“s,Vh‹ζ,‚“c”nκ‚R’–Ϊ,2018-06-26,10,“ΉHγ,{ω‚Ή‚Έ,‚Θ‚µ
ή“,Τγ‚Λ‚η‚Ά,Λ’Λ,‰Ί—‡‰w‘Oπ”Τ,131041,“‹“s,Vh‹ζ,‰Ί—‡‚P’–Ϊ,2018-08-29,13,‚»‚Μ‘Ό,{ω‚Ή‚Έ,‚Θ‚µ
ή“,Τγ‚Λ‚η‚Ά,Λ’Λ,‰Ί—‡‰w‘Oπ”Τ,131041,“‹“s,Vh‹ζ,‰Ί—‡‚Q’–Ϊ,2018-04-29,16,‚»‚Μ‘Ό,{ω‚Ή‚Έ,‚Θ‚µ
ή“,Τγ‚Λ‚η‚Ά,Λ’Λ,‰Ί—‡‰w‘Oπ”Τ,131041,“‹“s,Vh‹ζ,‚“c”nκ‚R’–Ϊ,2018-10-01,14,“ΉHγ,{ω‚Ή‚Έ,‚Θ‚µ
ή“,Τγ‚Λ‚η‚Ά,Λ’Λ,’†—‡π”Τ,131041,“‹“s,Vh‹ζ,’†δ‚Q’–Ϊ,2018-06-07,15,κΛZ‘ξ,{ω‚Ή‚Έ,‚ ‚θ
ή“,Τγ‚Λ‚η‚Ά,Λ’Λ,Ό—‡π”Τ,131041,“‹“s,Vh‹ζ,Ό—‡‚P’–Ϊ,2018-04-22,01,“ΉHγ,{ω‚Ή‚Έ,‚Θ‚µ
ή“,Τγ‚Λ‚η‚Ά,Λ’Λ,Ό—‡π”Τ,131041,“‹“s,Vh‹ζ,Ό—‡‚R’–Ϊ,2018-09-08,07,“ΉHγ,{ω‚Ή‚Έ,‚Θ‚µ
ή“,Τγ‚Λ‚η‚Ά,Λ’Λ,Ό—‡π”Τ,131041,“‹“s,Vh‹ζ,Ό—‡‚S’–Ϊ,2018-05-17,09,“ΉHγ,{ω‚Ή‚Έ,‚Θ‚µ
ή“,Τγ‚Λ‚η‚Ά,Λ’Λ,γ—‡π”Τ,131041,“‹“s,Vh‹ζ,γ—‡‚R’–Ϊ,2018-03-02,14,’“Τi—Φjκ,{ω‚Ή‚Έ,‚Θ‚µ
ή“,Τγ‚Λ‚η‚Ά,Λ’Λ,γ—‡π”Τ,131041,“‹“s,Vh‹ζ,γ—‡‚R’–Ϊ,2018-08-16,22,“ΉHγ,{ω‚Ή‚Έ,‚Θ‚µ
ή“,Τγ‚Λ‚η‚Ά,l’J,M”Z’¬π”Τ,131041,“‹“s,Vh‹ζ,M”Z’¬,2018-08-14,19,“ΉHγ,{ω‚Ή‚Έ,‚ ‚θ
ή“,Τγ‚Λ‚η‚Ά,l’J,M”Z’¬π”Τ,131041,“‹“s,Vh‹ζ,α—t‚R’–Ϊ,2018-01-15,18,“ΉHγ,{ω‚Ή‚Έ,‚ ‚θ
ή“,Τγ‚Λ‚η‚Ά,l’J,δ‰‘‘ε’Κπ”Τ,131041,“‹“s,Vh‹ζ,Vh‚Q’–Ϊ,2018-04-16,07,“ΉHγ,{ω‚Ή‚Έ,‚ ‚θ
ή“,Τγ‚Λ‚η‚Ά,l’J,δ‰‘‘ε’Κπ”Τ,131041,“‹“s,Vh‹ζ,Vh‚Q’–Ϊ,2018-10-06,13,“ΉHγ,{ω‚Ή‚Έ,‚Θ‚µ
ή“,Τγ‚Λ‚η‚Ά,l’J,Vhl’–Ϊπ”Τ,131041,“‹“s,Vh‹ζ,Vh‚Q’–Ϊ,2018-07-13,00,“ΉHγ,{ω‚Ή‚Έ,‚ ‚θ
ή“,Τγ‚Λ‚η‚Ά,’†–μ,’†–μβγπ”Τ,131148,“‹“s,’†–μ‹ζ,’†‰›‚Q’–Ϊ,2018-03-21,11,“ΉHγ,{ω‚Ή‚Έ,‚ ‚θ
ή“,Τγ‚Λ‚η‚Ά,’†–μ,’†–μβγπ”Τ,131148,“‹“s,’†–μ‹ζ,’†‰›‚Q’–Ϊ,2018-04-10,00,“ΉHγ,{ω‚Ή‚Έ,‚ ‚θ
ή“,Τγ‚Λ‚η‚Ά,’†–μ,’†–μβγπ”Τ,131148,“‹“s,’†–μ‹ζ,’†‰›‚Q’–Ϊ,2018-04-11,•s–Ύ,’“Τi—Φjκ,{ω‚Ή‚Έ,‚Θ‚µ
ή“,Τγ‚Λ‚η‚Ά,’†–μ,’†–μβγπ”Τ,131148,“‹“s,’†–μ‹ζ,’†‰›‚Q’–Ϊ,2018-04-15,14,“ΉHγ,{ω‚Ή‚Έ,‚ ‚θ
ή“,Τγ‚Λ‚η‚Ά,’†–μ,’†–μβγπ”Τ,131148,“‹“s,’†–μ‹ζ,–{’¬‚Q’–Ϊ,2018-07-04,12,“ΉHγ,{ω‚Ή‚Έ,‚Θ‚µ
ή“,Τγ‚Λ‚η‚Ά,’†–μ,“’†–μ‰w‘Oπ”Τ,131148,“‹“s,’†–μ‹ζ,“’†–μ‚P’–Ϊ,2018-03-27,16,’“Τi—Φjκ,{ω‚Ή‚Έ,‚Θ‚µ
ή“,Τγ‚Λ‚η‚Ά,’†–μ,“’†–μ‰w‘Oπ”Τ,131148,“‹“s,’†–μ‹ζ,“’†–μ‚P’–Ϊ,2018-11-23,08,“ΉHγ,{ω‚Ή‚Έ,‚ ‚θ
ή“,Τγ‚Λ‚η‚Ά,’†–μ,‘ξ“c’Κπ”Τ,131148,“‹“s,’†–μ‹ζ,’†–μ‚P’–Ϊ,2018-04-22,12,“ΉHγ,{ω‚Ή‚Έ,‚Θ‚µ
ή“,Τγ‚Λ‚η‚Ά,’†–μ,‘ξ“c’Κπ”Τ,131148,“‹“s,’†–μ‹ζ,’†–μ‚P’–Ϊ,2018-05-02,10,“ΉHγ,{ω‚Ή‚Έ,‚ ‚θ
ή“,Τγ‚Λ‚η‚Ά,’†–μ,‘ξ“c’Κπ”Τ,131148,“‹“s,’†–μ‹ζ,’†–μ‚T’–Ϊ,2018-03-22,17,“ΉHγ,{ω‚Ή‚Έ,‚ ‚θ
ή“,Τγ‚Λ‚η‚Ά,’†–μ,’†–μ‰w‘Oπ”Τ,131148,“‹“s,’†–μ‹ζ,’†–μ‚P’–Ϊ,2018-02-13,08,“ΉHγ,{ω‚Ή‚Έ,‚Θ‚µ
ή“,Τγ‚Λ‚η‚Ά,’†–μ,’†–μ‰w‘Oπ”Τ,131148,“‹“s,’†–μ‹ζ,’†–μ‚Q’–Ϊ,2018-04-03,15,‚»‚Μ‘Ό,{ω‚Ή‚Έ,‚ ‚θ
ή“,Τγ‚Λ‚η‚Ά,’†–μ,’†–μ‰w‘Oπ”Τ,131148,“‹“s,’†–μ‹ζ,’†–μ‚T’–Ϊ,2018-03-01,14,’“Τi—Φjκ,{ω‚Ή‚Έ,‚ ‚θ
ή“,Τγ‚Λ‚η‚Ά,’†–μ,–{‹½’Κπ”Τ,131148,“‹“s,’†–μ‹ζ,–{’¬‚T’–Ϊ,2018-06-02,15,“ΉHγ,{ω‚Ή‚Έ,‚ ‚θ
ή“,Τγ‚Λ‚η‚Ά,’†–μ,–{‹½’Κπ”Τ,131148,“‹“s,’†–μ‹ζ,–ν¶’¬‚Q’–Ϊ,2018-01-02,00,“ΉHγ,{ω‚Ή‚Έ,‚ ‚θ
ή“,Τγ‚Λ‚η‚Ά,’†–μ,–{‹½’Κπ”Τ,131148,“‹“s,’†–μ‹ζ,–ν¶’¬‚Q’–Ϊ,2018-02-06,15,“ΉHγ,{ω‚Ή‚Έ,‚ ‚θ
ή“,Τγ‚Λ‚η‚Ά,’†–μ,–{‹½’Κπ”Τ,131148,“‹“s,’†–μ‹ζ,–ν¶’¬‚R’–Ϊ,2018-04-20,19,“ΉHγ,{ω‚Ή‚Έ,‚ ‚θ
ή“,Τγ‚Λ‚η‚Ά,’†–μ,“η‰®‰΅’π”Τ,131148,“‹“s,’†–μ‹ζ,’†‰›‚Q’–Ϊ,2018-11-03,02,κΛZ‘ξ,{ω‚Ή‚Έ,‚ ‚θ
ή“,Τγ‚Λ‚η‚Ά,’†–μ,“μ‘δπ”Τ,131148,“‹“s,’†–μ‹ζ,“μ‘δ‚P’–Ϊ,2018-07-05,10,‚»‚Μ‘Ό‚ΜZ‘ξi‚RK‚ΔΘ‰Ί‹¤“―Z‘ξ“™j,{ω‚Ή‚Έ,‚ ‚θ
ή“,Τγ‚Λ‚η‚Ά,’†–μ,“μ‘δπ”Τ,131148,“‹“s,’†–μ‹ζ,“μ‘δ‚P’–Ϊ,2018-12-25,13,“ΉHγ,{ω‚Ή‚Έ,‚Θ‚µ
ή“,Τγ‚Λ‚η‚Ά,’†–μ,“μ‘δπ”Τ,131148,“‹“s,’†–μ‹ζ,“μ‘δ‚S’–Ϊ,2018-10-26,19,’“Τi—Φjκ,{ω‚Ή‚Έ,‚ ‚θ
ή“,Τγ‚Λ‚η‚Ά,’†–μ,“μ‘δπ”Τ,131148,“‹“s,’†–μ‹ζ,“μ‘δ‚S’–Ϊ,2018-11-24,17,’“Τi—Φjκ,{ω‚Ή‚Έ,‚Θ‚µ
ή“,Τγ‚Λ‚η‚Ά,’†–μ,“μ‘δπ”Τ,131148,“‹“s,’†–μ‹ζ,–ν¶’¬‚T’–Ϊ,2018-03-18,15,‚»‚Μ‘Ό,{ω‚Ή‚Έ,‚ ‚θ
ή“,Τγ‚Λ‚η‚Ά,’†–μ,“μ‘δπ”Τ,131148,“‹“s,’†–μ‹ζ,–ν¶’¬‚U’–Ϊ,2018-03-20,08,“ΉHγ,{ω‚Ή‚Έ,‚Θ‚µ
ή“,Τγ‚Λ‚η‚Ά,’†–μ,’†‰›ά’–Ϊπ”Τ,131148,“‹“s,’†–μ‹ζ,’†‰›‚T’–Ϊ,2018-11-01,16,“ΉHγ,{ω‚Ή‚Έ,‚Θ‚µ
ή“,Τγ‚Λ‚η‚Ά,’†–μ,’†‰›ά’–Ϊπ”Τ,131148,“‹“s,’†–μ‹ζ,’†‰›‚T’–Ϊ,2018-11-11,16,‚SK‚ΔΘγ‹¤“―Z‘ξ,{ω‚Ή‚Έ,‚Θ‚µ
ή“,Τγ‚Λ‚η‚Ά,’†–μ,’†‰›ά’–Ϊπ”Τ,131148,“‹“s,’†–μ‹ζ,–{’¬‚U’–Ϊ,2018-10-07,21,“ΉHγ,{ω‚Ή‚Έ,‚Θ‚µ
ή“,Τγ‚Λ‚η‚Ά,–μ•ϋ,–ςt‰w‘Oπ”Τ,131148,“‹“s,’†–μ‹ζ,γ‚“c‚R’–Ϊ,2018-12-04,10,‚»‚Μ‘Ό‚ΜZ‘ξi‚RK‚ΔΘ‰Ί‹¤“―Z‘ξ“™j,{ω‚Ή‚Έ,‚ ‚θ
ή“,Τγ‚Λ‚η‚Ά,–μ•ϋ,–ςt‰w‘Oπ”Τ,131148,“‹“s,’†–μ‹ζ,Ό‚ª‹u‚P’–Ϊ,2018-06-14,13,‚SK‚ΔΘγ‹¤“―Z‘ξ,{ω‚Ή‚Έ,‚Θ‚µ
ή“,Τγ‚Λ‚η‚Ά,–μ•ϋ,γ‚“cπ”Τ,131148,“‹“s,’†–μ‹ζ,γ‚“c‚P’–Ϊ,2018-01-30,18,“ΉHγ,{ω‚Ή‚Έ,‚Θ‚µ
ή“,Τγ‚Λ‚η‚Ά,–μ•ϋ,γ‚“cπ”Τ,131148,“‹“s,’†–μ‹ζ,γ‚“c‚P’–Ϊ,2018-02-08,18,’“Τi—Φjκ,{ω‚Ή‚Έ,‚ ‚θ
ή“,Τγ‚Λ‚η‚Ά,–μ•ϋ,γ‚“cπ”Τ,131148,“‹“s,’†–μ‹ζ,γ‚“c‚P’–Ϊ,2018-03-20,16,‚»‚Μ‘Ό,{ω‚Ή‚Έ,‚ ‚θ
ή“,Τγ‚Λ‚η‚Ά,–μ•ϋ,γ‚“cπ”Τ,131148,“‹“s,’†–μ‹ζ,γ‚“c‚P’–Ϊ,2018-12-26,02,“ΉHγ,{ω‚Ή‚Έ,‚ ‚θ
ή“,Τγ‚Λ‚η‚Ά,–μ•ϋ,γ‚“cπ”Τ,131148,“‹“s,’†–μ‹ζ,γ‚“c‚R’–Ϊ,2018-07-01,14,“ΉHγ,{ω‚Ή‚Έ,‚ ‚θ
ή“,Τγ‚Λ‚η‚Ά,–μ•ϋ,γ‚“cπ”Τ,131148,“‹“s,’†–μ‹ζ,γ‚“c‚S’–Ϊ,2018-01-15,13,“ΉHγ,{ω‚Ή‚Έ,‚Θ‚µ
ή“,Τγ‚Λ‚η‚Ά,–μ•ϋ,]Γ“cl’–Ϊπ”Τ,131148,“‹“s,’†–μ‹ζ,]Γ“c‚S’–Ϊ,2018-03-20,14,’“Τi—Φjκ,{ω‚Ή‚Έ,‚ ‚θ
ή“,Τγ‚Λ‚η‚Ά,–μ•ϋ,]Γ“cl’–Ϊπ”Τ,131148,“‹“s,’†–μ‹ζ,ΐ‘ά‚Q’–Ϊ,2018-02-03,13,“ΉHγ,{ω‚Ή‚Έ,‚Θ‚µ
ή“,Τγ‚Λ‚η‚Ά,–μ•ϋ,ΐ‘άπ”Τ,131148,“‹“s,’†–μ‹ζ,Vδ‚Q’–Ϊ,2018-03-30,17,“ΉHγ,{ω‚Ή‚Έ,‚ ‚θ
ή“,Τγ‚Λ‚η‚Ά,–μ•ϋ,ΐ‘άπ”Τ,131148,“‹“s,’†–μ‹ζ,Vδ‚R’–Ϊ,2018-09-06,19,’“Τi—Φjκ,{ω‚Ή‚Έ,‚Θ‚µ
ή“,Τγ‚Λ‚η‚Ά,–μ•ϋ,ΐ‘άπ”Τ,131148,“‹“s,’†–μ‹ζ,Vδ‚R’–Ϊ,2018-12-17,09,“ΉHγ,{ω‚Ή‚Έ,‚Θ‚µ
ή“,Τγ‚Λ‚η‚Ά,–μ•ϋ,ΐ‘άπ”Τ,131148,“‹“s,’†–μ‹ζ,Vδ‚S’–Ϊ,2018-05-11,04,“ΉHγ,{ω‚Ή‚Έ,‚ ‚θ
ή“,Τγ‚Λ‚η‚Ά,–μ•ϋ,ΐ‘άπ”Τ,131148,“‹“s,’†–μ‹ζ,ΐ‘ά‚P’–Ϊ,2018-08-10,15,‚»‚Μ‘Ό‚ΜZ‘ξi‚RK‚ΔΘ‰Ί‹¤“―Z‘ξ“™j,{ω‚Ή‚Έ,‚ ‚θ
ή“,Τγ‚Λ‚η‚Ά,–μ•ϋ,ΐ‘άπ”Τ,131148,“‹“s,’†–μ‹ζ,ΐ‘ά‚R’–Ϊ,2018-08-05,19,“ΉHγ,{ω‚Ή‚Έ,‚ ‚θ
ή“,Τγ‚Λ‚η‚Ά,–μ•ϋ,ΐ‘άπ”Τ,131148,“‹“s,’†–μ‹ζ,ΐ‘ά‚R’–Ϊ,2018-08-26,05,‚»‚Μ‘Ό‚ΜZ‘ξi‚RK‚ΔΘ‰Ί‹¤“―Z‘ξ“™j,{ω‚Ή‚Έ,‚ ‚θ
ή“,Τγ‚Λ‚η‚Ά,–μ•ϋ,ΐ‘άπ”Τ,131148,“‹“s,’†–μ‹ζ,ΐ‘ά‚S’–Ϊ,2018-08-31,18,κΛZ‘ξ,{ω‚Ή‚Έ,‚ ‚θ
ή“,Τγ‚Λ‚η‚Ά,–μ•ϋ,–μ•ϋ‰w‘Oπ”Τ,131148,“‹“s,’†–μ‹ζ,–μ•ϋ‚R’–Ϊ,2018-03-12,15,“ΉHγ,{ω‚Ή‚Έ,‚ ‚θ
ή“,Τγ‚Λ‚η‚Ά,–μ•ϋ,–μ•ϋ‰w‘Oπ”Τ,131148,“‹“s,’†–μ‹ζ,–μ•ϋ‚R’–Ϊ,2018-05-17,15,’“Τi—Φjκ,{ω‚Ή‚Έ,‚ ‚θ
ή“,Τγ‚Λ‚η‚Ά,–μ•ϋ,–μ•ϋ‰w‘Oπ”Τ,131148,“‹“s,’†–μ‹ζ,–μ•ϋ‚T’–Ϊ,2018-01-14,20,“ΉHγ,{ω‚Ή‚Έ,‚ ‚θ
ή“,Τγ‚Λ‚η‚Ά,–μ•ϋ,–μ•ϋ‰w‘Oπ”Τ,131148,“‹“s,’†–μ‹ζ,–μ•ϋ‚T’–Ϊ,2018-02-19,20,’“Τi—Φjκ,{ω‚Ή‚Έ,‚Θ‚µ
ή“,Τγ‚Λ‚η‚Ά,–μ•ϋ,–μ•ϋ‰w‘Oπ”Τ,131148,“‹“s,’†–μ‹ζ,–μ•ϋ‚T’–Ϊ,2018-03-28,08,“ΉHγ,{ω‚Ή‚Έ,‚Θ‚µ
ή“,Τγ‚Λ‚η‚Ά,–μ•ϋ,–μ•ϋ‰w‘Oπ”Τ,131148,“‹“s,’†–μ‹ζ,–μ•ϋ‚T’–Ϊ,2018-10-25,16,“ΉHγ,{ω‚Ή‚Έ,‚Θ‚µ
ή“,Τγ‚Λ‚η‚Ά,–μ•ϋ,–μ•ϋ‰w‘Oπ”Τ,131148,“‹“s,’†–μ‹ζ,ΫR‚P’–Ϊ,2018-02-02,16,“ΉHγ,{ω‚Ή‚Έ,‚ ‚θ
ή“,Τγ‚Λ‚η‚Ά,–μ•ϋ,–μ•ϋ‰w‘Oπ”Τ,131148,“‹“s,’†–μ‹ζ,ΫR‚P’–Ϊ,2018-02-03,14,“ΉHγ,{ω‚Ή‚Έ,‚ ‚θ
ή“,Τγ‚Λ‚η‚Ά,–μ•ϋ,‰Ζ­’Κπ”Τ,131148,“‹“s,’†–μ‹ζ,λ‹{‚P’–Ϊ,2018-06-26,11,’“Τi—Φjκ,{ω‚Ή‚Έ,‚Θ‚µ
ή“,Τγ‚Λ‚η‚Ά,–μ•ϋ,‰Ζ­’Κπ”Τ,131148,“‹“s,’†–μ‹ζ,α‹{‚P’–Ϊ,2018-04-13,11,‚»‚Μ‘Ό‚ΜZ‘ξi‚RK‚ΔΘ‰Ί‹¤“―Z‘ξ“™j,{ω‚Ή‚Έ,‚ ‚θ
ή“,Τγ‚Λ‚η‚Ά,–μ•ϋ,λ‹{‰w‘Oπ”Τ,131148,“‹“s,’†–μ‹ζ,”’λ‚P’–Ϊ,2018-02-13,16,“ΉHγ,{ω‚Ή‚Έ,‚ ‚θ
ή“,Τγ‚Λ‚η‚Ά,–μ•ϋ,λ‹{‰w‘Oπ”Τ,131148,“‹“s,’†–μ‹ζ,”’λ‚P’–Ϊ,2018-02-23,17,“ΉHγ,{ω‚Ή‚Έ,‚Θ‚µ
ή“,Τγ‚Λ‚η‚Ά,–μ•ϋ,α‹{π”Τ,131148,“‹“s,’†–μ‹ζ,α‹{‚Q’–Ϊ,2018-09-08,15,“ΉHγ,{ω‚Ή‚Έ,‚ ‚θ
ή“,Τγ‚Λ‚η‚Ά,–μ•ϋ,–μ•ϋκ’–Ϊπ”Τ,131148,“‹“s,’†–μ‹ζ,’†–μ‚S’–Ϊ,2018-05-28,15,’“Τi—Φjκ,{ω‚Ή‚Έ,‚Θ‚µ
ή“,Τγ‚Λ‚η‚Ά,–μ•ϋ,–μ•ϋκ’–Ϊπ”Τ,131148,“‹“s,’†–μ‹ζ,’†–μ‚T’–Ϊ,2018-02-18,13,“ΉHγ,{ω‚Ή‚Έ,‚Θ‚µ
ή“,Τγ‚Λ‚η‚Ά,–μ•ϋ,–μ•ϋκ’–Ϊπ”Τ,131148,“‹“s,’†–μ‹ζ,’†–μ‚T’–Ϊ,2018-07-26,20,“ΉHγ,{ω‚Ή‚Έ,‚ ‚θ
ή“,Τγ‚Λ‚η‚Ά,–μ•ϋ,–μ•ϋκ’–Ϊπ”Τ,131148,“‹“s,’†–μ‹ζ,’†–μ‚T’–Ϊ,2018-10-19,22,“ΉHγ,{ω‚Ή‚Έ,‚Θ‚µ
ή“,Τγ‚Λ‚η‚Ά,–μ•ϋ,–μ•ϋκ’–Ϊπ”Τ,131148,“‹“s,’†–μ‹ζ,’†–μ‚T’–Ϊ,2018-12-06,18,“ΉHγ,{ω‚Ή‚Έ,‚ ‚θ
ή“,Τγ‚Λ‚η‚Ά,–μ•ϋ,–μ•ϋκ’–Ϊπ”Τ,131148,“‹“s,’†–μ‹ζ,‘εa’¬‚Q’–Ϊ,2018-02-22,09,“ΉHγ,{ω‚Ή‚Έ,‚Θ‚µ
ή“,Τγ‚Λ‚η‚Ά,–μ•ϋ,γλ‹{’“έ,131148,“‹“s,’†–μ‹ζ,γλ‹{‚R’–Ϊ,2018-04-07,11,κΛZ‘ξ,{ω‚Ή‚Έ,‚ ‚θ
ή“,Τγ‚Λ‚η‚Ά,™•ΐ,,,,,,2018-05-20,06,“ΉHγ,{ω‚Ή‚Έ,‚ ‚θ
ή“,Τγ‚Λ‚η‚Ά,™•ΐ,““c’¬π”Τ,131156,“‹“s,™•ΐ‹ζ,Ά²’J“μ‚P’–Ϊ,2018-02-03,19,“ΉHγ,{ω‚Ή‚Έ,‚ ‚θ
ή“,Τγ‚Λ‚η‚Ά,™•ΐ,““c’¬π”Τ,131156,“‹“s,™•ΐ‹ζ,Ά²’J“μ‚P’–Ϊ,2018-05-20,11,’“Τi—Φjκ,{ω‚Ή‚Έ,‚Θ‚µ
ή“,Τγ‚Λ‚η‚Ά,™•ΐ,““c’¬π”Τ,131156,“‹“s,™•ΐ‹ζ,Ά²’J“μ‚P’–Ϊ,2018-07-31,18,“ΉHγ,{ω‚Ή‚Έ,‚Θ‚µ
ή“,Τγ‚Λ‚η‚Ά,™•ΐ,““c’¬π”Τ,131156,“‹“s,™•ΐ‹ζ,Ά²’J“μ‚P’–Ϊ,2018-10-27,11,’“Τi—Φjκ,{ω‚Ή‚Έ,‚Θ‚µ
ή“,Τγ‚Λ‚η‚Ά,™•ΐ,V‚‰~›‰w‘Oπ”Τ,131156,“‹“s,™•ΐ‹ζ,‚‰~›“μ‚Q’–Ϊ,2018-07-30,22,“ΉHγ,{ω‚Ή‚Έ,‚Θ‚µ
ή“,Τγ‚Λ‚η‚Ά,™•ΐ,–xƒm“ΰπ”Τ,131156,“‹“s,™•ΐ‹ζ,”~—Ά‚P’–Ϊ,2018-08-06,18,’“Τi—Φjκ,{ω‚Ή‚Έ,‚Θ‚µ
ή“,Τγ‚Λ‚η‚Ά,™•ΐ,–xƒm“ΰπ”Τ,131156,“‹“s,™•ΐ‹ζ,”~—Ά‚P’–Ϊ,2018-08-09,09,’“Τi—Φjκ,{ω‚Ή‚Έ,‚Θ‚µ
ή“,Τγ‚Λ‚η‚Ά,™•ΐ,–xƒm“ΰπ”Τ,131156,“‹“s,™•ΐ‹ζ,”~—Ά‚P’–Ϊ,2018-09-08,19,‚SK‚ΔΘγ‹¤“―Z‘ξ,{ω‚Ή‚Έ,‚ ‚θ
ή“,Τγ‚Λ‚η‚Ά,™•ΐ,–xƒm“ΰπ”Τ,131156,“‹“s,™•ΐ‹ζ,–xƒm“ΰ‚Q’–Ϊ,2018-02-26,17,‚»‚Μ‘Ό‚ΜZ‘ξi‚RK‚ΔΘ‰Ί‹¤“―Z‘ξ“™j,{ω‚Ή‚Έ,‚ ‚θ
ή“,Τγ‚Λ‚η‚Ά,™•ΐ,a“c–{’¬π”Τ,131156,“‹“s,™•ΐ‹ζ,a“c‚P’–Ϊ,2018-06-28,00,‚SK‚ΔΘγ‹¤“―Z‘ξ,{ω‚Ή‚Έ,‚ ‚θ
ή“,Τγ‚Λ‚η‚Ά,™•ΐ,‚‰~›π”Τ,131156,“‹“s,™•ΐ‹ζ,”~—Ά‚P’–Ϊ,2018-04-04,16,“ΉHγ,{ω‚Ή‚Έ,‚ ‚θ
ή“,Τγ‚Λ‚η‚Ά,™•ΐ,‚‰~›π”Τ,131156,“‹“s,™•ΐ‹ζ,‚‰~›“μ‚P’–Ϊ,2018-07-09,10,‚»‚Μ‘Ό,{ω‚Ή‚Έ,‚ ‚θ
ή“,Τγ‚Λ‚η‚Ά,™•ΐ,‚‰~›π”Τ,131156,“‹“s,™•ΐ‹ζ,‚‰~›“μ‚S’–Ϊ,2018-11-30,22,“ΉHγ,{ω‚Ή‚Έ,‚Θ‚µ
ή“,Τγ‚Λ‚η‚Ά,™•ΐ,‚‰~›“μl’–Ϊπ”Τ,131156,“‹“s,™•ΐ‹ζ,‚‰~›–k‚Q’–Ϊ,2018-01-13,08,“ΉHγ,{ω‚Ή‚Έ,‚Θ‚µ
ή“,Τγ‚Λ‚η‚Ά,™•ΐ,‚‰~›“μl’–Ϊπ”Τ,131156,“‹“s,™•ΐ‹ζ,‚‰~›“μ‚Q’–Ϊ,2018-01-10,08,“ΉHγ,{ω‚Ή‚Έ,‚Θ‚µ
ή“,Τγ‚Λ‚η‚Ά,™•ΐ,‚‰~›“μl’–Ϊπ”Τ,131156,“‹“s,™•ΐ‹ζ,‚‰~›“μ‚Q’–Ϊ,2018-01-10,09,‚»‚Μ‘Ό,{ω‚Ή‚Έ,‚ ‚θ
ή“,Τγ‚Λ‚η‚Ά,™•ΐ,‚‰~›“μl’–Ϊπ”Τ,131156,“‹“s,™•ΐ‹ζ,‚‰~›“μ‚Q’–Ϊ,2018-08-07,10,κΛZ‘ξ,{ω‚Ή‚Έ,‚ ‚θ
ή“,Τγ‚Λ‚η‚Ά,™•ΐ,‚‰~›“μl’–Ϊπ”Τ,131156,“‹“s,™•ΐ‹ζ,‚‰~›“μ‚S’–Ϊ,2018-11-08,07,“ΉHγ,{ω‚Ή‚Έ,‚ ‚θ
ή“,Τγ‚Λ‚η‚Ά,™•ΐ,‚‰~›‰w‘Oπ”Τ,131156,“‹“s,™•ΐ‹ζ,‚‰~›–k‚Q’–Ϊ,2018-04-02,12,‚»‚Μ‘Ό,{ω‚Ή‚Έ,‚ ‚θ
ή“,Τγ‚Λ‚η‚Ά,™•ΐ,‚‰~›‰w‘Oπ”Τ,131156,“‹“s,™•ΐ‹ζ,‚‰~›–k‚R’–Ϊ,2018-10-31,06,“ΉHγ,{ω‚Ή‚Έ,‚ ‚θ
ή“,Τγ‚Λ‚η‚Ά,™•ΐ,‚‰~›‰w‘Oπ”Τ,131156,“‹“s,™•ΐ‹ζ,‚‰~›–k‚S’–Ϊ,2018-03-26,17,‚»‚Μ‘Ό,{ω‚Ή‚Έ,‚ ‚θ
ή“,Τγ‚Λ‚η‚Ά,™•ΐ,‚‰~›‰w‘Oπ”Τ,131156,“‹“s,™•ΐ‹ζ,‚‰~›–k‚S’–Ϊ,2018-08-29,13,‚»‚Μ‘Ό,{ω‚Ή‚Έ,‚ ‚θ
ή“,Τγ‚Λ‚η‚Ά,™•ΐ,‚‰~›‰w‘Oπ”Τ,131156,“‹“s,™•ΐ‹ζ,‚‰~›“μ‚R’–Ϊ,2018-01-14,09,“ΉHγ,{ω‚Ή‚Έ,‚ ‚θ
ή“,Τγ‚Λ‚η‚Ά,™•ΐ,Ά²’J‰w‘Oπ”Τ,131156,“‹“s,™•ΐ‹ζ,Ά²’J–k‚P’–Ϊ,2018-07-19,22,“ΉHγ,{ω‚Ή‚Έ,‚Θ‚µ
ή“,Τγ‚Λ‚η‚Ά,™•ΐ,Ά²’J‰w‘Oπ”Τ,131156,“‹“s,™•ΐ‹ζ,Ά²’J–k‚Q’–Ϊ,2018-01-11,08,“ΉHγ,{ω‚Ή‚Έ,‚ ‚θ
ή“,Τγ‚Λ‚η‚Ά,™•ΐ,Ά²’J‰w‘Oπ”Τ,131156,“‹“s,™•ΐ‹ζ,Ά²’J–k‚Q’–Ϊ,2018-02-11,18,“ΉHγ,{ω‚Ή‚Έ,‚Θ‚µ
ή“,Τγ‚Λ‚η‚Ά,™•ΐ,Ά²’J‰w‘Oπ”Τ,131156,“‹“s,™•ΐ‹ζ,Ά²’J“μ‚P’–Ϊ,2018-08-20,13,“ΉHγ,{ω‚Ή‚Έ,‚ ‚θ
ή“,Τγ‚Λ‚η‚Ά,™•ΐ,Ά²’J‰w‘Oπ”Τ,131156,“‹“s,™•ΐ‹ζ,Ά²’J“μ‚Q’–Ϊ,2018-10-04,18,’“Τi—Φjκ,{ω‚Ή‚Έ,‚Θ‚µ
ή“,Τγ‚Λ‚η‚Ά,™•ΐ,Ά²’J‰w‘Oπ”Τ,131156,“‹“s,™•ΐ‹ζ,Ά²’J“μ‚Q’–Ϊ,2018-10-27,11,’“Τi—Φjκ,{ω‚Ή‚Έ,‚ ‚θ
ή“,Τγ‚Λ‚η‚Ά,™•ΐ,Ά²’J‰w‘Oπ”Τ,131156,“‹“s,™•ΐ‹ζ,Ά²’J“μ‚Q’–Ϊ,2018-11-14,14,’“Τi—Φjκ,{ω‚Ή‚Έ,‚Θ‚µ
ή“,Τγ‚Λ‚η‚Ά,™•ΐ,¬@π”Τ,131156,“‹“s,™•ΐ‹ζ,¬“c“‚T’–Ϊ,2018-05-01,09,“ΉHγ,{ω‚Ή‚Έ,‚Θ‚µ
ή“,Τγ‚Λ‚η‚Ά,™•ΐ,Ό“c’[‹΄’“έ,131156,“‹“s,™•ΐ‹ζ,‰¬E‚R’–Ϊ,2018-01-20,10,“ΉHγ,{ω‚Ή‚Έ,‚Θ‚µ
ή“,Τγ‚Λ‚η‚Ά,™•ΐ,¬“cπ”Τ,131156,“‹“s,™•ΐ‹ζ,¬“c“‚R’–Ϊ,2018-04-11,23,“ΉHγ,{ω‚Ή‚Έ,‚ ‚θ
ή“,Τγ‚Λ‚η‚Ά,™•ΐ,¬“cπ”Τ,131156,“‹“s,™•ΐ‹ζ,Όƒm–Ψ‚Q’–Ϊ,2018-09-13,18,“ΉHγ,{ω‚Ή‚Έ,‚Θ‚µ
ή“,Τγ‚Λ‚η‚Ά,™•ΐ,¬“cΌ’“έ,131156,“‹“s,™•ΐ‹ζ,¬“cΌ‚P’–Ϊ,2018-03-11,21,‚»‚Μ‘Ό‚ΜZ‘ξi‚RK‚ΔΘ‰Ί‹¤“―Z‘ξ“™j,{ω‚Ή‚Έ,‚Θ‚µ
ή“,Τγ‚Λ‚η‚Ά,™•ΐ,¬“cΌ’“έ,131156,“‹“s,™•ΐ‹ζ,¬“cΌ‚Q’–Ϊ,2018-08-08,10,“ΉHγ,{ω‚Ή‚Έ,‚ ‚θ
ή“,Τγ‚Λ‚η‚Ά,‚δΛ,,,,,,2018-07-31,08,‚»‚Μ‘Ό,{ω‚Ή‚Έ,‚Θ‚µ
ή“,Τγ‚Λ‚η‚Ά,‚δΛ,ς“μπ”Τ,131156,“‹“s,™•ΐ‹ζ,aς‚Q’–Ϊ,2018-03-02,13,“ΉHγ,{ω‚Ή‚Έ,‚ ‚θ
ή“,Τγ‚Λ‚η‚Ά,‚δΛ,ς“μπ”Τ,131156,“‹“s,™•ΐ‹ζ,•ϋ“μ‚P’–Ϊ,2018-03-10,13,‚»‚Μ‘Ό‚ΜZ‘ξi‚RK‚ΔΘ‰Ί‹¤“―Z‘ξ“™j,{ω‚Ή‚Έ,‚ ‚θ
ή“,Τγ‚Λ‚η‚Ά,‚δΛ,‰i•’¬‰w‘Oπ”Τ,131156,“‹“s,™•ΐ‹ζ,•l“cR‚R’–Ϊ,2018-12-18,17,“ΉHγ,{ω‚Ή‚Έ,‚ ‚θ
ή“,Τγ‚Λ‚η‚Ά,‚δΛ,‹v‰δRπ”Τ,131156,“‹“s,™•ΐ‹ζ,‹v‰δR‚T’–Ϊ,2018-03-29,10,“ΉHγ,{ω‚Ή‚Έ,‚ ‚θ
ή“,Τγ‚Λ‚η‚Ά,‚δΛ,‰Ί‚δΛπ”Τ,131156,“‹“s,™•ΐ‹ζ,‰Ί‚δΛ‚P’–Ϊ,2018-06-09,00,’“Τi—Φjκ,{ω‚Ή‚Έ,‚Θ‚µ
ή“,Τγ‚Λ‚η‚Ά,‚δΛ,‰Ί‚δΛπ”Τ,131156,“‹“s,™•ΐ‹ζ,‰Ί‚δΛ‚P’–Ϊ,2018-12-20,13,“ΉHγ,{ω‚Ή‚Έ,‚Θ‚µ
ή“,Τγ‚Λ‚η‚Ά,‚δΛ,γ‚δΛπ”Τ,131156,“‹“s,™•ΐ‹ζ,γ‚δΛ‚P’–Ϊ,2018-01-25,19,’“Τi—Φjκ,{ω‚Ή‚Έ,‚Θ‚µ
ή“,Τγ‚Λ‚η‚Ά,‚δΛ,γ‚δΛπ”Τ,131156,“‹“s,™•ΐ‹ζ,γ‚δΛ‚Q’–Ϊ,2018-10-03,17,‚»‚Μ‘Ό,{ω‚Ή‚Έ,‚ ‚θ
ή“,Τγ‚Λ‚η‚Ά,‚δΛ,‚δΛΌπ”Τ,131156,“‹“s,™•ΐ‹ζ,‚δΛΌ‚P’–Ϊ,2018-11-29,19,‚»‚Μ‘Ό,{ω‚Ή‚Έ,‚ ‚θ
ή“,Τγ‚Λ‚η‚Ά,‚δΛ,‚δΛΌπ”Τ,131156,“‹“s,™•ΐ‹ζ,‚δΛ“‚Q’–Ϊ,2018-01-03,19,“ΉHγ,{ω‚Ή‚Έ,‚ ‚θ
ή“,Τγ‚Λ‚η‚Ά,‚δΛ,‚δΛΌπ”Τ,131156,“‹“s,™•ΐ‹ζ,‚δΛ“‚Q’–Ϊ,2018-12-17,15,“ΉHγ,{ω‚Ή‚Έ,‚Θ‚µ
ή“,Τγ‚Λ‚η‚Ά,‚δΛ,•l“cRπ”Τ,131156,“‹“s,™•ΐ‹ζ,‚δΛ“‚R’–Ϊ,2018-08-31,09,‚SK‚ΔΘγ‹¤“―Z‘ξ,{ω‚Ή‚Έ,‚Θ‚µ
ή“,Τγ‚Λ‚η‚Ά,‚δΛ,•l“cRπ”Τ,131156,“‹“s,™•ΐ‹ζ,•l“cR‚R’–Ϊ,2018-04-23,12,’“Τi—Φjκ,{ω‚Ή‚Έ,‚Θ‚µ
ή“,Τγ‚Λ‚η‚Ά,‚δΛ,•l“cRπ”Τ,131156,“‹“s,™•ΐ‹ζ,•l“cR‚R’–Ϊ,2018-06-14,20,“ΉHγ,{ω‚Ή‚Έ,‚ ‚θ
ή“,Τγ‚Λ‚η‚Ά,‰¬E,Ό‰¬Eπ”Τ,131156,“‹“s,™•ΐ‹ζ,Ό‰¬“μ‚S’–Ϊ,2018-01-10,11,’“Τi—Φjκ,{ω‚Ή‚Έ,‚ ‚θ
ή“,Τγ‚Λ‚η‚Ά,‰¬E,Ό‰¬Eπ”Τ,131156,“‹“s,™•ΐ‹ζ,Ό‰¬“μ‚S’–Ϊ,2018-03-11,13,’“Τi—Φjκ,{ω‚Ή‚Έ,‚Θ‚µ
ή“,Τγ‚Λ‚η‚Ά,‰¬E,‰¬E‰w“μϋπ”Τ,131156,“‹“s,™•ΐ‹ζ,‰¬E‚T’–Ϊ,2018-08-23,13,‚»‚Μ‘Ό,{ω‚Ή‚Έ,‚Θ‚µ
ή“,Τγ‚Λ‚η‚Ά,‰¬E,‰¬E‰w“μϋπ”Τ,131156,“‹“s,™•ΐ‹ζ,‰¬E‚T’–Ϊ,2018-10-09,02,“ΉHγ,{ω‚Ή‚Έ,‚Θ‚µ
ή“,Τγ‚Λ‚η‚Ά,‰¬E,‰¬E‰w–kϋπ”Τ,131156,“‹“s,™•ΐ‹ζ,γ‰¬‚P’–Ϊ,2018-07-31,17,“ΉHγ,{ω‚Ή‚Έ,‚ ‚θ
ή“,Τγ‚Λ‚η‚Ά,‰¬E,‰¬E‰w–kϋπ”Τ,131156,“‹“s,™•ΐ‹ζ,γ‰¬‚P’–Ϊ,2018-09-28,14,“ΉHγ,{ω‚Ή‚Έ,‚ ‚θ
ή“,Τγ‚Λ‚η‚Ά,‰¬E,“Vΐπ”Τ,131156,“‹“s,™•ΐ‹ζ,“Vΐ‚P’–Ϊ,2018-11-15,09,“ΉHγ,{ω‚Ή‚Έ,‚ ‚θ
ή“,Τγ‚Λ‚η‚Ά,‰¬E,“Vΐπ”Τ,131156,“‹“s,™•ΐ‹ζ,΄…‚R’–Ϊ,2018-08-04,15,κΛZ‘ξ,{ω‚Ή‚Έ,‚Θ‚µ
ή“,Τγ‚Λ‚η‚Ά,‰¬E,‰Ίδ‘‰w‘Oπ”Τ,131156,“‹“s,™•ΐ‹ζ,‰Ίδ‘‚P’–Ϊ,2018-03-12,13,‚»‚Μ‘Ό,{ω‚Ή‚Έ,‚ ‚θ
ή“,Τγ‚Λ‚η‚Ά,‰¬E,‰Ίδ‘‰w‘Oπ”Τ,131156,“‹“s,™•ΐ‹ζ,‰Ίδ‘‚P’–Ϊ,2018-06-03,15,“ΉHγ,{ω‚Ή‚Έ,‚ ‚θ
ή“,Τγ‚Λ‚η‚Ά,‰¬E,‰Ίδ‘‰w‘Oπ”Τ,131156,“‹“s,™•ΐ‹ζ,‰Ίδ‘‚Q’–Ϊ,2018-07-09,17,“ΉHγ,{ω‚Ή‚Έ,‚ ‚θ
ή“,Τγ‚Λ‚η‚Ά,‰¬E,δ‰¬‰w‘Oπ”Τ,131156,“‹“s,™•ΐ‹ζ,‰Ίδ‘‚T’–Ϊ,2018-09-01,16,’“Τi—Φjκ,{ω‚Ή‚Έ,‚Θ‚µ
ή“,Τγ‚Λ‚η‚Ά,‰¬E,δ‰¬‰w‘Oπ”Τ,131156,“‹“s,™•ΐ‹ζ,‰Ίδ‘‚T’–Ϊ,2018-10-21,22,‚»‚Μ‘Ό,{ω‚Ή‚Έ,‚Θ‚µ
ή“,Τγ‚Λ‚η‚Ά,•xβ,t“ϊπ”Τ,131059,“‹“s,•¶‹‹ζ,t“ϊ‚P’–Ϊ,2018-10-14,17,’“Τi—Φjκ,{ω‚Ή‚Έ,‚Θ‚µ
ή“,Τγ‚Λ‚η‚Ά,•xβ,t“ϊπ”Τ,131059,“‹“s,•¶‹‹ζ,t“ϊ‚P’–Ϊ,2018-11-23,06,’“Τi—Φjκ,{ω‚Ή‚Έ,‚Θ‚µ
ή“,Τγ‚Λ‚η‚Ά,•xβ,”’Rπ”Τ,131059,“‹“s,•¶‹‹ζ,”’R‚Q’–Ϊ,2018-09-03,17,“ΉHγ,{ω‚Ή‚Έ,‚ ‚θ
ή“,Τγ‚Λ‚η‚Ά,•xβ,”’Rπ”Τ,131059,“‹“s,•¶‹‹ζ,”’R‚S’–Ϊ,2018-06-09,17,‚»‚Μ‘Ό‚ΜZ‘ξi‚RK‚ΔΘ‰Ί‹¤“―Z‘ξ“™j,{ω‚Ή‚Έ,‚ ‚θ
ή“,Τγ‚Λ‚η‚Ά,•xβ,”’Rπ”Τ,131059,“‹“s,•¶‹‹ζ,”’R‚T’–Ϊ,2018-09-22,15,“ΉHγ,{ω‚Ή‚Έ,‚ ‚θ
ή“,Τγ‚Λ‚η‚Ά,•xβ,ηΞκ’–Ϊπ”Τ,131059,“‹“s,•¶‹‹ζ,”’R‚T’–Ϊ,2018-04-23,13,’“Τi—Φjκ,{ω‚Ή‚Έ,‚ ‚θ
ή“,Τγ‚Λ‚η‚Ά,•xβ,¬Ξμδ“a’¬π”Τ,131059,“‹“s,•¶‹‹ζ,ηΞ‚Q’–Ϊ,2018-03-07,08,“ΉHγ,{ω‚Ή‚Έ,‚ ‚θ
ή“,Τγ‚Λ‚η‚Ά,•xβ,¬Ξμδ“a’¬π”Τ,131059,“‹“s,•¶‹‹ζ,ηΞ‚Q’–Ϊ,2018-05-28,12,’“Τi—Φjκ,{ω‚Ή‚Έ,‚ ‚θ
ή“,Τγ‚Λ‚η‚Ά,•xβ,¬Ξμδ“a’¬π”Τ,131059,“‹“s,•¶‹‹ζ,ηΞ‚Q’–Ϊ,2018-06-07,11,“ΉHγ,{ω‚Ή‚Έ,‚ ‚θ
ή“,Τγ‚Λ‚η‚Ά,•xβ,¬Ξμδ“a’¬π”Τ,131059,“‹“s,•¶‹‹ζ,ηΞ‚R’–Ϊ,2018-03-03,15,“ΉHγ,{ω‚Ή‚Έ,‚Θ‚µ
ή“,Τγ‚Λ‚η‚Ά,•xβ,’|‘π”Τ,131059,“‹“s,•¶‹‹ζ,¬Ξμ‚S’–Ϊ,2018-09-02,06,‚»‚Μ‘Ό,{ω‚Ή‚Έ,‚Θ‚µ
ή“,Τγ‚Λ‚η‚Ά,•xβ,’|‘π”Τ,131059,“‹“s,•¶‹‹ζ,¬Ξμ‚S’–Ϊ,2018-11-03,20,‚SK‚ΔΘγ‹¤“―Z‘ξ,{ω‚Ή‚Έ,‚ ‚θ
ή“,Τγ‚Λ‚η‚Ά,‘ε’Λ,‘ε’ΛZ’–Ϊπ”Τ,131059,“‹“s,•¶‹‹ζ,‘ε’Λ‚S’–Ϊ,2018-11-19,14,“ΉHγ,{ω‚Ή‚Έ,‚Θ‚µ
ή“,Τγ‚Λ‚η‚Ά,‘ε’Λ,–Ϊ”’‘δπ”Τ,131059,“‹“s,•¶‹‹ζ,Φϋ‚R’–Ϊ,2018-04-11,17,“ΉHγ,{ω‚Ή‚Έ,‚ ‚θ
ή“,Τγ‚Λ‚η‚Ά,–{•xm,–{‹½π”Τ,131059,“‹“s,•¶‹‹ζ,Ό•Π‚P’–Ϊ,2018-10-06,20,“ΉHγ,{ω‚Ή‚Έ,‚Θ‚µ
ή“,Τγ‚Λ‚η‚Ά,–{•xm,–{‹½π”Τ,131059,“‹“s,•¶‹‹ζ,–{‹½‚S’–Ϊ,2018-03-15,18,“ΉHγ,{ω‚Ή‚Έ,‚Θ‚µ
ή“,Τγ‚Λ‚η‚Ά,–{•xm,“V_’¬π”Τ,131059,“‹“s,•¶‹‹ζ,“’“‡‚Q’–Ϊ,2018-04-07,01,“ΉHγ,{ω‚Ή‚Έ,‚ ‚θ
ή“,Τγ‚Λ‚η‚Ά,–{•xm,“V_’¬π”Τ,131059,“‹“s,•¶‹‹ζ,“’“‡‚R’–Ϊ,2018-02-21,21,“ΉHγ,{ω‚Ή‚Έ,‚Θ‚µ
ή“,Τγ‚Λ‚η‚Ά,–{•xm,“V_’¬π”Τ,131059,“‹“s,•¶‹‹ζ,“’“‡‚R’–Ϊ,2018-06-12,05,“ΉHγ,{ω‚Ή‚Έ,‚ ‚θ
ή“,Τγ‚Λ‚η‚Ά,–{•xm,ª’Γπ”Τ,131059,“‹“s,•¶‹‹ζ,ª’Γ‚P’–Ϊ,2018-09-30,22,“ΉHγ,{ω‚Ή‚Έ,‚Θ‚µ
ή“,Τγ‚Λ‚η‚Ά,‹ξ,γ•xm‘Oπ”Τ,131059,“‹“s,•¶‹‹ζ,–{‹ξ‚T’–Ϊ,2018-04-19,14,“ΉHγ,{ω‚Ή‚Έ,‚ ‚θ
ή“,Τγ‚Λ‚η‚Ά,‹ξ,“®βπ”Τ,131059,“‹“s,•¶‹‹ζ,η‘Κ–Ψ‚S’–Ϊ,2018-06-16,16,“ΉHγ,{ω‚Ή‚Έ,‚Θ‚µ
ή“,Τγ‚Λ‚η‚Ά,‹ξ,“®βπ”Τ,131059,“‹“s,•¶‹‹ζ,–{‹ξ‚R’–Ϊ,2018-10-17,18,‚»‚Μ‘Ό,{ω‚Ή‚Έ,‚ ‚θ
ή“,Τγ‚Λ‚η‚Ά,‹ξ,’cqβπ”Τ,131059,“‹“s,•¶‹‹ζ,η‘Κ–Ψ‚R’–Ϊ,2018-02-18,16,“ΉHγ,{ω‚Ή‚Έ,‚ ‚θ
ή“,Τγ‚Λ‚η‚Ά,‹ξ,’cqβπ”Τ,131059,“‹“s,•¶‹‹ζ,η‘Κ–Ψ‚R’–Ϊ,2018-04-05,15,“ΉHγ,{ω‚Ή‚Έ,‚ ‚θ
ή“,Τγ‚Λ‚η‚Ά,‹ξ,’cqβπ”Τ,131059,“‹“s,•¶‹‹ζ,η‘Κ–Ψ‚R’–Ϊ,2018-12-27,16,‚»‚Μ‘Ό,{ω‚Ή‚Έ,‚ ‚θ
ή“,Τγ‚Λ‚η‚Ά,‘ƒ›,‘ƒ›‰w‘Oπ”Τ,131164,“‹“s,–L“‡‹ζ,‹ξ‚Q’–Ϊ,2018-01-27,17,“ΉHγ,{ω‚Ή‚Έ,‚ ‚θ
ή“,Τγ‚Λ‚η‚Ά,‘ƒ›,‘ƒ›‰w‘Oπ”Τ,131164,“‹“s,–L“‡‹ζ,‘ƒ›‚Q’–Ϊ,2018-11-08,13,“ΉHγ,{ω‚Ή‚Έ,‚ ‚θ
ή“,Τγ‚Λ‚η‚Ά,‘ƒ›,‘ƒ›‰w‘Oπ”Τ,131164,“‹“s,–L“‡‹ζ,‘ƒ›‚R’–Ϊ,2018-03-07,11,“ΉHγ,{ω‚Ή‚Έ,‚ ‚θ
ή“,Τγ‚Λ‚η‚Ά,‘ƒ›,‘ƒ›‰w‘Oπ”Τ,131164,“‹“s,–L“‡‹ζ,‘ƒ›‚R’–Ϊ,2018-08-05,03,“ΉHγ,{ω‚Ή‚Έ,‚ ‚θ
ή“,Τγ‚Λ‚η‚Ά,‘ƒ›,‹ξ‰w‘Oπ”Τ,131164,“‹“s,–L“‡‹ζ,‹ξ‚P’–Ϊ,2018-08-26,00,“ΉHγ,{ω‚Ή‚Έ,‚ ‚θ
ή“,Τγ‚Λ‚η‚Ά,‘ƒ›,‹ξ‰w‘Oπ”Τ,131164,“‹“s,–L“‡‹ζ,‹ξ‚P’–Ϊ,2018-10-01,23,‚SK‚ΔΘγ‹¤“―Z‘ξ,{ω‚Ή‚Έ,‚Θ‚µ
ή“,Τγ‚Λ‚η‚Ά,‘ƒ›,M\’Λπ”Τ,131164,“‹“s,–L“‡‹ζ,Ό‘ƒ›‚Q’–Ϊ,2018-03-07,18,“ΉHγ,{ω‚Ή‚Έ,‚ ‚θ
ή“,Τγ‚Λ‚η‚Ά,‘ƒ›,M\’Λπ”Τ,131164,“‹“s,–L“‡‹ζ,Ό‘ƒ›‚Q’–Ϊ,2018-04-09,15,“ΉHγ,{ω‚Ή‚Έ,‚ ‚θ
ή“,Τγ‚Λ‚η‚Ά,‘ƒ›,‘ε’Λ‰w‘Oπ”Τ,131164,“‹“s,–L“‡‹ζ,–k‘ε’Λ‚Q’–Ϊ,2018-11-13,00,“ΉHγ,{ω‚Ή‚Έ,‚ ‚θ
ή“,Τγ‚Λ‚η‚Ά,‘ƒ›,‘ε’Λ‰w‘Oπ”Τ,131164,“‹“s,–L“‡‹ζ,“μ‘ε’Λ‚Q’–Ϊ,2018-05-20,14,“ΉHγ,{ω‚Ή‚Έ,‚ ‚θ
ή“,Τγ‚Λ‚η‚Ά,‘ƒ›,‘ε’Λ‰w‘Oπ”Τ,131164,“‹“s,–L“‡‹ζ,“μ‘ε’Λ‚R’–Ϊ,2018-04-04,09,“ΉHγ,{ω‚Ή‚Έ,‚Θ‚µ
ή“,Τγ‚Λ‚η‚Ά,‘ƒ›,‘ε’Λ‰w‘Oπ”Τ,131164,“‹“s,–L“‡‹ζ,“μ‘ε’Λ‚R’–Ϊ,2018-05-12,16,‚»‚Μ‘Ό,{ω‚Ή‚Έ,‚Θ‚µ
ή“,Τγ‚Λ‚η‚Ά,‘ƒ›,‘ε’Λ‰w‘Oπ”Τ,131164,“‹“s,–L“‡‹ζ,“μ‘ε’Λ‚R’–Ϊ,2018-10-27,17,“ΉHγ,{ω‚Ή‚Έ,‚Θ‚µ
ή“,Τγ‚Λ‚η‚Ά,‘ƒ›,υδ’“έ,131164,“‹“s,–L“‡‹ζ,‹ξ‚U’–Ϊ,2018-02-03,16,κΛZ‘ξ,{ω‚Ή‚Έ,‚Θ‚µ
ή“,Τγ‚Λ‚η‚Ά,‘ƒ›,ƒTƒ“ƒVƒƒƒCƒ“‘Oπ”Τ,131164,“‹“s,–L“‡‹ζ,“’r‘ά‚Q’–Ϊ,2018-05-12,23,“ΉHγ,{ω‚Ή‚Έ,‚Θ‚µ
ή“,Τγ‚Λ‚η‚Ά,‘ƒ›,ƒTƒ“ƒVƒƒƒCƒ“‘Oπ”Τ,131164,“‹“s,–L“‡‹ζ,“’r‘ά‚T’–Ϊ,2018-06-10,17,“ΉHγ,{ω‚Ή‚Έ,‚ ‚θ
ή“,Τγ‚Λ‚η‚Ά,’r‘ά,Z‚Β–”π”Τ,131164,“‹“s,–L“‡‹ζ,“’r‘ά‚R’–Ϊ,2018-09-23,16,‚SK‚ΔΘγ‹¤“―Z‘ξ,{ω‚Ή‚Έ,‚ ‚θ
ή“,Τγ‚Λ‚η‚Ά,’r‘ά,’r‘ά–{’¬π”Τ,131164,“‹“s,–L“‡‹ζ,’r‘ά–{’¬‚Q’–Ϊ,2018-12-25,17,’“Τi—Φjκ,{ω‚Ή‚Έ,‚ ‚θ
ή“,Τγ‚Λ‚η‚Ά,’r‘ά,’r‘ά–{’¬π”Τ,131164,“‹“s,–L“‡‹ζ,’r‘ά–{’¬‚S’–Ϊ,2018-04-07,15,’“Τi—Φjκ,{ω‚Ή‚Έ,‚ ‚θ
ή“,Τγ‚Λ‚η‚Ά,’r‘ά,’r‘ά‰w“ϋπ”Τ,131164,“‹“s,–L“‡‹ζ,“’r‘ά‚P’–Ϊ,2018-01-02,12,’“Τi—Φjκ,{ω‚Ή‚Έ,‚Θ‚µ
ή“,Τγ‚Λ‚η‚Ά,’r‘ά,’r‘ά‰w“ϋπ”Τ,131164,“‹“s,–L“‡‹ζ,“’r‘ά‚P’–Ϊ,2018-11-15,13,“ΉHγ,{ω‚Ή‚Έ,‚ ‚θ
ή“,Τγ‚Λ‚η‚Ά,’r‘ά,’r‘ά‰w“ϋπ”Τ,131164,“‹“s,–L“‡‹ζ,“μ’r‘ά‚P’–Ϊ,2018-12-18,15,“ΉHγ,{ω‚Ή‚Έ,‚ ‚θ
ή“,Τγ‚Λ‚η‚Ά,’r‘ά,’r‘ά‰w“ϋπ”Τ,131164,“‹“s,–L“‡‹ζ,“μ’r‘ά‚P’–Ϊ,2018-12-24,06,“ΉHγ,{ω‚Ή‚Έ,‚ ‚θ
ή“,Τγ‚Λ‚η‚Ά,’r‘ά,’r‘ά‰wΌϋπ”Τ,131164,“‹“s,–L“‡‹ζ,Ό’r‘ά‚P’–Ϊ,2018-08-01,15,“ΉHγ,{ω‚Ή‚Έ,‚ ‚θ
ή“,Τγ‚Λ‚η‚Ά,’r‘ά,’r‘ά‰wΌϋπ”Τ,131164,“‹“s,–L“‡‹ζ,Ό’r‘ά‚P’–Ϊ,2018-08-28,10,“ΉHγ,{ω‚Ή‚Έ,‚ ‚θ
ή“,Τγ‚Λ‚η‚Ά,’r‘ά,’r‘ά‰wΌϋπ”Τ,131164,“‹“s,–L“‡‹ζ,Ό’r‘ά‚R’–Ϊ,2018-05-20,16,‚»‚Μ‘Ό,{ω‚Ή‚Έ,‚ ‚θ
ή“,Τγ‚Λ‚η‚Ά,’r‘ά,γ’r‘άπ”Τ,131164,“‹“s,–L“‡‹ζ,’r‘ά–{’¬‚S’–Ϊ,2018-01-17,11,“ΉHγ,{ω‚Ή‚Έ,‚Θ‚µ
ή“,Τγ‚Λ‚η‚Ά,’r‘ά,γ’r‘άπ”Τ,131164,“‹“s,–L“‡‹ζ,γ’r‘ά‚R’–Ϊ,2018-02-28,14,’“Τi—Φjκ,{ω‚Ή‚Έ,‚ ‚θ
ή“,Τγ‚Λ‚η‚Ά,’r‘ά,μ‰z’Κπ”Τ,131164,“‹“s,–L“‡‹ζ,’r‘ά‚P’–Ϊ,2018-03-13,07,“ΉHγ,{ω‚Ή‚Έ,‚ ‚θ
ή“,Τγ‚Λ‚η‚Ά,’r‘ά,μ‰z’Κπ”Τ,131164,“‹“s,–L“‡‹ζ,’r‘ά‚Q’–Ϊ,2018-08-16,19,“ΉHγ,{ω‚Ή‚Έ,‚ ‚θ
ή“,Τγ‚Λ‚η‚Ά,’r‘ά,μ‰z’Κπ”Τ,131164,“‹“s,–L“‡‹ζ,’r‘ά‚R’–Ϊ,2018-09-28,01,’“Τi—Φjκ,{ω‚Ή‚Έ,‚ ‚θ
ή“,Τγ‚Λ‚η‚Ά,’r‘ά,μ‰z’Κπ”Τ,131164,“‹“s,–L“‡‹ζ,’r‘ά‚S’–Ϊ,2018-03-26,12,‚»‚Μ‘Ό,{ω‚Ή‚Έ,‚ ‚θ
ή“,Τγ‚Λ‚η‚Ά,’r‘ά,μ‰z’Κπ”Τ,131164,“‹“s,–L“‡‹ζ,’r‘ά‚S’–Ϊ,2018-05-20,11,‚»‚Μ‘Ό,{ω‚Ή‚Έ,‚Θ‚µ
ή“,Τγ‚Λ‚η‚Ά,’r‘ά,μ‰z’Κπ”Τ,131164,“‹“s,–L“‡‹ζ,’r‘ά–{’¬‚P’–Ϊ,2018-04-30,10,“ΉHγ,{ω‚Ή‚Έ,‚ ‚θ
ή“,Τγ‚Λ‚η‚Ά,’r‘ά,μ‰z’Κπ”Τ,131164,“‹“s,–L“‡‹ζ,’r‘ά–{’¬‚Q’–Ϊ,2018-03-27,15,’“Τi—Φjκ,{ω‚Ή‚Έ,‚ ‚θ
ή“,Τγ‚Λ‚η‚Ά,’r‘ά,•½a’Κπ”Τ,131164,“‹“s,–L“‡‹ζ,’r‘ά‚Q’–Ϊ,2018-08-09,15,“ΉHγ,{ω‚Ή‚Έ,‚ ‚θ
ή“,Τγ‚Λ‚η‚Ά,’r‘ά,•½a’Κπ”Τ,131164,“‹“s,–L“‡‹ζ,’r‘ά‚Q’–Ϊ,2018-09-25,19,“ΉHγ,{ω‚Ή‚Έ,‚ ‚θ
ή“,Τγ‚Λ‚η‚Ά,’r‘ά,“’r‘άπ”Τ,131164,“‹“s,–L“‡‹ζ,“’r‘ά‚P’–Ϊ,2018-06-24,16,“ΉHγ,{ω‚Ή‚Έ,‚ ‚θ
ή“,Τγ‚Λ‚η‚Ά,’r‘ά,“’r‘άπ”Τ,131164,“‹“s,–L“‡‹ζ,“’r‘ά‚P’–Ϊ,2018-11-01,04,“ΉHγ,{ω‚Ή‚Έ,‚Θ‚µ
ή“,Τγ‚Λ‚η‚Ά,’r‘ά,“’r‘άπ”Τ,131164,“‹“s,–L“‡‹ζ,“’r‘ά‚P’–Ϊ,2018-11-10,09,“ΉHγ,{ω‚Ή‚Έ,‚ ‚θ
ή“,Τγ‚Λ‚η‚Ά,’r‘ά,“’r‘άπ”Τ,131164,“‹“s,–L“‡‹ζ,“’r‘ά‚P’–Ϊ,2018-12-17,02,‚SK‚ΔΘγ‹¤“―Z‘ξ,{ω‚Ή‚Έ,‚Θ‚µ
ή“,Τγ‚Λ‚η‚Ά,’r‘ά,“’r‘άπ”Τ,131164,“‹“s,–L“‡‹ζ,“’r‘ά‚R’–Ϊ,2018-01-11,09,“ΉHγ,{ω‚Ή‚Έ,‚Θ‚µ
ή“,Τγ‚Λ‚η‚Ά,’r‘ά,“’r‘άπ”Τ,131164,“‹“s,–L“‡‹ζ,“’r‘ά‚R’–Ϊ,2018-11-09,15,“ΉHγ,{ω‚Ή‚Έ,‚ ‚θ
ή“,Τγ‚Λ‚η‚Ά,–Ϊ”’,Gi‚ª’Jπ”Τ,131164,“‹“s,–L“‡‹ζ,Gi‚ª’J‚P’–Ϊ,2018-05-18,16,“ΉHγ,{ω‚Ή‚Έ,‚ ‚θ
ή“,Τγ‚Λ‚η‚Ά,–Ϊ”’,“μ’r‘άπ”Τ,131164,“‹“s,–L“‡‹ζ,“μ’r‘ά‚Q’–Ϊ,2018-01-29,10,“ΉHγ,{ω‚Ή‚Έ,‚Θ‚µ
ή“,Τγ‚Λ‚η‚Ά,–Ϊ”’,“μ’r‘άπ”Τ,131164,“‹“s,–L“‡‹ζ,“μ’r‘ά‚R’–Ϊ,2018-01-15,13,“ΉHγ,{ω‚Ή‚Έ,‚ ‚θ
ή“,Τγ‚Λ‚η‚Ά,–Ϊ”’,–Ϊ”’‰w‘Oπ”Τ,131164,“‹“s,–L“‡‹ζ,Ό’r‘ά‚Q’–Ϊ,2018-05-12,08,‚»‚Μ‘Ό,{ω‚Ή‚Έ,‚Θ‚µ
ή“,Τγ‚Λ‚η‚Ά,–Ϊ”’,–Ϊ”’‰w‘Oπ”Τ,131164,“‹“s,–L“‡‹ζ,Ό’r‘ά‚Q’–Ϊ,2018-07-15,15,“ΉHγ,{ω‚Ή‚Έ,‚ ‚θ
ή“,Τγ‚Λ‚η‚Ά,–Ϊ”’,–Ϊ”’‰w‘Oπ”Τ,131164,“‹“s,–L“‡‹ζ,–Ϊ”’‚R’–Ϊ,2018-02-05,18,“ΉHγ,{ω‚Ή‚Έ,‚Θ‚µ
ή“,Τγ‚Λ‚η‚Ά,–Ϊ”’,–Ϊ”’‰w‘Oπ”Τ,131164,“‹“s,–L“‡‹ζ,–Ϊ”’‚R’–Ϊ,2018-05-18,09,’“Τi—Φjκ,{ω‚Ή‚Έ,‚ ‚θ
ή“,Τγ‚Λ‚η‚Ά,–Ϊ”’,’Ε–Ό’¬‰w‘Oπ”Τ,131164,“‹“s,–L“‡‹ζ,’·θ‚P’–Ϊ,2018-01-18,15,“ΉHγ,{ω‚Ή‚Έ,‚ ‚θ
ή“,Τγ‚Λ‚η‚Ά,–Ϊ”’,’Ε–Ό’¬‰w‘Oπ”Τ,131164,“‹“s,–L“‡‹ζ,’·θ‚Q’–Ϊ,2018-06-03,18,“ΉHγ,{ω‚Ή‚Έ,‚Θ‚µ
ή“,Τγ‚Λ‚η‚Ά,–Ϊ”’,’Ε–Ό’¬‰w‘Oπ”Τ,131164,“‹“s,–L“‡‹ζ,’·θ‚Q’–Ϊ,2018-11-26,13,’“Τi—Φjκ,{ω‚Ή‚Έ,‚Θ‚µ
ή“,Τγ‚Λ‚η‚Ά,–Ϊ”’,’Ε–Ό’¬‰w‘Oπ”Τ,131164,“‹“s,–L“‡‹ζ,Ό’r‘ά‚S’–Ϊ,2018-02-03,20,‚»‚Μ‘Ό‚ΜZ‘ξi‚RK‚ΔΘ‰Ί‹¤“―Z‘ξ“™j,{ω‚Ή‚Έ,‚ ‚θ
ή“,Τγ‚Λ‚η‚Ά,–Ϊ”’,’Ε–Ό’¬‰w‘Oπ”Τ,131164,“‹“s,–L“‡‹ζ,“μ’·θ‚P’–Ϊ,2018-12-15,21,“ΉHγ,{ω‚Ή‚Έ,‚ ‚θ
ή“,Τγ‚Λ‚η‚Ά,–Ϊ”’,’Ε–Ό’¬‰w‘Oπ”Τ,131164,“‹“s,–L“‡‹ζ,“μ’·θ‚R’–Ϊ,2018-01-12,17,’“Τi—Φjκ,{ω‚Ή‚Έ,‚ ‚θ
ή“,Τγ‚Λ‚η‚Ά,–Ϊ”’,’Ε–Ό’¬‰w‘Oπ”Τ,131164,“‹“s,–L“‡‹ζ,ημ‚P’–Ϊ,2017-12-29,16,“ΉHγ,{ω‚Ή‚Έ,‚Θ‚µ
ή“,Τγ‚Λ‚η‚Ά,–Ϊ”’,“μ’·θπ”Τ,131164,“‹“s,–L“‡‹ζ,’·θ‚Q’–Ϊ,2018-06-28,16,’“Τi—Φjκ,{ω‚Ή‚Έ,‚Θ‚µ
ή“,Τγ‚Λ‚η‚Ά,–Ϊ”’,“μ’·θπ”Τ,131164,“‹“s,–L“‡‹ζ,“μ’·θ‚Q’–Ϊ,2018-09-25,14,“ΉHγ,{ω‚Ή‚Έ,‚ ‚θ
ή“,Τγ‚Λ‚η‚Ά,–Ϊ”’,“μ’·θπ”Τ,131164,“‹“s,–L“‡‹ζ,“μ’·θ‚S’–Ϊ,2018-03-16,00,“ΉHγ,{ω‚Ή‚Έ,‚Θ‚µ
ή“,Τγ‚Λ‚η‚Ά,–Ϊ”’,“’·θ‰w‘Oπ”Τ,131164,“‹“s,–L“‡‹ζ,’·θ‚S’–Ϊ,2018-03-17,16,“ΉHγ,{ω‚Ή‚Έ,‚ ‚θ
ή“,Τγ‚Λ‚η‚Ά,–Ϊ”’,“’·θ‰w‘Oπ”Τ,131164,“‹“s,–L“‡‹ζ,’·θ‚S’–Ϊ,2018-05-30,09,κΛZ‘ξ,{ω‚Ή‚Έ,‚ ‚θ
ή“,Τγ‚Λ‚η‚Ά,–Ϊ”’,“’·θ‰w‘Oπ”Τ,131164,“‹“s,–L“‡‹ζ,“μ’·θ‚Q’–Ϊ,2018-01-11,19,“ΉHγ,{ω‚Ή‚Έ,‚Θ‚µ
ή“,Τγ‚Λ‚η‚Ά,–Ϊ”’,“’·θ‰w‘Oπ”Τ,131164,“‹“s,–L“‡‹ζ,“μ’·θ‚T’–Ϊ,2018-04-23,11,“ΉHγ,{ω‚Ή‚Έ,‚ ‚θ
ή“,Τγ‚Λ‚η‚Ά,–Ϊ”’,—v’¬π”Τ,131164,“‹“s,–L“‡‹ζ,’r‘ά‚R’–Ϊ,2018-01-06,15,“ΉHγ,{ω‚Ή‚Έ,‚ ‚θ
ή“,Τγ‚Λ‚η‚Ά,–Ϊ”’,—v’¬π”Τ,131164,“‹“s,–L“‡‹ζ,Ό’r‘ά‚T’–Ϊ,2018-01-26,12,“ΉHγ,{ω‚Ή‚Έ,‚ ‚θ
ή“,Τγ‚Λ‚η‚Ά,–Ϊ”’,ημπ”Τ,131164,“‹“s,–L“‡‹ζ,—v’¬‚R’–Ϊ,2018-06-09,11,“ΉHγ,{ω‚Ή‚Έ,‚Θ‚µ
ή“,Τγ‚Λ‚η‚Ά,–Ϊ”’,ημπ”Τ,131164,“‹“s,–L“‡‹ζ,ημ‚P’–Ϊ,2018-10-09,13,“ΉHγ,{ω‚Ή‚Έ,‚ ‚θ
ή“,Τγ‚Λ‚η‚Ά,–Ϊ”’,η“oΆ‹΄π”Τ,131164,“‹“s,–L“‡‹ζ,‚“c‚P’–Ϊ,2018-11-17,00,’“Τi—Φjκ,{ω‚Ή‚Έ,‚Θ‚µ
ή“,Τγ‚Λ‚η‚Ά,‘κ–μμ,”Β‹΄‰w“ϋπ”Τ,131172,“‹“s,–k‹ζ,‘κ–μμ‚T’–Ϊ,2018-03-26,17,‚SK‚ΔΘγ‹¤“―Z‘ξ,{ω‚Ή‚Έ,‚ ‚θ
ή“,Τγ‚Λ‚η‚Ά,‘κ–μμ,”Β‹΄‰w“ϋπ”Τ,131172,“‹“s,–k‹ζ,‘κ–μμ‚U’–Ϊ,2018-05-21,13,‚»‚Μ‘Ό,{ω‚Ή‚Έ,‚Θ‚µ
ή“,Τγ‚Λ‚η‚Ά,‘κ–μμ,”Β‹΄‰w“ϋπ”Τ,131172,“‹“s,–k‹ζ,‘κ–μμ‚U’–Ϊ,2018-05-26,15,“ΉHγ,{ω‚Ή‚Έ,‚Θ‚µ
ή“,Τγ‚Λ‚η‚Ά,‘κ–μμ,”Β‹΄‰w“ϋπ”Τ,131172,“‹“s,–k‹ζ,‘κ–μμ‚U’–Ϊ,2018-08-28,23,’“Τi—Φjκ,{ω‚Ή‚Έ,‚Θ‚µ
ή“,Τγ‚Λ‚η‚Ά,‘κ–μμ,”Β‹΄‰w“ϋπ”Τ,131172,“‹“s,–k‹ζ,‘κ–μμ‚V’–Ϊ,2018-03-18,18,“ΉHγ,{ω‚Ή‚Έ,‚ ‚θ
ή“,Τγ‚Λ‚η‚Ά,‘κ–μμ,”ς’ΉRπ”Τ,131172,“‹“s,–k‹ζ,‘κ–μμ‚Q’–Ϊ,2018-03-19,14,’“Τi—Φjκ,{ω‚Ή‚Έ,‚ ‚θ
ή“,Τγ‚Λ‚η‚Ά,‘κ–μμ,‘κ–μμκ’–Ϊπ”Τ,131172,“‹“s,–k‹ζ,‘κ–μμ‚Q’–Ϊ,2018-06-18,03,’“Τi—Φjκ,{ω‚Ή‚Έ,‚ ‚θ
ή“,Τγ‚Λ‚η‚Ά,‘κ–μμ,‘κ–μμκ’–Ϊπ”Τ,131172,“‹“s,–k‹ζ,ΌƒP΄‚S’–Ϊ,2018-09-16,17,‚»‚Μ‘Ό,{ω‚Ή‚Έ,‚Θ‚µ
ή“,Τγ‚Λ‚η‚Ά,‘κ–μμ,ΌƒP΄π”Τ,131172,“‹“s,–k‹ζ,’†—Ά‚Q’–Ϊ,2018-04-03,15,“ΉHγ,{ω‚Ή‚Έ,‚Θ‚µ
ή“,Τγ‚Λ‚η‚Ά,‘κ–μμ,ΌƒP΄π”Τ,131172,“‹“s,–k‹ζ,’†—Ά‚Q’–Ϊ,2018-08-28,16,’“Τi—Φjκ,{ω‚Ή‚Έ,‚Θ‚µ
ή“,Τγ‚Λ‚η‚Ά,‘κ–μμ,’JΛ’“έ,131172,“‹“s,–k‹ζ,ΌƒP΄‚S’–Ϊ,2018-05-01,19,“ΉHγ,{ω‚Ή‚Έ,‚Θ‚µ
ή“,Τγ‚Λ‚η‚Ά,‘κ–μμ,“c’[‚‘δπ”Τ,131172,“‹“s,–k‹ζ,“c’[‚S’–Ϊ,2018-11-26,16,“ΉHγ,{ω‚Ή‚Έ,‚ ‚θ
ή“,Τγ‚Λ‚η‚Ά,‘κ–μμ,“c’[‚‘δπ”Τ,131172,“‹“s,–k‹ζ,“c’[‚T’–Ϊ,2018-06-21,10,‚»‚Μ‘Ό,{ω‚Ή‚Έ,‚ ‚θ
ή“,Τγ‚Λ‚η‚Ά,‘κ–μμ,’†—Άπ”Τ,131172,“‹“s,–k‹ζ,’†—Ά‚P’–Ϊ,2018-04-26,15,“ΉHγ,{ω‚Ή‚Έ,‚ ‚θ
ή“,Τγ‚Λ‚η‚Ά,‘κ–μμ,’†—Άπ”Τ,131172,“‹“s,–k‹ζ,’†—Ά‚P’–Ϊ,2018-06-21,07,‚»‚Μ‘Ό,{ω‚Ή‚Έ,‚ ‚θ
ή“,Τγ‚Λ‚η‚Ά,‘κ–μμ,”φ‹v‰w‘Oπ”Τ,131172,“‹“s,–k‹ζ,Ίa’¬‚P’–Ϊ,2018-09-26,05,’“Τi—Φjκ,{ω‚Ή‚Έ,‚Θ‚µ
ή“,Τγ‚Λ‚η‚Ά,‘κ–μμ,““c’[π”Τ,131172,“‹“s,–k‹ζ,““c’[‚P’–Ϊ,2018-05-07,10,’“Τi—Φjκ,{ω‚Ή‚Έ,‚Θ‚µ
ή“,Τγ‚Λ‚η‚Ά,‰¤q,,,,,,2018-02-27,09,’“Τi—Φjκ,{ω‚Ή‚Έ,‚ ‚θ
ή“,Τγ‚Λ‚η‚Ά,‰¤q,‰¤q‰w‘Oπ”Τ,131172,“‹“s,–k‹ζ,‰¤q‚Q’–Ϊ,2018-05-06,18,“ΉHγ,{ω‚Ή‚Έ,‚ ‚θ
ή“,Τγ‚Λ‚η‚Ά,‰¤q,‰¤q‰w‘Oπ”Τ,131172,“‹“s,–k‹ζ,–L“‡‚P’–Ϊ,2018-09-13,11,“ΉHγ,{ω‚Ή‚Έ,‚ ‚θ
ή“,Τγ‚Λ‚η‚Ά,‰¤q,‰¤q‰w‘Oπ”Τ,131172,“‹“s,–k‹ζ,–x‘D‚Q’–Ϊ,2018-10-12,20,“ΉHγ,{ω‚Ή‚Έ,‚Θ‚µ
ή“,Τγ‚Λ‚η‚Ά,‰¤q,‰¤qά’–Ϊπ”Τ,131172,“‹“s,–k‹ζ,‰¤q‚T’–Ϊ,2018-04-22,16,‚»‚Μ‘Ό,{ω‚Ή‚Έ,‚Θ‚µ
ή“,Τγ‚Λ‚η‚Ά,‰¤q,“\ππ”Τ,131172,“‹“s,–k‹ζ,‰¤q‚U’–Ϊ,2018-02-17,15,’“Τi—Φjκ,{ω‚Ή‚Έ,‚Θ‚µ
ή“,Τγ‚Λ‚η‚Ά,‰¤q,“\ππ”Τ,131172,“‹“s,–k‹ζ,“\π‚R’–Ϊ,2018-01-26,13,’“Τi—Φjκ,{ω‚Ή‚Έ,‚ ‚θ
ή“,Τγ‚Λ‚η‚Ά,‰¤q,“\ππ”Τ,131172,“‹“s,–k‹ζ,“\π‚R’–Ϊ,2018-03-24,01,‚»‚Μ‘Ό‚ΜZ‘ξi‚RK‚ΔΘ‰Ί‹¤“―Z‘ξ“™j,{ω‚Ή‚Έ,‚ ‚θ
ή“,Τγ‚Λ‚η‚Ά,‰¤q,“\ππ”Τ,131172,“‹“s,–k‹ζ,“\π‚R’–Ϊ,2018-09-08,16,“ΉHγ,{ω‚Ή‚Έ,‚ ‚θ
ή“,Τγ‚Λ‚η‚Ά,‰¤q,“\ππ”Τ,131172,“‹“s,–k‹ζ,“\π‚S’–Ϊ,2018-06-07,17,’“Τi—Φjκ,{ω‚Ή‚Έ,‚Θ‚µ
ή“,Τγ‚Λ‚η‚Ά,‰¤q,’†\ππ”Τ,131172,“‹“s,–k‹ζ,‰¤q‚U’–Ϊ,2018-10-02,18,“ΉHγ,{ω‚Ή‚Έ,‚ ‚θ
ή“,Τγ‚Λ‚η‚Ά,‰¤q,’†\ππ”Τ,131172,“‹“s,–k‹ζ,’†\π‚P’–Ϊ,2018-07-13,13,“ΉHγ,{ω‚Ή‚Έ,‚Θ‚µ
ή“,Τγ‚Λ‚η‚Ά,‰¤q,\π’‡΄π”Τ,131172,“‹“s,–k‹ζ,\π’‡΄‚R’–Ϊ,2018-02-05,22,‚»‚Μ‘Ό,{ω‚Ή‚Έ,‚ ‚θ
ή“,Τγ‚Λ‚η‚Ά,‰¤q,\π‰w‘Oπ”Τ,131172,“‹“s,–k‹ζ,γ\π‚P’–Ϊ,2018-05-15,15,“ΉHγ,{ω‚Ή‚Έ,‚Θ‚µ
ή“,Τγ‚Λ‚η‚Ά,‰¤q,\π‰w‘Oπ”Τ,131172,“‹“s,–k‹ζ,γ\π‚R’–Ϊ,2018-11-20,09,“ΉHγ,{ω‚Ή‚Έ,‚ ‚θ
ή“,Τγ‚Λ‚η‚Ά,‰¤q,‰¤q–{’¬π”Τ,131172,“‹“s,–k‹ζ,έ’¬‚P’–Ϊ,2018-09-20,11,‚»‚Μ‘Ό,{ω‚Ή‚Έ,‚Θ‚µ
ή“,Τγ‚Λ‚η‚Ά,Τ‰H,u–Ξl’–Ϊπ”Τ,131172,“‹“s,–k‹ζ,u–Ξ‚P’–Ϊ,2018-08-14,12,‚»‚Μ‘Ό,{ω‚Ή‚Έ,‚Θ‚µ
ή“,Τγ‚Λ‚η‚Ά,Τ‰H,Τ‰H‰w‘Oπ”Τ,131172,“‹“s,–k‹ζ,Τ‰H‚P’–Ϊ,2018-01-04,13,“ΉHγ,{ω‚Ή‚Έ,‚Θ‚µ
ή“,Τγ‚Λ‚η‚Ά,Τ‰H,Τ‰H‰w‘Oπ”Τ,131172,“‹“s,–k‹ζ,Τ‰H‚P’–Ϊ,2018-03-18,19,“ΉHγ,{ω‚Ή‚Έ,‚Θ‚µ
ή“,Τγ‚Λ‚η‚Ά,Τ‰H,Τ‰H‰w‘Oπ”Τ,131172,“‹“s,–k‹ζ,Τ‰H‚P’–Ϊ,2018-03-19,16,“ΉHγ,{ω‚Ή‚Έ,‚ ‚θ
ή“,Τγ‚Λ‚η‚Ά,Τ‰H,Τ‰H‰w‘Oπ”Τ,131172,“‹“s,–k‹ζ,Τ‰H‚P’–Ϊ,2018-10-28,05,“ΉHγ,{ω‚Ή‚Έ,‚ ‚θ
ή“,Τγ‚Λ‚η‚Ά,Τ‰H,Τ‰H‰w‘Oπ”Τ,131172,“‹“s,–k‹ζ,Τ‰H‚P’–Ϊ,2018-12-27,07,‚»‚Μ‘Ό,{ω‚Ή‚Έ,‚ ‚θ
ή“,Τγ‚Λ‚η‚Ά,Τ‰H,Τ‰H‰w‘Oπ”Τ,131172,“‹“s,–k‹ζ,Τ‰H‚Q’–Ϊ,2018-04-26,11,“ΉHγ,{ω‚Ή‚Έ,‚ ‚θ
ή“,Τγ‚Λ‚η‚Ά,Τ‰H,Τ‰H‰w‘Oπ”Τ,131172,“‹“s,–k‹ζ,Τ‰H‚Q’–Ϊ,2018-05-03,14,’“Τi—Φjκ,{ω‚Ή‚Έ,‚Θ‚µ
ή“,Τγ‚Λ‚η‚Ά,Τ‰H,Τ‰H‰w‘Oπ”Τ,131172,“‹“s,–k‹ζ,Τ‰H“μ‚P’–Ϊ,2018-03-01,11,“ΉHγ,{ω‚Ή‚Έ,‚Θ‚µ
ή“,Τγ‚Λ‚η‚Ά,Τ‰H,β•£π”Τ,131172,“‹“s,–k‹ζ,Τ‰H‚P’–Ϊ,2018-09-18,05,‚SK‚ΔΘγ‹¤“―Z‘ξ,{ω‚Ή‚Έ,‚Θ‚µ
ή“,Τγ‚Λ‚η‚Ά,Τ‰H,β•£π”Τ,131172,“‹“s,–k‹ζ,β•£’¬,2018-07-26,16,‚»‚Μ‘Ό,{ω‚Ή‚Έ,‚Θ‚µ
ή“,Τγ‚Λ‚η‚Ά,Τ‰H,β•£π”Τ,131172,“‹“s,–k‹ζ,u–Ξ‚T’–Ϊ,2018-06-17,15,“ΉHγ,{ω‚Ή‚Έ,‚ ‚θ
ή“,Τγ‚Λ‚η‚Ά,Τ‰H,‹{–xπ”Τ,131172,“‹“s,–k‹ζ,_’J‚P’–Ϊ,2018-05-06,12,‚SK‚ΔΘγ‹¤“―Z‘ξ,{ω‚Ή‚Έ,‚Θ‚µ
ή“,Τγ‚Λ‚η‚Ά,Τ‰H,‹{–xπ”Τ,131172,“‹“s,–k‹ζ,_’J‚P’–Ϊ,2018-05-17,18,“ΉHγ,{ω‚Ή‚Έ,‚ ‚θ
ή“,Τγ‚Λ‚η‚Ά,Τ‰H,‹{–xπ”Τ,131172,“‹“s,–k‹ζ,_’J‚R’–Ϊ,2018-08-16,18,’“Τi—Φjκ,{ω‚Ή‚Έ,‚Θ‚µ
ή“,Τγ‚Λ‚η‚Ά,Τ‰H,‹{–xπ”Τ,131172,“‹“s,–k‹ζ,_’J‚R’–Ϊ,2018-10-26,20,’“Τi—Φjκ,{ω‚Ή‚Έ,‚Θ‚µ
ή“,Τγ‚Λ‚η‚Ά,Τ‰H,Τ‰HΌπ”Τ,131172,“‹“s,–k‹ζ,Τ‰HΌ‚R’–Ϊ,2018-06-13,03,κΛZ‘ξ,{ω‚Ή‚Έ,‚Θ‚µ
ή“,Τγ‚Λ‚η‚Ά,Τ‰H,–@‘P›π”Τ,131172,“‹“s,–k‹ζ,Τ‰H‘δ‚Q’–Ϊ,2018-11-21,21,’“Τi—Φjκ,{ω‚Ή‚Έ,‚ ‚θ
ή“,Τγ‚Λ‚η‚Ά,Τ‰H,–@‘P›π”Τ,131172,“‹“s,–k‹ζ,‹ΛƒP‹u‚P’–Ϊ,2018-07-08,11,“ΉHγ,{ω‚Ή‚Έ,‚Θ‚µ
ή“,Τγ‚Λ‚η‚Ά,Τ‰H,–@‘P›π”Τ,131172,“‹“s,–k‹ζ,‹ΛƒP‹u‚P’–Ϊ,2018-07-20,05,’“Τi—Φjκ,{ω‚Ή‚Έ,‚ ‚θ
ή“,Τγ‚Λ‚η‚Ά,Τ‰H,Τ‰H–kπ”Τ,131172,“‹“s,–k‹ζ,•‚Τ‚R’–Ϊ,2017-12-31,07,’“Τi—Φjκ,{ω‚Ή‚Έ,‚Θ‚µ
ή“,Τγ‚Λ‚η‚Ά,Τ‰H,•‚Τπ”Τ,131172,“‹“s,–k‹ζ,•‚Τ‚Q’–Ϊ,2018-02-28,15,‚»‚Μ‘Ό,{ω‚Ή‚Έ,‚ ‚θ
ή“,Τγ‚Λ‚η‚Ά,Τ‰H,•‚Τπ”Τ,131172,“‹“s,–k‹ζ,•‚Τ‚R’–Ϊ,2018-03-24,11,‚SK‚ΔΘγ‹¤“―Z‘ξ,{ω‚Ή‚Έ,‚Θ‚µ
ή“,Τγ‚Λ‚η‚Ά,Τ‰H,•‚Τπ”Τ,131172,“‹“s,–k‹ζ,•‚Τ‚R’–Ϊ,2018-09-07,23,“ΉHγ,{ω‚Ή‚Έ,‚Θ‚µ
ή“,Τγ‚Λ‚η‚Ά,Τ‰H,•‚Τπ”Τ,131172,“‹“s,–k‹ζ,•‚Τ‚S’–Ϊ,2018-03-13,16,“ΉHγ,{ω‚Ή‚Έ,‚ ‚θ
ή“,Τγ‚Λ‚η‚Ά,”Β‹΄,•½”φπ”Τ,131199,“‹“s,”Β‹΄‹ζ,”Β‹΄‚P’–Ϊ,2018-02-04,12,κΛZ‘ξ,{ω‚Ή‚Έ,‚ ‚θ
ή“,Τγ‚Λ‚η‚Ά,”Β‹΄,•½”φπ”Τ,131199,“‹“s,”Β‹΄‹ζ,”Β‹΄‚P’–Ϊ,2018-02-11,18,“ΉHγ,{ω‚Ή‚Έ,‚ ‚θ
ή“,Τγ‚Λ‚η‚Ά,”Β‹΄,•½”φπ”Τ,131199,“‹“s,”Β‹΄‹ζ,”Β‹΄‚P’–Ϊ,2018-04-06,21,“ΉHγ,{ω‚Ή‚Έ,‚ ‚θ
ή“,Τγ‚Λ‚η‚Ά,”Β‹΄,•½”φπ”Τ,131199,“‹“s,”Β‹΄‹ζ,”Β‹΄‚P’–Ϊ,2018-07-28,00,“ΉHγ,{ω‚Ή‚Έ,‚ ‚θ
ή“,Τγ‚Λ‚η‚Ά,”Β‹΄,•½”φπ”Τ,131199,“‹“s,”Β‹΄‹ζ,”Β‹΄‚Q’–Ϊ,2018-06-21,19,‚SK‚ΔΘγ‹¤“―Z‘ξ,{ω‚Ή‚Έ,‚ ‚θ
ή“,Τγ‚Λ‚η‚Ά,”Β‹΄,•½”φπ”Τ,131199,“‹“s,”Β‹΄‹ζ,”Β‹΄‚R’–Ϊ,2018-08-10,19,“ΉHγ,{ω‚Ή‚Έ,‚ ‚θ
ή“,Τγ‚Λ‚η‚Ά,”Β‹΄,•½”φπ”Τ,131199,“‹“s,”Β‹΄‹ζ,”Β‹΄‚S’–Ϊ,2018-01-11,13,“ΉHγ,{ω‚Ή‚Έ,‚Θ‚µ
ή“,Τγ‚Λ‚η‚Ά,”Β‹΄,•½”φπ”Τ,131199,“‹“s,”Β‹΄‹ζ,”Β‹΄‚S’–Ϊ,2018-10-20,10,‚SK‚ΔΘγ‹¤“―Z‘ξ,{ω‚Ή‚Έ,‚ ‚θ
ή“,Τγ‚Λ‚η‚Ά,”Β‹΄,‰Α‰κπ”Τ,131199,“‹“s,”Β‹΄‹ζ,”Β‹΄‚R’–Ϊ,2018-03-24,14,“ΉHγ,{ω‚Ή‚Έ,‚Θ‚µ
ή“,Τγ‚Λ‚η‚Ά,”Β‹΄,”Β‹΄–{’¬π”Τ,131199,“‹“s,”Β‹΄‹ζ,ξ‰Χ‘δ,2018-02-15,13,“ΉHγ,{ω‚Ή‚Έ,‚ ‚θ
ή“,Τγ‚Λ‚η‚Ά,”Β‹΄,”Β‹΄–{’¬π”Τ,131199,“‹“s,”Β‹΄‹ζ,ξ‰Χ‘δ,2018-11-27,23,“ΉHγ,{ω‚Ή‚Έ,‚Θ‚µ
ή“,Τγ‚Λ‚η‚Ά,”Β‹΄,”Β‹΄–{’¬π”Τ,131199,“‹“s,”Β‹΄‹ζ,–{’¬,2018-04-24,10,‚SK‚ΔΘγ‹¤“―Z‘ξ,{ω‚Ή‚Έ,‚ ‚θ
ή“,Τγ‚Λ‚η‚Ά,”Β‹΄,”Β‹΄–{’¬π”Τ,131199,“‹“s,”Β‹΄‹ζ,–{’¬,2018-06-26,13,“ΉHγ,{ω‚Ή‚Έ,‚Θ‚µ
ή“,Τγ‚Λ‚η‚Ά,”Β‹΄,”Β‹΄–{’¬π”Τ,131199,“‹“s,”Β‹΄‹ζ,‘εa’¬,2018-06-16,18,κΛZ‘ξ,{ω‚Ή‚Έ,‚ ‚θ
ή“,Τγ‚Λ‚η‚Ά,”Β‹΄,F–μ’¬π”Τ,131199,“‹“s,”Β‹΄‹ζ,‘εR‹ΰδ’¬,2018-01-20,16,κΛZ‘ξ,{ω‚Ή‚Έ,‚ ‚θ
ή“,Τγ‚Λ‚η‚Ά,”Β‹΄,F–μ’¬π”Τ,131199,“‹“s,”Β‹΄‹ζ,‘εR‹ΰδ’¬,2018-12-14,10,‚SK‚ΔΘγ‹¤“―Z‘ξ,{ω‚Ή‚Έ,‚Θ‚µ
ή“,Τγ‚Λ‚η‚Ά,”Β‹΄,F–μ’¬π”Τ,131199,“‹“s,”Β‹΄‹ζ,F–μ’¬,2018-01-11,17,“ΉHγ,{ω‚Ή‚Έ,‚ ‚θ
ή“,Τγ‚Λ‚η‚Ά,”Β‹΄,F–μ’¬π”Τ,131199,“‹“s,”Β‹΄‹ζ,F–μ’¬,2018-03-01,14,‚SK‚ΔΘγ‹¤“―Z‘ξ,{ω‚Ή‚Έ,‚ ‚θ
ή“,Τγ‚Λ‚η‚Ά,”Β‹΄,F–μ’¬π”Τ,131199,“‹“s,”Β‹΄‹ζ,F–μ’¬,2018-06-02,19,“ΉHγ,{ω‚Ή‚Έ,‚Θ‚µ
ή“,Τγ‚Λ‚η‚Ά,”Β‹΄,F–μ’¬π”Τ,131199,“‹“s,”Β‹΄‹ζ,F–μ’¬,2018-09-20,11,“ΉHγ,{ω‚Ή‚Έ,‚ ‚θ
ή“,Τγ‚Λ‚η‚Ά,”Β‹΄,F–μ’¬π”Τ,131199,“‹“s,”Β‹΄‹ζ,F–μ’¬,2018-11-14,04,‚SK‚ΔΘγ‹¤“―Z‘ξ,{ω‚Ή‚Έ,‚ ‚θ
ή“,Τγ‚Λ‚η‚Ά,”Β‹΄,F–μ’¬π”Τ,131199,“‹“s,”Β‹΄‹ζ,’†Ϋ’¬,2018-03-08,07,“ΉHγ,{ω‚Ή‚Έ,‚Θ‚µ
ή“,Τγ‚Λ‚η‚Ά,”Β‹΄,—{η‰@‘Oπ”Τ,131199,“‹“s,”Β‹΄‹ζ,’‡h,2018-03-01,14,“ΉHγ,{ω‚Ή‚Έ,‚Θ‚µ
ή“,Τγ‚Λ‚η‚Ά,”Β‹΄,—{η‰@‘Oπ”Τ,131199,“‹“s,”Β‹΄‹ζ,•Xμ’¬,2018-09-09,17,“ΉHγ,{ω‚Ή‚Έ,‚Θ‚µ
ή“,Τγ‚Λ‚η‚Ά,”Β‹΄,‘εR’¬π”Τ,131199,“‹“s,”Β‹΄‹ζ,‘εR‹ΰδ’¬,2018-04-18,16,“ΉHγ,{ω‚Ή‚Έ,‚Θ‚µ
ή“,Τγ‚Λ‚η‚Ά,”Β‹΄,‘εR’¬π”Τ,131199,“‹“s,”Β‹΄‹ζ,‘εR’¬,2018-02-17,21,“ΉHγ,{ω‚Ή‚Έ,‚ ‚θ
ή“,Τγ‚Λ‚η‚Ά,”Β‹΄,‘εR’¬π”Τ,131199,“‹“s,”Β‹΄‹ζ,‘εR’¬,2018-02-24,10,“ΉHγ,{ω‚Ή‚Έ,‚ ‚θ
ή“,Τγ‚Λ‚η‚Ά,”Β‹΄,‘εR’¬π”Τ,131199,“‹“s,”Β‹΄‹ζ,‘εR’¬,2018-04-27,20,“ΉHγ,{ω‚Ή‚Έ,‚Θ‚µ
ή“,Τγ‚Λ‚η‚Ά,”Β‹΄,‘εR’¬π”Τ,131199,“‹“s,”Β‹΄‹ζ,‘εR’¬,2018-05-07,10,’“Τi—Φjκ,{ω‚Ή‚Έ,‚Θ‚µ
ή“,Τγ‚Λ‚η‚Ά,”Β‹΄,‘εR’¬π”Τ,131199,“‹“s,”Β‹΄‹ζ,‘εR’¬,2018-07-10,21,“ΉHγ,{ω‚Ή‚Έ,‚ ‚θ
ή“,Τγ‚Λ‚η‚Ά,”Β‹΄,‘εR’¬π”Τ,131199,“‹“s,”Β‹΄‹ζ,‘εR’¬,2018-10-11,16,“ΉHγ,{ω‚Ή‚Έ,‚ ‚θ
ή“,Τγ‚Λ‚η‚Ά,”Β‹΄,‘εR’¬π”Τ,131199,“‹“s,”Β‹΄‹ζ,‘εR’¬,2018-11-24,05,“ΉHγ,{ω‚Ή‚Έ,‚Θ‚µ
ή“,Τγ‚Λ‚η‚Ά,”Β‹΄,‘εR’¬π”Τ,131199,“‹“s,”Β‹΄‹ζ,‘εR’¬,2018-12-02,11,“ΉHγ,{ω‚Ή‚Έ,‚ ‚θ
ή“,Τγ‚Λ‚η‚Ά,”Β‹΄,‘εR’¬π”Τ,131199,“‹“s,”Β‹΄‹ζ,K’¬,2018-05-19,20,“ΉHγ,{ω‚Ή‚Έ,‚ ‚θ
ή“,Τγ‚Λ‚η‚Ά,”Β‹΄,‘εR’¬π”Τ,131199,“‹“s,”Β‹΄‹ζ,K’¬,2018-11-30,20,‚»‚Μ‘Ό,{ω‚Ή‚Έ,‚Θ‚µ
ή“,Τγ‚Λ‚η‚Ά,”Β‹΄,‘ε’Jϋπ”Τ,131199,“‹“s,”Β‹΄‹ζ,‘ε’Jϋγ’¬,2018-07-27,11,“ΉHγ,{ω‚Ή‚Έ,‚Θ‚µ
ή“,Τγ‚Λ‚η‚Ά,”Β‹΄,‘ε’Jϋπ”Τ,131199,“‹“s,”Β‹΄‹ζ,‘ε’Jϋ–k’¬,2018-08-20,16,κΛZ‘ξ,{ω‚Ή‚Έ,‚ ‚θ
ή“,Τγ‚Λ‚η‚Ά,”Β‹΄,‘ε’Jϋπ”Τ,131199,“‹“s,”Β‹΄‹ζ,‘εRΌ’¬,2018-05-21,19,‚SK‚ΔΘγ‹¤“―Z‘ξ,{ω‚Ή‚Έ,‚ ‚θ
ή“,Τγ‚Λ‚η‚Ά,”Β‹΄,–ΞCπ”Τ,131199,“‹“s,”Β‹΄‹ζ,¬–Ξª‚P’–Ϊ,2018-01-08,23,κΛZ‘ξ,{ω‚Ή‚Έ,‚ ‚θ
ή“,Τγ‚Λ‚η‚Ά,”Β‹΄,–ΞCπ”Τ,131199,“‹“s,”Β‹΄‹ζ,¬–Ξª‚P’–Ϊ,2018-12-18,13,“ΉHγ,{ω‚Ή‚Έ,‚ ‚θ
ή“,Τγ‚Λ‚η‚Ά,”Β‹΄,–ΞCπ”Τ,131199,“‹“s,”Β‹΄‹ζ,ό΄‚Q’–Ϊ,2018-01-15,05,‚»‚Μ‘Ό‚ΜZ‘ξi‚RK‚ΔΘ‰Ί‹¤“―Z‘ξ“™j,{ω‚Ή‚Έ,‚ ‚θ
ή“,Τγ‚Λ‚η‚Ά,”Β‹΄,“R’¬π”Τ,131199,“‹“s,”Β‹΄‹ζ,“R’¬,2018-02-24,11,“ΉHγ,{ω‚Ή‚Έ,‚ ‚θ
ή“,Τγ‚Λ‚η‚Ά,”Β‹΄,’†”Β‹΄π”Τ,131199,“‹“s,”Β‹΄‹ζ,’†”Β‹΄,2018-01-09,16,“ΉHγ,{ω‚Ή‚Έ,‚Θ‚µ
ή“,Τγ‚Λ‚η‚Ά,”Β‹΄,’†”Β‹΄π”Τ,131199,“‹“s,”Β‹΄‹ζ,’†”Β‹΄,2018-02-15,21,“ΉHγ,{ω‚Ή‚Έ,‚ ‚θ
ή“,Τγ‚Λ‚η‚Ά,”Β‹΄,’†”Β‹΄π”Τ,131199,“‹“s,”Β‹΄‹ζ,’†”Β‹΄,2018-03-28,21,“ΉHγ,{ω‚Ή‚Έ,‚Θ‚µ
ή“,Τγ‚Λ‚η‚Ά,”Β‹΄,’†”Β‹΄π”Τ,131199,“‹“s,”Β‹΄‹ζ,’†”Β‹΄,2018-07-03,07,“ΉHγ,{ω‚Ή‚Έ,‚ ‚θ
ή“,Τγ‚Λ‚η‚Ά,”Β‹΄,’†”Β‹΄π”Τ,131199,“‹“s,”Β‹΄‹ζ,’†”Β‹΄,2018-10-25,18,“ΉHγ,{ω‚Ή‚Έ,‚ ‚θ
ή“,Τγ‚Λ‚η‚Ά,”Β‹΄,’†”Β‹΄π”Τ,131199,“‹“s,”Β‹΄‹ζ,’‡’¬,2018-11-06,07,’“Τi—Φjκ,{ω‚Ή‚Έ,‚Θ‚µ
ή“,Τγ‚Λ‚η‚Ά,”Β‹΄,’†”Β‹΄π”Τ,131199,“‹“s,”Β‹΄‹ζ,‘o—t’¬,2018-03-02,14,‚»‚Μ‘Ό‚ΜZ‘ξi‚RK‚ΔΘ‰Ί‹¤“―Z‘ξ“™j,{ω‚Ή‚Έ,‚ ‚θ
ή“,Τγ‚Λ‚η‚Ά,”Β‹΄,’†”Β‹΄π”Τ,131199,“‹“s,”Β‹΄‹ζ,‘o—t’¬,2018-08-18,19,‚»‚Μ‘Ό,{ω‚Ή‚Έ,‚Θ‚µ
ή“,Τγ‚Λ‚η‚Ά,”Β‹΄,’†”Β‹΄π”Τ,131199,“‹“s,”Β‹΄‹ζ,–ν¶’¬,2018-03-17,17,“ΉHγ,{ω‚Ή‚Έ,‚Θ‚µ
ή“,Τγ‚Λ‚η‚Ά,”Β‹΄,ν”Υ‘δπ”Τ,131199,“‹“s,”Β‹΄‹ζ,ν”Υ‘δ‚Q’–Ϊ,2018-02-06,07,’“Τi—Φjκ,{ω‚Ή‚Έ,‚Θ‚µ
ή“,Τγ‚Λ‚η‚Ά,”Β‹΄,ν”Υ‘δπ”Τ,131199,“‹“s,”Β‹΄‹ζ,ν”Υ‘δ‚R’–Ϊ,2018-03-15,11,‚»‚Μ‘Ό,{ω‚Ή‚Έ,‚ ‚θ
ή“,Τγ‚Λ‚η‚Ά,”Β‹΄,ν”Υ‘δπ”Τ,131199,“‹“s,”Β‹΄‹ζ,“μν”Υ‘δ‚P’–Ϊ,2018-11-03,19,‚SK‚ΔΘγ‹¤“―Z‘ξ,{ω‚Ή‚Έ,‚Θ‚µ
ή“,Τγ‚Λ‚η‚Ά,”Β‹΄,ν”Υ‘δπ”Τ,131199,“‹“s,”Β‹΄‹ζ,“μν”Υ‘δ‚Q’–Ϊ,2018-02-08,08,“ΉHγ,{ω‚Ή‚Έ,‚ ‚θ
ή“,Τγ‚Λ‚η‚Ά,”Β‹΄,γ”Β‹΄‰w‘Oπ”Τ,131199,“‹“s,”Β‹΄‹ζ,γ”Β‹΄‚Q’–Ϊ,2018-05-12,18,“ΉHγ,{ω‚Ή‚Έ,‚Θ‚µ
ή“,Τγ‚Λ‚η‚Ά,”Β‹΄,γ”Β‹΄‰w‘Oπ”Τ,131199,“‹“s,”Β‹΄‹ζ,γ”Β‹΄‚Q’–Ϊ,2018-11-29,07,“ΉHγ,{ω‚Ή‚Έ,‚ ‚θ
ή“,Τγ‚Λ‚η‚Ά,”Β‹΄,γ”Β‹΄‰w‘Oπ”Τ,131199,“‹“s,”Β‹΄‹ζ,ν”Υ‘δ‚S’–Ϊ,2018-05-28,19,’“Τi—Φjκ,{ω‚Ή‚Έ,‚Θ‚µ
ή“,Τγ‚Λ‚η‚Ά,”Β‹΄,γ”Β‹΄‰w‘Oπ”Τ,131199,“‹“s,”Β‹΄‹ζ,ν”Υ‘δ‚S’–Ϊ,2018-09-25,17,“ΉHγ,{ω‚Ή‚Έ,‚ ‚θ
ή“,Τγ‚Λ‚η‚Ά,”Β‹΄,γ”Β‹΄‰w‘Oπ”Τ,131199,“‹“s,”Β‹΄‹ζ,ν”Υ‘δ‚S’–Ϊ,2018-11-10,21,‚SK‚ΔΘγ‹¤“―Z‘ξ,{ω‚Ή‚Έ,‚Θ‚µ
ή“,Τγ‚Λ‚η‚Ά,u‘Ί,΄…’¬π”Τ,131199,“‹“s,”Β‹΄‹ζ,‹{–{’¬,2018-01-13,10,“ΉHγ,{ω‚Ή‚Έ,‚Θ‚µ
ή“,Τγ‚Λ‚η‚Ά,u‘Ί,βγπ”Τ,131199,“‹“s,”Β‹΄‹ζ,β‰Ί‚Q’–Ϊ,2018-01-24,13,“ΉHγ,{ω‚Ή‚Έ,‚ ‚θ
ή“,Τγ‚Λ‚η‚Ά,u‘Ί,βγπ”Τ,131199,“‹“s,”Β‹΄‹ζ,u‘Ί‚R’–Ϊ,2018-08-24,12,‚»‚Μ‘Ό,{ω‚Ή‚Έ,‚Θ‚µ
ή“,Τγ‚Λ‚η‚Ά,u‘Ί,β‰Ίπ”Τ,131199,“‹“s,”Β‹΄‹ζ,β‰Ί‚Q’–Ϊ,2018-08-25,08,’“Τi—Φjκ,{ω‚Ή‚Έ,‚Θ‚µ
ή“,Τγ‚Λ‚η‚Ά,u‘Ί,β‰Ίπ”Τ,131199,“‹“s,”Β‹΄‹ζ,β‰Ί‚R’–Ϊ,2018-08-13,18,‚»‚Μ‘Ό‚ΜZ‘ξi‚RK‚ΔΘ‰Ί‹¤“―Z‘ξ“™j,{ω‚Ή‚Έ,‚ ‚θ
ή“,Τγ‚Λ‚η‚Ά,u‘Ί,β‰Ίπ”Τ,131199,“‹“s,”Β‹΄‹ζ,M“n‚P’–Ϊ,2018-05-28,17,‚»‚Μ‘Ό,{ω‚Ή‚Έ,‚ ‚θ
ή“,Τγ‚Λ‚η‚Ά,u‘Ί,β‰Ίπ”Τ,131199,“‹“s,”Β‹΄‹ζ,M“n‚P’–Ϊ,2018-09-16,11,’“Τi—Φjκ,{ω‚Ή‚Έ,‚ ‚θ
ή“,Τγ‚Λ‚η‚Ά,u‘Ί,β‰Ίπ”Τ,131199,“‹“s,”Β‹΄‹ζ,M“n‚Q’–Ϊ,2018-05-29,15,‚»‚Μ‘Ό,{ω‚Ή‚Έ,‚ ‚θ
ή“,Τγ‚Λ‚η‚Ά,u‘Ί,@ªπ”Τ,131199,“‹“s,”Β‹΄‹ζ,‘¶’¬,2018-03-04,15,“ΉHγ,{ω‚Ή‚Έ,‚Θ‚µ
ή“,Τγ‚Λ‚η‚Ά,u‘Ί,@ªπ”Τ,131199,“‹“s,”Β‹΄‹ζ,@ª‚Q’–Ϊ,2018-01-20,14,“ΉHγ,{ω‚Ή‚Έ,‚ ‚θ
ή“,Τγ‚Λ‚η‚Ά,u‘Ί,@ªπ”Τ,131199,“‹“s,”Β‹΄‹ζ,@ª‚Q’–Ϊ,2018-06-15,03,“ΉHγ,{ω‚Ή‚Έ,‚Θ‚µ
ή“,Τγ‚Λ‚η‚Ά,u‘Ί,@ªπ”Τ,131199,“‹“s,”Β‹΄‹ζ,@ª‚R’–Ϊ,2018-10-18,10,‚»‚Μ‘Ό,{ω‚Ή‚Έ,‚ ‚θ
ή“,Τγ‚Λ‚η‚Ά,u‘Ί,‘O–μ’¬π”Τ,131199,“‹“s,”Β‹΄‹ζ,‘O–μ’¬‚Q’–Ϊ,2018-04-21,18,“ΉHγ,{ω‚Ή‚Έ,‚Θ‚µ
ή“,Τγ‚Λ‚η‚Ά,u‘Ί,‘O–μ’¬π”Τ,131199,“‹“s,”Β‹΄‹ζ,‘O–μ’¬‚S’–Ϊ,2018-02-07,14,‚»‚Μ‘Ό,{ω‚Ή‚Έ,‚Θ‚µ
ή“,Τγ‚Λ‚η‚Ά,u‘Ί,’†‘δπ”Τ,131199,“‹“s,”Β‹΄‹ζ,‘O–μ’¬‚U’–Ϊ,2018-03-24,17,“ΉHγ,{ω‚Ή‚Έ,‚Θ‚µ
ή“,Τγ‚Λ‚η‚Ά,u‘Ί,’†‘δπ”Τ,131199,“‹“s,”Β‹΄‹ζ,‘O–μ’¬‚U’–Ϊ,2018-12-21,09,“ΉHγ,{ω‚Ή‚Έ,‚ ‚θ
ή“,Τγ‚Λ‚η‚Ά,u‘Ί,’†‘δπ”Τ,131199,“‹“s,”Β‹΄‹ζ,α–Ψ‚P’–Ϊ,2018-09-22,04,κΛZ‘ξ,{ω‚Ή‚Έ,‚ ‚θ
ή“,Τγ‚Λ‚η‚Ά,u‘Ί,’†‘δπ”Τ,131199,“‹“s,”Β‹΄‹ζ,α–Ψ‚P’–Ϊ,2018-12-07,21,“ΉHγ,{ω‚Ή‚Έ,‚Θ‚µ
ή“,Τγ‚Λ‚η‚Ά,u‘Ί,Ό‘δπ”Τ,131199,“‹“s,”Β‹΄‹ζ,Ό‘δ‚Q’–Ϊ,2018-06-29,14,’“Τi—Φjκ,{ω‚Ή‚Έ,‚Θ‚µ
ή“,Τγ‚Λ‚η‚Ά,u‘Ί,Ό‘δπ”Τ,131199,“‹“s,”Β‹΄‹ζ,Ό‘δ‚Q’–Ϊ,2018-09-19,18,“ΉHγ,{ω‚Ή‚Έ,‚ ‚θ
ή“,Τγ‚Λ‚η‚Ά,u‘Ί,Ό‘δπ”Τ,131199,“‹“s,”Β‹΄‹ζ,Ό‘δ‚R’–Ϊ,2018-06-17,17,‚»‚Μ‘Ό,{ω‚Ή‚Έ,‚Θ‚µ
ή“,Τγ‚Λ‚η‚Ά,u‘Ί,Ό‘δπ”Τ,131199,“‹“s,”Β‹΄‹ζ,Ό‘δ‚R’–Ϊ,2018-06-18,16,’“Τi—Φjκ,{ω‚Ή‚Έ,‚Θ‚µ
ή“,Τγ‚Λ‚η‚Ά,u‘Ί,Ό‘δπ”Τ,131199,“‹“s,”Β‹΄‹ζ,Ό‘δ‚R’–Ϊ,2018-10-20,11,κΛZ‘ξ,{ω‚Ή‚Έ,‚ ‚θ
ή“,Τγ‚Λ‚η‚Ά,—ϋ”n,Ρδπ”Τ,131202,“‹“s,—ϋ”n‹ζ,Ρδ‚Q’–Ϊ,2018-06-01,12,“ΉHγ,{ω‚Ή‚Έ,‚Θ‚µ
ή“,Τγ‚Λ‚η‚Ά,—ϋ”n,Ρδπ”Τ,131202,“‹“s,—ϋ”n‹ζ,Ρδ‚T’–Ϊ,2018-11-25,22,‚»‚Μ‘Ό,{ω‚Ή‚Έ,‚Θ‚µ
ή“,Τγ‚Λ‚η‚Ά,—ϋ”n,’†‘Ί‹΄π”Τ,131202,“‹“s,—ϋ”n‹ζ,’†‘Ί‚P’–Ϊ,2018-02-13,17,’“Τi—Φjκ,{ω‚Ή‚Έ,‚ ‚θ
ή“,Τγ‚Λ‚η‚Ά,—ϋ”n,’†‘Ί‹΄π”Τ,131202,“‹“s,—ϋ”n‹ζ,’†‘Ί“μ‚Q’–Ϊ,2018-09-04,10,κΛZ‘ξ,{ω‚Ή‚Έ,‚Θ‚µ
ή“,Τγ‚Λ‚η‚Ά,—ϋ”n,–L“‡‰€‘Oπ”Τ,131202,“‹“s,—ϋ”n‹ζ,όR‚R’–Ϊ,2018-05-01,19,’“Τi—Φjκ,{ω‚Ή‚Έ,‚ ‚θ
ή“,Τγ‚Λ‚η‚Ά,—ϋ”n,–L“‡‰€‘Oπ”Τ,131202,“‹“s,—ϋ”n‹ζ,—ϋ”n‚R’–Ϊ,2018-10-02,10,“ΉHγ,{ω‚Ή‚Έ,‚ ‚θ
ή“,Τγ‚Λ‚η‚Ά,—ϋ”n,—ϋ”n‰w‘Oπ”Τ,131202,“‹“s,—ϋ”n‹ζ,–L‹Κ–k‚T’–Ϊ,2018-02-12,10,“ΉHγ,{ω‚Ή‚Έ,‚ ‚θ
ή“,Τγ‚Λ‚η‚Ά,—ϋ”n,—ϋ”n‰w‘Oπ”Τ,131202,“‹“s,—ϋ”n‹ζ,–L‹Κ–k‚T’–Ϊ,2018-05-11,22,“ΉHγ,{ω‚Ή‚Έ,‚ ‚θ
ή“,Τγ‚Λ‚η‚Ά,—ϋ”n,—ϋ”n‰w‘Oπ”Τ,131202,“‹“s,—ϋ”n‹ζ,–L‹Κ–k‚T’–Ϊ,2018-07-21,22,“ΉHγ,{ω‚Ή‚Έ,‚ ‚θ
ή“,Τγ‚Λ‚η‚Ά,—ϋ”n,—ϋ”n‰w‘Oπ”Τ,131202,“‹“s,—ϋ”n‹ζ,–L‹Κ–k‚T’–Ϊ,2018-11-01,23,“ΉHγ,{ω‚Ή‚Έ,‚ ‚θ
ή“,Τγ‚Λ‚η‚Ά,—ϋ”n,—ϋ”n‰w‘Oπ”Τ,131202,“‹“s,—ϋ”n‹ζ,–L‹Κ–k‚U’–Ϊ,2018-09-01,17,“ΉHγ,{ω‚Ή‚Έ,‚Θ‚µ
ή“,Τγ‚Λ‚η‚Ά,—ϋ”n,—ϋ”n‰w‘Oπ”Τ,131202,“‹“s,—ϋ”n‹ζ,’†‘Ί–k‚P’–Ϊ,2018-08-11,18,“ΉHγ,{ω‚Ή‚Έ,‚Θ‚µ
ή“,Τγ‚Λ‚η‚Ά,—ϋ”n,—ϋ”n‰w‘Oπ”Τ,131202,“‹“s,—ϋ”n‹ζ,—ϋ”n‚P’–Ϊ,2018-02-12,20,’“Τi—Φjκ,{ω‚Ή‚Έ,‚Θ‚µ
ή“,Τγ‚Λ‚η‚Ά,—ϋ”n,—ϋ”n‰w‘Oπ”Τ,131202,“‹“s,—ϋ”n‹ζ,—ϋ”n‚P’–Ϊ,2018-08-24,21,’“Τi—Φjκ,{ω‚Ή‚Έ,‚Θ‚µ
ή“,Τγ‚Λ‚η‚Ά,—ϋ”n,—ϋ”n‰w‘Oπ”Τ,131202,“‹“s,—ϋ”n‹ζ,—ϋ”n‚P’–Ϊ,2018-08-26,15,’“Τi—Φjκ,{ω‚Ή‚Έ,‚Θ‚µ
ή“,Τγ‚Λ‚η‚Ά,—ϋ”n,—ϋ”n‰w‘Oπ”Τ,131202,“‹“s,—ϋ”n‹ζ,—ϋ”n‚P’–Ϊ,2018-11-01,12,’“Τi—Φjκ,{ω‚Ή‚Έ,‚Θ‚µ
ή“,Τγ‚Λ‚η‚Ά,—ϋ”n,–L‹Κπ”Τ,131202,“‹“s,—ϋ”n‹ζ,–L‹Κ–k‚S’–Ϊ,2018-09-21,09,’“Τi—Φjκ,{ω‚Ή‚Έ,‚ ‚θ
ή“,Τγ‚Λ‚η‚Ά,—ϋ”n,χ‘δπ”Τ,131202,“‹“s,—ϋ”n‹ζ,χ‘δ‚Q’–Ϊ,2018-10-25,07,‚SK‚ΔΘγ‹¤“―Z‘ξ,{ω‚Ή‚Έ,‚ ‚θ
ή“,Τγ‚Λ‚η‚Ά,—ϋ”n,‰H‘ςπ”Τ,131202,“‹“s,—ϋ”n‹ζ,χ‘δ‚Q’–Ϊ,2018-09-28,17,‚»‚Μ‘Ό‚ΜZ‘ξi‚RK‚ΔΘ‰Ί‹¤“―Z‘ξ“™j,{ω‚Ή‚Έ,‚ ‚θ
ή“,Τγ‚Λ‚η‚Ά,—ϋ”n,‰H‘ςπ”Τ,131202,“‹“s,—ϋ”n‹ζ,χ‘δ‚R’–Ϊ,2018-05-25,17,’“Τi—Φjκ,{ω‚Ή‚Έ,‚Θ‚µ
ή“,Τγ‚Λ‚η‚Ά,—ϋ”n,]Γ“c‰w‘Oπ”Τ,131202,“‹“s,—ϋ”n‹ζ,®‹u‚P’–Ϊ,2017-08-01,•s–Ύ,’“Τi—Φjκ,{ω‚Ή‚Έ,‚ ‚θ
ή“,Τγ‚Λ‚η‚Ά,—ϋ”n,]Γ“c‰w‘Oπ”Τ,131202,“‹“s,—ϋ”n‹ζ,®‹u‚P’–Ϊ,2018-03-11,17,“ΉHγ,{ω‚Ή‚Έ,‚ ‚θ
ή“,Τγ‚Λ‚η‚Ά,—ϋ”n,]Γ“c‰w‘Oπ”Τ,131202,“‹“s,—ϋ”n‹ζ,‰h’¬,2018-03-30,21,κΛZ‘ξ,{ω‚Ή‚Έ,‚ ‚θ
ή“,Τγ‚Λ‚η‚Ά,—ϋ”n,¬’|’¬π”Τ,131202,“‹“s,—ϋ”n‹ζ,¬’|’¬‚Q’–Ϊ,2018-02-17,12,“ΉHγ,{ω‚Ή‚Έ,‚ ‚θ
ή“,Τγ‚Λ‚η‚Ά,—ϋ”n,•Xμ‘δ’“έ,131202,“‹“s,—ϋ”n‹ζ,•Xμ‘δ‚Q’–Ϊ,2018-04-13,21,’“Τi—Φjκ,{ω‚Ή‚Έ,‚ ‚θ
ή“,Τγ‚Λ‚η‚Ά,—ϋ”n,•Xμ‘δ’“έ,131202,“‹“s,—ϋ”n‹ζ,•½a‘δ‚Q’–Ϊ,2018-08-13,08,’“Τi—Φjκ,{ω‚Ή‚Έ,‚Θ‚µ
ή“,Τγ‚Λ‚η‚Ά,—ϋ”n,t“ϊ’¬π”Τ,131202,“‹“s,—ϋ”n‹ζ,t“ϊ’¬‚P’–Ϊ,2018-04-04,20,“ΉHγ,{ω‚Ή‚Έ,‚ ‚θ
ή“,Τγ‚Λ‚η‚Ά,—ϋ”n,t“ϊ’¬π”Τ,131202,“‹“s,—ϋ”n‹ζ,t“ϊ’¬‚P’–Ϊ,2018-08-29,17,“ΉHγ,{ω‚Ή‚Έ,‚ ‚θ
ή“,Τγ‚Λ‚η‚Ά,—ϋ”n,t“ϊ’¬π”Τ,131202,“‹“s,—ϋ”n‹ζ,t“ϊ’¬‚P’–Ϊ,2018-11-27,21,’“Τi—Φjκ,{ω‚Ή‚Έ,‚Θ‚µ
ή“,Τγ‚Λ‚η‚Ά,—ϋ”n,t“ϊ’¬π”Τ,131202,“‹“s,—ϋ”n‹ζ,t“ϊ’¬‚P’–Ϊ,2018-12-27,21,’“Τi—Φjκ,{ω‚Ή‚Έ,‚Θ‚µ
ή“,Τγ‚Λ‚η‚Ά,—ϋ”n,t“ϊ’¬π”Τ,131202,“‹“s,—ϋ”n‹ζ,t“ϊ’¬‚Q’–Ϊ,2018-01-30,20,’“Τi—Φjκ,{ω‚Ή‚Έ,‚Θ‚µ
ή“,Τγ‚Λ‚η‚Ά,—ϋ”n,t“ϊ’¬π”Τ,131202,“‹“s,—ϋ”n‹ζ,t“ϊ’¬‚S’–Ϊ,2018-11-10,14,‚»‚Μ‘Ό,{ω‚Ή‚Έ,‚Θ‚µ
ή“,Τγ‚Λ‚η‚Ά,—ϋ”n,t“ϊ’¬π”Τ,131202,“‹“s,—ϋ”n‹ζ,t“ϊ’¬‚T’–Ϊ,2018-02-07,15,’“Τi—Φjκ,{ω‚Ή‚Έ,‚Θ‚µ
ή“,Τγ‚Λ‚η‚Ά,—ϋ”n,t“ϊ’¬π”Τ,131202,“‹“s,—ϋ”n‹ζ,t“ϊ’¬‚T’–Ϊ,2018-03-28,22,’“Τi—Φjκ,{ω‚Ή‚Έ,‚Θ‚µ
ή“,Τγ‚Λ‚η‚Ά,—ϋ”n,t“ϊ’¬π”Τ,131202,“‹“s,—ϋ”n‹ζ,t“ϊ’¬‚U’–Ϊ,2018-06-10,12,‚»‚Μ‘Ό,{ω‚Ή‚Έ,‚ ‚θ
ή“,Τγ‚Λ‚η‚Ά,—ϋ”n,•Xμ_Π‘Oπ”Τ,131202,“‹“s,—ϋ”n‹ζ,–L‹Κ’†‚Q’–Ϊ,2018-12-14,08,“ΉHγ,{ω‚Ή‚Έ,‚Θ‚µ
ή“,Τγ‚Λ‚η‚Ά,—ϋ”n,•Xμ_Π‘Oπ”Τ,131202,“‹“s,—ϋ”n‹ζ,–L‹Κ’†‚R’–Ϊ,2018-10-28,15,’“Τi—Φjκ,{ω‚Ή‚Έ,‚Θ‚µ
ή“,Τγ‚Λ‚η‚Ά,—ϋ”n,•Xμ_Π‘Oπ”Τ,131202,“‹“s,—ϋ”n‹ζ,–L‹Κ“μ‚Q’–Ϊ,2018-10-04,07,“ΉHγ,{ω‚Ή‚Έ,‚Θ‚µ
ή“,Τγ‚Λ‚η‚Ά,Ξ_δ,Ξ_δφ‰€‰w‘Oπ”Τ,131202,“‹“s,—ϋ”n‹ζ,‰ΊΞ_δ‚R’–Ϊ,2018-09-18,22,‚SK‚ΔΘγ‹¤“―Z‘ξ,{ω‚Ή‚Έ,‚Θ‚µ
ή“,Τγ‚Λ‚η‚Ά,Ξ_δ,Ξ_δφ‰€‰w‘Oπ”Τ,131202,“‹“s,—ϋ”n‹ζ,‰ΊΞ_δ‚U’–Ϊ,2018-05-21,19,“ΉHγ,{ω‚Ή‚Έ,‚ ‚θ
ή“,Τγ‚Λ‚η‚Ά,Ξ_δ,Ξ_δφ‰€‰w‘Oπ”Τ,131202,“‹“s,—ϋ”n‹ζ,Ξ_δ’¬‚Q’–Ϊ,2018-09-19,13,‚»‚Μ‘Ό,{ω‚Ή‚Έ,‚ ‚θ
ή“,Τγ‚Λ‚η‚Ά,Ξ_δ,Ξ_δφ‰€‰w‘Oπ”Τ,131202,“‹“s,—ϋ”n‹ζ,Ξ_δ’¬‚Q’–Ϊ,2018-12-04,17,‚»‚Μ‘Ό‚ΜZ‘ξi‚RK‚ΔΘ‰Ί‹¤“―Z‘ξ“™j,{ω‚Ή‚Έ,‚Θ‚µ
ή“,Τγ‚Λ‚η‚Ά,Ξ_δ,Ξ_δφ‰€‰w‘Oπ”Τ,131202,“‹“s,—ϋ”n‹ζ,Ξ_δ’¬‚R’–Ϊ,2018-01-16,15,‚»‚Μ‘Ό,{ω‚Ή‚Έ,‚Θ‚µ
ή“,Τγ‚Λ‚η‚Ά,Ξ_δ,Ξ_δφ‰€‰w‘Oπ”Τ,131202,“‹“s,—ϋ”n‹ζ,Ξ_δ’¬‚R’–Ϊ,2018-04-21,15,“ΉHγ,{ω‚Ή‚Έ,‚Θ‚µ
ή“,Τγ‚Λ‚η‚Ά,Ξ_δ,Ξ_δφ‰€‰w‘Oπ”Τ,131202,“‹“s,—ϋ”n‹ζ,Ξ_δ’¬‚R’–Ϊ,2018-06-03,11,‚SK‚ΔΘγ‹¤“―Z‘ξ,{ω‚Ή‚Έ,‚Θ‚µ
ή“,Τγ‚Λ‚η‚Ά,Ξ_δ,Ξ_δφ‰€‰w‘Oπ”Τ,131202,“‹“s,—ϋ”n‹ζ,Ξ_δ’¬‚R’–Ϊ,2018-12-27,18,’“Τi—Φjκ,{ω‚Ή‚Έ,‚Θ‚µ
ή“,Τγ‚Λ‚η‚Ά,Ξ_δ,Ξ_δφ‰€‰w‘Oπ”Τ,131202,“‹“s,—ϋ”n‹ζ,Ξ_δ’¬‚S’–Ϊ,2018-04-22,10,‚SK‚ΔΘγ‹¤“―Z‘ξ,{ω‚Ή‚Έ,‚ ‚θ
ή“,Τγ‚Λ‚η‚Ά,Ξ_δ,Ξ_δφ‰€‰w‘Oπ”Τ,131202,“‹“s,—ϋ”n‹ζ,Ξ_δ’¬‚S’–Ϊ,2018-05-14,16,’“Τi—Φjκ,{ω‚Ή‚Έ,‚ ‚θ
ή“,Τγ‚Λ‚η‚Ά,Ξ_δ,Ξ_δφ‰€‰w‘Oπ”Τ,131202,“‹“s,—ϋ”n‹ζ,Ξ_δ’¬‚T’–Ϊ,2018-05-04,11,‚»‚Μ‘Ό,{ω‚Ή‚Έ,‚Θ‚µ
ή“,Τγ‚Λ‚η‚Ά,Ξ_δ,Ξ_δφ‰€‰w‘Oπ”Τ,131202,“‹“s,—ϋ”n‹ζ,Ξ_δ’¬‚T’–Ϊ,2018-07-23,15,‚»‚Μ‘Ό,{ω‚Ή‚Έ,‚Θ‚µ
ή“,Τγ‚Λ‚η‚Ά,Ξ_δ,Ξ_δφ‰€‰w‘Oπ”Τ,131202,“‹“s,—ϋ”n‹ζ,Ξ_δ’¬‚T’–Ϊ,2018-08-16,14,‚SK‚ΔΘγ‹¤“―Z‘ξ,{ω‚Ή‚Έ,‚Θ‚µ
ή“,Τγ‚Λ‚η‚Ά,Ξ_δ,Ξ_δφ‰€‰w‘Oπ”Τ,131202,“‹“s,—ϋ”n‹ζ,Ξ_δ’¬‚U’–Ϊ,2018-11-17,22,’“Τi—Φjκ,{ω‚Ή‚Έ,‚Θ‚µ
ή“,Τγ‚Λ‚η‚Ά,Ξ_δ,Ξ_δφ‰€‰w‘Oπ”Τ,131202,“‹“s,—ϋ”n‹ζ,Ξ_δ’¬‚V’–Ϊ,2018-03-10,15,’“Τi—Φjκ,{ω‚Ή‚Έ,‚Θ‚µ
ή“,Τγ‚Λ‚η‚Ά,Ξ_δ,‘εςw‰€‰w‘Oπ”Τ,131202,“‹“s,—ϋ”n‹ζ,“‘ες‚P’–Ϊ,2018-07-04,16,’“Τi—Φjκ,{ω‚Ή‚Έ,‚Θ‚µ
ή“,Τγ‚Λ‚η‚Ά,Ξ_δ,‘εςw‰€‰w‘Oπ”Τ,131202,“‹“s,—ϋ”n‹ζ,“‘ες‚P’–Ϊ,2018-07-25,05,“ΉHγ,{ω‚Ή‚Έ,‚Θ‚µ
ή“,Τγ‚Λ‚η‚Ά,Ξ_δ,‘εςw‰€‰w‘Oπ”Τ,131202,“‹“s,—ϋ”n‹ζ,“‘ες‚P’–Ϊ,2018-08-22,08,“ΉHγ,{ω‚Ή‚Έ,‚Θ‚µ
ή“,Τγ‚Λ‚η‚Ά,Ξ_δ,‘εςw‰€‰w‘Oπ”Τ,131202,“‹“s,—ϋ”n‹ζ,“‘ες‚P’–Ϊ,2018-10-23,08,‚SK‚ΔΘγ‹¤“―Z‘ξ,{ω‚Ή‚Έ,‚ ‚θ
ή“,Τγ‚Λ‚η‚Ά,Ξ_δ,‘εςw‰€‰w‘Oπ”Τ,131202,“‹“s,—ϋ”n‹ζ,“‘ες‚S’–Ϊ,2018-10-07,15,’“Τi—Φjκ,{ω‚Ή‚Έ,‚Θ‚µ
ή“,Τγ‚Λ‚η‚Ά,Ξ_δ,‘εςw‰€‰w‘Oπ”Τ,131202,“‹“s,—ϋ”n‹ζ,“‘ες‚S’–Ϊ,2018-12-13,13,’“Τi—Φjκ,{ω‚Ή‚Έ,‚Θ‚µ
ή“,Τγ‚Λ‚η‚Ά,Ξ_δ,‘εςw‰€‰w‘Oπ”Τ,131202,“‹“s,—ϋ”n‹ζ,“‘ες‚T’–Ϊ,2018-11-15,18,’“Τi—Φjκ,{ω‚Ή‚Έ,‚Θ‚µ
ή“,Τγ‚Λ‚η‚Ά,Ξ_δ,‘εςw‰€‰w‘Oπ”Τ,131202,“‹“s,—ϋ”n‹ζ,“‘ες‚U’–Ϊ,2018-06-26,10,‚SK‚ΔΘγ‹¤“―Z‘ξ,{ω‚Ή‚Έ,‚ ‚θ
ή“,Τγ‚Λ‚η‚Ά,Ξ_δ,‘εςw‰€‰w‘Oπ”Τ,131202,“‹“s,—ϋ”n‹ζ,“‘ες‚U’–Ϊ,2018-09-11,19,’“Τi—Φjκ,{ω‚Ή‚Έ,‚Θ‚µ
ή“,Τγ‚Λ‚η‚Ά,Ξ_δ,•‘ Φ‰w‘Oπ”Τ,131202,“‹“s,—ϋ”n‹ζ,Φ’¬–k‚Q’–Ϊ,2018-05-03,19,“ΉHγ,{ω‚Ή‚Έ,‚ ‚θ
ή“,Τγ‚Λ‚η‚Ά,Ξ_δ,•‘ Φ‰w‘Oπ”Τ,131202,“‹“s,—ϋ”n‹ζ,Φ’¬–k‚Q’–Ϊ,2018-05-26,10,‚SK‚ΔΘγ‹¤“―Z‘ξ,{ω‚Ή‚Έ,‚ ‚θ
ή“,Τγ‚Λ‚η‚Ά,Ξ_δ,•‘ Φ‰w‘Oπ”Τ,131202,“‹“s,—ϋ”n‹ζ,Φ’¬–k‚Q’–Ϊ,2018-10-02,09,“ΉHγ,{ω‚Ή‚Έ,‚Θ‚µ
ή“,Τγ‚Λ‚η‚Ά,Ξ_δ,•‘ Φ‰w‘Oπ”Τ,131202,“‹“s,—ϋ”n‹ζ,Φ’¬–k‚R’–Ϊ,2018-02-15,06,“ΉHγ,{ω‚Ή‚Έ,‚ ‚θ
ή“,Τγ‚Λ‚η‚Ά,Ξ_δ,•‘ Φ‰w‘Oπ”Τ,131202,“‹“s,—ϋ”n‹ζ,Φ’¬–k‚S’–Ϊ,2018-05-07,07,‚»‚Μ‘Ό‚ΜZ‘ξi‚RK‚ΔΘ‰Ί‹¤“―Z‘ξ“™j,{ω‚Ή‚Έ,‚Θ‚µ
ή“,Τγ‚Λ‚η‚Ά,Ξ_δ,•‘ Φ‰w‘Oπ”Τ,131202,“‹“s,—ϋ”n‹ζ,Φ’¬–k‚T’–Ϊ,2018-11-22,17,‚»‚Μ‘Ό,{ω‚Ή‚Έ,‚ ‚θ
ή“,Τγ‚Λ‚η‚Ά,Ξ_δ,•‘ Φ‰w‘Oπ”Τ,131202,“‹“s,—ϋ”n‹ζ,Φ’¬–k‚T’–Ϊ,2018-11-26,16,“ΉHγ,{ω‚Ή‚Έ,‚ ‚θ
ή“,Τγ‚Λ‚η‚Ά,Ξ_δ,γΞ_δ‰w‘Oπ”Τ,131202,“‹“s,—ϋ”n‹ζ,γΞ_δ‚Q’–Ϊ,2018-06-26,18,‚»‚Μ‘Ό,{ω‚Ή‚Έ,‚Θ‚µ
ή“,Τγ‚Λ‚η‚Ά,Ξ_δ,‘εςw‰€π”Τ,131202,“‹“s,—ϋ”n‹ζ,‘εςw‰€’¬‚P’–Ϊ,2018-06-01,13,’“Τi—Φjκ,{ω‚Ή‚Έ,‚ ‚θ
ή“,Τγ‚Λ‚η‚Ά,Ξ_δ,‘εςw‰€π”Τ,131202,“‹“s,—ϋ”n‹ζ,‘εςw‰€’¬‚R’–Ϊ,2018-02-18,14,‚»‚Μ‘Ό,{ω‚Ή‚Έ,‚Θ‚µ
ή“,Τγ‚Λ‚η‚Ά,Ξ_δ,‘εςw‰€π”Τ,131202,“‹“s,—ϋ”n‹ζ,‘εςw‰€’¬‚V’–Ϊ,2018-05-27,11,“ΉHγ,{ω‚Ή‚Έ,‚ ‚θ
ή“,Τγ‚Λ‚η‚Ά,Ξ_δ,Φ’¬π”Τ,131202,“‹“s,—ϋ”n‹ζ,—§–μ’¬,2018-10-15,19,κΛZ‘ξ,{ω‚Ή‚Έ,‚ ‚θ
ή“,Τγ‚Λ‚η‚Ά,Ξ_δ,–k‘εςπ”Τ,131202,“‹“s,—ϋ”n‹ζ,‘ες’¬‚P’–Ϊ,2018-01-04,10,’“Τi—Φjκ,{ω‚Ή‚Έ,‚Θ‚µ
ή“,Τγ‚Λ‚η‚Ά,Ξ_δ,Ό‘εςπ”Τ,131202,“‹“s,—ϋ”n‹ζ,Ό‘ες‚T’–Ϊ,2018-09-01,11,’“Τi—Φjκ,{ω‚Ή‚Έ,‚Θ‚µ
ή“,Τγ‚Λ‚η‚Ά,Ξ_δ,Ό‘εςπ”Τ,131202,“‹“s,—ϋ”n‹ζ,Ό‘ες‚T’–Ϊ,2018-12-29,19,’“Τi—Φjκ,{ω‚Ή‚Έ,‚ ‚θ
ή“,Τγ‚Λ‚η‚Ά,Ξ_δ,“μ‘εςπ”Τ,131202,“‹“s,—ϋ”n‹ζ,“‘ες‚V’–Ϊ,2018-01-08,20,“ΉHγ,{ω‚Ή‚Έ,‚ ‚θ
ή“,Τγ‚Λ‚η‚Ά,Ξ_δ,“μ‘εςπ”Τ,131202,“‹“s,—ϋ”n‹ζ,“‘ες‚V’–Ϊ,2018-09-30,11,‚»‚Μ‘Ό‚ΜZ‘ξi‚RK‚ΔΘ‰Ί‹¤“―Z‘ξ“™j,{ω‚Ή‚Έ,‚Θ‚µ
ή“,Τγ‚Λ‚η‚Ά,Ξ_δ,“μ‘εςπ”Τ,131202,“‹“s,—ϋ”n‹ζ,“μ‘ες‚P’–Ϊ,2018-11-16,19,‚»‚Μ‘Ό‚ΜZ‘ξi‚RK‚ΔΘ‰Ί‹¤“―Z‘ξ“™j,{ω‚Ή‚Έ,‚ ‚θ
ή“,Τγ‚Λ‚η‚Ά,Ξ_δ,“μ‘εςπ”Τ,131202,“‹“s,—ϋ”n‹ζ,“μ‘ες‚Q’–Ϊ,2018-12-20,16,“ΉHγ,{ω‚Ή‚Έ,‚ ‚θ
ή“,Τγ‚Λ‚η‚Ά,Ξ_δ,“μ‘εςπ”Τ,131202,“‹“s,—ϋ”n‹ζ,“μ‘ες‚R’–Ϊ,2018-11-18,15,’“Τi—Φjκ,{ω‚Ή‚Έ,‚Θ‚µ
ή“,Τγ‚Λ‚η‚Ά,Ξ_δ,“μ‘εςπ”Τ,131202,“‹“s,—ϋ”n‹ζ,“μ‘ες‚S’–Ϊ,2018-07-02,11,κΛZ‘ξ,{ω‚Ή‚Έ,‚ ‚θ
ή“,Τγ‚Λ‚η‚Ά,Ξ_δ,“μ‘εςπ”Τ,131202,“‹“s,—ϋ”n‹ζ,“μ‘ες‚T’–Ϊ,2018-11-12,10,‚»‚Μ‘Ό,{ω‚Ή‚Έ,‚ ‚θ
ή“,Τγ‚Λ‚η‚Ά,Ξ_δ,•xmX“Ήπ”Τ,131202,“‹“s,—ϋ”n‹ζ,Ξ_δ‘δ‚R’–Ϊ,2018-01-26,11,“ΉHγ,{ω‚Ή‚Έ,‚Θ‚µ
ή“,Τγ‚Λ‚η‚Ά,Ξ_δ,•xmX“Ήπ”Τ,131202,“‹“s,—ϋ”n‹ζ,Ξ_δ‘δ‚R’–Ϊ,2018-10-25,13,‚»‚Μ‘Ό,{ω‚Ή‚Έ,‚ ‚θ
ή“,Τγ‚Λ‚η‚Ά,Ξ_δ,•xmX“Ήπ”Τ,131202,“‹“s,—ϋ”n‹ζ,Ξ_δ‘δ‚T’–Ϊ,2018-09-21,19,’“Τi—Φjκ,{ω‚Ή‚Έ,‚Θ‚µ
ή“,Τγ‚Λ‚η‚Ά,Ξ_δ,•xmX“Ήπ”Τ,131202,“‹“s,—ϋ”n‹ζ,Ξ_δ‘δ‚V’–Ϊ,2018-03-15,16,‚SK‚ΔΘγ‹¤“―Z‘ξ,{ω‚Ή‚Έ,‚ ‚θ
ή“,Τγ‚Λ‚η‚Ά,Ξ_δ,•xmX“Ήπ”Τ,131202,“‹“s,—ϋ”n‹ζ,Ξ_δ‘δ‚W’–Ϊ,2018-02-25,20,‚»‚Μ‘Ό‚ΜZ‘ξi‚RK‚ΔΘ‰Ί‹¤“―Z‘ξ“™j,{ω‚Ή‚Έ,‚ ‚θ
ή“,Τγ‚Λ‚η‚Ά,Ξ_δ,•xmX“Ήπ”Τ,131202,“‹“s,—ϋ”n‹ζ,Ξ_δ‘δ‚W’–Ϊ,2018-05-01,16,‚SK‚ΔΘγ‹¤“―Z‘ξ,{ω‚Ή‚Έ,‚Θ‚µ
ή“,Τγ‚Λ‚η‚Ά,Ξ_δ,•xmX“Ήπ”Τ,131202,“‹“s,—ϋ”n‹ζ,Ξ_δ‘δ‚W’–Ϊ,2018-12-03,12,‚»‚Μ‘Ό‚ΜZ‘ξi‚RK‚ΔΘ‰Ί‹¤“―Z‘ξ“™j,{ω‚Ή‚Έ,‚ ‚θ
ή“,Τγ‚Λ‚η‚Ά,‚“‡•½,‚“‡•½‰w‘Oπ”Τ,131199,“‹“s,”Β‹΄‹ζ,‚“‡•½‚P’–Ϊ,2018-02-20,17,“ΉHγ,{ω‚Ή‚Έ,‚ ‚θ
ή“,Τγ‚Λ‚η‚Ά,‚“‡•½,‚“‡•½‰w‘Oπ”Τ,131199,“‹“s,”Β‹΄‹ζ,‚“‡•½‚Q’–Ϊ,2018-01-16,13,“ΉHγ,{ω‚Ή‚Έ,‚Θ‚µ
ή“,Τγ‚Λ‚η‚Ά,‚“‡•½,‚“‡•½‰w‘Oπ”Τ,131199,“‹“s,”Β‹΄‹ζ,‚“‡•½‚Q’–Ϊ,2018-02-05,17,“ΉHγ,{ω‚Ή‚Έ,‚ ‚θ
ή“,Τγ‚Λ‚η‚Ά,‚“‡•½,‚“‡•½‰w‘Oπ”Τ,131199,“‹“s,”Β‹΄‹ζ,‚“‡•½‚Q’–Ϊ,2018-03-24,11,’“Τi—Φjκ,{ω‚Ή‚Έ,‚Θ‚µ
ή“,Τγ‚Λ‚η‚Ά,‚“‡•½,‚“‡•½‰w‘Oπ”Τ,131199,“‹“s,”Β‹΄‹ζ,‚“‡•½‚Q’–Ϊ,2018-06-12,15,“ΉHγ,{ω‚Ή‚Έ,‚Θ‚µ
ή“,Τγ‚Λ‚η‚Ά,‚“‡•½,‚“‡•½‰w‘Oπ”Τ,131199,“‹“s,”Β‹΄‹ζ,‚“‡•½‚Q’–Ϊ,2018-07-01,10,‚SK‚ΔΘγ‹¤“―Z‘ξ,{ω‚Ή‚Έ,‚ ‚θ
ή“,Τγ‚Λ‚η‚Ά,‚“‡•½,‚“‡•½‰w‘Oπ”Τ,131199,“‹“s,”Β‹΄‹ζ,‚“‡•½‚Q’–Ϊ,2018-08-16,14,‚SK‚ΔΘγ‹¤“―Z‘ξ,{ω‚Ή‚Έ,‚ ‚θ
ή“,Τγ‚Λ‚η‚Ά,‚“‡•½,‚“‡•½‰w‘Oπ”Τ,131199,“‹“s,”Β‹΄‹ζ,‚“‡•½‚Q’–Ϊ,2018-12-01,16,‚SK‚ΔΘγ‹¤“―Z‘ξ,{ω‚Ή‚Έ,‚ ‚θ
ή“,Τγ‚Λ‚η‚Ά,‚“‡•½,‚“‡•½‰w‘Oπ”Τ,131199,“‹“s,”Β‹΄‹ζ,‚“‡•½‚Q’–Ϊ,2018-12-27,10,“ΉHγ,{ω‚Ή‚Έ,‚Θ‚µ
ή“,Τγ‚Λ‚η‚Ά,‚“‡•½,‚“‡•½‰w‘Oπ”Τ,131199,“‹“s,”Β‹΄‹ζ,‚“‡•½‚R’–Ϊ,2018-05-27,11,‚»‚Μ‘Ό‚ΜZ‘ξi‚RK‚ΔΘ‰Ί‹¤“―Z‘ξ“™j,{ω‚Ή‚Έ,‚ ‚θ
ή“,Τγ‚Λ‚η‚Ά,‚“‡•½,‚“‡•½‰w‘Oπ”Τ,131199,“‹“s,”Β‹΄‹ζ,‚“‡•½‚R’–Ϊ,2018-08-16,16,‚»‚Μ‘Ό,{ω‚Ή‚Έ,‚ ‚θ
ή“,Τγ‚Λ‚η‚Ά,‚“‡•½,‚“‡•½‰w‘Oπ”Τ,131199,“‹“s,”Β‹΄‹ζ,‚“‡•½‚W’–Ϊ,2018-08-24,01,“ΉHγ,{ω‚Ή‚Έ,‚ ‚θ
ή“,Τγ‚Λ‚η‚Ά,‚“‡•½,Ό‘δ‰w‘Oπ”Τ,131199,“‹“s,”Β‹΄‹ζ,‚“‡•½‚P’–Ϊ,2018-04-14,22,“ΉHγ,{ω‚Ή‚Έ,‚Θ‚µ
ή“,Τγ‚Λ‚η‚Ά,‚“‡•½,Ό‘δ‰w‘Oπ”Τ,131199,“‹“s,”Β‹΄‹ζ,‚“‡•½‚P’–Ϊ,2018-08-26,16,“ΉHγ,{ω‚Ή‚Έ,‚Θ‚µ
ή“,Τγ‚Λ‚η‚Ά,‚“‡•½,Ό‘δ‰w‘Oπ”Τ,131199,“‹“s,”Β‹΄‹ζ,‚“‡•½‚P’–Ϊ,2018-08-26,18,‚»‚Μ‘Ό,{ω‚Ή‚Έ,‚ ‚θ
ή“,Τγ‚Λ‚η‚Ά,‚“‡•½,Ό‘δ‰w‘Oπ”Τ,131199,“‹“s,”Β‹΄‹ζ,‚“‡•½‚P’–Ϊ,2018-09-09,00,’“Τi—Φjκ,{ω‚Ή‚Έ,‚Θ‚µ
ή“,Τγ‚Λ‚η‚Ά,‚“‡•½,Ό‘δ‰w‘Oπ”Τ,131199,“‹“s,”Β‹΄‹ζ,‚“‡•½‚P’–Ϊ,2018-12-16,14,’“Τi—Φjκ,{ω‚Ή‚Έ,‚ ‚θ
ή“,Τγ‚Λ‚η‚Ά,‚“‡•½,V‰Νέπ”Τ,131199,“‹“s,”Β‹΄‹ζ,V‰Νέ‚P’–Ϊ,2018-10-17,14,“ΉHγ,{ω‚Ή‚Έ,‚ ‚θ
ή“,Τγ‚Λ‚η‚Ά,‚“‡•½,V‰Νέπ”Τ,131199,“‹“s,”Β‹΄‹ζ,V‰Νέ‚Q’–Ϊ,2018-03-04,16,‚SK‚ΔΘγ‹¤“―Z‘ξ,{ω‚Ή‚Έ,‚ ‚θ
ή“,Τγ‚Λ‚η‚Ά,‚“‡•½,ω–Ϊ‹΄π”Τ,131199,“‹“s,”Β‹΄‹ζ,‚“‡•½‚S’–Ϊ,2018-01-18,09,‚»‚Μ‘Ό,{ω‚Ή‚Έ,‚ ‚θ
ή“,Τγ‚Λ‚η‚Ά,‚“‡•½,ω–Ϊ‹΄π”Τ,131199,“‹“s,”Β‹΄‹ζ,O‰€‚P’–Ϊ,2018-02-20,11,“ΉHγ,{ω‚Ή‚Έ,‚Θ‚µ
ή“,Τγ‚Λ‚η‚Ά,‚“‡•½,ω–Ϊ‹΄π”Τ,131199,“‹“s,”Β‹΄‹ζ,O‰€‚P’–Ϊ,2018-03-09,16,“ΉHγ,{ω‚Ή‚Έ,‚ ‚θ
ή“,Τγ‚Λ‚η‚Ά,‚“‡•½,–k–μπ”Τ,131199,“‹“s,”Β‹΄‹ζ,“ΏΫ‚P’–Ϊ,2018-03-26,18,“ΉHγ,{ω‚Ή‚Έ,‚Θ‚µ
ή“,Τγ‚Λ‚η‚Ά,‚“‡•½,–k–μπ”Τ,131199,“‹“s,”Β‹΄‹ζ,“ΏΫ‚P’–Ϊ,2018-05-18,09,“ΉHγ,{ω‚Ή‚Έ,‚ ‚θ
ή“,Τγ‚Λ‚η‚Ά,‚“‡•½,–k–μπ”Τ,131199,“‹“s,”Β‹΄‹ζ,“ΏΫ‚Q’–Ϊ,2018-05-24,14,“ΉHγ,{ω‚Ή‚Έ,‚ ‚θ
ή“,Τγ‚Λ‚η‚Ά,‚“‡•½,–k–μπ”Τ,131199,“‹“s,”Β‹΄‹ζ,“ΏΫ‚Q’–Ϊ,2018-08-17,21,‚»‚Μ‘Ό,{ω‚Ή‚Έ,‚Θ‚µ
ή“,Τγ‚Λ‚η‚Ά,‚“‡•½,–k–μπ”Τ,131199,“‹“s,”Β‹΄‹ζ,“ΏΫ‚Q’–Ϊ,2018-12-29,22,’“Τi—Φjκ,{ω‚Ή‚Έ,‚Θ‚µ
ή“,Τγ‚Λ‚η‚Ά,‚“‡•½,–k–μπ”Τ,131199,“‹“s,”Β‹΄‹ζ,“ΏΫ‚S’–Ϊ,2018-02-09,10,“ΉHγ,{ω‚Ή‚Έ,‚ ‚θ
ή“,Τγ‚Λ‚η‚Ά,‚“‡•½,–k–μπ”Τ,131199,“‹“s,”Β‹΄‹ζ,“ΏΫ‚T’–Ϊ,2018-01-07,22,“ΉHγ,{ω‚Ή‚Έ,‚ ‚θ
ή“,Τγ‚Λ‚η‚Ά,‚“‡•½,–k–μπ”Τ,131199,“‹“s,”Β‹΄‹ζ,“ΏΫ‚U’–Ϊ,2018-11-26,18,‚»‚Μ‘Ό,{ω‚Ή‚Έ,‚Θ‚µ
ή“,Τγ‚Λ‚η‚Ά,‚“‡•½,‰ΊΤ’Λπ”Τ,131199,“‹“s,”Β‹΄‹ζ,Τ’Λ‚P’–Ϊ,2018-06-27,07,’“Τi—Φjκ,{ω‚Ή‚Έ,‚Θ‚µ
ή“,Τγ‚Λ‚η‚Ά,‚“‡•½,‰ΊΤ’Λπ”Τ,131199,“‹“s,”Β‹΄‹ζ,Τ’Λ‚Q’–Ϊ,2018-01-14,11,“ΉHγ,{ω‚Ή‚Έ,‚Θ‚µ
ή“,Τγ‚Λ‚η‚Ά,‚“‡•½,‰ΊΤ’Λπ”Τ,131199,“‹“s,”Β‹΄‹ζ,Τ’Λ‚U’–Ϊ,2018-04-24,20,‚»‚Μ‘Ό,{ω‚Ή‚Έ,‚Θ‚µ
ή“,Τγ‚Λ‚η‚Ά,‚“‡•½,‰ΊΤ’Λπ”Τ,131199,“‹“s,”Β‹΄‹ζ,Τ’ΛV’¬‚P’–Ϊ,2018-06-27,10,’“Τi—Φjκ,{ω‚Ή‚Έ,‚ ‚θ
ή“,Τγ‚Λ‚η‚Ά,‚“‡•½,‰ΊΤ’Λπ”Τ,131199,“‹“s,”Β‹΄‹ζ,Τ’ΛV’¬‚P’–Ϊ,2018-11-29,16,“ΉHγ,{ω‚Ή‚Έ,‚Θ‚µ
ή“,Τγ‚Λ‚η‚Ά,‚“‡•½,‰ΊΤ’Λπ”Τ,131199,“‹“s,”Β‹΄‹ζ,¬‘‚R’–Ϊ,2018-10-14,21,‚»‚Μ‘Ό,{ω‚Ή‚Έ,‚Θ‚µ
ή“,Τγ‚Λ‚η‚Ά,‚“‡•½,¬‘‰w‘Oπ”Τ,131199,“‹“s,”Β‹΄‹ζ,¬‘‚Q’–Ϊ,2018-04-13,18,“ΉHγ,{ω‚Ή‚Έ,‚ ‚θ
ή“,Τγ‚Λ‚η‚Ά,‚“‡•½,¬‘‰w‘Oπ”Τ,131199,“‹“s,”Β‹΄‹ζ,¬‘‚Q’–Ϊ,2018-05-01,16,’“Τi—Φjκ,{ω‚Ή‚Έ,‚Θ‚µ
ή“,Τγ‚Λ‚η‚Ά,‚“‡•½,¬‘‰w‘Oπ”Τ,131199,“‹“s,”Β‹΄‹ζ,¬‘‚Q’–Ϊ,2018-10-07,21,’“Τi—Φjκ,{ω‚Ή‚Έ,‚Θ‚µ
ή“,Τγ‚Λ‚η‚Ά,‚“‡•½,¬‘‰w‘Oπ”Τ,131199,“‹“s,”Β‹΄‹ζ,¬‘‚R’–Ϊ,2018-06-23,17,“ΉHγ,{ω‚Ή‚Έ,‚Θ‚µ
ή“,Τγ‚Λ‚η‚Ά,‚“‡•½,¬‘‰w‘Oπ”Τ,131199,“‹“s,”Β‹΄‹ζ,¬‘‚R’–Ϊ,2018-11-26,18,“ΉHγ,{ω‚Ή‚Έ,‚Θ‚µ
ή“,Τγ‚Λ‚η‚Ά,‚“‡•½,γΤ’Λπ”Τ,131199,“‹“s,”Β‹΄‹ζ,¬‘‚S’–Ϊ,2018-07-18,11,“ΉHγ,{ω‚Ή‚Έ,‚Θ‚µ
ή“,Τγ‚Λ‚η‚Ά,‚“‡•½,γΤ’Λπ”Τ,131199,“‹“s,”Β‹΄‹ζ,¬‘‚T’–Ϊ,2018-02-07,16,‚SK‚ΔΘγ‹¤“―Z‘ξ,{ω‚Ή‚Έ,‚Θ‚µ
ή“,Τγ‚Λ‚η‚Ά,‚“‡•½,Ό‰@‘Oπ”Τ,131199,“‹“s,”Β‹΄‹ζ,Τ’Λ‚T’–Ϊ,2018-05-14,08,“ΉHγ,{ω‚Ή‚Έ,‚ ‚θ
ή“,Τγ‚Λ‚η‚Ά,‚“‡•½,Ό‰@‘Oπ”Τ,131199,“‹“s,”Β‹΄‹ζ,Τ’Λ‚U’–Ϊ,2018-04-12,16,’“Τi—Φjκ,{ω‚Ή‚Έ,‚Θ‚µ
ή“,Τγ‚Λ‚η‚Ά,‚“‡•½,Ό‰@‘Oπ”Τ,131199,“‹“s,”Β‹΄‹ζ,l—t‚P’–Ϊ,2018-07-01,17,’“Τi—Φjκ,{ω‚Ή‚Έ,‚Θ‚µ
ή“,Τγ‚Λ‚η‚Ά,‚“‡•½,“ΏΫ’“έ,131199,“‹“s,”Β‹΄‹ζ,“ΏΫ‚U’–Ϊ,2018-03-03,15,’“Τi—Φjκ,{ω‚Ή‚Έ,‚ ‚θ
ή“,Τγ‚Λ‚η‚Ά,υ‚ª‹u,“c•Ώπ”Τ,131202,“‹“s,—ϋ”n‹ζ,“c•Ώ‚P’–Ϊ,2018-01-06,11,“ΉHγ,{ω‚Ή‚Έ,‚ ‚θ
ή“,Τγ‚Λ‚η‚Ά,υ‚ª‹u,“c•Ώπ”Τ,131202,“‹“s,—ϋ”n‹ζ,“c•Ώ‚R’–Ϊ,2018-10-12,17,“ΉHγ,{ω‚Ή‚Έ,‚ ‚θ
ή“,Τγ‚Λ‚η‚Ά,υ‚ª‹u,“c•Ώπ”Τ,131202,“‹“s,—ϋ”n‹ζ,“c•Ώ‚S’–Ϊ,2018-10-04,08,’“Τi—Φjκ,{ω‚Ή‚Έ,‚Θ‚µ
ή“,Τγ‚Λ‚η‚Ά,υ‚ª‹u,—ϋ”n‚–μ‘δ‰w‘Oπ”Τ,131202,“‹“s,—ϋ”n‹ζ,‚–μ‘δ‚R’–Ϊ,2018-10-09,15,‚»‚Μ‘Ό,{ω‚Ή‚Έ,‚ ‚θ
ή“,Τγ‚Λ‚η‚Ά,υ‚ª‹u,—ϋ”n‚–μ‘δ‰w‘Oπ”Τ,131202,“‹“s,—ϋ”n‹ζ,•xm©‘δ‚R’–Ϊ,2018-06-22,13,“ΉHγ,{ω‚Ή‚Έ,‚ ‚θ
ή“,Τγ‚Λ‚η‚Ά,υ‚ª‹u,—ϋ”n‚–μ‘δ‰w‘Oπ”Τ,131202,“‹“s,—ϋ”n‹ζ,“μ“c’†‚S’–Ϊ,2018-11-16,16,“ΉHγ,{ω‚Ή‚Έ,‚ ‚θ
ή“,Τγ‚Λ‚η‚Ά,υ‚ª‹u,’J΄π”Τ,131202,“‹“s,—ϋ”n‹ζ,’J΄‚P’–Ϊ,2018-08-14,12,’“Τi—Φjκ,{ω‚Ή‚Έ,‚Θ‚µ
ή“,Τγ‚Λ‚η‚Ά,υ‚ª‹u,’J΄π”Τ,131202,“‹“s,—ϋ”n‹ζ,’J΄‚T’–Ϊ,2018-12-28,21,‚SK‚ΔΘγ‹¤“―Z‘ξ,{ω‚Ή‚Έ,‚ ‚θ
ή“,Τγ‚Λ‚η‚Ά,υ‚ª‹u,“yx“cπ”Τ,131202,“‹“s,—ϋ”n‹ζ,®’¬‚P’–Ϊ,2018-06-22,22,’“Τi—Φjκ,{ω‚Ή‚Έ,‚ ‚θ
ή“,Τγ‚Λ‚η‚Ά,υ‚ª‹u,“yx“cπ”Τ,131202,“‹“s,—ϋ”n‹ζ,“yx“c‚Q’–Ϊ,2018-04-22,18,’“Τi—Φjκ,{ω‚Ή‚Έ,‚ ‚θ
ή“,Τγ‚Λ‚η‚Ά,υ‚ª‹u,O΄‘δπ”Τ,131202,“‹“s,—ϋ”n‹ζ,O΄‘δ‚P’–Ϊ,2018-11-27,16,κΛZ‘ξ,{ω‚Ή‚Έ,‚ ‚θ
ή“,Τγ‚Λ‚η‚Ά,υ‚ª‹u,O΄‘δπ”Τ,131202,“‹“s,—ϋ”n‹ζ,O΄‘δ‚Q’–Ϊ,2018-02-17,18,’“Τi—Φjκ,{ω‚Ή‚Έ,‚Θ‚µ
ή“,Τγ‚Λ‚η‚Ά,υ‚ª‹u,®’¬’“έ,131202,“‹“s,—ϋ”n‹ζ,®’¬‚Q’–Ϊ,2018-06-12,13,“ΉHγ,{ω‚Ή‚Έ,‚ ‚θ
ή“,Τγ‚Λ‚η‚Ά,γ–μ,ξ‰Χ’¬π”Τ,131067,“‹“s,‘δ“‹ζ,“γ–μ‚S’–Ϊ,2018-08-26,12,“ΉHγ,{ω‚Ή‚Έ,‚ ‚θ
ή“,Τγ‚Λ‚η‚Ά,γ–μ,ξ‰Χ’¬π”Τ,131067,“‹“s,‘δ“‹ζ,“γ–μ‚S’–Ϊ,2018-12-23,20,‚SK‚ΔΘγ‹¤“―Z‘ξ,{ω‚Ή‚Έ,‚ ‚θ
ή“,Τγ‚Λ‚η‚Ά,γ–μ,‘δ“π”Τ,131067,“‹“s,‘δ“‹ζ,γ–μ‚T’–Ϊ,2018-09-01,19,‚SK‚ΔΘγ‹¤“―Z‘ξ,{ω‚Ή‚Έ,‚ ‚θ
ή“,Τγ‚Λ‚η‚Ά,γ–μ,‘δ“π”Τ,131067,“‹“s,‘δ“‹ζ,‘δ“‚S’–Ϊ,2018-06-23,11,“ΉHγ,{ω‚Ή‚Έ,‚ ‚θ
ή“,Τγ‚Λ‚η‚Ά,γ–μ,•–επ”Τ,131067,“‹“s,‘δ“‹ζ,γ–μ‚R’–Ϊ,2018-08-24,10,“ΉHγ,{ω‚Ή‚Έ,‚ ‚θ
ή“,Τγ‚Λ‚η‚Ά,γ–μ,•–επ”Τ,131067,“‹“s,‘δ“‹ζ,γ–μ‚R’–Ϊ,2018-09-11,12,’“Τi—Φjκ,{ω‚Ή‚Έ,‚ ‚θ
ή“,Τγ‚Λ‚η‚Ά,γ–μ,•–επ”Τ,131067,“‹“s,‘δ“‹ζ,γ–μ‚R’–Ϊ,2018-09-20,05,“ΉHγ,{ω‚Ή‚Έ,‚ ‚θ
ή“,Τγ‚Λ‚η‚Ά,γ–μ,δ“k’¬π”Τ,131067,“‹“s,‘δ“‹ζ,‘δ“‚R’–Ϊ,2018-09-03,10,“ΉHγ,{ω‚Ή‚Έ,‚ ‚θ
ή“,Τγ‚Λ‚η‚Ά,γ–μ,δ“k’¬π”Τ,131067,“‹“s,‘δ“‹ζ,“γ–μ‚Q’–Ϊ,2018-07-21,10,“ΉHγ,{ω‚Ή‚Έ,‚ ‚θ
ή“,Τγ‚Λ‚η‚Ά,γ–μ,φ‰€‘Oπ”Τ,131067,“‹“s,‘δ“‹ζ,γ–μ‚Q’–Ϊ,2018-07-15,22,“ΉHγ,{ω‚Ή‚Έ,‚Θ‚µ
ή“,Τγ‚Λ‚η‚Ά,γ–μ,φ‰€‘Oπ”Τ,131067,“‹“s,‘δ“‹ζ,γ–μ‚Q’–Ϊ,2018-10-04,08,“ΉHγ,{ω‚Ή‚Έ,‚ ‚θ
ή“,Τγ‚Λ‚η‚Ά,γ–μ,φ‰€‘Oπ”Τ,131067,“‹“s,‘δ“‹ζ,γ–μ‚S’–Ϊ,2018-08-03,21,“ΉHγ,{ω‚Ή‚Έ,‚ ‚θ
ή“,Τγ‚Λ‚η‚Ά,γ–μ,φ‰€‘Oπ”Τ,131067,“‹“s,‘δ“‹ζ,γ–μ‚U’–Ϊ,2018-03-17,10,“ΉHγ,{ω‚Ή‚Έ,‚ ‚θ
ή“,Τγ‚Λ‚η‚Ά,‰Ί’J,Oƒm—Φπ”Τ,131067,“‹“s,‘δ“‹ζ,ªέ‚T’–Ϊ,2018-03-15,21,“ΉHγ,{ω‚Ή‚Έ,‚ ‚θ
ή“,Τγ‚Λ‚η‚Ά,‰Ί’J,Oƒm—Φπ”Τ,131067,“‹“s,‘δ“‹ζ,ªέ‚T’–Ϊ,2018-12-01,00,“ΉHγ,{ω‚Ή‚Έ,‚ ‚θ
ή“,Τγ‚Λ‚η‚Ά,‰Ί’J,Oƒm—Φπ”Τ,131067,“‹“s,‘δ“‹ζ,—³ς‚R’–Ϊ,2018-02-19,15,“ΉHγ,{ω‚Ή‚Έ,‚ ‚θ
ή“,Τγ‚Λ‚η‚Ά,‰Ί’J,“ό’J“π”Τ,131067,“‹“s,‘δ“‹ζ,“ό’J‚P’–Ϊ,2018-03-28,08,“ΉHγ,{ω‚Ή‚Έ,‚ ‚θ
ή“,Τγ‚Λ‚η‚Ά,‰Ί’J,“ό’J“π”Τ,131067,“‹“s,‘δ“‹ζ,“ό’J‚P’–Ϊ,2018-11-05,17,“ΉHγ,{ω‚Ή‚Έ,‚ ‚θ
ή“,Τγ‚Λ‚η‚Ά,‰Ί’J,“ό’J“π”Τ,131067,“‹“s,‘δ“‹ζ,“ό’J‚Q’–Ϊ,2018-09-15,15,“ΉHγ,{ω‚Ή‚Έ,‚ ‚θ
ή“,Τγ‚Λ‚η‚Ά,‰Ί’J,“ό’J“π”Τ,131067,“‹“s,‘δ“‹ζ,‰Ί’J‚R’–Ϊ,2018-04-14,12,“ΉHγ,{ω‚Ή‚Έ,‚ ‚θ
ή“,Τγ‚Λ‚η‚Ά,‰Ί’J,“ό’J“π”Τ,131067,“‹“s,‘δ“‹ζ,‰Ί’J‚R’–Ϊ,2018-08-28,08,’“Τi—Φjκ,{ω‚Ή‚Έ,‚ ‚θ
ή“,Τγ‚Λ‚η‚Ά,‰Ί’J,“ό’J“π”Τ,131067,“‹“s,‘δ“‹ζ,ªέ‚S’–Ϊ,2018-05-31,05,“ΉHγ,{ω‚Ή‚Έ,‚ ‚θ
ή“,Τγ‚Λ‚η‚Ά,‰Ί’J,“ό’JΌπ”Τ,131067,“‹“s,‘δ“‹ζ,“ό’J‚P’–Ϊ,2018-05-21,08,‚»‚Μ‘Ό,{ω‚Ή‚Έ,‚ ‚θ
ή“,Τγ‚Λ‚η‚Ά,‰Ί’J,“ό’JΌπ”Τ,131067,“‹“s,‘δ“‹ζ,“ό’J‚P’–Ϊ,2018-09-15,09,“ΉHγ,{ω‚Ή‚Έ,‚ ‚θ
ή“,Τγ‚Λ‚η‚Ά,‰Ί’J,“ό’JΌπ”Τ,131067,“‹“s,‘δ“‹ζ,–kγ–μ‚P’–Ϊ,2018-11-03,10,“ΉHγ,{ω‚Ή‚Έ,‚ ‚θ
ή“,Τγ‚Λ‚η‚Ά,‰Ί’J,“ό’JΌπ”Τ,131067,“‹“s,‘δ“‹ζ,–kγ–μ‚Q’–Ϊ,2018-11-08,11,“ΉHγ,{ω‚Ή‚Έ,‚ ‚θ
ή“,Τγ‚Λ‚η‚Ά,‰Ί’J,“ό’JΌπ”Τ,131067,“‹“s,‘δ“‹ζ,‰Ί’J‚Q’–Ϊ,2018-03-12,09,“ΉHγ,{ω‚Ή‚Έ,‚ ‚θ
ή“,Τγ‚Λ‚η‚Ά,‰Ί’J,“ό’JΌπ”Τ,131067,“‹“s,‘δ“‹ζ,‰Ί’J‚Q’–Ϊ,2018-04-05,16,“ΉHγ,{ω‚Ή‚Έ,‚ ‚θ
ή“,Τγ‚Λ‚η‚Ά,‰Ί’J,“ό’JΌπ”Τ,131067,“‹“s,‘δ“‹ζ,‰Ί’J‚Q’–Ϊ,2018-08-15,14,“ΉHγ,{ω‚Ή‚Έ,‚ ‚θ
ή“,Τγ‚Λ‚η‚Ά,‰Ί’J,“ό’JΌπ”Τ,131067,“‹“s,‘δ“‹ζ,‰Ί’J‚Q’–Ϊ,2018-09-21,00,“ΉHγ,{ω‚Ή‚Έ,‚ ‚θ
ή“,Τγ‚Λ‚η‚Ά,‰Ί’J,“ό’JΌπ”Τ,131067,“‹“s,‘δ“‹ζ,‰Ί’J‚Q’–Ϊ,2018-10-07,16,‚SK‚ΔΘγ‹¤“―Z‘ξ,{ω‚Ή‚Έ,‚ ‚θ
ή“,Τγ‚Λ‚η‚Ά,‰Ί’J,“ό’JΌπ”Τ,131067,“‹“s,‘δ“‹ζ,‰Ί’J‚Q’–Ϊ,2018-11-25,19,“ΉHγ,{ω‚Ή‚Έ,‚ ‚θ
ή“,Τγ‚Λ‚η‚Ά,‰Ί’J,ις’J‰w‘Oπ”Τ,131067,“‹“s,‘δ“‹ζ,ªέ‚R’–Ϊ,2018-07-18,08,’“Τi—Φjκ,{ω‚Ή‚Έ,‚ ‚θ
ή“,Τγ‚Λ‚η‚Ά,‰Ί’J,ις’J‰w‘Oπ”Τ,131067,“‹“s,‘δ“‹ζ,ªέ‚S’–Ϊ,2018-07-24,16,‚»‚Μ‘Ό,{ω‚Ή‚Έ,‚ ‚θ
ή“,Τγ‚Λ‚η‚Ά,‰Ί’J,‰‰Ήπ”Τ,131067,“‹“s,‘δ“‹ζ,’J’†‚R’–Ϊ,2018-11-20,15,“ΉHγ,{ω‚Ή‚Έ,‚ ‚θ
ή“,Τγ‚Λ‚η‚Ά,‰Ί’J,’J’†π”Τ,131067,“‹“s,‘δ“‹ζ,’J’†‚P’–Ϊ,2018-08-05,22,’“Τi—Φjκ,{ω‚Ή‚Έ,‚ ‚θ
ή“,Τγ‚Λ‚η‚Ά,‰Ί’J,’J’†π”Τ,131067,“‹“s,‘δ“‹ζ,’J’†‚Q’–Ϊ,2018-04-09,15,“ΉHγ,{ω‚Ή‚Έ,‚ ‚θ
ή“,Τγ‚Λ‚η‚Ά,σ‘,“ϊ–{’ηπ”Τ,131067,“‹“s,‘δ“‹ζ,΄μ‚Q’–Ϊ,2018-04-08,10,“ΉHγ,{ω‚Ή‚Έ,‚ ‚θ
ή“,Τγ‚Λ‚η‚Ά,σ‘,“ϊ–{’ηπ”Τ,131067,“‹“s,‘δ“‹ζ,΄μ‚Q’–Ϊ,2018-06-29,12,“ΉHγ,{ω‚Ή‚Έ,‚Θ‚µ
ή“,Τγ‚Λ‚η‚Ά,σ‘,“ϊ–{’ηπ”Τ,131067,“‹“s,‘δ“‹ζ,΄μ‚Q’–Ϊ,2018-11-16,17,“ΉHγ,{ω‚Ή‚Έ,‚Θ‚µ
ή“,Τγ‚Λ‚η‚Ά,σ‘,“ϊ–{’ηπ”Τ,131067,“‹“s,‘δ“‹ζ,“ϊ–{’η‚P’–Ϊ,2018-10-10,14,“ΉHγ,{ω‚Ή‚Έ,‚ ‚θ
ή“,Τγ‚Λ‚η‚Ά,σ‘,“ϊ–{’ηπ”Τ,131067,“‹“s,‘δ“‹ζ,“ϊ–{’η‚Q’–Ϊ,2018-12-29,17,“ΉHγ,{ω‚Ή‚Έ,‚ ‚θ
ή“,Τγ‚Λ‚η‚Ά,σ‘,“ϊ–{’ηπ”Τ,131067,“‹“s,‘δ“‹ζ,‹΄κ‚Q’–Ϊ,2018-08-14,08,“ΉHγ,{ω‚Ή‚Έ,‚Θ‚µ
ή“,Τγ‚Λ‚η‚Ά,σ‘,‹g΄π”Τ,131067,“‹“s,‘δ“‹ζ,σ‘‚T’–Ϊ,2018-12-22,21,“ΉHγ,{ω‚Ή‚Έ,‚ ‚θ
ή“,Τγ‚Λ‚η‚Ά,σ‘,‹g΄π”Τ,131067,“‹“s,‘δ“‹ζ,΅Λ‚P’–Ϊ,2018-07-29,23,‚SK‚ΔΘγ‹¤“―Z‘ξ,{ω‚Ή‚Έ,‚Θ‚µ
ή“,Τγ‚Λ‚η‚Ά,σ‘,‹g΄π”Τ,131067,“‹“s,‘δ“‹ζ,η‘©‚S’–Ϊ,2018-12-06,05,“ΉHγ,{ω‚Ή‚Έ,‚Θ‚µ
ή“,Τγ‚Λ‚η‚Ά,σ‘,“σ‘π”Τ,131067,“‹“s,‘δ“‹ζ,σ‘‚T’–Ϊ,2018-06-23,10,“ΉHγ,{ω‚Ή‚Έ,‚ ‚θ
ή“,Τγ‚Λ‚η‚Ά,σ‘,“σ‘π”Τ,131067,“‹“s,‘δ“‹ζ,σ‘‚T’–Ϊ,2018-08-13,13,“ΉHγ,{ω‚Ή‚Έ,‚ ‚θ
ή“,Τγ‚Λ‚η‚Ά,σ‘,“σ‘π”Τ,131067,“‹“s,‘δ“‹ζ,σ‘‚T’–Ϊ,2018-08-20,18,“ΉHγ,{ω‚Ή‚Έ,‚ ‚θ
ή“,Τγ‚Λ‚η‚Ά,σ‘,“σ‘π”Τ,131067,“‹“s,‘δ“‹ζ,σ‘‚T’–Ϊ,2018-08-26,01,“ΉHγ,{ω‚Ή‚Έ,‚ ‚θ
ή“,Τγ‚Λ‚η‚Ά,σ‘,“σ‘π”Τ,131067,“‹“s,‘δ“‹ζ,σ‘‚T’–Ϊ,2018-09-08,23,κΛZ‘ξ,{ω‚Ή‚Έ,‚Θ‚µ
ή“,Τγ‚Λ‚η‚Ά,σ‘,“σ‘π”Τ,131067,“‹“s,‘δ“‹ζ,σ‘‚U’–Ϊ,2018-11-15,14,“ΉHγ,{ω‚Ή‚Έ,‚Θ‚µ
ή“,Τγ‚Λ‚η‚Ά,σ‘,“σ‘π”Τ,131067,“‹“s,‘δ“‹ζ,΅Λ‚Q’–Ϊ,2018-03-30,16,“ΉHγ,{ω‚Ή‚Έ,‚Θ‚µ
ή“,Τγ‚Λ‚η‚Ά,σ‘,“σ‘π”Τ,131067,“‹“s,‘δ“‹ζ,“σ‘‚P’–Ϊ,2018-02-11,18,’“Τi—Φjκ,{ω‚Ή‚Έ,‚ ‚θ
ή“,Τγ‚Λ‚η‚Ά,σ‘,“σ‘π”Τ,131067,“‹“s,‘δ“‹ζ,“σ‘‚P’–Ϊ,2018-10-27,18,’“Τi—Φjκ,{ω‚Ή‚Έ,‚ ‚θ
ή“,Τγ‚Λ‚η‚Ά,σ‘,Όσ‘O’–Ϊπ”Τ,131067,“‹“s,‘δ“‹ζ,σ‘‚S’–Ϊ,2018-11-14,17,“ΉHγ,{ω‚Ή‚Έ,‚ ‚θ
ή“,Τγ‚Λ‚η‚Ά,σ‘,Όσ‘O’–Ϊπ”Τ,131067,“‹“s,‘δ“‹ζ,σ‘‚S’–Ϊ,2018-11-14,18,’“Τi—Φjκ,{ω‚Ή‚Έ,‚Θ‚µ
ή“,Τγ‚Λ‚η‚Ά,σ‘,Όσ‘O’–Ϊπ”Τ,131067,“‹“s,‘δ“‹ζ,η‘©‚P’–Ϊ,2017-11-03,22,“ΉHγ,{ω‚Ή‚Έ,‚Θ‚µ
ή“,Τγ‚Λ‚η‚Ά,σ‘,φ‰€Z‹ζπ”Τ,131067,“‹“s,‘δ“‹ζ,σ‘‚P’–Ϊ,2018-11-27,15,’“Τi—Φjκ,{ω‚Ή‚Έ,‚ ‚θ
ή“,Τγ‚Λ‚η‚Ά,σ‘,φ‰€Z‹ζπ”Τ,131067,“‹“s,‘δ“‹ζ,σ‘‚Q’–Ϊ,2018-04-05,08,“ΉHγ,{ω‚Ή‚Έ,‚ ‚θ
ή“,Τγ‚Λ‚η‚Ά,σ‘,φ‰€Z‹ζπ”Τ,131067,“‹“s,‘δ“‹ζ,σ‘‚Q’–Ϊ,2018-07-05,15,“ΉHγ,{ω‚Ή‚Έ,‚Θ‚µ
ή“,Τγ‚Λ‚η‚Ά,σ‘,φ‰€Z‹ζπ”Τ,131067,“‹“s,‘δ“‹ζ,σ‘‚Q’–Ϊ,2018-11-21,16,“ΉHγ,{ω‚Ή‚Έ,‚ ‚θ
ή“,Τγ‚Λ‚η‚Ά,σ‘,—‹–επ”Τ,131067,“‹“s,‘δ“‹ζ,σ‘‚P’–Ϊ,2018-06-29,17,“ΉHγ,{ω‚Ή‚Έ,‚ ‚θ
ή“,Τγ‚Λ‚η‚Ά,σ‘,Ή“V’¬π”Τ,131067,“‹“s,‘δ“‹ζ,σ‘‚U’–Ϊ,2018-07-21,17,“ΉHγ,{ω‚Ή‚Έ,‚ ‚θ
ή“,Τγ‚Λ‚η‚Ά,σ‘,‹΄κπ”Τ,131067,“‹“s,‘δ“‹ζ,΄μ‚Q’–Ϊ,2018-07-29,22,“ΉHγ,{ω‚Ή‚Έ,‚Θ‚µ
ή“,Τγ‚Λ‚η‚Ά,σ‘,‹΄κπ”Τ,131067,“‹“s,‘δ“‹ζ,‹΄κ‚P’–Ϊ,2018-04-30,11,‚»‚Μ‘Ό,{ω‚Ή‚Έ,‚ ‚θ
ή“,Τγ‚Λ‚η‚Ά,‘ ‘O,“c΄’¬π”Τ,131067,“‹“s,‘δ“‹ζ,Όσ‘‚Q’–Ϊ,2018-05-05,19,“ΉHγ,{ω‚Ή‚Έ,‚ ‚θ
ή“,Τγ‚Λ‚η‚Ά,‘ ‘O,¬“‡“ρ’–Ϊπ”Τ,131067,“‹“s,‘δ“‹ζ,¬“‡‚Q’–Ϊ,2018-06-25,08,‚»‚Μ‘Ό,{ω‚Ή‚Έ,‚ ‚θ
ή“,Τγ‚Λ‚η‚Ά,‘ ‘O,‘ ‘O“ρ’–Ϊπ”Τ,131067,“‹“s,‘δ“‹ζ,‘ ‘O‚R’–Ϊ,2018-01-09,15,’“Τi—Φjκ,{ω‚Ή‚Έ,‚Θ‚µ
ή“,Τγ‚Λ‚η‚Ά,‘ ‘O,‘ ‘O“ρ’–Ϊπ”Τ,131067,“‹“s,‘δ“‹ζ,υ‚S’–Ϊ,2018-05-26,17,“ΉHγ,{ω‚Ή‚Έ,‚ ‚θ
ή“,Τγ‚Λ‚η‚Ά,”φ‹v,F–μ‘Oπ”Τ,131181,“‹“s,rμ‹ζ,“”φ‹v‚U’–Ϊ,2018-06-05,12,“ΉHγ,{ω‚Ή‚Έ,‚ ‚θ
ή“,Τγ‚Λ‚η‚Ά,”φ‹v,F–μ‘Oπ”Τ,131181,“‹“s,rμ‹ζ,“”φ‹v‚U’–Ϊ,2018-10-29,13,“ΉHγ,{ω‚Ή‚Έ,‚ ‚θ
ή“,Τγ‚Λ‚η‚Ά,”φ‹v,F–μ‘Oπ”Τ,131181,“‹“s,rμ‹ζ,“”φ‹v‚W’–Ϊ,2018-03-07,11,’“Τi—Φjκ,{ω‚Ή‚Έ,‚ ‚θ
ή“,Τγ‚Λ‚η‚Ά,”φ‹v,F–μ‘Oπ”Τ,131181,“‹“s,rμ‹ζ,“”φ‹v‚W’–Ϊ,2018-03-14,22,“ΉHγ,{ω‚Ή‚Έ,‚Θ‚µ
ή“,Τγ‚Λ‚η‚Ά,”φ‹v,F–μ‘Oπ”Τ,131181,“‹“s,rμ‹ζ,“”φ‹v‚W’–Ϊ,2018-10-10,21,“ΉHγ,{ω‚Ή‚Έ,‚ ‚θ
ή“,Τγ‚Λ‚η‚Ά,”φ‹v,”φ’|‹΄π”Τ,131181,“‹“s,rμ‹ζ,’¬‰®‚T’–Ϊ,2018-01-24,15,“ΉHγ,{ω‚Ή‚Έ,‚Θ‚µ
ή“,Τγ‚Λ‚η‚Ά,”φ‹v,”φ’|‹΄π”Τ,131181,“‹“s,rμ‹ζ,’¬‰®‚U’–Ϊ,2018-01-16,17,‚»‚Μ‘Ό,{ω‚Ή‚Έ,‚ ‚θ
ή“,Τγ‚Λ‚η‚Ά,”φ‹v,”φ’|‹΄π”Τ,131181,“‹“s,rμ‹ζ,’¬‰®‚U’–Ϊ,2018-03-25,18,’“Τi—Φjκ,{ω‚Ή‚Έ,‚ ‚θ
ή“,Τγ‚Λ‚η‚Ά,”φ‹v,”φ’|‹΄π”Τ,131181,“‹“s,rμ‹ζ,’¬‰®‚U’–Ϊ,2018-05-01,09,’“Τi—Φjκ,{ω‚Ή‚Έ,‚ ‚θ
ή“,Τγ‚Λ‚η‚Ά,”φ‹v,”φ’|‹΄π”Τ,131181,“‹“s,rμ‹ζ,’¬‰®‚U’–Ϊ,2018-10-27,20,’“Τi—Φjκ,{ω‚Ή‚Έ,‚ ‚θ
ή“,Τγ‚Λ‚η‚Ά,”φ‹v,”φ’|‹΄π”Τ,131181,“‹“s,rμ‹ζ,’¬‰®‚U’–Ϊ,2018-12-01,17,“ΉHγ,{ω‚Ή‚Έ,‚Θ‚µ
ή“,Τγ‚Λ‚η‚Ά,”φ‹v,”φ’|‹΄π”Τ,131181,“‹“s,rμ‹ζ,’¬‰®‚U’–Ϊ,2018-12-08,13,’“Τi—Φjκ,{ω‚Ή‚Έ,‚ ‚θ
ή“,Τγ‚Λ‚η‚Ά,”φ‹v,Τ“yπ”Τ,131181,“‹“s,rμ‹ζ,“”φ‹v‚S’–Ϊ,2018-05-02,10,“ΉHγ,{ω‚Ή‚Έ,‚ ‚θ
ή“,Τγ‚Λ‚η‚Ά,”φ‹v,Ό”φ‹vπ”Τ,131181,“‹“s,rμ‹ζ,Ό”φ‹v‚P’–Ϊ,2018-08-23,23,κΛZ‘ξ,{ω‚Ή‚Έ,‚ ‚θ
ή“,Τγ‚Λ‚η‚Ά,”φ‹v,Ό”φ‹vπ”Τ,131181,“‹“s,rμ‹ζ,Ό”φ‹v‚Q’–Ϊ,2018-08-20,20,“ΉHγ,{ω‚Ή‚Έ,‚Θ‚µ
ή“,Τγ‚Λ‚η‚Ά,”φ‹v,Ό”φ‹vπ”Τ,131181,“‹“s,rμ‹ζ,Ό”φ‹v‚Q’–Ϊ,2018-12-26,18,“ΉHγ,{ω‚Ή‚Έ,‚ ‚θ
ή“,Τγ‚Λ‚η‚Ά,”φ‹v,Ό”φ‹vπ”Τ,131181,“‹“s,rμ‹ζ,Ό”φ‹v‚S’–Ϊ,2018-05-05,10,“ΉHγ,{ω‚Ή‚Έ,‚ ‚θ
ή“,Τγ‚Λ‚η‚Ά,”φ‹v,Ό”φ‹vπ”Τ,131181,“‹“s,rμ‹ζ,“”φ‹v‚T’–Ϊ,2018-09-28,20,“ΉHγ,{ω‚Ή‚Έ,‚Θ‚µ
ή“,Τγ‚Λ‚η‚Ά,”φ‹v,rμ—V‰€‘Oπ”Τ,131181,“‹“s,rμ‹ζ,Ό”φ‹v‚U’–Ϊ,2018-08-16,20,’“Τi—Φjκ,{ω‚Ή‚Έ,‚Θ‚µ
ή“,Τγ‚Λ‚η‚Ά,”φ‹v,rμ—V‰€‘Oπ”Τ,131181,“‹“s,rμ‹ζ,Ό”φ‹v‚W’–Ϊ,2018-03-23,14,“ΉHγ,{ω‚Ή‚Έ,‚ ‚θ
ή“,Τγ‚Λ‚η‚Ά,“μηZ,“V‰¤‘Oπ”Τ,131181,“‹“s,rμ‹ζ,“μηZ‚U’–Ϊ,2018-04-12,23,“ΉHγ,{ω‚Ή‚Έ,‚Θ‚µ
ή“,Τγ‚Λ‚η‚Ά,“μηZ,“V‰¤‘Oπ”Τ,131181,“‹“s,rμ‹ζ,“μηZ‚U’–Ϊ,2018-04-22,08,“ΉHγ,{ω‚Ή‚Έ,‚ ‚θ
ή“,Τγ‚Λ‚η‚Ά,“μηZ,“V‰¤‘Oπ”Τ,131181,“‹“s,rμ‹ζ,“μηZ‚U’–Ϊ,2018-09-27,18,κΛZ‘ξ,{ω‚Ή‚Έ,‚ ‚θ
ή“,Τγ‚Λ‚η‚Ά,“μηZ,“V‰¤‘Oπ”Τ,131181,“‹“s,rμ‹ζ,“μηZ‚U’–Ϊ,2018-10-16,13,‚»‚Μ‘Ό‚ΜZ‘ξi‚RK‚ΔΘ‰Ί‹¤“―Z‘ξ“™j,{ω‚Ή‚Έ,‚ ‚θ
ή“,Τγ‚Λ‚η‚Ά,“μηZ,“V‰¤‘Oπ”Τ,131181,“‹“s,rμ‹ζ,“μηZ‚V’–Ϊ,2018-06-17,19,‚SK‚ΔΘγ‹¤“―Z‘ξ,{ω‚Ή‚Έ,‚Θ‚µ
ή“,Τγ‚Λ‚η‚Ά,“μηZ,“μηZκ’–Ϊπ”Τ,131181,“‹“s,rμ‹ζ,““ϊ•ι—Ά‚P’–Ϊ,2018-05-24,16,’“Τi—Φjκ,{ω‚Ή‚Έ,‚ ‚θ
ή“,Τγ‚Λ‚η‚Ά,“μηZ,“μηZκ’–Ϊπ”Τ,131181,“‹“s,rμ‹ζ,““ϊ•ι—Ά‚P’–Ϊ,2018-08-22,08,‚»‚Μ‘Ό,{ω‚Ή‚Έ,‚ ‚θ
ή“,Τγ‚Λ‚η‚Ά,“μηZ,“μηZκ’–Ϊπ”Τ,131181,“‹“s,rμ‹ζ,““ϊ•ι—Ά‚P’–Ϊ,2018-08-27,06,‚SK‚ΔΘγ‹¤“―Z‘ξ,{ω‚Ή‚Έ,‚ ‚θ
ή“,Τγ‚Λ‚η‚Ά,“μηZ,“μηZκ’–Ϊπ”Τ,131181,“‹“s,rμ‹ζ,““ϊ•ι—Ά‚P’–Ϊ,2018-10-18,09,“ΉHγ,{ω‚Ή‚Έ,‚ ‚θ
ή“,Τγ‚Λ‚η‚Ά,“μηZ,“μηZκ’–Ϊπ”Τ,131181,“‹“s,rμ‹ζ,“μηZ‚P’–Ϊ,2018-04-22,15,“ΉHγ,{ω‚Ή‚Έ,‚ ‚θ
ή“,Τγ‚Λ‚η‚Ά,“μηZ,“μηZκ’–Ϊπ”Τ,131181,“‹“s,rμ‹ζ,“μηZ‚P’–Ϊ,2018-08-23,09,“ΉHγ,{ω‚Ή‚Έ,‚ ‚θ
ή“,Τγ‚Λ‚η‚Ά,“μηZ,“μηZκ’–Ϊπ”Τ,131181,“‹“s,rμ‹ζ,“μηZ‚P’–Ϊ,2018-09-15,17,“ΉHγ,{ω‚Ή‚Έ,‚Θ‚µ
ή“,Τγ‚Λ‚η‚Ά,“μηZ,“μηZκ’–Ϊπ”Τ,131181,“‹“s,rμ‹ζ,“μηZ‚T’–Ϊ,2018-04-21,03,“ΉHγ,{ω‚Ή‚Έ,‚ ‚θ
ή“,Τγ‚Λ‚η‚Ά,“μηZ,“μηZ‰w“ϋπ”Τ,131181,“‹“s,rμ‹ζ,“μηZ‚S’–Ϊ,2018-02-08,10,’“Τi—Φjκ,{ω‚Ή‚Έ,‚Θ‚µ
ή“,Τγ‚Λ‚η‚Ά,“μηZ,“μηZ‰w“ϋπ”Τ,131181,“‹“s,rμ‹ζ,“μηZ‚T’–Ϊ,2018-05-21,08,κΛZ‘ξ,{ω‚Ή‚Έ,‚Θ‚µ
ή“,Τγ‚Λ‚η‚Ά,“μηZ,“μηZ‰w“ϋπ”Τ,131181,“‹“s,rμ‹ζ,“μηZ‚T’–Ϊ,2018-09-04,01,“ΉHγ,{ω‚Ή‚Έ,‚ ‚θ
ή“,Τγ‚Λ‚η‚Ά,“μηZ,“μηZ‰w“ϋπ”Τ,131181,“‹“s,rμ‹ζ,“μηZ‚T’–Ϊ,2018-10-16,15,“ΉHγ,{ω‚Ή‚Έ,‚Θ‚µ
ή“,Τγ‚Λ‚η‚Ά,“μηZ,“μηZ‰w“ϋπ”Τ,131181,“‹“s,rμ‹ζ,“μηZ‚V’–Ϊ,2018-04-11,11,‚SK‚ΔΘγ‹¤“―Z‘ξ,{ω‚Ή‚Έ,‚Θ‚µ
ή“,Τγ‚Λ‚η‚Ά,“μηZ,“μηZ‰w“ϋπ”Τ,131181,“‹“s,rμ‹ζ,“μηZ‚V’–Ϊ,2018-04-14,17,’“Τi—Φjκ,{ω‚Ή‚Έ,‚ ‚θ
ή“,Τγ‚Λ‚η‚Ά,rμ,O‰Ν“‡‰w‘Oπ”Τ,131181,“‹“s,rμ‹ζ,rμ‚R’–Ϊ,2018-03-24,14,’“Τi—Φjκ,{ω‚Ή‚Έ,‚ ‚θ
ή“,Τγ‚Λ‚η‚Ά,rμ,O‰Ν“‡‰w‘Oπ”Τ,131181,“‹“s,rμ‹ζ,““ϊ•ι—Ά‚R’–Ϊ,2018-01-24,13,‚»‚Μ‘Ό,{ω‚Ή‚Έ,‚ ‚θ
ή“,Τγ‚Λ‚η‚Ά,rμ,O‰Ν“‡‰w‘Oπ”Τ,131181,“‹“s,rμ‹ζ,““ϊ•ι—Ά‚R’–Ϊ,2018-04-01,10,‚»‚Μ‘Ό,{ω‚Ή‚Έ,‚ ‚θ
ή“,Τγ‚Λ‚η‚Ά,rμ,O‰Ν“‡‰w‘Oπ”Τ,131181,“‹“s,rμ‹ζ,““ϊ•ι—Ά‚R’–Ϊ,2018-04-05,15,’“Τi—Φjκ,{ω‚Ή‚Έ,‚ ‚θ
ή“,Τγ‚Λ‚η‚Ά,rμ,O‰Ν“‡‰w‘Oπ”Τ,131181,“‹“s,rμ‹ζ,““ϊ•ι—Ά‚R’–Ϊ,2018-04-11,10,“ΉHγ,{ω‚Ή‚Έ,‚Θ‚µ
ή“,Τγ‚Λ‚η‚Ά,rμ,““ϊ•ι—Άπ”Τ,131181,“‹“s,rμ‹ζ,““ϊ•ι—Ά‚P’–Ϊ,2018-02-28,12,“ΉHγ,{ω‚Ή‚Έ,‚ ‚θ
ή“,Τγ‚Λ‚η‚Ά,rμ,““ϊ•ι—Άπ”Τ,131181,“‹“s,rμ‹ζ,““ϊ•ι—Ά‚P’–Ϊ,2018-07-13,13,‚»‚Μ‘Ό,{ω‚Ή‚Έ,‚ ‚θ
ή“,Τγ‚Λ‚η‚Ά,rμ,““ϊ•ι—Άπ”Τ,131181,“‹“s,rμ‹ζ,““ϊ•ι—Ά‚P’–Ϊ,2018-08-18,18,“ΉHγ,{ω‚Ή‚Έ,‚ ‚θ
ή“,Τγ‚Λ‚η‚Ά,rμ,’¬‰®π”Τ,131181,“‹“s,rμ‹ζ,’¬‰®‚P’–Ϊ,2018-06-17,18,“ΉHγ,{ω‚Ή‚Έ,‚ ‚θ
ή“,Τγ‚Λ‚η‚Ά,rμ,rμά’–Ϊπ”Τ,131181,“‹“s,rμ‹ζ,rμ‚Q’–Ϊ,2018-02-21,08,‚»‚Μ‘Ό,{ω‚Ή‚Έ,‚ ‚θ
ή“,Τγ‚Λ‚η‚Ά,rμ,rμά’–Ϊπ”Τ,131181,“‹“s,rμ‹ζ,rμ‚Q’–Ϊ,2018-04-09,13,“ΉHγ,{ω‚Ή‚Έ,‚ ‚θ
ή“,Τγ‚Λ‚η‚Ά,rμ,rμά’–Ϊπ”Τ,131181,“‹“s,rμ‹ζ,rμ‚U’–Ϊ,2018-04-03,10,“ΉHγ,{ω‚Ή‚Έ,‚ ‚θ
ή“,Τγ‚Λ‚η‚Ά,rμ,rμά’–Ϊπ”Τ,131181,“‹“s,rμ‹ζ,rμ‚V’–Ϊ,2018-04-08,13,“ΉHγ,{ω‚Ή‚Έ,‚Θ‚µ
ή“,Τγ‚Λ‚η‚Ά,rμ,Ό“ϊ•ι—ΆZ’–Ϊπ”Τ,131181,“‹“s,rμ‹ζ,rμ‚T’–Ϊ,2018-05-05,13,’“Τi—Φjκ,{ω‚Ή‚Έ,‚ ‚θ
ή“,Τγ‚Λ‚η‚Ά,rμ,Ό“ϊ•ι—ΆZ’–Ϊπ”Τ,131181,“‹“s,rμ‹ζ,Ό“ϊ•ι—Ά‚P’–Ϊ,2018-04-23,09,‚»‚Μ‘Ό,{ω‚Ή‚Έ,‚Θ‚µ
ή“,Τγ‚Λ‚η‚Ά,rμ,“ϊ•ι—Ά‰w‘Oπ”Τ,131181,“‹“s,rμ‹ζ,Ό“ϊ•ι—Ά‚Q’–Ϊ,2018-05-07,11,’“Τi—Φjκ,{ω‚Ή‚Έ,‚Θ‚µ
ή“,Τγ‚Λ‚η‚Ά,rμ,“ϊ•ι—Ά‰w‘Oπ”Τ,131181,“‹“s,rμ‹ζ,Ό“ϊ•ι—Ά‚Q’–Ϊ,2018-06-13,13,“ΉHγ,{ω‚Ή‚Έ,‚Θ‚µ
ή“,Τγ‚Λ‚η‚Ά,rμ,“ϊ•ι—Ά‰w‘Oπ”Τ,131181,“‹“s,rμ‹ζ,““ϊ•ι—Ά‚U’–Ϊ,2018-10-17,09,“ΉHγ,{ω‚Ή‚Έ,‚Θ‚µ
ή“,Τγ‚Λ‚η‚Ά,rμ,Ό“ϊ•ι—Ά‰w‘Oπ”Τ,131181,“‹“s,rμ‹ζ,Ό“ϊ•ι—Ά‚S’–Ϊ,2018-07-29,11,“ΉHγ,{ω‚Ή‚Έ,‚ ‚θ
ή“,Τγ‚Λ‚η‚Ά,rμ,Ό“ϊ•ι—Ά‰w‘Oπ”Τ,131181,“‹“s,rμ‹ζ,Ό“ϊ•ι—Ά‚U’–Ϊ,2018-04-27,11,“ΉHγ,{ω‚Ή‚Έ,‚ ‚θ
ή“,Τγ‚Λ‚η‚Ά,ηZ,–kηZ‰wΌϋπ”Τ,131211,“‹“s,‘«—§‹ζ,ηZ‚R’–Ϊ,2018-04-30,14,“ΉHγ,{ω‚Ή‚Έ,‚ ‚θ
ή“,Τγ‚Λ‚η‚Ά,ηZ,ηZl’–Ϊπ”Τ,131211,“‹“s,‘«—§‹ζ,ηZ‚S’–Ϊ,2018-03-25,22,‚»‚Μ‘Ό,{ω‚Ή‚Έ,‚ ‚θ
ή“,Τγ‚Λ‚η‚Ά,ηZ,ηZl’–Ϊπ”Τ,131211,“‹“s,‘«—§‹ζ,ηZ‚T’–Ϊ,2018-09-08,06,‚»‚Μ‘Ό,{ω‚Ή‚Έ,‚ ‚θ
ή“,Τγ‚Λ‚η‚Ά,ηZ,ηZl’–Ϊπ”Τ,131211,“‹“s,‘«—§‹ζ,ηZ‘εμ’¬,2018-11-24,18,κΛZ‘ξ,{ω‚Ή‚Έ,‚ ‚θ
ή“,Τγ‚Λ‚η‚Ά,ηZ,ηZl’–Ϊπ”Τ,131211,“‹“s,‘«—§‹ζ,ηZ–φ’¬,2018-02-16,15,“ΉHγ,{ω‚Ή‚Έ,‚ ‚θ
ή“,Τγ‚Λ‚η‚Ά,ηZ,χ–Ψ’¬π”Τ,131211,“‹“s,‘«—§‹ζ,ηZχ–Ψ‚P’–Ϊ,2018-11-20,17,“ΉHγ,{ω‚Ή‚Έ,‚ ‚θ
ή“,Τγ‚Λ‚η‚Ά,ηZ,—Ξ’¬π”Τ,131211,“‹“s,‘«—§‹ζ,ηZ‰Ν΄’¬,2018-04-01,13,‚»‚Μ‘Ό,{ω‚Ή‚Έ,‚ ‚θ
ή“,Τγ‚Λ‚η‚Ά,ηZ,‘ε‹΄π”Τ,131211,“‹“s,‘«—§‹ζ,ηZ‰Ν΄’¬,2018-12-10,21,‚»‚Μ‘Ό,{ω‚Ή‚Έ,‚ ‚θ
ή“,Τγ‚Λ‚η‚Ά,ηZ,–kηZ‰w“ϋπ”Τ,131211,“‹“s,‘«—§‹ζ,ηZ–φ’¬,2018-03-07,00,“ΉHγ,{ω‚Ή‚Έ,‚ ‚θ
ή“,Τγ‚Λ‚η‚Ά,ηZ,–kηZ‰w“ϋπ”Τ,131211,“‹“s,‘«—§‹ζ,“ϊƒmo’¬,2018-07-11,04,“ΉHγ,{ω‚Ή‚Έ,‚Θ‚µ
ή“,Τγ‚Λ‚η‚Ά,ΌVδ,”~“cκ’–Ϊπ”Τ,131211,“‹“s,‘«—§‹ζ,”~“c‚P’–Ϊ,2018-11-25,11,‚»‚Μ‘Ό‚ΜZ‘ξi‚RK‚ΔΘ‰Ί‹¤“―Z‘ξ“™j,{ω‚Ή‚Έ,‚ ‚θ
ή“,Τγ‚Λ‚η‚Ά,ΌVδ,”~“cκ’–Ϊπ”Τ,131211,“‹“s,‘«—§‹ζ,”~“c‚Q’–Ϊ,2018-10-28,19,’“Τi—Φjκ,{ω‚Ή‚Έ,‚Θ‚µ
ή“,Τγ‚Λ‚η‚Ά,ΌVδ,”~“cκ’–Ϊπ”Τ,131211,“‹“s,‘«—§‹ζ,”~“c‚Q’–Ϊ,2018-11-14,20,’“Τi—Φjκ,{ω‚Ή‚Έ,‚Θ‚µ
ή“,Τγ‚Λ‚η‚Ά,ΌVδ,”~“cκ’–Ϊπ”Τ,131211,“‹“s,‘«—§‹ζ,”~“c‚Q’–Ϊ,2018-12-05,22,“ΉHγ,{ω‚Ή‚Έ,‚ ‚θ
ή“,Τγ‚Λ‚η‚Ά,ΌVδ,”~“cκ’–Ϊπ”Τ,131211,“‹“s,‘«—§‹ζ,”~“c‚R’–Ϊ,2018-10-22,11,“ΉHγ,{ω‚Ή‚Έ,‚ ‚θ
ή“,Τγ‚Λ‚η‚Ά,ΌVδ,”~“cκ’–Ϊπ”Τ,131211,“‹“s,‘«—§‹ζ,”~“c‚W’–Ϊ,2018-06-11,19,‚SK‚ΔΘγ‹¤“―Z‘ξ,{ω‚Ή‚Έ,‚ ‚θ
ή“,Τγ‚Λ‚η‚Ά,ΌVδ,”~“cµ’–Ϊπ”Τ,131211,“‹“s,‘«—§‹ζ,”~“‡‚P’–Ϊ,2018-05-18,16,‚»‚Μ‘Ό,{ω‚Ή‚Έ,‚ ‚θ
ή“,Τγ‚Λ‚η‚Ά,ΌVδ,”~“cµ’–Ϊπ”Τ,131211,“‹“s,‘«—§‹ζ,”~“‡‚P’–Ϊ,2018-09-16,04,“ΉHγ,{ω‚Ή‚Έ,‚ ‚θ
ή“,Τγ‚Λ‚η‚Ά,ΌVδ,”~“cµ’–Ϊπ”Τ,131211,“‹“s,‘«—§‹ζ,”~“‡‚P’–Ϊ,2018-11-04,19,’“Τi—Φjκ,{ω‚Ή‚Έ,‚Θ‚µ
ή“,Τγ‚Λ‚η‚Ά,ΌVδ,”~“cµ’–Ϊπ”Τ,131211,“‹“s,‘«—§‹ζ,”~“‡‚Q’–Ϊ,2018-03-01,14,‚»‚Μ‘Ό,{ω‚Ή‚Έ,‚Θ‚µ
ή“,Τγ‚Λ‚η‚Ά,ΌVδ,”~“cµ’–Ϊπ”Τ,131211,“‹“s,‘«—§‹ζ,”~“‡‚Q’–Ϊ,2018-08-30,13,’“Τi—Φjκ,{ω‚Ή‚Έ,‚Θ‚µ
ή“,Τγ‚Λ‚η‚Ά,ΌVδ,”~“cµ’–Ϊπ”Τ,131211,“‹“s,‘«—§‹ζ,”~“c‚T’–Ϊ,2018-10-15,16,κΛZ‘ξ,{ω‚Ή‚Έ,‚ ‚θ
ή“,Τγ‚Λ‚η‚Ά,ΌVδ,”~“cµ’–Ϊπ”Τ,131211,“‹“s,‘«—§‹ζ,”~“c‚U’–Ϊ,2018-09-15,08,’“Τi—Φjκ,{ω‚Ή‚Έ,‚ ‚θ
ή“,Τγ‚Λ‚η‚Ά,ΌVδ,”~“cµ’–Ϊπ”Τ,131211,“‹“s,‘«—§‹ζ,”~“c‚V’–Ϊ,2018-01-19,16,“ΉHγ,{ω‚Ή‚Έ,‚ ‚θ
ή“,Τγ‚Λ‚η‚Ά,ΌVδ,”~“cµ’–Ϊπ”Τ,131211,“‹“s,‘«—§‹ζ,”~“c‚W’–Ϊ,2018-06-17,16,‚»‚Μ‘Ό,{ω‚Ή‚Έ,‚ ‚θ
ή“,Τγ‚Λ‚η‚Ά,ΌVδ,‘εt‘Oπ”Τ,131211,“‹“s,‘«—§‹ζ,I΄‚R’–Ϊ,2018-04-09,18,‚»‚Μ‘Ό‚ΜZ‘ξi‚RK‚ΔΘ‰Ί‹¤“―Z‘ξ“™j,{ω‚Ή‚Έ,‚Θ‚µ
ή“,Τγ‚Λ‚η‚Ά,ΌVδ,‘εt‘Oπ”Τ,131211,“‹“s,‘«—§‹ζ,I΄‚R’–Ϊ,2018-06-04,17,‚»‚Μ‘Ό‚ΜZ‘ξi‚RK‚ΔΘ‰Ί‹¤“―Z‘ξ“™j,{ω‚Ή‚Έ,‚Θ‚µ
ή“,Τγ‚Λ‚η‚Ά,ΌVδ,‘εt‘Oπ”Τ,131211,“‹“s,‘«—§‹ζ,ΌVδ‚P’–Ϊ,2018-03-13,17,“ΉHγ,{ω‚Ή‚Έ,‚ ‚θ
ή“,Τγ‚Λ‚η‚Ά,ΌVδ,‘εt‘Oπ”Τ,131211,“‹“s,‘«—§‹ζ,ΌVδ‚P’–Ϊ,2018-03-24,18,‚»‚Μ‘Ό‚ΜZ‘ξi‚RK‚ΔΘ‰Ί‹¤“―Z‘ξ“™j,{ω‚Ή‚Έ,‚Θ‚µ
ή“,Τγ‚Λ‚η‚Ά,ΌVδ,‘εt‘Oπ”Τ,131211,“‹“s,‘«—§‹ζ,ΌVδ–{’¬‚R’–Ϊ,2018-04-30,14,“ΉHγ,{ω‚Ή‚Έ,‚ ‚θ
ή“,Τγ‚Λ‚η‚Ά,ΌVδ,ΌVδ‰w‘Oπ”Τ,131211,“‹“s,‘«—§‹ζ,”~“‡‚R’–Ϊ,2018-04-01,20,’“Τi—Φjκ,{ω‚Ή‚Έ,‚ ‚θ
ή“,Τγ‚Λ‚η‚Ά,ΌVδ,ΌVδ‰w‘Oπ”Τ,131211,“‹“s,‘«—§‹ζ,”~“‡‚R’–Ϊ,2018-04-21,09,“ΉHγ,{ω‚Ή‚Έ,‚Θ‚µ
ή“,Τγ‚Λ‚η‚Ά,ΌVδ,ΌVδ‰w‘Oπ”Τ,131211,“‹“s,‘«—§‹ζ,”~“‡‚R’–Ϊ,2018-07-03,12,’“Τi—Φjκ,{ω‚Ή‚Έ,‚Θ‚µ
ή“,Τγ‚Λ‚η‚Ά,ΌVδ,ΌVδ‰w‘Oπ”Τ,131211,“‹“s,‘«—§‹ζ,”~“‡‚R’–Ϊ,2018-10-14,19,’“Τi—Φjκ,{ω‚Ή‚Έ,‚Θ‚µ
ή“,Τγ‚Λ‚η‚Ά,ΌVδ,ΌVδ‰w‘Oπ”Τ,131211,“‹“s,‘«—§‹ζ,ΌVδ‰h’¬‚P’–Ϊ,2018-02-15,19,’“Τi—Φjκ,{ω‚Ή‚Έ,‚Θ‚µ
ή“,Τγ‚Λ‚η‚Ά,ΌVδ,ΌVδ‰w‘Oπ”Τ,131211,“‹“s,‘«—§‹ζ,ΌVδ‰h’¬‚P’–Ϊ,2018-04-12,09,“ΉHγ,{ω‚Ή‚Έ,‚ ‚θ
ή“,Τγ‚Λ‚η‚Ά,ΌVδ,ΌVδ‰w‘Oπ”Τ,131211,“‹“s,‘«—§‹ζ,ΌVδ‰h’¬‚P’–Ϊ,2018-05-09,17,’“Τi—Φjκ,{ω‚Ή‚Έ,‚ ‚θ
ή“,Τγ‚Λ‚η‚Ά,ΌVδ,ΌVδ‰w‘Oπ”Τ,131211,“‹“s,‘«—§‹ζ,ΌVδ‰h’¬‚P’–Ϊ,2018-06-25,11,’“Τi—Φjκ,{ω‚Ή‚Έ,‚Θ‚µ
ή“,Τγ‚Λ‚η‚Ά,ΌVδ,ΌVδ‰w‘Oπ”Τ,131211,“‹“s,‘«—§‹ζ,ΌVδ‰h’¬‚P’–Ϊ,2018-07-15,14,“ΉHγ,{ω‚Ή‚Έ,‚ ‚θ
ή“,Τγ‚Λ‚η‚Ά,ΌVδ,ΌVδ‰w‘Oπ”Τ,131211,“‹“s,‘«—§‹ζ,ΌVδ‰h’¬‚P’–Ϊ,2018-10-10,06,“ΉHγ,{ω‚Ή‚Έ,‚Θ‚µ
ή“,Τγ‚Λ‚η‚Ά,ΌVδ,ΌVδ‰w‘Oπ”Τ,131211,“‹“s,‘«—§‹ζ,ΌVδ‰h’¬‚P’–Ϊ,2018-11-16,10,’“Τi—Φjκ,{ω‚Ή‚Έ,‚ ‚θ
ή“,Τγ‚Λ‚η‚Ά,ΌVδ,ΌVδ‰w‘Oπ”Τ,131211,“‹“s,‘«—§‹ζ,ΌVδ‰h’¬‚Q’–Ϊ,2018-04-17,15,’“Τi—Φjκ,{ω‚Ή‚Έ,‚Θ‚µ
ή“,Τγ‚Λ‚η‚Ά,ΌVδ,ΌVδ‰w‘Oπ”Τ,131211,“‹“s,‘«—§‹ζ,ΌVδ‰h’¬‚Q’–Ϊ,2018-06-25,11,’“Τi—Φjκ,{ω‚Ή‚Έ,‚Θ‚µ
ή“,Τγ‚Λ‚η‚Ά,ΌVδ,Φ΄O’–Ϊπ”Τ,131211,“‹“s,‘«—§‹ζ,Φ΄‚Q’–Ϊ,2018-02-08,12,‚»‚Μ‘Ό,{ω‚Ή‚Έ,‚ ‚θ
ή“,Τγ‚Λ‚η‚Ά,ΌVδ,Φ΄O’–Ϊπ”Τ,131211,“‹“s,‘«—§‹ζ,Φ΄‚Q’–Ϊ,2018-04-11,13,’“Τi—Φjκ,{ω‚Ή‚Έ,‚ ‚θ
ή“,Τγ‚Λ‚η‚Ά,ΌVδ,Φ΄O’–Ϊπ”Τ,131211,“‹“s,‘«—§‹ζ,Φ΄‚Q’–Ϊ,2018-06-30,22,κΛZ‘ξ,{ω‚Ή‚Έ,‚ ‚θ
ή“,Τγ‚Λ‚η‚Ά,ΌVδ,Φ΄O’–Ϊπ”Τ,131211,“‹“s,‘«—§‹ζ,Φ΄‚Q’–Ϊ,2018-12-10,21,κΛZ‘ξ,{ω‚Ή‚Έ,‚ ‚θ
ή“,Τγ‚Λ‚η‚Ά,ΌVδ,Φ΄O’–Ϊπ”Τ,131211,“‹“s,‘«—§‹ζ,Φ΄‚R’–Ϊ,2018-06-19,16,’“Τi—Φjκ,{ω‚Ή‚Έ,‚ ‚θ
ή“,Τγ‚Λ‚η‚Ά,ΌVδ,–{–Ψπ”Τ,131211,“‹“s,‘«—§‹ζ,‹»–μ‚P’–Ϊ,2018-08-20,21,“ΉHγ,{ω‚Ή‚Έ,‚Θ‚µ
ή“,Τγ‚Λ‚η‚Ά,ΌVδ,–{–Ψπ”Τ,131211,“‹“s,‘«—§‹ζ,ΌVδ–{’¬‚S’–Ϊ,2018-10-08,14,’“Τi—Φjκ,{ω‚Ή‚Έ,‚ ‚θ
ή“,Τγ‚Λ‚η‚Ά,ΌVδ,–{–Ψπ”Τ,131211,“‹“s,‘«—§‹ζ,–{–Ψ‚P’–Ϊ,2018-08-04,21,κΛZ‘ξ,{ω‚Ή‚Έ,‚Θ‚µ
ή“,Τγ‚Λ‚η‚Ά,ΌVδ,–{–Ψπ”Τ,131211,“‹“s,‘«—§‹ζ,–{–ΨΌ’¬,2018-11-23,10,’“Τi—Φjκ,{ω‚Ή‚Έ,‚ ‚θ
ή“,Τγ‚Λ‚η‚Ά,ΌVδ,–{–Ψπ”Τ,131211,“‹“s,‘«—§‹ζ,–{–Ψ“μ’¬,2018-11-07,13,‚»‚Μ‘Ό,{ω‚Ή‚Έ,‚Θ‚µ
ή“,Τγ‚Λ‚η‚Ά,ΌVδ,]–kπ”Τ,131211,“‹“s,‘«—§‹ζ,]–k‚P’–Ϊ,2018-07-22,13,’“Τi—Φjκ,{ω‚Ή‚Έ,‚ ‚θ
ή“,Τγ‚Λ‚η‚Ά,ΌVδ,]–kπ”Τ,131211,“‹“s,‘«—§‹ζ,]–k‚Q’–Ϊ,2018-08-19,20,‚»‚Μ‘Ό‚ΜZ‘ξi‚RK‚ΔΘ‰Ί‹¤“―Z‘ξ“™j,{ω‚Ή‚Έ,‚ ‚θ
ή“,Τγ‚Λ‚η‚Ά,ΌVδ,‹{ιπ”Τ,131211,“‹“s,‘«—§‹ζ,¬‘δ‚Q’–Ϊ,2018-10-01,10,’“Τi—Φjκ,{ω‚Ή‚Έ,‚ ‚θ
ή“,Τγ‚Λ‚η‚Ά,ΌVδ,“‡ªπ”Τ,131211,“‹“s,‘«—§‹ζ,I΄‚P’–Ϊ,2018-07-02,20,‚SK‚ΔΘγ‹¤“―Z‘ξ,{ω‚Ή‚Έ,‚ ‚θ
ή“,Τγ‚Λ‚η‚Ά,ΌVδ,“‡ªπ”Τ,131211,“‹“s,‘«—§‹ζ,“‡ª‚Q’–Ϊ,2018-04-02,13,“ΉHγ,{ω‚Ή‚Έ,‚Θ‚µ
ή“,Τγ‚Λ‚η‚Ά,ΌVδ,“‡ªπ”Τ,131211,“‹“s,‘«—§‹ζ,“‡ª‚Q’–Ϊ,2018-12-15,12,‚SK‚ΔΘγ‹¤“―Z‘ξ,{ω‚Ή‚Έ,‚ ‚θ
ή“,Τγ‚Λ‚η‚Ά,ΌVδ,“‡ªπ”Τ,131211,“‹“s,‘«—§‹ζ,“‡ª‚R’–Ϊ,2018-11-27,14,‚»‚Μ‘Ό,{ω‚Ή‚Έ,‚ ‚θ
ή“,Τγ‚Λ‚η‚Ά,ΌVδ,Mΐπ”Τ,131211,“‹“s,‘«—§‹ζ,‰Α‰κ‚P’–Ϊ,2018-10-11,10,“ΉHγ,{ω‚Ή‚Έ,‚ ‚θ
ή“,Τγ‚Λ‚η‚Ά,ΌVδ,Mΐπ”Τ,131211,“‹“s,‘«—§‹ζ,‰Α‰κ‚Q’–Ϊ,2018-07-29,16,’“Τi—Φjκ,{ω‚Ή‚Έ,‚ ‚θ
ή“,Τγ‚Λ‚η‚Ά,ΌVδ,Mΐπ”Τ,131211,“‹“s,‘«—§‹ζ,Mΐ‚Q’–Ϊ,2018-02-06,16,’“Τi—Φjκ,{ω‚Ή‚Έ,‚Θ‚µ
ή“,Τγ‚Λ‚η‚Ά,ΌVδ,Mΐπ”Τ,131211,“‹“s,‘«—§‹ζ,­•l‚U’–Ϊ,2018-10-13,00,’“Τi—Φjκ,{ω‚Ή‚Έ,‚ ‚θ
ή“,Τγ‚Λ‚η‚Ά,ΌVδ,Mΐπ”Τ,131211,“‹“s,‘«—§‹ζ,­•l‚V’–Ϊ,2018-01-12,18,“ΉHγ,{ω‚Ή‚Έ,‚ ‚θ
ή“,Τγ‚Λ‚η‚Ά,ΌVδ,Mΐπ”Τ,131211,“‹“s,‘«—§‹ζ,­•l‚V’–Ϊ,2018-02-09,18,’“Τi—Φjκ,{ω‚Ή‚Έ,‚Θ‚µ
ή“,Τγ‚Λ‚η‚Ά,ΌVδ,Mΐπ”Τ,131211,“‹“s,‘«—§‹ζ,­•l‚W’–Ϊ,2018-01-06,17,’“Τi—Φjκ,{ω‚Ή‚Έ,‚Θ‚µ
ή“,Τγ‚Λ‚η‚Ά,ΌVδ,Mΐπ”Τ,131211,“‹“s,‘«—§‹ζ,’Jέ‰Ζ‚Q’–Ϊ,2018-06-04,19,’“Τi—Φjκ,{ω‚Ή‚Έ,‚Θ‚µ
ή“,Τγ‚Λ‚η‚Ά,ΌVδ,V“c’“έ,131211,“‹“s,‘«—§‹ζ,V“c‚R’–Ϊ,2018-06-23,13,‚»‚Μ‘Ό‚ΜZ‘ξi‚RK‚ΔΘ‰Ί‹¤“―Z‘ξ“™j,{ω‚Ή‚Έ,‚Θ‚µ
ή“,Τγ‚Λ‚η‚Ά,ΌVδ,ΌVδά’–Ϊπ”Τ,131211,“‹“s,‘«—§‹ζ,ΌVδ‚Q’–Ϊ,2018-02-08,18,‚»‚Μ‘Ό,{ω‚Ή‚Έ,‚Θ‚µ
ή“,Τγ‚Λ‚η‚Ά,ΌVδ,ΌVδά’–Ϊπ”Τ,131211,“‹“s,‘«—§‹ζ,ΌVδ‚Q’–Ϊ,2018-03-26,20,‚SK‚ΔΘγ‹¤“―Z‘ξ,{ω‚Ή‚Έ,‚ ‚θ
ή“,Τγ‚Λ‚η‚Ά,ΌVδ,ΌVδά’–Ϊπ”Τ,131211,“‹“s,‘«—§‹ζ,ΌVδ‚S’–Ϊ,2018-01-22,08,“ΉHγ,{ω‚Ή‚Έ,‚Θ‚µ
ή“,Τγ‚Λ‚η‚Ά,ΌVδ,ΌVδά’–Ϊπ”Τ,131211,“‹“s,‘«—§‹ζ,ΌVδ‚S’–Ϊ,2018-05-23,21,’“Τi—Φjκ,{ω‚Ή‚Έ,‚Θ‚µ
ή“,Τγ‚Λ‚η‚Ά,ΌVδ,ΌVδά’–Ϊπ”Τ,131211,“‹“s,‘«—§‹ζ,ΌVδ‚S’–Ϊ,2018-05-31,14,’“Τi—Φjκ,{ω‚Ή‚Έ,‚Θ‚µ
ή“,Τγ‚Λ‚η‚Ά,ΌVδ,ΌVδά’–Ϊπ”Τ,131211,“‹“s,‘«—§‹ζ,ΌVδ‚S’–Ϊ,2018-09-10,11,“ΉHγ,{ω‚Ή‚Έ,‚Θ‚µ
ή“,Τγ‚Λ‚η‚Ά,ΌVδ,ΌVδά’–Ϊπ”Τ,131211,“‹“s,‘«—§‹ζ,’Jέ‰Ζ‚P’–Ϊ,2018-02-21,16,‚SK‚ΔΘγ‹¤“―Z‘ξ,{ω‚Ή‚Έ,‚Θ‚µ
ή“,Τγ‚Λ‚η‚Ά,ΌVδ,ΌVδά’–Ϊπ”Τ,131211,“‹“s,‘«—§‹ζ,’Jέ‰Ζ‚P’–Ϊ,2018-04-20,18,’“Τi—Φjκ,{ω‚Ή‚Έ,‚Θ‚µ
ή“,Τγ‚Λ‚η‚Ά,ΌVδ,ΌVδά’–Ϊπ”Τ,131211,“‹“s,‘«—§‹ζ,’Jέ‰Ζ‚P’–Ϊ,2018-09-15,14,’“Τi—Φjκ,{ω‚Ή‚Έ,‚ ‚θ
ή“,Τγ‚Λ‚η‚Ά,ΌVδ,ξπ”Τ,131211,“‹“s,‘«—§‹ζ,ξ‚P’–Ϊ,2018-01-12,11,’“Τi—Φjκ,{ω‚Ή‚Έ,‚Θ‚µ
ή“,Τγ‚Λ‚η‚Ά,ΌVδ,ξπ”Τ,131211,“‹“s,‘«—§‹ζ,ξ‚P’–Ϊ,2018-05-24,14,‚»‚Μ‘Ό,{ω‚Ή‚Έ,‚ ‚θ
ή“,Τγ‚Λ‚η‚Ά,ΌVδ,ξπ”Τ,131211,“‹“s,‘«—§‹ζ,ξ‚Q’–Ϊ,2018-03-09,17,’“Τi—Φjκ,{ω‚Ή‚Έ,‚Θ‚µ
ή“,Τγ‚Λ‚η‚Ά,ΌVδ,ξπ”Τ,131211,“‹“s,‘«—§‹ζ,ξ‚Q’–Ϊ,2018-12-26,22,’“Τi—Φjκ,{ω‚Ή‚Έ,‚Θ‚µ
ή“,Τγ‚Λ‚η‚Ά,ΌVδ,ξπ”Τ,131211,“‹“s,‘«—§‹ζ,ξ‚R’–Ϊ,2018-02-15,18,“ΉHγ,{ω‚Ή‚Έ,‚Θ‚µ
ή“,Τγ‚Λ‚η‚Ά,»£,‘ε’J“cπ”Τ,131211,“‹“s,‘«—§‹ζ,‘ε’J“c‚P’–Ϊ,2018-06-29,06,’“Τi—Φjκ,{ω‚Ή‚Έ,‚Θ‚µ
ή“,Τγ‚Λ‚η‚Ά,»£,‘ε’J“cπ”Τ,131211,“‹“s,‘«—§‹ζ,‘ε’J“c‚P’–Ϊ,2018-10-17,19,“ΉHγ,{ω‚Ή‚Έ,‚ ‚θ
ή“,Τγ‚Λ‚η‚Ά,»£,‘ε’J“cπ”Τ,131211,“‹“s,‘«—§‹ζ,‘ε’J“c‚S’–Ϊ,2018-02-21,19,‚»‚Μ‘Ό,{ω‚Ή‚Έ,‚Θ‚µ
ή“,Τγ‚Λ‚η‚Ά,»£,‘ε’J“cπ”Τ,131211,“‹“s,‘«—§‹ζ,‘ε’J“c‚S’–Ϊ,2018-12-30,16,“ΉHγ,{ω‚Ή‚Έ,‚Θ‚µ
ή“,Τγ‚Λ‚η‚Ά,»£,‘ε’J“cπ”Τ,131211,“‹“s,‘«—§‹ζ,‘ε’J“c‚T’–Ϊ,2018-06-30,11,’“Τi—Φjκ,{ω‚Ή‚Έ,‚ ‚θ
ή“,Τγ‚Λ‚η‚Ά,»£,‘ε’J“cπ”Τ,131211,“‹“s,‘«—§‹ζ,‘ε’J“c‚T’–Ϊ,2018-08-17,13,‚»‚Μ‘Ό,{ω‚Ή‚Έ,‚Θ‚µ
ή“,Τγ‚Λ‚η‚Ά,»£,‘ε’J“cπ”Τ,131211,“‹“s,‘«—§‹ζ,‘ε’J“c‚T’–Ϊ,2018-10-17,18,’“Τi—Φjκ,{ω‚Ή‚Έ,‚Θ‚µ
ή“,Τγ‚Λ‚η‚Ά,»£,‘ε’J“cπ”Τ,131211,“‹“s,‘«—§‹ζ,‘ε’J“c‚T’–Ϊ,2018-12-14,01,’“Τi—Φjκ,{ω‚Ή‚Έ,‚Θ‚µ
ή“,Τγ‚Λ‚η‚Ά,»£,‘ε’J“cπ”Τ,131211,“‹“s,‘«—§‹ζ,²–μ‚Q’–Ϊ,2018-10-06,16,‚»‚Μ‘Ό,{ω‚Ή‚Έ,‚ ‚θ
ή“,Τγ‚Λ‚η‚Ά,»£,‘ε’J“cπ”Τ,131211,“‹“s,‘«—§‹ζ,²–μ‚Q’–Ϊ,2018-10-09,17,’“Τi—Φjκ,{ω‚Ή‚Έ,‚ ‚θ
ή“,Τγ‚Λ‚η‚Ά,»£,‘ε’J“cπ”Τ,131211,“‹“s,‘«—§‹ζ,²–μ‚Q’–Ϊ,2018-11-27,11,’“Τi—Φjκ,{ω‚Ή‚Έ,‚ ‚θ
ή“,Τγ‚Λ‚η‚Ά,»£,’†μπ”Τ,131211,“‹“s,‘«—§‹ζ,’†μ‚Q’–Ϊ,2018-01-22,21,’“Τi—Φjκ,{ω‚Ή‚Έ,‚Θ‚µ
ή“,Τγ‚Λ‚η‚Ά,»£,’†μπ”Τ,131211,“‹“s,‘«—§‹ζ,’†μ‚R’–Ϊ,2018-03-03,10,“ΉHγ,{ω‚Ή‚Έ,‚ ‚θ
ή“,Τγ‚Λ‚η‚Ά,»£,’†μπ”Τ,131211,“‹“s,‘«—§‹ζ,’†μ‚S’–Ϊ,2018-08-15,18,’“Τi—Φjκ,{ω‚Ή‚Έ,‚Θ‚µ
ή“,Τγ‚Λ‚η‚Ά,»£,»£Z’–Ϊπ”Τ,131211,“‹“s,‘«—§‹ζ,“a‚T’–Ϊ,2018-03-02,17,“ΉHγ,{ω‚Ή‚Έ,‚Θ‚µ
ή“,Τγ‚Λ‚η‚Ά,»£,»£Z’–Ϊπ”Τ,131211,“‹“s,‘«—§‹ζ,’J’†‚Q’–Ϊ,2018-07-11,17,’“Τi—Φjκ,{ω‚Ή‚Έ,‚Θ‚µ
ή“,Τγ‚Λ‚η‚Ά,»£,»£Z’–Ϊπ”Τ,131211,“‹“s,‘«—§‹ζ,’J’†‚Q’–Ϊ,2018-11-21,19,‚»‚Μ‘Ό‚ΜZ‘ξi‚RK‚ΔΘ‰Ί‹¤“―Z‘ξ“™j,{ω‚Ή‚Έ,‚ ‚θ
ή“,Τγ‚Λ‚η‚Ά,»£,»£‰wΌϋπ”Τ,131211,“‹“s,‘«—§‹ζ,‘«—§‚S’–Ϊ,2018-03-02,16,’“Τi—Φjκ,{ω‚Ή‚Έ,‚Θ‚µ
ή“,Τγ‚Λ‚η‚Ά,»£,»£‰wΌϋπ”Τ,131211,“‹“s,‘«—§‹ζ,»£‚P’–Ϊ,2018-02-16,15,“ΉHγ,{ω‚Ή‚Έ,‚ ‚θ
ή“,Τγ‚Λ‚η‚Ά,»£,»£‰wΌϋπ”Τ,131211,“‹“s,‘«—§‹ζ,»£‚S’–Ϊ,2018-12-17,18,“ΉHγ,{ω‚Ή‚Έ,‚ ‚θ
ή“,Τγ‚Λ‚η‚Ά,»£,»£‰wΌϋπ”Τ,131211,“‹“s,‘«—§‹ζ,»£‚S’–Ϊ,2018-12-24,21,’“Τi—Φjκ,{ω‚Ή‚Έ,‚ ‚θ
ή“,Τγ‚Λ‚η‚Ά,»£,O“Ήπ”Τ,131211,“‹“s,‘«—§‹ζ,Βδ‚S’–Ϊ,2018-05-26,15,’“Τi—Φjκ,{ω‚Ή‚Έ,‚Θ‚µ
ή“,Τγ‚Λ‚η‚Ά,»£,O“Ήπ”Τ,131211,“‹“s,‘«—§‹ζ,Βδ‚S’–Ϊ,2018-06-21,15,“ΉHγ,{ω‚Ή‚Έ,‚Θ‚µ
ή“,Τγ‚Λ‚η‚Ά,»£,O“Ήπ”Τ,131211,“‹“s,‘«—§‹ζ,O“Ή‚Q’–Ϊ,2018-09-20,•s–Ύ,κΛZ‘ξ,{ω‚Ή‚Έ,‚Θ‚µ
ή“,Τγ‚Λ‚η‚Ά,»£,’†‰›–{’¬π”Τ,131211,“‹“s,‘«—§‹ζ,’†‰›–{’¬‚S’–Ϊ,2018-09-30,21,’“Τi—Φjκ,{ω‚Ή‚Έ,‚Θ‚µ
ή“,Τγ‚Λ‚η‚Ά,»£,’†‰›–{’¬π”Τ,131211,“‹“s,‘«—§‹ζ,’†‰›–{’¬‚T’–Ϊ,2018-03-01,06,“ΉHγ,{ω‚Ή‚Έ,‚ ‚θ
ή“,Τγ‚Λ‚η‚Ά,»£,’†‰›–{’¬π”Τ,131211,“‹“s,‘«—§‹ζ,’†‰›–{’¬‚T’–Ϊ,2018-06-26,18,’“Τi—Φjκ,{ω‚Ή‚Έ,‚Θ‚µ
ή“,Τγ‚Λ‚η‚Ά,»£,’†‰›–{’¬π”Τ,131211,“‹“s,‘«—§‹ζ,•½–μ‚Q’–Ϊ,2018-09-04,12,’“Τi—Φjκ,{ω‚Ή‚Έ,‚Θ‚µ
ή“,Τγ‚Λ‚η‚Ά,»£,_–Ύπ”Τ,131211,“‹“s,‘«—§‹ζ,–k‰Α•½’¬,2018-06-06,12,’“Τi—Φjκ,{ω‚Ή‚Έ,‚ ‚θ
ή“,Τγ‚Λ‚η‚Ά,»£,_–Ύπ”Τ,131211,“‹“s,‘«—§‹ζ,’Cΐ‚P’–Ϊ,2018-10-27,21,’“Τi—Φjκ,{ω‚Ή‚Έ,‚Θ‚µ
ή“,Τγ‚Λ‚η‚Ά,»£,_–Ύπ”Τ,131211,“‹“s,‘«—§‹ζ,’Cΐ‚Q’–Ϊ,2018-03-31,07,‚»‚Μ‘Ό,{ω‚Ή‚Έ,‚ ‚θ
ή“,Τγ‚Λ‚η‚Ά,»£,_–Ύπ”Τ,131211,“‹“s,‘«—§‹ζ,Z–Ψ‚R’–Ϊ,2018-07-11,14,‚»‚Μ‘Ό,{ω‚Ή‚Έ,‚Θ‚µ
ή“,Τγ‚Λ‚η‚Ά,»£,κƒc‰Ζπ”Τ,131211,“‹“s,‘«—§‹ζ,Βδ‚T’–Ϊ,2018-09-20,17,‚SK‚ΔΘγ‹¤“―Z‘ξ,{ω‚Ή‚Έ,‚ ‚θ
ή“,Τγ‚Λ‚η‚Ά,»£,κƒc‰Ζπ”Τ,131211,“‹“s,‘«—§‹ζ,‰Α•½‚Q’–Ϊ,2018-05-30,18,’“Τi—Φjκ,{ω‚Ή‚Έ,‚Θ‚µ
ή“,Τγ‚Λ‚η‚Ά,»£,κƒc‰Ζπ”Τ,131211,“‹“s,‘«—§‹ζ,κƒc‰Ζ‚P’–Ϊ,2018-01-30,17,“ΉHγ,{ω‚Ή‚Έ,‚ ‚θ
ή“,Τγ‚Λ‚η‚Ά,»£,κƒc‰Ζπ”Τ,131211,“‹“s,‘«—§‹ζ,κƒc‰Ζ‚R’–Ϊ,2018-10-09,11,’“Τi—Φjκ,{ω‚Ή‚Έ,‚Θ‚µ
ή“,Τγ‚Λ‚η‚Ά,»£,κƒc‰Ζπ”Τ,131211,“‹“s,‘«—§‹ζ,κƒc‰Ζ‚R’–Ϊ,2018-11-12,16,’“Τi—Φjκ,{ω‚Ή‚Έ,‚Θ‚µ
ή“,Τγ‚Λ‚η‚Ά,»£,κƒc‰Ζπ”Τ,131211,“‹“s,‘«—§‹ζ,κƒc‰Ζ‚R’–Ϊ,2018-11-28,15,’“Τi—Φjκ,{ω‚Ή‚Έ,‚ ‚θ
ή“,Τγ‚Λ‚η‚Ά,»£,κƒc‰Ζπ”Τ,131211,“‹“s,‘«—§‹ζ,Z’¬‚Q’–Ϊ,2017-12-25,22,’“Τi—Φjκ,{ω‚Ή‚Έ,‚Θ‚µ
ή“,Τγ‚Λ‚η‚Ά,»£,κƒc‰Ζπ”Τ,131211,“‹“s,‘«—§‹ζ,Z’¬‚S’–Ϊ,2018-01-09,18,’“Τi—Φjκ,{ω‚Ή‚Έ,‚Θ‚µ
ή“,Τγ‚Λ‚η‚Ά,»£,κƒc‰Ζπ”Τ,131211,“‹“s,‘«—§‹ζ,Z’¬‚S’–Ϊ,2018-04-21,10,’“Τi—Φjκ,{ω‚Ή‚Έ,‚Θ‚µ
ή“,Τγ‚Λ‚η‚Ά,»£,κƒc‰Ζπ”Τ,131211,“‹“s,‘«—§‹ζ,Z’¬‚S’–Ϊ,2018-06-21,09,’“Τi—Φjκ,{ω‚Ή‚Έ,‚ ‚θ
ή“,Τγ‚Λ‚η‚Ά,»£,‘«—§’“έ,131211,“‹“s,‘«—§‹ζ,‘«—§‚R’–Ϊ,2018-12-01,17,’“Τi—Φjκ,{ω‚Ή‚Έ,‚Θ‚µ
ή“,Τγ‚Λ‚η‚Ά,»£,“aπ”Τ,131211,“‹“s,‘«—§‹ζ,“a‚Q’–Ϊ,2018-09-02,01,“ΉHγ,{ω‚Ή‚Έ,‚Θ‚µ
ή“,Τγ‚Λ‚η‚Ά,»£,“aπ”Τ,131211,“‹“s,‘«—§‹ζ,“a‚T’–Ϊ,2018-07-27,14,‚SK‚ΔΘγ‹¤“―Z‘ξ,{ω‚Ή‚Έ,‚ ‚θ
ή“,Τγ‚Λ‚η‚Ά,»£,‘«—§l’–Ϊπ”Τ,131211,“‹“s,‘«—§‹ζ,‘«—§‚S’–Ϊ,2018-12-12,15,’“Τi—Φjκ,{ω‚Ή‚Έ,‚ ‚θ
ή“,Τγ‚Λ‚η‚Ά,»£,»£‰w“ϋπ”Τ,131211,“‹“s,‘«—§‹ζ,»£‚R’–Ϊ,2018-06-04,21,“ΉHγ,{ω‚Ή‚Έ,‚ ‚θ
ή“,Τγ‚Λ‚η‚Ά,’|‚Μ’Λ,‰Τ”¨π”Τ,131211,“‹“s,‘«—§‹ζ,‰Τ”¨‚R’–Ϊ,2018-02-13,13,’“Τi—Φjκ,{ω‚Ή‚Έ,‚ ‚θ
ή“,Τγ‚Λ‚η‚Ά,’|‚Μ’Λ,•Ϋ–ΨΤπ”Τ,131211,“‹“s,‘«—§‹ζ,“•Ϋ–ΨΤ‚P’–Ϊ,2018-06-23,08,’“Τi—Φjκ,{ω‚Ή‚Έ,‚Θ‚µ
ή“,Τγ‚Λ‚η‚Ά,’|‚Μ’Λ,•Ϋ–ΨΤπ”Τ,131211,“‹“s,‘«—§‹ζ,“•Ϋ–ΨΤ‚P’–Ϊ,2018-07-29,14,“ΉHγ,{ω‚Ή‚Έ,‚Θ‚µ
ή“,Τγ‚Λ‚η‚Ά,’|‚Μ’Λ,•Ϋ–ΨΤπ”Τ,131211,“‹“s,‘«—§‹ζ,“•Ϋ–ΨΤ‚Q’–Ϊ,2018-03-26,16,‚»‚Μ‘Ό,{ω‚Ή‚Έ,‚Θ‚µ
ή“,Τγ‚Λ‚η‚Ά,’|‚Μ’Λ,•Ϋ–ΨΤπ”Τ,131211,“‹“s,‘«—§‹ζ,“•Ϋ–ΨΤ‚Q’–Ϊ,2018-09-06,17,’“Τi—Φjκ,{ω‚Ή‚Έ,‚Θ‚µ
ή“,Τγ‚Λ‚η‚Ά,’|‚Μ’Λ,•Ϋ–ΨΤπ”Τ,131211,“‹“s,‘«—§‹ζ,“Z’¬,2018-01-04,15,“ΉHγ,{ω‚Ή‚Έ,‚ ‚θ
ή“,Τγ‚Λ‚η‚Ά,’|‚Μ’Λ,•Ϋ–ΨΤπ”Τ,131211,“‹“s,‘«—§‹ζ,•Ϋ–ΨΤ‚Q’–Ϊ,2018-04-08,16,“ΉHγ,{ω‚Ή‚Έ,‚ ‚θ
ή“,Τγ‚Λ‚η‚Ά,’|‚Μ’Λ,•Ϋ–ΨΤπ”Τ,131211,“‹“s,‘«—§‹ζ,•Ϋ–ΨΤ‚Q’–Ϊ,2018-09-23,11,‚»‚Μ‘Ό,{ω‚Ή‚Έ,‚Θ‚µ
ή“,Τγ‚Λ‚η‚Ά,’|‚Μ’Λ,•Ϋ–ΨΤπ”Τ,131211,“‹“s,‘«—§‹ζ,•Ϋ–ΨΤ‚Q’–Ϊ,2018-11-19,16,“ΉHγ,{ω‚Ή‚Έ,‚ ‚θ
ή“,Τγ‚Λ‚η‚Ά,’|‚Μ’Λ,•Ϋ–ΨΤπ”Τ,131211,“‹“s,‘«—§‹ζ,•Ϋ–ΨΤ‚T’–Ϊ,2018-03-01,17,’“Τi—Φjκ,{ω‚Ή‚Έ,‚Θ‚µ
ή“,Τγ‚Λ‚η‚Ά,’|‚Μ’Λ,•Ϋ–ΨΤπ”Τ,131211,“‹“s,‘«—§‹ζ,“μ‰Τ”¨‚Q’–Ϊ,2018-10-20,10,’“Τi—Φjκ,{ω‚Ή‚Έ,‚Θ‚µ
ή“,Τγ‚Λ‚η‚Ά,’|‚Μ’Λ,Ό•Ϋ–ΨΤπ”Τ,131211,“‹“s,‘«—§‹ζ,‰Τ”¨‚S’–Ϊ,2018-05-05,14,“ΉHγ,{ω‚Ή‚Έ,‚Θ‚µ
ή“,Τγ‚Λ‚η‚Ά,’|‚Μ’Λ,Ό•Ϋ–ΨΤπ”Τ,131211,“‹“s,‘«—§‹ζ,•Ϋ–ΨΤ‚R’–Ϊ,2018-08-05,00,‚»‚Μ‘Ό‚ΜZ‘ξi‚RK‚ΔΘ‰Ί‹¤“―Z‘ξ“™j,{ω‚Ή‚Έ,‚ ‚θ
ή“,Τγ‚Λ‚η‚Ά,’|‚Μ’Λ,Ό•Ϋ–ΨΤπ”Τ,131211,“‹“s,‘«—§‹ζ,•Ϋ–ΨΤ‚S’–Ϊ,2018-10-23,17,’“Τi—Φjκ,{ω‚Ή‚Έ,‚Θ‚µ
ή“,Τγ‚Λ‚η‚Ά,’|‚Μ’Λ,’|‚Μ’Λ‰w‘Oπ”Τ,131211,“‹“s,‘«—§‹ζ,’|‚Μ’Λ‚P’–Ϊ,2018-01-31,18,’“Τi—Φjκ,{ω‚Ή‚Έ,‚Θ‚µ
ή“,Τγ‚Λ‚η‚Ά,’|‚Μ’Λ,’|‚Μ’Λ‰w‘Oπ”Τ,131211,“‹“s,‘«—§‹ζ,’|‚Μ’Λ‚P’–Ϊ,2018-03-09,15,‚»‚Μ‘Ό,{ω‚Ή‚Έ,‚ ‚θ
ή“,Τγ‚Λ‚η‚Ά,’|‚Μ’Λ,’|‚Μ’Λ‰w‘Oπ”Τ,131211,“‹“s,‘«—§‹ζ,’|‚Μ’Λ‚P’–Ϊ,2018-03-26,00,‚»‚Μ‘Ό,{ω‚Ή‚Έ,‚Θ‚µ
ή“,Τγ‚Λ‚η‚Ά,’|‚Μ’Λ,’|‚Μ’Λ‰w‘Oπ”Τ,131211,“‹“s,‘«—§‹ζ,’|‚Μ’Λ‚P’–Ϊ,2018-04-11,15,“ΉHγ,{ω‚Ή‚Έ,‚Θ‚µ
ή“,Τγ‚Λ‚η‚Ά,’|‚Μ’Λ,’|‚Μ’Λ‰w‘Oπ”Τ,131211,“‹“s,‘«—§‹ζ,’|‚Μ’Λ‚R’–Ϊ,2018-12-09,21,‚SK‚ΔΘγ‹¤“―Z‘ξ,{ω‚Ή‚Έ,‚ ‚θ
ή“,Τγ‚Λ‚η‚Ά,’|‚Μ’Λ,’|‚Μ’Λ‰w‘Oπ”Τ,131211,“‹“s,‘«—§‹ζ,’|‚Μ’Λ‚S’–Ϊ,2018-12-06,20,‚SK‚ΔΘγ‹¤“―Z‘ξ,{ω‚Ή‚Έ,‚ ‚θ
ή“,Τγ‚Λ‚η‚Ά,’|‚Μ’Λ,’|‚Μ’Λ‰w‘Oπ”Τ,131211,“‹“s,‘«—§‹ζ,’|‚Μ’Λ‚T’–Ϊ,2018-01-26,16,’“Τi—Φjκ,{ω‚Ή‚Έ,‚Θ‚µ
ή“,Τγ‚Λ‚η‚Ά,’|‚Μ’Λ,’|‚Μ’Λ‰w‘Oπ”Τ,131211,“‹“s,‘«—§‹ζ,’|‚Μ’Λ‚T’–Ϊ,2018-07-27,11,“ΉHγ,{ω‚Ή‚Έ,‚ ‚θ
ή“,Τγ‚Λ‚η‚Ά,’|‚Μ’Λ,’|‚Μ’Λ‰w‘Oπ”Τ,131211,“‹“s,‘«—§‹ζ,’|‚Μ’Λ‚U’–Ϊ,2018-03-26,02,‚»‚Μ‘Ό,{ω‚Ή‚Έ,‚Θ‚µ
ή“,Τγ‚Λ‚η‚Ά,’|‚Μ’Λ,’|‚Μ’Λ‰w‘Oπ”Τ,131211,“‹“s,‘«—§‹ζ,’|‚Μ’Λ‚U’–Ϊ,2018-04-24,11,“ΉHγ,{ω‚Ή‚Έ,‚ ‚θ
ή“,Τγ‚Λ‚η‚Ά,’|‚Μ’Λ,’|‚Μ’Λ‰w‘Oπ”Τ,131211,“‹“s,‘«—§‹ζ,’|‚Μ’Λ‚U’–Ϊ,2018-11-09,03,“ΉHγ,{ω‚Ή‚Έ,‚Θ‚µ
ή“,Τγ‚Λ‚η‚Ά,’|‚Μ’Λ,’|‚Μ’Λ‰w‘Oπ”Τ,131211,“‹“s,‘«—§‹ζ,’|‚Μ’Λ‚V’–Ϊ,2018-05-30,20,“ΉHγ,{ω‚Ή‚Έ,‚Θ‚µ
ή“,Τγ‚Λ‚η‚Ά,’|‚Μ’Λ,’|‚Μ’Λ‰w‘Oπ”Τ,131211,“‹“s,‘«—§‹ζ,’|‚Μ’Λ‚V’–Ϊ,2018-06-17,21,‚»‚Μ‘Ό,{ω‚Ή‚Έ,‚ ‚θ
ή“,Τγ‚Λ‚η‚Ά,’|‚Μ’Λ,’|‚Μ’Λ‰w‘Oπ”Τ,131211,“‹“s,‘«—§‹ζ,’|‚Μ’Λ‚V’–Ϊ,2018-11-17,22,‚»‚Μ‘Ό,{ω‚Ή‚Έ,‚ ‚θ
ή“,Τγ‚Λ‚η‚Ά,’|‚Μ’Λ,Ι‹»’¬π”Τ,131211,“‹“s,‘«—§‹ζ,’|‚Μ’Λ‚U’–Ϊ,2018-06-28,21,“ΉHγ,{ω‚Ή‚Έ,‚Θ‚µ
ή“,Τγ‚Λ‚η‚Ά,’|‚Μ’Λ,Ι‹»’¬π”Τ,131211,“‹“s,‘«—§‹ζ,Ι‹»‚S’–Ϊ,2018-06-12,08,“ΉHγ,{ω‚Ή‚Έ,‚ ‚θ
ή“,Τγ‚Λ‚η‚Ά,’|‚Μ’Λ,Ι‹»’¬π”Τ,131211,“‹“s,‘«—§‹ζ,Ι‹»‚T’–Ϊ,2018-05-31,19,’“Τi—Φjκ,{ω‚Ή‚Έ,‚Θ‚µ
ή“,Τγ‚Λ‚η‚Ά,’|‚Μ’Λ,Ι‹»’¬π”Τ,131211,“‹“s,‘«—§‹ζ,ΌΙ‹»‚P’–Ϊ,2018-01-14,19,’“Τi—Φjκ,{ω‚Ή‚Έ,‚Θ‚µ
ή“,Τγ‚Λ‚η‚Ά,’|‚Μ’Λ,Ι‹»’¬π”Τ,131211,“‹“s,‘«—§‹ζ,ΌΙ‹»‚P’–Ϊ,2018-06-17,12,’“Τi—Φjκ,{ω‚Ή‚Έ,‚Θ‚µ
ή“,Τγ‚Λ‚η‚Ά,’|‚Μ’Λ,Ι‹»’¬π”Τ,131211,“‹“s,‘«—§‹ζ,ΌΙ‹»‚Q’–Ϊ,2018-03-24,23,“ΉHγ,{ω‚Ή‚Έ,‚Θ‚µ
ή“,Τγ‚Λ‚η‚Ά,’|‚Μ’Λ,Ι‹»’¬π”Τ,131211,“‹“s,‘«—§‹ζ,ΌΙ‹»‚S’–Ϊ,2018-03-15,16,“ΉHγ,{ω‚Ή‚Έ,‚ ‚θ
ή“,Τγ‚Λ‚η‚Ά,’|‚Μ’Λ,Ι‹»’¬π”Τ,131211,“‹“s,‘«—§‹ζ,Ό’|‚Μ’Λ‚Q’–Ϊ,2018-11-05,20,“ΉHγ,{ω‚Ή‚Έ,‚ ‚θ
ή“,Τγ‚Λ‚η‚Ά,’|‚Μ’Λ,Ι‹»’¬π”Τ,131211,“‹“s,‘«—§‹ζ,Ι‹»–{’¬‚Q’–Ϊ,2018-12-03,12,“ΉHγ,{ω‚Ή‚Έ,‚Θ‚µ
ή“,Τγ‚Λ‚η‚Ά,’|‚Μ’Λ,“ό’J’¬π”Τ,131211,“‹“s,‘«—§‹ζ,“ό’J‚U’–Ϊ,2018-03-23,13,’“Τi—Φjκ,{ω‚Ή‚Έ,‚ ‚θ
ή“,Τγ‚Λ‚η‚Ά,’|‚Μ’Λ,“ό’J’¬π”Τ,131211,“‹“s,‘«—§‹ζ,“ό’J‚V’–Ϊ,2018-05-16,14,“ΉHγ,{ω‚Ή‚Έ,‚ ‚θ
ή“,Τγ‚Λ‚η‚Ά,’|‚Μ’Λ,©ΐ‘γe…φ‰€‰w‘Oπ”Τ,131211,“‹“s,‘«—§‹ζ,Ιl‚Q’–Ϊ,2018-07-24,18,’“Τi—Φjκ,{ω‚Ή‚Έ,‚Θ‚µ
ή“,Τγ‚Λ‚η‚Ά,’|‚Μ’Λ,©ΐ‘γe…φ‰€‰w‘Oπ”Τ,131211,“‹“s,‘«—§‹ζ,Ιl‚Q’–Ϊ,2018-07-30,15,“ΉHγ,{ω‚Ή‚Έ,‚ ‚θ
ή“,Τγ‚Λ‚η‚Ά,’|‚Μ’Λ,©ΐ‘γe…φ‰€‰w‘Oπ”Τ,131211,“‹“s,‘«—§‹ζ,Ιl‚T’–Ϊ,2018-07-10,06,’“Τi—Φjκ,{ω‚Ή‚Έ,‚Θ‚µ
ή“,Τγ‚Λ‚η‚Ά,’|‚Μ’Λ,©ΐ‘γe…φ‰€‰w‘Oπ”Τ,131211,“‹“s,‘«—§‹ζ,Ιl‚T’–Ϊ,2018-11-01,11,‚»‚Μ‘Ό,{ω‚Ή‚Έ,‚Θ‚µ
ή“,Τγ‚Λ‚η‚Ά,’|‚Μ’Λ,©ΐ‘γe…φ‰€‰w‘Oπ”Τ,131211,“‹“s,‘«—§‹ζ,“ό’J‚T’–Ϊ,2018-01-14,08,“ΉHγ,{ω‚Ή‚Έ,‚Θ‚µ
ή“,Τγ‚Λ‚η‚Ά,’|‚Μ’Λ,Γη’J’“έ,131211,“‹“s,‘«—§‹ζ,ΌΙ‹»‚Q’–Ϊ,2018-01-02,10,’“Τi—Φjκ,{ω‚Ή‚Έ,‚ ‚θ
ή“,Τγ‚Λ‚η‚Ά,ι“,iJ‹΄π”Τ,131083,“‹“s,]“‹ζ,‘ε“‡‚Q’–Ϊ,2018-08-12,19,’“Τi—Φjκ,{ω‚Ή‚Έ,‚ ‚θ
ή“,Τγ‚Λ‚η‚Ά,ι“,iJ‹΄π”Τ,131083,“‹“s,]“‹ζ,‘ε“‡‚Q’–Ϊ,2018-08-23,01,“ΉHγ,{ω‚Ή‚Έ,‚Θ‚µ
ή“,Τγ‚Λ‚η‚Ά,ι“,iJ‹΄π”Τ,131083,“‹“s,]“‹ζ,‘ε“‡‚Q’–Ϊ,2018-10-07,11,’“Τi—Φjκ,{ω‚Ή‚Έ,‚ ‚θ
ή“,Τγ‚Λ‚η‚Ά,ι“,iJ‹΄π”Τ,131083,“‹“s,]“‹ζ,‘ε“‡‚Q’–Ϊ,2018-10-15,10,’“Τi—Φjκ,{ω‚Ή‚Έ,‚Θ‚µ
ή“,Τγ‚Λ‚η‚Ά,ι“,iJ‹΄π”Τ,131083,“‹“s,]“‹ζ,‘ε“‡‚R’–Ϊ,2018-10-10,13,“ΉHγ,{ω‚Ή‚Έ,‚Θ‚µ
ή“,Τγ‚Λ‚η‚Ά,ι“,³”ª”¦π”Τ,131083,“‹“s,]“‹ζ,“μ»‚U’–Ϊ,2018-05-03,13,’“Τi—Φjκ,{ω‚Ή‚Έ,‚Θ‚µ
ή“,Τγ‚Λ‚η‚Ά,ι“,»’¬π”Τ,131083,“‹“s,]“‹ζ,–k»‚S’–Ϊ,2018-07-04,17,“ΉHγ,{ω‚Ή‚Έ,‚ ‚θ
ή“,Τγ‚Λ‚η‚Ά,ι“,»’¬π”Τ,131083,“‹“s,]“‹ζ,–k»‚S’–Ϊ,2018-10-29,08,‚»‚Μ‘Ό,{ω‚Ή‚Έ,‚ ‚θ
ή“,Τγ‚Λ‚η‚Ά,ι“,»’¬π”Τ,131083,“‹“s,]“‹ζ,–k»‚S’–Ϊ,2018-11-20,13,“ΉHγ,{ω‚Ή‚Έ,‚Θ‚µ
ή“,Τγ‚Λ‚η‚Ά,ι“,»’¬π”Τ,131083,“‹“s,]“‹ζ,–k»‚S’–Ϊ,2018-12-02,12,‚»‚Μ‘Ό,{ω‚Ή‚Έ,‚ ‚θ
ή“,Τγ‚Λ‚η‚Ά,ι“,»’¬π”Τ,131083,“‹“s,]“‹ζ,–k»‚S’–Ϊ,2018-12-25,05,“ΉHγ,{ω‚Ή‚Έ,‚ ‚θ
ή“,Τγ‚Λ‚η‚Ά,ι“,»’¬π”Τ,131083,“‹“s,]“‹ζ,–k»‚T’–Ϊ,2018-04-10,18,“ΉHγ,{ω‚Ή‚Έ,‚Θ‚µ
ή“,Τγ‚Λ‚η‚Ά,ι“,–k»ά’–Ϊπ”Τ,131083,“‹“s,]“‹ζ,–k»‚Q’–Ϊ,2018-03-19,16,“ΉHγ,{ω‚Ή‚Έ,‚ ‚θ
ή“,Τγ‚Λ‚η‚Ά,ι“,–k»ά’–Ϊπ”Τ,131083,“‹“s,]“‹ζ,–k»‚S’–Ϊ,2018-10-09,18,“ΉHγ,{ω‚Ή‚Έ,‚Θ‚µ
ή“,Τγ‚Λ‚η‚Ά,ι“,–k»ά’–Ϊπ”Τ,131083,“‹“s,]“‹ζ,–k»‚T’–Ϊ,2018-12-04,18,’“Τi—Φjκ,{ω‚Ή‚Έ,‚Θ‚µ
ή“,Τγ‚Λ‚η‚Ά,ι“,”Τ‹΄π”Τ,131083,“‹“s,]“‹ζ,“»‚P’–Ϊ,2018-05-12,19,’“Τi—Φjκ,{ω‚Ή‚Έ,‚ ‚θ
ή“,Τγ‚Λ‚η‚Ά,ι“,”Τ‹΄π”Τ,131083,“‹“s,]“‹ζ,“»‚Q’–Ϊ,2018-11-13,19,‚SK‚ΔΘγ‹¤“―Z‘ξ,{ω‚Ή‚Έ,‚Θ‚µ
ή“,Τγ‚Λ‚η‚Ά,ι“,”Τ‹΄π”Τ,131083,“‹“s,]“‹ζ,“»‚S’–Ϊ,2018-09-04,15,“ΉHγ,{ω‚Ή‚Έ,‚ ‚θ
ή“,Τγ‚Λ‚η‚Ά,ι“,‘ε“‡π”Τ,131083,“‹“s,]“‹ζ,‘ε“‡‚T’–Ϊ,2018-07-29,09,“ΉHγ,{ω‚Ή‚Έ,‚Θ‚µ
ή“,Τγ‚Λ‚η‚Ά,ι“,‘ε“‡π”Τ,131083,“‹“s,]“‹ζ,‘ε“‡‚T’–Ϊ,2018-09-27,07,’“Τi—Φjκ,{ω‚Ή‚Έ,‚Θ‚µ
ή“,Τγ‚Λ‚η‚Ά,ι“,‘ε“‡π”Τ,131083,“‹“s,]“‹ζ,‘ε“‡‚T’–Ϊ,2018-12-05,12,“ΉHγ,{ω‚Ή‚Έ,‚Θ‚µ
ή“,Τγ‚Λ‚η‚Ά,ι“,‘ε“‡π”Τ,131083,“‹“s,]“‹ζ,‘ε“‡‚U’–Ϊ,2018-06-18,02,‚SK‚ΔΘγ‹¤“―Z‘ξ,{ω‚Ή‚Έ,‚ ‚θ
ή“,Τγ‚Λ‚η‚Ά,ι“,‘ε“‡π”Τ,131083,“‹“s,]“‹ζ,‘ε“‡‚U’–Ϊ,2018-11-19,18,“ΉHγ,{ω‚Ή‚Έ,‚Θ‚µ
ή“,Τγ‚Λ‚η‚Ά,ι“,‘ε“‡π”Τ,131083,“‹“s,]“‹ζ,‘ε“‡‚V’–Ϊ,2018-02-12,12,“ΉHγ,{ω‚Ή‚Έ,‚ ‚θ
ή“,Τγ‚Λ‚η‚Ά,ι“,‘ε“‡π”Τ,131083,“‹“s,]“‹ζ,‘ε“‡‚V’–Ϊ,2018-12-12,19,“ΉHγ,{ω‚Ή‚Έ,‚ ‚θ
ή“,Τγ‚Λ‚η‚Ά,ι“,‹TΛπ”Τ,131083,“‹“s,]“‹ζ,‹TΛ‚V’–Ϊ,2018-05-21,20,‚SK‚ΔΘγ‹¤“―Z‘ξ,{ω‚Ή‚Έ,‚Θ‚µ
ή“,Τγ‚Λ‚η‚Ά,ι“,“V_‹΄π”Τ,131083,“‹“s,]“‹ζ,‹TΛ‚Q’–Ϊ,2018-07-17,17,“ΉHγ,{ω‚Ή‚Έ,‚Θ‚µ
ή“,Τγ‚Λ‚η‚Ά,ι“,‹TΛ‰w‘Oπ”Τ,131083,“‹“s,]“‹ζ,‘ε“‡‚T’–Ϊ,2018-11-19,16,“ΉHγ,{ω‚Ή‚Έ,‚Θ‚µ
ή“,Τγ‚Λ‚η‚Ά,ι“,‹TΛ‰w‘Oπ”Τ,131083,“‹“s,]“‹ζ,‹TΛ‚Q’–Ϊ,2018-06-07,09,‚»‚Μ‘Ό,{ω‚Ή‚Έ,‚ ‚θ
ή“,Τγ‚Λ‚η‚Ά,ι“,‹TΛ‰w‘Oπ”Τ,131083,“‹“s,]“‹ζ,‹TΛ‚Q’–Ϊ,2018-12-26,21,’“Τi—Φjκ,{ω‚Ή‚Έ,‚Θ‚µ
ή“,Τγ‚Λ‚η‚Ά,ι“,‹TΛ‰w‘Oπ”Τ,131083,“‹“s,]“‹ζ,‹TΛ‚T’–Ϊ,2018-02-13,13,“ΉHγ,{ω‚Ή‚Έ,‚ ‚θ
ή“,Τγ‚Λ‚η‚Ά,ι“,‹TΛ‰w‘Oπ”Τ,131083,“‹“s,]“‹ζ,‹TΛ‚T’–Ϊ,2018-07-21,17,“ΉHγ,{ω‚Ή‚Έ,‚Θ‚µ
ή“,Τγ‚Λ‚η‚Ά,ι“,‹TΛ‰w‘Oπ”Τ,131083,“‹“s,]“‹ζ,‹TΛ‚U’–Ϊ,2018-03-15,14,“ΉHγ,{ω‚Ή‚Έ,‚Θ‚µ
ή“,Τγ‚Λ‚η‚Ά,ι“,‹TΛ‰w‘Oπ”Τ,131083,“‹“s,]“‹ζ,‹TΛ‚U’–Ϊ,2018-05-01,15,‚SK‚ΔΘγ‹¤“―Z‘ξ,{ω‚Ή‚Έ,‚ ‚θ
ή“,Τγ‚Λ‚η‚Ά,ι“,‹TΛ‰w‘Oπ”Τ,131083,“‹“s,]“‹ζ,‹TΛ‚U’–Ϊ,2018-11-07,21,“ΉHγ,{ω‚Ή‚Έ,‚Θ‚µ
ή“,Τγ‚Λ‚η‚Ά,ι“,‹TΛ‰w‘Oπ”Τ,131083,“‹“s,]“‹ζ,‹TΛ‚U’–Ϊ,2018-12-13,10,“ΉHγ,{ω‚Ή‚Έ,‚Θ‚µ
ή“,Τγ‚Λ‚η‚Ά,ι“,“‘ε“‡‰w‘Oπ”Τ,131083,“‹“s,]“‹ζ,‘ε“‡‚V’–Ϊ,2018-12-04,17,κΛZ‘ξ,{ω‚Ή‚Έ,‚Θ‚µ
ή“,Τγ‚Λ‚η‚Ά,ι“,“‘ε“‡‰w‘Oπ”Τ,131083,“‹“s,]“‹ζ,‘ε“‡‚W’–Ϊ,2018-10-06,12,‚SK‚ΔΘγ‹¤“―Z‘ξ,{ω‚Ή‚Έ,‚ ‚θ
ή“,Τγ‚Λ‚η‚Ά,ι“,“‘ε“‡‰w‘Oπ”Τ,131083,“‹“s,]“‹ζ,‘ε“‡‚W’–Ϊ,2018-11-17,16,‚»‚Μ‘Ό,{ω‚Ή‚Έ,‚Θ‚µ
ή“,Τγ‚Λ‚η‚Ά,ι“,“‘ε“‡‰w‘Oπ”Τ,131083,“‹“s,]“‹ζ,‘ε“‡‚X’–Ϊ,2018-01-21,16,‚»‚Μ‘Ό,{ω‚Ή‚Έ,‚ ‚θ
ή“,Τγ‚Λ‚η‚Ά,–{,—Ό‘π”Τ,131075,“‹“s,–n“c‹ζ,‹T‘ς‚R’–Ϊ,2018-12-03,17,“ΉHγ,{ω‚Ή‚Έ,‚Θ‚µ
ή“,Τγ‚Λ‚η‚Ά,–{,—Ό‘π”Τ,131075,“‹“s,–n“c‹ζ,ηΞ‚R’–Ϊ,2018-10-17,08,“ΉHγ,{ω‚Ή‚Έ,‚Θ‚µ
ή“,Τγ‚Λ‚η‚Ά,–{,—Ό‘π”Τ,131075,“‹“s,–n“c‹ζ,—Ό‘‚P’–Ϊ,2018-08-15,22,‚SK‚ΔΘγ‹¤“―Z‘ξ,{ω‚Ή‚Έ,‚Θ‚µ
ή“,Τγ‚Λ‚η‚Ά,–{,‹eμ“ρ’–Ϊπ”Τ,131075,“‹“s,–n“c‹ζ,‹eμ‚P’–Ϊ,2018-09-27,17,‚SK‚ΔΘγ‹¤“―Z‘ξ,{ω‚Ή‚Έ,‚Θ‚µ
ή“,Τγ‚Λ‚η‚Ά,–{,‹eμ“ρ’–Ϊπ”Τ,131075,“‹“s,–n“c‹ζ,‹eμ‚P’–Ϊ,2018-11-01,14,“ΉHγ,{ω‚Ή‚Έ,‚ ‚θ
ή“,Τγ‚Λ‚η‚Ά,–{,‹eμ“ρ’–Ϊπ”Τ,131075,“‹“s,–n“c‹ζ,‹eμ‚Q’–Ϊ,2018-08-22,17,“ΉHγ,{ω‚Ή‚Έ,‚Θ‚µ
ή“,Τγ‚Λ‚η‚Ά,–{,‹eμ“ρ’–Ϊπ”Τ,131075,“‹“s,–n“c‹ζ,‹eμ‚R’–Ϊ,2018-02-03,15,“ΉHγ,{ω‚Ή‚Έ,‚ ‚θ
ή“,Τγ‚Λ‚η‚Ά,–{,‹eμ“ρ’–Ϊπ”Τ,131075,“‹“s,–n“c‹ζ,—§μ‚S’–Ϊ,2018-06-13,18,“ΉHγ,{ω‚Ή‚Έ,‚Θ‚µ
ή“,Τγ‚Λ‚η‚Ά,–{,]“‹΄π”Τ,131075,“‹“s,–n“c‹ζ,‹T‘ς‚P’–Ϊ,2018-03-09,13,’“Τi—Φjκ,{ω‚Ή‚Έ,‚Θ‚µ
ή“,Τγ‚Λ‚η‚Ά,–{,]“‹΄π”Τ,131075,“‹“s,–n“c‹ζ,‹T‘ς‚P’–Ϊ,2018-04-07,16,“ΉHγ,{ω‚Ή‚Έ,‚ ‚θ
ή“,Τγ‚Λ‚η‚Ά,–{,]“‹΄π”Τ,131075,“‹“s,–n“c‹ζ,—Ξ‚P’–Ϊ,2018-03-19,01,“ΉHγ,{ω‚Ή‚Έ,‚ ‚θ
ή“,Τγ‚Λ‚η‚Ά,–{,]“‹΄π”Τ,131075,“‹“s,–n“c‹ζ,—Ξ‚Q’–Ϊ,2018-04-07,15,“ΉHγ,{ω‚Ή‚Έ,‚ ‚θ
ή“,Τγ‚Λ‚η‚Ά,–{,]“‹΄π”Τ,131075,“‹“s,–n“c‹ζ,—Ξ‚Q’–Ϊ,2018-08-15,17,κΛZ‘ξ,{ω‚Ή‚Έ,‚ ‚θ
ή“,Τγ‚Λ‚η‚Ά,–{,]“‹΄π”Τ,131075,“‹“s,–n“c‹ζ,—Ό‘‚Q’–Ϊ,2018-12-21,17,“ΉHγ,{ω‚Ή‚Έ,‚Θ‚µ
ή“,Τγ‚Λ‚η‚Ά,–{,‹Ρ…’¬‰w“μϋπ”Τ,131075,“‹“s,–n“c‹ζ,]“‹΄‚P’–Ϊ,2018-05-08,11,‚»‚Μ‘Ό,{ω‚Ή‚Έ,‚Θ‚µ
ή“,Τγ‚Λ‚η‚Ά,–{,‹Ρ…’¬‰w“μϋπ”Τ,131075,“‹“s,–n“c‹ζ,]“‹΄‚R’–Ϊ,2018-03-02,16,‚»‚Μ‘Ό,{ω‚Ή‚Έ,‚Θ‚µ
ή“,Τγ‚Λ‚η‚Ά,–{,‹Ρ…’¬‰w“μϋπ”Τ,131075,“‹“s,–n“c‹ζ,]“‹΄‚R’–Ϊ,2018-03-13,16,’“Τi—Φjκ,{ω‚Ή‚Έ,‚Θ‚µ
ή“,Τγ‚Λ‚η‚Ά,–{,‹Ρ…’¬‰w“μϋπ”Τ,131075,“‹“s,–n“c‹ζ,]“‹΄‚R’–Ϊ,2018-03-26,15,’“Τi—Φjκ,{ω‚Ή‚Έ,‚Θ‚µ
ή“,Τγ‚Λ‚η‚Ά,–{,‹Ρ…’¬‰w“μϋπ”Τ,131075,“‹“s,–n“c‹ζ,]“‹΄‚R’–Ϊ,2018-05-04,13,’“Τi—Φjκ,{ω‚Ή‚Έ,‚Θ‚µ
ή“,Τγ‚Λ‚η‚Ά,–{,‹Ρ…’¬‰w“μϋπ”Τ,131075,“‹“s,–n“c‹ζ,]“‹΄‚R’–Ϊ,2018-06-18,07,’“Τi—Φjκ,{ω‚Ή‚Έ,‚Θ‚µ
ή“,Τγ‚Λ‚η‚Ά,–{,‹Ρ…’¬‰w“μϋπ”Τ,131075,“‹“s,–n“c‹ζ,]“‹΄‚R’–Ϊ,2018-07-20,19,’“Τi—Φjκ,{ω‚Ή‚Έ,‚ ‚θ
ή“,Τγ‚Λ‚η‚Ά,–{,‹Ρ…’¬‰w“μϋπ”Τ,131075,“‹“s,–n“c‹ζ,]“‹΄‚R’–Ϊ,2018-07-24,22,’“Τi—Φjκ,{ω‚Ή‚Έ,‚Θ‚µ
ή“,Τγ‚Λ‚η‚Ά,–{,‹Ρ…’¬‰w“μϋπ”Τ,131075,“‹“s,–n“c‹ζ,]“‹΄‚S’–Ϊ,2018-04-07,03,“ΉHγ,{ω‚Ή‚Έ,‚ ‚θ
ή“,Τγ‚Λ‚η‚Ά,–{,‹Ρ…’¬‰w“μϋπ”Τ,131075,“‹“s,–n“c‹ζ,]“‹΄‚S’–Ϊ,2018-04-14,18,’“Τi—Φjκ,{ω‚Ή‚Έ,‚Θ‚µ
ή“,Τγ‚Λ‚η‚Ά,–{,‹Ρ…’¬‰w“μϋπ”Τ,131075,“‹“s,–n“c‹ζ,]“‹΄‚S’–Ϊ,2018-10-18,08,’“Τi—Φjκ,{ω‚Ή‚Έ,‚Θ‚µ
ή“,Τγ‚Λ‚η‚Ά,–{,‹Ρ…’¬‰w–kϋπ”Τ,131075,“‹“s,–n“c‹ζ,‹Ρ…‚P’–Ϊ,2018-10-16,17,“ΉHγ,{ω‚Ή‚Έ,‚ ‚θ
ή“,Τγ‚Λ‚η‚Ά,–{,‹Ρ…’¬‰w–kϋπ”Τ,131075,“‹“s,–n“c‹ζ,‹Ρ…‚S’–Ϊ,2018-08-21,20,‚»‚Μ‘Ό,{ω‚Ή‚Έ,‚Θ‚µ
ή“,Τγ‚Λ‚η‚Ά,–{,‹Ρ…’¬‰w–kϋπ”Τ,131075,“‹“s,–n“c‹ζ,‹Ρ…‚S’–Ϊ,2018-08-24,22,“ΉHγ,{ω‚Ή‚Έ,‚Θ‚µ
ή“,Τγ‚Λ‚η‚Ά,–{,‰΅μπ”Τ,131075,“‹“s,–n“c‹ζ,‘Ύ•½‚S’–Ϊ,2018-03-13,07,’“Τi—Φjκ,{ω‚Ή‚Έ,‚Θ‚µ
ή“,Τγ‚Λ‚η‚Ά,–{,‰΅μπ”Τ,131075,“‹“s,–n“c‹ζ,‘Ύ•½‚S’–Ϊ,2018-07-03,23,’“Τi—Φjκ,{ω‚Ή‚Έ,‚Θ‚µ
ή“,Τγ‚Λ‚η‚Ά,–{,‰΅μπ”Τ,131075,“‹“s,–n“c‹ζ,‘Ύ•½‚S’–Ϊ,2018-12-28,12,“ΉHγ,{ω‚Ή‚Έ,‚Θ‚µ
ή“,Τγ‚Λ‚η‚Ά,–{,‰΅μπ”Τ,131075,“‹“s,–n“c‹ζ,‹Ζ•½‚S’–Ϊ,2018-01-13,16,“ΉHγ,{ω‚Ή‚Έ,‚ ‚θ
ή“,Τγ‚Λ‚η‚Ά,–{,‰΅μπ”Τ,131075,“‹“s,–n“c‹ζ,‰΅μ‚Q’–Ϊ,2018-01-30,10,“ΉHγ,{ω‚Ή‚Έ,‚ ‚θ
ή“,Τγ‚Λ‚η‚Ά,–{,‰΅μπ”Τ,131075,“‹“s,–n“c‹ζ,‰΅μ‚Q’–Ϊ,2018-04-07,19,‚»‚Μ‘Ό,{ω‚Ή‚Έ,‚ ‚θ
ή“,Τγ‚Λ‚η‚Ά,–{,‰΅μπ”Τ,131075,“‹“s,–n“c‹ζ,‰΅μ‚T’–Ϊ,2018-03-17,13,‚SK‚ΔΘγ‹¤“―Z‘ξ,{ω‚Ή‚Έ,‚Θ‚µ
ή“,Τγ‚Λ‚η‚Ά,–{,‰γ‰w‘Oπ”Τ,131075,“‹“s,–n“c‹ζ,‰γ‚P’–Ϊ,2018-05-03,17,’“Τi—Φjκ,{ω‚Ή‚Έ,‚Θ‚µ
ή“,Τγ‚Λ‚η‚Ά,–{,‰γ‰w‘Oπ”Τ,131075,“‹“s,–n“c‹ζ,‰γ‚Q’–Ϊ,2018-09-25,18,‚SK‚ΔΘγ‹¤“―Z‘ξ,{ω‚Ή‚Έ,‚ ‚θ
ή“,Τγ‚Λ‚η‚Ά,–{,‰γ‰w‘Oπ”Τ,131075,“‹“s,–n“c‹ζ,‹Ζ•½‚R’–Ϊ,2018-08-01,07,“ΉHγ,{ω‚Ή‚Έ,‚Θ‚µ
ή“,Τγ‚Λ‚η‚Ά,–{,‰γ‰w‘Oπ”Τ,131075,“‹“s,–n“c‹ζ,‹Ζ•½‚S’–Ϊ,2018-08-26,09,“ΉHγ,{ω‚Ή‚Έ,‚ ‚θ
ή“,Τγ‚Λ‚η‚Ά,–{,ό“‡π”Τ,131075,“‹“s,–n“c‹ζ,ό“‡‚R’–Ϊ,2018-03-09,16,“ΉHγ,{ω‚Ή‚Έ,‚Θ‚µ
ή“,Τγ‚Λ‚η‚Ά,–{,ό“‡π”Τ,131075,“‹“s,–n“c‹ζ,ό“‡‚R’–Ϊ,2018-11-27,11,“ΉHγ,{ω‚Ή‚Έ,‚Θ‚µ
ή“,Τγ‚Λ‚η‚Ά,–{,ό“‡π”Τ,131075,“‹“s,–n“c‹ζ,ό“‡‚S’–Ϊ,2018-08-25,07,‚»‚Μ‘Ό,{ω‚Ή‚Έ,‚ ‚θ
ή“,Τγ‚Λ‚η‚Ά,–{,ό“‡π”Τ,131075,“‹“s,–n“c‹ζ,ό“‡‚S’–Ϊ,2018-09-21,10,’“Τi—Φjκ,{ω‚Ή‚Έ,‚ ‚θ
ή“,Τγ‚Λ‚η‚Ά,–{,αΘ‹΄π”Τ,131075,“‹“s,–n“c‹ζ,‘Ύ•½‚P’–Ϊ,2018-02-15,14,“ΉHγ,{ω‚Ή‚Έ,‚ ‚θ
ή“,Τγ‚Λ‚η‚Ά,–{,‰΅–Τπ”Τ,131075,“‹“s,–n“c‹ζ,–{‚P’–Ϊ,2018-07-14,18,“ΉHγ,{ω‚Ή‚Έ,‚Θ‚µ
ή“,Τγ‚Λ‚η‚Ά,–{,Ύ–βπ”Τ,131075,“‹“s,–n“c‹ζ,αΘ‹΄‚R’–Ϊ,2018-05-29,21,“ΉHγ,{ω‚Ή‚Έ,‚Θ‚µ
ή“,Τγ‚Λ‚η‚Ά,ό“‡,•½δ‹΄π”Τ,131075,“‹“s,–n“c‹ζ,—§‰Τ‚U’–Ϊ,2018-06-08,16,’“Τi—Φjκ,{ω‚Ή‚Έ,‚ ‚θ
ή“,Τγ‚Λ‚η‚Ά,ό“‡,¬‘Ίδπ”Τ,131075,“‹“s,–n“c‹ζ,—§‰Τ‚P’–Ϊ,2018-07-01,11,‚»‚Μ‘Ό,{ω‚Ή‚Έ,‚Θ‚µ
ή“,Τγ‚Λ‚η‚Ά,ό“‡,¬‘Ίδπ”Τ,131075,“‹“s,–n“c‹ζ,—§‰Τ‚P’–Ϊ,2018-08-16,19,“ΉHγ,{ω‚Ή‚Έ,‚Θ‚µ
ή“,Τγ‚Λ‚η‚Ά,ό“‡,¬‘Ίδπ”Τ,131075,“‹“s,–n“c‹ζ,—§‰Τ‚Q’–Ϊ,2018-11-24,16,‚»‚Μ‘Ό,{ω‚Ή‚Έ,‚ ‚θ
ή“,Τγ‚Λ‚η‚Ά,ό“‡,¬‘Ίδπ”Τ,131075,“‹“s,–n“c‹ζ,—§‰Τ‚T’–Ϊ,2018-05-09,18,“ΉHγ,{ω‚Ή‚Έ,‚ ‚θ
ή“,Τγ‚Λ‚η‚Ά,ό“‡,¬‘Ίδπ”Τ,131075,“‹“s,–n“c‹ζ,—§‰Τ‚T’–Ϊ,2018-05-29,17,“ΉHγ,{ω‚Ή‚Έ,‚Θ‚µ
ή“,Τγ‚Λ‚η‚Ά,ό“‡,¬‘Ίδπ”Τ,131075,“‹“s,–n“c‹ζ,•¶‰Τ‚P’–Ϊ,2018-02-26,14,‚SK‚ΔΘγ‹¤“―Z‘ξ,{ω‚Ή‚Έ,‚ ‚θ
ή“,Τγ‚Λ‚η‚Ά,ό“‡,‹“‡“ρ’–Ϊπ”Τ,131075,“‹“s,–n“c‹ζ,‹“‡‚P’–Ϊ,2018-03-03,12,’“Τi—Φjκ,{ω‚Ή‚Έ,‚Θ‚µ
ή“,Τγ‚Λ‚η‚Ά,ό“‡,‹“‡“ρ’–Ϊπ”Τ,131075,“‹“s,–n“c‹ζ,‹“‡‚R’–Ϊ,2018-01-09,05,“ΉHγ,{ω‚Ή‚Έ,‚Θ‚µ
ή“,Τγ‚Λ‚η‚Ά,ό“‡,‹“‡“ρ’–Ϊπ”Τ,131075,“‹“s,–n“c‹ζ,‹“‡‚R’–Ϊ,2018-04-15,16,“ΉHγ,{ω‚Ή‚Έ,‚ ‚θ
ή“,Τγ‚Λ‚η‚Ά,ό“‡,‹“‡“ρ’–Ϊπ”Τ,131075,“‹“s,–n“c‹ζ,”ªL‚Q’–Ϊ,2018-07-14,09,“ΉHγ,{ω‚Ή‚Έ,‚ ‚θ
ή“,Τγ‚Λ‚η‚Ά,ό“‡,‰gMπ”Τ,131075,“‹“s,–n“c‹ζ,‹“‡‚P’–Ϊ,2018-05-28,13,“ΉHγ,{ω‚Ή‚Έ,‚ ‚θ
ή“,Τγ‚Λ‚η‚Ά,ό“‡,‰gMπ”Τ,131075,“‹“s,–n“c‹ζ,“ό“‡‚Q’–Ϊ,2018-08-01,08,“ΉHγ,{ω‚Ή‚Έ,‚ ‚θ
ή“,Τγ‚Λ‚η‚Ά,ό“‡,“ό“‡π”Τ,131075,“‹“s,–n“c‹ζ,“ό“‡‚S’–Ϊ,2018-02-10,00,‚»‚Μ‘Ό,{ω‚Ή‚Έ,‚Θ‚µ
ή“,Τγ‚Λ‚η‚Ά,ό“‡,“ό“‡π”Τ,131075,“‹“s,–n“c‹ζ,“ό“‡‚S’–Ϊ,2018-07-05,21,’“Τi—Φjκ,{ω‚Ή‚Έ,‚Θ‚µ
ή“,Τγ‚Λ‚η‚Ά,ό“‡,“ό“‡π”Τ,131075,“‹“s,–n“c‹ζ,“ό“‡‚S’–Ϊ,2018-08-02,09,’“Τi—Φjκ,{ω‚Ή‚Έ,‚Θ‚µ
ή“,Τγ‚Λ‚η‚Ά,ό“‡,”’ιΆ‹΄π”Τ,131075,“‹“s,–n“c‹ζ,–n“c‚P’–Ϊ,2018-06-06,19,‚SK‚ΔΘγ‹¤“―Z‘ξ,{ω‚Ή‚Έ,‚Θ‚µ
ή“,Τγ‚Λ‚η‚Ά,ό“‡,”’ιΆ‹΄π”Τ,131075,“‹“s,–n“c‹ζ,–n“c‚P’–Ϊ,2018-06-09,17,‚SK‚ΔΘγ‹¤“―Z‘ξ,{ω‚Ή‚Έ,‚Θ‚µ
ή“,Τγ‚Λ‚η‚Ά,ό“‡,”’ιΆ‹΄π”Τ,131075,“‹“s,–n“c‹ζ,–n“c‚Q’–Ϊ,2018-05-29,18,’“Τi—Φjκ,{ω‚Ή‚Έ,‚Θ‚µ
ή“,Τγ‚Λ‚η‚Ά,ό“‡,”’ιΆ‹΄π”Τ,131075,“‹“s,–n“c‹ζ,–n“c‚Q’–Ϊ,2018-10-27,15,‚»‚Μ‘Ό,{ω‚Ή‚Έ,‚ ‚θ
ή“,Τγ‚Λ‚η‚Ά,ό“‡,”’ιΆ‹΄π”Τ,131075,“‹“s,–n“c‹ζ,–n“c‚Q’–Ϊ,2018-11-10,15,’“Τi—Φjκ,{ω‚Ή‚Έ,‚ ‚θ
ή“,Τγ‚Λ‚η‚Ά,ό“‡,”’ιΆ‹΄π”Τ,131075,“‹“s,–n“c‹ζ,“ό“‡‚R’–Ϊ,2018-10-25,13,“ΉHγ,{ω‚Ή‚Έ,‚ ‚θ
ή“,Τγ‚Λ‚η‚Ά,ό“‡,”’ιΆ‹΄π”Τ,131075,“‹“s,–n“c‹ζ,“ό“‡‚S’–Ϊ,2018-09-03,16,“ΉHγ,{ω‚Ή‚Έ,‚ ‚θ
ή“,Τγ‚Λ‚η‚Ά,ό“‡,ΰƒP•£‰w‘Oπ”Τ,131075,“‹“s,–n“c‹ζ,–n“c‚T’–Ϊ,2018-10-05,14,’“Τi—Φjκ,{ω‚Ή‚Έ,‚Θ‚µ
ή“,Τγ‚Λ‚η‚Ά,ό“‡,ΰƒP•£‰w‘Oπ”Τ,131075,“‹“s,–n“c‹ζ,’η’Κ‚Q’–Ϊ,2018-01-07,11,“ΉHγ,{ω‚Ή‚Έ,‚ ‚θ
ή“,Τγ‚Λ‚η‚Ά,ό“‡,”ªLl’–Ϊπ”Τ,131075,“‹“s,–n“c‹ζ,”ªL‚S’–Ϊ,2018-01-18,12,κΛZ‘ξ,{ω‚Ή‚Έ,‚ ‚θ
ή“,Τγ‚Λ‚η‚Ά,‹T—L,¬›π”Τ,131229,“‹“s,‹ό‹ζ,¬›‚Q’–Ϊ,2018-12-27,14,“ΉHγ,{ω‚Ή‚Έ,‚ ‚θ
ή“,Τγ‚Λ‚η‚Ά,‹T—L,¬›π”Τ,131229,“‹“s,‹ό‹ζ,¬›‚S’–Ϊ,2018-02-06,11,‚»‚Μ‘Ό‚ΜZ‘ξi‚RK‚ΔΘ‰Ί‹¤“―Z‘ξ“™j,{ω‚Ή‚Έ,‚ ‚θ
ή“,Τγ‚Λ‚η‚Ά,‹T—L,¬›π”Τ,131229,“‹“s,‹ό‹ζ,¬›‚S’–Ϊ,2018-04-29,13,’“Τi—Φjκ,{ω‚Ή‚Έ,‚ ‚θ
ή“,Τγ‚Λ‚η‚Ά,‹T—L,–xΨµ’–Ϊπ”Τ,131229,“‹“s,‹ό‹ζ,Ό‹T—L‚P’–Ϊ,2018-10-27,17,‚»‚Μ‘Ό,{ω‚Ή‚Έ,‚ ‚θ
ή“,Τγ‚Λ‚η‚Ά,‹T—L,–xΨµ’–Ϊπ”Τ,131229,“‹“s,‹ό‹ζ,–xΨ‚T’–Ϊ,2018-09-14,22,“ΉHγ,{ω‚Ή‚Έ,‚Θ‚µ
ή“,Τγ‚Λ‚η‚Ά,‹T—L,–xΨµ’–Ϊπ”Τ,131229,“‹“s,‹ό‹ζ,–xΨ‚V’–Ϊ,2018-03-02,16,’“Τi—Φjκ,{ω‚Ή‚Έ,‚ ‚θ
ή“,Τγ‚Λ‚η‚Ά,‹T—L,‚¨‰Τ’ƒ‰®π”Τ,131229,“‹“s,‹ό‹ζ,”’’Ή‚Q’–Ϊ,2018-04-01,06,’“Τi—Φjκ,{ω‚Ή‚Έ,‚ ‚θ
ή“,Τγ‚Λ‚η‚Ά,‹T—L,ΒΛπ”Τ,131229,“‹“s,‹ό‹ζ,ΒΛ‚R’–Ϊ,2018-04-22,20,’“Τi—Φjκ,{ω‚Ή‚Έ,‚Θ‚µ
ή“,Τγ‚Λ‚η‚Ά,‹T—L,ΒΛπ”Τ,131229,“‹“s,‹ό‹ζ,ΒΛ‚R’–Ϊ,2018-11-30,16,‚»‚Μ‘Ό,{ω‚Ή‚Έ,‚Θ‚µ
ή“,Τγ‚Λ‚η‚Ά,‹T—L,ΒΛπ”Τ,131229,“‹“s,‹ό‹ζ,ΒΛ‚S’–Ϊ,2018-07-27,11,“ΉHγ,{ω‚Ή‚Έ,‚Θ‚µ
ή“,Τγ‚Λ‚η‚Ά,‹T—L,ΒΛπ”Τ,131229,“‹“s,‹ό‹ζ,ΒΛ‚S’–Ϊ,2018-10-11,15,‚»‚Μ‘Ό,{ω‚Ή‚Έ,‚Θ‚µ
ή“,Τγ‚Λ‚η‚Ά,‹T—L,ΒΛπ”Τ,131229,“‹“s,‹ό‹ζ,ΒΛ‚T’–Ϊ,2018-06-26,05,“ΉHγ,{ω‚Ή‚Έ,‚ ‚θ
ή“,Τγ‚Λ‚η‚Ά,‹T—L,ΒΛπ”Τ,131229,“‹“s,‹ό‹ζ,ΒΛ‚W’–Ϊ,2018-04-28,21,‚»‚Μ‘Ό‚ΜZ‘ξi‚RK‚ΔΘ‰Ί‹¤“―Z‘ξ“™j,{ω‚Ή‚Έ,‚ ‚θ
ή“,Τγ‚Λ‚η‚Ά,‹T—L,‹T—L‰w“μϋπ”Τ,131229,“‹“s,‹ό‹ζ,‹T—L‚P’–Ϊ,2018-11-23,13,“ΉHγ,{ω‚Ή‚Έ,‚ ‚θ
ή“,Τγ‚Λ‚η‚Ά,‹T—L,‹T—L‰w“μϋπ”Τ,131229,“‹“s,‹ό‹ζ,‹T—L‚Q’–Ϊ,2018-02-08,00,“ΉHγ,{ω‚Ή‚Έ,‚Θ‚µ
ή“,Τγ‚Λ‚η‚Ά,‹T—L,‹T—L‰w“μϋπ”Τ,131229,“‹“s,‹ό‹ζ,‹T—L‚Q’–Ϊ,2018-05-24,21,’“Τi—Φjκ,{ω‚Ή‚Έ,‚Θ‚µ
ή“,Τγ‚Λ‚η‚Ά,‹T—L,‹T—L‰w“μϋπ”Τ,131229,“‹“s,‹ό‹ζ,‹T—L‚Q’–Ϊ,2018-08-22,20,’“Τi—Φjκ,{ω‚Ή‚Έ,‚Θ‚µ
ή“,Τγ‚Λ‚η‚Ά,‹T—L,‹T—L‰w“μϋπ”Τ,131229,“‹“s,‹ό‹ζ,‹T—L‚R’–Ϊ,2018-01-10,19,’“Τi—Φjκ,{ω‚Ή‚Έ,‚Θ‚µ
ή“,Τγ‚Λ‚η‚Ά,‹T—L,‹T—L‰w“μϋπ”Τ,131229,“‹“s,‹ό‹ζ,‹T—L‚R’–Ϊ,2018-02-07,21,“ΉHγ,{ω‚Ή‚Έ,‚ ‚θ
ή“,Τγ‚Λ‚η‚Ά,‹T—L,‹T—L‰w“μϋπ”Τ,131229,“‹“s,‹ό‹ζ,‹T—L‚R’–Ϊ,2018-03-26,10,’“Τi—Φjκ,{ω‚Ή‚Έ,‚ ‚θ
ή“,Τγ‚Λ‚η‚Ά,‹T—L,‹T—L‰w“μϋπ”Τ,131229,“‹“s,‹ό‹ζ,‹T—L‚R’–Ϊ,2018-03-29,12,’“Τi—Φjκ,{ω‚Ή‚Έ,‚Θ‚µ
ή“,Τγ‚Λ‚η‚Ά,‹T—L,‹T—L‰w“μϋπ”Τ,131229,“‹“s,‹ό‹ζ,‹T—L‚R’–Ϊ,2018-08-01,18,“ΉHγ,{ω‚Ή‚Έ,‚Θ‚µ
ή“,Τγ‚Λ‚η‚Ά,‹T—L,‹T—L‰w“μϋπ”Τ,131229,“‹“s,‹ό‹ζ,‹T—L‚R’–Ϊ,2018-10-07,10,’“Τi—Φjκ,{ω‚Ή‚Έ,‚ ‚θ
ή“,Τγ‚Λ‚η‚Ά,‹T—L,‹T—L‰w“μϋπ”Τ,131229,“‹“s,‹ό‹ζ,‹T—L‚R’–Ϊ,2018-10-17,20,’“Τi—Φjκ,{ω‚Ή‚Έ,‚Θ‚µ
ή“,Τγ‚Λ‚η‚Ά,‹T—L,‹T—L‰w–kϋπ”Τ,131229,“‹“s,‹ό‹ζ,‹T—L‚T’–Ϊ,2018-01-30,16,“ΉHγ,{ω‚Ή‚Έ,‚Θ‚µ
ή“,Τγ‚Λ‚η‚Ά,‹T—L,‹ΰ’¬‰w“μϋπ”Τ,131229,“‹“s,‹ό‹ζ,‹ΰ’¬‚R’–Ϊ,2018-07-26,13,“ΉHγ,{ω‚Ή‚Έ,‚ ‚θ
ή“,Τγ‚Λ‚η‚Ά,‹T—L,‹ΰ’¬‰w“μϋπ”Τ,131229,“‹“s,‹ό‹ζ,‹ΰ’¬‚T’–Ϊ,2018-07-26,15,“ΉHγ,{ω‚Ή‚Έ,‚ ‚θ
ή“,Τγ‚Λ‚η‚Ά,‹T—L,‹ΰ’¬‰w“μϋπ”Τ,131229,“‹“s,‹ό‹ζ,Δ–”‚P’–Ϊ,2018-01-10,09,“ΉHγ,{ω‚Ή‚Έ,‚ ‚θ
ή“,Τγ‚Λ‚η‚Ά,‹T—L,Δ–”π”Τ,131229,“‹“s,‹ό‹ζ,Δ–”‚S’–Ϊ,2018-02-13,19,‚SK‚ΔΘγ‹¤“―Z‘ξ,{ω‚Ή‚Έ,‚ ‚θ
ή“,Τγ‚Λ‚η‚Ά,‹T—L,Δ–”π”Τ,131229,“‹“s,‹ό‹ζ,Δ–”‚S’–Ϊ,2018-06-14,12,’“Τi—Φjκ,{ω‚Ή‚Έ,‚Θ‚µ
ή“,Τγ‚Λ‚η‚Ά,‹T—L,Δ–”π”Τ,131229,“‹“s,‹ό‹ζ,Δ–”‚U’–Ϊ,2018-11-19,14,’“Τi—Φjκ,{ω‚Ή‚Έ,‚ ‚θ
ή“,Τγ‚Λ‚η‚Ά,‹T—L,Δ–”π”Τ,131229,“‹“s,‹ό‹ζ,Δ–”‚V’–Ϊ,2018-03-24,09,“ΉHγ,{ω‚Ή‚Έ,‚ ‚θ
ή“,Τγ‚Λ‚η‚Ά,‹T—L,Ό‹T—Lπ”Τ,131229,“‹“s,‹ό‹ζ,‹T—L‚S’–Ϊ,2018-08-31,12,‚SK‚ΔΘγ‹¤“―Z‘ξ,{ω‚Ή‚Έ,‚ ‚θ
ή“,Τγ‚Λ‚η‚Ά,‹T—L,Ό‹T—Lπ”Τ,131229,“‹“s,‹ό‹ζ,Ό‹T—L‚Q’–Ϊ,2018-10-08,18,“ΉHγ,{ω‚Ή‚Έ,‚ ‚θ
ή“,Τγ‚Λ‚η‚Ά,‹T—L,Ό‹T—Lπ”Τ,131229,“‹“s,‹ό‹ζ,–xΨ‚T’–Ϊ,2018-11-25,12,‚SK‚ΔΘγ‹¤“―Z‘ξ,{ω‚Ή‚Έ,‚Θ‚µ
ή“,Τγ‚Λ‚η‚Ά,‹T—L,ΒΛ“μ•”’“έ,131229,“‹“s,‹ό‹ζ,ΒΛ‚R’–Ϊ,2018-07-24,17,“ΉHγ,{ω‚Ή‚Έ,‚Θ‚µ
ή“,Τγ‚Λ‚η‚Ά,‹T—L,ΒΛ“μ•”’“έ,131229,“‹“s,‹ό‹ζ,ΒΛ‚T’–Ϊ,2018-07-15,02,’“Τi—Φjκ,{ω‚Ή‚Έ,‚Θ‚µ
ή“,Τγ‚Λ‚η‚Ά,‹T—L,ΒΛ“μ•”’“έ,131229,“‹“s,‹ό‹ζ,ΒΛ‚U’–Ϊ,2018-09-09,12,“ΉHγ,{ω‚Ή‚Έ,‚ ‚θ
ή“,Τγ‚Λ‚η‚Ά,‹T—L,‹T“c‹΄’“έ,131229,“‹“s,‹ό‹ζ,‚»‚V’–Ϊ,2018-10-28,10,“ΉHγ,{ω‚Ή‚Έ,‚Θ‚µ
ή“,Τγ‚Λ‚η‚Ά,‹T—L,‹ΰ’¬‰w–kϋπ”Τ,131229,“‹“s,‹ό‹ζ,“‹ΰ’¬‚P’–Ϊ,2018-02-28,16,‚SK‚ΔΘγ‹¤“―Z‘ξ,{ω‚Ή‚Έ,‚Θ‚µ
ή“,Τγ‚Λ‚η‚Ά,‹T—L,‹ΰ’¬‰w–kϋπ”Τ,131229,“‹“s,‹ό‹ζ,“‹ΰ’¬‚P’–Ϊ,2018-04-05,11,’“Τi—Φjκ,{ω‚Ή‚Έ,‚ ‚θ
ή“,Τγ‚Λ‚η‚Ά,‹T—L,‹ΰ’¬‰w–kϋπ”Τ,131229,“‹“s,‹ό‹ζ,“‹ΰ’¬‚R’–Ϊ,2018-03-11,13,“ΉHγ,{ω‚Ή‚Έ,‚ ‚θ
ή“,Τγ‚Λ‚η‚Ά,‹T—L,“‹ΰ’¬π”Τ,131229,“‹“s,‹ό‹ζ,“‹ΰ’¬‚V’–Ϊ,2018-10-14,13,’“Τi—Φjκ,{ω‚Ή‚Έ,‚ ‚θ
ή“,Τγ‚Λ‚η‚Ά,‹T—L,…³φ‰€‘Oπ”Τ,131229,“‹“s,‹ό‹ζ,“…³‚Q’–Ϊ,2018-01-04,18,‚»‚Μ‘Ό‚ΜZ‘ξi‚RK‚ΔΘ‰Ί‹¤“―Z‘ξ“™j,{ω‚Ή‚Έ,‚Θ‚µ
ή“,Τγ‚Λ‚η‚Ά,‹T—L,…³φ‰€‘Oπ”Τ,131229,“‹“s,‹ό‹ζ,…³‚P’–Ϊ,2018-03-09,18,’“Τi—Φjκ,{ω‚Ή‚Έ,‚Θ‚µ
ή“,Τγ‚Λ‚η‚Ά,‹T—L,…³φ‰€‘Oπ”Τ,131229,“‹“s,‹ό‹ζ,…³‚Q’–Ϊ,2018-04-25,18,’“Τi—Φjκ,{ω‚Ή‚Έ,‚ ‚θ
ή“,Τγ‚Λ‚η‚Ά,‹T—L,…³φ‰€‘Oπ”Τ,131229,“‹“s,‹ό‹ζ,…³‚R’–Ϊ,2018-04-14,14,’“Τi—Φjκ,{ω‚Ή‚Έ,‚Θ‚µ
ή“,Τγ‚Λ‚η‚Ά,‹T—L,…³φ‰€‘Oπ”Τ,131229,“‹“s,‹ό‹ζ,“μ…³‚P’–Ϊ,2018-07-31,16,κΛZ‘ξ,{ω‚Ή‚Έ,‚ ‚θ
ή“,Τγ‚Λ‚η‚Ά,‹T—L,…³φ‰€‘Oπ”Τ,131229,“‹“s,‹ό‹ζ,“μ…³‚S’–Ϊ,2018-08-02,21,’“Τi—Φjκ,{ω‚Ή‚Έ,‚Θ‚µ
ή“,Τγ‚Λ‚η‚Ά,‹T—L,Ό…³’“έ,131229,“‹“s,‹ό‹ζ,Ό…³‚U’–Ϊ,2018-12-06,17,’“Τi—Φjκ,{ω‚Ή‚Έ,‚Θ‚µ
ή“,Τγ‚Λ‚η‚Ά,‹T—L,…³’“έ,131229,“‹“s,‹ό‹ζ,Ό…³‚Q’–Ϊ,2018-03-13,13,’“Τi—Φjκ,{ω‚Ή‚Έ,‚ ‚θ
ή“,Τγ‚Λ‚η‚Ά,‹T—L,Δ–”“ρ’–Ϊπ”Τ,131229,“‹“s,‹ό‹ζ,Vh‚S’–Ϊ,2018-01-12,19,κΛZ‘ξ,{ω‚Ή‚Έ,‚ ‚θ
ή“,Τγ‚Λ‚η‚Ά,‹T—L,Δ–”“ρ’–Ϊπ”Τ,131229,“‹“s,‹ό‹ζ,Vh‚S’–Ϊ,2018-07-23,23,“ΉHγ,{ω‚Ή‚Έ,‚ ‚θ
ή“,Τγ‚Λ‚η‚Ά,‹T—L,‹O‹΄π”Τ,131229,“‹“s,‹ό‹ζ,…³‚Q’–Ϊ,2018-10-18,19,’“Τi—Φjκ,{ω‚Ή‚Έ,‚Θ‚µ
ή“,Τγ‚Λ‚η‚Ά,‹ό,lƒc–Ψπ”Τ,131229,“‹“s,‹ό‹ζ,l‚Β–Ψ‚Q’–Ϊ,2018-09-20,20,‚»‚Μ‘Ό,{ω‚Ή‚Έ,‚Θ‚µ
ή“,Τγ‚Λ‚η‚Ά,‹ό,lƒc–Ψπ”Τ,131229,“‹“s,‹ό‹ζ,l‚Β–Ψ‚R’–Ϊ,2018-01-30,20,‚»‚Μ‘Ό‚ΜZ‘ξi‚RK‚ΔΘ‰Ί‹¤“―Z‘ξ“™j,{ω‚Ή‚Έ,‚ ‚θ
ή“,Τγ‚Λ‚η‚Ά,‹ό,–xΨ‰w‘Oπ”Τ,131229,“‹“s,‹ό‹ζ,–xΨ‚P’–Ϊ,2018-04-30,13,‚SK‚ΔΘγ‹¤“―Z‘ξ,{ω‚Ή‚Έ,‚Θ‚µ
ή“,Τγ‚Λ‚η‚Ά,‹ό,–xΨ‰w‘Oπ”Τ,131229,“‹“s,‹ό‹ζ,–xΨ‚Q’–Ϊ,2018-07-14,09,“ΉHγ,{ω‚Ή‚Έ,‚ ‚θ
ή“,Τγ‚Λ‚η‚Ά,‹ό,–xΨ‰w‘Oπ”Τ,131229,“‹“s,‹ό‹ζ,–xΨ‚R’–Ϊ,2018-10-05,18,“ΉHγ,{ω‚Ή‚Έ,‚Θ‚µ
ή“,Τγ‚Λ‚η‚Ά,‹ό,•σ’¬π”Τ,131229,“‹“s,‹ό‹ζ,•σ’¬‚Q’–Ϊ,2018-09-30,16,‚»‚Μ‘Ό‚ΜZ‘ξi‚RK‚ΔΘ‰Ί‹¤“―Z‘ξ“™j,{ω‚Ή‚Έ,‚ ‚θ
ή“,Τγ‚Λ‚η‚Ά,‹ό,—§Ξπ”Τ,131229,“‹“s,‹ό‹ζ,—§Ξ‚P’–Ϊ,2018-04-26,12,“ΉHγ,{ω‚Ή‚Έ,‚Θ‚µ
ή“,Τγ‚Λ‚η‚Ά,‹ό,—§Ξπ”Τ,131229,“‹“s,‹ό‹ζ,“—§Ξ‚S’–Ϊ,2018-06-08,20,‚»‚Μ‘Ό‚ΜZ‘ξi‚RK‚ΔΘ‰Ί‹¤“―Z‘ξ“™j,{ω‚Ή‚Έ,‚ ‚θ
ή“,Τγ‚Λ‚η‚Ά,‹ό,—§Ξ‰w‘Oπ”Τ,131229,“‹“s,‹ό‹ζ,—§Ξ‚S’–Ϊ,2018-05-28,23,“ΉHγ,{ω‚Ή‚Έ,‚ ‚θ
ή“,Τγ‚Λ‚η‚Ά,‹ό,—§Ξ‰w‘Oπ”Τ,131229,“‹“s,‹ό‹ζ,—§Ξ‚S’–Ϊ,2018-10-13,15,‚»‚Μ‘Ό,{ω‚Ή‚Έ,‚Θ‚µ
ή“,Τγ‚Λ‚η‚Ά,‹ό,—§Ξ‰w‘Oπ”Τ,131229,“‹“s,‹ό‹ζ,—§Ξ‚S’–Ϊ,2018-11-14,12,‚»‚Μ‘Ό,{ω‚Ή‚Έ,‚Θ‚µ
ή“,Τγ‚Λ‚η‚Ά,‹ό,—§Ξ‰w‘Oπ”Τ,131229,“‹“s,‹ό‹ζ,—§Ξ‚V’–Ϊ,2018-06-26,12,“ΉHγ,{ω‚Ή‚Έ,‚ ‚θ
ή“,Τγ‚Λ‚η‚Ά,‹ό,Β“u‰w‘Oπ”Τ,131229,“‹“s,‹ό‹ζ,—§Ξ‚W’–Ϊ,2018-04-13,13,“ΉHγ,{ω‚Ή‚Έ,‚ ‚θ
ή“,Τγ‚Λ‚η‚Ά,‹ό,‚»‰w‘Oπ”Τ,131229,“‹“s,‹ό‹ζ,‚»‚T’–Ϊ,2018-05-21,23,“ΉHγ,{ω‚Ή‚Έ,‚ ‚θ
ή“,Τγ‚Λ‚η‚Ά,‹ό,Χ“cπ”Τ,131229,“‹“s,‹ό‹ζ,Χ“c‚R’–Ϊ,2018-06-03,18,“ΉHγ,{ω‚Ή‚Έ,‚ ‚θ
ή“,Τγ‚Λ‚η‚Ά,‹ό,Χ“cπ”Τ,131229,“‹“s,‹ό‹ζ,Χ“c‚R’–Ϊ,2018-11-07,11,“ΉHγ,{ω‚Ή‚Έ,‚Θ‚µ
ή“,Τγ‚Λ‚η‚Ά,‹ό,Χ“cπ”Τ,131229,“‹“s,‹ό‹ζ,Χ“c‚S’–Ϊ,2018-12-20,08,‚»‚Μ‘Ό,{ω‚Ή‚Έ,‚ ‚θ
ή“,Τγ‚Λ‚η‚Ά,‹ό,V¬β‰w‘Oπ”Τ,131229,“‹“s,‹ό‹ζ,V¬β‚P’–Ϊ,2018-08-16,23,“ΉHγ,{ω‚Ή‚Έ,‚ ‚θ
ή“,Τγ‚Λ‚η‚Ά,‹ό,‚½‚Β‚έ‹΄π”Τ,131229,“‹“s,‹ό‹ζ,ΌV¬β‚R’–Ϊ,2018-10-11,•s–Ύ,κΛZ‘ξ,{ω‚Ή‚Έ,‚ ‚θ
ή“,Τγ‚Λ‚η‚Ά,‹ό,‚½‚Β‚έ‹΄π”Τ,131229,“‹“s,‹ό‹ζ,ΌV¬β‚S’–Ϊ,2018-02-02,15,’“Τi—Φjκ,{ω‚Ή‚Έ,‚Θ‚µ
ή“,Τγ‚Λ‚η‚Ά,‹ό,‚½‚Β‚έ‹΄π”Τ,131229,“‹“s,‹ό‹ζ,ΌV¬β‚S’–Ϊ,2018-06-19,13,“ΉHγ,{ω‚Ή‚Έ,‚ ‚θ
ή“,Τγ‚Λ‚η‚Ά,‹ό,‚½‚Β‚έ‹΄π”Τ,131229,“‹“s,‹ό‹ζ,ΌV¬β‚S’–Ϊ,2018-09-04,22,κΛZ‘ξ,{ω‚Ή‚Έ,‚Θ‚µ
ή“,Τγ‚Λ‚η‚Ά,‹ό,γ•½δπ”Τ,131229,“‹“s,‹ό‹ζ,“V¬β‚S’–Ϊ,2018-05-06,01,‚»‚Μ‘Ό‚ΜZ‘ξi‚RK‚ΔΘ‰Ί‹¤“―Z‘ξ“™j,{ω‚Ή‚Έ,‚ ‚θ
ή“,Τγ‚Λ‚η‚Ά,‹ό,γ•½δπ”Τ,131229,“‹“s,‹ό‹ζ,“V¬β‚S’–Ϊ,2018-08-21,19,κΛZ‘ξ,{ω‚Ή‚Έ,‚Θ‚µ
ή“,Τγ‚Λ‚η‚Ά,‹ό,γ•½δπ”Τ,131229,“‹“s,‹ό‹ζ,“V¬β‚V’–Ϊ,2018-03-17,15,“ΉHγ,{ω‚Ή‚Έ,‚Θ‚µ
ή“,Τγ‚Λ‚η‚Ά,‹ό,•½a‹΄π”Τ,131229,“‹“s,‹ό‹ζ,“—§Ξ‚Q’–Ϊ,2018-03-26,18,’“Τi—Φjκ,{ω‚Ή‚Έ,‚Θ‚µ
ή“,Τγ‚Λ‚η‚Ά,‹ό,lƒc–Ψ‰w‘Oπ”Τ,131229,“‹“s,‹ό‹ζ,“l‚Β–Ψ‚S’–Ϊ,2018-03-15,17,’“Τi—Φjκ,{ω‚Ή‚Έ,‚Θ‚µ
ή“,Τγ‚Λ‚η‚Ά,‹ό,lƒc–Ψ‰w‘Oπ”Τ,131229,“‹“s,‹ό‹ζ,“l‚Β–Ψ‚S’–Ϊ,2018-11-08,04,‚»‚Μ‘Ό,{ω‚Ή‚Έ,‚Θ‚µ
ή“,Τγ‚Λ‚η‚Ά,‹ό,‰Λπ”Τ,131229,“‹“s,‹ό‹ζ,‰Λ‚R’–Ϊ,2018-10-04,00,‚»‚Μ‘Ό,{ω‚Ή‚Έ,‚Θ‚µ
ή“,Τγ‚Λ‚η‚Ά,‹ό,‰Λπ”Τ,131229,“‹“s,‹ό‹ζ,‰Λ‚S’–Ϊ,2018-03-16,11,‚»‚Μ‘Ό,{ω‚Ή‚Έ,‚Θ‚µ
ή“,Τγ‚Λ‚η‚Ά,‹ό,‰Λπ”Τ,131229,“‹“s,‹ό‹ζ,‰Λ‚U’–Ϊ,2018-02-27,11,“ΉHγ,{ω‚Ή‚Έ,‚Θ‚µ
ή“,Τγ‚Λ‚η‚Ά,‹ό,‰Λπ”Τ,131229,“‹“s,‹ό‹ζ,‰Λ‚V’–Ϊ,2018-01-26,11,‚»‚Μ‘Ό,{ω‚Ή‚Έ,‚Θ‚µ
ή“,Τγ‚Λ‚η‚Ά,‹ό,‰Λπ”Τ,131229,“‹“s,‹ό‹ζ,‰Λ‚V’–Ϊ,2018-02-11,13,“ΉHγ,{ω‚Ή‚Έ,‚ ‚θ
ή“,Τγ‚Λ‚η‚Ά,‹ό,‰Λπ”Τ,131229,“‹“s,‹ό‹ζ,‰Λ‚V’–Ϊ,2018-05-10,18,‚»‚Μ‘Ό‚ΜZ‘ξi‚RK‚ΔΘ‰Ί‹¤“―Z‘ξ“™j,{ω‚Ή‚Έ,‚ ‚θ
ή“,Τγ‚Λ‚η‚Ά,‹ό,‰Λπ”Τ,131229,“‹“s,‹ό‹ζ,‰Λ‚W’–Ϊ,2018-11-27,05,‚»‚Μ‘Ό,{ω‚Ή‚Έ,‚ ‚θ
ή“,Τγ‚Λ‚η‚Ά,‹ό,‰Λπ”Τ,131229,“‹“s,‹ό‹ζ,‰Λ‚W’–Ϊ,2018-12-16,14,’“Τi—Φjκ,{ω‚Ή‚Έ,‚ ‚θ
ή“,Τγ‚Λ‚η‚Ά,‹ό,™‘qπ”Τ,131229,“‹“s,‹ό‹ζ,™‘q‚P’–Ϊ,2018-04-30,18,“ΉHγ,{ω‚Ή‚Έ,‚Θ‚µ
ή“,Τγ‚Λ‚η‚Ά,‹ό,™‘qπ”Τ,131229,“‹“s,‹ό‹ζ,™‘q‚P’–Ϊ,2018-08-05,11,‚»‚Μ‘Ό,{ω‚Ή‚Έ,‚ ‚θ
ή“,Τγ‚Λ‚η‚Ά,‹ό,™‘qπ”Τ,131229,“‹“s,‹ό‹ζ,™‘q‚S’–Ϊ,2018-05-21,17,“ΉHγ,{ω‚Ή‚Έ,‚ ‚θ
ή“,Τγ‚Λ‚η‚Ά,¬Όμ,¬Όμl’–Ϊπ”Τ,131237,“‹“s,]Λμ‹ζ,•½δ‚P’–Ϊ,2018-01-17,16,“ΉHγ,{ω‚Ή‚Έ,‚Θ‚µ
ή“,Τγ‚Λ‚η‚Ά,¬Όμ,¬Όμl’–Ϊπ”Τ,131237,“‹“s,]Λμ‹ζ,•½δ‚P’–Ϊ,2018-05-11,19,‚SK‚ΔΘγ‹¤“―Z‘ξ,{ω‚Ή‚Έ,‚Θ‚µ
ή“,Τγ‚Λ‚η‚Ά,¬Όμ,¬Όμl’–Ϊπ”Τ,131237,“‹“s,]Λμ‹ζ,•½δ‚P’–Ϊ,2018-05-18,11,’“Τi—Φjκ,{ω‚Ή‚Έ,‚ ‚θ
ή“,Τγ‚Λ‚η‚Ά,¬Όμ,¬Όμl’–Ϊπ”Τ,131237,“‹“s,]Λμ‹ζ,•½δ‚Q’–Ϊ,2018-03-14,11,’“Τi—Φjκ,{ω‚Ή‚Έ,‚Θ‚µ
ή“,Τγ‚Λ‚η‚Ά,¬Όμ,¬Όμl’–Ϊπ”Τ,131237,“‹“s,]Λμ‹ζ,•½δ‚S’–Ϊ,2018-10-09,10,“ΉHγ,{ω‚Ή‚Έ,‚ ‚θ
ή“,Τγ‚Λ‚η‚Ά,¬Όμ,•½δ‰w‘Oπ”Τ,131237,“‹“s,]Λμ‹ζ,•½δ‚R’–Ϊ,2018-04-23,09,“ΉHγ,{ω‚Ή‚Έ,‚Θ‚µ
ή“,Τγ‚Λ‚η‚Ά,¬Όμ,•½δ‰w‘Oπ”Τ,131237,“‹“s,]Λμ‹ζ,•½δ‚R’–Ϊ,2018-06-19,15,“ΉHγ,{ω‚Ή‚Έ,‚ ‚θ
ή“,Τγ‚Λ‚η‚Ά,¬Όμ,•½δ‰w‘Oπ”Τ,131237,“‹“s,]Λμ‹ζ,•½δ‚S’–Ϊ,2018-02-27,14,“ΉHγ,{ω‚Ή‚Έ,‚Θ‚µ
ή“,Τγ‚Λ‚η‚Ά,¬Όμ,•½δ‰w‘Oπ”Τ,131237,“‹“s,]Λμ‹ζ,•½δ‚S’–Ϊ,2018-12-12,19,“ΉHγ,{ω‚Ή‚Έ,‚Θ‚µ
ή“,Τγ‚Λ‚η‚Ά,¬Όμ,•½δ‰w‘Oπ”Τ,131237,“‹“s,]Λμ‹ζ,•½δ‚T’–Ϊ,2018-03-23,15,’“Τi—Φjκ,{ω‚Ή‚Έ,‚Θ‚µ
ή“,Τγ‚Λ‚η‚Ά,¬Όμ,•½δ‰w‘Oπ”Τ,131237,“‹“s,]Λμ‹ζ,•½δ‚T’–Ϊ,2018-04-10,09,“ΉHγ,{ω‚Ή‚Έ,‚Θ‚µ
ή“,Τγ‚Λ‚η‚Ά,¬Όμ,•½δ‰w‘Oπ”Τ,131237,“‹“s,]Λμ‹ζ,•½δ‚T’–Ϊ,2018-06-04,09,’“Τi—Φjκ,{ω‚Ή‚Έ,‚ ‚θ
ή“,Τγ‚Λ‚η‚Ά,¬Όμ,•½δ‰w‘Oπ”Τ,131237,“‹“s,]Λμ‹ζ,•½δ‚T’–Ϊ,2018-06-26,12,“ΉHγ,{ω‚Ή‚Έ,‚ ‚θ
ή“,Τγ‚Λ‚η‚Ά,¬Όμ,•½δ‰w‘Oπ”Τ,131237,“‹“s,]Λμ‹ζ,•½δ‚T’–Ϊ,2018-10-22,18,“ΉHγ,{ω‚Ή‚Έ,‚ ‚θ
ή“,Τγ‚Λ‚η‚Ά,¬Όμ,•½δ‰w‘Oπ”Τ,131237,“‹“s,]Λμ‹ζ,•½δ‚T’–Ϊ,2018-11-26,18,‚SK‚ΔΘγ‹¤“―Z‘ξ,{ω‚Ή‚Έ,‚Θ‚µ
ή“,Τγ‚Λ‚η‚Ά,¬Όμ,•½δ‰w‘Oπ”Τ,131237,“‹“s,]Λμ‹ζ,•½δ‚U’–Ϊ,2018-11-27,21,“ΉHγ,{ω‚Ή‚Έ,‚Θ‚µ
ή“,Τγ‚Λ‚η‚Ά,¬Όμ,•½δµ’–Ϊπ”Τ,131237,“‹“s,]Λμ‹ζ,•½δ‚V’–Ϊ,2018-06-28,16,‚SK‚ΔΘγ‹¤“―Z‘ξ,{ω‚Ή‚Έ,‚ ‚θ
ή“,Τγ‚Λ‚η‚Ά,¬Όμ,•½δµ’–Ϊπ”Τ,131237,“‹“s,]Λμ‹ζ,•½δ‚V’–Ϊ,2018-09-02,11,’“Τi—Φjκ,{ω‚Ή‚Έ,‚Θ‚µ
ή“,Τγ‚Λ‚η‚Ά,¬Όμ,”ª‘ ‹΄π”Τ,131237,“‹“s,]Λμ‹ζ,’†‰›‚P’–Ϊ,2018-11-02,08,“ΉHγ,{ω‚Ή‚Έ,‚Θ‚µ
ή“,Τγ‚Λ‚η‚Ά,¬Όμ,”ª‘ ‹΄π”Τ,131237,“‹“s,]Λμ‹ζ,’†‰›‚Q’–Ϊ,2018-04-11,18,’“Τi—Φjκ,{ω‚Ή‚Έ,‚Θ‚µ
ή“,Τγ‚Λ‚η‚Ά,¬Όμ,”ª‘ ‹΄π”Τ,131237,“‹“s,]Λμ‹ζ,’†‰›‚S’–Ϊ,2018-06-29,16,‚»‚Μ‘Ό,{ω‚Ή‚Έ,‚Θ‚µ
ή“,Τγ‚Λ‚η‚Ά,¬Όμ,”ª‘ ‹΄π”Τ,131237,“‹“s,]Λμ‹ζ,’†‰›‚S’–Ϊ,2018-07-19,15,‚»‚Μ‘Ό,{ω‚Ή‚Έ,‚ ‚θ
ή“,Τγ‚Λ‚η‚Ά,¬Όμ,”ª‘ ‹΄π”Τ,131237,“‹“s,]Λμ‹ζ,’†‰›‚S’–Ϊ,2018-08-14,13,’“Τi—Φjκ,{ω‚Ή‚Έ,‚ ‚θ
ή“,Τγ‚Λ‚η‚Ά,¬Όμ,”ª‘ ‹΄π”Τ,131237,“‹“s,]Λμ‹ζ,‘ε™‚P’–Ϊ,2018-12-15,17,’“Τi—Φjκ,{ω‚Ή‚Έ,‚Θ‚µ
ή“,Τγ‚Λ‚η‚Ά,¬Όμ,”ª‘ ‹΄π”Τ,131237,“‹“s,]Λμ‹ζ,‘ε™‚T’–Ϊ,2018-03-05,10,“ΉHγ,{ω‚Ή‚Έ,‚ ‚θ
ή“,Τγ‚Λ‚η‚Ά,¬Όμ,”ª‘ ‹΄π”Τ,131237,“‹“s,]Λμ‹ζ,‘ε™‚T’–Ϊ,2018-03-31,17,’“Τi—Φjκ,{ω‚Ή‚Έ,‚Θ‚µ
ή“,Τγ‚Λ‚η‚Ά,¬Όμ,”ª‘ ‹΄π”Τ,131237,“‹“s,]Λμ‹ζ,‘ε™‚T’–Ϊ,2018-10-22,08,’“Τi—Φjκ,{ω‚Ή‚Έ,‚ ‚θ
ή“,Τγ‚Λ‚η‚Ά,¬Όμ,‹—t’Κπ”Τ,131237,“‹“s,]Λμ‹ζ,κ”V]‚P’–Ϊ,2018-06-07,21,‚»‚Μ‘Ό‚ΜZ‘ξi‚RK‚ΔΘ‰Ί‹¤“―Z‘ξ“™j,{ω‚Ή‚Έ,‚ ‚θ
ή“,Τγ‚Λ‚η‚Ά,¬Όμ,‹—t’Κπ”Τ,131237,“‹“s,]Λμ‹ζ,κ”V]‚P’–Ϊ,2018-08-08,19,κΛZ‘ξ,{ω‚Ή‚Έ,‚ ‚θ
ή“,Τγ‚Λ‚η‚Ά,¬Όμ,‹—t’Κπ”Τ,131237,“‹“s,]Λμ‹ζ,κ”V]‚P’–Ϊ,2018-09-01,10,κΛZ‘ξ,{ω‚Ή‚Έ,‚Θ‚µ
ή“,Τγ‚Λ‚η‚Ά,¬Όμ,‹—t’Κπ”Τ,131237,“‹“s,]Λμ‹ζ,κ”V]‚P’–Ϊ,2018-09-08,18,κΛZ‘ξ,{ω‚Ή‚Έ,‚Θ‚µ
ή“,Τγ‚Λ‚η‚Ά,¬Όμ,‹—t’Κπ”Τ,131237,“‹“s,]Λμ‹ζ,κ”V]‚P’–Ϊ,2018-10-20,19,κΛZ‘ξ,{ω‚Ή‚Έ,‚ ‚θ
ή“,Τγ‚Λ‚η‚Ά,¬Όμ,‹—t’Κπ”Τ,131237,“‹“s,]Λμ‹ζ,’†‰›‚Q’–Ϊ,2018-10-19,04,“ΉHγ,{ω‚Ή‚Έ,‚ ‚θ
ή“,Τγ‚Λ‚η‚Ά,¬Όμ,‹—t’Κπ”Τ,131237,“‹“s,]Λμ‹ζ,Όκ”V]‚P’–Ϊ,2018-08-27,18,’“Τi—Φjκ,{ω‚Ή‚Έ,‚ ‚θ
ή“,Τγ‚Λ‚η‚Ά,¬Όμ,‹—t’Κπ”Τ,131237,“‹“s,]Λμ‹ζ,Ό]‚P’–Ϊ,2018-01-18,08,’“Τi—Φjκ,{ω‚Ή‚Έ,‚ ‚θ
ή“,Τγ‚Λ‚η‚Ά,¬Όμ,‹—t’Κπ”Τ,131237,“‹“s,]Λμ‹ζ,Ό]‚P’–Ϊ,2018-05-12,14,’“Τi—Φjκ,{ω‚Ή‚Έ,‚ ‚θ
ή“,Τγ‚Λ‚η‚Ά,¬Όμ,‹—t’Κπ”Τ,131237,“‹“s,]Λμ‹ζ,Ό]‚P’–Ϊ,2018-07-31,21,“ΉHγ,{ω‚Ή‚Έ,‚ ‚θ
ή“,Τγ‚Λ‚η‚Ά,¬Όμ,‹—t’Κπ”Τ,131237,“‹“s,]Λμ‹ζ,Ό]‚P’–Ϊ,2018-10-15,08,κΛZ‘ξ,{ω‚Ή‚Έ,‚ ‚θ
ή“,Τγ‚Λ‚η‚Ά,¬Όμ,‹—t’Κπ”Τ,131237,“‹“s,]Λμ‹ζ,Ό]‚Q’–Ϊ,2018-04-17,14,’“Τi—Φjκ,{ω‚Ή‚Έ,‚ ‚θ
ή“,Τγ‚Λ‚η‚Ά,¬Όμ,‹—t’Κπ”Τ,131237,“‹“s,]Λμ‹ζ,Ό]‚Q’–Ϊ,2018-05-03,13,“ΉHγ,{ω‚Ή‚Έ,‚ ‚θ
ή“,Τγ‚Λ‚η‚Ά,¬Όμ,‹—t’Κπ”Τ,131237,“‹“s,]Λμ‹ζ,‘ε™‚Q’–Ϊ,2018-09-11,•s–Ύ,κΛZ‘ξ,{ω‚Ή‚Έ,‚Θ‚µ
ή“,Τγ‚Λ‚η‚Ά,¬Όμ,‹—t’Κπ”Τ,131237,“‹“s,]Λμ‹ζ,‘ε™‚R’–Ϊ,2018-08-19,19,‚»‚Μ‘Ό‚ΜZ‘ξi‚RK‚ΔΘ‰Ί‹¤“―Z‘ξ“™j,{ω‚Ή‚Έ,‚Θ‚µ
ή“,Τγ‚Λ‚η‚Ά,¬Όμ,Ό]π”Τ,131237,“‹“s,]Λμ‹ζ,Όκ”V]‚R’–Ϊ,2018-09-01,•s–Ύ,’“Τi—Φjκ,{ω‚Ή‚Έ,‚ ‚θ
ή“,Τγ‚Λ‚η‚Ά,¬Όμ,Ό]π”Τ,131237,“‹“s,]Λμ‹ζ,Όκ”V]‚R’–Ϊ,2018-09-29,21,κΛZ‘ξ,{ω‚Ή‚Έ,‚ ‚θ
ή“,Τγ‚Λ‚η‚Ά,¬Όμ,Ό]π”Τ,131237,“‹“s,]Λμ‹ζ,Όκ”V]‚R’–Ϊ,2018-09-30,17,κΛZ‘ξ,{ω‚Ή‚Έ,‚ ‚θ
ή“,Τγ‚Λ‚η‚Ά,¬Όμ,Ό]π”Τ,131237,“‹“s,]Λμ‹ζ,Όκ”V]‚S’–Ϊ,2018-10-03,20,κΛZ‘ξ,{ω‚Ή‚Έ,‚ ‚θ
ή“,Τγ‚Λ‚η‚Ά,¬Όμ,Ό]π”Τ,131237,“‹“s,]Λμ‹ζ,Ό¬Όμ’¬,2018-09-01,•s–Ύ,κΛZ‘ξ,{ω‚Ή‚Έ,‚Θ‚µ
ή“,Τγ‚Λ‚η‚Ά,¬Όμ,Ό]π”Τ,131237,“‹“s,]Λμ‹ζ,Ό¬Όμ’¬,2018-09-01,•s–Ύ,κΛZ‘ξ,{ω‚Ή‚Έ,‚ ‚θ
ή“,Τγ‚Λ‚η‚Ά,¬Όμ,Ό]π”Τ,131237,“‹“s,]Λμ‹ζ,Ό¬Όμ’¬,2018-10-25,08,κΛZ‘ξ,{ω‚Ή‚Έ,‚Θ‚µ
ή“,Τγ‚Λ‚η‚Ά,¬Όμ,Ό]π”Τ,131237,“‹“s,]Λμ‹ζ,“¬Όμ‚Q’–Ϊ,2018-02-05,17,’“Τi—Φjκ,{ω‚Ή‚Έ,‚ ‚θ
ή“,Τγ‚Λ‚η‚Ά,¬Όμ,Ό]π”Τ,131237,“‹“s,]Λμ‹ζ,“¬Όμ‚Q’–Ϊ,2018-09-01,•s–Ύ,κΛZ‘ξ,{ω‚Ή‚Έ,‚ ‚θ
ή“,Τγ‚Λ‚η‚Ά,¬Όμ,Ό]π”Τ,131237,“‹“s,]Λμ‹ζ,“¬Όμ‚Q’–Ϊ,2018-09-26,23,κΛZ‘ξ,{ω‚Ή‚Έ,‚ ‚θ
ή“,Τγ‚Λ‚η‚Ά,¬Όμ,Ό]π”Τ,131237,“‹“s,]Λμ‹ζ,“¬Όμ‚R’–Ϊ,2018-09-01,•s–Ύ,’“Τi—Φjκ,{ω‚Ή‚Έ,‚ ‚θ
ή“,Τγ‚Λ‚η‚Ά,¬Όμ,Ό]π”Τ,131237,“‹“s,]Λμ‹ζ,Ό]‚Q’–Ϊ,2018-10-26,16,‚»‚Μ‘Ό,{ω‚Ή‚Έ,‚Θ‚µ
ή“,Τγ‚Λ‚η‚Ά,¬Όμ,Ό]π”Τ,131237,“‹“s,]Λμ‹ζ,Ό]‚R’–Ϊ,2018-05-06,05,“ΉHγ,{ω‚Ή‚Έ,‚ ‚θ
ή“,Τγ‚Λ‚η‚Ά,¬Όμ,Ό]π”Τ,131237,“‹“s,]Λμ‹ζ,Ό]‚R’–Ϊ,2018-09-21,•s–Ύ,κΛZ‘ξ,{ω‚Ή‚Έ,‚Θ‚µ
ή“,Τγ‚Λ‚η‚Ά,¬Όμ,Ό]π”Τ,131237,“‹“s,]Λμ‹ζ,Ό]‚S’–Ϊ,2018-01-12,22,“ΉHγ,{ω‚Ή‚Έ,‚ ‚θ
ή“,Τγ‚Λ‚η‚Ά,¬Όμ,Ό]π”Τ,131237,“‹“s,]Λμ‹ζ,Ό]‚S’–Ϊ,2018-09-30,•s–Ύ,κΛZ‘ξ,{ω‚Ή‚Έ,‚ ‚θ
ή“,Τγ‚Λ‚η‚Ά,¬Όμ,Ό]π”Τ,131237,“‹“s,]Λμ‹ζ,Ό]‚U’–Ϊ,2018-09-21,19,κΛZ‘ξ,{ω‚Ή‚Έ,‚Θ‚µ
ή“,Τγ‚Λ‚η‚Ά,¬Όμ,κ”V]π”Τ,131237,“‹“s,]Λμ‹ζ,κ”V]‚Q’–Ϊ,2018-09-29,22,’“Τi—Φjκ,{ω‚Ή‚Έ,‚ ‚θ
ή“,Τγ‚Λ‚η‚Ά,¬Όμ,κ”V]π”Τ,131237,“‹“s,]Λμ‹ζ,κ”V]‚U’–Ϊ,2018-02-04,06,“ΉHγ,{ω‚Ή‚Έ,‚ ‚θ
ή“,Τγ‚Λ‚η‚Ά,¬Όμ,κ”V]π”Τ,131237,“‹“s,]Λμ‹ζ,κ”V]‚U’–Ϊ,2018-12-09,09,“ΉHγ,{ω‚Ή‚Έ,‚Θ‚µ
ή“,Τγ‚Λ‚η‚Ά,¬Όμ,κ”V]π”Τ,131237,“‹“s,]Λμ‹ζ,Όκ”V]‚R’–Ϊ,2018-09-11,•s–Ύ,κΛZ‘ξ,{ω‚Ή‚Έ,‚ ‚θ
ή“,Τγ‚Λ‚η‚Ά,¬Όμ,κ”V]π”Τ,131237,“‹“s,]Λμ‹ζ,Όκ”V]‚R’–Ϊ,2018-11-29,20,“ΉHγ,{ω‚Ή‚Έ,‚ ‚θ
ή“,Τγ‚Λ‚η‚Ά,¬Όμ,΅δπ”Τ,131237,“‹“s,]Λμ‹ζ,κ”V]‚R’–Ϊ,2018-08-29,22,‚»‚Μ‘Ό,{ω‚Ή‚Έ,‚ ‚θ
ή“,Τγ‚Λ‚η‚Ά,¬Όμ,΅δπ”Τ,131237,“‹“s,]Λμ‹ζ,]Λμ‚S’–Ϊ,2018-05-18,11,’“Τi—Φjκ,{ω‚Ή‚Έ,‚Θ‚µ
ή“,Τγ‚Λ‚η‚Ά,¬Όμ,΅δπ”Τ,131237,“‹“s,]Λμ‹ζ,Ό]‚R’–Ϊ,2018-02-14,15,“ΉHγ,{ω‚Ή‚Έ,‚Θ‚µ
ή“,Τγ‚Λ‚η‚Ά,¬Όμ,΅δπ”Τ,131237,“‹“s,]Λμ‹ζ,Ό]‚R’–Ϊ,2018-04-09,15,“ΉHγ,{ω‚Ή‚Έ,‚ ‚θ
ή“,Τγ‚Λ‚η‚Ά,¬Όμ,΅δπ”Τ,131237,“‹“s,]Λμ‹ζ,Ό]‚R’–Ϊ,2018-10-08,13,“ΉHγ,{ω‚Ή‚Έ,‚ ‚θ
ή“,Τγ‚Λ‚η‚Ά,¬Όμ,΅δπ”Τ,131237,“‹“s,]Λμ‹ζ,t]’¬‚R’–Ϊ,2018-08-30,16,κΛZ‘ξ,{ω‚Ή‚Έ,‚ ‚θ
ή“,Τγ‚Λ‚η‚Ά,¬Όμ,’Φ’¬’“έ,131237,“‹“s,]Λμ‹ζ,t]’¬‚Q’–Ϊ,2018-02-28,18,‚SK‚ΔΘγ‹¤“―Z‘ξ,{ω‚Ή‚Έ,‚ ‚θ
ή“,Τγ‚Λ‚η‚Ά,¬Όμ,’Φ’¬’“έ,131237,“‹“s,]Λμ‹ζ,t]’¬‚Q’–Ϊ,2018-04-09,14,‚»‚Μ‘Ό,{ω‚Ή‚Έ,‚Θ‚µ
ή“,Τγ‚Λ‚η‚Ά,¬Όμ,“μΒθπ”Τ,131237,“‹“s,]Λμ‹ζ,]Λμ‚P’–Ϊ,2018-05-12,12,“ΉHγ,{ω‚Ή‚Έ,‚ ‚θ
ή“,Τγ‚Λ‚η‚Ά,¬Όμ,“μΒθπ”Τ,131237,“‹“s,]Λμ‹ζ,]Λμ‚P’–Ϊ,2018-05-17,08,“ΉHγ,{ω‚Ή‚Έ,‚ ‚θ
ή“,Τγ‚Λ‚η‚Ά,¬Όμ,“μΒθπ”Τ,131237,“‹“s,]Λμ‹ζ,]Λμ‚Q’–Ϊ,2018-08-19,18,κΛZ‘ξ,{ω‚Ή‚Έ,‚ ‚θ
ή“,Τγ‚Λ‚η‚Ά,¬Όμ,“μΒθπ”Τ,131237,“‹“s,]Λμ‹ζ,“μΒθ’¬‚Q’–Ϊ,2018-07-07,22,‚»‚Μ‘Ό‚ΜZ‘ξi‚RK‚ΔΘ‰Ί‹¤“―Z‘ξ“™j,{ω‚Ή‚Έ,‚ ‚θ
ή“,Τγ‚Λ‚η‚Ά,¬Όμ,“μΒθπ”Τ,131237,“‹“s,]Λμ‹ζ,“μΒθ’¬‚T’–Ϊ,2018-04-28,00,“ΉHγ,{ω‚Ή‚Έ,‚Θ‚µ
ή“,Τγ‚Λ‚η‚Ά,¬Όμ,“¬Όμπ”Τ,131237,“‹“s,]Λμ‹ζ,Ό]‚T’–Ϊ,2018-04-01,19,’“Τi—Φjκ,{ω‚Ή‚Έ,‚ ‚θ
ή“,Τγ‚Λ‚η‚Ά,¬Όμ,“¬Όμπ”Τ,131237,“‹“s,]Λμ‹ζ,Ό]‚T’–Ϊ,2018-11-29,19,’“Τi—Φjκ,{ω‚Ή‚Έ,‚Θ‚µ
ή“,Τγ‚Λ‚η‚Ά,¬Όμ,“]π”Τ,131237,“‹“s,]Λμ‹ζ,]Λμ‚Q’–Ϊ,2018-07-11,17,’“Τi—Φjκ,{ω‚Ή‚Έ,‚ ‚θ
ή“,Τγ‚Λ‚η‚Ά,¬Όμ,“]π”Τ,131237,“‹“s,]Λμ‹ζ,]Λμ‚Q’–Ϊ,2018-09-01,•s–Ύ,κΛZ‘ξ,{ω‚Ή‚Έ,‚ ‚θ
ή“,Τγ‚Λ‚η‚Ά,¬Όμ,“]π”Τ,131237,“‹“s,]Λμ‹ζ,]Λμ‚Q’–Ϊ,2018-10-05,00,κΛZ‘ξ,{ω‚Ή‚Έ,‚Θ‚µ
ή“,Τγ‚Λ‚η‚Ά,¬Όμ,“]π”Τ,131237,“‹“s,]Λμ‹ζ,]Λμ‚R’–Ϊ,2018-09-21,•s–Ύ,κΛZ‘ξ,{ω‚Ή‚Έ,‚Θ‚µ
ή“,Τγ‚Λ‚η‚Ά,¬Όμ,“]π”Τ,131237,“‹“s,]Λμ‹ζ,“]‚Q’–Ϊ,2018-09-27,17,κΛZ‘ξ,{ω‚Ή‚Έ,‚ ‚θ
ή“,Τγ‚Λ‚η‚Ά,¬Όμ,]‰w‘Oπ”Τ,131237,“‹“s,]Λμ‹ζ,“μΒθ’¬‚S’–Ϊ,2018-05-01,15,‚»‚Μ‘Ό‚ΜZ‘ξi‚RK‚ΔΘ‰Ί‹¤“―Z‘ξ“™j,{ω‚Ή‚Έ,‚ ‚θ
ή“,Τγ‚Λ‚η‚Ά,¬Όμ,]‰w‘Oπ”Τ,131237,“‹“s,]Λμ‹ζ,]‚Q’–Ϊ,2018-07-01,17,‚»‚Μ‘Ό‚ΜZ‘ξi‚RK‚ΔΘ‰Ί‹¤“―Z‘ξ“™j,{ω‚Ή‚Έ,‚ ‚θ
ή“,Τγ‚Λ‚η‚Ά,¬Όμ,]‰w‘Oπ”Τ,131237,“‹“s,]Λμ‹ζ,]‚Q’–Ϊ,2018-07-17,16,’“Τi—Φjκ,{ω‚Ή‚Έ,‚Θ‚µ
ή“,Τγ‚Λ‚η‚Ά,¬Όμ,]‰w‘Oπ”Τ,131237,“‹“s,]Λμ‹ζ,]‚Q’–Ϊ,2018-07-22,09,’“Τi—Φjκ,{ω‚Ή‚Έ,‚Θ‚µ
ή“,Τγ‚Λ‚η‚Ά,¬Όμ,]‰w‘Oπ”Τ,131237,“‹“s,]Λμ‹ζ,]‚S’–Ϊ,2018-01-25,17,κΛZ‘ξ,{ω‚Ή‚Έ,‚ ‚θ
ή“,Τγ‚Λ‚η‚Ά,¬Όμ,]‰w‘Oπ”Τ,131237,“‹“s,]Λμ‹ζ,]‚S’–Ϊ,2018-07-25,05,‚»‚Μ‘Ό,{ω‚Ή‚Έ,‚ ‚θ
ή“,Τγ‚Λ‚η‚Ά,¬Όμ,Βθ‰w‘Oπ”Τ,131237,“‹“s,]Λμ‹ζ,Βθ’¬‚Q’–Ϊ,2018-09-12,15,’“Τi—Φjκ,{ω‚Ή‚Έ,‚ ‚θ
ή“,Τγ‚Λ‚η‚Ά,¬Όμ,Βθ‰w‘Oπ”Τ,131237,“‹“s,]Λμ‹ζ,Βθ’¬‚Q’–Ϊ,2018-11-01,21,“ΉHγ,{ω‚Ή‚Έ,‚Θ‚µ
ή“,Τγ‚Λ‚η‚Ά,¬Όμ,Βθ‰w‘Oπ”Τ,131237,“‹“s,]Λμ‹ζ,Βθ’¬‚S’–Ϊ,2018-01-13,13,’“Τi—Φjκ,{ω‚Ή‚Έ,‚Θ‚µ
ή“,Τγ‚Λ‚η‚Ά,¬Όμ,Βθ‰w‘Oπ”Τ,131237,“‹“s,]Λμ‹ζ,Βθ’¬‚V’–Ϊ,2018-01-04,17,’“Τi—Φjκ,{ω‚Ή‚Έ,‚Θ‚µ
ή“,Τγ‚Λ‚η‚Ά,¬Όμ,Βθ‰w‘Oπ”Τ,131237,“‹“s,]Λμ‹ζ,Βθ’¬‚V’–Ϊ,2018-12-13,16,’“Τi—Φjκ,{ω‚Ή‚Έ,‚Θ‚µ
ή“,Τγ‚Λ‚η‚Ά,¬Όμ,Βθ‰w‘Oπ”Τ,131237,“‹“s,]Λμ‹ζ,Βθ’¬‚W’–Ϊ,2018-09-26,21,κΛZ‘ξ,{ω‚Ή‚Έ,‚Θ‚µ
ή“,Τγ‚Λ‚η‚Ά,¬Όμ,Βθ‰w‘Oπ”Τ,131237,“‹“s,]Λμ‹ζ,V–x‚Q’–Ϊ,2018-10-23,06,“ΉHγ,{ω‚Ή‚Έ,‚ ‚θ
ή“,Τγ‚Λ‚η‚Ά,¬Όμ,Βθ‰w‘Oπ”Τ,131237,“‹“s,]Λμ‹ζ,Όκ”V]‚Q’–Ϊ,2018-10-21,12,κΛZ‘ξ,{ω‚Ή‚Έ,‚ ‚θ
ή“,Τγ‚Λ‚η‚Ά,¬Όμ,Βθ‰w‘Oπ”Τ,131237,“‹“s,]Λμ‹ζ,t]’¬‚P’–Ϊ,2018-02-14,14,‚»‚Μ‘Ό,{ω‚Ή‚Έ,‚Θ‚µ
ή“,Τγ‚Λ‚η‚Ά,¬Όμ,Βθ‰w‘Oπ”Τ,131237,“‹“s,]Λμ‹ζ,]‚P’–Ϊ,2018-09-25,08,κΛZ‘ξ,{ω‚Ή‚Έ,‚Θ‚µ
ή“,Τγ‚Λ‚η‚Ά,¬Όμ,Βθ‰w‘Oπ”Τ,131237,“‹“s,]Λμ‹ζ,]‚R’–Ϊ,2018-06-23,11,’“Τi—Φjκ,{ω‚Ή‚Έ,‚ ‚θ
ή“,Τγ‚Λ‚η‚Ά,¬β,κ—Ά’Λπ”Τ,131237,“‹“s,]Λμ‹ζ,“¬β‚Q’–Ϊ,2018-08-03,13,’“Τi—Φjκ,{ω‚Ή‚Έ,‚Θ‚µ
ή“,Τγ‚Λ‚η‚Ά,¬β,κ—Ά’Λπ”Τ,131237,“‹“s,]Λμ‹ζ,“¬β‚R’–Ϊ,2018-05-10,01,’“Τi—Φjκ,{ω‚Ή‚Έ,‚ ‚θ
ή“,Τγ‚Λ‚η‚Ά,¬β,“μ¬βπ”Τ,131237,“‹“s,]Λμ‹ζ,“¬β‚P’–Ϊ,2018-11-14,15,‚»‚Μ‘Ό,{ω‚Ή‚Έ,‚Θ‚µ
ή“,Τγ‚Λ‚η‚Ά,¬β,“μ¬βπ”Τ,131237,“‹“s,]Λμ‹ζ,“μ¬β‚R’–Ϊ,2018-09-27,16,’“Τi—Φjκ,{ω‚Ή‚Έ,‚Θ‚µ
ή“,Τγ‚Λ‚η‚Ά,¬β,“μ¬βπ”Τ,131237,“‹“s,]Λμ‹ζ,–kΒθ‚Q’–Ϊ,2018-11-09,22,‚»‚Μ‘Ό,{ω‚Ή‚Έ,‚ ‚θ
ή“,Τγ‚Λ‚η‚Ά,¬β,“ρ–‡‹΄π”Τ,131237,“‹“s,]Λμ‹ζ,“μ¬β‚V’–Ϊ,2018-05-19,19,’“Τi—Φjκ,{ω‚Ή‚Έ,‚ ‚θ
ή“,Τγ‚Λ‚η‚Ά,¬β,›΄‹΄π”Τ,131237,“‹“s,]Λμ‹ζ,–{κF‚P’–Ϊ,2018-01-04,10,’“Τi—Φjκ,{ω‚Ή‚Έ,‚Θ‚µ
ή“,Τγ‚Λ‚η‚Ά,¬β,›΄‹΄π”Τ,131237,“‹“s,]Λμ‹ζ,–{κF‚P’–Ϊ,2018-01-10,13,’“Τi—Φjκ,{ω‚Ή‚Έ,‚Θ‚µ
ή“,Τγ‚Λ‚η‚Ά,¬β,›΄‹΄π”Τ,131237,“‹“s,]Λμ‹ζ,–{κF‚P’–Ϊ,2018-05-17,12,’“Τi—Φjκ,{ω‚Ή‚Έ,‚Θ‚µ
ή“,Τγ‚Λ‚η‚Ά,¬β,›΄‹΄π”Τ,131237,“‹“s,]Λμ‹ζ,–{κF‚P’–Ϊ,2018-12-24,16,‚»‚Μ‘Ό,{ω‚Ή‚Έ,‚Θ‚µ
ή“,Τγ‚Λ‚η‚Ά,¬β,›΄‹΄π”Τ,131237,“‹“s,]Λμ‹ζ,–{κF‚R’–Ϊ,2018-08-21,23,’“Τi—Φjκ,{ω‚Ή‚Έ,‚ ‚θ
ή“,Τγ‚Λ‚η‚Ά,¬β,›΄‹΄π”Τ,131237,“‹“s,]Λμ‹ζ,Ό–{‚Q’–Ϊ,2018-03-04,18,‚»‚Μ‘Ό,{ω‚Ή‚Έ,‚Θ‚µ
ή“,Τγ‚Λ‚η‚Ά,¬β,›΄‹΄π”Τ,131237,“‹“s,]Λμ‹ζ,Ό–{‚Q’–Ϊ,2018-06-15,20,‚»‚Μ‘Ό,{ω‚Ή‚Έ,‚Θ‚µ
ή“,Τγ‚Λ‚η‚Ά,¬β,¬β‰w‘Oπ”Τ,131237,“‹“s,]Λμ‹ζ,Ό¬β‚P’–Ϊ,2018-12-12,15,“ΉHγ,{ω‚Ή‚Έ,‚ ‚θ
ή“,Τγ‚Λ‚η‚Ά,¬β,¬β‰w‘Oπ”Τ,131237,“‹“s,]Λμ‹ζ,“μ¬β‚T’–Ϊ,2018-10-01,07,‚»‚Μ‘Ό,{ω‚Ή‚Έ,‚Θ‚µ
ή“,Τγ‚Λ‚η‚Ά,¬β,¬β‰w‘Oπ”Τ,131237,“‹“s,]Λμ‹ζ,“μ¬β‚U’–Ϊ,2018-01-04,18,“ΉHγ,{ω‚Ή‚Έ,‚Θ‚µ
ή“,Τγ‚Λ‚η‚Ά,¬β,¬β‰w‘Oπ”Τ,131237,“‹“s,]Λμ‹ζ,“μ¬β‚U’–Ϊ,2018-06-17,11,“ΉHγ,{ω‚Ή‚Έ,‚ ‚θ
ή“,Τγ‚Λ‚η‚Ά,¬β,¬β‰w‘Oπ”Τ,131237,“‹“s,]Λμ‹ζ,“μ¬β‚V’–Ϊ,2018-12-12,15,“ΉHγ,{ω‚Ή‚Έ,‚Θ‚µ
ή“,Τγ‚Λ‚η‚Ά,¬β,¬β‰w‘Oπ”Τ,131237,“‹“s,]Λμ‹ζ,“μ¬β‚V’–Ϊ,2018-12-21,08,“ΉHγ,{ω‚Ή‚Έ,‚ ‚θ
ή“,Τγ‚Λ‚η‚Ά,¬β,Ό¬βπ”Τ,131237,“‹“s,]Λμ‹ζ,Ό¬β‚P’–Ϊ,2018-07-01,19,“ΉHγ,{ω‚Ή‚Έ,‚ ‚θ
ή“,Τγ‚Λ‚η‚Ά,¬β,Ό¬βπ”Τ,131237,“‹“s,]Λμ‹ζ,Ό¬β‚Q’–Ϊ,2018-09-28,09,“ΉHγ,{ω‚Ή‚Έ,‚ ‚θ
ή“,Τγ‚Λ‚η‚Ά,¬β,Ό¬βπ”Τ,131237,“‹“s,]Λμ‹ζ,Ό¬β‚R’–Ϊ,2018-09-04,17,’“Τi—Φjκ,{ω‚Ή‚Έ,‚Θ‚µ
ή“,Τγ‚Λ‚η‚Ά,¬β,–k¬β“ρ’–Ϊπ”Τ,131237,“‹“s,]Λμ‹ζ,–k¬β‚Q’–Ϊ,2018-03-27,15,“ΉHγ,{ω‚Ή‚Έ,‚ ‚θ
ή“,Τγ‚Λ‚η‚Ά,¬β,–k¬β“ρ’–Ϊπ”Τ,131237,“‹“s,]Λμ‹ζ,Ό¬β‚P’–Ϊ,2018-02-10,20,‚»‚Μ‘Ό,{ω‚Ή‚Έ,‚ ‚θ
ή“,Τγ‚Λ‚η‚Ά,¬β,–k¬β“ρ’–Ϊπ”Τ,131237,“‹“s,]Λμ‹ζ,Ό¬β‚S’–Ϊ,2018-10-28,02,“ΉHγ,{ω‚Ή‚Έ,‚Θ‚µ
ή“,Τγ‚Λ‚η‚Ά,¬β,–k¬β“ρ’–Ϊπ”Τ,131237,“‹“s,]Λμ‹ζ,“μ¬β‚W’–Ϊ,2018-09-17,09,κΛZ‘ξ,{ω‚Ή‚Έ,‚ ‚θ
ή“,Τγ‚Λ‚η‚Ά,¬β,–k¬β“ρ’–Ϊπ”Τ,131237,“‹“s,]Λμ‹ζ,“μ¬β‚W’–Ϊ,2018-10-04,21,’“Τi—Φjκ,{ω‚Ή‚Έ,‚Θ‚µ
ή“,Τγ‚Λ‚η‚Ά,¬β,–k¬β“ρ’–Ϊπ”Τ,131237,“‹“s,]Λμ‹ζ,“μ¬β‚W’–Ϊ,2018-11-20,21,’“Τi—Φjκ,{ω‚Ή‚Έ,‚Θ‚µ
ή“,Τγ‚Λ‚η‚Ά,¬β,‹¬¬β‰w‘Oπ”Τ,131237,“‹“s,]Λμ‹ζ,–k¬β‚T’–Ϊ,2018-08-23,02,“ΉHγ,{ω‚Ή‚Έ,‚Θ‚µ
ή“,Τγ‚Λ‚η‚Ά,¬β,‹¬¬β‰w‘Oπ”Τ,131237,“‹“s,]Λμ‹ζ,Ό¬β‚R’–Ϊ,2018-07-08,13,’“Τi—Φjκ,{ω‚Ή‚Έ,‚Θ‚µ
ή“,Τγ‚Λ‚η‚Ά,¬β,]Λμπ”Τ,131237,“‹“s,]Λμ‹ζ,–k¬β‚R’–Ϊ,2018-02-27,17,’“Τi—Φjκ,{ω‚Ή‚Έ,‚Θ‚µ
ή“,Τγ‚Λ‚η‚Ά,¬β,–k¬β’“έ,131237,“‹“s,]Λμ‹ζ,–k¬β‚U’–Ϊ,2018-01-25,16,‚»‚Μ‘Ό,{ω‚Ή‚Έ,‚Θ‚µ
ή“,Τγ‚Λ‚η‚Ά,¬β,–k¬β’“έ,131237,“‹“s,]Λμ‹ζ,–k¬β‚W’–Ϊ,2018-09-08,22,‚»‚Μ‘Ό‚ΜZ‘ξi‚RK‚ΔΘ‰Ί‹¤“―Z‘ξ“™j,{ω‚Ή‚Έ,‚ ‚θ
ή“,Τγ‚Λ‚η‚Ά,¬β,γκF’“έ,131237,“‹“s,]Λμ‹ζ,‹»‹{’¬,2018-05-13,00,“ΉHγ,{ω‚Ή‚Έ,‚ ‚θ
ή“,Τγ‚Λ‚η‚Ά,¬β,γκF’“έ,131237,“‹“s,]Λμ‹ζ,γκF‚P’–Ϊ,2018-08-21,23,κΛZ‘ξ,{ω‚Ή‚Έ,‚ ‚θ
ή“,Τγ‚Λ‚η‚Ά,¬β,­π”Τ,131237,“‹“s,]Λμ‹ζ,­‚P’–Ϊ,2018-04-24,14,“ΉHγ,{ω‚Ή‚Έ,‚Θ‚µ
ή“,Τγ‚Λ‚η‚Ά,¬β,­π”Τ,131237,“‹“s,]Λμ‹ζ,­‚P’–Ϊ,2018-05-25,19,‚»‚Μ‘Ό‚ΜZ‘ξi‚RK‚ΔΘ‰Ί‹¤“―Z‘ξ“™j,{ω‚Ή‚Έ,‚Θ‚µ
ή“,Τγ‚Λ‚η‚Ά,¬β,­π”Τ,131237,“‹“s,]Λμ‹ζ,­‚Q’–Ϊ,2018-05-28,09,’“Τi—Φjκ,{ω‚Ή‚Έ,‚Θ‚µ
ή“,Τγ‚Λ‚η‚Ά,¬β,­π”Τ,131237,“‹“s,]Λμ‹ζ,­‚T’–Ϊ,2018-03-26,20,’“Τi—Φjκ,{ω‚Ή‚Έ,‚Θ‚µ
ή“,Τγ‚Λ‚η‚Ά,¬β,­π”Τ,131237,“‹“s,]Λμ‹ζ,­‚T’–Ϊ,2018-12-04,18,’“Τi—Φjκ,{ω‚Ή‚Έ,‚Θ‚µ
ή“,Τγ‚Λ‚η‚Ά,¬β,­π”Τ,131237,“‹“s,]Λμ‹ζ,γΒθ‚S’–Ϊ,2018-09-26,11,κΛZ‘ξ,{ω‚Ή‚Έ,‚ ‚θ
ή“,Τγ‚Λ‚η‚Ά,¬β,γΒθ’“έ,131237,“‹“s,]Λμ‹ζ,γΒθ‚P’–Ϊ,2018-03-13,19,‚»‚Μ‘Ό,{ω‚Ή‚Έ,‚ ‚θ
ή“,Τγ‚Λ‚η‚Ά,¬β,γΒθ’“έ,131237,“‹“s,]Λμ‹ζ,γΒθ‚P’–Ϊ,2018-06-21,19,‚»‚Μ‘Ό,{ω‚Ή‚Έ,‚ ‚θ
ή“,Τγ‚Λ‚η‚Ά,¬β,γΒθ’“έ,131237,“‹“s,]Λμ‹ζ,γΒθ‚Q’–Ϊ,2018-03-11,18,“ΉHγ,{ω‚Ή‚Έ,‚Θ‚µ
ή“,Τγ‚Λ‚η‚Ά,¬β,γΒθ’“έ,131237,“‹“s,]Λμ‹ζ,γΒθ‚Q’–Ϊ,2018-06-30,19,“ΉHγ,{ω‚Ή‚Έ,‚ ‚θ
ή“,Τγ‚Λ‚η‚Ά,‹Ό,‘D–x‰w‘Oπ”Τ,131237,“‹“s,]Λμ‹ζ,κ”V]’¬,2018-09-20,00,κΛZ‘ξ,{ω‚Ή‚Έ,‚ ‚θ
ή“,Τγ‚Λ‚η‚Ά,‹Ό,‘D–x‰w‘Oπ”Τ,131237,“‹“s,]Λμ‹ζ,–k‹Ό‚T’–Ϊ,2018-01-10,16,‚»‚Μ‘Ό,{ω‚Ή‚Έ,‚ ‚θ
ή“,Τγ‚Λ‚η‚Ά,‹Ό,‘D–x‰w‘Oπ”Τ,131237,“‹“s,]Λμ‹ζ,‘D–x‚P’–Ϊ,2018-03-13,13,’“Τi—Φjκ,{ω‚Ή‚Έ,‚Θ‚µ
ή“,Τγ‚Λ‚η‚Ά,‹Ό,‘D–x‰w‘Oπ”Τ,131237,“‹“s,]Λμ‹ζ,‘D–x‚P’–Ϊ,2018-06-28,20,’“Τi—Φjκ,{ω‚Ή‚Έ,‚ ‚θ
ή“,Τγ‚Λ‚η‚Ά,‹Ό,‘D–x‰w‘Oπ”Τ,131237,“‹“s,]Λμ‹ζ,‘D–x‚P’–Ϊ,2018-08-26,20,’“Τi—Φjκ,{ω‚Ή‚Έ,‚Θ‚µ
ή“,Τγ‚Λ‚η‚Ά,‹Ό,‘D–x‰w‘Oπ”Τ,131237,“‹“s,]Λμ‹ζ,‘D–x‚Q’–Ϊ,2018-10-01,00,κΛZ‘ξ,{ω‚Ή‚Έ,‚Θ‚µ
ή“,Τγ‚Λ‚η‚Ά,‹Ό,‘D–x‰w‘Oπ”Τ,131237,“‹“s,]Λμ‹ζ,‘D–x‚R’–Ϊ,2018-02-24,10,‚»‚Μ‘Ό,{ω‚Ή‚Έ,‚Θ‚µ
ή“,Τγ‚Λ‚η‚Ά,‹Ό,‘D–x‰w‘Oπ”Τ,131237,“‹“s,]Λμ‹ζ,‘D–x‚S’–Ϊ,2018-05-28,01,’“Τi—Φjκ,{ω‚Ή‚Έ,‚Θ‚µ
ή“,Τγ‚Λ‚η‚Ά,‹Ό,‘D–x‰w‘Oπ”Τ,131237,“‹“s,]Λμ‹ζ,‘D–x‚U’–Ϊ,2017-11-01,15,‚»‚Μ‘Ό,{ω‚Ή‚Έ,‚Θ‚µ
ή“,Τγ‚Λ‚η‚Ά,‹Ό,‘D–x‰w‘Oπ”Τ,131237,“‹“s,]Λμ‹ζ,‘D–x‚U’–Ϊ,2018-03-24,13,‚»‚Μ‘Ό,{ω‚Ή‚Έ,‚ ‚θ
ή“,Τγ‚Λ‚η‚Ά,‹Ό,‘D–x‰w‘Oπ”Τ,131237,“‹“s,]Λμ‹ζ,‘D–x‚U’–Ϊ,2018-03-27,14,‚»‚Μ‘Ό,{ω‚Ή‚Έ,‚ ‚θ
ή“,Τγ‚Λ‚η‚Ά,‹Ό,‘D–x‰w‘Oπ”Τ,131237,“‹“s,]Λμ‹ζ,‘D–x‚U’–Ϊ,2018-10-23,17,‚»‚Μ‘Ό,{ω‚Ή‚Έ,‚ ‚θ
ή“,Τγ‚Λ‚η‚Ά,‹Ό,‘D–x‰w‘Oπ”Τ,131237,“‹“s,]Λμ‹ζ,‘D–x‚U’–Ϊ,2018-11-25,19,‚»‚Μ‘Ό,{ω‚Ή‚Έ,‚Θ‚µ
ή“,Τγ‚Λ‚η‚Ά,‹Ό,‘D–x‰w‘Oπ”Τ,131237,“‹“s,]Λμ‹ζ,‘D–x‚V’–Ϊ,2018-08-20,•s–Ύ,κΛZ‘ξ,{ω‚Ή‚Έ,‚ ‚θ
ή“,Τγ‚Λ‚η‚Ά,‹Ό,‘D–x‰w‘Oπ”Τ,131237,“‹“s,]Λμ‹ζ,‘D–x‚V’–Ϊ,2018-09-01,00,’“Τi—Φjκ,{ω‚Ή‚Έ,‚Θ‚µ
ή“,Τγ‚Λ‚η‚Ά,‹Ό,‘D–x‰w‘Oπ”Τ,131237,“‹“s,]Λμ‹ζ,‘D–x‚V’–Ϊ,2018-09-14,18,κΛZ‘ξ,{ω‚Ή‚Έ,‚ ‚θ
ή“,Τγ‚Λ‚η‚Ά,‹Ό,‹Ό‹΄“π”Τ,131237,“‹“s,]Λμ‹ζ,–k‹Ό‚Q’–Ϊ,2018-04-14,09,‚SK‚ΔΘγ‹¤“―Z‘ξ,{ω‚Ή‚Έ,‚ ‚θ
ή“,Τγ‚Λ‚η‚Ά,‹Ό,‹Ό‹΄“π”Τ,131237,“‹“s,]Λμ‹ζ,–k‹Ό‚Q’–Ϊ,2018-10-17,18,κΛZ‘ξ,{ω‚Ή‚Έ,‚ ‚θ
ή“,Τγ‚Λ‚η‚Ά,‹Ό,‹Ό‹΄“π”Τ,131237,“‹“s,]Λμ‹ζ,–k‹Ό‚S’–Ϊ,2018-04-13,20,’“Τi—Φjκ,{ω‚Ή‚Έ,‚Θ‚µ
ή“,Τγ‚Λ‚η‚Ά,‹Ό,‹Ό‹΄“π”Τ,131237,“‹“s,]Λμ‹ζ,–k‹Ό‚S’–Ϊ,2018-05-16,19,’“Τi—Φjκ,{ω‚Ή‚Έ,‚Θ‚µ
ή“,Τγ‚Λ‚η‚Ά,‹Ό,‹Ό‹΄“π”Τ,131237,“‹“s,]Λμ‹ζ,–k‹Ό‚S’–Ϊ,2018-11-14,02,‚»‚Μ‘Ό,{ω‚Ή‚Έ,‚ ‚θ
ή“,Τγ‚Λ‚η‚Ά,‹Ό,‹Ό‹΄“π”Τ,131237,“‹“s,]Λμ‹ζ,Ό‹Ό‚P’–Ϊ,2018-10-14,20,κΛZ‘ξ,{ω‚Ή‚Έ,‚Θ‚µ
ή“,Τγ‚Λ‚η‚Ά,‹Ό,‹Ό‹΄“π”Τ,131237,“‹“s,]Λμ‹ζ,Ό‹Ό‚R’–Ϊ,2018-05-02,09,’“Τi—Φjκ,{ω‚Ή‚Έ,‚ ‚θ
ή“,Τγ‚Λ‚η‚Ά,‹Ό,‹Ό‹΄“π”Τ,131237,“‹“s,]Λμ‹ζ,Ό‹Ό‚R’–Ϊ,2018-12-27,17,‚SK‚ΔΘγ‹¤“―Z‘ξ,{ω‚Ή‚Έ,‚Θ‚µ
ή“,Τγ‚Λ‚η‚Ά,‹Ό,‹¤‰h‹΄π”Τ,131237,“‹“s,]Λμ‹ζ,’†‹Ό‚P’–Ϊ,2018-09-05,18,’“Τi—Φjκ,{ω‚Ή‚Έ,‚Θ‚µ
ή“,Τγ‚Λ‚η‚Ά,‹Ό,‹¤‰h‹΄π”Τ,131237,“‹“s,]Λμ‹ζ,’†‹Ό‚R’–Ϊ,2018-09-22,16,‚»‚Μ‘Ό,{ω‚Ή‚Έ,‚ ‚θ
ή“,Τγ‚Λ‚η‚Ά,‹Ό,‹¤‰h‹΄π”Τ,131237,“‹“s,]Λμ‹ζ,’†‹Ό‚S’–Ϊ,2018-11-05,19,‚»‚Μ‘Ό,{ω‚Ή‚Έ,‚ ‚θ
ή“,Τγ‚Λ‚η‚Ά,‹Ό,‹¤‰h‹΄π”Τ,131237,“‹“s,]Λμ‹ζ,“‹Ό‚T’–Ϊ,2018-04-29,20,‚»‚Μ‘Ό,{ω‚Ή‚Έ,‚ ‚θ
ή“,Τγ‚Λ‚η‚Ά,‹Ό,“‹Όά’–Ϊπ”Τ,131237,“‹“s,]Λμ‹ζ,“‹Ό‚S’–Ϊ,2018-04-29,18,‚»‚Μ‘Ό,{ω‚Ή‚Έ,‚ ‚θ
ή“,Τγ‚Λ‚η‚Ά,‹Ό,“‹Όά’–Ϊπ”Τ,131237,“‹“s,]Λμ‹ζ,“‹Ό‚S’–Ϊ,2018-10-10,16,‚»‚Μ‘Ό,{ω‚Ή‚Έ,‚ ‚θ
ή“,Τγ‚Λ‚η‚Ά,‹Ό,“‹Όά’–Ϊπ”Τ,131237,“‹“s,]Λμ‹ζ,“‹Ό‚S’–Ϊ,2018-11-18,17,‚»‚Μ‘Ό,{ω‚Ή‚Έ,‚Θ‚µ
ή“,Τγ‚Λ‚η‚Ά,‹Ό,“‹Όά’–Ϊπ”Τ,131237,“‹“s,]Λμ‹ζ,“‹Ό‚T’–Ϊ,2018-08-15,20,“ΉHγ,{ω‚Ή‚Έ,‚Θ‚µ
ή“,Τγ‚Λ‚η‚Ά,‹Ό,Ό‹Ό‰w‘Oπ”Τ,131237,“‹“s,]Λμ‹ζ,Ό‹Ό‚S’–Ϊ,2018-11-11,15,“ΉHγ,{ω‚Ή‚Έ,‚ ‚θ
ή“,Τγ‚Λ‚η‚Ά,‹Ό,Ό‹Ό‰w‘Oπ”Τ,131237,“‹“s,]Λμ‹ζ,Ό‹Ό‚T’–Ϊ,2018-04-11,13,‚»‚Μ‘Ό,{ω‚Ή‚Έ,‚Θ‚µ
ή“,Τγ‚Λ‚η‚Ά,‹Ό,Ό‹Ό‰w‘Oπ”Τ,131237,“‹“s,]Λμ‹ζ,Ό‹Ό‚U’–Ϊ,2017-07-03,19,“ΉHγ,{ω‚Ή‚Έ,‚Θ‚µ
ή“,Τγ‚Λ‚η‚Ά,‹Ό,Ό‹Ό‰w‘Oπ”Τ,131237,“‹“s,]Λμ‹ζ,Ό‹Ό‚U’–Ϊ,2018-02-19,09,’“Τi—Φjκ,{ω‚Ή‚Έ,‚Θ‚µ
ή“,Τγ‚Λ‚η‚Ά,‹Ό,Ό‹Ό‰w‘Oπ”Τ,131237,“‹“s,]Λμ‹ζ,Ό‹Ό‚U’–Ϊ,2018-04-08,12,“ΉHγ,{ω‚Ή‚Έ,‚ ‚θ
ή“,Τγ‚Λ‚η‚Ά,‹Ό,Ό‹Ό‰w‘Oπ”Τ,131237,“‹“s,]Λμ‹ζ,Ό‹Ό‚U’–Ϊ,2018-08-02,17,“ΉHγ,{ω‚Ή‚Έ,‚Θ‚µ
ή“,Τγ‚Λ‚η‚Ά,‹Ό,Ό‹Ό‰w‘Oπ”Τ,131237,“‹“s,]Λμ‹ζ,Ό‹Ό‚U’–Ϊ,2018-10-29,06,“ΉHγ,{ω‚Ή‚Έ,‚ ‚θ
ή“,Τγ‚Λ‚η‚Ά,‹Ό,Ό‹Ό‰w‘Oπ”Τ,131237,“‹“s,]Λμ‹ζ,Ό‹Ό‚U’–Ϊ,2018-11-25,14,“ΉHγ,{ω‚Ή‚Έ,‚ ‚θ
ή“,Τγ‚Λ‚η‚Ά,‹Ό,‰Fμ“c’“έ,131237,“‹“s,]Λμ‹ζ,‰Fμ“c’¬,2018-09-01,19,‚SK‚ΔΘγ‹¤“―Z‘ξ,{ω‚Ή‚Έ,‚ ‚θ
ή“,Τγ‚Λ‚η‚Ά,‹Ό,‰Fμ“c’“έ,131237,“‹“s,]Λμ‹ζ,‰Fμ“c’¬,2018-09-20,00,κΛZ‘ξ,{ω‚Ή‚Έ,‚Θ‚µ
ή“,Τγ‚Λ‚η‚Ά,‹Ό,‰Fμ“c’“έ,131237,“‹“s,]Λμ‹ζ,–k‹Ό‚P’–Ϊ,2018-10-25,19,’“Τi—Φjκ,{ω‚Ή‚Έ,‚Θ‚µ
ή“,Τγ‚Λ‚η‚Ά,‹Ό,‰Fμ“c’“έ,131237,“‹“s,]Λμ‹ζ,–k‹Ό‚T’–Ϊ,2018-01-06,17,‚»‚Μ‘Ό,{ω‚Ή‚Έ,‚Θ‚µ
ή“,Τγ‚Λ‚η‚Ά,‹Ό,‰Fμ“c’“έ,131237,“‹“s,]Λμ‹ζ,–k‹Ό‚T’–Ϊ,2018-01-10,16,‚»‚Μ‘Ό,{ω‚Ή‚Έ,‚ ‚θ
ή“,Τγ‚Λ‚η‚Ά,‹Ό,‰Fμ“c’“έ,131237,“‹“s,]Λμ‹ζ,–k‹Ό‚T’–Ϊ,2018-01-24,16,‚»‚Μ‘Ό,{ω‚Ή‚Έ,‚ ‚θ
ή“,Τγ‚Λ‚η‚Ά,‹Ό,‰Fμ“c’“έ,131237,“‹“s,]Λμ‹ζ,–k‹Ό‚T’–Ϊ,2018-03-24,14,‚»‚Μ‘Ό,{ω‚Ή‚Έ,‚Θ‚µ
ή“,Τγ‚Λ‚η‚Ά,‹Ό,‰Fμ“c’“έ,131237,“‹“s,]Λμ‹ζ,–k‹Ό‚T’–Ϊ,2018-11-12,23,“ΉHγ,{ω‚Ή‚Έ,‚ ‚θ
ή“,Τγ‚Λ‚η‚Ά,‹Ό,“‹Ό‹γ’–Ϊ’“έ,131237,“‹“s,]Λμ‹ζ,“‹Ό‚X’–Ϊ,2018-11-15,15,“ΉHγ,{ω‚Ή‚Έ,‚ ‚θ
ή“,Τγ‚Λ‚η‚Ά,‹Ό,“μ‹Όπ”Τ,131237,“‹“s,]Λμ‹ζ,“μ‹Ό‚Q’–Ϊ,2018-06-16,15,κΛZ‘ξ,{ω‚Ή‚Έ,‚ ‚θ
ή“,Τγ‚Λ‚η‚Ά,‹Ό,“μ‹Όπ”Τ,131237,“‹“s,]Λμ‹ζ,“μ‹Ό‚Q’–Ϊ,2018-07-19,11,“ΉHγ,{ω‚Ή‚Έ,‚Θ‚µ
ή“,Τγ‚Λ‚η‚Ά,‹Ό,“μ‹Όπ”Τ,131237,“‹“s,]Λμ‹ζ,“μ‹Ό‚Q’–Ϊ,2018-07-19,11,‚»‚Μ‘Ό,{ω‚Ή‚Έ,‚Θ‚µ
ή“,Τγ‚Λ‚η‚Ά,‹Ό,“μ‹Όπ”Τ,131237,“‹“s,]Λμ‹ζ,“μ‹Ό‚Q’–Ϊ,2018-11-02,10,“ΉHγ,{ω‚Ή‚Έ,‚ ‚θ
ή“,Τγ‚Λ‚η‚Ά,‹Ό,“μ‹Όπ”Τ,131237,“‹“s,]Λμ‹ζ,“μ‹Ό‚R’–Ϊ,2018-07-19,09,‚SK‚ΔΘγ‹¤“―Z‘ξ,{ω‚Ή‚Έ,‚Θ‚µ
ή“,Τγ‚Λ‚η‚Ά,‹Ό,“μ‹Όπ”Τ,131237,“‹“s,]Λμ‹ζ,“μ‹Ό‚R’–Ϊ,2018-09-29,19,’“Τi—Φjκ,{ω‚Ή‚Έ,‚ ‚θ
ή“,Τγ‚Λ‚η‚Ά,‹Ό,“μ‹Όπ”Τ,131237,“‹“s,]Λμ‹ζ,“μ‹Ό‚R’–Ϊ,2018-09-29,21,κΛZ‘ξ,{ω‚Ή‚Έ,‚Θ‚µ
ή“,Τγ‚Λ‚η‚Ά,‹Ό,“μ‹Όπ”Τ,131237,“‹“s,]Λμ‹ζ,“μ‹Ό‚S’–Ϊ,2018-01-10,13,“ΉHγ,{ω‚Ή‚Έ,‚ ‚θ
ή“,Τγ‚Λ‚η‚Ά,‹Ό,“μ‹Όπ”Τ,131237,“‹“s,]Λμ‹ζ,“μ‹Ό‚S’–Ϊ,2018-12-04,22,‚»‚Μ‘Ό,{ω‚Ή‚Έ,‚ ‚θ
ή“,Τγ‚Λ‚η‚Ά,‹Ό,“μ‹Όπ”Τ,131237,“‹“s,]Λμ‹ζ,“μ‹Ό‚T’–Ϊ,2018-07-06,22,‚SK‚ΔΘγ‹¤“―Z‘ξ,{ω‚Ή‚Έ,‚ ‚θ
ή“,Τγ‚Λ‚η‚Ά,‹Ό,“μ‹Όπ”Τ,131237,“‹“s,]Λμ‹ζ,“μ‹Ό‚V’–Ϊ,2018-05-26,13,’“Τi—Φjκ,{ω‚Ή‚Έ,‚ ‚θ
ή“,Τγ‚Λ‚η‚Ά,‹Ό,“μ‹Όπ”Τ,131237,“‹“s,]Λμ‹ζ,“μ‹Ό‚V’–Ϊ,2018-08-10,13,’“Τi—Φjκ,{ω‚Ή‚Έ,‚Θ‚µ
ή“,Τγ‚Λ‚η‚Ά,‹Ό,΄V’¬π”Τ,131237,“‹“s,]Λμ‹ζ,Ό‹Ό‚W’–Ϊ,2018-01-09,19,‚»‚Μ‘Ό,{ω‚Ή‚Έ,‚ ‚θ
ή“,Τγ‚Λ‚η‚Ά,‹Ό,΄V’¬π”Τ,131237,“‹“s,]Λμ‹ζ,΄V’¬‚P’–Ϊ,2018-04-15,15,‚»‚Μ‘Ό,{ω‚Ή‚Έ,‚ ‚θ
ή“,Τγ‚Λ‚η‚Ά,‹Ό,‹Ό‰w‘Oπ”Τ,131237,“‹“s,]Λμ‹ζ,’†‹Ό‚T’–Ϊ,2018-01-23,18,’“Τi—Φjκ,{ω‚Ή‚Έ,‚Θ‚µ
ή“,Τγ‚Λ‚η‚Ά,‹Ό,‹Ό‰w‘Oπ”Τ,131237,“‹“s,]Λμ‹ζ,’†‹Ό‚T’–Ϊ,2018-07-04,14,“ΉHγ,{ω‚Ή‚Έ,‚Θ‚µ
ή“,Τγ‚Λ‚η‚Ά,‹Ό,‹Ό‰w‘Oπ”Τ,131237,“‹“s,]Λμ‹ζ,’†‹Ό‚V’–Ϊ,2018-01-27,16,‚»‚Μ‘Ό,{ω‚Ή‚Έ,‚Θ‚µ
ή“,Τγ‚Λ‚η‚Ά,‹Ό,‹Ό‰w‘Oπ”Τ,131237,“‹“s,]Λμ‹ζ,’†‹Ό‚V’–Ϊ,2018-08-15,15,’“Τi—Φjκ,{ω‚Ή‚Έ,‚ ‚θ
ή“,Τγ‚Λ‚η‚Ά,‹Ό,‹Ό‰w‘Oπ”Τ,131237,“‹“s,]Λμ‹ζ,’†‹Ό‚V’–Ϊ,2018-09-14,00,‚»‚Μ‘Ό‚ΜZ‘ξi‚RK‚ΔΘ‰Ί‹¤“―Z‘ξ“™j,{ω‚Ή‚Έ,‚ ‚θ
ή“,Τγ‚Λ‚η‚Ά,‹Ό,‹Ό‰w‘Oπ”Τ,131237,“‹“s,]Λμ‹ζ,“‹Ό‚U’–Ϊ,2018-03-12,18,“ΉHγ,{ω‚Ή‚Έ,‚ ‚θ
ή“,Τγ‚Λ‚η‚Ά,‹Ό,‹Ό‰w‘Oπ”Τ,131237,“‹“s,]Λμ‹ζ,“‹Ό‚U’–Ϊ,2018-06-28,09,“ΉHγ,{ω‚Ή‚Έ,‚Θ‚µ
ή“,Τγ‚Λ‚η‚Ά,‹Ό,‹Ό‰w‘Oπ”Τ,131237,“‹“s,]Λμ‹ζ,“‹Ό‚V’–Ϊ,2018-11-09,11,‚»‚Μ‘Ό,{ω‚Ή‚Έ,‚ ‚θ
ή“,Τγ‚Λ‚η‚Ά,‹Ό,]ΛμZ’–Ϊπ”Τ,131237,“‹“s,]Λμ‹ζ,]Λμ‚U’–Ϊ,2018-09-05,22,’“Τi—Φjκ,{ω‚Ή‚Έ,‚ ‚θ
ή“,Τγ‚Λ‚η‚Ά,‹Ό,]ΛμZ’–Ϊπ”Τ,131237,“‹“s,]Λμ‹ζ,Ό]‚T’–Ϊ,2018-10-03,17,κΛZ‘ξ,{ω‚Ή‚Έ,‚Θ‚µ
ή“,Τγ‚Λ‚η‚Ά,‹Ό,]ΛμZ’–Ϊπ”Τ,131237,“‹“s,]Λμ‹ζ,Ό]‚T’–Ϊ,2018-11-11,08,‚»‚Μ‘Ό,{ω‚Ή‚Έ,‚ ‚θ
ή“,Τγ‚Λ‚η‚Ά,‹Ό,]ΛμZ’–Ϊπ”Τ,131237,“‹“s,]Λμ‹ζ,“ρ”V]’¬,2018-10-01,00,’“Τi—Φjκ,{ω‚Ή‚Έ,‚ ‚θ
ή“,Τγ‚Λ‚η‚Ά,‹Ό,]ΛμZ’–Ϊπ”Τ,131237,“‹“s,]Λμ‹ζ,t]’¬‚T’–Ϊ,2018-10-27,20,‚SK‚ΔΘγ‹¤“―Z‘ξ,{ω‚Ή‚Έ,‚Θ‚µ
ή“,Τγ‚Λ‚η‚Ά,‹Ό,—ΥCφ‰€π”Τ,131237,“‹“s,]Λμ‹ζ,“μ‹Ό‚T’–Ϊ,2018-01-18,14,‚SK‚ΔΘγ‹¤“―Z‘ξ,{ω‚Ή‚Έ,‚Θ‚µ
ή“,Τγ‚Λ‚η‚Ά,‹Ό,—ΥCφ‰€π”Τ,131237,“‹“s,]Λμ‹ζ,“μ‹Ό‚T’–Ϊ,2018-09-21,10,‚SK‚ΔΘγ‹¤“―Z‘ξ,{ω‚Ή‚Έ,‚Θ‚µ
ή“,Τγ‚Λ‚η‚Ά,‹Ό,—ΥCφ‰€π”Τ,131237,“‹“s,]Λμ‹ζ,“μ‹Ό‚T’–Ϊ,2018-10-21,16,κΛZ‘ξ,{ω‚Ή‚Έ,‚ ‚θ
ή“,Τγ‚Λ‚η‚Ά,‹Ό,—ΥCφ‰€π”Τ,131237,“‹“s,]Λμ‹ζ,“μ‹Ό‚U’–Ϊ,2018-05-21,19,“ΉHγ,{ω‚Ή‚Έ,‚ ‚θ
ή“,Τγ‚Λ‚η‚Ά,‹Ό,—ΥCφ‰€π”Τ,131237,“‹“s,]Λμ‹ζ,—ΥC’¬‚U’–Ϊ,2018-01-04,11,“ΉHγ,{ω‚Ή‚Έ,‚ ‚θ
ή“,Τγ‚Λ‚η‚Ά,‹Ό,—ΥCφ‰€π”Τ,131237,“‹“s,]Λμ‹ζ,—ΥC’¬‚U’–Ϊ,2018-11-12,09,“ΉHγ,{ω‚Ή‚Έ,‚ ‚θ
ή“,Τγ‚Λ‚η‚Ά,“μ‘ε‘ς,–k–μ‰w‘Oπ”Τ,132012,“‹“s,”ª‰¤qs,–k–μ’¬,2018-03-30,10,‚»‚Μ‘Ό,{ω‚Ή‚Έ,‚ ‚θ
ή“,Τγ‚Λ‚η‚Ά,“μ‘ε‘ς,–k–μ‰w‘Oπ”Τ,132012,“‹“s,”ª‰¤qs,’·ΐ’¬,2018-11-26,12,‚»‚Μ‘Ό,{ω‚Ή‚Έ,‚Θ‚µ
ή“,Τγ‚Λ‚η‚Ά,“μ‘ε‘ς,‰Ί—M–Ψπ”Τ,132012,“‹“s,”ª‰¤qs,‰Ί—M–Ψ,2018-12-14,22,‚»‚Μ‘Ό,{ω‚Ή‚Έ,‚Θ‚µ
ή“,Τγ‚Λ‚η‚Ά,“μ‘ε‘ς,‰Ί—M–Ψπ”Τ,132012,“‹“s,”ª‰¤qs,‰Ί—M–Ψ‚Q’–Ϊ,2018-09-27,20,‚»‚Μ‘Ό‚ΜZ‘ξi‚RK‚ΔΘ‰Ί‹¤“―Z‘ξ“™j,{ω‚Ή‚Έ,‚Θ‚µ
ή“,Τγ‚Λ‚η‚Ά,“μ‘ε‘ς,Ό‚ª’Jπ”Τ,132012,“‹“s,”ª‰¤qs,‘ε’Λ,2018-04-12,23,’“Τi—Φjκ,{ω‚Ή‚Έ,‚Θ‚µ
ή“,Τγ‚Λ‚η‚Ά,“μ‘ε‘ς,Ό‚ª’Jπ”Τ,132012,“‹“s,”ª‰¤qs,‘ε’Λ,2018-09-26,12,‚»‚Μ‘Ό,{ω‚Ή‚Έ,‚Θ‚µ
ή“,Τγ‚Λ‚η‚Ά,“μ‘ε‘ς,Ό‚ª’Jπ”Τ,132012,“‹“s,”ª‰¤qs,‘ε’Λ,2018-11-02,13,‚»‚Μ‘Ό,{ω‚Ή‚Έ,‚Θ‚µ
ή“,Τγ‚Λ‚η‚Ά,“μ‘ε‘ς,‚—δπ”Τ,132012,“‹“s,”ª‰¤qs,•Π‘q’¬,2018-06-04,08,‚»‚Μ‘Ό,{ω‚Ή‚Έ,‚Θ‚µ
ή“,Τγ‚Λ‚η‚Ά,“μ‘ε‘ς,‚—δπ”Τ,132012,“‹“s,”ª‰¤qs,•Π‘q’¬,2018-10-26,06,‚»‚Μ‘Ό,{ω‚Ή‚Έ,‚Θ‚µ
ή“,Τγ‚Λ‚η‚Ά,“μ‘ε‘ς,–x”V“ΰ‰w‘Oπ”Τ,132012,“‹“s,”ª‰¤qs,Ό–Ψ,2018-11-20,18,‚»‚Μ‘Ό,{ω‚Ή‚Έ,‚Θ‚µ
ή“,Τγ‚Λ‚η‚Ά,“μ‘ε‘ς,“μ‘ε‘ς‰w‘Oπ”Τ,132012,“‹“s,”ª‰¤qs,“μ‘ε‘ς‚Q’–Ϊ,2018-05-29,16,“ΉHγ,{ω‚Ή‚Έ,‚Θ‚µ
ή“,Τγ‚Λ‚η‚Ά,“μ‘ε‘ς,“μ‘ε‘ς‰w‘Oπ”Τ,132012,“‹“s,”ª‰¤qs,“μ‘ε‘ς‚Q’–Ϊ,2018-06-07,05,κΛZ‘ξ,{ω‚Ή‚Έ,‚ ‚θ
ή“,Τγ‚Λ‚η‚Ά,“μ‘ε‘ς,‚έ‚Θ‚έ–μπ”Τ,132012,“‹“s,”ª‰¤qs,•Π‘q’¬,2018-05-29,10,‚»‚Μ‘Ό,{ω‚Ή‚Έ,‚Θ‚µ
ή“,Τγ‚Λ‚η‚Ά,“μ‘ε‘ς,‚έ‚Θ‚έ–μπ”Τ,132012,“‹“s,”ª‰¤qs,•Π‘q’¬,2018-08-29,20,’“Τi—Φjκ,{ω‚Ή‚Έ,‚Θ‚µ
ή“,Τγ‚Λ‚η‚Ά,“μ‘ε‘ς,‚έ‚Θ‚έ–μπ”Τ,132012,“‹“s,”ª‰¤qs,•Π‘q’¬,2018-12-27,15,‚»‚Μ‘Ό,{ω‚Ή‚Έ,‚Θ‚µ
ή“,Τγ‚Λ‚η‚Ά,“μ‘ε‘ς,‚έ‚Θ‚έ–μπ”Τ,132012,“‹“s,”ª‰¤qs,Ό•Π‘q‚P’–Ϊ,2018-05-26,22,‚»‚Μ‘Ό‚ΜZ‘ξi‚RK‚ΔΘ‰Ί‹¤“―Z‘ξ“™j,{ω‚Ή‚Έ,‚Θ‚µ
ή“,Τγ‚Λ‚η‚Ά,“μ‘ε‘ς,‚έ‚Θ‚έ–μπ”Τ,132012,“‹“s,”ª‰¤qs,•Ί‰q‚Q’–Ϊ,2018-04-10,08,‚»‚Μ‘Ό,{ω‚Ή‚Έ,‚Θ‚µ
ή“,Τγ‚Λ‚η‚Ά,“μ‘ε‘ς,–x”V“ΰ’“έ,132012,“‹“s,”ª‰¤qs,–x”V“ΰ,2018-03-11,03,‚»‚Μ‘Ό,{ω‚Ή‚Έ,‚Θ‚µ
ή“,Τγ‚Λ‚η‚Ά,“μ‘ε‘ς,γ—M–Ψ’“έ,132012,“‹“s,”ª‰¤qs,γ—M–Ψ,2018-05-16,19,κΛZ‘ξ,{ω‚Ή‚Έ,‚ ‚θ
ή“,Τγ‚Λ‚η‚Ά,“μ‘ε‘ς,¬”δι’“έ,132012,“‹“s,”ª‰¤qs,‘ε’Λ,2018-07-25,08,’“Τi—Φjκ,{ω‚Ή‚Έ,‚ ‚θ
ή“,Τγ‚Λ‚η‚Ά,“μ‘ε‘ς,¬”δι’“έ,132012,“‹“s,”ª‰¤qs,¬”δι’¬,2018-02-19,11,‚»‚Μ‘Ό,{ω‚Ή‚Έ,‚Θ‚µ
ή“,Τγ‚Λ‚η‚Ά,“μ‘ε‘ς,‘΄’“έ,132098,“‹“s,’¬“cs,‘΄’¬,2018-09-07,15,‚»‚Μ‘Ό,{ω‚Ή‚Έ,‚ ‚θ
ή“,Τγ‚Λ‚η‚Ά,“μ‘ε‘ς,‘εΛ’“έ,132098,“‹“s,’¬“cs,‘΄’¬,2018-04-09,09,‚»‚Μ‘Ό,{ω‚Ή‚Έ,‚Θ‚µ
ή“,Τγ‚Λ‚η‚Ά,“μ‘ε‘ς,‘εΛ’“έ,132098,“‹“s,’¬“cs,‘΄’¬,2018-08-11,21,’“Τi—Φjκ,{ω‚Ή‚Έ,‚Θ‚µ
ή“,Τγ‚Λ‚η‚Ά,‚”φ,‚”φ‰w‘Oπ”Τ,132012,“‹“s,”ª‰¤qs,‚”φ’¬,2018-08-09,23,’“Τi—Φjκ,{ω‚Ή‚Έ,‚ ‚θ
ή“,Τγ‚Λ‚η‚Ά,‚”φ,‚”φ‰w‘Oπ”Τ,132012,“‹“s,”ª‰¤qs,‘εy›’¬,2018-08-14,14,“ΉHγ,{ω‚Ή‚Έ,‚ ‚θ
ή“,Τγ‚Λ‚η‚Ά,‚”φ,‚”φ‰w‘Oπ”Τ,132012,“‹“s,”ª‰¤qs,‰‘ς’¬,2018-06-08,00,“ΉHγ,{ω‚Ή‚Έ,‚ ‚θ
ή“,Τγ‚Λ‚η‚Ά,‚”φ,‚”φ‰w‘Oπ”Τ,132012,“‹“s,”ª‰¤qs,“σμ’¬,2018-02-16,15,’“Τi—Φjκ,{ω‚Ή‚Έ,‚Θ‚µ
ή“,Τγ‚Λ‚η‚Ά,‚”φ,•ΐ–Ψ’¬π”Τ,132012,“‹“s,”ª‰¤qs,U“c’¬‚P’–Ϊ,2018-03-09,12,“ΉHγ,{ω‚Ή‚Έ,‚ ‚θ
ή“,Τγ‚Λ‚η‚Ά,‚”φ,•ΐ–Ψ’¬π”Τ,132012,“‹“s,”ª‰¤qs,U“c’¬‚P’–Ϊ,2018-03-26,12,‚SK‚ΔΘγ‹¤“―Z‘ξ,{ω‚Ή‚Έ,‚ ‚θ
ή“,Τγ‚Λ‚η‚Ά,‚”φ,•ΐ–Ψ’¬π”Τ,132012,“‹“s,”ª‰¤qs,U“c’¬‚Q’–Ϊ,2018-01-19,09,κΛZ‘ξ,{ω‚Ή‚Έ,‚ ‚θ
ή“,Τγ‚Λ‚η‚Ά,‚”φ,•ΐ–Ψ’¬π”Τ,132012,“‹“s,”ª‰¤qs,•ΐ–Ψ’¬,2018-01-29,01,‚»‚Μ‘Ό,{ω‚Ή‚Έ,‚ ‚θ
ή“,Τγ‚Λ‚η‚Ά,‚”φ,•ΐ–Ψ’¬π”Τ,132012,“‹“s,”ª‰¤qs,•ΐ–Ψ’¬,2018-05-01,17,‚»‚Μ‘Ό,{ω‚Ή‚Έ,‚Θ‚µ
ή“,Τγ‚Λ‚η‚Ά,‚”φ,•ΐ–Ψ’¬π”Τ,132012,“‹“s,”ª‰¤qs,“σμ’¬,2018-07-31,07,’“Τi—Φjκ,{ω‚Ή‚Έ,‚Θ‚µ
ή“,Τγ‚Λ‚η‚Ά,‚”φ,‚ί‚¶‚λ‘δπ”Τ,132012,“‹“s,”ª‰¤qs,­“c’¬,2018-01-22,07,’“Τi—Φjκ,{ω‚Ή‚Έ,‚ ‚θ
ή“,Τγ‚Λ‚η‚Ά,‚”φ,‚ί‚¶‚λ‘δπ”Τ,132012,“‹“s,”ª‰¤qs,­“c’¬,2018-01-27,20,κΛZ‘ξ,{ω‚Ή‚Έ,‚ ‚θ
ή“,Τγ‚Λ‚η‚Ά,‚”φ,‚ί‚¶‚λ‘δπ”Τ,132012,“‹“s,”ª‰¤qs,‚ί‚¶‚λ‘δ‚P’–Ϊ,2018-10-04,18,’“Τi—Φjκ,{ω‚Ή‚Έ,‚Θ‚µ
ή“,Τγ‚Λ‚η‚Ά,‚”φ,‚ί‚¶‚λ‘δπ”Τ,132012,“‹“s,”ª‰¤qs,‚ί‚¶‚λ‘δ‚P’–Ϊ,2018-12-17,08,“ΉHγ,{ω‚Ή‚Έ,‚ ‚θ
ή“,Τγ‚Λ‚η‚Ά,‚”φ,’·–[’¬π”Τ,132012,“‹“s,”ª‰¤qs,’·–[’¬,2018-02-04,18,κΛZ‘ξ,{ω‚Ή‚Έ,‚Θ‚µ
ή“,Τγ‚Λ‚η‚Ά,‚”φ,’·–[’¬π”Τ,132012,“‹“s,”ª‰¤qs,’·–[’¬,2018-05-10,12,‚SK‚ΔΘγ‹¤“―Z‘ξ,{ω‚Ή‚Έ,‚Θ‚µ
ή“,Τγ‚Λ‚η‚Ά,‚”φ,’·–[’¬π”Τ,132012,“‹“s,”ª‰¤qs,’·–[’¬,2018-08-05,11,’“Τi—Φjκ,{ω‚Ή‚Έ,‚ ‚θ
ή“,Τγ‚Λ‚η‚Ά,‚”φ,’·–[’¬π”Τ,132012,“‹“s,”ª‰¤qs,’·–[’¬,2018-11-01,18,’“Τi—Φjκ,{ω‚Ή‚Έ,‚Θ‚µ
ή“,Τγ‚Λ‚η‚Ά,‚”φ,‰΅μ’¬π”Τ,132012,“‹“s,”ª‰¤qs,‘εy›’¬,2018-01-04,09,’“Τi—Φjκ,{ω‚Ή‚Έ,‚ ‚θ
ή“,Τγ‚Λ‚η‚Ά,‚”φ,‰΅μ’¬π”Τ,132012,“‹“s,”ª‰¤qs,‰΅μ’¬,2018-02-03,10,‚»‚Μ‘Ό‚ΜZ‘ξi‚RK‚ΔΘ‰Ί‹¤“―Z‘ξ“™j,{ω‚Ή‚Έ,‚Θ‚µ
ή“,Τγ‚Λ‚η‚Ά,‚”φ,z–Kπ”Τ,132012,“‹“s,”ª‰¤qs,γλ•ª•ϋ’¬,2018-11-01,00,’“Τi—Φjκ,{ω‚Ή‚Έ,‚ ‚θ
ή“,Τγ‚Λ‚η‚Ά,‚”φ,z–Kπ”Τ,132012,“‹“s,”ª‰¤qs,z–K’¬,2018-05-29,19,‚»‚Μ‘Ό‚ΜZ‘ξi‚RK‚ΔΘ‰Ί‹¤“―Z‘ξ“™j,{ω‚Ή‚Έ,‚ ‚θ
ή“,Τγ‚Λ‚η‚Ά,‚”φ,z–Kπ”Τ,132012,“‹“s,”ª‰¤qs,z–K’¬,2018-08-15,16,‚»‚Μ‘Ό‚ΜZ‘ξi‚RK‚ΔΘ‰Ί‹¤“―Z‘ξ“™j,{ω‚Ή‚Έ,‚ ‚θ
ή“,Τγ‚Λ‚η‚Ά,‚”φ,³”ª‰¤qπ”Τ,132012,“‹“s,”ª‰¤qs,“σ•ª•ϋ’¬,2018-02-13,13,κΛZ‘ξ,{ω‚Ή‚Έ,‚ ‚θ
ή“,Τγ‚Λ‚η‚Ά,‚”φ,³”ª‰¤qπ”Τ,132012,“‹“s,”ª‰¤qs,³”ª‰¤q’¬‚P’–Ϊ,2018-05-18,07,‚»‚Μ‘Ό,{ω‚Ή‚Έ,‚Θ‚µ
ή“,Τγ‚Λ‚η‚Ά,‚”φ,“σμ’“έ,132012,“‹“s,”ª‰¤qs,“σμ’¬,2018-03-03,19,’“Τi—Φjκ,{ω‚Ή‚Έ,‚Θ‚µ
ή“,Τγ‚Λ‚η‚Ά,‚”φ,‚”φ‰Ί’“έ,132012,“‹“s,”ª‰¤qs,‚”φ’¬,2018-11-15,16,κΛZ‘ξ,{ω‚Ή‚Έ,‚ ‚θ
ή“,Τγ‚Λ‚η‚Ά,‚”φ,ΩƒP‹u’“έ,132012,“‹“s,”ª‰¤qs,Ω’¬,2018-06-29,19,‚»‚Μ‘Ό,{ω‚Ή‚Έ,‚Θ‚µ
ή“,Τγ‚Λ‚η‚Ά,‚”φ,Ω’“έ,132012,“‹“s,”ª‰¤qs,Ω’¬,2018-12-12,07,‚»‚Μ‘Ό,{ω‚Ή‚Έ,‚Θ‚µ
ή“,Τγ‚Λ‚η‚Ά,‚”φ,›“c’c’n’“έ,132012,“‹“s,”ª‰¤qs,‘ε‘D’¬,2018-12-02,14,“ΉHγ,{ω‚Ή‚Έ,‚ ‚θ
ή“,Τγ‚Λ‚η‚Ά,‚”φ,›“c’c’n’“έ,132012,“‹“s,”ª‰¤qs,›“c’¬,2018-01-27,15,’“Τi—Φjκ,{ω‚Ή‚Έ,‚ ‚θ
ή“,Τγ‚Λ‚η‚Ά,‘½–€’†‰›,χƒP‹u‰w‘Oπ”Τ,132241,“‹“s,‘½–€s,κƒm‹{‚P’–Ϊ,2018-11-09,13,’“Τi—Φjκ,{ω‚Ή‚Έ,‚Θ‚µ
ή“,Τγ‚Λ‚η‚Ά,‘½–€’†‰›,χƒP‹u‰w‘Oπ”Τ,132241,“‹“s,‘½–€s,ΦΛ‚Q’–Ϊ,2018-10-23,13,“ΉHγ,{ω‚Ή‚Έ,‚ ‚θ
ή“,Τγ‚Λ‚η‚Ά,‘½–€’†‰›,χƒP‹u‰w‘Oπ”Τ,132241,“‹“s,‘½–€s,ΦΛ‚S’–Ϊ,2018-05-02,12,’“Τi—Φjκ,{ω‚Ή‚Έ,‚Θ‚µ
ή“,Τγ‚Λ‚η‚Ά,‘½–€’†‰›,χƒP‹u‰w‘Oπ”Τ,132241,“‹“s,‘½–€s,“›•ϋ‚P’–Ϊ,2018-07-18,21,’“Τi—Φjκ,{ω‚Ή‚Έ,‚Θ‚µ
ή“,Τγ‚Λ‚η‚Ά,‘½–€’†‰›,¤“†π”Τ,132241,“‹“s,‘½–€s,“›•ϋ,2018-11-21,19,‚SK‚ΔΘγ‹¤“―Z‘ξ,{ω‚Ή‚Έ,‚Θ‚µ
ή“,Τγ‚Λ‚η‚Ά,‘½–€’†‰›,‰iR‰w‘Oπ”Τ,132241,“‹“s,‘½–€s,z–K‚P’–Ϊ,2018-04-20,15,‚»‚Μ‘Ό,{ω‚Ή‚Έ,‚Θ‚µ
ή“,Τγ‚Λ‚η‚Ά,‘½–€’†‰›,‰iR‰w‘Oπ”Τ,132241,“‹“s,‘½–€s,‰iR‚P’–Ϊ,2018-01-13,18,’“Τi—Φjκ,{ω‚Ή‚Έ,‚Θ‚µ
ή“,Τγ‚Λ‚η‚Ά,‘½–€’†‰›,‰iR‰w‘Oπ”Τ,132241,“‹“s,‘½–€s,‰iR‚P’–Ϊ,2018-04-01,15,’“Τi—Φjκ,{ω‚Ή‚Έ,‚Θ‚µ
ή“,Τγ‚Λ‚η‚Ά,‘½–€’†‰›,‰iR‰w‘Oπ”Τ,132241,“‹“s,‘½–€s,‰iR‚P’–Ϊ,2018-05-22,17,‚SK‚ΔΘγ‹¤“―Z‘ξ,{ω‚Ή‚Έ,‚Θ‚µ
ή“,Τγ‚Λ‚η‚Ά,‘½–€’†‰›,‰iR‰w‘Oπ”Τ,132241,“‹“s,‘½–€s,‰iR‚P’–Ϊ,2018-07-18,09,“ΉHγ,{ω‚Ή‚Έ,‚ ‚θ
ή“,Τγ‚Λ‚η‚Ά,‘½–€’†‰›,‰iRl’–Ϊπ”Τ,132241,“‹“s,‘½–€s,z–K‚R’–Ϊ,2018-01-11,08,“ΉHγ,{ω‚Ή‚Έ,‚Θ‚µ
ή“,Τγ‚Λ‚η‚Ά,‘½–€’†‰›,‘½–€ƒZƒ“ƒ^[‰w‘Oπ”Τ,132241,“‹“s,‘½–€s,—‡‚P’–Ϊ,2018-02-07,16,’“Τi—Φjκ,{ω‚Ή‚Έ,‚Θ‚µ
ή“,Τγ‚Λ‚η‚Ά,‘½–€’†‰›,‘½–€ƒZƒ“ƒ^[‰w‘Oπ”Τ,132241,“‹“s,‘½–€s,—‡‚P’–Ϊ,2018-02-10,09,’“Τi—Φjκ,{ω‚Ή‚Έ,‚Θ‚µ
ή“,Τγ‚Λ‚η‚Ά,‘½–€’†‰›,‘½–€ƒZƒ“ƒ^[‰w‘Oπ”Τ,132241,“‹“s,‘½–€s,—‡‚P’–Ϊ,2018-09-03,22,’“Τi—Φjκ,{ω‚Ή‚Έ,‚Θ‚µ
ή“,Τγ‚Λ‚η‚Ά,‘½–€’†‰›,‘½–€ƒZƒ“ƒ^[‰w‘Oπ”Τ,132241,“‹“s,‘½–€s,—‡‚Q’–Ϊ,2018-08-15,19,’“Τi—Φjκ,{ω‚Ή‚Έ,‚Θ‚µ
ή“,Τγ‚Λ‚η‚Ά,‘½–€’†‰›,‘εΫπ”Τ,132250,“‹“s,ξιs,‘εΫ,2018-01-21,22,‚»‚Μ‘Ό‚ΜZ‘ξi‚RK‚ΔΘ‰Ί‹¤“―Z‘ξ“™j,{ω‚Ή‚Έ,‚ ‚θ
ή“,Τγ‚Λ‚η‚Ά,‘½–€’†‰›,‘εΫπ”Τ,132250,“‹“s,ξιs,‘εΫ,2018-11-11,18,‚»‚Μ‘Ό,{ω‚Ή‚Έ,‚ ‚θ
ή“,Τγ‚Λ‚η‚Ά,‘½–€’†‰›,‘εΫπ”Τ,132250,“‹“s,ξιs,“’·ΐ,2018-08-02,18,’“Τi—Φjκ,{ω‚Ή‚Έ,‚Θ‚µ
ή“,Τγ‚Λ‚η‚Ά,‘½–€’†‰›,–ξ–μϋπ”Τ,132250,“‹“s,ξιs,–ξ–μϋ,2018-04-23,18,κΛZ‘ξ,{ω‚Ή‚Έ,‚ ‚θ
ή“,Τγ‚Λ‚η‚Ά,‘½–€’†‰›,•½”φπ”Τ,132250,“‹“s,ξιs,•½”φ‚P’–Ϊ,2018-10-25,21,‚»‚Μ‘Ό‚ΜZ‘ξi‚RK‚ΔΘ‰Ί‹¤“―Z‘ξ“™j,{ω‚Ή‚Έ,‚Θ‚µ
ή“,Τγ‚Λ‚η‚Ά,‘½–€’†‰›,“‚–Ψ“c‰w‘O’“έ,132241,“‹“s,‘½–€s,’ί–q‚Q’–Ϊ,2018-12-13,17,’“Τi—Φjκ,{ω‚Ή‚Έ,‚Θ‚µ
ή“,Τγ‚Λ‚η‚Ά,“‘εa,‚―‚β‚«’Κπ”Τ,132209,“‹“s,“‘εas,΄…‚S’–Ϊ,2018-11-09,20,‚SK‚ΔΘγ‹¤“―Z‘ξ,{ω‚Ή‚Έ,‚ ‚θ
ή“,Τγ‚Λ‚η‚Ά,“‘εa,‚―‚β‚«’Κπ”Τ,132209,“‹“s,“‘εas,V–x‚P’–Ϊ,2018-06-19,18,“ΉHγ,{ω‚Ή‚Έ,‚ ‚θ
ή“,Τγ‚Λ‚η‚Ά,“‘εa,‚―‚β‚«’Κπ”Τ,132209,“‹“s,“‘εas,’‡΄‚Q’–Ϊ,2018-10-25,18,’“Τi—Φjκ,{ω‚Ή‚Έ,‚Θ‚µ
ή“,Τγ‚Λ‚η‚Ά,“‘εa,“μXπ”Τ,132209,“‹“s,“‘εas,χ‚ª‹u‚Q’–Ϊ,2018-07-13,09,’“Τi—Φjκ,{ω‚Ή‚Έ,‚Θ‚µ
ή“,Τγ‚Λ‚η‚Ά,“‘εa,“μXπ”Τ,132209,“‹“s,“‘εas,“μX‚S’–Ϊ,2018-01-04,16,‚SK‚ΔΘγ‹¤“―Z‘ξ,{ω‚Ή‚Έ,‚ ‚θ
ή“,Τγ‚Λ‚η‚Ά,“‘εa,“μXπ”Τ,132209,“‹“s,“‘εas,ό΄‚P’–Ϊ,2018-12-13,17,’“Τi—Φjκ,{ω‚Ή‚Έ,‚Θ‚µ
ή“,Τγ‚Λ‚η‚Ά,“‘εa,“μXπ”Τ,132209,“‹“s,“‘εas,ό΄‚R’–Ϊ,2018-04-01,18,‚»‚Μ‘Ό,{ω‚Ή‚Έ,‚Θ‚µ
ή“,Τγ‚Λ‚η‚Ά,“‘εa,“μXπ”Τ,132209,“‹“s,“‘εas,ό΄‚U’–Ϊ,2018-01-07,22,“ΉHγ,{ω‚Ή‚Έ,‚Θ‚µ
ή“,Τγ‚Λ‚η‚Ά,“‘εa,“ή—Η‹΄π”Τ,132209,“‹“s,“‘εas,‚–Ψ‚R’–Ϊ,2018-02-24,04,’“Τi—Φjκ,{ω‚Ή‚Έ,‚Θ‚µ
ή“,Τγ‚Λ‚η‚Ά,“‘εa,“ή—Η‹΄π”Τ,132209,“‹“s,“‘εas,‚–Ψ‚R’–Ϊ,2018-10-17,18,κΛZ‘ξ,{ω‚Ή‚Έ,‚ ‚θ
ή“,Τγ‚Λ‚η‚Ά,“‘εa,“ή—Η‹΄π”Τ,132209,“‹“s,“‘εas,’‡΄‚S’–Ϊ,2018-04-30,18,κΛZ‘ξ,{ω‚Ή‚Έ,‚ ‚θ
ή“,Τγ‚Λ‚η‚Ά,“‘εa,‘ΊRπ”Τ,132233,“‹“s,•‘ ‘ΊRs,‰|‚P’–Ϊ,2018-03-23,18,‚»‚Μ‘Ό,{ω‚Ή‚Έ,‚ ‚θ
ή“,Τγ‚Λ‚η‚Ά,“‘εa,‘ΊRπ”Τ,132233,“‹“s,•‘ ‘ΊRs,‰|‚P’–Ϊ,2018-05-19,20,’“Τi—Φjκ,{ω‚Ή‚Έ,‚Θ‚µ
ή“,Τγ‚Λ‚η‚Ά,“‘εa,‘ΊRπ”Τ,132233,“‹“s,•‘ ‘ΊRs,w‰€‚R’–Ϊ,2018-01-04,14,’“Τi—Φjκ,{ω‚Ή‚Έ,‚Θ‚µ
ή“,Τγ‚Λ‚η‚Ά,“‘εa,‘ΊRπ”Τ,132233,“‹“s,•‘ ‘ΊRs,—Ξ‚ª‹u,2018-06-12,19,‚SK‚ΔΘγ‹¤“―Z‘ξ,{ω‚Ή‚Έ,‚ ‚θ
ή“,Τγ‚Λ‚η‚Ά,“‘εa,’†“΅π”Τ,132233,“‹“s,•‘ ‘ΊRs,Oƒc“΅‚P’–Ϊ,2018-10-01,10,’“Τi—Φjκ,{ω‚Ή‚Έ,‚ ‚θ
ή“,Τγ‚Λ‚η‚Ά,“‘εa,’†“΅π”Τ,132233,“‹“s,•‘ ‘ΊRs,–{’¬‚Q’–Ϊ,2018-09-17,14,κΛZ‘ξ,{ω‚Ή‚Έ,‚Θ‚µ
ή“,Τγ‚Λ‚η‚Ά,“‘εa,Oƒc–Ψπ”Τ,132233,“‹“s,•‘ ‘ΊRs,Ι“ή•½‚T’–Ϊ,2018-06-03,15,’“Τi—Φjκ,{ω‚Ή‚Έ,‚ ‚θ
ή“,Τγ‚Λ‚η‚Ά,“‘εa,Oƒc–Ψπ”Τ,132233,“‹“s,•‘ ‘ΊRs,–{’¬‚P’–Ϊ,2018-11-02,18,’“Τi—Φjκ,{ω‚Ή‚Έ,‚Θ‚µ
ή“,Τγ‚Λ‚η‚Ά,“‘εa,Oƒc–Ψπ”Τ,132233,“‹“s,•‘ ‘ΊRs,Oƒc–Ψ‚Q’–Ϊ,2018-09-11,15,κΛZ‘ξ,{ω‚Ή‚Έ,‚Θ‚µ
ή“,Τγ‚Λ‚η‚Ά,“‘εa,Oƒc–Ψπ”Τ,132233,“‹“s,•‘ ‘ΊRs,έ‚Q’–Ϊ,2018-02-21,21,κΛZ‘ξ,{ω‚Ή‚Έ,‚Θ‚µ
ή“,Τγ‚Λ‚η‚Ά,“‘εa,Oƒc–Ψπ”Τ,132233,“‹“s,•‘ ‘ΊRs,’†΄‚R’–Ϊ,2018-01-18,16,’“Τi—Φjκ,{ω‚Ή‚Έ,‚ ‚θ
ή“,Τγ‚Λ‚η‚Ά,“‘εa,‚–Ψ’“έ,132209,“‹“s,“‘εas,΄…‚R’–Ϊ,2018-01-04,19,’“Τi—Φjκ,{ω‚Ή‚Έ,‚Θ‚µ
ή“,Τγ‚Λ‚η‚Ά,“‘εa,‘ •~’“έ,132209,“‹“s,“‘εas,“ή—Η‹΄‚R’–Ϊ,2018-07-25,19,κΛZ‘ξ,{ω‚Ή‚Έ,‚Θ‚µ
ή“,Τγ‚Λ‚η‚Ά,“‘εa,c–x’“έ,132233,“‹“s,•‘ ‘ΊRs,Ι“ή•½‚P’–Ϊ,2018-11-14,10,’“Τi—Φjκ,{ω‚Ή‚Έ,‚ ‚θ
ή“,Τγ‚Λ‚η‚Ά,“‘εa,‹Κμγ…‰w‘Oπ”Τ,132209,“‹“s,“‘εas,χ‚ª‹u‚Q’–Ϊ,2018-02-07,23,‚»‚Μ‘Ό,{ω‚Ή‚Έ,‚Θ‚µ
ή“,Τγ‚Λ‚η‚Ά,“‘εa,‹Κμγ…‰w‘Oπ”Τ,132209,“‹“s,“‘εas,χ‚ª‹u‚R’–Ϊ,2018-08-25,20,‚»‚Μ‘Ό,{ω‚Ή‚Έ,‚ ‚θ
ή“,Τγ‚Λ‚η‚Ά,“‘εa,‹Κμγ…‰w‘Oπ”Τ,132209,“‹“s,“‘εas,χ‚ª‹u‚S’–Ϊ,2018-01-07,09,’“Τi—Φjκ,{ω‚Ή‚Έ,‚Θ‚µ
ή“,Τγ‚Λ‚η‚Ά,“‘εa,‹Κμγ…‰w‘Oπ”Τ,132209,“‹“s,“‘εas,χ‚ª‹u‚S’–Ϊ,2018-12-11,11,‚»‚Μ‘Ό,{ω‚Ή‚Έ,‚Θ‚µ
ή“,Τγ‚Λ‚η‚Ά,“‘εa,‹Κμγ…‰w‘Oπ”Τ,132233,“‹“s,•‘ ‘ΊRs,‘ε“μ‚R’–Ϊ,2018-11-19,09,’“Τi—Φjκ,{ω‚Ή‚Έ,‚ ‚θ
ή“,Τγ‚Λ‚η‚Ά,Β”~,,132012,“‹“s,”ª‰¤qs,Ά–Ϊ’¬,2018-09-20,00,’“Τi—Φjκ,{ω‚Ή‚Έ,‚Θ‚µ
ή“,Τγ‚Λ‚η‚Ά,Β”~,,132284,“‹“s,‚ ‚«‚ι–μs,‘‰Τ,2018-09-02,07,“ΉHγ,{ω‚Ή‚Έ,‚Θ‚µ
ή“,Τγ‚Λ‚η‚Ά,Β”~,,132284,“‹“s,‚ ‚«‚ι–μs,‘‰Τ,2018-09-11,08,“ΉHγ,{ω‚Ή‚Έ,‚Θ‚µ
ή“,Τγ‚Λ‚η‚Ά,Β”~,“ϊόa“c’“έ,132055,“‹“s,Β”~s,“ϊόa“c‚R’–Ϊ,2018-07-17,12,“ΉHγ,{ω‚Ή‚Έ,‚ ‚θ
ή“,Τγ‚Λ‚η‚Ά,Β”~,γ’·•£’“έ,132055,“‹“s,Β”~s,‹ξ–Ψ’¬‚Q’–Ϊ,2018-03-22,17,κΛZ‘ξ,{ω‚Ή‚Έ,‚ ‚θ
ή“,Τγ‚Λ‚η‚Ά,Β”~,‰Ί’·•£’“έ,132055,“‹“s,Β”~s,’·•£‚Q’–Ϊ,2018-09-03,13,κΛZ‘ξ,{ω‚Ή‚Έ,‚Θ‚µ
ή“,Τγ‚Λ‚η‚Ά,Β”~,—F“c’“έ,132055,“‹“s,Β”~s,—F“c’¬‚T’–Ϊ,2018-07-14,15,’“Τi—Φjκ,{ω‚Ή‚Έ,‚Θ‚µ
ή“,Τγ‚Λ‚η‚Ά,Β”~,‘ε–ε’“έ,132055,“‹“s,Β”~s,V’¬‚R’–Ϊ,2018-02-13,19,’“Τi—Φjκ,{ω‚Ή‚Έ,‚Θ‚µ
ή“,Τγ‚Λ‚η‚Ά,Β”~,‘ε–ε’“έ,132055,“‹“s,Β”~s,‘ε–ε‚P’–Ϊ,2018-04-29,21,κΛZ‘ξ,{ω‚Ή‚Έ,‚ ‚θ
ή“,Τγ‚Λ‚η‚Ά,Β”~,‘ε–ε’“έ,132055,“‹“s,Β”~s,‘ε–ε‚P’–Ϊ,2018-07-05,20,‚SK‚ΔΘγ‹¤“―Z‘ξ,{ω‚Ή‚Έ,‚Θ‚µ
ή“,Τγ‚Λ‚η‚Ά,Β”~,‘ε–ε’“έ,132055,“‹“s,Β”~s,‘ε–ε‚P’–Ϊ,2018-12-20,14,‚»‚Μ‘Ό,{ω‚Ή‚Έ,‚Θ‚µ
ή“,Τγ‚Λ‚η‚Ά,Β”~,‘ε–ε’“έ,132055,“‹“s,Β”~s,‘ε–ε‚Q’–Ϊ,2018-11-14,15,‚»‚Μ‘Ό,{ω‚Ή‚Έ,‚ ‚θ
ή“,Τγ‚Λ‚η‚Ά,Β”~,΅›’“έ,132055,“‹“s,Β”~s,΅›‚T’–Ϊ,2018-01-16,18,’“Τi—Φjκ,{ω‚Ή‚Έ,‚Θ‚µ
ή“,Τγ‚Λ‚η‚Ά,Β”~,΅›’“έ,132055,“‹“s,Β”~s,΅›‚T’–Ϊ,2018-02-25,09,‚»‚Μ‘Ό,{ω‚Ή‚Έ,‚Θ‚µ
ή“,Τγ‚Λ‚η‚Ά,Β”~,΅›’“έ,132055,“‹“s,Β”~s,–Ψ–μ‰Ί‚P’–Ϊ,2018-09-03,19,κΛZ‘ξ,{ω‚Ή‚Έ,‚ ‚θ
ή“,Τγ‚Λ‚η‚Ά,Β”~,΅›’“έ,132055,“‹“s,Β”~s,’J–μ,2018-03-06,17,κΛZ‘ξ,{ω‚Ή‚Έ,‚ ‚θ
ή“,Τγ‚Λ‚η‚Ά,Β”~,V’¬π”Τ,132055,“‹“s,Β”~s,V’¬‚R’–Ϊ,2018-01-28,09,“ΉHγ,{ω‚Ή‚Έ,‚Θ‚µ
ή“,Τγ‚Λ‚η‚Ά,Β”~,V’¬π”Τ,132055,“‹“s,Β”~s,V’¬‚R’–Ϊ,2018-10-17,10,‚SK‚ΔΘγ‹¤“―Z‘ξ,{ω‚Ή‚Έ,‚ ‚θ
ή“,Τγ‚Λ‚η‚Ά,Β”~,V’¬π”Τ,132055,“‹“s,Β”~s,“΅‹΄‚P’–Ϊ,2018-04-08,13,“ΉHγ,{ω‚Ή‚Έ,‚ ‚θ
ή“,Τγ‚Λ‚η‚Ά,Β”~,΅δ’“έ,132055,“‹“s,Β”~s,΅δ‚P’–Ϊ,2018-09-11,07,κΛZ‘ξ,{ω‚Ή‚Έ,‚ ‚θ
ή“,Τγ‚Λ‚η‚Ά,Β”~,΅δ’“έ,132055,“‹“s,Β”~s,΅δ‚P’–Ϊ,2018-12-29,16,“ΉHγ,{ω‚Ή‚Έ,‚ ‚θ
ή“,Τγ‚Λ‚η‚Ά,Β”~,΅δ’“έ,132055,“‹“s,Β”~s,΅δ‚S’–Ϊ,2018-02-25,10,“ΉHγ,{ω‚Ή‚Έ,‚ ‚θ
ή“,Τγ‚Λ‚η‚Ά,Β”~,΅δ’“έ,132055,“‹“s,Β”~s,“΅‹΄‚R’–Ϊ,2018-09-01,10,’“Τi—Φjκ,{ω‚Ή‚Έ,‚Θ‚µ
ή“,Τγ‚Λ‚η‚Ά,Β”~,΅δ’“έ,132055,“‹“s,Β”~s,“΅‹΄‚R’–Ϊ,2018-11-26,18,‚»‚Μ‘Ό,{ω‚Ή‚Έ,‚Θ‚µ
ή“,Τγ‚Λ‚η‚Ά,Β”~,”¨’†’“έ,132055,“‹“s,Β”~s,”~‹½‚P’–Ϊ,2018-10-23,09,κΛZ‘ξ,{ω‚Ή‚Έ,‚Θ‚µ
ή“,Τγ‚Λ‚η‚Ά,Β”~,”~‹½’“έ,132055,“‹“s,Β”~s,”~‹½‚U’–Ϊ,2018-03-24,17,κΛZ‘ξ,{ω‚Ή‚Έ,‚Θ‚µ
ή“,Τγ‚Λ‚η‚Ά,Β”~,‰‘½–€π”Τ,133086,“‹“s,‰‘½–€’¬,•Xμ,2018-03-17,19,’“Τi—Φjκ,{ω‚Ή‚Έ,‚Θ‚µ
ή“,Τγ‚Λ‚η‚Ά,Β”~,Β”~‰w‘Oπ”Τ,132055,“‹“s,Β”~s,γ’¬,2018-02-20,18,‚SK‚ΔΘγ‹¤“―Z‘ξ,{ω‚Ή‚Έ,‚Θ‚µ
ή“,Τγ‚Λ‚η‚Ά,Β”~,‰Ν•Σ‰w‘Oπ”Τ,132055,“‹“s,Β”~s,‰Ν•Σ’¬‚U’–Ϊ,2018-03-19,18,κΛZ‘ξ,{ω‚Ή‚Έ,‚ ‚θ
ή“,Τγ‚Λ‚η‚Ά,Β”~,‰Ν•Σ‰w‘Oπ”Τ,132055,“‹“s,Β”~s,–μγ’¬‚S’–Ϊ,2018-09-16,21,‚»‚Μ‘Ό‚ΜZ‘ξi‚RK‚ΔΘ‰Ί‹¤“―Z‘ξ“™j,{ω‚Ή‚Έ,‚ ‚θ
ή“,Τγ‚Λ‚η‚Ά,ά“ϊs,ά“ϊs‰w‘Oπ”Τ,132284,“‹“s,‚ ‚«‚ι–μs,ά“ϊs,2018-07-11,21,’“Τi—Φjκ,{ω‚Ή‚Έ,‚ ‚θ
ή“,Τγ‚Λ‚η‚Ά,ά“ϊs,¬‹{’“έ,132284,“‹“s,‚ ‚«‚ι–μs,‰³’Γ,2018-12-06,13,’“Τi—Φjκ,{ω‚Ή‚Έ,‚Θ‚µ
ή“,Τγ‚Λ‚η‚Ά,ά“ϊs,•½δ’“έ,133051,“‹“s,“ϊ‚Μo’¬,‘ε•½δ,2018-02-27,17,’“Τi—Φjκ,{ω‚Ή‚Έ,‚Θ‚µ
ή“,Τγ‚Λ‚η‚Ά,ά“ϊs,•½δ’“έ,133051,“‹“s,“ϊ‚Μo’¬,‘ε•½δ,2018-10-12,15,’“Τi—Φjκ,{ω‚Ή‚Έ,‚Θ‚µ
ή“,Τγ‚Λ‚η‚Ά,•¶,,132284,“‹“s,‚ ‚«‚ι–μs,Ϊ’J‘δ,2018-08-17,03,’“Τi—Φjκ,{ω‚Ή‚Έ,‚Θ‚µ
ή“,Τγ‚Λ‚η‚Ά,•¶,,132284,“‹“s,‚ ‚«‚ι–μs,Ϊ’J‘δ,2018-08-17,03,’“Τi—Φjκ,{ω‚Ή‚Έ,‚Θ‚µ
ή“,Τγ‚Λ‚η‚Ά,•¶,•¶‰w‘Oπ”Τ,132187,“‹“s,•¶s,‰Α”ό•½‚P’–Ϊ,2018-03-12,04,κΛZ‘ξ,{ω‚Ή‚Έ,‚Θ‚µ
ή“,Τγ‚Λ‚η‚Ά,•¶,•¶‰w‘Oπ”Τ,132187,“‹“s,•¶s,‰Α”ό•½‚S’–Ϊ,2018-03-28,15,“ΉHγ,{ω‚Ή‚Έ,‚Θ‚µ
ή“,Τγ‚Λ‚η‚Ά,•¶,•¶‰w‘Oπ”Τ,132187,“‹“s,•¶s,u–Ξ,2018-04-06,11,κΛZ‘ξ,{ω‚Ή‚Έ,‚Θ‚µ
ή“,Τγ‚Λ‚η‚Ά,•¶,•¶‰w‘Oπ”Τ,132187,“‹“s,•¶s,‘ε•¶,2018-03-02,19,‚»‚Μ‘Ό‚ΜZ‘ξi‚RK‚ΔΘ‰Ί‹¤“―Z‘ξ“™j,{ω‚Ή‚Έ,‚ ‚θ
ή“,Τγ‚Λ‚η‚Ά,•¶,•¶‰w‘Oπ”Τ,132187,“‹“s,•¶s,•‘ –μ‘δ‚P’–Ϊ,2018-02-11,20,κΛZ‘ξ,{ω‚Ή‚Έ,‚ ‚θ
ή“,Τγ‚Λ‚η‚Ά,•¶,‰΅“cπ”Τ,132187,“‹“s,•¶s,‘εFμ,2018-01-01,15,κΛZ‘ξ,{ω‚Ή‚Έ,‚Θ‚µ
ή“,Τγ‚Λ‚η‚Ά,•¶,‰΅“cπ”Τ,132187,“‹“s,•¶s,‘εFμ,2018-02-11,02,κΛZ‘ξ,{ω‚Ή‚Έ,‚ ‚θ
ή“,Τγ‚Λ‚η‚Ά,•¶,‰΅“cπ”Τ,132187,“‹“s,•¶s,‘ε•¶,2018-03-17,15,’“Τi—Φjκ,{ω‚Ή‚Έ,‚Θ‚µ
ή“,Τγ‚Λ‚η‚Ά,•¶,‰΅“cπ”Τ,132187,“‹“s,•¶s,‘ε•¶,2018-04-05,23,κΛZ‘ξ,{ω‚Ή‚Έ,‚Θ‚µ
ή“,Τγ‚Λ‚η‚Ά,•¶,‰΅“cπ”Τ,132187,“‹“s,•¶s,‘ε•¶,2018-04-16,17,’“Τi—Φjκ,{ω‚Ή‚Έ,‚Θ‚µ
ή“,Τγ‚Λ‚η‚Ά,•¶,‰΅“cπ”Τ,132187,“‹“s,•¶s,‘ε•¶,2018-04-16,18,‚»‚Μ‘Ό‚ΜZ‘ξi‚RK‚ΔΘ‰Ί‹¤“―Z‘ξ“™j,{ω‚Ή‚Έ,‚Θ‚µ
ή“,Τγ‚Λ‚η‚Ά,•¶,‰΅“cπ”Τ,132187,“‹“s,•¶s,•‘ –μ‘δ‚P’–Ϊ,2017-12-30,20,κΛZ‘ξ,{ω‚Ή‚Έ,‚Θ‚µ
ή“,Τγ‚Λ‚η‚Ά,•¶,‰΅“cπ”Τ,132187,“‹“s,•¶s,•‘ –μ‘δ‚P’–Ϊ,2018-08-24,12,“ΉHγ,{ω‚Ή‚Έ,‚ ‚θ
ή“,Τγ‚Λ‚η‚Ά,•¶,“ΰoπ”Τ,132187,“‹“s,•¶s,“μ“c‰€‚P’–Ϊ,2018-07-24,16,‚»‚Μ‘Ό,{ω‚Ή‚Έ,‚Θ‚µ
ή“,Τγ‚Λ‚η‚Ά,•¶,‰Ί•¶’“έ,132187,“‹“s,•¶s,‹•l,2018-08-19,18,’“Τi—Φjκ,{ω‚Ή‚Έ,‚ ‚θ
ή“,Τγ‚Λ‚η‚Ά,•¶,‰Ί•¶’“έ,132187,“‹“s,•¶s,‰Α”ό•½‚R’–Ϊ,2018-02-17,15,κΛZ‘ξ,{ω‚Ή‚Έ,‚Θ‚µ
ή“,Τγ‚Λ‚η‚Ά,•¶,‰Ί•¶’“έ,132187,“‹“s,•¶s,‘εFμ,2018-01-12,20,κΛZ‘ξ,{ω‚Ή‚Έ,‚Θ‚µ
ή“,Τγ‚Λ‚η‚Ά,•¶,‰Ί•¶’“έ,132187,“‹“s,•¶s,u–Ξ,2018-03-04,18,κΛZ‘ξ,{ω‚Ή‚Έ,‚ ‚θ
ή“,Τγ‚Λ‚η‚Ά,•¶,’†•¶’“έ,132187,“‹“s,•¶s,‘ε•¶,2018-04-06,14,’“Τi—Φjκ,{ω‚Ή‚Έ,‚Θ‚µ
ή“,Τγ‚Λ‚η‚Ά,•¶,’†•¶’“έ,132187,“‹“s,•¶s,‘ε•¶,2018-09-12,01,κΛZ‘ξ,{ω‚Ή‚Έ,‚ ‚θ
ή“,Τγ‚Λ‚η‚Ά,•¶,γ•¶’“έ,132187,“‹“s,•¶s,‘ε•¶,2018-01-11,03,κΛZ‘ξ,{ω‚Ή‚Έ,‚Θ‚µ
ή“,Τγ‚Λ‚η‚Ά,•¶,γ•¶’“έ,132187,“‹“s,•¶s,‘ε•¶,2018-02-08,17,κΛZ‘ξ,{ω‚Ή‚Έ,‚Θ‚µ
ή“,Τγ‚Λ‚η‚Ά,•¶,” ªƒPθ’“έ,133035,“‹“s,•δ’¬,‘ε” ªƒPθ,2018-02-08,15,“ΉHγ,{ω‚Ή‚Έ,‚ ‚θ
ή“,Τγ‚Λ‚η‚Ά,•¶,” ªƒPθ’“έ,133035,“‹“s,•δ’¬,‘ε•‘ ,2018-01-29,15,“ΉHγ,{ω‚Ή‚Έ,‚ ‚θ
ή“,Τγ‚Λ‚η‚Ά,•¶,” ªƒPθ–k’“έ,133035,“‹“s,•δ’¬,‘ε” ªƒPθ,2018-02-07,11,‚»‚Μ‘Ό,{ω‚Ή‚Έ,‚ ‚θ
ή“,Τγ‚Λ‚η‚Ά,•¶,Ξ”¨γ’“έ,133035,“‹“s,•δ’¬,‘ε•‘ ,2018-01-07,09,‚»‚Μ‘Ό,{ω‚Ή‚Έ,‚ ‚θ
ή“,Τγ‚Λ‚η‚Ά,•¶,Ξ”¨’“έ,133035,“‹“s,•δ’¬,‘ε“aƒP’J,2018-01-05,12,’“Τi—Φjκ,{ω‚Ή‚Έ,‚Θ‚µ
ή“,Τγ‚Λ‚η‚Ά,•¶,Ξ”¨’“έ,133035,“‹“s,•δ’¬,‘ε“aƒP’J,2018-01-21,12,‚»‚Μ‘Ό,{ω‚Ή‚Έ,‚ ‚θ
ή“,Τγ‚Λ‚η‚Ά,•¶,Ξ”¨’“έ,133035,“‹“s,•δ’¬,‘ε“aƒP’J,2018-02-11,19,’“Τi—Φjκ,{ω‚Ή‚Έ,‚Θ‚µ
ή“,Τγ‚Λ‚η‚Ά,•¶,Ξ”¨’“έ,133035,“‹“s,•δ’¬,‘ε“aƒP’J,2018-08-10,18,’“Τi—Φjκ,{ω‚Ή‚Έ,‚Θ‚µ
ή“,Τγ‚Λ‚η‚Ά,•¶,Ξ”¨’“έ,133035,“‹“s,•δ’¬,‘ε•‘ ,2018-08-07,17,’“Τi—Φjκ,{ω‚Ή‚Έ,‚ ‚θ
ή“,Τγ‚Λ‚η‚Ά,•¶,’·‰ª’“έ,133035,“‹“s,•δ’¬,‘ε•xmRI΄V“c,2018-11-21,20,κΛZ‘ξ,{ω‚Ή‚Έ,‚ ‚θ
ή“,Τγ‚Λ‚η‚Ά,•¶,’·‰ª’“έ,133035,“‹“s,•δ’¬,’·‰ª‚P’–Ϊ,2018-04-16,19,’“Τi—Φjκ,{ω‚Ή‚Έ,‚Θ‚µ
ή“,Τγ‚Λ‚η‚Ά,•¶,³‹·R’“έ,133035,“‹“s,•δ’¬,‘ε“ρ–{–Ψ,2018-02-28,12,“ΉHγ,{ω‚Ή‚Έ,‚ ‚θ
ή“,Τγ‚Λ‚η‚Ά,•¶,•‘ –μ’“έ,133035,“‹“s,•δ’¬,‚ή‚³‚µ–μ‚Q’–Ϊ,2018-03-02,16,κΛZ‘ξ,{ω‚Ή‚Έ,‚ ‚θ
ή“,Τγ‚Λ‚η‚Ά,•¶,‰H‘ΊΌ’“έ,132276,“‹“s,‰H‘Ίs,‰H‰Α”ό‚Q’–Ϊ,2018-04-22,13,κΛZ‘ξ,{ω‚Ή‚Έ,‚Θ‚µ
ή“,Τγ‚Λ‚η‚Ά,•¶,‰H‘ΊΌ’“έ,132276,“‹“s,‰H‘Ίs,‰H‰Α”ό‚R’–Ϊ,2018-04-23,20,κΛZ‘ξ,{ω‚Ή‚Έ,‚ ‚θ
ή“,Τγ‚Λ‚η‚Ά,•¶,‰H’“έ,132276,“‹“s,‰H‘Ίs,‰H‰Α”ό‚R’–Ϊ,2018-01-03,02,κΛZ‘ξ,{ω‚Ή‚Έ,‚Θ‚µ
ή“,Τγ‚Λ‚η‚Ά,•¶,_–Ύ‘δπ”Τ,132276,“‹“s,‰H‘Ίs,_–Ύ‘δ‚P’–Ϊ,2018-03-15,18,’“Τi—Φjκ,{ω‚Ή‚Έ,‚Θ‚µ
ή“,Τγ‚Λ‚η‚Ά,•¶,_–Ύ‘δπ”Τ,132276,“‹“s,‰H‘Ίs,_–Ύ‘δ‚S’–Ϊ,2018-04-30,16,’“Τi—Φjκ,{ω‚Ή‚Έ,‚Θ‚µ
ή“,Τγ‚Λ‚η‚Ά,•¶,‰H‘Ί‰w‘Oπ”Τ,132276,“‹“s,‰H‘Ίs,άƒm_‚P’–Ϊ,2018-08-16,17,’“Τi—Φjκ,{ω‚Ή‚Έ,‚ ‚θ
ή“,Τγ‚Λ‚η‚Ά,•¶,‰H‘Ί‰w‘Oπ”Τ,132276,“‹“s,‰H‘Ίs,άƒm_‚R’–Ϊ,2018-01-09,13,‚»‚Μ‘Ό,{ω‚Ή‚Έ,‚ ‚θ
ή“,Τγ‚Λ‚η‚Ά,•¶,‰H‘Ί‰w‘Oπ”Τ,132276,“‹“s,‰H‘Ίs,‹Κμ‚P’–Ϊ,2018-12-10,10,“ΉHγ,{ω‚Ή‚Έ,‚ ‚θ
ή“,Τγ‚Λ‚η‚Ά,•¶,‰H‘Ί‰w‘Oπ”Τ,132276,“‹“s,‰H‘Ίs,—Ξƒ–‹u‚S’–Ϊ,2018-11-28,16,’“Τi—Φjκ,{ω‚Ή‚Έ,‚Θ‚µ
ή“,Τγ‚Λ‚η‚Ά,•¶,“ρ‹{’“έ,132284,“‹“s,‚ ‚«‚ι–μs,‘‰Τ,2018-04-25,13,κΛZ‘ξ,{ω‚Ή‚Έ,‚ ‚θ
ή“,Τγ‚Λ‚η‚Ά,•¶,“ρ‹{’“έ,132284,“‹“s,‚ ‚«‚ι–μs,‘‰Τ,2018-04-25,18,κΛZ‘ξ,{ω‚Ή‚Έ,‚ ‚θ
ή“,Τγ‚Λ‚η‚Ά,•¶,“ρ‹{’“έ,132284,“‹“s,‚ ‚«‚ι–μs,“ρ‹{“‚R’–Ϊ,2018-08-06,12,’“Τi—Φjκ,{ω‚Ή‚Έ,‚ ‚θ
ή“,Τγ‚Λ‚η‚Ά,•¶,‘‰Τ’“έ,132284,“‹“s,‚ ‚«‚ι–μs,‘‰Τ,2018-01-05,18,κΛZ‘ξ,{ω‚Ή‚Έ,‚ ‚θ
ή“,Τγ‚Λ‚η‚Ά,•¶,‘‰Τ’“έ,132284,“‹“s,‚ ‚«‚ι–μs,‘‰Τ,2018-03-10,18,‚»‚Μ‘Ό,{ω‚Ή‚Έ,‚ ‚θ
ή“,Τγ‚Λ‚η‚Ά,•¶,‘‰Τ’“έ,132284,“‹“s,‚ ‚«‚ι–μs,‘‰Τ,2018-04-19,18,κΛZ‘ξ,{ω‚Ή‚Έ,‚ ‚θ
ή“,Τγ‚Λ‚η‚Ά,•¶,‘‰Τ’“έ,132284,“‹“s,‚ ‚«‚ι–μs,‘‰Τ,2018-07-06,09,κΛZ‘ξ,{ω‚Ή‚Έ,‚ ‚θ
ή“,Τγ‚Λ‚η‚Ά,•¶,Ίγ’“έ,132284,“‹“s,‚ ‚«‚ι–μs,ψ“c,2018-09-21,23,κΛZ‘ξ,{ω‚Ή‚Έ,‚Θ‚µ
ή“,Τγ‚Λ‚η‚Ά,•¶,Ίγ’“έ,132284,“‹“s,‚ ‚«‚ι–μs,Ίγ,2018-04-06,17,κΛZ‘ξ,{ω‚Ή‚Έ,‚Θ‚µ
ή“,Τγ‚Λ‚η‚Ά,•¶,–ϋ•½’“έ,132284,“‹“s,‚ ‚«‚ι–μs,‰JΤ,2018-04-19,16,κΛZ‘ξ,{ω‚Ή‚Έ,‚Θ‚µ
ή“,Τγ‚Λ‚η‚Ά,•¶,¬μ‰w‘Oπ”Τ,132276,“‹“s,‰H‘Ίs,‰h’¬‚Q’–Ϊ,2018-03-11,18,’“Τi—Φjκ,{ω‚Ή‚Έ,‚ ‚θ
ή“,Τγ‚Λ‚η‚Ά,•¶,¬μ‰w‘Oπ”Τ,132276,“‹“s,‰H‘Ίs,‰h’¬‚Q’–Ϊ,2018-09-18,08,‚»‚Μ‘Ό‚ΜZ‘ξi‚RK‚ΔΘ‰Ί‹¤“―Z‘ξ“™j,{ω‚Ή‚Έ,‚Θ‚µ
ή“,Τγ‚Λ‚η‚Ά,•¶,¬μ‰w‘Oπ”Τ,132276,“‹“s,‰H‘Ίs,¬μ‘δ‚P’–Ϊ,2018-10-14,07,“ΉHγ,{ω‚Ή‚Έ,‚ ‚θ
ή“,Τγ‚Λ‚η‚Ά,•¶,¬μ‰w‘Oπ”Τ,132276,“‹“s,‰H‘Ίs,¬μ‘δ‚Q’–Ϊ,2018-03-22,21,“ΉHγ,{ω‚Ή‚Έ,‚Θ‚µ
ή“,Τγ‚Λ‚η‚Ά,•¶,¬μ‰w‘Oπ”Τ,132276,“‹“s,‰H‘Ίs,¬μ‘δ‚T’–Ϊ,2018-06-08,18,‚»‚Μ‘Ό,{ω‚Ή‚Έ,‚ ‚θ
ή“,Τγ‚Λ‚η‚Ά,•¶,άƒm_’“έ,132276,“‹“s,‰H‘Ίs,άƒm_,2018-04-11,19,’“Τi—Φjκ,{ω‚Ή‚Έ,‚Θ‚µ
ή“,Τγ‚Λ‚η‚Ά,•¶,άƒm_’“έ,132276,“‹“s,‰H‘Ίs,_–Ύ‘δ‚Q’–Ϊ,2018-02-13,20,’“Τi—Φjκ,{ω‚Ή‚Έ,‚ ‚θ
ή“,Τγ‚Λ‚η‚Ά,•¶,Hμ‰w‘Oπ”Τ,132284,“‹“s,‚ ‚«‚ι–μs,‰JΤ,2018-04-09,18,’“Τi—Φjκ,{ω‚Ή‚Έ,‚ ‚θ
ή“,Τγ‚Λ‚η‚Ά,•¶,Hμ‰w‘Oπ”Τ,132284,“‹“s,‚ ‚«‚ι–μs,H—―‚Q’–Ϊ,2018-09-14,23,’“Τi—Φjκ,{ω‚Ή‚Έ,‚Θ‚µ
ή“,Τγ‚Λ‚η‚Ά,•¶,¬μ’“έ,132284,“‹“s,‚ ‚«‚ι–μs,¬μ“‚Q’–Ϊ,2018-05-04,20,κΛZ‘ξ,{ω‚Ή‚Έ,‚Θ‚µ
ή“,Τγ‚Λ‚η‚Ά,•¶,” ªƒ–θ‰w‘Oπ”Τ,133035,“‹“s,•δ’¬,” ªƒPθ“Ό΄,2017-12-29,17,’“Τi—Φjκ,{ω‚Ή‚Έ,‚Θ‚µ
ή“,Τγ‚Λ‚η‚Ά,•¶,” ªƒ–θ‰w‘Oπ”Τ,133035,“‹“s,•δ’¬,” ªƒPθ“Ό΄,2018-01-01,09,’“Τi—Φjκ,{ω‚Ή‚Έ,‚ ‚θ
ή“,Τγ‚Λ‚η‚Ά,”ª‰¤q,,132012,“‹“s,”ª‰¤qs,,2018-04-27,10,“ΉHγ,{ω‚Ή‚Έ,‚Θ‚µ
ή“,Τγ‚Λ‚η‚Ά,”ª‰¤q,Ό”ª‰¤q‰w‘Oπ”Τ,132012,“‹“s,”ª‰¤qs,ηl’¬‚Q’–Ϊ,2018-02-28,13,‚»‚Μ‘Ό,{ω‚Ή‚Έ,‚ ‚θ
ή“,Τγ‚Λ‚η‚Ά,”ª‰¤q,Ό”ª‰¤q‰w‘Oπ”Τ,132012,“‹“s,”ª‰¤qs,ηl’¬‚Q’–Ϊ,2018-08-10,16,‚»‚Μ‘Ό,{ω‚Ή‚Έ,‚ ‚θ
ή“,Τγ‚Λ‚η‚Ά,”ª‰¤q,Ό”ª‰¤q‰w‘Oπ”Τ,132012,“‹“s,”ª‰¤qs,ηl’¬‚Q’–Ϊ,2018-09-27,16,κΛZ‘ξ,{ω‚Ή‚Έ,‚ ‚θ
ή“,Τγ‚Λ‚η‚Ά,”ª‰¤q,’Η•ªπ”Τ,132012,“‹“s,”ª‰¤qs,”ª”¦’¬,2018-12-21,10,’“Τi—Φjκ,{ω‚Ή‚Έ,‚Θ‚µ
ή“,Τγ‚Λ‚η‚Ά,”ª‰¤q,’Η•ªπ”Τ,132012,“‹“s,”ª‰¤qs,”ª–Ψ’¬,2018-07-22,11,‚SK‚ΔΘγ‹¤“―Z‘ξ,{ω‚Ή‚Έ,‚ ‚θ
ή“,Τγ‚Λ‚η‚Ά,”ª‰¤q,’†–μπ”Τ,132012,“‹“s,”ª‰¤qs,‘ε‰΅’¬,2018-04-25,17,’“Τi—Φjκ,{ω‚Ή‚Έ,‚ ‚θ
ή“,Τγ‚Λ‚η‚Ά,”ª‰¤q,’†–μπ”Τ,132012,“‹“s,”ª‰¤qs,’†–μγ’¬‚P’–Ϊ,2018-12-04,19,’“Τi—Φjκ,{ω‚Ή‚Έ,‚Θ‚µ
ή“,Τγ‚Λ‚η‚Ά,”ª‰¤q,”ª‰¤q‰w“μϋπ”Τ,132012,“‹“s,”ª‰¤qs,qΐ’¬‚P’–Ϊ,2018-05-14,08,‚»‚Μ‘Ό,{ω‚Ή‚Έ,‚ ‚θ
ή“,Τγ‚Λ‚η‚Ά,”ª‰¤q,”ª‰¤q‰w“μϋπ”Τ,132012,“‹“s,”ª‰¤qs,›’¬,2018-08-22,13,’“Τi—Φjκ,{ω‚Ή‚Έ,‚ ‚θ
ή“,Τγ‚Λ‚η‚Ά,”ª‰¤q,”ª‰¤q‰w–kϋπ”Τ,132012,“‹“s,”ª‰¤qs,®’¬,2018-07-10,14,‚»‚Μ‘Ό,{ω‚Ή‚Έ,‚ ‚θ
ή“,Τγ‚Λ‚η‚Ά,”ª‰¤q,”ª‰¤q‰w–kϋπ”Τ,132012,“‹“s,”ª‰¤qs,®’¬,2018-07-19,11,’“Τi—Φjκ,{ω‚Ή‚Έ,‚Θ‚µ
ή“,Τγ‚Λ‚η‚Ά,”ª‰¤q,”ª‰¤q‰w–kϋπ”Τ,132012,“‹“s,”ª‰¤qs,“V_’¬,2018-07-12,09,“ΉHγ,{ω‚Ή‚Έ,‚ ‚θ
ή“,Τγ‚Λ‚η‚Ά,”ª‰¤q,”ª‰¤q‰w–kϋπ”Τ,132012,“‹“s,”ª‰¤qs,“V_’¬,2018-08-26,08,‚»‚Μ‘Ό,{ω‚Ή‚Έ,‚Θ‚µ
ή“,Τγ‚Λ‚η‚Ά,”ª‰¤q,”ª‰¤q‰w–kϋπ”Τ,132012,“‹“s,”ª‰¤qs,’†’¬,2018-02-11,15,’“Τi—Φjκ,{ω‚Ή‚Έ,‚ ‚θ
ή“,Τγ‚Λ‚η‚Ά,”ª‰¤q,”ª‰¤q‰w–kϋπ”Τ,132012,“‹“s,”ª‰¤qs,Oθ’¬,2018-06-07,22,“ΉHγ,{ω‚Ή‚Έ,‚Θ‚µ
ή“,Τγ‚Λ‚η‚Ά,”ª‰¤q,”ª‰¤q‰w–kϋπ”Τ,132012,“‹“s,”ª‰¤qs,–Ύ_’¬‚P’–Ϊ,2018-03-06,14,“ΉHγ,{ω‚Ή‚Έ,‚ ‚θ
ή“,Τγ‚Λ‚η‚Ά,”ª‰¤q,³‰΅Rπ”Τ,132012,“‹“s,”ª‰¤qs,‘ε‰΅’¬,2018-09-29,18,‚»‚Μ‘Ό,{ω‚Ή‚Έ,‚Θ‚µ
ή“,Τγ‚Λ‚η‚Ά,”ª‰¤q,³‰΅Rπ”Τ,132012,“‹“s,”ª‰¤qs,–{’¬,2018-01-20,13,κΛZ‘ξ,{ω‚Ή‚Έ,‚ ‚θ
ή“,Τγ‚Λ‚η‚Ά,”ª‰¤q,³‰΅Rπ”Τ,132012,“‹“s,”ª‰¤qs,³‰΅R’¬‚R’–Ϊ,2018-05-26,21,’“Τi—Φjκ,{ω‚Ή‚Έ,‚Θ‚µ
ή“,Τγ‚Λ‚η‚Ά,”ª‰¤q,³‰΅Rπ”Τ,132012,“‹“s,”ª‰¤qs,³‰΅R’¬‚R’–Ϊ,2018-08-29,09,‚»‚Μ‘Ό‚ΜZ‘ξi‚RK‚ΔΘ‰Ί‹¤“―Z‘ξ“™j,{ω‚Ή‚Έ,‚Θ‚µ
ή“,Τγ‚Λ‚η‚Ά,”ª‰¤q,‘εa“cπ”Τ,132012,“‹“s,”ª‰¤qs,‘εa“c’¬‚T’–Ϊ,2018-02-27,11,‚»‚Μ‘Ό,{ω‚Ή‚Έ,‚ ‚θ
ή“,Τγ‚Λ‚η‚Ά,”ª‰¤q,‘εa“cπ”Τ,132012,“‹“s,”ª‰¤qs,‘εa“c’¬‚U’–Ϊ,2018-08-28,15,“ΉHγ,{ω‚Ή‚Έ,‚Θ‚µ
ή“,Τγ‚Λ‚η‚Ά,”ª‰¤q,ξ‰Χβπ”Τ,132012,“‹“s,”ª‰¤qs,”φθ’¬,2018-04-12,14,κΛZ‘ξ,{ω‚Ή‚Έ,‚Θ‚µ
ή“,Τγ‚Λ‚η‚Ά,”ª‰¤q,ξ‰Χβπ”Τ,132012,“‹“s,”ª‰¤qs,¶“ό’¬,2018-08-19,15,’“Τi—Φjκ,{ω‚Ή‚Έ,‚Θ‚µ
ή“,Τγ‚Λ‚η‚Ά,”ª‰¤q,ξ‰Χβπ”Τ,132012,“‹“s,”ª‰¤qs,’†–μR‰¤‚P’–Ϊ,2018-06-16,19,’“Τi—Φjκ,{ω‚Ή‚Έ,‚Θ‚µ
ή“,Τγ‚Λ‚η‚Ά,”ª‰¤q,¬‹{’¬’“έ,132012,“‹“s,”ª‰¤qs,¬‹{’¬,2018-03-13,15,‚»‚Μ‘Ό,{ω‚Ή‚Έ,‚ ‚θ
ή“,Τγ‚Λ‚η‚Ά,”ª‰¤q,Ά–Ϊπ”Τ,132012,“‹“s,”ª‰¤qs,“θ΄’¬,2018-04-19,17,’“Τi—Φjκ,{ω‚Ή‚Έ,‚ ‚θ
ή“,Τγ‚Λ‚η‚Ά,”ª‰¤q,Ά–Ϊπ”Τ,132012,“‹“s,”ª‰¤qs,“θ΄’¬,2018-05-11,12,“ΉHγ,{ω‚Ή‚Έ,‚ ‚θ
ή“,Τγ‚Λ‚η‚Ά,”ª‰¤q,Ά–Ϊπ”Τ,132012,“‹“s,”ª‰¤qs,“θ΄’¬,2018-10-08,09,“ΉHγ,{ω‚Ή‚Έ,‚ ‚θ
ή“,Τγ‚Λ‚η‚Ά,”ª‰¤q,Ά–Ϊπ”Τ,132012,“‹“s,”ª‰¤qs,“θ΄’¬,2018-12-24,07,“ΉHγ,{ω‚Ή‚Έ,‚ ‚θ
ή“,Τγ‚Λ‚η‚Ά,”ª‰¤q,Ά–Ϊπ”Τ,132012,“‹“s,”ª‰¤qs,“θ΄’¬,2018-12-28,08,“ΉHγ,{ω‚Ή‚Έ,‚ ‚θ
ή“,Τγ‚Λ‚η‚Ά,”ª‰¤q,‰Ίμϋ’“έ,132012,“‹“s,”ª‰¤qs,μϋ’¬,2018-01-05,00,κΛZ‘ξ,{ω‚Ή‚Έ,‚Θ‚µ
ή“,Τγ‚Λ‚η‚Ά,”ª‰¤q,‰Ίμϋ’“έ,132012,“‹“s,”ª‰¤qs,μϋ’¬,2018-04-24,10,’“Τi—Φjκ,{ω‚Ή‚Έ,‚ ‚θ
ή“,Τγ‚Λ‚η‚Ά,”ª‰¤q,‰Ίμϋ’“έ,132012,“‹“s,”ª‰¤qs,μϋ’¬,2018-08-21,12,‚»‚Μ‘Ό,{ω‚Ή‚Έ,‚Θ‚µ
ή“,Τγ‚Λ‚η‚Ά,”ª‰¤q,–k”ª‰¤qπ”Τ,132012,“‹“s,”ª‰¤qs,‰F’Γ–Ψ’¬,2018-09-01,22,κΛZ‘ξ,{ω‚Ή‚Έ,‚ ‚θ
ή“,Τγ‚Λ‚η‚Ά,”ª‰¤q,–k”ª‰¤qπ”Τ,132012,“‹“s,”ª‰¤qs,‚‘q’¬,2018-04-19,19,’“Τi—Φjκ,{ω‚Ή‚Έ,‚Θ‚µ
ή“,Τγ‚Λ‚η‚Ά,”ª‰¤q,¶“ό’¬’“έ,132012,“‹“s,”ª‰¤qs,¶“ό’¬,2018-10-25,23,’“Τi—Φjκ,{ω‚Ή‚Έ,‚ ‚θ
ή“,Τγ‚Λ‚η‚Ά,”ª‰¤q,¶“ό’¬’“έ,132012,“‹“s,”ª‰¤qs,’J–μ’¬,2018-10-22,00,’“Τi—Φjκ,{ω‚Ή‚Έ,‚ ‚θ
ή“,Τγ‚Λ‚η‚Ά,”ª‰¤q,‹v•ΫR’“έ,132012,“‹“s,”ª‰¤qs,‹v•ΫR’¬‚P’–Ϊ,2018-07-26,14,‚»‚Μ‘Ό,{ω‚Ή‚Έ,‚Θ‚µ
ή“,Τγ‚Λ‚η‚Ά,’¬“c,’¬“c‰w‘Oπ”Τ,132098,“‹“s,’¬“cs,΄’¬“c‚U’–Ϊ,2018-01-09,19,“ΉHγ,{ω‚Ή‚Έ,‚ ‚θ
ή“,Τγ‚Λ‚η‚Ά,’¬“c,’¬“c‰w‘Oπ”Τ,132098,“‹“s,’¬“cs,΄’¬“c‚U’–Ϊ,2018-02-08,04,“ΉHγ,{ω‚Ή‚Έ,‚ ‚θ
ή“,Τγ‚Λ‚η‚Ά,’¬“c,’¬“c‰w‘Oπ”Τ,132098,“‹“s,’¬“cs,΄’¬“c‚U’–Ϊ,2018-04-13,10,’“Τi—Φjκ,{ω‚Ή‚Έ,‚ ‚θ
ή“,Τγ‚Λ‚η‚Ά,’¬“c,’¬“c‰w‘Oπ”Τ,132098,“‹“s,’¬“cs,X–μ‚P’–Ϊ,2018-11-30,17,’“Τi—Φjκ,{ω‚Ή‚Έ,‚Θ‚µ
ή“,Τγ‚Λ‚η‚Ά,’¬“c,’†’¬π”Τ,132098,“‹“s,’¬“cs,®’¬‚P’–Ϊ,2018-08-08,12,’“Τi—Φjκ,{ω‚Ή‚Έ,‚ ‚θ
ή“,Τγ‚Λ‚η‚Ά,’¬“c,’†’¬π”Τ,132098,“‹“s,’¬“cs,®’¬‚P’–Ϊ,2018-09-03,19,’“Τi—Φjκ,{ω‚Ή‚Έ,‚Θ‚µ
ή“,Τγ‚Λ‚η‚Ά,’¬“c,’†’¬π”Τ,132098,“‹“s,’¬“cs,’†’¬‚P’–Ϊ,2018-01-06,07,‚»‚Μ‘Ό,{ω‚Ή‚Έ,‚Θ‚µ
ή“,Τγ‚Λ‚η‚Ά,’¬“c,’†’¬π”Τ,132098,“‹“s,’¬“cs,’†’¬‚R’–Ϊ,2018-07-04,15,κΛZ‘ξ,{ω‚Ή‚Έ,‚Θ‚µ
ή“,Τγ‚Λ‚η‚Ά,’¬“c,’†’¬π”Τ,132098,“‹“s,’¬“cs,’†’¬‚S’–Ϊ,2018-01-26,11,’“Τi—Φjκ,{ω‚Ή‚Έ,‚Θ‚µ
ή“,Τγ‚Λ‚η‚Ά,’¬“c,’†’¬π”Τ,132098,“‹“s,’¬“cs,X–μ‚T’–Ϊ,2018-08-23,18,‚»‚Μ‘Ό‚ΜZ‘ξi‚RK‚ΔΘ‰Ί‹¤“―Z‘ξ“™j,{ω‚Ή‚Έ,‚Θ‚µ
ή“,Τγ‚Λ‚η‚Ά,’¬“c,’†’¬π”Τ,132098,“‹“s,’¬“cs,X–μ‚U’–Ϊ,2018-01-27,17,‚»‚Μ‘Ό,{ω‚Ή‚Έ,‚ ‚θ
ή“,Τγ‚Λ‚η‚Ά,’¬“c,‹ΰXπ”Τ,132098,“‹“s,’¬“cs,‹ΰX“‚S’–Ϊ,2018-05-18,12,κΛZ‘ξ,{ω‚Ή‚Έ,‚Θ‚µ
ή“,Τγ‚Λ‚η‚Ά,’¬“c,’ίΤπ”Τ,132098,“‹“s,’¬“cs,‹ΰX‚S’–Ϊ,2018-09-20,16,’“Τi—Φjκ,{ω‚Ή‚Έ,‚Θ‚µ
ή“,Τγ‚Λ‚η‚Ά,’¬“c,’ίΤπ”Τ,132098,“‹“s,’¬“cs,’ίΤ‚R’–Ϊ,2018-10-26,16,’“Τi—Φjκ,{ω‚Ή‚Έ,‚Θ‚µ
ή“,Τγ‚Λ‚η‚Ά,’¬“c,’ίΤπ”Τ,132098,“‹“s,’¬“cs,’ίΤ‚T’–Ϊ,2018-08-27,21,’“Τi—Φjκ,{ω‚Ή‚Έ,‚Θ‚µ
ή“,Τγ‚Λ‚η‚Ά,’¬“c,’ίΤπ”Τ,132098,“‹“s,’¬“cs,’ίΤ‚T’–Ϊ,2018-10-10,17,’“Τi—Φjκ,{ω‚Ή‚Έ,‚Θ‚µ
ή“,Τγ‚Λ‚η‚Ά,’¬“c,“μ‘ε’J’“έ,132098,“‹“s,’¬“cs,“μ‘ε’J,2018-10-14,18,κΛZ‘ξ,{ω‚Ή‚Έ,‚ ‚θ
ή“,Τγ‚Λ‚η‚Ά,’¬“c,‹Κμw‰€’“έ,132098,“‹“s,’¬“cs,‹Κμw‰€‚V’–Ϊ,2018-08-08,10,“ΉHγ,{ω‚Ή‚Έ,‚ ‚θ
ή“,Τγ‚Λ‚η‚Ά,’¬“c,‹Κμw‰€’“έ,132098,“‹“s,’¬“cs,‹Κμw‰€‚W’–Ϊ,2018-09-07,15,’“Τi—Φjκ,{ω‚Ή‚Έ,‚Θ‚µ
ή“,Τγ‚Λ‚η‚Ά,’¬“c,–{’¬“cπ”Τ,132098,“‹“s,’¬“cs,–{’¬“c,2018-10-26,18,‚SK‚ΔΘγ‹¤“―Z‘ξ,{ω‚Ή‚Έ,‚Θ‚µ
ή“,Τγ‚Λ‚η‚Ά,’¬“c,¬–μH’“έ,132098,“‹“s,’¬“cs,¬–μH’¬,2018-10-12,21,‚»‚Μ‘Ό‚ΜZ‘ξi‚RK‚ΔΘ‰Ί‹¤“―Z‘ξ“™j,{ω‚Ή‚Έ,‚Θ‚µ
ή“,Τγ‚Λ‚η‚Ά,’¬“c,}t’“έ,132098,“‹“s,’¬“cs,}t’¬,2018-03-26,18,‚»‚Μ‘Ό,{ω‚Ή‚Έ,‚Θ‚µ
ή“,Τγ‚Λ‚η‚Ά,’¬“c,}t’“έ,132098,“‹“s,’¬“cs,}t’¬,2018-06-19,16,‚»‚Μ‘Ό,{ω‚Ή‚Έ,‚Θ‚µ
ή“,Τγ‚Λ‚η‚Ά,’¬“c,}t’“έ,132098,“‹“s,’¬“cs,}t’¬,2018-11-16,16,’“Τi—Φjκ,{ω‚Ή‚Έ,‚Θ‚µ
ή“,Τγ‚Λ‚η‚Ά,’¬“c,–Ψ‘]π”Τ,132098,“‹“s,’¬“cs,–Ψ‘]“‚P’–Ϊ,2018-08-21,15,’“Τi—Φjκ,{ω‚Ή‚Έ,‚Θ‚µ
ή“,Τγ‚Λ‚η‚Ά,’¬“c,–Ψ‘]π”Τ,132098,“‹“s,’¬“cs,–Ψ‘]“‚S’–Ϊ,2018-03-23,02,‚»‚Μ‘Ό,{ω‚Ή‚Έ,‚ ‚θ
ή“,Τγ‚Λ‚η‚Ά,’¬“c,‚Β‚­‚µ–μ‰w‘Oπ”Τ,132098,“‹“s,’¬“cs,‚Β‚­‚µ–μ‚Q’–Ϊ,2018-06-28,09,’“Τi—Φjκ,{ω‚Ή‚Έ,‚Θ‚µ
ή“,Τγ‚Λ‚η‚Ά,’¬“c,“΅‚Μ‘δ’c’nπ”Τ,132098,“‹“s,’¬“cs,‹ΰδ‚Q’–Ϊ,2018-12-07,23,’“Τi—Φjκ,{ω‚Ή‚Έ,‚Θ‚µ
ή“,Τγ‚Λ‚η‚Ά,’¬“c,¬£‰w‘Oπ”Τ,132098,“‹“s,’¬“cs,“μ¬£‚Q’–Ϊ,2018-02-21,19,‚SK‚ΔΘγ‹¤“―Z‘ξ,{ω‚Ή‚Έ,‚Θ‚µ
ή“,Τγ‚Λ‚η‚Ά,’¬“c,¬£‰w‘Oπ”Τ,132098,“‹“s,’¬“cs,“μ¬£‚Q’–Ϊ,2018-05-21,20,’“Τi—Φjκ,{ω‚Ή‚Έ,‚Θ‚µ
ή“,Τγ‚Λ‚η‚Ά,’¬“c,¬£‰w‘Oπ”Τ,132098,“‹“s,’¬“cs,“μ¬£‚T’–Ϊ,2018-02-10,17,’“Τi—Φjκ,{ω‚Ή‚Έ,‚Θ‚µ
ή“,Τγ‚Λ‚η‚Ά,’¬“c,¬£‰w‘Oπ”Τ,132098,“‹“s,’¬“cs,“μ¬£‚T’–Ϊ,2018-02-21,10,’“Τi—Φjκ,{ω‚Ή‚Έ,‚Θ‚µ
ή“,Τγ‚Λ‚η‚Ά,’¬“c,¬£‰w‘Oπ”Τ,132098,“‹“s,’¬“cs,“μ¬£‚T’–Ϊ,2018-05-10,19,’“Τi—Φjκ,{ω‚Ή‚Έ,‚Θ‚µ
ή“,Τγ‚Λ‚η‚Ά,’¬“c,¬£‰w‘Oπ”Τ,132098,“‹“s,’¬“cs,“μ¬£‚T’–Ϊ,2018-06-03,17,’“Τi—Φjκ,{ω‚Ή‚Έ,‚Θ‚µ
ή“,Τγ‚Λ‚η‚Ά,’¬“c,¬£‰w‘Oπ”Τ,132098,“‹“s,’¬“cs,“μ¬£‚V’–Ϊ,2018-06-29,18,’“Τi—Φjκ,{ω‚Ή‚Έ,‚Θ‚µ
ή“,Τγ‚Λ‚η‚Ά,’¬“c,’‰¶’“έ,132098,“‹“s,’¬“cs,’‰¶‚P’–Ϊ,2018-02-23,15,‚»‚Μ‘Ό,{ω‚Ή‚Έ,‚ ‚θ
ή“,Τγ‚Λ‚η‚Ά,’¬“c,‚ƒ–β’“έ,132098,“‹“s,’¬“cs,‚ƒ–β‚U’–Ϊ,2018-06-30,20,’“Τi—Φjκ,{ω‚Ή‚Έ,‚Θ‚µ
ή“,Τγ‚Λ‚η‚Ά,’¬“c,’‰¶’n‹ζπ”Τ,132098,“‹“s,’¬“cs,’‰¶‚P’–Ϊ,2018-09-12,19,’“Τi—Φjκ,{ω‚Ή‚Έ,‚Θ‚µ
ή“,Τγ‚Λ‚η‚Ά,’¬“c,’‰¶’n‹ζπ”Τ,132098,“‹“s,’¬“cs,’‰¶‚R’–Ϊ,2018-04-11,22,’“Τi—Φjκ,{ω‚Ή‚Έ,‚Θ‚µ
ή“,Τγ‚Λ‚η‚Ά,’¬“c,’‰¶’n‹ζπ”Τ,132098,“‹“s,’¬“cs,Rθ’¬,2018-09-21,18,’“Τi—Φjκ,{ω‚Ή‚Έ,‚Θ‚µ
ή“,Τγ‚Λ‚η‚Ά,’¬“c,’‰¶’n‹ζπ”Τ,132098,“‹“s,’¬“cs,–Ψ‘]Ό‚P’–Ϊ,2018-09-10,20,’“Τi—Φjκ,{ω‚Ή‚Έ,‚Θ‚µ
ή“,Τγ‚Λ‚η‚Ά,’¬“c,’‰¶’n‹ζπ”Τ,132098,“‹“s,’¬“cs,–Ψ‘]Ό‚Q’–Ϊ,2018-02-25,17,’“Τi—Φjκ,{ω‚Ή‚Έ,‚Θ‚µ
ή“,Τγ‚Λ‚η‚Ά,’¬“c,’‰¶’n‹ζπ”Τ,132098,“‹“s,’¬“cs,–Ψ‘]Ό‚R’–Ϊ,2018-04-11,19,“ΉHγ,{ω‚Ή‚Έ,‚Θ‚µ
ή“,Τγ‚Λ‚η‚Ά,’¬“c,’‰¶’n‹ζπ”Τ,132098,“‹“s,’¬“cs,–Ψ‘]Ό‚R’–Ϊ,2018-05-23,16,’“Τi—Φjκ,{ω‚Ή‚Έ,‚Θ‚µ
ή“,Τγ‚Λ‚η‚Ά,’¬“c,’‰¶’n‹ζπ”Τ,132098,“‹“s,’¬“cs,–Ψ‘]Ό‚S’–Ϊ,2018-04-15,09,’“Τi—Φjκ,{ω‚Ή‚Έ,‚ ‚θ
ή“,Τγ‚Λ‚η‚Ά,’¬“c,’‰¶’n‹ζπ”Τ,132098,“‹“s,’¬“cs,–Ψ‘]Ό‚T’–Ϊ,2018-03-02,08,’“Τi—Φjκ,{ω‚Ή‚Έ,‚ ‚θ
ή“,Τγ‚Λ‚η‚Ά,’¬“c,’‰¶’n‹ζπ”Τ,132098,“‹“s,’¬“cs,–Ψ‘]“‚Q’–Ϊ,2018-10-20,13,‚SK‚ΔΘγ‹¤“―Z‘ξ,{ω‚Ή‚Έ,‚ ‚θ
ή“,Τγ‚Λ‚η‚Ά,’¬“c,’‰¶’n‹ζπ”Τ,132098,“‹“s,’¬“cs,ªέ‚Q’–Ϊ,2018-07-10,13,κΛZ‘ξ,{ω‚Ή‚Έ,‚Θ‚µ
ή“,Τγ‚Λ‚η‚Ά,“ϊ–μ,“ϊ–μ‰w‘Oπ”Τ,132128,“‹“s,“ϊ–μs,‰h’¬‚P’–Ϊ,2018-01-31,15,’“Τi—Φjκ,{ω‚Ή‚Έ,‚Θ‚µ
ή“,Τγ‚Λ‚η‚Ά,“ϊ–μ,“ϊ–μ‰w‘Oπ”Τ,132128,“‹“s,“ϊ–μs,‰h’¬‚P’–Ϊ,2018-02-07,16,’“Τi—Φjκ,{ω‚Ή‚Έ,‚Θ‚µ
ή“,Τγ‚Λ‚η‚Ά,“ϊ–μ,“ϊ–μ‰w‘Oπ”Τ,132128,“‹“s,“ϊ–μs,‰h’¬‚P’–Ϊ,2018-03-02,12,’“Τi—Φjκ,{ω‚Ή‚Έ,‚Θ‚µ
ή“,Τγ‚Λ‚η‚Ά,“ϊ–μ,“ϊ–μ‰w‘Oπ”Τ,132128,“‹“s,“ϊ–μs,‰h’¬‚P’–Ϊ,2018-04-01,09,’“Τi—Φjκ,{ω‚Ή‚Έ,‚Θ‚µ
ή“,Τγ‚Λ‚η‚Ά,“ϊ–μ,“ϊ–μ‰w‘Oπ”Τ,132128,“‹“s,“ϊ–μs,‰h’¬‚P’–Ϊ,2018-04-16,11,“ΉHγ,{ω‚Ή‚Έ,‚ ‚θ
ή“,Τγ‚Λ‚η‚Ά,“ϊ–μ,“ϊ–μ‰w‘Oπ”Τ,132128,“‹“s,“ϊ–μs,‰h’¬‚P’–Ϊ,2018-04-18,16,’“Τi—Φjκ,{ω‚Ή‚Έ,‚Θ‚µ
ή“,Τγ‚Λ‚η‚Ά,“ϊ–μ,“ϊ–μ‰w‘Oπ”Τ,132128,“‹“s,“ϊ–μs,“ϊ–μ–{’¬‚T’–Ϊ,2018-03-02,08,“ΉHγ,{ω‚Ή‚Έ,‚ ‚θ
ή“,Τγ‚Λ‚η‚Ά,“ϊ–μ,“ϊ–μ‰w‘Oπ”Τ,132128,“‹“s,“ϊ–μs,“ϊ–μ–{’¬‚T’–Ϊ,2018-04-26,15,“ΉHγ,{ω‚Ή‚Έ,‚ ‚θ
ή“,Τγ‚Λ‚η‚Ά,“ϊ–μ,“ϊ–μ‰w‘Oπ”Τ,132128,“‹“s,“ϊ–μs,“ϊ–μ–{’¬‚U’–Ϊ,2018-06-25,14,‚»‚Μ‘Ό,{ω‚Ή‚Έ,‚Θ‚µ
ή“,Τγ‚Λ‚η‚Ά,“ϊ–μ,–L“c‰w‘Oπ”Τ,132128,“‹“s,“ϊ–μs,®‚ª‹u‚R’–Ϊ,2018-11-28,02,’“Τi—Φjκ,{ω‚Ή‚Έ,‚Θ‚µ
ή“,Τγ‚Λ‚η‚Ά,“ϊ–μ,‘½–€•½π”Τ,132128,“‹“s,“ϊ–μs,‘½–€•½‚P’–Ϊ,2018-12-16,18,‚SK‚ΔΘγ‹¤“―Z‘ξ,{ω‚Ή‚Έ,‚ ‚θ
ή“,Τγ‚Λ‚η‚Ά,“ϊ–μ,‘½–€•½π”Τ,132128,“‹“s,“ϊ–μs,‘½–€•½‚Q’–Ϊ,2018-12-19,01,“ΉHγ,{ω‚Ή‚Έ,‚Θ‚µ
ή“,Τγ‚Λ‚η‚Ά,“ϊ–μ,‘½–€•½π”Τ,132128,“‹“s,“ϊ–μs,‘½–€•½‚S’–Ϊ,2018-05-04,09,“ΉHγ,{ω‚Ή‚Έ,‚Θ‚µ
ή“,Τγ‚Λ‚η‚Ά,“ϊ–μ,‘½–€•½π”Τ,132128,“‹“s,“ϊ–μs,“ϊ–μ–{’¬‚S’–Ϊ,2018-12-04,21,“ΉHγ,{ω‚Ή‚Έ,‚ ‚θ
ή“,Τγ‚Λ‚η‚Ά,“ϊ–μ,“ϊ–μ‹΄’“έ,132128,“‹“s,“ϊ–μs,–θ›‚Q’–Ϊ,2018-06-08,17,’“Τi—Φjκ,{ω‚Ή‚Έ,‚Θ‚µ
ή“,Τγ‚Λ‚η‚Ά,“ϊ–μ,‹{’“έ,132128,“‹“s,“ϊ–μs,‘εγ“c,2018-08-03,16,‚»‚Μ‘Ό,{ω‚Ή‚Έ,‚ ‚θ
ή“,Τγ‚Λ‚η‚Ά,“ϊ–μ,‹{’“έ,132128,“‹“s,“ϊ–μs,‘εμ•Σ–x”V“ΰ,2018-04-28,16,‚»‚Μ‘Ό,{ω‚Ή‚Έ,‚Θ‚µ
ή“,Τγ‚Λ‚η‚Ά,“ϊ–μ,‹{’“έ,132128,“‹“s,“ϊ–μs,–θ›‚R’–Ϊ,2018-03-29,18,κΛZ‘ξ,{ω‚Ή‚Έ,‚Θ‚µ
ή“,Τγ‚Λ‚η‚Ά,“ϊ–μ,‹{’“έ,132128,“‹“s,“ϊ–μs,–θ›‚U’–Ϊ,2018-02-15,15,’“Τi—Φjκ,{ω‚Ή‚Έ,‚Θ‚µ
ή“,Τγ‚Λ‚η‚Ά,“ϊ–μ,“υ›’“έ,132128,“‹“s,“ϊ–μs,‰h’¬‚R’–Ϊ,2018-03-29,11,“ΉHγ,{ω‚Ή‚Έ,‚ ‚θ
ή“,Τγ‚Λ‚η‚Ά,“ϊ–μ,“υ›’“έ,132128,“‹“s,“ϊ–μs,‰h’¬‚T’–Ϊ,2018-02-19,13,‚»‚Μ‘Ό,{ω‚Ή‚Έ,‚ ‚θ
ή“,Τγ‚Λ‚η‚Ά,“ϊ–μ,“υ›’“έ,132128,“‹“s,“ϊ–μs,‰h’¬‚T’–Ϊ,2018-04-05,15,‚»‚Μ‘Ό,{ω‚Ή‚Έ,‚Θ‚µ
ή“,Τγ‚Λ‚η‚Ά,“ϊ–μ,•½Rπ”Τ,132128,“‹“s,“ϊ–μs,“μ•½‚V’–Ϊ,2018-03-30,19,’“Τi—Φjκ,{ω‚Ή‚Έ,‚Θ‚µ
ή“,Τγ‚Λ‚η‚Ά,“ϊ–μ,‚”¦•s“®‰w“μϋπ”Τ,132128,“‹“s,“ϊ–μs,‚”¦,2018-02-15,15,’“Τi—Φjκ,{ω‚Ή‚Έ,‚Θ‚µ
ή“,Τγ‚Λ‚η‚Ά,“ϊ–μ,‚”¦•s“®‰w“μϋπ”Τ,132128,“‹“s,“ϊ–μs,‚”¦,2018-02-23,13,’“Τi—Φjκ,{ω‚Ή‚Έ,‚Θ‚µ
ή“,Τγ‚Λ‚η‚Ά,“ϊ–μ,‚”¦•s“®‰w“μϋπ”Τ,132128,“‹“s,“ϊ–μs,‚”¦,2018-12-14,21,’“Τi—Φjκ,{ω‚Ή‚Έ,‚Θ‚µ
ή“,Τγ‚Λ‚η‚Ά,“ϊ–μ,‚”¦•s“®‰w“μϋπ”Τ,132128,“‹“s,“ϊ–μs,O‘ς‚S’–Ϊ,2018-03-16,17,’“Τi—Φjκ,{ω‚Ή‚Έ,‚Θ‚µ
ή“,Τγ‚Λ‚η‚Ά,“ϊ–μ,‚”¦•s“®‰w“μϋπ”Τ,132128,“‹“s,“ϊ–μs,Ξ“c‚Q’–Ϊ,2018-11-20,14,’“Τi—Φjκ,{ω‚Ή‚Έ,‚Θ‚µ
ή“,Τγ‚Λ‚η‚Ά,“ϊ–μ,•S‘‰€π”Τ,132128,“‹“s,“ϊ–μs,‘εΞ“c,2018-08-17,23,‚»‚Μ‘Ό‚ΜZ‘ξi‚RK‚ΔΘ‰Ί‹¤“―Z‘ξ“™j,{ω‚Ή‚Έ,‚Θ‚µ
ή“,Τγ‚Λ‚η‚Ά,“ϊ–μ,‘½–€“®•¨φ‰€‘Oπ”Τ,132128,“‹“s,“ϊ–μs,’φ‹v•Ϋ‚Q’–Ϊ,2018-10-11,09,‚»‚Μ‘Ό,{ω‚Ή‚Έ,‚Θ‚µ
ή“,Τγ‚Λ‚η‚Ά,“ϊ–μ,•S‘’c’nπ”Τ,132128,“‹“s,“ϊ–μs,•S‘,2018-11-16,08,κΛZ‘ξ,{ω‚Ή‚Έ,‚Θ‚µ
ή“,Τγ‚Λ‚η‚Ά,Ί“‡,Ί“‡‰w‘Oπ”Τ,132071,“‹“s,Ί“‡s,“c’†’¬,2018-01-16,12,‚»‚Μ‘Ό,{ω‚Ή‚Έ,‚Θ‚µ
ή“,Τγ‚Λ‚η‚Ά,Ί“‡,Ί“‡‰w‘Oπ”Τ,132071,“‹“s,Ί“‡s,“c’†’¬,2018-04-02,19,’“Τi—Φjκ,{ω‚Ή‚Έ,‚Θ‚µ
ή“,Τγ‚Λ‚η‚Ά,Ί“‡,Ί“‡‰w‘Oπ”Τ,132071,“‹“s,Ί“‡s,“c’†’¬,2018-09-23,18,’“Τi—Φjκ,{ω‚Ή‚Έ,‚Θ‚µ
ή“,Τγ‚Λ‚η‚Ά,Ί“‡,•“‡π”Τ,132071,“‹“s,Ί“‡s,‹½’n’¬‚Q’–Ϊ,2018-01-29,12,κΛZ‘ξ,{ω‚Ή‚Έ,‚Θ‚µ
ή“,Τγ‚Λ‚η‚Ά,Ί“‡,‹Κμ’“έ,132071,“‹“s,Ί“‡s,‹Κμ’¬‚T’–Ϊ,2018-02-27,08,‚»‚Μ‘Ό‚ΜZ‘ξi‚RK‚ΔΘ‰Ί‹¤“―Z‘ξ“™j,{ω‚Ή‚Έ,‚Θ‚µ
ή“,Τγ‚Λ‚η‚Ά,Ί“‡,‘½–€‘ε‹΄π”Τ,132071,“‹“s,Ί“‡s,’†_’¬‚Q’–Ϊ,2018-01-16,08,“ΉHγ,{ω‚Ή‚Έ,‚Θ‚µ
ή“,Τγ‚Λ‚η‚Ά,Ί“‡,‘½–€‘ε‹΄π”Τ,132071,“‹“s,Ί“‡s,•“‡’¬‚R’–Ϊ,2018-01-18,12,κΛZ‘ξ,{ω‚Ή‚Έ,‚ ‚θ
ή“,Τγ‚Λ‚η‚Ά,Ί“‡,‘½–€‘ε‹΄π”Τ,132071,“‹“s,Ί“‡s,‹{‘ς’¬‚R’–Ϊ,2018-10-20,19,‚»‚Μ‘Ό,{ω‚Ή‚Έ,‚ ‚θ
ή“,Τγ‚Λ‚η‚Ά,Ί“‡,‘ε_’“έ,132071,“‹“s,Ί“‡s,“c’†’¬‚R’–Ϊ,2018-01-10,15,“ΉHγ,{ω‚Ή‚Έ,‚Θ‚µ
ή“,Τγ‚Λ‚η‚Ά,Ί“‡,”q“‡’“έ,132071,“‹“s,Ί“‡s,“c’†’¬‚P’–Ϊ,2018-04-10,14,“ΉHγ,{ω‚Ή‚Έ,‚ ‚θ
ή“,Τγ‚Λ‚η‚Ά,Ί“‡,”q“‡’“έ,132071,“‹“s,Ί“‡s,“c’†’¬‚P’–Ϊ,2018-07-30,22,’“Τi—Φjκ,{ω‚Ή‚Έ,‚ ‚θ
ή“,Τγ‚Λ‚η‚Ά,Ί“‡,–xό’“έ,132071,“‹“s,Ί“‡s,“c’†’¬,2018-01-06,18,’“Τi—Φjκ,{ω‚Ή‚Έ,‚Θ‚µ
ή“,Τγ‚Λ‚η‚Ά,Ί“‡,–xό’“έ,132071,“‹“s,Ί“‡s,“c’†’¬,2018-03-01,22,’“Τi—Φjκ,{ω‚Ή‚Έ,‚Θ‚µ
ή“,Τγ‚Λ‚η‚Ά,Ί“‡,–xό’“έ,132071,“‹“s,Ί“‡s,“c’†’¬,2018-11-02,16,’“Τi—Φjκ,{ω‚Ή‚Έ,‚Θ‚µ
ή“,Τγ‚Λ‚η‚Ά,Ί“‡,“’†_‰w‘Oπ”Τ,132071,“‹“s,Ί“‡s,’†_’¬,2018-01-03,10,’“Τi—Φjκ,{ω‚Ή‚Έ,‚ ‚θ
ή“,Τγ‚Λ‚η‚Ά,Ί“‡,“’†_‰w‘Oπ”Τ,132071,“‹“s,Ί“‡s,’†_’¬,2018-03-11,21,’“Τi—Φjκ,{ω‚Ή‚Έ,‚ ‚θ
ή“,Τγ‚Λ‚η‚Ά,Ί“‡,“’†_‰w‘Oπ”Τ,132071,“‹“s,Ί“‡s,•‘ –μ‚R’–Ϊ,2018-01-25,08,‚»‚Μ‘Ό,{ω‚Ή‚Έ,‚ ‚θ
ή“,Τγ‚Λ‚η‚Ά,Ί“‡,”q“‡‰w‘Oπ”Τ,132071,“‹“s,Ί“‡s,Ό΄’¬‚P’–Ϊ,2018-10-13,12,’“Τi—Φjκ,{ω‚Ή‚Έ,‚Θ‚µ
ή“,Τγ‚Λ‚η‚Ά,Ί“‡,”q“‡‰w‘Oπ”Τ,132071,“‹“s,Ί“‡s,Ό΄’¬‚T’–Ϊ,2018-06-12,08,’“Τi—Φjκ,{ω‚Ή‚Έ,‚Θ‚µ
ή“,Τγ‚Λ‚η‚Ά,—§μ,‘—§‰w‘Oπ”Τ,132152,“‹“s,‘—§s,’†‚P’–Ϊ,2018-04-02,21,’“Τi—Φjκ,{ω‚Ή‚Έ,‚Θ‚µ
ή“,Τγ‚Λ‚η‚Ά,—§μ,‘—§‰w‘Oπ”Τ,132152,“‹“s,‘—§s,’†‚P’–Ϊ,2018-10-26,00,“ΉHγ,{ω‚Ή‚Έ,‚ ‚θ
ή“,Τγ‚Λ‚η‚Ά,—§μ,‘—§‰w‘Oπ”Τ,132152,“‹“s,‘—§s,“‚Q’–Ϊ,2018-08-09,12,’“Τi—Φjκ,{ω‚Ή‚Έ,‚ ‚θ
ή“,Τγ‚Λ‚η‚Ά,—§μ,‰Hί’¬π”Τ,132152,“‹“s,‘—§s,–k‚R’–Ϊ,2018-01-07,14,‚SK‚ΔΘγ‹¤“―Z‘ξ,{ω‚Ή‚Έ,‚ ‚θ
ή“,Τγ‚Λ‚η‚Ά,—§μ,‰Hί’¬π”Τ,132152,“‹“s,‘—§s,–k‚R’–Ϊ,2018-07-20,14,‚»‚Μ‘Ό,{ω‚Ή‚Έ,‚Θ‚µ
ή“,Τγ‚Λ‚η‚Ά,—§μ,‰Hί’¬π”Τ,132152,“‹“s,‘—§s,Ό‚P’–Ϊ,2018-02-06,11,’“Τi—Φjκ,{ω‚Ή‚Έ,‚ ‚θ
ή“,Τγ‚Λ‚η‚Ά,—§μ,—§“ϊ‹΄π”Τ,132021,“‹“s,—§μs,Δθ’¬‚U’–Ϊ,2018-05-15,14,“ΉHγ,{ω‚Ή‚Έ,‚Θ‚µ
ή“,Τγ‚Λ‚η‚Ά,—§μ,—§μ‰w“μϋπ”Τ,132021,“‹“s,—§μs,‹Ρ’¬‚P’–Ϊ,2018-05-19,10,“ΉHγ,{ω‚Ή‚Έ,‚ ‚θ
ή“,Τγ‚Λ‚η‚Ά,—§μ,•xm’Λπ”Τ,132021,“‹“s,—§μs,•xm©’¬‚P’–Ϊ,2018-02-11,21,“ΉHγ,{ω‚Ή‚Έ,‚Θ‚µ
ή“,Τγ‚Λ‚η‚Ά,—§μ,•xm’Λπ”Τ,132021,“‹“s,—§μs,•xm©’¬‚P’–Ϊ,2018-08-28,12,‚SK‚ΔΘγ‹¤“―Z‘ξ,{ω‚Ή‚Έ,‚Θ‚µ
ή“,Τγ‚Λ‚η‚Ά,—§μ,—§μ‰w–kϋπ”Τ,132021,“‹“s,—§μs,’¬‚Q’–Ϊ,2018-05-20,04,“ΉHγ,{ω‚Ή‚Έ,‚Θ‚µ
ή“,Τγ‚Λ‚η‚Ά,—§μ,—§μ‰w–kϋπ”Τ,132021,“‹“s,—§μs,’¬‚Q’–Ϊ,2018-12-25,23,“ΉHγ,{ω‚Ή‚Έ,‚Θ‚µ
ή“,Τγ‚Λ‚η‚Ά,—§μ,—§μ‰w–kϋπ”Τ,132021,“‹“s,—§μs,’¬‚R’–Ϊ,2018-08-18,14,‚SK‚ΔΘγ‹¤“―Z‘ξ,{ω‚Ή‚Έ,‚ ‚θ
ή“,Τγ‚Λ‚η‚Ά,—§μ,—§μ‰w–kϋπ”Τ,132021,“‹“s,—§μs,—Ξ’¬,2018-07-05,10,’“Τi—Φjκ,{ω‚Ή‚Έ,‚ ‚θ
ή“,Τγ‚Λ‚η‚Ά,—§μ,—§μ‰w–kϋπ”Τ,132021,“‹“s,—§μs,—Ξ’¬,2018-07-30,12,’“Τi—Φjκ,{ω‚Ή‚Έ,‚Θ‚µ
ή“,Τγ‚Λ‚η‚Ά,—§μ,—§μ‰w–kϋπ”Τ,132021,“‹“s,—§μs,—Ξ’¬,2018-10-16,10,“ΉHγ,{ω‚Ή‚Έ,‚ ‚θ
ή“,Τγ‚Λ‚η‚Ά,—§μ,‚Ό’¬π”Τ,132021,“‹“s,—§μs,ς’¬,2018-05-18,19,’“Τi—Φjκ,{ω‚Ή‚Έ,‚Θ‚µ
ή“,Τγ‚Λ‚η‚Ά,—§μ,‚Ό’¬π”Τ,132021,“‹“s,—§μs,ς’¬,2018-05-20,19,’“Τi—Φjκ,{ω‚Ή‚Έ,‚Θ‚µ
ή“,Τγ‚Λ‚η‚Ά,—§μ,‚Ό’¬π”Τ,132021,“‹“s,—§μs,ς’¬,2018-06-26,18,’“Τi—Φjκ,{ω‚Ή‚Έ,‚Θ‚µ
ή“,Τγ‚Λ‚η‚Ά,—§μ,‚Ό’¬π”Τ,132021,“‹“s,—§μs,ς’¬,2018-07-21,16,’“Τi—Φjκ,{ω‚Ή‚Έ,‚Θ‚µ
ή“,Τγ‚Λ‚η‚Ά,—§μ,‚Ό’¬π”Τ,132021,“‹“s,—§μs,‚Ό’¬‚P’–Ϊ,2018-02-06,20,’“Τi—Φjκ,{ω‚Ή‚Έ,‚Θ‚µ
ή“,Τγ‚Λ‚η‚Ά,—§μ,’J•Ϋπ”Τ,132152,“‹“s,‘—§s,Β–φ‚R’–Ϊ,2018-02-11,02,’“Τi—Φjκ,{ω‚Ή‚Έ,‚ ‚θ
ή“,Τγ‚Λ‚η‚Ά,—§μ,’J•Ϋπ”Τ,132152,“‹“s,‘—§s,Β–φ‚R’–Ϊ,2018-02-15,22,’“Τi—Φjκ,{ω‚Ή‚Έ,‚Θ‚µ
ή“,Τγ‚Λ‚η‚Ά,—§μ,’J•Ϋπ”Τ,132152,“‹“s,‘—§s,’J•Ϋ,2018-01-29,13,’“Τi—Φjκ,{ω‚Ή‚Έ,‚ ‚θ
ή“,Τγ‚Λ‚η‚Ά,—§μ,’J•Ϋπ”Τ,132152,“‹“s,‘—§s,’J•Ϋ,2018-04-09,18,“ΉHγ,{ω‚Ή‚Έ,‚ ‚θ
ή“,Τγ‚Λ‚η‚Ά,—§μ,’J•Ϋπ”Τ,132152,“‹“s,‘—§s,’J•Ϋ,2018-04-21,18,κΛZ‘ξ,{ω‚Ή‚Έ,‚Θ‚µ
ή“,Τγ‚Λ‚η‚Ά,—§μ,’J•Ϋπ”Τ,132152,“‹“s,‘—§s,’J•Ϋ,2018-05-05,19,κΛZ‘ξ,{ω‚Ή‚Έ,‚ ‚θ
ή“,Τγ‚Λ‚η‚Ά,—§μ,’J•Ϋπ”Τ,132152,“‹“s,‘—§s,’J•Ϋ,2018-07-11,17,’“Τi—Φjκ,{ω‚Ή‚Έ,‚Θ‚µ
ή“,Τγ‚Λ‚η‚Ά,—§μ,’J•Ϋπ”Τ,132152,“‹“s,‘—§s,’J•Ϋ,2018-11-01,22,κΛZ‘ξ,{ω‚Ή‚Έ,‚ ‚θ
ή“,Τγ‚Λ‚η‚Ά,—§μ,’J•Ϋπ”Τ,132152,“‹“s,‘—§s,’J•Ϋ,2018-11-22,17,’“Τi—Φjκ,{ω‚Ή‚Έ,‚Θ‚µ
ή“,Τγ‚Λ‚η‚Ά,—§μ,’¬’“έ,132021,“‹“s,—§μs,’¬‚R’–Ϊ,2018-07-23,15,“ΉHγ,{ω‚Ή‚Έ,‚Θ‚µ
ή“,Τγ‚Λ‚η‚Ά,—§μ,“V‰¤‹΄π”Τ,132021,“‹“s,—§μs,γ»’¬‚T’–Ϊ,2018-12-21,16,‚SK‚ΔΘγ‹¤“―Z‘ξ,{ω‚Ή‚Έ,‚Θ‚µ
ή“,Τγ‚Λ‚η‚Ά,—§μ,“V‰¤‹΄π”Τ,132021,“‹“s,—§μs,Ό»’¬‚P’–Ϊ,2018-02-23,13,‚»‚Μ‘Ό,{ω‚Ή‚Έ,‚Θ‚µ
ή“,Τγ‚Λ‚η‚Ά,—§μ,»μl”Τπ”Τ,132021,“‹“s,—§μs,”’¬‚P’–Ϊ,2018-08-05,15,‚»‚Μ‘Ό,{ω‚Ή‚Έ,‚ ‚θ
ή“,Τγ‚Λ‚η‚Ά,—§μ,»μl”Τπ”Τ,132021,“‹“s,—§μs,”’¬‚Q’–Ϊ,2018-04-03,22,“ΉHγ,{ω‚Ή‚Έ,‚ ‚θ
ή“,Τγ‚Λ‚η‚Ά,—§μ,»μl”Τπ”Τ,132021,“‹“s,—§μs,”’¬‚R’–Ϊ,2018-11-28,02,‚»‚Μ‘Ό‚ΜZ‘ξi‚RK‚ΔΘ‰Ί‹¤“―Z‘ξ“™j,{ω‚Ή‚Έ,‚Θ‚µ
ή“,Τγ‚Λ‚η‚Ά,—§μ,»μl”Τπ”Τ,132021,“‹“s,—§μs,»μ’¬‚P’–Ϊ,2018-02-09,13,“ΉHγ,{ω‚Ή‚Έ,‚Θ‚µ
ή“,Τγ‚Λ‚η‚Ά,—§μ,»μl”Τπ”Τ,132021,“‹“s,—§μs,»μ’¬‚Q’–Ϊ,2018-01-02,19,’“Τi—Φjκ,{ω‚Ή‚Έ,‚ ‚θ
ή“,Τγ‚Λ‚η‚Ά,—§μ,»μl”Τπ”Τ,132021,“‹“s,—§μs,»μ’¬‚Q’–Ϊ,2018-04-29,19,κΛZ‘ξ,{ω‚Ή‚Έ,‚Θ‚µ
ή“,Τγ‚Λ‚η‚Ά,—§μ,»μl”Τπ”Τ,132021,“‹“s,—§μs,»μ’¬‚Q’–Ϊ,2018-10-10,18,‚»‚Μ‘Ό‚ΜZ‘ξi‚RK‚ΔΘ‰Ί‹¤“―Z‘ξ“™j,{ω‚Ή‚Έ,‚ ‚θ
ή“,Τγ‚Λ‚η‚Ά,—§μ,»μl”Τπ”Τ,132021,“‹“s,—§μs,»μ’¬‚S’–Ϊ,2018-04-08,21,κΛZ‘ξ,{ω‚Ή‚Έ,‚ ‚θ
ή“,Τγ‚Λ‚η‚Ά,—§μ,»μ”ª”Τπ”Τ,132021,“‹“s,—§μs,K’¬‚P’–Ϊ,2018-09-19,19,’“Τi—Φjκ,{ω‚Ή‚Έ,‚Θ‚µ
ή“,Τγ‚Λ‚η‚Ά,—§μ,»μ”ª”Τπ”Τ,132021,“‹“s,—§μs,K’¬‚S’–Ϊ,2018-12-25,21,‚SK‚ΔΘγ‹¤“―Z‘ξ,{ω‚Ή‚Έ,‚ ‚θ
ή“,Τγ‚Λ‚η‚Ά,—§μ,•xm©‘δπ”Τ,132152,“‹“s,‘—§s,•xm©‘δ‚Q’–Ϊ,2018-02-15,13,’“Τi—Φjκ,{ω‚Ή‚Έ,‚ ‚θ
ή“,Τγ‚Λ‚η‚Ά,—§μ,•xm©‘δπ”Τ,132152,“‹“s,‘—§s,•xm©‘δ‚Q’–Ϊ,2018-08-03,16,’“Τi—Φjκ,{ω‚Ή‚Έ,‚Θ‚µ
ή“,Τγ‚Λ‚η‚Ά,—§μ,•xm©‘δπ”Τ,132152,“‹“s,‘—§s,•xm©‘δ‚R’–Ϊ,2018-01-27,13,“ΉHγ,{ω‚Ή‚Έ,‚ ‚θ
ή“,Τγ‚Λ‚η‚Ά,—§μ,•xm©‘δπ”Τ,132152,“‹“s,‘—§s,•xm©‘δ‚R’–Ϊ,2018-04-10,13,“ΉHγ,{ω‚Ή‚Έ,‚ ‚θ
ή“,Τγ‚Λ‚η‚Ά,—§μ,α—t’¬’“έ,132021,“‹“s,—§μs,α—t’¬‚S’–Ϊ,2017-10-15,18,‚SK‚ΔΘγ‹¤“―Z‘ξ,{ω‚Ή‚Έ,‚Θ‚µ
ή“,Τγ‚Λ‚η‚Ά,—§μ,α—t’¬’“έ,132021,“‹“s,—§μs,α—t’¬‚S’–Ϊ,2018-03-08,19,’“Τi—Φjκ,{ω‚Ή‚Έ,‚Θ‚µ
ή“,Τγ‚Λ‚η‚Ά,•{’†,“μ’¬π”Τ,132063,“‹“s,•{’†s,–{’¬‚Q’–Ϊ,2018-10-23,23,κΛZ‘ξ,{ω‚Ή‚Έ,‚Θ‚µ
ή“,Τγ‚Λ‚η‚Ά,•{’†,“•{’†‰w‘Oπ”Τ,132063,“‹“s,•{’†s,αΌ’¬‚Q’–Ϊ,2018-11-06,18,’“Τi—Φjκ,{ω‚Ή‚Έ,‚Θ‚µ
ή“,Τγ‚Λ‚η‚Ά,•{’†,‰h’¬π”Τ,132063,“‹“s,•{’†s,K’¬‚P’–Ϊ,2018-09-17,19,“ΉHγ,{ω‚Ή‚Έ,‚Θ‚µ
ή“,Τγ‚Λ‚η‚Ά,•{’†,‰h’¬π”Τ,132063,“‹“s,•{’†s,K’¬‚P’–Ϊ,2018-10-20,15,κΛZ‘ξ,{ω‚Ή‚Έ,‚ ‚θ
ή“,Τγ‚Λ‚η‚Ά,•{’†,‰h’¬π”Τ,132063,“‹“s,•{’†s,K’¬‚P’–Ϊ,2018-10-22,19,κΛZ‘ξ,{ω‚Ή‚Έ,‚Θ‚µ
ή“,Τγ‚Λ‚η‚Ά,•{’†,‰h’¬π”Τ,132063,“‹“s,•{’†s,K’¬‚Q’–Ϊ,2018-10-04,19,’“Τi—Φjκ,{ω‚Ή‚Έ,‚ ‚θ
ή“,Τγ‚Λ‚η‚Ά,•{’†,‰h’¬π”Τ,132063,“‹“s,•{’†s,‰h’¬‚Q’–Ϊ,2018-10-06,10,‚»‚Μ‘Ό‚ΜZ‘ξi‚RK‚ΔΘ‰Ί‹¤“―Z‘ξ“™j,{ω‚Ή‚Έ,‚Θ‚µ
ή“,Τγ‚Λ‚η‚Ά,•{’†,‰h’¬π”Τ,132063,“‹“s,•{’†s,‰h’¬‚Q’–Ϊ,2018-10-17,07,κΛZ‘ξ,{ω‚Ή‚Έ,‚ ‚θ
ή“,Τγ‚Λ‚η‚Ά,•{’†,‰h’¬π”Τ,132063,“‹“s,•{’†s,‰h’¬‚Q’–Ϊ,2018-10-19,19,κΛZ‘ξ,{ω‚Ή‚Έ,‚ ‚θ
ή“,Τγ‚Λ‚η‚Ά,•{’†,‰h’¬π”Τ,132063,“‹“s,•{’†s,‰h’¬‚Q’–Ϊ,2018-10-26,09,‚SK‚ΔΘγ‹¤“―Z‘ξ,{ω‚Ή‚Έ,‚Θ‚µ
ή“,Τγ‚Λ‚η‚Ά,•{’†,‰h’¬π”Τ,132063,“‹“s,•{’†s,‰h’¬‚R’–Ϊ,2018-10-14,19,κΛZ‘ξ,{ω‚Ή‚Έ,‚Θ‚µ
ή“,Τγ‚Λ‚η‚Ά,•{’†,‰h’¬π”Τ,132063,“‹“s,•{’†s,°©’¬‚R’–Ϊ,2018-10-14,22,κΛZ‘ξ,{ω‚Ή‚Έ,‚ ‚θ
ή“,Τγ‚Λ‚η‚Ά,•{’†,‰h’¬π”Τ,132063,“‹“s,•{’†s,°©’¬‚R’–Ϊ,2018-10-22,16,κΛZ‘ξ,{ω‚Ή‚Έ,‚ ‚θ
ή“,Τγ‚Λ‚η‚Ά,•{’†,‰h’¬π”Τ,132063,“‹“s,•{’†s,°©’¬‚R’–Ϊ,2018-10-26,00,‚»‚Μ‘Ό,{ω‚Ή‚Έ,‚Θ‚µ
ή“,Τγ‚Λ‚η‚Ά,•{’†,”όD’¬π”Τ,132063,“‹“s,•{’†s,”όD’¬‚Q’–Ϊ,2018-02-12,13,“ΉHγ,{ω‚Ή‚Έ,‚Θ‚µ
ή“,Τγ‚Λ‚η‚Ά,•{’†,”όD’¬π”Τ,132063,“‹“s,•{’†s,”όD’¬‚Q’–Ϊ,2018-08-15,17,‚»‚Μ‘Ό‚ΜZ‘ξi‚RK‚ΔΘ‰Ί‹¤“―Z‘ξ“™j,{ω‚Ή‚Έ,‚Θ‚µ
ή“,Τγ‚Λ‚η‚Ά,•{’†,–{hπ”Τ,132063,“‹“s,•{’†s,–{h’¬‚S’–Ϊ,2018-12-15,01,‚»‚Μ‘Ό,{ω‚Ή‚Έ,‚Θ‚µ
ή“,Τγ‚Λ‚η‚Ά,•{’†,’†‰Ν΄π”Τ,132063,“‹“s,•{’†s,Z‹g’¬‚T’–Ϊ,2018-08-18,02,‚»‚Μ‘Ό,{ω‚Ή‚Έ,‚ ‚θ
ή“,Τγ‚Λ‚η‚Ά,•{’†,‘½–’“έ,132063,“‹“s,•{’†s,’©“ϊ’¬‚R’–Ϊ,2018-11-28,05,‚»‚Μ‘Ό,{ω‚Ή‚Έ,‚Θ‚µ
ή“,Τγ‚Λ‚η‚Ά,•{’†,¥­π”Τ,132063,“‹“s,•{’†s,¥­‚R’–Ϊ,2018-05-19,22,κΛZ‘ξ,{ω‚Ή‚Έ,‚Θ‚µ
ή“,Τγ‚Λ‚η‚Ά,•{’†,¥­π”Τ,132063,“‹“s,•{’†s,¥­‚R’–Ϊ,2018-07-23,17,κΛZ‘ξ,{ω‚Ή‚Έ,‚ ‚θ
ή“,Τγ‚Λ‚η‚Ά,•{’†,¥­π”Τ,132063,“‹“s,•{’†s,¥­‚R’–Ϊ,2018-11-28,22,κΛZ‘ξ,{ω‚Ή‚Έ,‚ ‚θ
ή“,Τγ‚Λ‚η‚Ά,•{’†,¥­π”Τ,132063,“‹“s,•{’†s,¥­‚U’–Ϊ,2018-07-08,21,‚»‚Μ‘Ό,{ω‚Ή‚Έ,‚ ‚θ
ή“,Τγ‚Λ‚η‚Ά,•{’†,‘ζά’†wZ‘Oπ”Τ,132063,“‹“s,•{’†s,V’¬‚R’–Ϊ,2018-02-25,19,κΛZ‘ξ,{ω‚Ή‚Έ,‚ ‚θ
ή“,Τγ‚Λ‚η‚Ά,•{’†,‘ζά’†wZ‘Oπ”Τ,132063,“‹“s,•{’†s,V’¬‚R’–Ϊ,2018-03-07,19,‚»‚Μ‘Ό‚ΜZ‘ξi‚RK‚ΔΘ‰Ί‹¤“―Z‘ξ“™j,{ω‚Ή‚Έ,‚ ‚θ
ή“,Τγ‚Λ‚η‚Ά,•{’†,‘ζά’†wZ‘Oπ”Τ,132063,“‹“s,•{’†s,“V_’¬‚P’–Ϊ,2018-11-26,04,‚»‚Μ‘Ό‚ΜZ‘ξi‚RK‚ΔΘ‰Ί‹¤“―Z‘ξ“™j,{ω‚Ή‚Έ,‚Θ‚µ
ή“,Τγ‚Λ‚η‚Ά,•{’†,‘ζά’†wZ‘Oπ”Τ,132063,“‹“s,•{’†s,“V_’¬‚Q’–Ϊ,2018-07-02,08,‚»‚Μ‘Ό,{ω‚Ή‚Έ,‚ ‚θ
ή“,Τγ‚Λ‚η‚Ά,•{’†,‘ζά’†wZ‘Oπ”Τ,132063,“‹“s,•{’†s,“V_’¬‚R’–Ϊ,2018-06-12,10,‚»‚Μ‘Ό,{ω‚Ή‚Έ,‚Θ‚µ
ή“,Τγ‚Λ‚η‚Ά,•{’†,•ª”~’“έ,132063,“‹“s,•{’†s,–{’¬‚R’–Ϊ,2018-01-20,15,κΛZ‘ξ,{ω‚Ή‚Έ,‚ ‚θ
ή“,Τγ‚Λ‚η‚Ά,•{’†,”’…‘δπ”Τ,132063,“‹“s,•{’†s,¬–φ’¬‚P’–Ϊ,2018-10-22,17,κΛZ‘ξ,{ω‚Ή‚Έ,‚ ‚θ
ή“,Τγ‚Λ‚η‚Ά,•{’†,”’…‘δπ”Τ,132063,“‹“s,•{’†s,”’…‘δ‚S’–Ϊ,2018-11-17,17,“ΉHγ,{ω‚Ή‚Έ,‚ ‚θ
ή“,Τγ‚Λ‚η‚Ά,•{’†,”’…‘δπ”Τ,132063,“‹“s,•{’†s,g—t‹u‚P’–Ϊ,2018-02-21,12,’“Τi—Φjκ,{ω‚Ή‚Έ,‚ ‚θ
ή“,Τγ‚Λ‚η‚Ά,•{’†,”’…‘δπ”Τ,132063,“‹“s,•{’†s,g—t‹u‚P’–Ϊ,2018-05-28,08,“ΉHγ,{ω‚Ή‚Έ,‚Θ‚µ
ή“,Τγ‚Λ‚η‚Ά,•{’†,”’…‘δπ”Τ,132063,“‹“s,•{’†s,g—t‹u‚R’–Ϊ,2018-07-17,00,‚»‚Μ‘Ό‚ΜZ‘ξi‚RK‚ΔΘ‰Ί‹¤“―Z‘ξ“™j,{ω‚Ή‚Έ,‚ ‚θ
ή“,Τγ‚Λ‚η‚Ά,•{’†,”’…‘δπ”Τ,132063,“‹“s,•{’†s,αΌ’¬‚S’–Ϊ,2018-12-04,19,’“Τi—Φjκ,{ω‚Ή‚Έ,‚ ‚θ
ή“,Τγ‚Λ‚η‚Ά,•{’†,‘ε‘°π”Τ,132063,“‹“s,•{’†s,υ’¬‚Q’–Ϊ,2018-01-11,11,’“Τi—Φjκ,{ω‚Ή‚Έ,‚Θ‚µ
ή“,Τγ‚Λ‚η‚Ά,•{’†,‘ε‘°π”Τ,132063,“‹“s,•{’†s,”ª”¦’¬‚Q’–Ϊ,2018-07-01,11,‚»‚Μ‘Ό‚ΜZ‘ξi‚RK‚ΔΘ‰Ί‹¤“―Z‘ξ“™j,{ω‚Ή‚Έ,‚ ‚θ
ή“,Τγ‚Λ‚η‚Ά,•{’†,‘ε‘°π”Τ,132063,“‹“s,•{’†s,•{’†’¬‚Q’–Ϊ,2018-09-12,14,‚»‚Μ‘Ό,{ω‚Ή‚Έ,‚Θ‚µ
ή“,Τγ‚Λ‚η‚Ά,•{’†,‘ε‘°π”Τ,132063,“‹“s,•{’†s,•{’†’¬‚Q’–Ϊ,2018-09-12,14,‚»‚Μ‘Ό,{ω‚Ή‚Έ,‚Θ‚µ
ή“,Τγ‚Λ‚η‚Ά,•{’†,‘ε‘°π”Τ,132063,“‹“s,•{’†s,—Ξ’¬‚Q’–Ϊ,2018-01-13,20,’“Τi—Φjκ,{ω‚Ή‚Έ,‚Θ‚µ
ή“,Τγ‚Λ‚η‚Ά,•{’†,‘ε‘°π”Τ,132063,“‹“s,•{’†s,‹{Ό’¬‚Q’–Ϊ,2018-04-22,11,’“Τi—Φjκ,{ω‚Ή‚Έ,‚Θ‚µ
ή“,Τγ‚Λ‚η‚Ά,•{’†,‘ε‘°π”Τ,132063,“‹“s,•{’†s,‹{Ό’¬‚Q’–Ϊ,2018-11-20,14,’“Τi—Φjκ,{ω‚Ή‚Έ,‚ ‚θ
ή“,Τγ‚Λ‚η‚Ά,•{’†,l’J’“έ,132063,“‹“s,•{’†s,–{’¬‚R’–Ϊ,2018-01-08,03,κΛZ‘ξ,{ω‚Ή‚Έ,‚ ‚θ
ή“,Τγ‚Λ‚η‚Ά,¬‹ΰδ,‘O΄π”Τ,132101,“‹“s,¬‹ΰδs,‘O΄’¬‚R’–Ϊ,2018-10-24,09,“ΉHγ,{ω‚Ή‚Έ,‚ ‚θ
ή“,Τγ‚Λ‚η‚Ά,¬‹ΰδ,‘•ª›‰w–kϋπ”Τ,132144,“‹“s,‘•ª›s,–{’¬‚Q’–Ϊ,2018-01-28,23,’“Τi—Φjκ,{ω‚Ή‚Έ,‚Θ‚µ
ή“,Τγ‚Λ‚η‚Ά,¬‹ΰδ,‘•ª›‰w–kϋπ”Τ,132144,“‹“s,‘•ª›s,–{’¬‚Q’–Ϊ,2018-07-17,22,“ΉHγ,{ω‚Ή‚Έ,‚ ‚θ
ή“,Τγ‚Λ‚η‚Ά,¬‹ΰδ,“¬‹ΰδ‰w‘Oπ”Τ,132101,“‹“s,¬‹ΰδs,–μ’¬‚P’–Ϊ,2018-07-04,19,’“Τi—Φjκ,{ω‚Ή‚Έ,‚ ‚θ
ή“,Τγ‚Λ‚η‚Ά,¬‹ΰδ,“¬‹ΰδ‰w‘Oπ”Τ,132101,“‹“s,¬‹ΰδs,–μ’¬‚T’–Ϊ,2017-12-29,23,“ΉHγ,{ω‚Ή‚Έ,‚ ‚θ
ή“,Τγ‚Λ‚η‚Ά,¬‹ΰδ,“¬‹ΰδ‰w‘Oπ”Τ,132101,“‹“s,¬‹ΰδs,–μ’¬‚T’–Ϊ,2018-05-20,15,’“Τi—Φjκ,{ω‚Ή‚Έ,‚ ‚θ
ή“,Τγ‚Λ‚η‚Ά,¬‹ΰδ,“¬‹ΰδ‰w‘Oπ”Τ,132101,“‹“s,¬‹ΰδs,“’¬‚S’–Ϊ,2018-10-26,19,κΛZ‘ξ,{ω‚Ή‚Έ,‚ ‚θ
ή“,Τγ‚Λ‚η‚Ά,¬‹ΰδ,Ρδ–k’¬π”Τ,132101,“‹“s,¬‹ΰδs,Ρδ–k’¬‚Q’–Ϊ,2018-09-13,04,κΛZ‘ξ,{ω‚Ή‚Έ,‚ ‚θ
ή“,Τγ‚Λ‚η‚Ά,¬‹ΰδ,Ρδ–k’¬π”Τ,132101,“‹“s,¬‹ΰδs,–{’¬‚R’–Ϊ,2018-07-26,19,‚»‚Μ‘Ό,{ω‚Ή‚Έ,‚Θ‚µ
ή“,Τγ‚Λ‚η‚Ά,¬‹ΰδ,Ρδ–k’¬π”Τ,132101,“‹“s,¬‹ΰδs,–{’¬‚S’–Ϊ,2018-06-02,16,‚»‚Μ‘Ό,{ω‚Ή‚Έ,‚Θ‚µ
ή“,Τγ‚Λ‚η‚Ά,¬‹ΰδ,Ρδ–k’¬π”Τ,132101,“‹“s,¬‹ΰδs,–{’¬‚T’–Ϊ,2018-03-16,14,’“Τi—Φjκ,{ω‚Ή‚Έ,‚Θ‚µ
ή“,Τγ‚Λ‚η‚Ά,¬‹ΰδ,¬‹ΰδφ‰€‘Oπ”Τ,132101,“‹“s,¬‹ΰδs,–μ’¬‚R’–Ϊ,2018-06-01,17,‚SK‚ΔΘγ‹¤“―Z‘ξ,{ω‚Ή‚Έ,‚Θ‚µ
ή“,Τγ‚Λ‚η‚Ά,¬‹ΰδ,¬‹ΰδφ‰€‘Oπ”Τ,132101,“‹“s,¬‹ΰδs,—Ξ’¬‚S’–Ϊ,2018-06-22,13,“ΉHγ,{ω‚Ή‚Έ,‚ ‚θ
ή“,Τγ‚Λ‚η‚Ά,¬‹ΰδ,¬‹ΰδφ‰€‘Oπ”Τ,132101,“‹“s,¬‹ΰδs,—Ξ’¬‚S’–Ϊ,2018-09-16,08,’“Τi—Φjκ,{ω‚Ή‚Έ,‚ ‚θ
ή“,Τγ‚Λ‚η‚Ά,¬‹ΰδ,V¬‹ΰδπ”Τ,132101,“‹“s,¬‹ΰδs,“’¬‚S’–Ϊ,2018-01-18,16,‚SK‚ΔΘγ‹¤“―Z‘ξ,{ω‚Ή‚Έ,‚Θ‚µ
ή“,Τγ‚Λ‚η‚Ά,¬‹ΰδ,V¬‹ΰδπ”Τ,132101,“‹“s,¬‹ΰδs,“’¬‚T’–Ϊ,2017-12-21,18,’“Τi—Φjκ,{ω‚Ή‚Έ,‚Θ‚µ
ή“,Τγ‚Λ‚η‚Ά,¬‹ΰδ,Ρδ“μ’¬π”Τ,132101,“‹“s,¬‹ΰδs,Ρδ“μ’¬‚Q’–Ϊ,2018-01-07,17,’“Τi—Φjκ,{ω‚Ή‚Έ,‚Θ‚µ
ή“,Τγ‚Λ‚η‚Ά,¬‹ΰδ,³’¬’“έ,132144,“‹“s,‘•ª›s,Ό³’¬‚R’–Ϊ,2018-10-24,20,κΛZ‘ξ,{ω‚Ή‚Έ,‚Θ‚µ
ή“,Τγ‚Λ‚η‚Ά,¬‹ΰδ,³’¬’“έ,132144,“‹“s,‘•ª›s,“³’¬‚Q’–Ϊ,2018-08-31,12,‚»‚Μ‘Ό‚ΜZ‘ξi‚RK‚ΔΘ‰Ί‹¤“―Z‘ξ“™j,{ω‚Ή‚Έ,‚ ‚θ
ή“,Τγ‚Λ‚η‚Ά,¬‹ΰδ,³’¬’“έ,132144,“‹“s,‘•ª›s,“³’¬‚S’–Ϊ,2018-01-19,22,’“Τi—Φjκ,{ω‚Ή‚Έ,‚Θ‚µ
ή“,Τγ‚Λ‚η‚Ά,¬‹ΰδ,³’¬’“έ,132144,“‹“s,‘•ª›s,“³’¬‚S’–Ϊ,2018-03-09,14,κΛZ‘ξ,{ω‚Ή‚Έ,‚ ‚θ
ή“,Τγ‚Λ‚η‚Ά,¬‹ΰδ,³’¬’“έ,132144,“‹“s,‘•ª›s,“³’¬‚S’–Ϊ,2018-10-14,09,κΛZ‘ξ,{ω‚Ή‚Έ,‚Θ‚µ
ή“,Τγ‚Λ‚η‚Ά,¬‹ΰδ,³’¬’“έ,132144,“‹“s,‘•ª›s,“³’¬‚S’–Ϊ,2018-11-24,21,κΛZ‘ξ,{ω‚Ή‚Έ,‚Θ‚µ
ή“,Τγ‚Λ‚η‚Ά,¬‹ΰδ,–{‘½π”Τ,132101,“‹“s,¬‹ΰδs,Ρδ–k’¬‚T’–Ϊ,2018-06-05,10,’“Τi—Φjκ,{ω‚Ή‚Έ,‚Θ‚µ
ή“,Τγ‚Λ‚η‚Ά,¬‹ΰδ,‹¤‰v’“έ,132144,“‹“s,‘•ª›s,–k’¬‚R’–Ϊ,2018-10-03,21,’“Τi—Φjκ,{ω‚Ή‚Έ,‚ ‚θ
ή“,Τγ‚Λ‚η‚Ά,¬‹ΰδ,‹¤‰v’“έ,132144,“‹“s,‘•ª›s,•ΐ–Ψ’¬‚R’–Ϊ,2018-09-01,02,‚»‚Μ‘Ό,{ω‚Ή‚Έ,‚Θ‚µ
ή“,Τγ‚Λ‚η‚Ά,¬‹ΰδ,‘•ª›‰w“μϋπ”Τ,132144,“‹“s,‘•ª›s,ς’¬‚P’–Ϊ,2018-08-28,15,κΛZ‘ξ,{ω‚Ή‚Έ,‚ ‚θ
ή“,Τγ‚Λ‚η‚Ά,¬‹ΰδ,‘•ª›‰w“μϋπ”Τ,132144,“‹“s,‘•ª›s,“μ’¬‚R’–Ϊ,2018-03-18,19,“ΉHγ,{ω‚Ή‚Έ,‚ ‚θ
ή“,Τγ‚Λ‚η‚Ά,¬‹ΰδ,Ό‘•ª›‰w‘Oπ”Τ,132144,“‹“s,‘•ª›s,Ό—φƒ–E‚Q’–Ϊ,2018-03-28,09,’“Τi—Φjκ,{ω‚Ή‚Έ,‚Θ‚µ
ή“,Τγ‚Λ‚η‚Ά,¬‹ΰδ,•‘ ¬‹ΰδ‰w‘Oπ”Τ,132101,“‹“s,¬‹ΰδs,–{’¬‚T’–Ϊ,2018-06-22,18,’“Τi—Φjκ,{ω‚Ή‚Έ,‚Θ‚µ
ή“,Τγ‚Λ‚η‚Ά,¬‹ΰδ,•‘ ¬‹ΰδ‰w‘Oπ”Τ,132101,“‹“s,¬‹ΰδs,–{’¬‚T’–Ϊ,2018-09-19,12,’“Τi—Φjκ,{ω‚Ή‚Έ,‚Θ‚µ
ή“,Τγ‚Λ‚η‚Ά,“c–³,,,,,,2018-08-31,14,“ΉHγ,{ω‚Ή‚Έ,‚Θ‚µ
ή“,Τγ‚Λ‚η‚Ά,“c–³,“c–³‰w‘Oπ”Τ,132292,“‹“s,Ό“‹s,“c–³’¬‚S’–Ϊ,2018-11-04,15,“ΉHγ,{ω‚Ή‚Έ,‚Θ‚µ
ή“,Τγ‚Λ‚η‚Ά,“c–³,–k΄’¬π”Τ,132292,“‹“s,Ό“‹s,“c–³’¬‚T’–Ϊ,2018-12-01,19,’“Τi—Φjκ,{ω‚Ή‚Έ,‚Θ‚µ
ή“,Τγ‚Λ‚η‚Ά,“c–³,–k΄’¬π”Τ,132292,“‹“s,Ό“‹s,Ό΄’¬‚S’–Ϊ,2018-12-23,03,‚»‚Μ‘Ό,{ω‚Ή‚Έ,‚Θ‚µ
ή“,Τγ‚Λ‚η‚Ά,“c–³,–φ‘ς‰w‘Oπ”Τ,132292,“‹“s,Ό“‹s,•Ϋ’J’¬‚R’–Ϊ,2018-07-24,17,’“Τi—Φjκ,{ω‚Ή‚Έ,‚Θ‚µ
ή“,Τγ‚Λ‚η‚Ά,“c–³,–φ‘ς‰w‘Oπ”Τ,132292,“‹“s,Ό“‹s,•Ϋ’J’¬‚R’–Ϊ,2018-12-22,16,‚SK‚ΔΘγ‹¤“―Z‘ξ,{ω‚Ή‚Έ,‚Θ‚µ
ή“,Τγ‚Λ‚η‚Ά,“c–³,–φ‘ς‰w‘Oπ”Τ,132292,“‹“s,Ό“‹s,•Ϋ’J’¬‚T’–Ϊ,2018-05-28,09,“ΉHγ,{ω‚Ή‚Έ,‚ ‚θ
ή“,Τγ‚Λ‚η‚Ά,“c–³,β‰Ίπ”Τ,132292,“‹“s,Ό“‹s,“•©‚P’–Ϊ,2018-06-16,08,κΛZ‘ξ,{ω‚Ή‚Έ,‚ ‚θ
ή“,Τγ‚Λ‚η‚Ά,“c–³,‚Π‚Ξ‚θ‚ª‹u’c’nπ”Τ,132225,“‹“s,“‹v—―•Δs,“μ’¬‚P’–Ϊ,2018-10-04,19,’“Τi—Φjκ,{ω‚Ή‚Έ,‚Θ‚µ
ή“,Τγ‚Λ‚η‚Ά,“c–³,‚Π‚Ξ‚θ‚ª‹u’c’nπ”Τ,132225,“‹“s,“‹v—―•Δs,“μ’¬‚Q’–Ϊ,2018-09-30,12,’“Τi—Φjκ,{ω‚Ή‚Έ,‚Θ‚µ
ή“,Τγ‚Λ‚η‚Ά,“c–³,•Ϋ’J‰w‘Oπ”Τ,132292,“‹“s,Ό“‹s,‰Ί•Ϋ’J‚R’–Ϊ,2018-04-19,10,“ΉHγ,{ω‚Ή‚Έ,‚ ‚θ
ή“,Τγ‚Λ‚η‚Ά,“c–³,“•©π”Τ,132292,“‹“s,Ό“‹s,•xm’¬‚U’–Ϊ,2018-08-07,10,“ΉHγ,{ω‚Ή‚Έ,‚ ‚θ
ή“,Τγ‚Λ‚η‚Ά,“c–³,ς’¬π”Τ,132292,“‹“s,Ό“‹s,’†’¬‚U’–Ϊ,2018-08-22,19,’“Τi—Φjκ,{ω‚Ή‚Έ,‚ ‚θ
ή“,Τγ‚Λ‚η‚Ά,“c–³,•Ϋ’JV’¬π”Τ,132292,“‹“s,Ό“‹s,ό‘δ’¬‚R’–Ϊ,2018-07-07,14,‚SK‚ΔΘγ‹¤“―Z‘ξ,{ω‚Ή‚Έ,‚ ‚θ
ή“,Τγ‚Λ‚η‚Ά,“c–³,•Ϋ’JV’¬π”Τ,132292,“‹“s,Ό“‹s,ό‘δ’¬‚S’–Ϊ,2018-01-27,16,“ΉHγ,{ω‚Ή‚Έ,‚Θ‚µ
ή“,Τγ‚Λ‚η‚Ά,“c–³,•Ϋ’JV’¬π”Τ,132292,“‹“s,Ό“‹s,ό‘δ’¬‚S’–Ϊ,2018-06-19,20,‚»‚Μ‘Ό,{ω‚Ή‚Έ,‚ ‚θ
ή“,Τγ‚Λ‚η‚Ά,“c–³,•Ϋ’JV’¬π”Τ,132292,“‹“s,Ό“‹s,ό‘δ’¬‚T’–Ϊ,2018-08-27,08,’“Τi—Φjκ,{ω‚Ή‚Έ,‚Θ‚µ
ή“,Τγ‚Λ‚η‚Ά,“c–³,•Ϋ’JV’¬π”Τ,132292,“‹“s,Ό“‹s,ό‘δ’¬‚U’–Ϊ,2018-11-02,18,’“Τi—Φjκ,{ω‚Ή‚Έ,‚Θ‚µ
ή“,Τγ‚Λ‚η‚Ά,“c–³,–μ‰Ξ~π”Τ,132225,“‹“s,“‹v—―•Δs,K’¬‚T’–Ϊ,2018-06-18,15,’“Τi—Φjκ,{ω‚Ή‚Έ,‚ ‚θ
ή“,Τγ‚Λ‚η‚Ά,“c–³,–μ‰Ξ~π”Τ,132225,“‹“s,“‹v—―•Δs,–μ‰Ξ~‚P’–Ϊ,2018-12-08,11,’“Τi—Φjκ,{ω‚Ή‚Έ,‚Θ‚µ
ή“,Τγ‚Λ‚η‚Ά,“c–³,‘κRπ”Τ,132225,“‹“s,“‹v—―•Δs,‘κR‚V’–Ϊ,2018-04-21,18,‚»‚Μ‘Ό,{ω‚Ή‚Έ,‚Θ‚µ
ή“,Τγ‚Λ‚η‚Ά,“c–³,‘κRπ”Τ,132225,“‹“s,“‹v—―•Δs,‘O‘ς‚T’–Ϊ,2018-07-25,20,“ΉHγ,{ω‚Ή‚Έ,‚Θ‚µ
ή“,Τγ‚Λ‚η‚Ά,“c–³,‘κRπ”Τ,132225,“‹“s,“‹v—―•Δs,–ν¶‚P’–Ϊ,2018-11-28,18,“ΉHγ,{ω‚Ή‚Έ,‚ ‚θ
ή“,Τγ‚Λ‚η‚Ά,“c–³,“μ‘ςπ”Τ,132225,“‹“s,“‹v—―•Δs,’†‰›’¬‚Q’–Ϊ,2018-07-25,17,’“Τi—Φjκ,{ω‚Ή‚Έ,‚Θ‚µ
ή“,Τγ‚Λ‚η‚Ά,“c–³,“μ‘ςπ”Τ,132225,“‹“s,“‹v—―•Δs,–{’¬‚R’–Ϊ,2018-10-14,19,‚»‚Μ‘Ό,{ω‚Ή‚Έ,‚ ‚θ
ή“,Τγ‚Λ‚η‚Ά,“c–³,“μ‘ςπ”Τ,132225,“‹“s,“‹v—―•Δs,“μ‘ς‚T’–Ϊ,2018-08-02,18,’“Τi—Φjκ,{ω‚Ή‚Έ,‚Θ‚µ
ή“,Τγ‚Λ‚η‚Ά,“c–³,‘O‘ςπ”Τ,132225,“‹“s,“‹v—―•Δs,‰Ί—Ά‚P’–Ϊ,2018-03-31,19,’“Τi—Φjκ,{ω‚Ή‚Έ,‚Θ‚µ
ή“,Τγ‚Λ‚η‚Ά,“c–³,‘O‘ςπ”Τ,132225,“‹“s,“‹v—―•Δs,‰Ί—Ά‚S’–Ϊ,2018-08-27,13,“ΉHγ,{ω‚Ή‚Έ,‚Θ‚µ
ή“,Τγ‚Λ‚η‚Ά,“c–³,‘O‘ςπ”Τ,132225,“‹“s,“‹v—―•Δs,‘O‘ς‚R’–Ϊ,2018-05-10,19,‚»‚Μ‘Ό,{ω‚Ή‚Έ,‚Θ‚µ
ή“,Τγ‚Λ‚η‚Ά,“c–³,‘O‘ςπ”Τ,132225,“‹“s,“‹v—―•Δs,‘O‘ς‚R’–Ϊ,2018-11-11,13,’“Τi—Φjκ,{ω‚Ή‚Έ,‚Θ‚µ
ή“,Τγ‚Λ‚η‚Ά,“c–³,w‰€‘O’“έ,132225,“‹“s,“‹v—―•Δs,“μ‘ς‚S’–Ϊ,2018-11-17,18,’“Τi—Φjκ,{ω‚Ή‚Έ,‚Θ‚µ
ή“,Τγ‚Λ‚η‚Ά,“c–³,γ‚Μ΄π”Τ,132225,“‹“s,“‹v—―•Δs,_•σ’¬‚P’–Ϊ,2018-11-20,19,“ΉHγ,{ω‚Ή‚Έ,‚ ‚θ
ή“,Τγ‚Λ‚η‚Ά,“c–³,‚Π‚Ξ‚θ‚ª‹u‰w‘Oπ”Τ,132292,“‹“s,Ό“‹s,‰h’¬‚P’–Ϊ,2018-05-05,12,κΛZ‘ξ,{ω‚Ή‚Έ,‚Θ‚µ
ή“,Τγ‚Λ‚η‚Ά,“c–³,‚Π‚Ξ‚θ‚ª‹u‰w‘Oπ”Τ,132292,“‹“s,Ό“‹s,Z‹g’¬‚R’–Ϊ,2018-02-22,20,’“Τi—Φjκ,{ω‚Ή‚Έ,‚Θ‚µ
ή“,Τγ‚Λ‚η‚Ά,“c–³,‚Π‚Ξ‚θ‚ª‹u‰w‘Oπ”Τ,132292,“‹“s,Ό“‹s,‚Π‚Ξ‚θ‚ª‹u‚Q’–Ϊ,2018-12-02,16,’“Τi—Φjκ,{ω‚Ή‚Έ,‚ ‚θ
ή“,Τγ‚Λ‚η‚Ά,“c–³,‚Π‚Ξ‚θ‚ª‹u‰w‘Oπ”Τ,132292,“‹“s,Ό“‹s,‚Π‚Ξ‚θ‚ª‹u‚R’–Ϊ,2018-10-04,09,‚»‚Μ‘Ό‚ΜZ‘ξi‚RK‚ΔΘ‰Ί‹¤“―Z‘ξ“™j,{ω‚Ή‚Έ,‚ ‚θ
ή“,Τγ‚Λ‚η‚Ά,“c–³,‰Ί—Ά’“έ,132225,“‹“s,“‹v—―•Δs,‰Ί—Ά‚R’–Ϊ,2018-04-07,18,κΛZ‘ξ,{ω‚Ή‚Έ,‚Θ‚µ
ή“,Τγ‚Λ‚η‚Ά,“c–³,‰Ί—Ά’“έ,132225,“‹“s,“‹v—―•Δs,‰Ί—Ά‚R’–Ϊ,2018-04-27,18,‚»‚Μ‘Ό‚ΜZ‘ξi‚RK‚ΔΘ‰Ί‹¤“―Z‘ξ“™j,{ω‚Ή‚Έ,‚Θ‚µ
ή“,Τγ‚Λ‚η‚Ά,“c–³,‰Ί—Ά’“έ,132225,“‹“s,“‹v—―•Δs,‰Ί—Ά‚T’–Ϊ,2018-04-28,21,‚»‚Μ‘Ό‚ΜZ‘ξi‚RK‚ΔΘ‰Ί‹¤“―Z‘ξ“™j,{ω‚Ή‚Έ,‚Θ‚µ
ή“,Τγ‚Λ‚η‚Ά,“c–³,“‹v—―•Δ‰w‘Oπ”Τ,132225,“‹“s,“‹v—―•Δs,Vμ’¬‚P’–Ϊ,2018-08-16,13,‚»‚Μ‘Ό,{ω‚Ή‚Έ,‚ ‚θ
ή“,Τγ‚Λ‚η‚Ά,“c–³,“‹v—―•Δ‰w‘Oπ”Τ,132225,“‹“s,“‹v—―•Δs,‘ε–ε’¬‚Q’–Ϊ,2018-06-27,08,“ΉHγ,{ω‚Ή‚Έ,‚ ‚θ
ή“,Τγ‚Λ‚η‚Ά,“c–³,“‹v—―•Δ‰w‘Oπ”Τ,132225,“‹“s,“‹v—―•Δs,•Xμ‘δ‚P’–Ϊ,2018-08-14,16,“ΉHγ,{ω‚Ή‚Έ,‚Θ‚µ
ή“,Τγ‚Λ‚η‚Ά,“c–³,“‹v—―•Δ‰w‘Oπ”Τ,132225,“‹“s,“‹v—―•Δs,“–{’¬,2018-03-03,12,’“Τi—Φjκ,{ω‚Ή‚Έ,‚Θ‚µ
ή“,Τγ‚Λ‚η‚Ά,“c–³,“‹v—―•Δ‰w‘Oπ”Τ,132225,“‹“s,“‹v—―•Δs,“–{’¬,2018-07-04,19,“ΉHγ,{ω‚Ή‚Έ,‚ ‚θ
ή“,Τγ‚Λ‚η‚Ά,“c–³,“‹v—―•Δ‰w‘Oπ”Τ,132225,“‹“s,“‹v—―•Δs,–{’¬‚P’–Ϊ,2018-03-03,12,’“Τi—Φjκ,{ω‚Ή‚Έ,‚Θ‚µ
ή“,Τγ‚Λ‚η‚Ά,“‘ΊR,“‘ΊR‰w‘Oπ”Τ,132136,“‹“s,“‘ΊRs,‰¶‘½’¬‚S’–Ϊ,2018-09-27,16,κΛZ‘ξ,{ω‚Ή‚Έ,‚ ‚θ
ή“,Τγ‚Λ‚η‚Ά,“‘ΊR,“‘ΊR‰w‘Oπ”Τ,132136,“‹“s,“‘ΊRs,z–K’¬‚P’–Ϊ,2018-03-06,16,‚SK‚ΔΘγ‹¤“―Z‘ξ,{ω‚Ή‚Έ,‚Θ‚µ
ή“,Τγ‚Λ‚η‚Ά,“‘ΊR,“‘ΊR‰w‘Oπ”Τ,132136,“‹“s,“‘ΊRs,–{’¬‚Q’–Ϊ,2017-12-31,19,’“Τi—Φjκ,{ω‚Ή‚Έ,‚Θ‚µ
ή“,Τγ‚Λ‚η‚Ά,“‘ΊR,“‘ΊR‰w‘Oπ”Τ,132136,“‹“s,“‘ΊRs,–{’¬‚Q’–Ϊ,2018-10-29,13,’“Τi—Φjκ,{ω‚Ή‚Έ,‚Θ‚µ
ή“,Τγ‚Λ‚η‚Ά,“‘ΊR,“‘ΊR‰w‘Oπ”Τ,132136,“‹“s,“‘ΊRs,–{’¬‚R’–Ϊ,2018-02-17,16,“ΉHγ,{ω‚Ή‚Έ,‚Θ‚µ
ή“,Τγ‚Λ‚η‚Ά,“‘ΊR,”ªβπ”Τ,132136,“‹“s,“‘ΊRs,•xm©’¬‚P’–Ϊ,2018-12-04,16,‚»‚Μ‘Ό,{ω‚Ή‚Έ,‚Θ‚µ
ή“,Τγ‚Λ‚η‚Ά,“‘ΊR,”ªβπ”Τ,132136,“‹“s,“‘ΊRs,•xm©’¬‚R’–Ϊ,2018-02-21,13,‚»‚Μ‘Ό,{ω‚Ή‚Έ,‚ ‚θ
ή“,Τγ‚Λ‚η‚Ά,“‘ΊR,‹v•Δμ‰w‘Oπ”Τ,132136,“‹“s,“‘ΊRs,‰h’¬‚P’–Ϊ,2018-01-05,21,“ΉHγ,{ω‚Ή‚Έ,‚ ‚θ
ή“,Τγ‚Λ‚η‚Ά,“‘ΊR,‹v•Δμ‰w‘Oπ”Τ,132136,“‹“s,“‘ΊRs,‰h’¬‚Q’–Ϊ,2018-05-17,18,“ΉHγ,{ω‚Ή‚Έ,‚Θ‚µ
ή“,Τγ‚Λ‚η‚Ά,“‘ΊR,‹v•Δμ‰w‘Oπ”Τ,132136,“‹“s,“‘ΊRs,”‹R’¬‚R’–Ϊ,2018-01-30,07,κΛZ‘ξ,{ω‚Ή‚Έ,‚ ‚θ
ή“,Τγ‚Λ‚η‚Ά,“‘ΊR,΄£‰w‘Oπ”Τ,132217,“‹“s,΄£s,ΌR‚P’–Ϊ,2018-02-17,11,‚SK‚ΔΘγ‹¤“―Z‘ξ,{ω‚Ή‚Έ,‚ ‚θ
ή“,Τγ‚Λ‚η‚Ά,“‘ΊR,΄£‰w‘Oπ”Τ,132217,“‹“s,΄£s,³’¬‚P’–Ϊ,2018-02-15,18,’“Τi—Φjκ,{ω‚Ή‚Έ,‚Θ‚µ
ή“,Τγ‚Λ‚η‚Ά,“‘ΊR,΄£‰w‘Oπ”Τ,132217,“‹“s,΄£s,³’¬‚P’–Ϊ,2018-03-01,19,’“Τi—Φjκ,{ω‚Ή‚Έ,‚Θ‚µ
ή“,Τγ‚Λ‚η‚Ά,“‘ΊR,‰τ“c’“έ,132136,“‹“s,“‘ΊRs,‰τ“c’¬‚P’–Ϊ,2018-01-29,09,‚»‚Μ‘Ό,{ω‚Ή‚Έ,‚ ‚θ
ή“,Τγ‚Λ‚η‚Ά,“‘ΊR,‰τ“c’“έ,132136,“‹“s,“‘ΊRs,‰τ“c’¬‚Q’–Ϊ,2018-02-08,13,’“Τi—Φjκ,{ω‚Ή‚Έ,‚Θ‚µ
ή“,Τγ‚Λ‚η‚Ά,“‘ΊR,H’ΓO’–Ϊπ”Τ,132136,“‹“s,“‘ΊRs,H’Γ’¬‚R’–Ϊ,2018-11-12,02,κΛZ‘ξ,{ω‚Ή‚Έ,‚Θ‚µ
ή“,Τγ‚Λ‚η‚Ά,“‘ΊR,H’ΓO’–Ϊπ”Τ,132136,“‹“s,“‘ΊRs,‹v•Δμ’¬‚P’–Ϊ,2018-12-09,17,‚»‚Μ‘Ό‚ΜZ‘ξi‚RK‚ΔΘ‰Ί‹¤“―Z‘ξ“™j,{ω‚Ή‚Έ,‚ ‚θ
ή“,Τγ‚Λ‚η‚Ά,“‘ΊR,H’ΓO’–Ϊπ”Τ,132136,“‹“s,“‘ΊRs,‹v•Δμ’¬‚T’–Ϊ,2018-09-24,16,‚»‚Μ‘Ό,{ω‚Ή‚Έ,‚Θ‚µ
ή“,Τγ‚Λ‚η‚Ά,“‘ΊR,’†΄Λ’“έ,132217,“‹“s,΄£s,γ΄Λ‚P’–Ϊ,2018-02-03,18,κΛZ‘ξ,{ω‚Ή‚Έ,‚ ‚θ
ή“,Τγ‚Λ‚η‚Ά,“‘ΊR,’†΄Λ’“έ,132217,“‹“s,΄£s,γ΄Λ‚P’–Ϊ,2018-08-11,20,‚»‚Μ‘Ό‚ΜZ‘ξi‚RK‚ΔΘ‰Ί‹¤“―Z‘ξ“™j,{ω‚Ή‚Έ,‚ ‚θ
ή“,Τγ‚Λ‚η‚Ά,“‘ΊR,’†—Ά’“έ,132217,“‹“s,΄£s,’†—Ά‚S’–Ϊ,2018-03-27,14,’“Τi—Φjκ,{ω‚Ή‚Έ,‚ ‚θ
ή“,Τγ‚Λ‚η‚Ά,“‘ΊR,H’Γ‰w‘Oπ”Τ,132136,“‹“s,“‘ΊRs,Β—t’¬‚S’–Ϊ,2018-01-23,16,‚»‚Μ‘Ό,{ω‚Ή‚Έ,‚ ‚θ
ή“,Τγ‚Λ‚η‚Ά,“‘ΊR,H’Γ‰w‘Oπ”Τ,132217,“‹“s,΄£s,–μ‰–‚P’–Ϊ,2018-01-11,19,’“Τi—Φjκ,{ω‚Ή‚Έ,‚Θ‚µ
ή“,Τγ‚Λ‚η‚Ά,“‘ΊR,H’Γ‰w‘Oπ”Τ,132217,“‹“s,΄£s,–μ‰–‚P’–Ϊ,2018-02-06,18,’“Τi—Φjκ,{ω‚Ή‚Έ,‚Θ‚µ
ή“,Τγ‚Λ‚η‚Ά,“‘ΊR,H’Γ‰w‘Oπ”Τ,132217,“‹“s,΄£s,–μ‰–‚P’–Ϊ,2018-06-04,14,’“Τi—Φjκ,{ω‚Ή‚Έ,‚Θ‚µ
ή“,Τγ‚Λ‚η‚Ά,“‘ΊR,®‚ª‹uπ”Τ,132217,“‹“s,΄£s,’†—Ά‚T’–Ϊ,2018-03-23,11,’“Τi—Φjκ,{ω‚Ή‚Έ,‚Θ‚µ
ή“,Τγ‚Λ‚η‚Ά,“‘ΊR,’|‹u’“έ,132217,“‹“s,΄£s,’|‹u‚P’–Ϊ,2018-06-29,14,‚SK‚ΔΘγ‹¤“―Z‘ξ,{ω‚Ή‚Έ,‚ ‚θ
ή“,Τγ‚Λ‚η‚Ά,“‘ΊR,‰Ί΄Λ’“έ,132217,“‹“s,΄£s,’†΄Λ‚T’–Ϊ,2018-02-18,12,‚»‚Μ‘Ό‚ΜZ‘ξi‚RK‚ΔΘ‰Ί‹¤“―Z‘ξ“™j,{ω‚Ή‚Έ,‚Θ‚µ
ή“,Τγ‚Λ‚η‚Ά,“‘ΊR,Β—t’“έ,132136,“‹“s,“‘ΊRs,Β—t’¬‚P’–Ϊ,2018-04-02,15,‚SK‚ΔΘγ‹¤“―Z‘ξ,{ω‚Ή‚Έ,‚Θ‚µ
ή“,Τγ‚Λ‚η‚Ά,“‘ΊR,Β—t’“έ,132136,“‹“s,“‘ΊRs,Β—t’¬‚P’–Ϊ,2018-07-10,11,’“Τi—Φjκ,{ω‚Ή‚Έ,‚Θ‚µ
ή“,Τγ‚Λ‚η‚Ά,“‘ΊR,Β—t’“έ,132136,“‹“s,“‘ΊRs,Β—t’¬‚Q’–Ϊ,2017-12-28,14,κΛZ‘ξ,{ω‚Ή‚Έ,‚Θ‚µ
ή“,Τγ‚Λ‚η‚Ά,“‘ΊR,Β—t’“έ,132136,“‹“s,“‘ΊRs,Β—t’¬‚Q’–Ϊ,2018-04-01,11,κΛZ‘ξ,{ω‚Ή‚Έ,‚Θ‚µ
ή“,Τγ‚Λ‚η‚Ά,“‘ΊR,Β—t’“έ,132136,“‹“s,“‘ΊRs,Β—t’¬‚Q’–Ϊ,2018-07-26,16,’“Τi—Φjκ,{ω‚Ή‚Έ,‚Θ‚µ
ή“,Τγ‚Λ‚η‚Ά,•‘ –μ,‹gΛ›‰wΌϋπ”Τ,132039,“‹“s,•‘ –μs,‹gΛ›“μ’¬‚P’–Ϊ,2018-07-01,03,“ΉHγ,{ω‚Ή‚Έ,‚ ‚θ
ή“,Τγ‚Λ‚η‚Ά,•‘ –μ,‹gΛ›‰wΌϋπ”Τ,132039,“‹“s,•‘ –μs,‹gΛ›“μ’¬‚P’–Ϊ,2018-12-17,18,’“Τi—Φjκ,{ω‚Ή‚Έ,‚Θ‚µ
ή“,Τγ‚Λ‚η‚Ά,•‘ –μ,‹gΛ›‰wΌϋπ”Τ,132039,“‹“s,•‘ –μs,δ“aR‚P’–Ϊ,2018-03-05,09,’“Τi—Φjκ,{ω‚Ή‚Έ,‚Θ‚µ
ή“,Τγ‚Λ‚η‚Ά,•‘ –μ,‹gΛ›‰wΌϋπ”Τ,132039,“‹“s,•‘ –μs,δ“aR‚P’–Ϊ,2018-06-04,11,’“Τi—Φjκ,{ω‚Ή‚Έ,‚Θ‚µ
ή“,Τγ‚Λ‚η‚Ά,•‘ –μ,‹gΛ›‰w“ϋπ”Τ,132039,“‹“s,•‘ –μs,‹gΛ›–{’¬‚P’–Ϊ,2018-03-23,10,“ΉHγ,{ω‚Ή‚Έ,‚ ‚θ
ή“,Τγ‚Λ‚η‚Ά,•‘ –μ,‹gΛ›‰w“ϋπ”Τ,132039,“‹“s,•‘ –μs,‹gΛ›–{’¬‚P’–Ϊ,2018-03-23,23,“ΉHγ,{ω‚Ή‚Έ,‚ ‚θ
ή“,Τγ‚Λ‚η‚Ά,•‘ –μ,‹gΛ›‰w“ϋπ”Τ,132039,“‹“s,•‘ –μs,‹gΛ›–{’¬‚P’–Ϊ,2018-03-31,10,“ΉHγ,{ω‚Ή‚Έ,‚ ‚θ
ή“,Τγ‚Λ‚η‚Ά,•‘ –μ,‹gΛ›‰w“ϋπ”Τ,132039,“‹“s,•‘ –μs,‹gΛ›–{’¬‚P’–Ϊ,2018-03-31,10,“ΉHγ,{ω‚Ή‚Έ,‚ ‚θ
ή“,Τγ‚Λ‚η‚Ά,•‘ –μ,‹gΛ›‰w“ϋπ”Τ,132039,“‹“s,•‘ –μs,‹gΛ›–{’¬‚P’–Ϊ,2018-04-12,12,’“Τi—Φjκ,{ω‚Ή‚Έ,‚Θ‚µ
ή“,Τγ‚Λ‚η‚Ά,•‘ –μ,‹gΛ›‰w“ϋπ”Τ,132039,“‹“s,•‘ –μs,‹gΛ›–{’¬‚P’–Ϊ,2018-10-18,17,‚»‚Μ‘Ό,{ω‚Ή‚Έ,‚Θ‚µ
ή“,Τγ‚Λ‚η‚Ά,•‘ –μ,‹gΛ›‰w“ϋπ”Τ,132039,“‹“s,•‘ –μs,‹gΛ›–{’¬‚P’–Ϊ,2018-12-29,20,’“Τi—Φjκ,{ω‚Ή‚Έ,‚Θ‚µ
ή“,Τγ‚Λ‚η‚Ά,•‘ –μ,‹gΛ›‰w“ϋπ”Τ,132039,“‹“s,•‘ –μs,‹gΛ›“μ’¬‚P’–Ϊ,2018-01-06,11,“ΉHγ,{ω‚Ή‚Έ,‚ ‚θ
ή“,Τγ‚Λ‚η‚Ά,•‘ –μ,‹gΛ›‰w“ϋπ”Τ,132039,“‹“s,•‘ –μs,‹gΛ›“μ’¬‚Q’–Ϊ,2018-03-14,06,’“Τi—Φjκ,{ω‚Ή‚Έ,‚Θ‚µ
ή“,Τγ‚Λ‚η‚Ά,•‘ –μ,”ª”¦‹{Όπ”Τ,132039,“‹“s,•‘ –μs,’†’¬‚R’–Ϊ,2018-11-03,22,’“Τi—Φjκ,{ω‚Ή‚Έ,‚Θ‚µ
ή“,Τγ‚Λ‚η‚Ά,•‘ –μ,O‘ι‰w–kϋπ”Τ,132039,“‹“s,•‘ –μs,‹gΛ›–{’¬‚R’–Ϊ,2018-07-14,14,“ΉHγ,{ω‚Ή‚Έ,‚ ‚θ
ή“,Τγ‚Λ‚η‚Ά,•‘ –μ,O‘ι‰w–kϋπ”Τ,132039,“‹“s,•‘ –μs,’†’¬‚P’–Ϊ,2018-10-27,17,“ΉHγ,{ω‚Ή‚Έ,‚Θ‚µ
ή“,Τγ‚Λ‚η‚Ά,•‘ –μ,χ’ηπ”Τ,132039,“‹“s,•‘ –μs,‹«‚T’–Ϊ,2018-10-17,21,’“Τi—Φjκ,{ω‚Ή‚Έ,‚Θ‚µ
ή“,Τγ‚Λ‚η‚Ά,•‘ –μ,ξ‰Χ‘O’“έ,132039,“‹“s,•‘ –μs,‹gΛ›“μ’¬‚T’–Ϊ,2018-09-08,17,κΛZ‘ξ,{ω‚Ή‚Έ,‚ ‚θ
ή“,Τγ‚Λ‚η‚Ά,•‘ –μ,O’J’Κ’“έ,132039,“‹“s,•‘ –μs,Ό‹v•Ϋ‚Q’–Ϊ,2018-02-03,12,‚»‚Μ‘Ό‚ΜZ‘ξi‚RK‚ΔΘ‰Ί‹¤“―Z‘ξ“™j,{ω‚Ή‚Έ,‚ ‚θ
ή“,Τγ‚Λ‚η‚Ά,•‘ –μ,O’J’Κ’“έ,132039,“‹“s,•‘ –μs,Ό‹v•Ϋ‚Q’–Ϊ,2018-12-02,05,’“Τi—Φjκ,{ω‚Ή‚Έ,‚Θ‚µ
ή“,Τγ‚Λ‚η‚Ά,•‘ –μ,Φ‘O’“έ,132039,“‹“s,•‘ –μs,Φ‘O‚P’–Ϊ,2018-07-29,12,‚»‚Μ‘Ό,{ω‚Ή‚Έ,‚ ‚θ
ή“,Τγ‚Λ‚η‚Ά,•‘ –μ,•‘ ‹«‰w“μϋπ”Τ,132039,“‹“s,•‘ –μs,‹gΛ›“μ’¬‚Q’–Ϊ,2018-10-02,03,“ΉHγ,{ω‚Ή‚Έ,‚ ‚θ
ή“,Τγ‚Λ‚η‚Ά,•‘ –μ,•‘ ‹«‰w“μϋπ”Τ,132039,“‹“s,•‘ –μs,‹«“μ’¬‚Q’–Ϊ,2018-06-21,22,“ΉHγ,{ω‚Ή‚Έ,‚ ‚θ
ή“,Τγ‚Λ‚η‚Ά,•‘ –μ,•‘ ‹«‰w“μϋπ”Τ,132039,“‹“s,•‘ –μs,‹«“μ’¬‚Q’–Ϊ,2018-09-18,14,’“Τi—Φjκ,{ω‚Ή‚Έ,‚Θ‚µ
ή“,Τγ‚Λ‚η‚Ά,•‘ –μ,•‘ ‹«‰w“μϋπ”Τ,132039,“‹“s,•‘ –μs,‹«‚P’–Ϊ,2018-08-24,08,’“Τi—Φjκ,{ω‚Ή‚Έ,‚Θ‚µ
ή“,Τγ‚Λ‚η‚Ά,•‘ –μ,•‘ ‹«‰w“μϋπ”Τ,132039,“‹“s,•‘ –μs,‹«‚P’–Ϊ,2018-08-26,21,“ΉHγ,{ω‚Ή‚Έ,‚Θ‚µ
ή“,Τγ‚Λ‚η‚Ά,•‘ –μ,•‘ ‹«‰w“μϋπ”Τ,132039,“‹“s,•‘ –μs,‹«‚Q’–Ϊ,2018-10-26,15,‚»‚Μ‘Ό,{ω‚Ή‚Έ,‚ ‚θ
ή“,Τγ‚Λ‚η‚Ά,•‘ –μ,—Ξ’¬π”Τ,132039,“‹“s,•‘ –μs,—Ξ’¬‚P’–Ϊ,2018-03-19,15,“ΉHγ,{ω‚Ή‚Έ,‚ ‚θ
ή“,Τγ‚Λ‚η‚Ά,O‘ι,O‘ι‰w‘Oπ”Τ,132047,“‹“s,O‘ιs,γA‚S’–Ϊ,2018-09-13,12,“ΉHγ,{ω‚Ή‚Έ,‚Θ‚µ
ή“,Τγ‚Λ‚η‚Ά,O‘ι,O‘ι‰w‘Oπ”Τ,132047,“‹“s,O‘ιs,‰ΊA‚R’–Ϊ,2018-01-29,13,‚»‚Μ‘Ό,{ω‚Ή‚Έ,‚Θ‚µ
ή“,Τγ‚Λ‚η‚Ά,O‘ι,O‘ι‰w‘Oπ”Τ,132047,“‹“s,O‘ιs,‰ΊA‚R’–Ϊ,2018-05-31,08,’“Τi—Φjκ,{ω‚Ή‚Έ,‚Θ‚µ
ή“,Τγ‚Λ‚η‚Ά,O‘ι,O‘ι‰w‘Oπ”Τ,132047,“‹“s,O‘ιs,‰ΊA‚R’–Ϊ,2018-11-23,17,’“Τi—Φjκ,{ω‚Ή‚Έ,‚Θ‚µ
ή“,Τγ‚Λ‚η‚Ά,O‘ι,Ο‹v•Ϋπ”Τ,132047,“‹“s,O‘ιs,‰ΊA‚V’–Ϊ,2018-01-06,18,’“Τi—Φjκ,{ω‚Ή‚Έ,‚Θ‚µ
ή“,Τγ‚Λ‚η‚Ά,O‘ι,Ο‹v•Ϋπ”Τ,132047,“‹“s,O‘ιs,‰ΊA‚X’–Ϊ,2018-11-06,08,‚SK‚ΔΘγ‹¤“―Z‘ξ,{ω‚Ή‚Έ,‚ ‚θ
ή“,Τγ‚Λ‚η‚Ά,O‘ι,“–μπ”Τ,132047,“‹“s,O‘ιs,δϋ‚P’–Ϊ,2018-01-30,21,‚»‚Μ‘Ό,{ω‚Ή‚Έ,‚ ‚θ
ή“,Τγ‚Λ‚η‚Ά,O‘ι,“–μπ”Τ,132047,“‹“s,O‘ιs,[‘ε›‚P’–Ϊ,2018-05-21,12,‚»‚Μ‘Ό,{ω‚Ή‚Έ,‚Θ‚µ
ή“,Τγ‚Λ‚η‚Ά,O‘ι,“–μπ”Τ,132047,“‹“s,O‘ιs,[‘ε›‚P’–Ϊ,2018-08-09,10,’“Τi—Φjκ,{ω‚Ή‚Έ,‚Θ‚µ
ή“,Τγ‚Λ‚η‚Ά,O‘ι,“–μπ”Τ,132047,“‹“s,O‘ιs,[‘ε›‚P’–Ϊ,2018-09-14,11,’“Τi—Φjκ,{ω‚Ή‚Έ,‚ ‚θ
ή“,Τγ‚Λ‚η‚Ά,O‘ι,‘ε‘ςπ”Τ,132047,“‹“s,O‘ιs,‘ε‘ς‚P’–Ϊ,2018-06-13,18,“ΉHγ,{ω‚Ή‚Έ,‚ ‚θ
ή“,Τγ‚Λ‚η‚Ά,O‘ι,‘ε‘ςπ”Τ,132047,“‹“s,O‘ιs,‘ε‘ς‚U’–Ϊ,2018-03-13,18,κΛZ‘ξ,{ω‚Ή‚Έ,‚ ‚θ
ή“,Τγ‚Λ‚η‚Ά,O‘ι,‘ε‘ςπ”Τ,132047,“‹“s,O‘ιs,–μθ‚R’–Ϊ,2018-01-21,12,’“Τi—Φjκ,{ω‚Ή‚Έ,‚ ‚θ
ή“,Τγ‚Λ‚η‚Ά,O‘ι,‘ε‘ςπ”Τ,132047,“‹“s,O‘ιs,–μθ‚R’–Ϊ,2018-08-01,09,‚»‚Μ‘Ό,{ω‚Ή‚Έ,‚ ‚θ
ή“,Τγ‚Λ‚η‚Ά,O‘ι,‘ε‘ςπ”Τ,132047,“‹“s,O‘ιs,–μθ‚S’–Ϊ,2018-06-07,09,’“Τi—Φjκ,{ω‚Ή‚Έ,‚Θ‚µ
ή“,Τγ‚Λ‚η‚Ά,O‘ι,“V•¶‘δ‰Ί’“έ,132047,“‹“s,O‘ιs,‘ε‘ς‚T’–Ϊ,2018-04-13,17,‚»‚Μ‘Ό,{ω‚Ή‚Έ,‚Θ‚µ
ή“,Τγ‚Λ‚η‚Ά,O‘ι,“V•¶‘δ‰Ί’“έ,132047,“‹“s,O‘ιs,‘ε‘ς‚T’–Ϊ,2018-07-16,15,κΛZ‘ξ,{ω‚Ή‚Έ,‚Θ‚µ
ή“,Τγ‚Λ‚η‚Ά,O‘ι,–μθπ”Τ,132047,“‹“s,O‘ιs,–μθ‚P’–Ϊ,2018-07-30,10,’“Τi—Φjκ,{ω‚Ή‚Έ,‚Θ‚µ
ή“,Τγ‚Λ‚η‚Ά,O‘ι,–μθπ”Τ,132047,“‹“s,O‘ιs,–μθ‚P’–Ϊ,2018-08-18,09,’“Τi—Φjκ,{ω‚Ή‚Έ,‚Θ‚µ
ή“,Τγ‚Λ‚η‚Ά,O‘ι,–μθπ”Τ,132047,“‹“s,O‘ιs,–μθ‚P’–Ϊ,2018-10-28,18,’“Τi—Φjκ,{ω‚Ή‚Έ,‚ ‚θ
ή“,Τγ‚Λ‚η‚Ά,O‘ι,–μθπ”Τ,132047,“‹“s,O‘ιs,–μθ‚P’–Ϊ,2018-12-14,10,’“Τi—Φjκ,{ω‚Ή‚Έ,‚ ‚θ
ή“,Τγ‚Λ‚η‚Ά,O‘ι,Vμπ”Τ,132047,“‹“s,O‘ιs,–k–μ‚Q’–Ϊ,2018-08-09,10,’“Τi—Φjκ,{ω‚Ή‚Έ,‚ ‚θ
ή“,Τγ‚Λ‚η‚Ά,O‘ι,Vμπ”Τ,132047,“‹“s,O‘ιs,Vμ‚R’–Ϊ,2018-06-02,16,κΛZ‘ξ,{ω‚Ή‚Έ,‚ ‚θ
ή“,Τγ‚Λ‚η‚Ά,O‘ι,Vμπ”Τ,132047,“‹“s,O‘ιs,–΄—η‚T’–Ϊ,2018-12-08,21,‚»‚Μ‘Ό‚ΜZ‘ξi‚RK‚ΔΘ‰Ί‹¤“―Z‘ξ“™j,{ω‚Ή‚Έ,‚ ‚θ
ή“,Τγ‚Λ‚η‚Ά,O‘ι,’†εμπ”Τ,132047,“‹“s,O‘ιs,Vμ‚P’–Ϊ,2018-09-27,19,“ΉHγ,{ω‚Ή‚Έ,‚ ‚θ
ή“,Τγ‚Λ‚η‚Ά,O‘ι,–•‹΄’“έ,132047,“‹“s,O‘ιs,‰ΊA‚P’–Ϊ,2018-01-02,20,‚»‚Μ‘Ό,{ω‚Ή‚Έ,‚ ‚θ
ή“,Τγ‚Λ‚η‚Ά,O‘ι,’†΄’“έ,132047,“‹“s,O‘ιs,’†΄‚S’–Ϊ,2018-05-29,09,“ΉHγ,{ω‚Ή‚Έ,‚Θ‚µ
ή“,Τγ‚Λ‚η‚Ά,O‘ι,–k–μ’“έ,132047,“‹“s,O‘ιs,–k–μ‚Q’–Ϊ,2018-08-23,08,“ΉHγ,{ω‚Ή‚Έ,‚ ‚θ
ή“,Τγ‚Λ‚η‚Ά,O‘ι,–k–μ’“έ,132047,“‹“s,O‘ιs,–k–μ‚Q’–Ϊ,2018-09-28,14,’“Τi—Φjκ,{ω‚Ή‚Έ,‚Θ‚µ
ή“,Τγ‚Λ‚η‚Ά,O‘ι,–k–μ’“έ,132047,“‹“s,O‘ιs,–k–μ‚R’–Ϊ,2018-10-02,14,“ΉHγ,{ω‚Ή‚Έ,‚Θ‚µ
ή“,Τγ‚Λ‚η‚Ά,O‘ι,γAπ”Τ,132047,“‹“s,O‘ιs,γA‚R’–Ϊ,2018-07-24,23,’“Τi—Φjκ,{ω‚Ή‚Έ,‚ ‚θ
ή“,Τγ‚Λ‚η‚Ά,O‘ι,γAπ”Τ,132047,“‹“s,O‘ιs,γA‚S’–Ϊ,2018-01-31,21,‚»‚Μ‘Ό,{ω‚Ή‚Έ,‚ ‚θ
ή“,Τγ‚Λ‚η‚Ά,O‘ι,γAπ”Τ,132047,“‹“s,O‘ιs,γA‚V’–Ϊ,2018-09-21,09,’“Τi—Φjκ,{ω‚Ή‚Έ,‚ ‚θ
ή“,Τγ‚Λ‚η‚Ά,O‘ι,γAπ”Τ,132047,“‹“s,O‘ιs,γA‚V’–Ϊ,2018-09-26,07,“ΉHγ,{ω‚Ή‚Έ,‚Θ‚µ
ή“,Τγ‚Λ‚η‚Ά,O‘ι,γAπ”Τ,132047,“‹“s,O‘ιs,γA‚W’–Ϊ,2018-08-13,17,‚»‚Μ‘Ό,{ω‚Ή‚Έ,‚Θ‚µ
ή“,Τγ‚Λ‚η‚Ά,O‘ι,γAπ”Τ,132047,“‹“s,O‘ιs,‰ΊA‚R’–Ϊ,2018-09-15,18,’“Τi—Φjκ,{ω‚Ή‚Έ,‚ ‚θ
ή“,Τγ‚Λ‚η‚Ά,O‘ι,γAπ”Τ,132047,“‹“s,O‘ιs,‰ΊA‚S’–Ϊ,2018-10-24,14,“ΉHγ,{ω‚Ή‚Έ,‚ ‚θ
ή“,Τγ‚Λ‚η‚Ά,’²•z,‰ΊΞ΄π”Τ,132080,“‹“s,’²•zs,¬“‡’¬‚P’–Ϊ,2018-10-16,14,’“Τi—Φjκ,{ω‚Ή‚Έ,‚ ‚θ
ή“,Τγ‚Λ‚η‚Ά,’²•z,‰ΊΞ΄π”Τ,132080,“‹“s,’²•zs,‰ΊΞ΄‚P’–Ϊ,2018-10-13,13,‚»‚Μ‘Ό,{ω‚Ή‚Έ,‚ ‚θ
ή“,Τγ‚Λ‚η‚Ά,’²•z,‰ΊΞ΄π”Τ,132080,“‹“s,’²•zs,‰ΊΞ΄‚Q’–Ϊ,2018-05-12,13,“ΉHγ,{ω‚Ή‚Έ,‚ ‚θ
ή“,Τγ‚Λ‚η‚Ά,’²•z,‰ΊΞ΄π”Τ,132080,“‹“s,’²•zs,‰ΊΞ΄‚Q’–Ϊ,2018-07-07,20,κΛZ‘ξ,{ω‚Ή‚Έ,‚ ‚θ
ή“,Τγ‚Λ‚η‚Ά,’²•z,‰ΊΞ΄π”Τ,132080,“‹“s,’²•zs,‰ΊΞ΄‚Q’–Ϊ,2018-07-10,15,’“Τi—Φjκ,{ω‚Ή‚Έ,‚Θ‚µ
ή“,Τγ‚Λ‚η‚Ά,’²•z,‰ΊΞ΄π”Τ,132080,“‹“s,’²•zs,’²•zƒP‹u‚P’–Ϊ,2018-10-20,11,’“Τi—Φjκ,{ω‚Ή‚Έ,‚Θ‚µ
ή“,Τγ‚Λ‚η‚Ά,’²•z,•z“cπ”Τ,132080,“‹“s,’²•zs,‘—Μ’¬‚T’–Ϊ,2018-10-17,15,“ΉHγ,{ω‚Ή‚Έ,‚Θ‚µ
ή“,Τγ‚Λ‚η‚Ά,’²•z,•z“cπ”Τ,132080,“‹“s,’²•zs,υ’n‚P’–Ϊ,2018-11-30,23,’“Τi—Φjκ,{ω‚Ή‚Έ,‚ ‚θ
ή“,Τγ‚Λ‚η‚Ά,’²•z,‚Β‚Β‚¶ƒP‹u‰w‘Oπ”Τ,132080,“‹“s,’²•zs,Ό‚Β‚Β‚¶ƒP‹u‚P’–Ϊ,2018-02-03,08,κΛZ‘ξ,{ω‚Ή‚Έ,‚Θ‚µ
ή“,Τγ‚Λ‚η‚Ά,’²•z,εμπ”Τ,132080,“‹“s,’²•zs,εμ’¬‚R’–Ϊ,2018-07-29,18,“ΉHγ,{ω‚Ή‚Έ,‚ ‚θ
ή“,Τγ‚Λ‚η‚Ά,’²•z,εμπ”Τ,132080,“‹“s,’²•zs,—ΞƒP‹u‚Q’–Ϊ,2018-01-30,22,‚»‚Μ‘Ό‚ΜZ‘ξi‚RK‚ΔΘ‰Ί‹¤“―Z‘ξ“™j,{ω‚Ή‚Έ,‚ ‚θ
ή“,Τγ‚Λ‚η‚Ά,’²•z,εμπ”Τ,132080,“‹“s,’²•zs,—ΞƒP‹u‚Q’–Ϊ,2018-10-06,21,’“Τi—Φjκ,{ω‚Ή‚Έ,‚ ‚θ
ή“,Τγ‚Λ‚η‚Ά,’²•z,εμπ”Τ,132080,“‹“s,’²•zs,α—t’¬‚Q’–Ϊ,2018-01-25,17,’“Τi—Φjκ,{ω‚Ή‚Έ,‚Θ‚µ
ή“,Τγ‚Λ‚η‚Ά,’²•z,’–•ϋπ”Τ,132195,“‹“s,]s,‹ξδ’¬‚R’–Ϊ,2018-01-11,19,’“Τi—Φjκ,{ω‚Ή‚Έ,‚Θ‚µ
ή“,Τγ‚Λ‚η‚Ά,’²•z,‹‰¤‘½–€μ‰w‘Oπ”Τ,132080,“‹“s,’²•zs,‘½–€μ‚P’–Ϊ,2018-10-05,19,’“Τi—Φjκ,{ω‚Ή‚Έ,‚Θ‚µ
ή“,Τγ‚Λ‚η‚Ά,’²•z,‘—Μπ”Τ,132080,“‹“s,’²•zs,‘—Μ’¬‚P’–Ϊ,2018-01-04,00,‚SK‚ΔΘγ‹¤“―Z‘ξ,{ω‚Ή‚Έ,‚ ‚θ
ή“,Τγ‚Λ‚η‚Ά,’²•z,‘—Μπ”Τ,132080,“‹“s,’²•zs,‘—Μ’¬‚P’–Ϊ,2018-03-13,19,‚»‚Μ‘Ό‚ΜZ‘ξi‚RK‚ΔΘ‰Ί‹¤“―Z‘ξ“™j,{ω‚Ή‚Έ,‚ ‚θ
ή“,Τγ‚Λ‚η‚Ά,’²•z,‘—Μπ”Τ,132080,“‹“s,’²•zs,‘—Μ’¬‚R’–Ϊ,2018-09-25,17,’“Τi—Φjκ,{ω‚Ή‚Έ,‚ ‚θ
ή“,Τγ‚Λ‚η‚Ά,’²•z,[‘ε›π”Τ,132080,“‹“s,’²•zs,[‘ε›“’¬‚T’–Ϊ,2018-10-01,05,‚»‚Μ‘Ό‚ΜZ‘ξi‚RK‚ΔΘ‰Ί‹¤“―Z‘ξ“™j,{ω‚Ή‚Έ,‚ ‚θ
ή“,Τγ‚Λ‚η‚Ά,’²•z,[‘ε›π”Τ,132080,“‹“s,’²•zs,[‘ε›³’¬‚R’–Ϊ,2018-10-29,18,κΛZ‘ξ,{ω‚Ή‚Έ,‚ ‚θ
ή“,Τγ‚Λ‚η‚Ά,’²•z,A•¨φ‰€‘O’“έ,132080,“‹“s,’²•zs,[‘ε›–k’¬‚U’–Ϊ,2018-04-01,18,’“Τi—Φjκ,{ω‚Ή‚Έ,‚Θ‚µ
ή“,Τγ‚Λ‚η‚Ά,’²•z,A•¨φ‰€‘O’“έ,132080,“‹“s,’²•zs,[‘ε›–k’¬‚V’–Ϊ,2018-07-07,19,κΛZ‘ξ,{ω‚Ή‚Έ,‚ ‚θ
ή“,Τγ‚Λ‚η‚Ά,’²•z,‹{‚Μγ’“έ,132080,“‹“s,’²•zs,Δθ‚Q’–Ϊ,2018-03-30,12,‚SK‚ΔΘγ‹¤“―Z‘ξ,{ω‚Ή‚Έ,‚ ‚θ
ή“,Τγ‚Λ‚η‚Ά,’²•z,‹{‚Μγ’“έ,132080,“‹“s,’²•zs,Δθ‚Q’–Ϊ,2018-12-02,14,‚»‚Μ‘Ό,{ω‚Ή‚Έ,‚ ‚θ
ή“,Τγ‚Λ‚η‚Ά,’²•z,‹e–μ‘δπ”Τ,132080,“‹“s,’²•zs,²{’¬‚S’–Ϊ,2018-05-05,21,κΛZ‘ξ,{ω‚Ή‚Έ,‚ ‚θ
ή“,Τγ‚Λ‚η‚Ά,’²•z,‹e–μ‘δπ”Τ,132080,“‹“s,’²•zs,²{’¬‚S’–Ϊ,2018-09-14,13,“ΉHγ,{ω‚Ή‚Έ,‚ ‚θ
ή“,Τγ‚Λ‚η‚Ά,’²•z,’†aςπ”Τ,132195,“‹“s,]s,aς–{’¬‚S’–Ϊ,2018-03-10,14,’“Τi—Φjκ,{ω‚Ή‚Έ,‚Θ‚µ
ή“,Τγ‚Λ‚η‚Ά,’²•z,’†aςπ”Τ,132195,“‹“s,]s,aς–{’¬‚S’–Ϊ,2018-04-05,13,‚»‚Μ‘Ό,{ω‚Ή‚Έ,‚ ‚θ
ή“,Τγ‚Λ‚η‚Ά,’²•z,’†aςπ”Τ,132195,“‹“s,]s,aς–{’¬‚S’–Ϊ,2018-08-04,11,’“Τi—Φjκ,{ω‚Ή‚Έ,‚ ‚θ
ή“,Τγ‚Λ‚η‚Ά,’²•z,]π”Τ,132195,“‹“s,]s,aς–{’¬‚P’–Ϊ,2018-02-08,19,“ΉHγ,{ω‚Ή‚Έ,‚Θ‚µ
ή“,Τγ‚Λ‚η‚Ά,’²•z,]π”Τ,132195,“‹“s,]s,aς–{’¬‚R’–Ϊ,2018-01-24,12,’“Τi—Φjκ,{ω‚Ή‚Έ,‚Θ‚µ
ή“,Τγ‚Λ‚η‚Ά,’²•z,]π”Τ,132195,“‹“s,]s,“aς‚P’–Ϊ,2018-03-02,21,“ΉHγ,{ω‚Ή‚Έ,‚Θ‚µ
ή“,Τγ‚Λ‚η‚Ά,’²•z,]π”Τ,132195,“‹“s,]s,“aς‚P’–Ϊ,2018-03-20,17,‚»‚Μ‘Ό,{ω‚Ή‚Έ,‚ ‚θ
ή“,Τγ‚Λ‚η‚Ά,’²•z,]π”Τ,132195,“‹“s,]s,³aς‚P’–Ϊ,2018-11-28,09,’“Τi—Φjκ,{ω‚Ή‚Έ,‚Θ‚µ
ή“,Τγ‚Λ‚η‚Ά,’²•z,’²•z‰w‘Oπ”Τ,132080,“‹“s,’²•zs,¬“‡’¬‚Q’–Ϊ,2018-12-24,17,’“Τi—Φjκ,{ω‚Ή‚Έ,‚Θ‚µ
ή“,Τγ‚Λ‚η‚Ά,’²•z,’²•z‰w‘Oπ”Τ,132080,“‹“s,’²•zs,•z“c‚P’–Ϊ,2018-06-13,17,“ΉHγ,{ω‚Ή‚Έ,‚ ‚θ
ή“,Τγ‚Λ‚η‚Ά,’²•z,’²•z‰w‘Oπ”Τ,132080,“‹“s,’²•zs,•z“c‚S’–Ϊ,2018-04-16,21,“ΉHγ,{ω‚Ή‚Έ,‚Θ‚µ
ή“,Τγ‚Λ‚η‚Ά,’²•z,’²•z‰w‘Oπ”Τ,132080,“‹“s,’²•zs,•z“c‚S’–Ϊ,2018-05-14,12,“ΉHγ,{ω‚Ή‚Έ,‚ ‚θ
ή“,Τγ‚Λ‚η‚Ά,’²•z,’²•z‰w‘Oπ”Τ,132080,“‹“s,’²•zs,•z“c‚S’–Ϊ,2018-05-27,20,“ΉHγ,{ω‚Ή‚Έ,‚ ‚θ
ή“,Τγ‚Λ‚η‚Ά,’²•z,’²•z‰w‘Oπ”Τ,132080,“‹“s,’²•zs,•z“c‚S’–Ϊ,2018-11-30,15,’“Τi—Φjκ,{ω‚Ή‚Έ,‚Θ‚µ
ή“,Τγ‚Λ‚η‚Ά,’²•z,”ς“c‹‹‰w‘Oπ”Τ,132080,“‹“s,’²•zs,”ς“c‹‹‚P’–Ϊ,2018-05-08,15,’“Τi—Φjκ,{ω‚Ή‚Έ,‚Θ‚µ
ή“,Τγ‚Λ‚η‚Ά,’²•z,”ς“c‹‹‰w‘Oπ”Τ,132080,“‹“s,’²•zs,”ς“c‹‹‚P’–Ϊ,2018-09-10,16,’“Τi—Φjκ,{ω‚Ή‚Έ,‚Θ‚µ
ή“,Τγ‚Λ‚η‚Ά,’²•z,”ς“c‹‹‰w‘Oπ”Τ,132080,“‹“s,’²•zs,”ς“c‹‹‚P’–Ϊ,2018-10-08,13,’“Τi—Φjκ,{ω‚Ή‚Έ,‚Θ‚µ
ή“,Τγ‚Λ‚η‚Ά,’²•z,”ς“c‹‹‰w‘Oπ”Τ,132080,“‹“s,’²•zs,”ς“c‹‹‚P’–Ϊ,2018-11-01,12,’“Τi—Φjκ,{ω‚Ή‚Έ,‚Θ‚µ
ή“,Τγ‚Λ‚η‚Ά,’²•z,”ς“c‹‹‰w‘Oπ”Τ,132080,“‹“s,’²•zs,”ς“c‹‹‚Q’–Ϊ,2018-09-18,14,“ΉHγ,{ω‚Ή‚Έ,‚Θ‚µ
ή“,Τγ‚Λ‚η‚Ά,’²•z,”ς“c‹‹‰w‘Oπ”Τ,132080,“‹“s,’²•zs,”ς“c‹‹‚Q’–Ϊ,2018-11-08,13,“ΉHγ,{ω‚Ή‚Έ,‚Θ‚µ
ή“,Τγ‚Λ‚η‚Ά,¬•½,‰Τ¬‹ΰδ‰w‘Oπ”Τ,132110,“‹“s,¬•½s,¬μΌ’¬‚S’–Ϊ,2018-03-31,12,‚»‚Μ‘Ό‚ΜZ‘ξi‚RK‚ΔΘ‰Ί‹¤“―Z‘ξ“™j,{ω‚Ή‚Έ,‚ ‚θ
ή“,Τγ‚Λ‚η‚Ά,¬•½,‰Τ¬‹ΰδ‰w‘Oπ”Τ,132110,“‹“s,¬•½s,‰Τ¬‹ΰδ‚R’–Ϊ,2018-08-15,19,‚»‚Μ‘Ό,{ω‚Ή‚Έ,‚Θ‚µ
ή“,Τγ‚Λ‚η‚Ά,¬•½,‰Τ¬‹ΰδ‰w‘Oπ”Τ,132110,“‹“s,¬•½s,‰Τ¬‹ΰδ‚V’–Ϊ,2018-10-20,10,‚»‚Μ‘Ό,{ω‚Ή‚Έ,‚Θ‚µ
ή“,Τγ‚Λ‚η‚Ά,¬•½,‰Τ¬‹ΰδ‰w‘Oπ”Τ,132110,“‹“s,¬•½s,‰Τ¬‹ΰδ“μ’¬‚R’–Ϊ,2018-09-22,15,“ΉHγ,{ω‚Ή‚Έ,‚ ‚θ
ή“,Τγ‚Λ‚η‚Ά,¬•½,w‰€“π”Τ,132110,“‹“s,¬•½s,w‰€“’¬‚R’–Ϊ,2018-11-02,11,“ΉHγ,{ω‚Ή‚Έ,‚ ‚θ
ή“,Τγ‚Λ‚η‚Ά,¬•½,w‰€“π”Τ,132110,“‹“s,¬•½s,—ι–Ψ’¬‚P’–Ϊ,2018-07-24,21,“ΉHγ,{ω‚Ή‚Έ,‚ ‚θ
ή“,Τγ‚Λ‚η‚Ά,¬•½,w‰€“π”Τ,132110,“‹“s,¬•½s,—ι–Ψ’¬‚P’–Ϊ,2018-10-27,22,‚»‚Μ‘Ό‚ΜZ‘ξi‚RK‚ΔΘ‰Ί‹¤“―Z‘ξ“™j,{ω‚Ή‚Έ,‚Θ‚µ
ή“,Τγ‚Λ‚η‚Ά,¬•½,w‰€“π”Τ,132110,“‹“s,¬•½s,—ι–Ψ’¬‚P’–Ϊ,2018-11-30,11,“ΉHγ,{ω‚Ή‚Έ,‚ ‚θ
ή“,Τγ‚Λ‚η‚Ά,¬•½,¬•½‰w‘Oπ”Τ,132110,“‹“s,¬•½s,w‰€Ό’¬‚P’–Ϊ,2018-02-19,10,‚»‚Μ‘Ό‚ΜZ‘ξi‚RK‚ΔΘ‰Ί‹¤“―Z‘ξ“™j,{ω‚Ή‚Έ,‚ ‚θ
ή“,Τγ‚Λ‚η‚Ά,¬•½,¬•½‰w‘Oπ”Τ,132110,“‹“s,¬•½s,“V_’¬‚P’–Ϊ,2018-02-22,00,‚»‚Μ‘Ό‚ΜZ‘ξi‚RK‚ΔΘ‰Ί‹¤“―Z‘ξ“™j,{ω‚Ή‚Έ,‚ ‚θ
ή“,Τγ‚Λ‚η‚Ά,¬•½,¬•½‰w‘Oπ”Τ,132110,“‹“s,¬•½s,“V_’¬‚Q’–Ϊ,2018-12-22,00,“ΉHγ,{ω‚Ή‚Έ,‚Θ‚µ
ή“,Τγ‚Λ‚η‚Ά,¬•½,w‰€Ό’¬π”Τ,132110,“‹“s,¬•½s,w‰€Ό’¬‚P’–Ϊ,2018-10-02,19,‚»‚Μ‘Ό‚ΜZ‘ξi‚RK‚ΔΘ‰Ί‹¤“―Z‘ξ“™j,{ω‚Ή‚Έ,‚ ‚θ
ή“,Τγ‚Λ‚η‚Ά,¬•½,w‰€Ό’¬π”Τ,132110,“‹“s,¬•½s,γ…–{’¬‚T’–Ϊ,2018-11-15,15,’“Τi—Φjκ,{ω‚Ή‚Έ,‚Θ‚µ
ή“,Τγ‚Λ‚η‚Ά,¬•½,‘ι‚Μ‘δ‰w‘Oπ”Τ,132110,“‹“s,¬•½s,’Γ“c’¬‚P’–Ϊ,2018-12-04,13,‚»‚Μ‘Ό,{ω‚Ή‚Έ,‚ ‚θ
ή“,Τγ‚Λ‚η‚Ά,¬•½,‘ι‚Μ‘δ‰w‘Oπ”Τ,132110,“‹“s,¬•½s,’Γ“c’¬‚Q’–Ϊ,2018-10-11,17,κΛZ‘ξ,{ω‚Ή‚Έ,‚ ‚θ
ή“,Τγ‚Λ‚η‚Ά,¬•½,‘ι‚Μ‘δ‰w‘Oπ”Τ,132110,“‹“s,¬•½s,’Γ“c’¬‚R’–Ϊ,2018-07-17,10,‚SK‚ΔΘγ‹¤“―Z‘ξ,{ω‚Ή‚Έ,‚Θ‚µ
ή“,Τγ‚Λ‚η‚Ά,¬•½,‘ι‚Μ‘δ‰w‘Oπ”Τ,132110,“‹“s,¬•½s,’Γ“c’¬‚R’–Ϊ,2018-10-18,17,κΛZ‘ξ,{ω‚Ή‚Έ,‚Θ‚µ
ή“,Τγ‚Λ‚η‚Ά,¬•½,‘ι‚Μ‘δ‰w‘Oπ”Τ,132110,“‹“s,¬•½s,’Γ“c’¬‚R’–Ϊ,2018-10-18,19,κΛZ‘ξ,{ω‚Ή‚Έ,‚Θ‚µ
ή“,Τγ‚Λ‚η‚Ά,¬•½,¬μ‰w‘Oπ”Τ,132110,“‹“s,¬•½s,¬μΌ’¬‚Q’–Ϊ,2018-11-09,18,‚SK‚ΔΘγ‹¤“―Z‘ξ,{ω‚Ή‚Έ,‚Θ‚µ
ή“,Τγ‚Λ‚η‚Ά,¬•½,¬μ‰w‘Oπ”Τ,132110,“‹“s,¬•½s,¬μΌ’¬‚T’–Ϊ,2018-04-14,07,‚»‚Μ‘Ό‚ΜZ‘ξi‚RK‚ΔΘ‰Ί‹¤“―Z‘ξ“™j,{ω‚Ή‚Έ,‚ ‚θ
ή“,Τγ‚Λ‚η‚Ά,¬•½,¬μ‰w‘Oπ”Τ,132110,“‹“s,¬•½s,¬μ“’¬‚P’–Ϊ,2018-11-26,02,’“Τi—Φjκ,{ω‚Ή‚Έ,‚Θ‚µ
ή“,Τγ‚Λ‚η‚Ά,¬•½,’‡’¬π”Τ,132110,“‹“s,¬•½s,’‡’¬,2018-05-30,17,“ΉHγ,{ω‚Ή‚Έ,‚ ‚θ
ή“,Τγ‚Λ‚η‚Ά,¬•½,μ•½‹΄’“έ,132110,“‹“s,¬•½s,γ…“μ’¬‚P’–Ϊ,2018-04-22,14,’“Τi—Φjκ,{ω‚Ή‚Έ,‚ ‚θ
ή“,Τγ‚Λ‚η‚Ά,¬•½,¬μ’“έ,132110,“‹“s,¬•½s,¬μ’¬‚P’–Ϊ,2018-12-01,05,’“Τi—Φjκ,{ω‚Ή‚Έ,‚Θ‚µ
ή“,Τγ‚Λ‚η‚Ά,¬•½,γhπ”Τ,132110,“‹“s,¬•½s,¬μ’¬‚P’–Ϊ,2018-01-24,15,“ΉHγ,{ω‚Ή‚Έ,‚Θ‚µ
ή“,Τγ‚Λ‚η‚Ά,¬•½,γhπ”Τ,132110,“‹“s,¬•½s,¬μ’¬‚P’–Ϊ,2018-01-30,22,κΛZ‘ξ,{ω‚Ή‚Έ,‚ ‚θ
ή“,Τγ‚Λ‚η‚Ά,¬•½,γhπ”Τ,132110,“‹“s,¬•½s,γ…V’¬‚P’–Ϊ,2018-04-09,20,‚»‚Μ‘Ό‚ΜZ‘ξi‚RK‚ΔΘ‰Ί‹¤“―Z‘ξ“™j,{ω‚Ή‚Έ,‚ ‚θ
ή“,Τγ‚Λ‚η‚Ά,V“‡,έ’n,,,,,2018-01-07,07,’“Τi—Φjκ,{ω‚Ή‚Έ,‚ ‚θ
ή“,Τγ‚Λ‚η‚Ά,V“‡,®ª“‡’“έ,,,,,2018-03-17,11,’“Τi—Φjκ,{ω‚Ή‚Έ,‚ ‚θ
ή“,Τγ‚Λ‚η‚Ά,O‘ξ“‡,ΙƒP’J’“έ,,,,,2018-08-20,14,’“Τi—Φjκ,{ω‚Ή‚Έ,‚ ‚θ
ή“,Τγ‚Λ‚η‚Ά,”ªδ“‡,~—§’“έ,134015,“‹“s,”ªδ’¬,~—§,2018-01-01,14,‚»‚Μ‘Ό,{ω‚Ή‚Έ,‚ ‚θ
ή“,Τγ‚Λ‚η‚Ά,¬}΄,•κ“‡’“έ,,,,,2018-05-03,14,’“Τi—Φjκ,{ω‚Ή‚Έ,‚Θ‚µ
