罪名,手口,管轄警察署（発生地）,管轄交番・駐在所（発生地）,市区町村コード（発生地）,都道府県（発生地）,市区町村（発生地）,町丁目（発生地）,発生年月日（始期）,発生時（始期）,発生場所の属性,施錠関係,盗難防止装置の有無,現金以外の主な被害品
窃盗,オートバイ盗,深川,東陽交番,131083,東京都,江東区,東陽３丁目,2018-03-25,23,道路上,キーあり,なし,原動機付自転車（50cc以下）
窃盗,オートバイ盗,深川,東陽交番,131083,東京都,江東区,東陽５丁目,2017-10-01,17,４階建て以上共同住宅,キーあり,なし,自動二輪（50cc超）
窃盗,オートバイ盗,深川,千田交番,131083,東京都,江東区,扇橋３丁目,2018-12-16,11,４階建て以上共同住宅,キーあり,なし,原動機付自転車（50cc以下）
窃盗,オートバイ盗,深川,豊洲交番,131083,東京都,江東区,豊洲５丁目,2018-08-07,17,道路上,キーあり,なし,原動機付自転車（50cc以下）
窃盗,オートバイ盗,深川,枝川交番,131083,東京都,江東区,枝川１丁目,2018-01-01,03,道路上,キーあり,なし,原動機付自転車（50cc以下）
窃盗,オートバイ盗,丸の内,有楽町駅前交番,131016,東京都,千代田区,大手町１丁目,2018-11-16,07,駐車（輪）場,キーあり,あり,自動二輪（50cc超）
窃盗,オートバイ盗,丸の内,和田倉門外交番,131016,東京都,千代田区,大手町１丁目,2018-04-11,07,駐車（輪）場,キーあり,なし,自動二輪（50cc超）
窃盗,オートバイ盗,丸の内,和田倉門外交番,131016,東京都,千代田区,大手町１丁目,2018-08-07,07,駐車（輪）場,キーあり,なし,自動二輪（50cc超）
窃盗,オートバイ盗,丸の内,和田倉門外交番,131016,東京都,千代田区,大手町１丁目,2018-09-04,08,駐車（輪）場,キーあり,なし,自動二輪（50cc超）
窃盗,オートバイ盗,丸の内,和田倉門外交番,131016,東京都,千代田区,大手町１丁目,2018-12-06,08,駐車（輪）場,キーあり,なし,原動機付自転車（50cc以下）
窃盗,オートバイ盗,神田,お茶の水交番,131016,東京都,千代田区,神田駿河台４丁目,2018-01-29,06,駐車（輪）場,キーあり,なし,原動機付自転車（50cc以下）
窃盗,オートバイ盗,万世橋,岩本町交番,131016,東京都,千代田区,神田東松下町,2018-05-27,16,道路上,キーあり,なし,自動二輪（50cc超）
窃盗,オートバイ盗,万世橋,秋葉原交番,131016,東京都,千代田区,神田練塀町,2018-02-03,17,駐車（輪）場,キーあり,なし,自動二輪（50cc超）
窃盗,オートバイ盗,万世橋,秋葉原交番,131016,東京都,千代田区,外神田２丁目,2018-03-29,20,道路上,キーあり,あり,原動機付自転車（50cc以下）
窃盗,オートバイ盗,築地,銀座八丁目交番,131024,東京都,中央区,銀座７丁目,2018-11-21,22,道路上,キーあり,なし,原動機付自転車（50cc以下）
窃盗,オートバイ盗,月島,勝どき橋交番,131024,東京都,中央区,勝どき６丁目,2014-12-01,10,道路上,キーあり,あり,原動機付自転車（50cc以下）
窃盗,オートバイ盗,高輪,白金三光町交番,131032,東京都,港区,白金台５丁目,2018-10-10,18,その他,キーあり,なし,自動二輪（50cc超）
窃盗,オートバイ盗,麻布,一之橋交番,131032,東京都,港区,東麻布２丁目,2018-10-21,21,４階建て以上共同住宅,キーあり,あり,原動機付自転車（50cc以下）
窃盗,オートバイ盗,麻布,盛岡町交番,131032,東京都,港区,南麻布５丁目,2018-08-17,03,４階建て以上共同住宅,キーあり,なし,原動機付自転車（50cc以下）
窃盗,オートバイ盗,麻布,六本木交番,131032,東京都,港区,六本木４丁目,2018-11-03,22,道路上,キーあり,あり,自動二輪（50cc超）
窃盗,オートバイ盗,東京湾岸,お台場海浜公園駅前交番,131032,東京都,港区,台場１丁目,2018-03-06,06,駐車（輪）場,キーあり,なし,原動機付自転車（50cc以下）
窃盗,オートバイ盗,東京湾岸,都橋交番,131083,東京都,江東区,東雲１丁目,2014-10-17,19,道路上,キーあり,なし,原動機付自転車（50cc以下）
窃盗,オートバイ盗,東京湾岸,辰巳交番,131083,東京都,江東区,辰巳１丁目,2017-12-22,20,道路上,キーあり,なし,自動二輪（50cc超）
窃盗,オートバイ盗,東京湾岸,新木場駅前交番,131083,東京都,江東区,新木場１丁目,2018-06-25,17,駐車（輪）場,キーあり,なし,自動二輪（50cc超）
窃盗,オートバイ盗,品川,青物横丁駅前交番,131091,東京都,品川区,東品川４丁目,2018-06-21,15,駐車（輪）場,キーあり,なし,自動二輪（50cc超）
窃盗,オートバイ盗,大井,大井町駅前交番,131091,東京都,品川区,大井１丁目,2018-06-15,21,その他,キーあり,なし,原動機付自転車（50cc以下）
窃盗,オートバイ盗,大井,八潮団地交番,131091,東京都,品川区,八潮５丁目,2017-07-01,18,４階建て以上共同住宅,キーあり,なし,原動機付自転車（50cc以下）
窃盗,オートバイ盗,荏原,旗の台交番,131091,東京都,品川区,旗の台４丁目,2016-11-01,00,道路上,キーあり,なし,自動二輪（50cc超）
窃盗,オートバイ盗,荏原,旗の台交番,131091,東京都,品川区,旗の台４丁目,2018-01-10,18,駐車（輪）場,キーあり,なし,自動二輪（50cc超）
窃盗,オートバイ盗,大森,森ケ崎交番,131113,東京都,大田区,大森東２丁目,2018-05-24,03,道路上,キーあり,あり,自動二輪（50cc超）
窃盗,オートバイ盗,大森,森ケ崎交番,131113,東京都,大田区,大森東５丁目,2018-08-07,19,一戸建住宅,キーあり,あり,自動二輪（50cc超）
窃盗,オートバイ盗,大森,森ケ崎交番,131113,東京都,大田区,大森南２丁目,2018-09-21,22,駐車（輪）場,キーあり,なし,自動二輪（50cc超）
窃盗,オートバイ盗,大森,森ケ崎交番,131113,東京都,大田区,大森南５丁目,2018-10-08,01,駐車（輪）場,キーあり,なし,自動二輪（50cc超）
窃盗,オートバイ盗,大森,谷戸交番,131113,東京都,大田区,大森中３丁目,2018-09-25,19,一戸建住宅,キーあり,あり,自動二輪（50cc超）
窃盗,オートバイ盗,大森,大森西交番,131113,東京都,大田区,大森西７丁目,2018-03-03,22,その他の住宅（３階建て以下共同住宅等）,キーあり,なし,自動二輪（50cc超）
窃盗,オートバイ盗,大森,大森西交番,131113,東京都,大田区,大森東３丁目,2017-12-27,02,一戸建住宅,キーあり,なし,自動二輪（50cc超）
窃盗,オートバイ盗,大森,大森海岸交番,131113,東京都,大田区,大森北３丁目,2018-09-17,04,一戸建住宅,キーあり,なし,自動二輪（50cc超）
窃盗,オートバイ盗,大森,大森海岸交番,131113,東京都,大田区,大森北６丁目,2018-01-25,20,４階建て以上共同住宅,キーあり,なし,自動二輪（50cc超）
窃盗,オートバイ盗,大森,大森海岸交番,131113,東京都,大田区,大森東１丁目,2018-02-24,22,その他の住宅（３階建て以下共同住宅等）,キーあり,なし,自動二輪（50cc超）
窃盗,オートバイ盗,大森,大森海岸交番,131113,東京都,大田区,大森東１丁目,2018-03-04,19,その他の住宅（３階建て以下共同住宅等）,キーあり,なし,自動二輪（50cc超）
窃盗,オートバイ盗,大森,大森海岸交番,131113,東京都,大田区,大森東１丁目,2018-10-08,19,４階建て以上共同住宅,キーあり,あり,自動二輪（50cc超）
窃盗,オートバイ盗,大森,大森海岸交番,131113,東京都,大田区,昭和島２丁目,2018-10-01,07,道路上,キーあり,なし,自動二輪（50cc超）
窃盗,オートバイ盗,大森,大森海岸交番,131113,東京都,大田区,平和島１丁目,2018-10-16,09,駐車（輪）場,キーあり,あり,自動二輪（50cc超）
窃盗,オートバイ盗,大森,大森駅前交番,131113,東京都,大田区,大森北１丁目,2018-05-05,04,道路上,キーあり,なし,原動機付自転車（50cc以下）
窃盗,オートバイ盗,大森,山王交番,131113,東京都,大田区,山王３丁目,2017-12-22,22,駐車（輪）場,キーあり,なし,自動二輪（50cc超）
窃盗,オートバイ盗,田園調布,洗足池交番,131113,東京都,大田区,上池台１丁目,2018-04-03,11,駐車（輪）場,キーあり,なし,原動機付自転車（50cc以下）
窃盗,オートバイ盗,田園調布,小池駐在所,131113,東京都,大田区,上池台４丁目,2018-01-01,13,その他,キーあり,なし,自動二輪（50cc超）
窃盗,オートバイ盗,蒲田,蒲田駅西口交番,131113,東京都,大田区,西蒲田８丁目,2018-02-26,22,道路上,キーあり,なし,自動二輪（50cc超）
窃盗,オートバイ盗,蒲田,西六郷交番,131113,東京都,大田区,新蒲田３丁目,2018-03-24,21,一戸建住宅,キーあり,なし,原動機付自転車（50cc以下）
窃盗,オートバイ盗,蒲田,西六郷交番,131113,東京都,大田区,西六郷４丁目,2018-05-11,22,４階建て以上共同住宅,キーあり,なし,自動二輪（50cc超）
窃盗,オートバイ盗,蒲田,雑色交番,131113,東京都,大田区,仲六郷１丁目,2018-11-26,19,一戸建住宅,キーあり,なし,原動機付自転車（50cc以下）
窃盗,オートバイ盗,蒲田,日の出通交番,131113,東京都,大田区,南蒲田２丁目,2018-06-28,10,駐車（輪）場,キーあり,なし,自動二輪（50cc超）
窃盗,オートバイ盗,蒲田,本羽田交番,131113,東京都,大田区,萩中１丁目,2018-03-11,19,道路上,キーあり,なし,原動機付自転車（50cc以下）
窃盗,オートバイ盗,蒲田,北糀谷交番,131113,東京都,大田区,西糀谷２丁目,2018-06-29,18,一戸建住宅,キーあり,なし,自動二輪（50cc超）
窃盗,オートバイ盗,池上,池上駅前交番,131113,東京都,大田区,池上６丁目,2018-12-17,16,駐車（輪）場,キーあり,なし,原動機付自転車（50cc以下）
窃盗,オートバイ盗,池上,蓮沼交番,131113,東京都,大田区,西蒲田３丁目,2018-10-05,21,４階建て以上共同住宅,キーあり,なし,自動二輪（50cc超）
窃盗,オートバイ盗,池上,多摩川大橋交番,131113,東京都,大田区,多摩川２丁目,2018-12-03,17,４階建て以上共同住宅,キーあり,なし,自動二輪（50cc超）
窃盗,オートバイ盗,池上,千鳥交番,131113,東京都,大田区,下丸子３丁目,2018-05-05,14,その他,キーあり,なし,自動二輪（50cc超）
窃盗,オートバイ盗,世田谷,三軒茶屋交番,131121,東京都,世田谷区,太子堂４丁目,2018-03-15,01,道路上,キーあり,なし,自動二輪（50cc超）
窃盗,オートバイ盗,世田谷,下馬四丁目交番,131121,東京都,世田谷区,下馬１丁目,2017-06-04,09,４階建て以上共同住宅,キーあり,なし,自動二輪（50cc超）
窃盗,オートバイ盗,世田谷,下馬四丁目交番,131121,東京都,世田谷区,下馬２丁目,2017-11-01,00,４階建て以上共同住宅,キーあり,なし,自動二輪（50cc超）
窃盗,オートバイ盗,世田谷,上馬交番,131121,東京都,世田谷区,駒沢２丁目,2018-07-15,05,一戸建住宅,キーあり,なし,自動二輪（50cc超）
窃盗,オートバイ盗,世田谷,上馬交番,131121,東京都,世田谷区,弦巻２丁目,2018-09-29,15,４階建て以上共同住宅,キーあり,なし,自動二輪（50cc超）
窃盗,オートバイ盗,世田谷,世田谷交番,131121,東京都,世田谷区,世田谷４丁目,2017-10-01,17,道路上,キーあり,なし,原動機付自転車（50cc以下）
窃盗,オートバイ盗,北沢,宮前橋交番,131121,東京都,世田谷区,代田２丁目,2018-10-17,18,４階建て以上共同住宅,キーあり,なし,原動機付自転車（50cc以下）
窃盗,オートバイ盗,玉川,二子玉川交番,131121,東京都,世田谷区,玉川３丁目,2018-04-18,16,道路上,キーあり,なし,自動二輪（50cc超）
窃盗,オートバイ盗,玉川,用賀交番,131121,東京都,世田谷区,用賀４丁目,2018-02-24,21,道路上,キーあり,なし,自動二輪（50cc超）
窃盗,オートバイ盗,玉川,深沢交番,131121,東京都,世田谷区,駒沢公園,2018-03-13,18,その他,キーあり,なし,自動二輪（50cc超）
窃盗,オートバイ盗,成城,上祖師谷駐在所,131121,東京都,世田谷区,上祖師谷５丁目,2018-06-11,19,一戸建住宅,キーあり,あり,自動二輪（50cc超）
窃盗,オートバイ盗,目黒,中目黒駅前交番,131105,東京都,目黒区,上目黒２丁目,2018-12-01,10,道路上,キーあり,なし,自動二輪（50cc超）
窃盗,オートバイ盗,碑文谷,原町交番,131105,東京都,目黒区,原町１丁目,2018-09-05,17,その他,キーあり,なし,原動機付自転車（50cc以下）
窃盗,オートバイ盗,碑文谷,原町交番,131105,東京都,目黒区,南１丁目,2018-07-05,22,道路上,キーあり,なし,原動機付自転車（50cc以下）
窃盗,オートバイ盗,碑文谷,本町二丁目交番,131105,東京都,目黒区,目黒本町３丁目,2018-01-07,00,その他,キーあり,なし,自動二輪（50cc超）
窃盗,オートバイ盗,碑文谷,本町二丁目交番,131105,東京都,目黒区,目黒本町５丁目,2018-06-17,15,一戸建住宅,キーあり,あり,自動二輪（50cc超）
窃盗,オートバイ盗,渋谷,宇田川交番,131130,東京都,渋谷区,宇田川町,2018-05-06,01,道路上,キーあり,なし,原動機付自転車（50cc以下）
窃盗,オートバイ盗,渋谷,宇田川交番,131130,東京都,渋谷区,神南１丁目,2018-03-16,12,駐車（輪）場,キーあり,なし,自動二輪（50cc超）
窃盗,オートバイ盗,代々木,幡ケ谷駅前交番,131130,東京都,渋谷区,幡ヶ谷２丁目,2018-07-02,18,道路上,キーあり,なし,原動機付自転車（50cc以下）
窃盗,オートバイ盗,代々木,代々木上原駅前交番,131130,東京都,渋谷区,上原１丁目,2018-06-30,03,道路上,キーあり,なし,原動機付自転車（50cc以下）
窃盗,オートバイ盗,代々木,初台二丁目交番,131130,東京都,渋谷区,初台１丁目,2018-08-03,19,４階建て以上共同住宅,キーあり,なし,原動機付自転車（50cc以下）
窃盗,オートバイ盗,牛込,柳町交番,131041,東京都,新宿区,市谷加賀町２丁目,2017-09-08,13,４階建て以上共同住宅,キーあり,なし,自動二輪（50cc超）
窃盗,オートバイ盗,牛込,神楽坂上交番,131041,東京都,新宿区,神楽河岸,2018-02-05,09,道路上,キーあり,なし,自動二輪（50cc超）
窃盗,オートバイ盗,新宿,北新宿一丁目交番,131041,東京都,新宿区,北新宿１丁目,2018-03-03,10,４階建て以上共同住宅,キーあり,なし,自動二輪（50cc超）
窃盗,オートバイ盗,新宿,百人町交番,131041,東京都,新宿区,北新宿１丁目,2018-04-06,16,道路上,キーあり,なし,原動機付自転車（50cc以下）
窃盗,オートバイ盗,新宿,大久保交番,131041,東京都,新宿区,大久保１丁目,2018-08-14,23,道路上,キーあり,なし,原動機付自転車（50cc以下）
窃盗,オートバイ盗,新宿,歌舞伎町交番,131041,東京都,新宿区,歌舞伎町２丁目,2018-03-08,23,駐車（輪）場,キーあり,あり,原動機付自転車（50cc以下）
窃盗,オートバイ盗,戸塚,高田馬場駅前交番,131041,東京都,新宿区,高田馬場３丁目,2018-09-09,21,道路上,キーあり,あり,自動二輪（50cc超）
窃盗,オートバイ盗,戸塚,上落合交番,131041,東京都,新宿区,上落合２丁目,2018-02-11,00,道路上,キーあり,なし,原動機付自転車（50cc以下）
窃盗,オートバイ盗,四谷,花園交番,131041,東京都,新宿区,歌舞伎町１丁目,2012-02-13,13,駐車（輪）場,キーあり,なし,自動二輪（50cc超）
窃盗,オートバイ盗,中野,鍋屋横丁交番,131148,東京都,中野区,中央４丁目,2018-10-23,23,４階建て以上共同住宅,キーあり,なし,原動機付自転車（50cc以下）
窃盗,オートバイ盗,中野,南台交番,131148,東京都,中野区,南台２丁目,2018-02-15,不明,その他の住宅（３階建て以下共同住宅等）,キーあり,なし,自動二輪（50cc超）
窃盗,オートバイ盗,野方,薬師駅前交番,131148,東京都,中野区,新井５丁目,2018-05-20,04,道路上,キーあり,なし,原動機付自転車（50cc以下）
窃盗,オートバイ盗,野方,江古田四丁目交番,131148,東京都,中野区,江古田３丁目,2018-08-11,08,道路上,キーあり,なし,原動機付自転車（50cc以下）
窃盗,オートバイ盗,杉並,堀ノ内交番,131156,東京都,杉並区,梅里１丁目,2018-10-26,03,その他の住宅（３階建て以下共同住宅等）,キーあり,なし,原動機付自転車（50cc以下）
窃盗,オートバイ盗,杉並,高円寺交番,131156,東京都,杉並区,梅里１丁目,2018-01-31,02,その他の住宅（３階建て以下共同住宅等）,キーあり,なし,自動二輪（50cc超）
窃盗,オートバイ盗,杉並,高円寺交番,131156,東京都,杉並区,梅里１丁目,2018-10-14,16,４階建て以上共同住宅,キーあり,なし,自動二輪（50cc超）
窃盗,オートバイ盗,杉並,高円寺駅前交番,131156,東京都,杉並区,高円寺南３丁目,2018-06-08,08,その他の住宅（３階建て以下共同住宅等）,キーあり,なし,自動二輪（50cc超）
窃盗,オートバイ盗,杉並,阿佐谷駅前交番,131156,東京都,杉並区,阿佐谷北１丁目,2018-07-10,14,その他,キーあり,なし,自動二輪（50cc超）
窃盗,オートバイ盗,高井戸,泉南交番,131156,東京都,杉並区,方南１丁目,2016-07-15,09,駐車（輪）場,キーあり,なし,原動機付自転車（50cc以下）
窃盗,オートバイ盗,高井戸,下高井戸交番,131156,東京都,杉並区,下高井戸２丁目,2018-09-30,18,駐車（輪）場,キーあり,なし,原動機付自転車（50cc以下）
窃盗,オートバイ盗,荻窪,荻窪駅北口交番,131156,東京都,杉並区,天沼２丁目,2018-06-21,14,その他,キーあり,なし,原動機付自転車（50cc以下）
窃盗,オートバイ盗,大塚,大塚六丁目交番,131059,東京都,文京区,大塚５丁目,2018-01-27,03,駐車（輪）場,キーあり,なし,自動二輪（50cc超）
窃盗,オートバイ盗,巣鴨,大塚駅前交番,131164,東京都,豊島区,南大塚３丁目,2018-02-24,18,道路上,キーあり,なし,自動二輪（50cc超）
窃盗,オートバイ盗,池袋,池袋二又交番,131164,東京都,豊島区,西池袋５丁目,2015-03-20,18,駐車（輪）場,キーあり,なし,自動二輪（50cc超）
窃盗,オートバイ盗,池袋,池袋二又交番,131164,東京都,豊島区,西池袋５丁目,2015-12-31,08,４階建て以上共同住宅,キーあり,あり,自動二輪（50cc超）
窃盗,オートバイ盗,池袋,池袋二又交番,131164,東京都,豊島区,西池袋５丁目,2015-12-31,08,４階建て以上共同住宅,キーあり,あり,自動二輪（50cc超）
窃盗,オートバイ盗,滝野川,尾久駅前交番,131172,東京都,北区,昭和町２丁目,2018-08-20,17,道路上,キーあり,なし,原動機付自転車（50cc以下）
窃盗,オートバイ盗,王子,王子五丁目交番,131172,東京都,北区,王子５丁目,2018-03-08,09,４階建て以上共同住宅,キーあり,なし,自動二輪（50cc超）
窃盗,オートバイ盗,王子,東十条交番,131172,東京都,北区,王子５丁目,2017-06-01,12,４階建て以上共同住宅,キーあり,なし,原動機付自転車（50cc以下）
窃盗,オートバイ盗,王子,王子本町交番,131172,東京都,北区,岸町１丁目,2018-03-03,08,道路上,キーあり,なし,自動二輪（50cc超）
窃盗,オートバイ盗,赤羽,宮堀交番,131172,東京都,北区,神谷３丁目,2018-08-12,03,４階建て以上共同住宅,キーあり,なし,原動機付自転車（50cc以下）
窃盗,オートバイ盗,赤羽,西が丘交番,131172,東京都,北区,赤羽西１丁目,2018-04-13,19,道路上,キーあり,なし,原動機付自転車（50cc以下）
窃盗,オートバイ盗,赤羽,西が丘交番,131172,東京都,北区,赤羽西６丁目,2018-02-20,20,駐車（輪）場,キーあり,なし,原動機付自転車（50cc以下）
窃盗,オートバイ盗,赤羽,赤羽北交番,131172,東京都,北区,赤羽北２丁目,2018-01-27,16,４階建て以上共同住宅,キーあり,なし,自動二輪（50cc超）
窃盗,オートバイ盗,赤羽,赤羽北交番,131172,東京都,北区,赤羽北３丁目,2018-03-01,22,４階建て以上共同住宅,キーあり,なし,自動二輪（50cc超）
窃盗,オートバイ盗,板橋,平尾交番,131199,東京都,板橋区,板橋３丁目,2018-06-25,05,道路上,キーあり,なし,原動機付自転車（50cc以下）
窃盗,オートバイ盗,板橋,茂呂交番,131199,東京都,板橋区,小茂根１丁目,2017-06-21,18,駐車（輪）場,キーあり,なし,自動二輪（50cc超）
窃盗,オートバイ盗,志村,前野町交番,131199,東京都,板橋区,前野町２丁目,2018-07-09,14,４階建て以上共同住宅,キーあり,なし,自動二輪（50cc超）
窃盗,オートバイ盗,志村,前野町交番,131199,東京都,板橋区,前野町２丁目,2018-10-05,17,一戸建住宅,キーあり,なし,自動二輪（50cc超）
窃盗,オートバイ盗,志村,前野町交番,131199,東京都,板橋区,前野町３丁目,2017-07-01,19,一戸建住宅,キーあり,なし,自動二輪（50cc超）
窃盗,オートバイ盗,練馬,練馬駅前交番,131202,東京都,練馬区,豊玉北５丁目,2018-04-26,06,道路上,キーあり,あり,自動二輪（50cc超）
窃盗,オートバイ盗,練馬,氷川台駐在所,131202,東京都,練馬区,氷川台１丁目,2018-10-19,19,一戸建住宅,キーあり,なし,自動二輪（50cc超）
窃盗,オートバイ盗,石神井,大泉学園駅前交番,131202,東京都,練馬区,東大泉１丁目,2018-10-22,22,一戸建住宅,キーあり,なし,原動機付自転車（50cc以下）
窃盗,オートバイ盗,石神井,大泉学園駅前交番,131202,東京都,練馬区,東大泉３丁目,2018-06-17,13,４階建て以上共同住宅,キーあり,なし,原動機付自転車（50cc以下）
窃盗,オートバイ盗,高島平,高島平駅前交番,131199,東京都,板橋区,高島平２丁目,2018-02-24,17,駐車（輪）場,キーあり,なし,自動二輪（50cc超）
窃盗,オートバイ盗,高島平,西台駅前交番,131199,東京都,板橋区,徳丸２丁目,2018-11-10,08,駐車（輪）場,キーあり,なし,自動二輪（50cc超）
窃盗,オートバイ盗,高島平,北野交番,131199,東京都,板橋区,徳丸２丁目,2018-04-04,18,その他の住宅（３階建て以下共同住宅等）,キーあり,なし,原動機付自転車（50cc以下）
窃盗,オートバイ盗,高島平,北野交番,131199,東京都,板橋区,徳丸２丁目,2018-11-02,19,その他,キーあり,なし,自動二輪（50cc超）
窃盗,オートバイ盗,高島平,北野交番,131199,東京都,板橋区,徳丸７丁目,2018-10-27,18,４階建て以上共同住宅,キーあり,なし,自動二輪（50cc超）
窃盗,オートバイ盗,高島平,下赤塚交番,131199,東京都,板橋区,赤塚新町１丁目,2018-10-07,01,道路上,キーあり,なし,原動機付自転車（50cc以下）
窃盗,オートバイ盗,高島平,下赤塚交番,131199,東京都,板橋区,赤塚新町３丁目,2018-11-16,20,道路上,キーあり,なし,原動機付自転車（50cc以下）
窃盗,オートバイ盗,高島平,上赤塚交番,131199,東京都,板橋区,成増５丁目,2018-02-07,23,その他の住宅（３階建て以下共同住宅等）,キーあり,なし,自動二輪（50cc超）
窃盗,オートバイ盗,高島平,松月院前交番,131199,東京都,板橋区,徳丸８丁目,2016-03-18,20,道路上,キーあり,あり,原動機付自転車（50cc以下）
窃盗,オートバイ盗,光が丘,北町交番,131202,東京都,練馬区,北町６丁目,2018-05-24,06,駐車（輪）場,キーあり,なし,原動機付自転車（50cc以下）
窃盗,オートバイ盗,光が丘,光が丘三丁目交番,131202,東京都,練馬区,高松４丁目,2018-09-07,01,駐車（輪）場,キーあり,なし,原動機付自転車（50cc以下）
窃盗,オートバイ盗,光が丘,光が丘三丁目交番,131202,東京都,練馬区,光が丘７丁目,2017-10-04,18,駐車（輪）場,キーあり,なし,自動二輪（50cc超）
窃盗,オートバイ盗,上野,公園前交番,131067,東京都,台東区,上野２丁目,2018-10-27,10,道路上,キーあり,なし,原動機付自転車（50cc以下）
窃盗,オートバイ盗,下谷,入谷東交番,131067,東京都,台東区,根岸４丁目,2018-06-20,03,道路上,キーあり,あり,自動二輪（50cc超）
窃盗,オートバイ盗,下谷,入谷東交番,131067,東京都,台東区,松が谷４丁目,2017-04-21,00,４階建て以上共同住宅,キーあり,なし,自動二輪（50cc超）
窃盗,オートバイ盗,下谷,鶯谷駅前交番,131067,東京都,台東区,根岸３丁目,2018-06-07,02,道路上,キーあり,なし,自動二輪（50cc超）
窃盗,オートバイ盗,浅草,,131075,東京都,墨田区,吾妻橋１丁目,2018-11-24,08,道路上,キーあり,なし,原動機付自転車（50cc以下）
窃盗,オートバイ盗,浅草,日本堤交番,131067,東京都,台東区,清川２丁目,2018-04-16,19,道路上,キーあり,なし,原動機付自転車（50cc以下）
窃盗,オートバイ盗,浅草,吉原交番,131067,東京都,台東区,千束３丁目,2018-04-18,11,４階建て以上共同住宅,キーあり,なし,自動二輪（50cc超）
窃盗,オートバイ盗,浅草,西浅草三丁目交番,131067,東京都,台東区,千束１丁目,2018-07-09,22,道路上,キーあり,なし,自動二輪（50cc超）
窃盗,オートバイ盗,浅草,西浅草三丁目交番,131067,東京都,台東区,西浅草３丁目,2018-05-12,20,道路上,キーあり,なし,原動機付自転車（50cc以下）
窃盗,オートバイ盗,浅草,聖天町交番,131067,東京都,台東区,浅草６丁目,2018-01-13,21,道路上,キーあり,なし,自動二輪（50cc超）
窃盗,オートバイ盗,蔵前,菊屋橋交番,131067,東京都,台東区,東上野６丁目,2018-11-30,02,道路上,キーあり,なし,自動二輪（50cc超）
窃盗,オートバイ盗,蔵前,須賀橋交番,131067,東京都,台東区,柳橋２丁目,2018-01-27,08,駐車（輪）場,キーあり,なし,自動二輪（50cc超）
窃盗,オートバイ盗,尾久,尾竹橋交番,131181,東京都,荒川区,町屋７丁目,2018-09-27,17,その他,キーあり,なし,自動二輪（50cc超）
窃盗,オートバイ盗,南千住,南千住一丁目交番,131181,東京都,荒川区,南千住１丁目,2018-04-19,17,道路上,キーあり,あり,自動二輪（50cc超）
窃盗,オートバイ盗,荒川,町屋交番,131181,東京都,荒川区,町屋３丁目,2018-02-09,15,駐車（輪）場,キーあり,なし,原動機付自転車（50cc以下）
窃盗,オートバイ盗,荒川,日暮里駅前交番,131181,東京都,荒川区,東日暮里４丁目,2018-06-13,15,一戸建住宅,キーあり,なし,自動二輪（50cc超）
窃盗,オートバイ盗,荒川,日暮里駅前交番,131181,東京都,荒川区,東日暮里４丁目,2018-06-13,15,一戸建住宅,キーあり,なし,自動二輪（50cc超）
窃盗,オートバイ盗,荒川,日暮里駅前交番,131181,東京都,荒川区,東日暮里５丁目,2018-05-24,17,道路上,キーあり,なし,原動機付自転車（50cc以下）
窃盗,オートバイ盗,荒川,西日暮里駅前交番,131181,東京都,荒川区,西日暮里５丁目,2018-03-07,03,道路上,キーあり,なし,原動機付自転車（50cc以下）
窃盗,オートバイ盗,千住,北千住駅西口交番,131211,東京都,足立区,千住仲町,2018-02-04,19,駐車（輪）場,キーあり,なし,自動二輪（50cc超）
窃盗,オートバイ盗,千住,桜木町交番,131211,東京都,足立区,千住元町,2018-03-20,00,一戸建住宅,キーあり,なし,自動二輪（50cc超）
窃盗,オートバイ盗,千住,大橋交番,131211,東京都,足立区,千住仲町,2017-12-09,13,道路上,キーあり,なし,自動二輪（50cc超）
窃盗,オートバイ盗,千住,北千住駅東口交番,131211,東京都,足立区,柳原１丁目,2017-03-10,23,駐車（輪）場,キーあり,なし,原動機付自転車（50cc以下）
窃盗,オートバイ盗,千住,曙町交番,131211,東京都,足立区,千住曙町,2018-05-17,00,道路上,キーあり,なし,原動機付自転車（50cc以下）
窃盗,オートバイ盗,西新井,大師前交番,131211,東京都,足立区,西新井本町２丁目,2017-12-10,17,４階建て以上共同住宅,キーあり,なし,原動機付自転車（50cc以下）
窃盗,オートバイ盗,西新井,大師前交番,131211,東京都,足立区,西新井本町２丁目,2018-05-10,21,４階建て以上共同住宅,キーあり,なし,自動二輪（50cc超）
窃盗,オートバイ盗,西新井,西新井駅前交番,131211,東京都,足立区,西新井栄町１丁目,2018-03-08,09,その他,キーあり,なし,原動機付自転車（50cc以下）
窃盗,オートバイ盗,西新井,江北交番,131211,東京都,足立区,江北４丁目,2018-01-20,13,４階建て以上共同住宅,キーあり,なし,原動機付自転車（50cc以下）
窃盗,オートバイ盗,西新井,島根交番,131211,東京都,足立区,島根４丁目,2018-01-29,20,４階建て以上共同住宅,キーあり,なし,自動二輪（50cc超）
窃盗,オートバイ盗,西新井,島根交番,131211,東京都,足立区,島根４丁目,2018-09-25,07,駐車（輪）場,キーあり,なし,原動機付自転車（50cc以下）
窃盗,オートバイ盗,西新井,鹿浜交番,131211,東京都,足立区,堀之内１丁目,2018-06-28,08,道路上,キーあり,なし,原動機付自転車（50cc以下）
窃盗,オートバイ盗,西新井,扇交番,131211,東京都,足立区,扇２丁目,2018-01-26,16,道路上,キーあり,なし,自動二輪（50cc超）
窃盗,オートバイ盗,綾瀬,弘道交番,131211,東京都,足立区,青井４丁目,2018-03-23,22,その他の住宅（３階建て以下共同住宅等）,キーあり,なし,自動二輪（50cc超）
窃盗,オートバイ盗,綾瀬,弘道交番,131211,東京都,足立区,青井４丁目,2018-07-13,17,道路上,キーあり,なし,原動機付自転車（50cc以下）
窃盗,オートバイ盗,綾瀬,弘道交番,131211,東京都,足立区,青井４丁目,2018-08-12,04,一戸建住宅,キーあり,なし,自動二輪（50cc超）
窃盗,オートバイ盗,綾瀬,神明交番,131211,東京都,足立区,谷中５丁目,2016-06-15,09,その他の住宅（３階建て以下共同住宅等）,キーあり,なし,原動機付自転車（50cc以下）
窃盗,オートバイ盗,綾瀬,東和交番,131211,東京都,足立区,東和４丁目,2018-05-11,21,駐車（輪）場,キーあり,あり,自動二輪（50cc超）
窃盗,オートバイ盗,綾瀬,足立四丁目交番,131211,東京都,足立区,中央本町１丁目,2018-05-05,04,４階建て以上共同住宅,キーあり,なし,原動機付自転車（50cc以下）
窃盗,オートバイ盗,竹の塚,花畑交番,131211,東京都,足立区,花畑６丁目,2018-02-26,20,一戸建住宅,キーあり,なし,自動二輪（50cc超）
窃盗,オートバイ盗,竹の塚,花畑交番,131211,東京都,足立区,南花畑２丁目,2016-10-15,10,４階建て以上共同住宅,キーあり,なし,原動機付自転車（50cc以下）
窃盗,オートバイ盗,竹の塚,保木間交番,131211,東京都,足立区,東保木間１丁目,2018-10-01,19,４階建て以上共同住宅,キーあり,なし,原動機付自転車（50cc以下）
窃盗,オートバイ盗,竹の塚,保木間交番,131211,東京都,足立区,東保木間２丁目,2018-01-30,12,駐車（輪）場,キーあり,なし,原動機付自転車（50cc以下）
窃盗,オートバイ盗,竹の塚,保木間交番,131211,東京都,足立区,保木間１丁目,2018-11-08,17,その他,キーあり,あり,自動二輪（50cc超）
窃盗,オートバイ盗,竹の塚,保木間交番,131211,東京都,足立区,保木間１丁目,2018-12-04,18,駐車（輪）場,キーあり,なし,自動二輪（50cc超）
窃盗,オートバイ盗,竹の塚,保木間交番,131211,東京都,足立区,保木間２丁目,2018-07-19,16,駐車（輪）場,キーあり,あり,原動機付自転車（50cc以下）
窃盗,オートバイ盗,竹の塚,西保木間交番,131211,東京都,足立区,保木間４丁目,2018-01-23,19,４階建て以上共同住宅,キーあり,なし,自動二輪（50cc超）
窃盗,オートバイ盗,竹の塚,西保木間交番,131211,東京都,足立区,保木間４丁目,2018-01-23,21,一戸建住宅,キーあり,なし,自動二輪（50cc超）
窃盗,オートバイ盗,竹の塚,西保木間交番,131211,東京都,足立区,保木間５丁目,2018-02-08,20,一戸建住宅,キーあり,あり,自動二輪（50cc超）
窃盗,オートバイ盗,竹の塚,西保木間交番,131211,東京都,足立区,保木間５丁目,2018-03-04,22,一戸建住宅,キーあり,なし,原動機付自転車（50cc以下）
窃盗,オートバイ盗,竹の塚,西保木間交番,131211,東京都,足立区,保木間５丁目,2018-05-03,18,駐車（輪）場,キーあり,なし,自動二輪（50cc超）
窃盗,オートバイ盗,竹の塚,竹の塚駅前交番,131211,東京都,足立区,竹の塚５丁目,2018-01-28,13,道路上,キーあり,なし,自動二輪（50cc超）
窃盗,オートバイ盗,竹の塚,伊興町交番,131211,東京都,足立区,西伊興２丁目,2018-01-05,05,駐車（輪）場,キーあり,なし,自動二輪（50cc超）
窃盗,オートバイ盗,竹の塚,見沼代親水公園駅前交番,131211,東京都,足立区,舎人１丁目,2018-06-21,21,一戸建住宅,キーあり,なし,自動二輪（50cc超）
窃盗,オートバイ盗,竹の塚,見沼代親水公園駅前交番,131211,東京都,足立区,舎人４丁目,2018-12-03,19,一戸建住宅,キーあり,なし,自動二輪（50cc超）
窃盗,オートバイ盗,城東,北砂五丁目交番,131083,東京都,江東区,北砂３丁目,2018-08-26,09,その他の住宅（３階建て以下共同住宅等）,キーあり,なし,原動機付自転車（50cc以下）
窃盗,オートバイ盗,城東,番所橋交番,131083,東京都,江東区,北砂６丁目,2018-07-07,16,一戸建住宅,キーあり,なし,原動機付自転車（50cc以下）
窃盗,オートバイ盗,城東,番所橋交番,131083,東京都,江東区,東砂４丁目,2018-08-25,05,４階建て以上共同住宅,キーあり,なし,自動二輪（50cc超）
窃盗,オートバイ盗,城東,大島交番,131083,東京都,江東区,大島３丁目,2018-12-21,09,道路上,キーあり,なし,自動二輪（50cc超）
窃盗,オートバイ盗,城東,亀戸交番,131083,東京都,江東区,亀戸７丁目,2018-04-05,03,道路上,キーあり,なし,原動機付自転車（50cc以下）
窃盗,オートバイ盗,城東,亀戸駅前交番,131083,東京都,江東区,亀戸５丁目,2018-07-16,05,道路上,キーあり,なし,原動機付自転車（50cc以下）
窃盗,オートバイ盗,城東,東大島駅前交番,131083,東京都,江東区,大島７丁目,2018-01-04,04,道路上,キーあり,なし,原動機付自転車（50cc以下）
窃盗,オートバイ盗,城東,東大島駅前交番,131083,東京都,江東区,大島７丁目,2018-12-07,15,駐車（輪）場,キーあり,なし,原動機付自転車（50cc以下）
窃盗,オートバイ盗,本所,江東橋交番,131075,東京都,墨田区,亀沢３丁目,2018-11-01,16,道路上,キーあり,なし,自動二輪（50cc超）
窃盗,オートバイ盗,本所,横川交番,131075,東京都,墨田区,太平３丁目,2018-06-08,17,道路上,キーあり,なし,自動二輪（50cc超）
窃盗,オートバイ盗,本所,言問交番,131075,東京都,墨田区,吾妻橋１丁目,2018-11-24,08,道路上,キーあり,なし,原動機付自転車（50cc以下）
窃盗,オートバイ盗,向島,平井橋交番,131075,東京都,墨田区,立花６丁目,2018-02-09,19,道路上,キーあり,なし,原動機付自転車（50cc以下）
窃盗,オートバイ盗,向島,曳舟交番,131075,東京都,墨田区,東向島１丁目,2018-08-10,18,道路上,キーあり,なし,自動二輪（50cc超）
窃盗,オートバイ盗,向島,八広四丁目交番,131075,東京都,墨田区,東墨田２丁目,2018-05-24,12,４階建て以上共同住宅,キーあり,なし,原動機付自転車（50cc以下）
窃盗,オートバイ盗,亀有,堀切七丁目交番,131229,東京都,葛飾区,堀切８丁目,2018-09-09,12,４階建て以上共同住宅,キーあり,なし,自動二輪（50cc超）
窃盗,オートバイ盗,亀有,お花茶屋交番,131229,東京都,葛飾区,白鳥３丁目,2018-05-14,19,その他,キーあり,なし,原動機付自転車（50cc以下）
窃盗,オートバイ盗,亀有,青戸交番,131229,東京都,葛飾区,青戸７丁目,2018-02-15,18,一戸建住宅,キーあり,なし,原動機付自転車（50cc以下）
窃盗,オートバイ盗,亀有,青戸交番,131229,東京都,葛飾区,青戸７丁目,2018-10-27,15,道路上,キーあり,なし,原動機付自転車（50cc以下）
窃盗,オートバイ盗,亀有,青戸交番,131229,東京都,葛飾区,白鳥４丁目,2018-08-02,18,４階建て以上共同住宅,キーあり,なし,自動二輪（50cc超）
窃盗,オートバイ盗,亀有,亀有駅南口交番,131229,東京都,葛飾区,亀有３丁目,2018-02-03,10,駐車（輪）場,キーあり,なし,自動二輪（50cc超）
窃盗,オートバイ盗,亀有,亀有駅南口交番,131229,東京都,葛飾区,亀有３丁目,2018-08-24,11,その他,キーあり,なし,原動機付自転車（50cc以下）
窃盗,オートバイ盗,亀有,柴又交番,131229,東京都,葛飾区,柴又１丁目,2018-05-29,16,道路上,キーあり,なし,自動二輪（50cc超）
窃盗,オートバイ盗,亀有,柴又交番,131229,東京都,葛飾区,柴又４丁目,2018-01-20,14,その他の住宅（３階建て以下共同住宅等）,キーあり,なし,自動二輪（50cc超）
窃盗,オートバイ盗,亀有,金町駅北口交番,131229,東京都,葛飾区,東金町２丁目,2018-11-10,14,道路上,キーあり,なし,自動二輪（50cc超）
窃盗,オートバイ盗,亀有,南水元交番,131229,東京都,葛飾区,新宿５丁目,2018-12-01,18,一戸建住宅,キーあり,なし,自動二輪（50cc超）
窃盗,オートバイ盗,亀有,南水元交番,131229,東京都,葛飾区,新宿６丁目,2017-07-01,18,駐車（輪）場,キーあり,なし,原動機付自転車（50cc以下）
窃盗,オートバイ盗,亀有,葛三橋交番,131229,東京都,葛飾区,水元２丁目,2018-04-22,12,一戸建住宅,キーあり,なし,自動二輪（50cc超）
窃盗,オートバイ盗,葛飾,四ツ木交番,131229,東京都,葛飾区,四つ木３丁目,2018-08-24,03,道路上,キーあり,なし,自動二輪（50cc超）
窃盗,オートバイ盗,葛飾,堀切駅前交番,131229,東京都,葛飾区,堀切２丁目,2018-04-22,12,一戸建住宅,キーあり,なし,原動機付自転車（50cc以下）
窃盗,オートバイ盗,葛飾,新小岩駅前交番,131229,東京都,葛飾区,新小岩２丁目,2018-08-25,14,道路上,キーあり,なし,自動二輪（50cc超）
窃盗,オートバイ盗,葛飾,たつみ橋交番,131229,東京都,葛飾区,西新小岩５丁目,2018-10-07,18,その他の住宅（３階建て以下共同住宅等）,キーあり,なし,原動機付自転車（50cc以下）
窃盗,オートバイ盗,葛飾,平和橋交番,131229,東京都,葛飾区,東四つ木３丁目,2018-03-04,11,道路上,キーあり,なし,原動機付自転車（50cc以下）
窃盗,オートバイ盗,葛飾,奥戸交番,131229,東京都,葛飾区,奥戸２丁目,2018-05-15,18,一戸建住宅,キーあり,なし,自動二輪（50cc超）
窃盗,オートバイ盗,葛飾,奥戸交番,131229,東京都,葛飾区,奥戸８丁目,2018-02-04,16,その他,キーあり,なし,自動二輪（50cc超）
窃盗,オートバイ盗,葛飾,奥戸交番,131229,東京都,葛飾区,奥戸８丁目,2018-02-04,18,その他,キーあり,なし,自動二輪（50cc超）
窃盗,オートバイ盗,小松川,平井七丁目交番,131237,東京都,江戸川区,平井７丁目,2018-07-13,20,一戸建住宅,キーあり,なし,自動二輪（50cc超）
窃盗,オートバイ盗,小松川,八蔵橋交番,131237,東京都,江戸川区,中央１丁目,2016-07-01,00,道路上,キーあり,なし,原動機付自転車（50cc以下）
窃盗,オートバイ盗,小松川,八蔵橋交番,131237,東京都,江戸川区,中央２丁目,2018-02-24,17,４階建て以上共同住宅,キーあり,なし,原動機付自転車（50cc以下）
窃盗,オートバイ盗,小松川,八蔵橋交番,131237,東京都,江戸川区,大杉５丁目,2018-01-12,18,駐車（輪）場,キーあり,なし,自動二輪（50cc超）
窃盗,オートバイ盗,小松川,京葉通交番,131237,東京都,江戸川区,松江１丁目,2018-05-27,21,一戸建住宅,キーあり,なし,原動機付自転車（50cc以下）
窃盗,オートバイ盗,小松川,今井交番,131237,東京都,江戸川区,一之江８丁目,2018-08-23,13,道路上,キーあり,なし,原動機付自転車（50cc以下）
窃盗,オートバイ盗,小松川,椿町駐在所,131237,東京都,江戸川区,春江町２丁目,2018-01-27,17,４階建て以上共同住宅,キーあり,あり,自動二輪（50cc超）
窃盗,オートバイ盗,小松川,椿町駐在所,131237,東京都,江戸川区,春江町２丁目,2018-10-27,05,その他,キーあり,なし,原動機付自転車（50cc以下）
窃盗,オートバイ盗,小松川,南篠崎交番,131237,東京都,江戸川区,南篠崎町５丁目,2018-07-03,17,駐車（輪）場,キーあり,なし,原動機付自転車（50cc以下）
窃盗,オートバイ盗,小松川,東小松川交番,131237,東京都,江戸川区,松江５丁目,2017-12-30,15,駐車（輪）場,キーあり,なし,原動機付自転車（50cc以下）
窃盗,オートバイ盗,小松川,東瑞江交番,131237,東京都,江戸川区,江戸川２丁目,2018-09-22,21,その他,キーあり,なし,原動機付自転車（50cc以下）
窃盗,オートバイ盗,小松川,東瑞江交番,131237,東京都,江戸川区,江戸川３丁目,2018-04-28,01,一戸建住宅,キーあり,なし,自動二輪（50cc超）
窃盗,オートバイ盗,小松川,瑞江駅前交番,131237,東京都,江戸川区,東瑞江３丁目,2018-08-04,17,道路上,キーあり,なし,原動機付自転車（50cc以下）
窃盗,オートバイ盗,小松川,瑞江駅前交番,131237,東京都,江戸川区,瑞江４丁目,2018-02-22,01,その他の住宅（３階建て以下共同住宅等）,キーあり,なし,自動二輪（50cc超）
窃盗,オートバイ盗,小松川,篠崎駅前交番,131237,東京都,江戸川区,新堀１丁目,2018-11-15,16,その他の住宅（３階建て以下共同住宅等）,キーあり,なし,原動機付自転車（50cc以下）
窃盗,オートバイ盗,小松川,篠崎駅前交番,131237,東京都,江戸川区,瑞江１丁目,2018-10-01,11,その他の住宅（３階建て以下共同住宅等）,キーあり,なし,原動機付自転車（50cc以下）
窃盗,オートバイ盗,小岩,菅原橋交番,131237,東京都,江戸川区,松本２丁目,2018-02-04,19,その他の住宅（３階建て以下共同住宅等）,キーあり,なし,原動機付自転車（50cc以下）
窃盗,オートバイ盗,小岩,菅原橋交番,131237,東京都,江戸川区,松本２丁目,2018-04-16,18,道路上,キーあり,あり,原動機付自転車（50cc以下）
窃盗,オートバイ盗,小岩,北小岩駐在所,131237,東京都,江戸川区,北小岩７丁目,2018-06-03,15,道路上,キーあり,なし,自動二輪（50cc超）
窃盗,オートバイ盗,小岩,鹿骨交番,131237,東京都,江戸川区,鹿骨２丁目,2018-12-17,09,その他の住宅（３階建て以下共同住宅等）,キーあり,なし,原動機付自転車（50cc以下）
窃盗,オートバイ盗,葛西,船堀駅前交番,131237,東京都,江戸川区,船堀１丁目,2018-08-26,00,道路上,キーあり,なし,原動機付自転車（50cc以下）
窃盗,オートバイ盗,葛西,船堀駅前交番,131237,東京都,江戸川区,船堀３丁目,2018-10-22,01,道路上,キーあり,なし,自動二輪（50cc超）
窃盗,オートバイ盗,葛西,葛西橋東交番,131237,東京都,江戸川区,北葛西２丁目,2018-01-14,20,４階建て以上共同住宅,キーあり,なし,原動機付自転車（50cc以下）
窃盗,オートバイ盗,葛西,葛西橋東交番,131237,東京都,江戸川区,北葛西２丁目,2018-01-18,22,４階建て以上共同住宅,キーあり,なし,自動二輪（50cc超）
窃盗,オートバイ盗,葛西,共栄橋交番,131237,東京都,江戸川区,中葛西１丁目,2018-04-25,08,４階建て以上共同住宅,キーあり,あり,自動二輪（50cc超）
窃盗,オートバイ盗,葛西,共栄橋交番,131237,東京都,江戸川区,中葛西２丁目,2018-02-02,15,道路上,キーあり,なし,原動機付自転車（50cc以下）
窃盗,オートバイ盗,葛西,共栄橋交番,131237,東京都,江戸川区,中葛西４丁目,2018-04-28,00,その他の住宅（３階建て以下共同住宅等）,キーあり,なし,原動機付自転車（50cc以下）
窃盗,オートバイ盗,葛西,共栄橋交番,131237,東京都,江戸川区,東葛西２丁目,2018-05-08,01,４階建て以上共同住宅,キーあり,あり,自動二輪（50cc超）
窃盗,オートバイ盗,葛西,東葛西五丁目交番,131237,東京都,江戸川区,東葛西２丁目,2018-03-27,20,一戸建住宅,キーあり,なし,自動二輪（50cc超）
窃盗,オートバイ盗,葛西,東葛西五丁目交番,131237,東京都,江戸川区,東葛西４丁目,2018-01-30,13,４階建て以上共同住宅,キーあり,なし,原動機付自転車（50cc以下）
窃盗,オートバイ盗,葛西,西葛西駅前交番,131237,東京都,江戸川区,西葛西３丁目,2018-08-03,03,道路上,キーあり,なし,原動機付自転車（50cc以下）
窃盗,オートバイ盗,葛西,西葛西駅前交番,131237,東京都,江戸川区,西葛西５丁目,2018-10-19,16,道路上,キーあり,なし,原動機付自転車（50cc以下）
窃盗,オートバイ盗,葛西,西葛西駅前交番,131237,東京都,江戸川区,西葛西７丁目,2018-02-27,18,一戸建住宅,キーあり,なし,自動二輪（50cc超）
窃盗,オートバイ盗,葛西,西葛西駅前交番,131237,東京都,江戸川区,西葛西７丁目,2018-02-27,18,一戸建住宅,キーあり,なし,原動機付自転車（50cc以下）
窃盗,オートバイ盗,葛西,宇喜田駐在所,131237,東京都,江戸川区,宇喜田町,2018-03-02,10,駐車（輪）場,キーあり,あり,自動二輪（50cc超）
窃盗,オートバイ盗,葛西,宇喜田駐在所,131237,東京都,江戸川区,北葛西１丁目,2018-05-18,17,道路上,キーあり,なし,自動二輪（50cc超）
窃盗,オートバイ盗,葛西,南葛西交番,131237,東京都,江戸川区,南葛西３丁目,2017-08-03,17,その他の住宅（３階建て以下共同住宅等）,キーあり,なし,原動機付自転車（50cc以下）
窃盗,オートバイ盗,葛西,南葛西交番,131237,東京都,江戸川区,南葛西３丁目,2018-07-06,22,一戸建住宅,キーあり,なし,自動二輪（50cc超）
窃盗,オートバイ盗,葛西,南葛西交番,131237,東京都,江戸川区,南葛西３丁目,2018-08-09,16,駐車（輪）場,キーあり,なし,自動二輪（50cc超）
窃盗,オートバイ盗,葛西,葛西駅前交番,131237,東京都,江戸川区,中葛西５丁目,2018-04-07,10,その他の住宅（３階建て以下共同住宅等）,キーあり,あり,自動二輪（50cc超）
窃盗,オートバイ盗,葛西,葛西駅前交番,131237,東京都,江戸川区,中葛西５丁目,2018-05-21,19,道路上,キーあり,なし,自動二輪（50cc超）
窃盗,オートバイ盗,葛西,江戸川六丁目交番,131237,東京都,江戸川区,西瑞江５丁目,2018-12-07,00,その他の住宅（３階建て以下共同住宅等）,キーあり,あり,自動二輪（50cc超）
窃盗,オートバイ盗,葛西,臨海公園交番,131237,東京都,江戸川区,臨海町２丁目,2016-07-05,22,４階建て以上共同住宅,キーあり,なし,原動機付自転車（50cc以下）
窃盗,オートバイ盗,南大沢,北野駅前交番,132012,東京都,八王子市,北野町,2018-05-07,10,一戸建住宅,キーあり,なし,自動二輪（50cc超）
窃盗,オートバイ盗,南大沢,北野駅前交番,132012,東京都,八王子市,長沼町,2018-05-09,17,その他の住宅（３階建て以下共同住宅等）,キーあり,なし,原動機付自転車（50cc以下）
窃盗,オートバイ盗,南大沢,松が谷交番,132012,東京都,八王子市,松が谷,2018-06-09,21,４階建て以上共同住宅,キーあり,なし,原動機付自転車（50cc以下）
窃盗,オートバイ盗,南大沢,堀之内駅前交番,132012,東京都,八王子市,別所１丁目,2018-12-23,21,道路上,キーあり,なし,原動機付自転車（50cc以下）
窃盗,オートバイ盗,南大沢,相原駅前交番,132098,東京都,町田市,相原町,2018-07-17,18,駐車（輪）場,キーあり,なし,原動機付自転車（50cc以下）
窃盗,オートバイ盗,南大沢,相原駅前交番,132098,東京都,町田市,相原町,2018-08-03,00,一戸建住宅,キーあり,なし,自動二輪（50cc超）
窃盗,オートバイ盗,南大沢,小比企駐在所,132012,東京都,八王子市,小比企町,2018-03-29,16,その他の住宅（３階建て以下共同住宅等）,キーあり,なし,自動二輪（50cc超）
窃盗,オートバイ盗,南大沢,小比企駐在所,132012,東京都,八王子市,小比企町,2018-06-07,11,その他の住宅（３階建て以下共同住宅等）,キーあり,なし,自動二輪（50cc超）
窃盗,オートバイ盗,南大沢,小山駐在所,132098,東京都,町田市,小山町,2018-01-12,15,道路上,キーあり,なし,原動機付自転車（50cc以下）
窃盗,オートバイ盗,南大沢,小山駐在所,132098,東京都,町田市,小山町,2018-08-22,21,その他,キーあり,あり,自動二輪（50cc超）
窃盗,オートバイ盗,南大沢,相原駐在所,132098,東京都,町田市,小山ヶ丘４丁目,2018-01-22,19,一戸建住宅,キーあり,なし,原動機付自転車（50cc以下）
窃盗,オートバイ盗,南大沢,大戸駐在所,132098,東京都,町田市,相原町,2018-09-22,20,その他,キーあり,なし,原動機付自転車（50cc以下）
窃盗,オートバイ盗,南大沢,大戸駐在所,132098,東京都,町田市,相原町,2018-11-20,10,４階建て以上共同住宅,キーあり,なし,自動二輪（50cc超）
窃盗,オートバイ盗,高尾,長房町交番,132012,東京都,八王子市,長房町,2018-09-29,05,その他,キーあり,なし,原動機付自転車（50cc以下）
窃盗,オートバイ盗,高尾,諏訪交番,132012,東京都,八王子市,諏訪町,2018-09-05,14,一戸建住宅,キーあり,なし,自動二輪（50cc超）
窃盗,オートバイ盗,高尾,館ケ丘駐在所,132012,東京都,八王子市,館町,2018-02-11,20,４階建て以上共同住宅,キーあり,なし,原動機付自転車（50cc以下）
窃盗,オートバイ盗,高尾,館ケ丘駐在所,132012,東京都,八王子市,館町,2018-02-14,18,駐車（輪）場,キーあり,なし,原動機付自転車（50cc以下）
窃盗,オートバイ盗,高尾,館ケ丘駐在所,132012,東京都,八王子市,館町,2018-04-20,不明,駐車（輪）場,キーあり,なし,原動機付自転車（50cc以下）
窃盗,オートバイ盗,多摩中央,桜ケ丘駅前交番,132241,東京都,多摩市,関戸２丁目,2017-07-01,00,４階建て以上共同住宅,キーあり,なし,原動機付自転車（50cc以下）
窃盗,オートバイ盗,多摩中央,愛宕交番,132241,東京都,多摩市,和田,2016-12-08,12,その他の住宅（３階建て以下共同住宅等）,キーあり,なし,原動機付自転車（50cc以下）
窃盗,オートバイ盗,多摩中央,永山駅前交番,132241,東京都,多摩市,諏訪４丁目,2018-03-10,13,４階建て以上共同住宅,キーあり,なし,自動二輪（50cc超）
窃盗,オートバイ盗,多摩中央,多摩センター駅前交番,132241,東京都,多摩市,落合１丁目,2018-01-04,17,駐車（輪）場,キーあり,なし,自動二輪（50cc超）
窃盗,オートバイ盗,多摩中央,多摩センター駅前交番,132241,東京都,多摩市,落合１丁目,2018-03-03,18,駐車（輪）場,キーあり,なし,自動二輪（50cc超）
窃盗,オートバイ盗,多摩中央,多摩センター駅前交番,132241,東京都,多摩市,落合１丁目,2018-07-23,10,駐車（輪）場,キーあり,なし,原動機付自転車（50cc以下）
窃盗,オートバイ盗,多摩中央,多摩センター駅前交番,132241,東京都,多摩市,落合１丁目,2018-12-21,11,駐車（輪）場,キーあり,なし,原動機付自転車（50cc以下）
窃盗,オートバイ盗,多摩中央,平尾交番,132250,東京都,稲城市,平尾３丁目,2017-01-10,12,４階建て以上共同住宅,キーあり,なし,自動二輪（50cc超）
窃盗,オートバイ盗,多摩中央,若葉台駅前交番,132250,東京都,稲城市,若葉台２丁目,2018-06-05,13,駐車（輪）場,キーあり,なし,原動機付自転車（50cc以下）
窃盗,オートバイ盗,東大和,けやき通交番,132209,東京都,東大和市,清水４丁目,2018-08-10,13,一戸建住宅,キーあり,なし,原動機付自転車（50cc以下）
窃盗,オートバイ盗,東大和,けやき通交番,132209,東京都,東大和市,清水６丁目,2018-11-01,20,４階建て以上共同住宅,キーあり,なし,原動機付自転車（50cc以下）
窃盗,オートバイ盗,東大和,けやき通交番,132209,東京都,東大和市,向原１丁目,2018-12-14,13,道路上,キーあり,なし,原動機付自転車（50cc以下）
窃盗,オートバイ盗,東大和,南街交番,132209,東京都,東大和市,桜が丘１丁目,2012-10-21,不明,駐車（輪）場,キーあり,なし,原動機付自転車（50cc以下）
窃盗,オートバイ盗,東大和,南街交番,132209,東京都,東大和市,桜が丘１丁目,2018-03-06,18,駐車（輪）場,キーあり,なし,自動二輪（50cc超）
窃盗,オートバイ盗,東大和,南街交番,132209,東京都,東大和市,南街１丁目,2018-07-01,20,一戸建住宅,キーあり,なし,原動機付自転車（50cc以下）
窃盗,オートバイ盗,東大和,南街交番,132209,東京都,東大和市,向原６丁目,2018-10-20,22,その他の住宅（３階建て以下共同住宅等）,キーあり,なし,自動二輪（50cc超）
窃盗,オートバイ盗,東大和,奈良橋交番,132209,東京都,東大和市,蔵敷３丁目,2018-07-27,20,４階建て以上共同住宅,キーあり,あり,自動二輪（50cc超）
窃盗,オートバイ盗,東大和,奈良橋交番,132209,東京都,東大和市,立野１丁目,2018-09-26,19,道路上,キーあり,なし,原動機付自転車（50cc以下）
窃盗,オートバイ盗,東大和,奈良橋交番,132209,東京都,東大和市,立野２丁目,2018-01-01,不明,４階建て以上共同住宅,キーあり,なし,自動二輪（50cc超）
窃盗,オートバイ盗,東大和,村山交番,132233,東京都,武蔵村山市,榎１丁目,2018-08-18,09,駐車（輪）場,キーあり,なし,自動二輪（50cc超）
窃盗,オートバイ盗,東大和,村山交番,132233,東京都,武蔵村山市,大南２丁目,2018-07-11,不明,４階建て以上共同住宅,キーあり,なし,自動二輪（50cc超）
窃盗,オートバイ盗,東大和,村山交番,132233,東京都,武蔵村山市,大南２丁目,2018-07-11,不明,４階建て以上共同住宅,キーあり,なし,自動二輪（50cc超）
窃盗,オートバイ盗,東大和,村山交番,132233,東京都,武蔵村山市,緑が丘,2017-05-02,13,４階建て以上共同住宅,キーあり,なし,自動二輪（50cc超）
窃盗,オートバイ盗,東大和,中藤交番,132233,東京都,武蔵村山市,学園１丁目,2018-10-01,07,４階建て以上共同住宅,キーあり,なし,自動二輪（50cc超）
窃盗,オートバイ盗,東大和,高木駐在所,132209,東京都,東大和市,清原２丁目,2018-09-28,08,４階建て以上共同住宅,キーあり,なし,原動機付自転車（50cc以下）
窃盗,オートバイ盗,東大和,玉川上水駅前交番,132209,東京都,東大和市,上北台３丁目,2017-12-31,12,その他の住宅（３階建て以下共同住宅等）,キーあり,なし,自動二輪（50cc超）
窃盗,オートバイ盗,東大和,玉川上水駅前交番,132209,東京都,東大和市,上北台３丁目,2018-07-11,06,駐車（輪）場,キーあり,なし,原動機付自転車（50cc以下）
窃盗,オートバイ盗,青梅,下長淵駐在所,132055,東京都,青梅市,新町３丁目,2018-03-08,12,駐車（輪）場,キーあり,なし,原動機付自転車（50cc以下）
窃盗,オートバイ盗,青梅,新町交番,132055,東京都,青梅市,新町３丁目,2018-07-01,19,４階建て以上共同住宅,キーあり,なし,自動二輪（50cc超）
窃盗,オートバイ盗,青梅,新町交番,132055,東京都,青梅市,新町９丁目,2018-09-21,18,４階建て以上共同住宅,キーあり,なし,自動二輪（50cc超）
窃盗,オートバイ盗,五日市,五日市駅前交番,132284,東京都,あきる野市,舘谷,2018-05-21,16,駐車（輪）場,キーあり,なし,原動機付自転車（50cc以下）
窃盗,オートバイ盗,五日市,五日市駅前交番,132284,東京都,あきる野市,舘谷台,2018-04-19,07,駐車（輪）場,キーあり,なし,原動機付自転車（50cc以下）
窃盗,オートバイ盗,福生,福生駅前交番,132187,東京都,福生市,加美平４丁目,2018-04-24,06,４階建て以上共同住宅,キーあり,なし,原動機付自転車（50cc以下）
窃盗,オートバイ盗,福生,中福生駐在所,132187,東京都,福生市,北田園２丁目,2018-03-15,22,その他の住宅（３階建て以下共同住宅等）,キーあり,なし,原動機付自転車（50cc以下）
窃盗,オートバイ盗,福生,長岡駐在所,133035,東京都,瑞穂町,長岡１丁目,2018-04-02,23,４階建て以上共同住宅,キーあり,なし,自動二輪（50cc超）
窃盗,オートバイ盗,福生,渕上駐在所,132284,東京都,あきる野市,引田,2018-05-25,20,駐車（輪）場,キーあり,なし,原動機付自転車（50cc以下）
窃盗,オートバイ盗,福生,秋川駅前交番,132284,東京都,あきる野市,秋川６丁目,2018-07-25,18,駐車（輪）場,キーあり,なし,原動機付自転車（50cc以下）
窃盗,オートバイ盗,福生,秋川駅前交番,132284,東京都,あきる野市,油平,2018-06-14,15,駐車（輪）場,キーあり,なし,原動機付自転車（50cc以下）
窃盗,オートバイ盗,福生,秋川駅前交番,132284,東京都,あきる野市,雨間,2018-07-11,15,道路上,キーあり,なし,原動機付自転車（50cc以下）
窃盗,オートバイ盗,福生,秋川駅前交番,132284,東京都,あきる野市,二宮,2018-06-16,14,道路上,キーあり,なし,自動二輪（50cc超）
窃盗,オートバイ盗,福生,秋川駅前交番,132284,東京都,あきる野市,秋留２丁目,2018-07-13,22,一戸建住宅,キーあり,なし,原動機付自転車（50cc以下）
窃盗,オートバイ盗,福生,箱根ヶ崎駅前交番,133035,東京都,瑞穂町,大字箱根ケ崎,2018-04-30,07,駐車（輪）場,キーあり,なし,原動機付自転車（50cc以下）
窃盗,オートバイ盗,八王子,西八王子駅前交番,132012,東京都,八王子市,子安町１丁目,2018-03-11,18,駐車（輪）場,キーあり,なし,原動機付自転車（50cc以下）
窃盗,オートバイ盗,八王子,西八王子駅前交番,132012,東京都,八王子市,千人町２丁目,2018-09-28,22,４階建て以上共同住宅,キーあり,なし,原動機付自転車（50cc以下）
窃盗,オートバイ盗,八王子,追分交番,132012,東京都,八王子市,元本郷町４丁目,2018-03-26,18,道路上,キーあり,なし,自動二輪（50cc超）
窃盗,オートバイ盗,八王子,中野交番,132012,東京都,八王子市,清川町,2018-04-19,18,その他の住宅（３階建て以下共同住宅等）,キーあり,なし,自動二輪（50cc超）
窃盗,オートバイ盗,八王子,中野交番,132012,東京都,八王子市,中野上町４丁目,2018-04-05,00,その他の住宅（３階建て以下共同住宅等）,キーあり,なし,原動機付自転車（50cc以下）
窃盗,オートバイ盗,八王子,中野交番,132012,東京都,八王子市,八幡町,2018-06-08,07,その他,キーあり,なし,自動二輪（50cc超）
窃盗,オートバイ盗,八王子,富士森交番,132012,東京都,八王子市,緑町,2018-02-11,15,駐車（輪）場,キーあり,なし,原動機付自転車（50cc以下）
窃盗,オートバイ盗,八王子,八王子駅南口交番,132012,東京都,八王子市,子安町２丁目,2018-10-08,18,一戸建住宅,キーあり,なし,原動機付自転車（50cc以下）
窃盗,オートバイ盗,八王子,八王子駅南口交番,132012,東京都,八王子市,万町,2018-08-23,01,駐車（輪）場,キーあり,なし,自動二輪（50cc超）
窃盗,オートバイ盗,八王子,八王子駅北口交番,132012,東京都,八王子市,旭町,2018-08-02,22,駐車（輪）場,キーあり,なし,原動機付自転車（50cc以下）
窃盗,オートバイ盗,八王子,八王子駅北口交番,132012,東京都,八王子市,中町,2018-02-15,20,４階建て以上共同住宅,キーあり,なし,自動二輪（50cc超）
窃盗,オートバイ盗,八王子,八王子駅北口交番,132012,東京都,八王子市,明神町４丁目,2018-01-12,20,駐車（輪）場,キーあり,なし,原動機付自転車（50cc以下）
窃盗,オートバイ盗,八王子,八王子駅北口交番,132012,東京都,八王子市,明神町４丁目,2018-02-14,03,４階建て以上共同住宅,キーあり,なし,原動機付自転車（50cc以下）
窃盗,オートバイ盗,八王子,稲荷坂交番,132012,東京都,八王子市,中野山王２丁目,2018-05-02,08,４階建て以上共同住宅,キーあり,なし,原動機付自転車（50cc以下）
窃盗,オートバイ盗,八王子,稲荷坂交番,132012,東京都,八王子市,中野町,2018-04-04,11,その他の住宅（３階建て以下共同住宅等）,キーあり,なし,原動機付自転車（50cc以下）
窃盗,オートバイ盗,八王子,小宮町駐在所,132012,東京都,八王子市,小宮町,2018-05-02,17,その他の住宅（３階建て以下共同住宅等）,キーあり,なし,自動二輪（50cc超）
窃盗,オートバイ盗,八王子,犬目交番,132012,東京都,八王子市,楢原町,2018-04-26,21,駐車（輪）場,キーあり,あり,自動二輪（50cc超）
窃盗,オートバイ盗,八王子,犬目交番,132012,東京都,八王子市,楢原町,2018-05-11,21,その他の住宅（３階建て以下共同住宅等）,キーあり,なし,原動機付自転車（50cc以下）
窃盗,オートバイ盗,八王子,犬目交番,132012,東京都,八王子市,楢原町,2018-07-23,03,その他の住宅（３階建て以下共同住宅等）,キーあり,なし,原動機付自転車（50cc以下）
窃盗,オートバイ盗,八王子,北八王子交番,132012,東京都,八王子市,小宮町,2018-08-01,20,駐車（輪）場,キーあり,なし,原動機付自転車（50cc以下）
窃盗,オートバイ盗,八王子,北八王子交番,132012,東京都,八王子市,高倉町,2018-02-11,18,その他,キーあり,なし,自動二輪（50cc超）
窃盗,オートバイ盗,八王子,北八王子交番,132012,東京都,八王子市,高倉町,2018-09-28,00,その他,キーあり,なし,自動二輪（50cc超）
窃盗,オートバイ盗,町田,町田駅前交番,132098,東京都,町田市,森野１丁目,2018-01-02,19,道路上,キーあり,なし,原動機付自転車（50cc以下）
窃盗,オートバイ盗,町田,町田駅前交番,132098,東京都,町田市,森野１丁目,2018-08-15,04,駐車（輪）場,キーあり,なし,自動二輪（50cc超）
窃盗,オートバイ盗,町田,中町交番,132098,東京都,町田市,中町１丁目,2018-09-01,16,駐車（輪）場,キーあり,なし,原動機付自転車（50cc以下）
窃盗,オートバイ盗,町田,中町交番,132098,東京都,町田市,中町３丁目,2018-09-06,21,その他の住宅（３階建て以下共同住宅等）,キーあり,なし,原動機付自転車（50cc以下）
窃盗,オートバイ盗,町田,中町交番,132098,東京都,町田市,森野４丁目,2018-06-01,20,４階建て以上共同住宅,キーあり,なし,自動二輪（50cc超）
窃盗,オートバイ盗,町田,原町田交番,132098,東京都,町田市,上小山田町,2018-01-20,20,道路上,キーあり,なし,原動機付自転車（50cc以下）
窃盗,オートバイ盗,町田,原町田交番,132098,東京都,町田市,原町田３丁目,2018-05-20,20,駐車（輪）場,キーあり,なし,原動機付自転車（50cc以下）
窃盗,オートバイ盗,町田,原町田交番,132098,東京都,町田市,原町田４丁目,2018-10-28,21,駐車（輪）場,キーあり,なし,原動機付自転車（50cc以下）
窃盗,オートバイ盗,町田,原町田交番,132098,東京都,町田市,原町田４丁目,2018-12-17,17,その他,キーあり,なし,原動機付自転車（50cc以下）
窃盗,オートバイ盗,町田,金森交番,132098,東京都,町田市,金森１丁目,2018-01-14,07,駐車（輪）場,キーあり,あり,自動二輪（50cc超）
窃盗,オートバイ盗,町田,金森交番,132098,東京都,町田市,金森２丁目,2018-01-16,20,４階建て以上共同住宅,キーあり,なし,原動機付自転車（50cc以下）
窃盗,オートバイ盗,町田,金森交番,132098,東京都,町田市,金森２丁目,2018-03-17,19,４階建て以上共同住宅,キーあり,なし,原動機付自転車（50cc以下）
窃盗,オートバイ盗,町田,金森交番,132098,東京都,町田市,金森４丁目,2018-02-19,00,４階建て以上共同住宅,キーあり,なし,原動機付自転車（50cc以下）
窃盗,オートバイ盗,町田,金森交番,132098,東京都,町田市,金森東１丁目,2018-01-10,20,４階建て以上共同住宅,キーあり,あり,原動機付自転車（50cc以下）
窃盗,オートバイ盗,町田,金森交番,132098,東京都,町田市,金森東４丁目,2018-11-04,13,駐車（輪）場,キーあり,なし,自動二輪（50cc超）
窃盗,オートバイ盗,町田,成瀬駐在所,132098,東京都,町田市,成瀬５丁目,2018-11-14,17,駐車（輪）場,キーあり,なし,原動機付自転車（50cc以下）
窃盗,オートバイ盗,町田,南大谷駐在所,132098,東京都,町田市,南大谷,2018-05-30,12,一戸建住宅,キーあり,なし,原動機付自転車（50cc以下）
窃盗,オートバイ盗,町田,玉川学園駐在所,132098,東京都,町田市,玉川学園７丁目,2018-01-01,22,道路上,キーあり,なし,自動二輪（50cc超）
窃盗,オートバイ盗,町田,本町田交番,132098,東京都,町田市,旭町２丁目,2018-07-10,08,駐車（輪）場,キーあり,なし,原動機付自転車（50cc以下）
窃盗,オートバイ盗,町田,本町田交番,132098,東京都,町田市,旭町２丁目,2018-10-04,11,その他の住宅（３階建て以下共同住宅等）,キーあり,なし,原動機付自転車（50cc以下）
窃盗,オートバイ盗,町田,本町田交番,132098,東京都,町田市,本町田,2018-03-21,04,４階建て以上共同住宅,キーあり,なし,原動機付自転車（50cc以下）
窃盗,オートバイ盗,町田,本町田交番,132098,東京都,町田市,本町田,2018-08-26,19,４階建て以上共同住宅,キーあり,なし,自動二輪（50cc超）
窃盗,オートバイ盗,町田,本町田交番,132098,東京都,町田市,本町田,2018-09-04,23,４階建て以上共同住宅,キーあり,なし,原動機付自転車（50cc以下）
窃盗,オートバイ盗,町田,鶴川駅前交番,132098,東京都,町田市,金井町,2018-12-23,20,その他の住宅（３階建て以下共同住宅等）,キーあり,なし,原動機付自転車（50cc以下）
窃盗,オートバイ盗,町田,鶴川駅前交番,132098,東京都,町田市,鶴川５丁目,2017-12-10,12,駐車（輪）場,キーあり,なし,原動機付自転車（50cc以下）
窃盗,オートバイ盗,町田,大蔵駐在所,132098,東京都,町田市,大蔵町,2018-07-19,08,その他の住宅（３階建て以下共同住宅等）,キーあり,なし,自動二輪（50cc超）
窃盗,オートバイ盗,町田,野津田駐在所,132098,東京都,町田市,野津田町,2018-01-10,17,道路上,キーあり,なし,原動機付自転車（50cc以下）
窃盗,オートバイ盗,町田,野津田駐在所,132098,東京都,町田市,野津田町,2018-09-13,23,一戸建住宅,キーあり,なし,自動二輪（50cc超）
窃盗,オートバイ盗,町田,木曽交番,132098,東京都,町田市,木曽東２丁目,2018-02-21,19,４階建て以上共同住宅,キーあり,あり,自動二輪（50cc超）
窃盗,オートバイ盗,町田,木曽交番,132098,東京都,町田市,木曽東４丁目,2018-07-14,13,４階建て以上共同住宅,キーあり,なし,自動二輪（50cc超）
窃盗,オートバイ盗,町田,常盤駐在所,132098,東京都,町田市,根岸２丁目,2018-09-07,12,駐車（輪）場,キーあり,なし,原動機付自転車（50cc以下）
窃盗,オートバイ盗,町田,鶴川交番,132098,東京都,町田市,鶴川６丁目,2018-11-03,16,４階建て以上共同住宅,キーあり,なし,自動二輪（50cc超）
窃盗,オートバイ盗,町田,山崎交番,132098,東京都,町田市,山崎町,2017-12-02,08,４階建て以上共同住宅,キーあり,なし,原動機付自転車（50cc以下）
窃盗,オートバイ盗,町田,藤の台団地交番,132098,東京都,町田市,本町田,2016-09-10,20,４階建て以上共同住宅,キーあり,なし,原動機付自転車（50cc以下）
窃盗,オートバイ盗,町田,藤の台団地交番,132098,東京都,町田市,金井７丁目,2018-02-06,12,一戸建住宅,キーあり,なし,原動機付自転車（50cc以下）
窃盗,オートバイ盗,町田,成瀬台駐在所,132098,東京都,町田市,成瀬台１丁目,2018-12-23,21,一戸建住宅,キーあり,なし,原動機付自転車（50cc以下）
窃盗,オートバイ盗,町田,成瀬駅前交番,132098,東京都,町田市,南成瀬１丁目,2018-03-09,06,駐車（輪）場,キーあり,なし,原動機付自転車（50cc以下）
窃盗,オートバイ盗,町田,成瀬駅前交番,132098,東京都,町田市,南成瀬１丁目,2018-07-12,16,駐車（輪）場,キーあり,なし,原動機付自転車（50cc以下）
窃盗,オートバイ盗,町田,成瀬駅前交番,132098,東京都,町田市,成瀬が丘１丁目,2018-01-25,17,その他の住宅（３階建て以下共同住宅等）,キーあり,なし,原動機付自転車（50cc以下）
窃盗,オートバイ盗,町田,成瀬駅前交番,132098,東京都,町田市,成瀬が丘１丁目,2018-09-12,14,その他の住宅（３階建て以下共同住宅等）,キーあり,あり,自動二輪（50cc超）
窃盗,オートバイ盗,町田,成瀬駅前交番,132098,東京都,町田市,成瀬が丘２丁目,2018-01-10,20,その他の住宅（３階建て以下共同住宅等）,キーあり,なし,原動機付自転車（50cc以下）
窃盗,オートバイ盗,町田,忠生駐在所,132098,東京都,町田市,忠生３丁目,2018-09-10,06,４階建て以上共同住宅,キーあり,なし,自動二輪（50cc超）
窃盗,オートバイ盗,町田,忠生地区交番,132098,東京都,町田市,忠生１丁目,2018-12-01,18,４階建て以上共同住宅,キーあり,なし,原動機付自転車（50cc以下）
窃盗,オートバイ盗,日野,日野駅前交番,132128,東京都,日野市,神明１丁目,2018-07-30,07,駐車（輪）場,キーあり,なし,自動二輪（50cc超）
窃盗,オートバイ盗,日野,高幡不動駅南口交番,132128,東京都,日野市,高幡,2018-12-07,08,道路上,キーあり,なし,原動機付自転車（50cc以下）
窃盗,オートバイ盗,日野,高幡不動駅南口交番,132128,東京都,日野市,南平３丁目,2018-12-30,04,駐車（輪）場,キーあり,なし,原動機付自転車（50cc以下）
窃盗,オートバイ盗,昭島,堀向駐在所,132071,東京都,昭島市,田中町,2018-02-26,09,駐車（輪）場,キーあり,なし,原動機付自転車（50cc以下）
窃盗,オートバイ盗,立川,立川駅南口交番,132021,東京都,立川市,富士見町７丁目,2018-05-14,22,駐車（輪）場,キーあり,なし,原動機付自転車（50cc以下）
窃盗,オートバイ盗,立川,立川駅北口交番,132021,東京都,立川市,曙町２丁目,2012-12-11,18,道路上,キーあり,なし,原動機付自転車（50cc以下）
窃盗,オートバイ盗,立川,立川駅北口交番,132021,東京都,立川市,曙町２丁目,2018-05-28,17,その他,キーあり,なし,原動機付自転車（50cc以下）
窃盗,オートバイ盗,立川,立川駅北口交番,132021,東京都,立川市,曙町２丁目,2018-12-08,21,駐車（輪）場,キーあり,なし,原動機付自転車（50cc以下）
窃盗,オートバイ盗,立川,高松町交番,132021,東京都,立川市,高松町２丁目,2018-11-06,19,一戸建住宅,キーあり,なし,原動機付自転車（50cc以下）
窃盗,オートバイ盗,立川,谷保交番,132152,東京都,国立市,谷保,2016-03-06,18,その他の住宅（３階建て以下共同住宅等）,キーあり,なし,原動機付自転車（50cc以下）
窃盗,オートバイ盗,立川,富士見町交番,132021,東京都,立川市,富士見町６丁目,2018-03-21,16,４階建て以上共同住宅,キーあり,なし,原動機付自転車（50cc以下）
窃盗,オートバイ盗,立川,天王橋交番,132021,東京都,立川市,西砂町２丁目,2018-01-13,21,その他の住宅（３階建て以下共同住宅等）,キーあり,なし,原動機付自転車（50cc以下）
窃盗,オートバイ盗,立川,砂川四番交番,132021,東京都,立川市,砂川町５丁目,2018-05-17,17,その他の住宅（３階建て以下共同住宅等）,キーあり,なし,自動二輪（50cc超）
窃盗,オートバイ盗,立川,砂川四番交番,132021,東京都,立川市,砂川町８丁目,2018-06-21,20,その他の住宅（３階建て以下共同住宅等）,キーあり,なし,自動二輪（50cc超）
窃盗,オートバイ盗,立川,砂川八番交番,132021,東京都,立川市,幸町４丁目,2018-01-02,22,４階建て以上共同住宅,キーあり,なし,原動機付自転車（50cc以下）
窃盗,オートバイ盗,立川,砂川八番交番,132021,東京都,立川市,栄町６丁目,2018-09-18,12,駐車（輪）場,キーあり,なし,原動機付自転車（50cc以下）
窃盗,オートバイ盗,府中,東府中駅前交番,132063,東京都,府中市,小柳町２丁目,2018-01-23,11,その他の住宅（３階建て以下共同住宅等）,キーあり,なし,自動二輪（50cc超）
窃盗,オートバイ盗,府中,栄町交番,132063,東京都,府中市,幸町２丁目,2018-12-29,19,その他の住宅（３階建て以下共同住宅等）,キーあり,なし,自動二輪（50cc超）
窃盗,オートバイ盗,小金井,前原交番,132101,東京都,小金井市,前原町２丁目,2018-01-20,19,その他の住宅（３階建て以下共同住宅等）,キーあり,あり,自動二輪（50cc超）
窃盗,オートバイ盗,小金井,貫井南町交番,132101,東京都,小金井市,貫井南町４丁目,2018-12-28,01,一戸建住宅,キーあり,なし,原動機付自転車（50cc以下）
窃盗,オートバイ盗,小金井,国分寺駅南口交番,132144,東京都,国分寺市,南町３丁目,2018-06-01,12,その他,キーあり,なし,原動機付自転車（50cc以下）
窃盗,オートバイ盗,小金井,西国分寺駅前交番,132144,東京都,国分寺市,本町３丁目,2018-03-16,08,その他,キーあり,なし,原動機付自転車（50cc以下）
窃盗,オートバイ盗,田無,ひばりが丘団地交番,132225,東京都,東久留米市,南沢５丁目,2018-01-09,18,駐車（輪）場,キーあり,なし,原動機付自転車（50cc以下）
窃盗,オートバイ盗,田無,野火止交番,132225,東京都,東久留米市,八幡町１丁目,2018-12-20,17,その他の住宅（３階建て以下共同住宅等）,キーあり,なし,原動機付自転車（50cc以下）
窃盗,オートバイ盗,田無,滝山交番,132225,東京都,東久留米市,下里４丁目,2018-06-07,17,４階建て以上共同住宅,キーあり,なし,原動機付自転車（50cc以下）
窃盗,オートバイ盗,田無,滝山交番,132225,東京都,東久留米市,滝山６丁目,2018-07-28,10,４階建て以上共同住宅,キーあり,なし,自動二輪（50cc超）
窃盗,オートバイ盗,田無,南沢交番,132225,東京都,東久留米市,本町３丁目,2018-02-25,13,駐車（輪）場,キーあり,なし,原動機付自転車（50cc以下）
窃盗,オートバイ盗,田無,前沢交番,132225,東京都,東久留米市,前沢３丁目,2018-02-11,11,一戸建住宅,キーあり,なし,原動機付自転車（50cc以下）
窃盗,オートバイ盗,田無,前沢交番,132225,東京都,東久留米市,前沢３丁目,2018-03-18,18,一戸建住宅,キーあり,なし,原動機付自転車（50cc以下）
窃盗,オートバイ盗,田無,上の原交番,132225,東京都,東久留米市,金山町２丁目,2018-07-17,23,その他の住宅（３階建て以下共同住宅等）,キーあり,なし,自動二輪（50cc超）
窃盗,オートバイ盗,田無,下里駐在所,132225,東京都,東久留米市,下里４丁目,2018-09-21,18,駐車（輪）場,キーあり,なし,自動二輪（50cc超）
窃盗,オートバイ盗,田無,東久留米駅前交番,132225,東京都,東久留米市,東本町,2018-05-24,20,駐車（輪）場,キーあり,なし,自動二輪（50cc超）
窃盗,オートバイ盗,田無,東久留米駅前交番,132225,東京都,東久留米市,本町２丁目,2016-06-11,不明,道路上,キーあり,なし,自動二輪（50cc超）
窃盗,オートバイ盗,東村山,八坂交番,132136,東京都,東村山市,美住町１丁目,2018-10-28,21,駐車（輪）場,キーあり,なし,自動二輪（50cc超）
窃盗,オートバイ盗,東村山,秋津三丁目交番,132136,東京都,東村山市,久米川町１丁目,2017-10-17,18,４階建て以上共同住宅,キーあり,なし,自動二輪（50cc超）
窃盗,オートバイ盗,東村山,中清戸駐在所,132217,東京都,清瀬市,上清戸１丁目,2018-11-20,07,駐車（輪）場,キーあり,なし,原動機付自転車（50cc以下）
窃盗,オートバイ盗,武蔵野,八幡宮西交番,132039,東京都,武蔵野市,吉祥寺北町１丁目,2018-06-17,16,その他の住宅（３階建て以下共同住宅等）,キーあり,なし,自動二輪（50cc超）
窃盗,オートバイ盗,武蔵野,武蔵境駅南口交番,132039,東京都,武蔵野市,境南町３丁目,2018-12-11,03,駐車（輪）場,キーあり,なし,原動機付自転車（50cc以下）
窃盗,オートバイ盗,三鷹,中仙川交番,132047,東京都,三鷹市,中原２丁目,2018-11-14,22,その他の住宅（３階建て以下共同住宅等）,キーあり,なし,自動二輪（50cc超）
窃盗,オートバイ盗,調布,下石原交番,132080,東京都,調布市,下石原２丁目,2018-10-04,15,一戸建住宅,キーあり,なし,原動機付自転車（50cc以下）
窃盗,オートバイ盗,調布,下石原交番,132080,東京都,調布市,調布ケ丘３丁目,2018-01-12,12,その他の住宅（３階建て以下共同住宅等）,キーあり,なし,原動機付自転車（50cc以下）
窃盗,オートバイ盗,調布,京王多摩川駅前交番,132080,東京都,調布市,国領町４丁目,2018-06-30,22,道路上,キーあり,なし,原動機付自転車（50cc以下）
窃盗,オートバイ盗,調布,国領交番,132080,東京都,調布市,国領町３丁目,2018-08-31,07,その他の住宅（３階建て以下共同住宅等）,キーあり,なし,自動二輪（50cc超）
窃盗,オートバイ盗,調布,宮の上駐在所,132080,東京都,調布市,柴崎２丁目,2018-03-14,12,駐車（輪）場,キーあり,なし,原動機付自転車（50cc以下）
窃盗,オートバイ盗,調布,狛江交番,132195,東京都,狛江市,和泉本町３丁目,2017-10-23,10,その他の住宅（３階建て以下共同住宅等）,キーあり,なし,自動二輪（50cc超）
窃盗,オートバイ盗,調布,狛江交番,132195,東京都,狛江市,中和泉３丁目,2017-02-08,20,その他の住宅（３階建て以下共同住宅等）,キーあり,なし,原動機付自転車（50cc以下）
窃盗,オートバイ盗,調布,岩戸交番,132195,東京都,狛江市,岩戸南１丁目,2018-05-03,21,駐車（輪）場,キーあり,あり,自動二輪（50cc超）
窃盗,オートバイ盗,調布,小覚交番,132195,東京都,狛江市,東野川１丁目,2018-11-25,00,一戸建住宅,キーあり,なし,自動二輪（50cc超）
窃盗,オートバイ盗,調布,調布駅前交番,132080,東京都,調布市,小島町２丁目,2018-06-16,17,その他の住宅（３階建て以下共同住宅等）,キーあり,なし,原動機付自転車（50cc以下）
窃盗,オートバイ盗,調布,調布駅前交番,132080,東京都,調布市,布田１丁目,2018-02-20,15,駐車（輪）場,キーあり,なし,原動機付自転車（50cc以下）
窃盗,オートバイ盗,小平,花小金井駅前交番,132110,東京都,小平市,花小金井１丁目,2018-01-28,21,４階建て以上共同住宅,キーあり,なし,自動二輪（50cc超）
窃盗,オートバイ盗,小平,小平駅前交番,132110,東京都,小平市,大沼町１丁目,2018-06-19,17,道路上,キーあり,なし,原動機付自転車（50cc以下）
窃盗,オートバイ盗,小平,小川駅前交番,132110,東京都,小平市,小川西町２丁目,2018-07-29,14,４階建て以上共同住宅,キーあり,なし,原動機付自転車（50cc以下）
窃盗,オートバイ盗,小平,小川駅前交番,132110,東京都,小平市,小川東町２丁目,2018-12-14,16,４階建て以上共同住宅,キーあり,なし,自動二輪（50cc超）
窃盗,オートバイ盗,小平,小川駅前交番,132110,東京都,小平市,小川町１丁目,2018-07-15,00,その他の住宅（３階建て以下共同住宅等）,キーあり,なし,原動機付自転車（50cc以下）
窃盗,オートバイ盗,小平,大沼町交番,132110,東京都,小平市,大沼町７丁目,2018-05-02,16,４階建て以上共同住宅,キーあり,なし,原動機付自転車（50cc以下）
窃盗,オートバイ盗,小平,上宿交番,132110,東京都,小平市,中島町,2018-10-20,18,４階建て以上共同住宅,キーあり,なし,原動機付自転車（50cc以下）
窃盗,オートバイ盗,新島,神津島南駐在所,133647,東京都,神津島村,,2018-09-09,20,駐車（輪）場,キーあり,なし,自動二輪（50cc超）
窃盗,オートバイ盗,新島,神津島南駐在所,133647,東京都,神津島村,,2018-09-09,17,道路上,キーあり,なし,自動二輪（50cc超）
窃盗,オートバイ盗,中央,八重洲通交番,131024,東京都,中央区,八重洲２丁目,2015-07-01,00,道路上,キーなし,なし,自動二輪（50cc超）
窃盗,オートバイ盗,深川,森下交番,131083,東京都,江東区,森下３丁目,2018-07-06,17,道路上,キーなし,なし,原動機付自転車（50cc以下）
窃盗,オートバイ盗,深川,東陽交番,131083,東京都,江東区,東陽４丁目,2018-03-20,12,道路上,キーなし,なし,自動二輪（50cc超）
窃盗,オートバイ盗,深川,千田交番,131083,東京都,江東区,扇橋２丁目,2018-12-14,17,道路上,キーなし,なし,原動機付自転車（50cc以下）
窃盗,オートバイ盗,深川,千田交番,131083,東京都,江東区,千田,2018-07-31,21,４階建て以上共同住宅,キーなし,なし,自動二輪（50cc超）
窃盗,オートバイ盗,深川,清澄庭園前交番,131083,東京都,江東区,白河１丁目,2018-10-01,23,４階建て以上共同住宅,キーなし,なし,自動二輪（50cc超）
窃盗,オートバイ盗,麹町,九段下交番,131016,東京都,千代田区,九段南３丁目,2018-05-18,21,道路上,キーなし,なし,自動二輪（50cc超）
窃盗,オートバイ盗,丸の内,和田倉門外交番,131016,東京都,千代田区,大手町１丁目,2018-09-06,07,駐車（輪）場,キーなし,なし,自動二輪（50cc超）
窃盗,オートバイ盗,築地,中央市場交番,131024,東京都,中央区,築地６丁目,2018-09-10,00,道路上,キーなし,なし,原動機付自転車（50cc以下）
窃盗,オートバイ盗,愛宕,新橋駅前交番,131032,東京都,港区,東新橋１丁目,2018-01-17,09,道路上,キーなし,なし,自動二輪（50cc超）
窃盗,オートバイ盗,三田,田町駅東口交番,131032,東京都,港区,芝浦４丁目,2018-04-05,10,その他,キーなし,なし,自動二輪（50cc超）
窃盗,オートバイ盗,高輪,白金三光町交番,131032,東京都,港区,白金３丁目,2017-12-10,12,道路上,キーなし,なし,自動二輪（50cc超）
窃盗,オートバイ盗,麻布,一之橋交番,131032,東京都,港区,麻布十番３丁目,2013-08-01,18,４階建て以上共同住宅,キーなし,なし,自動二輪（50cc超）
窃盗,オートバイ盗,麻布,一之橋交番,131032,東京都,港区,麻布十番３丁目,2017-12-01,08,４階建て以上共同住宅,キーなし,なし,原動機付自転車（50cc以下）
窃盗,オートバイ盗,麻布,盛岡町交番,131032,東京都,港区,南麻布４丁目,2018-05-29,14,道路上,キーなし,なし,自動二輪（50cc超）
窃盗,オートバイ盗,麻布,西麻布交番,131032,東京都,港区,西麻布２丁目,2018-05-15,09,駐車（輪）場,キーなし,なし,自動二輪（50cc超）
窃盗,オートバイ盗,東京湾岸,都橋交番,131083,東京都,江東区,有明２丁目,2018-03-27,11,道路上,キーなし,なし,自動二輪（50cc超）
窃盗,オートバイ盗,東京湾岸,都橋交番,131083,東京都,江東区,有明３丁目,2018-08-12,07,道路上,キーなし,なし,自動二輪（50cc超）
窃盗,オートバイ盗,東京湾岸,都橋交番,131083,東京都,江東区,東雲１丁目,2018-03-27,15,駐車（輪）場,キーなし,なし,自動二輪（50cc超）
窃盗,オートバイ盗,東京湾岸,新木場駅前交番,131083,東京都,江東区,新木場４丁目,2018-04-08,10,道路上,キーなし,なし,自動二輪（50cc超）
窃盗,オートバイ盗,品川,天王洲交番,131091,東京都,品川区,東品川２丁目,2018-01-29,19,その他,キーなし,なし,原動機付自転車（50cc以下）
窃盗,オートバイ盗,品川,天王洲交番,131091,東京都,品川区,東品川２丁目,2018-02-02,10,その他,キーなし,なし,原動機付自転車（50cc以下）
窃盗,オートバイ盗,大井,鹿島神社前交番,131091,東京都,品川区,西大井３丁目,2018-11-08,00,その他の住宅（３階建て以下共同住宅等）,キーなし,なし,自動二輪（50cc超）
窃盗,オートバイ盗,大井,大井町駅前交番,131091,東京都,品川区,東大井５丁目,2018-02-05,07,４階建て以上共同住宅,キーなし,なし,原動機付自転車（50cc以下）
窃盗,オートバイ盗,大井,立会川交番,131091,東京都,品川区,東大井２丁目,2018-01-26,20,その他,キーなし,なし,自動二輪（50cc超）
窃盗,オートバイ盗,大井,南大井交番,131091,東京都,品川区,南大井６丁目,2018-01-23,17,道路上,キーなし,なし,原動機付自転車（50cc以下）
窃盗,オートバイ盗,大井,西大井駅前交番,131091,東京都,品川区,西大井１丁目,2018-09-11,00,一戸建住宅,キーなし,なし,原動機付自転車（50cc以下）
窃盗,オートバイ盗,大井,西大井駅前交番,131091,東京都,品川区,西大井５丁目,2018-04-05,23,その他の住宅（３階建て以下共同住宅等）,キーなし,なし,自動二輪（50cc超）
窃盗,オートバイ盗,大崎,五反田駅前交番,131091,東京都,品川区,東五反田１丁目,2018-01-22,01,道路上,キーなし,なし,自動二輪（50cc超）
窃盗,オートバイ盗,大崎,大崎駅前交番,131091,東京都,品川区,大崎１丁目,2018-04-12,08,駐車（輪）場,キーなし,なし,自動二輪（50cc超）
窃盗,オートバイ盗,大崎,大崎駅前交番,131091,東京都,品川区,大崎５丁目,2016-08-15,12,４階建て以上共同住宅,キーなし,なし,自動二輪（50cc超）
窃盗,オートバイ盗,大崎,中原口交番,131091,東京都,品川区,西五反田８丁目,2018-02-25,13,道路上,キーなし,なし,原動機付自転車（50cc以下）
窃盗,オートバイ盗,大崎,西五反田交番,131091,東京都,品川区,西五反田３丁目,2018-09-29,18,道路上,キーなし,なし,原動機付自転車（50cc以下）
窃盗,オートバイ盗,大崎,目黒駅前交番,131091,東京都,品川区,上大崎１丁目,2018-08-02,15,一戸建住宅,キーなし,なし,原動機付自転車（50cc以下）
窃盗,オートバイ盗,荏原,荏原中延駅前交番,131091,東京都,品川区,西中延２丁目,2018-02-19,00,その他,キーなし,なし,自動二輪（50cc超）
窃盗,オートバイ盗,荏原,二葉町交番,131091,東京都,品川区,西品川１丁目,2018-06-20,20,道路上,キーなし,なし,自動二輪（50cc超）
窃盗,オートバイ盗,荏原,旗の台交番,131091,東京都,品川区,旗の台２丁目,2018-05-18,01,道路上,キーなし,なし,原動機付自転車（50cc以下）
窃盗,オートバイ盗,荏原,旗の台交番,131091,東京都,品川区,旗の台６丁目,2013-02-04,不明,道路上,キーなし,なし,自動二輪（50cc超）
窃盗,オートバイ盗,大森,森ケ崎交番,131113,東京都,大田区,大森南２丁目,2018-01-12,20,道路上,キーなし,なし,原動機付自転車（50cc以下）
窃盗,オートバイ盗,大森,森ケ崎交番,131113,東京都,大田区,大森南２丁目,2018-07-05,08,４階建て以上共同住宅,キーなし,あり,自動二輪（50cc超）
窃盗,オートバイ盗,大森,大森西交番,131113,東京都,大田区,大森西１丁目,2018-03-22,00,駐車（輪）場,キーなし,なし,原動機付自転車（50cc以下）
窃盗,オートバイ盗,大森,大森西交番,131113,東京都,大田区,大森西２丁目,2018-04-28,22,その他の住宅（３階建て以下共同住宅等）,キーなし,なし,自動二輪（50cc超）
窃盗,オートバイ盗,大森,大森海岸交番,131113,東京都,大田区,大森北３丁目,2018-12-21,04,４階建て以上共同住宅,キーなし,なし,自動二輪（50cc超）
窃盗,オートバイ盗,大森,大森海岸交番,131113,東京都,大田区,大森東１丁目,2018-01-04,12,道路上,キーなし,なし,原動機付自転車（50cc以下）
窃盗,オートバイ盗,大森,大森駅前交番,131113,東京都,大田区,大森北３丁目,2018-10-15,09,一戸建住宅,キーなし,あり,自動二輪（50cc超）
窃盗,オートバイ盗,大森,春日橋交番,131113,東京都,大田区,中央１丁目,2018-02-18,16,その他の住宅（３階建て以下共同住宅等）,キーなし,なし,自動二輪（50cc超）
窃盗,オートバイ盗,大森,春日橋交番,131113,東京都,大田区,中央２丁目,2017-10-11,22,４階建て以上共同住宅,キーなし,なし,自動二輪（50cc超）
窃盗,オートバイ盗,大森,春日橋交番,131113,東京都,大田区,中央２丁目,2018-02-16,16,一戸建住宅,キーなし,なし,自動二輪（50cc超）
窃盗,オートバイ盗,大森,山王交番,131113,東京都,大田区,山王３丁目,2018-02-14,19,駐車（輪）場,キーなし,なし,原動機付自転車（50cc以下）
窃盗,オートバイ盗,大森,山王交番,131113,東京都,大田区,山王３丁目,2018-08-26,16,道路上,キーなし,なし,原動機付自転車（50cc以下）
窃盗,オートバイ盗,田園調布,石川台交番,131113,東京都,大田区,南雪谷２丁目,2018-02-17,15,道路上,キーなし,なし,原動機付自転車（50cc以下）
窃盗,オートバイ盗,田園調布,道々橋交番,131113,東京都,大田区,東雪谷５丁目,2018-10-23,06,４階建て以上共同住宅,キーなし,なし,原動機付自転車（50cc以下）
窃盗,オートバイ盗,田園調布,嶺駐在所,131113,東京都,大田区,北嶺町,2018-05-04,15,その他の住宅（３階建て以下共同住宅等）,キーなし,なし,自動二輪（50cc超）
窃盗,オートバイ盗,田園調布,嶺駐在所,131113,東京都,大田区,北嶺町,2018-07-17,11,４階建て以上共同住宅,キーなし,なし,自動二輪（50cc超）
窃盗,オートバイ盗,田園調布,丸子橋交番,131113,東京都,大田区,田園調布南,2018-07-16,22,４階建て以上共同住宅,キーなし,なし,自動二輪（50cc超）
窃盗,オートバイ盗,蒲田,蒲田駅東口交番,131113,東京都,大田区,蒲田１丁目,2018-11-30,08,駐車（輪）場,キーなし,あり,自動二輪（50cc超）
窃盗,オートバイ盗,蒲田,蒲田駅東口交番,131113,東京都,大田区,蒲田５丁目,2018-11-29,16,駐車（輪）場,キーなし,なし,自動二輪（50cc超）
窃盗,オートバイ盗,蒲田,蒲田駅東口交番,131113,東京都,大田区,蒲田本町２丁目,2018-11-07,07,一戸建住宅,キーなし,なし,自動二輪（50cc超）
窃盗,オートバイ盗,蒲田,西六郷交番,131113,東京都,大田区,新蒲田２丁目,2018-08-04,13,４階建て以上共同住宅,キーなし,あり,自動二輪（50cc超）
窃盗,オートバイ盗,蒲田,西六郷交番,131113,東京都,大田区,西六郷４丁目,2018-07-22,23,道路上,キーなし,なし,自動二輪（50cc超）
窃盗,オートバイ盗,蒲田,西六郷交番,131113,東京都,大田区,西六郷４丁目,2018-09-02,21,４階建て以上共同住宅,キーなし,なし,自動二輪（50cc超）
窃盗,オートバイ盗,蒲田,西六郷交番,131113,東京都,大田区,西六郷４丁目,2018-10-29,20,一戸建住宅,キーなし,なし,自動二輪（50cc超）
窃盗,オートバイ盗,蒲田,東六郷交番,131113,東京都,大田区,南六郷１丁目,2018-08-04,11,４階建て以上共同住宅,キーなし,なし,自動二輪（50cc超）
窃盗,オートバイ盗,蒲田,東六郷交番,131113,東京都,大田区,南六郷２丁目,2018-01-04,10,４階建て以上共同住宅,キーなし,なし,原動機付自転車（50cc以下）
窃盗,オートバイ盗,蒲田,本羽田交番,131113,東京都,大田区,本羽田２丁目,2018-01-10,21,道路上,キーなし,なし,自動二輪（50cc超）
窃盗,オートバイ盗,蒲田,本羽田交番,131113,東京都,大田区,南六郷１丁目,2018-08-07,01,４階建て以上共同住宅,キーなし,なし,自動二輪（50cc超）
窃盗,オートバイ盗,蒲田,大鳥居交番,131113,東京都,大田区,羽田１丁目,2018-12-17,05,その他の住宅（３階建て以下共同住宅等）,キーなし,なし,原動機付自転車（50cc以下）
窃盗,オートバイ盗,蒲田,大鳥居交番,131113,東京都,大田区,羽田３丁目,2018-03-10,21,４階建て以上共同住宅,キーなし,なし,自動二輪（50cc超）
窃盗,オートバイ盗,蒲田,北糀谷交番,131113,東京都,大田区,北糀谷１丁目,2018-03-08,19,一戸建住宅,キーなし,なし,自動二輪（50cc超）
窃盗,オートバイ盗,蒲田,北糀谷交番,131113,東京都,大田区,北糀谷１丁目,2018-09-22,15,４階建て以上共同住宅,キーなし,なし,自動二輪（50cc超）
窃盗,オートバイ盗,蒲田,北糀谷交番,131113,東京都,大田区,北糀谷１丁目,2018-09-22,20,４階建て以上共同住宅,キーなし,なし,自動二輪（50cc超）
窃盗,オートバイ盗,蒲田,北糀谷交番,131113,東京都,大田区,西糀谷３丁目,2018-04-25,08,一戸建住宅,キーなし,なし,自動二輪（50cc超）
窃盗,オートバイ盗,蒲田,北糀谷交番,131113,東京都,大田区,東糀谷６丁目,2018-10-16,17,４階建て以上共同住宅,キーなし,あり,自動二輪（50cc超）
窃盗,オートバイ盗,池上,南馬込交番,131113,東京都,大田区,南馬込３丁目,2018-02-07,19,その他の住宅（３階建て以下共同住宅等）,キーなし,なし,自動二輪（50cc超）
窃盗,オートバイ盗,池上,南馬込交番,131113,東京都,大田区,南馬込４丁目,2018-03-03,12,一戸建住宅,キーなし,なし,原動機付自転車（50cc以下）
窃盗,オートバイ盗,池上,久が原交番,131113,東京都,大田区,久が原５丁目,2018-08-06,11,一戸建住宅,キーなし,なし,自動二輪（50cc超）
窃盗,オートバイ盗,池上,池上駅前交番,131113,東京都,大田区,池上３丁目,2018-07-20,20,その他の住宅（３階建て以下共同住宅等）,キーなし,なし,自動二輪（50cc超）
窃盗,オートバイ盗,池上,池上駅前交番,131113,東京都,大田区,池上６丁目,2018-02-07,18,４階建て以上共同住宅,キーなし,なし,原動機付自転車（50cc以下）
窃盗,オートバイ盗,池上,蓮沼交番,131113,東京都,大田区,西蒲田３丁目,2018-03-07,08,一戸建住宅,キーなし,あり,自動二輪（50cc超）
窃盗,オートバイ盗,池上,蓮沼交番,131113,東京都,大田区,東矢口３丁目,2015-08-01,00,４階建て以上共同住宅,キーなし,なし,自動二輪（50cc超）
窃盗,オートバイ盗,池上,千鳥交番,131113,東京都,大田区,久が原５丁目,2018-06-25,06,道路上,キーなし,なし,自動二輪（50cc超）
窃盗,オートバイ盗,池上,ガス橋交番,131113,東京都,大田区,下丸子２丁目,2018-11-30,17,道路上,キーなし,なし,自動二輪（50cc超）
窃盗,オートバイ盗,世田谷,三軒茶屋交番,131121,東京都,世田谷区,三軒茶屋１丁目,2018-06-02,00,駐車（輪）場,キーなし,なし,自動二輪（50cc超）
窃盗,オートバイ盗,世田谷,三軒茶屋交番,131121,東京都,世田谷区,三軒茶屋２丁目,2018-01-16,05,駐車（輪）場,キーなし,なし,自動二輪（50cc超）
窃盗,オートバイ盗,世田谷,三軒茶屋交番,131121,東京都,世田谷区,三軒茶屋２丁目,2018-05-24,12,駐車（輪）場,キーなし,なし,原動機付自転車（50cc以下）
窃盗,オートバイ盗,世田谷,三軒茶屋交番,131121,東京都,世田谷区,三軒茶屋２丁目,2018-07-02,00,道路上,キーなし,なし,原動機付自転車（50cc以下）
窃盗,オートバイ盗,世田谷,三軒茶屋交番,131121,東京都,世田谷区,三軒茶屋２丁目,2018-11-29,07,道路上,キーなし,なし,原動機付自転車（50cc以下）
窃盗,オートバイ盗,世田谷,三軒茶屋交番,131121,東京都,世田谷区,太子堂１丁目,2018-07-31,19,道路上,キーなし,なし,自動二輪（50cc超）
窃盗,オートバイ盗,世田谷,三軒茶屋交番,131121,東京都,世田谷区,太子堂２丁目,2018-03-16,21,道路上,キーなし,なし,自動二輪（50cc超）
窃盗,オートバイ盗,世田谷,三軒茶屋交番,131121,東京都,世田谷区,太子堂３丁目,2018-10-16,20,４階建て以上共同住宅,キーなし,なし,原動機付自転車（50cc以下）
窃盗,オートバイ盗,世田谷,三宿交番,131121,東京都,世田谷区,池尻２丁目,2018-06-06,06,一戸建住宅,キーなし,なし,原動機付自転車（50cc以下）
窃盗,オートバイ盗,世田谷,上馬交番,131121,東京都,世田谷区,上馬４丁目,2018-04-24,19,４階建て以上共同住宅,キーなし,なし,原動機付自転車（50cc以下）
窃盗,オートバイ盗,世田谷,世田谷交番,131121,東京都,世田谷区,世田谷１丁目,2018-05-10,20,４階建て以上共同住宅,キーなし,あり,自動二輪（50cc超）
窃盗,オートバイ盗,世田谷,桜丘交番,131121,東京都,世田谷区,桜丘２丁目,2018-04-22,12,その他の住宅（３階建て以下共同住宅等）,キーなし,なし,原動機付自転車（50cc以下）
窃盗,オートバイ盗,世田谷,桜丘交番,131121,東京都,世田谷区,桜丘３丁目,2018-04-06,20,その他,キーなし,なし,原動機付自転車（50cc以下）
窃盗,オートバイ盗,北沢,経堂駅前交番,131121,東京都,世田谷区,経堂３丁目,2018-01-08,08,４階建て以上共同住宅,キーなし,なし,原動機付自転車（50cc以下）
窃盗,オートバイ盗,北沢,宮前橋交番,131121,東京都,世田谷区,代田３丁目,2018-09-23,15,４階建て以上共同住宅,キーなし,なし,自動二輪（50cc超）
窃盗,オートバイ盗,北沢,淡島通交番,131121,東京都,世田谷区,池尻４丁目,2018-02-20,08,一戸建住宅,キーなし,なし,自動二輪（50cc超）
窃盗,オートバイ盗,玉川,奥沢駅前交番,131121,東京都,世田谷区,奥沢５丁目,2018-10-01,11,道路上,キーなし,なし,原動機付自転車（50cc以下）
窃盗,オートバイ盗,玉川,九品仏交番,131121,東京都,世田谷区,尾山台１丁目,2018-12-22,22,一戸建住宅,キーなし,なし,自動二輪（50cc超）
窃盗,オートバイ盗,玉川,尾山台駅前交番,131121,東京都,世田谷区,等々力２丁目,2018-02-21,18,その他の住宅（３階建て以下共同住宅等）,キーなし,なし,自動二輪（50cc超）
窃盗,オートバイ盗,玉川,二子玉川交番,131121,東京都,世田谷区,玉川２丁目,2018-02-28,11,一戸建住宅,キーなし,なし,原動機付自転車（50cc以下）
窃盗,オートバイ盗,玉川,深沢交番,131121,東京都,世田谷区,駒沢公園,2018-06-24,20,駐車（輪）場,キーなし,なし,自動二輪（50cc超）
窃盗,オートバイ盗,玉川,桜新町交番,131121,東京都,世田谷区,深沢８丁目,2018-05-08,19,４階建て以上共同住宅,キーなし,なし,原動機付自転車（50cc以下）
窃盗,オートバイ盗,成城,祖師谷大蔵交番,131121,東京都,世田谷区,祖師谷３丁目,2018-01-23,12,その他の住宅（３階建て以下共同住宅等）,キーなし,なし,自動二輪（50cc超）
窃盗,オートバイ盗,成城,祖師谷大蔵交番,131121,東京都,世田谷区,祖師谷３丁目,2018-01-23,12,その他の住宅（３階建て以下共同住宅等）,キーなし,なし,原動機付自転車（50cc以下）
窃盗,オートバイ盗,成城,祖師谷大蔵交番,131121,東京都,世田谷区,祖師谷３丁目,2018-01-24,13,道路上,キーなし,なし,原動機付自転車（50cc以下）
窃盗,オートバイ盗,成城,祖師谷大蔵交番,131121,東京都,世田谷区,祖師谷４丁目,2018-06-14,17,４階建て以上共同住宅,キーなし,なし,自動二輪（50cc超）
窃盗,オートバイ盗,成城,成城交番,131121,東京都,世田谷区,成城９丁目,2018-10-02,05,その他の住宅（３階建て以下共同住宅等）,キーなし,あり,自動二輪（50cc超）
窃盗,オートバイ盗,成城,千歳台交番,131121,東京都,世田谷区,粕谷４丁目,2018-08-10,07,駐車（輪）場,キーなし,なし,自動二輪（50cc超）
窃盗,オートバイ盗,成城,烏山交番,131121,東京都,世田谷区,北烏山１丁目,2013-10-01,08,道路上,キーなし,なし,自動二輪（50cc超）
窃盗,オートバイ盗,成城,烏山交番,131121,東京都,世田谷区,南烏山３丁目,2018-11-07,22,４階建て以上共同住宅,キーなし,なし,自動二輪（50cc超）
窃盗,オートバイ盗,成城,烏山交番,131121,東京都,世田谷区,南烏山６丁目,2018-05-26,04,駐車（輪）場,キーなし,なし,原動機付自転車（50cc以下）
窃盗,オートバイ盗,成城,上北沢駅前交番,131121,東京都,世田谷区,上北沢４丁目,2016-07-01,不明,道路上,キーなし,なし,原動機付自転車（50cc以下）
窃盗,オートバイ盗,成城,上北沢駅前交番,131121,東京都,世田谷区,上北沢５丁目,2018-04-20,12,４階建て以上共同住宅,キーなし,なし,原動機付自転車（50cc以下）
窃盗,オートバイ盗,成城,上北沢駅前交番,131121,東京都,世田谷区,桜上水５丁目,2016-10-01,不明,道路上,キーなし,なし,原動機付自転車（50cc以下）
窃盗,オートバイ盗,成城,千歳船橋駅前交番,131121,東京都,世田谷区,船橋１丁目,2018-04-19,12,駐車（輪）場,キーなし,なし,自動二輪（50cc超）
窃盗,オートバイ盗,成城,大蔵二丁目交番,131121,東京都,世田谷区,砧１丁目,2014-07-21,不明,道路上,キーなし,なし,自動二輪（50cc超）
窃盗,オートバイ盗,成城,大蔵二丁目交番,131121,東京都,世田谷区,砧１丁目,2018-08-18,16,一戸建住宅,キーなし,なし,自動二輪（50cc超）
窃盗,オートバイ盗,成城,大蔵二丁目交番,131121,東京都,世田谷区,砧４丁目,2018-11-04,01,一戸建住宅,キーなし,なし,自動二輪（50cc超）
窃盗,オートバイ盗,成城,岡本駐在所,131121,東京都,世田谷区,岡本２丁目,2018-11-25,22,一戸建住宅,キーなし,なし,自動二輪（50cc超）
窃盗,オートバイ盗,成城,鎌田駐在所,131121,東京都,世田谷区,鎌田２丁目,2016-10-11,不明,その他の住宅（３階建て以下共同住宅等）,キーなし,なし,原動機付自転車（50cc以下）
窃盗,オートバイ盗,成城,松葉通駐在所,131121,東京都,世田谷区,北烏山３丁目,2017-12-27,19,その他の住宅（３階建て以下共同住宅等）,キーなし,なし,原動機付自転車（50cc以下）
窃盗,オートバイ盗,成城,船橋交番,131121,東京都,世田谷区,船橋４丁目,2018-08-30,18,道路上,キーなし,なし,自動二輪（50cc超）
窃盗,オートバイ盗,成城,船橋交番,131121,東京都,世田谷区,船橋５丁目,2018-04-27,23,その他の住宅（３階建て以下共同住宅等）,キーなし,なし,自動二輪（50cc超）
窃盗,オートバイ盗,成城,船橋交番,131121,東京都,世田谷区,船橋６丁目,2017-09-01,14,駐車（輪）場,キーなし,なし,自動二輪（50cc超）
窃盗,オートバイ盗,成城,船橋交番,131121,東京都,世田谷区,船橋６丁目,2018-04-05,20,４階建て以上共同住宅,キーなし,なし,自動二輪（50cc超）
窃盗,オートバイ盗,成城,船橋交番,131121,東京都,世田谷区,船橋７丁目,2018-09-22,17,４階建て以上共同住宅,キーなし,なし,自動二輪（50cc超）
窃盗,オートバイ盗,目黒,下目黒交番,131105,東京都,目黒区,下目黒２丁目,2018-06-24,11,道路上,キーなし,なし,原動機付自転車（50cc以下）
窃盗,オートバイ盗,目黒,下目黒交番,131105,東京都,目黒区,下目黒３丁目,2017-03-21,不明,４階建て以上共同住宅,キーなし,なし,原動機付自転車（50cc以下）
窃盗,オートバイ盗,目黒,大橋交番,131105,東京都,目黒区,大橋２丁目,2018-04-05,07,駐車（輪）場,キーなし,なし,自動二輪（50cc超）
窃盗,オートバイ盗,目黒,大橋交番,131105,東京都,目黒区,大橋２丁目,2018-05-24,07,駐車（輪）場,キーなし,なし,自動二輪（50cc超）
窃盗,オートバイ盗,目黒,駒場一丁目駐在所,131105,東京都,目黒区,駒場１丁目,2013-10-03,08,一戸建住宅,キーなし,なし,原動機付自転車（50cc以下）
窃盗,オートバイ盗,碑文谷,原町交番,131105,東京都,目黒区,南１丁目,2017-12-01,07,駐車（輪）場,キーなし,なし,自動二輪（50cc超）
窃盗,オートバイ盗,渋谷,宇田川交番,131130,東京都,渋谷区,神山町,2018-02-13,07,駐車（輪）場,キーなし,なし,自動二輪（50cc超）
窃盗,オートバイ盗,渋谷,宇田川交番,131130,東京都,渋谷区,神山町,2018-04-12,10,駐車（輪）場,キーなし,なし,自動二輪（50cc超）
窃盗,オートバイ盗,渋谷,恵比寿駅前交番,131130,東京都,渋谷区,恵比寿１丁目,2018-05-10,09,駐車（輪）場,キーなし,なし,自動二輪（50cc超）
窃盗,オートバイ盗,渋谷,恵比寿駅前交番,131130,東京都,渋谷区,恵比寿西１丁目,2018-08-21,17,道路上,キーなし,なし,自動二輪（50cc超）
窃盗,オートバイ盗,渋谷,恵比寿駅前交番,131130,東京都,渋谷区,恵比寿西２丁目,2018-02-05,14,駐車（輪）場,キーなし,なし,自動二輪（50cc超）
窃盗,オートバイ盗,渋谷,恵比寿駅前交番,131130,東京都,渋谷区,恵比寿西２丁目,2018-05-24,12,駐車（輪）場,キーなし,なし,自動二輪（50cc超）
窃盗,オートバイ盗,渋谷,東交番,131130,東京都,渋谷区,東３丁目,2015-08-10,12,４階建て以上共同住宅,キーなし,なし,自動二輪（50cc超）
窃盗,オートバイ盗,渋谷,鉢山交番,131130,東京都,渋谷区,鉢山町,2018-01-14,23,道路上,キーなし,なし,原動機付自転車（50cc以下）
窃盗,オートバイ盗,原宿,代々木駅前交番,131130,東京都,渋谷区,千駄ヶ谷４丁目,2018-03-01,15,駐車（輪）場,キーなし,なし,自動二輪（50cc超）
窃盗,オートバイ盗,原宿,代々木駅前交番,131130,東京都,渋谷区,代々木１丁目,2018-12-14,18,道路上,キーなし,なし,原動機付自転車（50cc以下）
窃盗,オートバイ盗,原宿,代々木二丁目交番,131130,東京都,渋谷区,代々木２丁目,2018-10-09,11,道路上,キーなし,なし,自動二輪（50cc超）
窃盗,オートバイ盗,代々木,初台駅前交番,131130,東京都,渋谷区,代々木４丁目,2018-01-18,09,駐車（輪）場,キーなし,なし,自動二輪（50cc超）
窃盗,オートバイ盗,代々木,初台駅前交番,131130,東京都,渋谷区,代々木５丁目,2018-11-29,19,４階建て以上共同住宅,キーなし,なし,原動機付自転車（50cc以下）
窃盗,オートバイ盗,代々木,幡ケ谷駅前交番,131130,東京都,渋谷区,幡ヶ谷１丁目,2018-07-12,22,道路上,キーなし,なし,原動機付自転車（50cc以下）
窃盗,オートバイ盗,代々木,幡ケ谷駅前交番,131130,東京都,渋谷区,幡ヶ谷３丁目,2018-10-20,17,道路上,キーなし,なし,原動機付自転車（50cc以下）
窃盗,オートバイ盗,代々木,笹塚交番,131130,東京都,渋谷区,笹塚１丁目,2018-04-20,19,駐車（輪）場,キーなし,なし,原動機付自転車（50cc以下）
窃盗,オートバイ盗,牛込,河田町交番,131041,東京都,新宿区,余丁町,2018-03-17,14,駐車（輪）場,キーなし,なし,原動機付自転車（50cc以下）
窃盗,オートバイ盗,新宿,熊野神社前交番,131041,東京都,新宿区,西新宿４丁目,2017-09-01,16,道路上,キーなし,なし,自動二輪（50cc超）
窃盗,オートバイ盗,新宿,熊野神社前交番,131041,東京都,新宿区,西新宿４丁目,2018-09-14,19,駐車（輪）場,キーなし,なし,自動二輪（50cc超）
窃盗,オートバイ盗,新宿,熊野神社前交番,131041,東京都,新宿区,西新宿４丁目,2018-09-16,21,その他の住宅（３階建て以下共同住宅等）,キーなし,なし,自動二輪（50cc超）
窃盗,オートバイ盗,新宿,成子坂交番,131041,東京都,新宿区,西新宿６丁目,2018-01-07,10,駐車（輪）場,キーなし,あり,自動二輪（50cc超）
窃盗,オートバイ盗,新宿,淀橋市場前交番,131041,東京都,新宿区,北新宿４丁目,2018-09-02,00,道路上,キーなし,なし,自動二輪（50cc超）
窃盗,オートバイ盗,新宿,大久保交番,131041,東京都,新宿区,大久保２丁目,2018-05-19,23,道路上,キーなし,なし,原動機付自転車（50cc以下）
窃盗,オートバイ盗,新宿,新宿六丁目交番,131041,東京都,新宿区,新宿６丁目,2018-05-30,16,道路上,キーなし,なし,自動二輪（50cc超）
窃盗,オートバイ盗,新宿,歌舞伎町交番,131041,東京都,新宿区,歌舞伎町１丁目,2014-09-15,00,道路上,キーなし,なし,原動機付自転車（50cc以下）
窃盗,オートバイ盗,新宿,歌舞伎町交番,131041,東京都,新宿区,歌舞伎町２丁目,2018-11-11,23,駐車（輪）場,キーなし,なし,自動二輪（50cc超）
窃盗,オートバイ盗,戸塚,戸塚一丁目交番,131041,東京都,新宿区,西早稲田１丁目,2018-12-05,17,一戸建住宅,キーなし,なし,自動二輪（50cc超）
窃盗,オートバイ盗,戸塚,戸塚一丁目交番,131041,東京都,新宿区,西早稲田３丁目,2018-08-12,05,道路上,キーなし,なし,自動二輪（50cc超）
窃盗,オートバイ盗,戸塚,下落合駅前交番,131041,東京都,新宿区,下落合１丁目,2018-05-13,20,４階建て以上共同住宅,キーなし,なし,自動二輪（50cc超）
窃盗,オートバイ盗,四谷,信濃町交番,131041,東京都,新宿区,霞ヶ丘町,2018-10-30,09,その他,キーなし,なし,自動二輪（50cc超）
窃盗,オートバイ盗,四谷,大京町交番,131041,東京都,新宿区,大京町,2018-12-25,08,道路上,キーなし,なし,自動二輪（50cc超）
窃盗,オートバイ盗,中野,中野坂上交番,131148,東京都,中野区,中央２丁目,2018-07-05,20,４階建て以上共同住宅,キーなし,なし,原動機付自転車（50cc以下）
窃盗,オートバイ盗,中野,早稲田通交番,131148,東京都,中野区,東中野３丁目,2018-01-04,14,駐車（輪）場,キーなし,あり,自動二輪（50cc超）
窃盗,オートバイ盗,中野,本郷通交番,131148,東京都,中野区,弥生町３丁目,2018-10-01,17,一戸建住宅,キーなし,なし,自動二輪（50cc超）
窃盗,オートバイ盗,中野,鍋屋横丁交番,131148,東京都,中野区,中央４丁目,2018-01-03,21,道路上,キーなし,なし,自動二輪（50cc超）
窃盗,オートバイ盗,中野,鍋屋横丁交番,131148,東京都,中野区,本町４丁目,2017-10-30,09,道路上,キーなし,あり,自動二輪（50cc超）
窃盗,オートバイ盗,中野,南台交番,131148,東京都,中野区,南台１丁目,2018-08-31,18,駐車（輪）場,キーなし,あり,自動二輪（50cc超）
窃盗,オートバイ盗,中野,中央五丁目交番,131148,東京都,中野区,本町４丁目,2012-04-01,17,道路上,キーなし,なし,原動機付自転車（50cc以下）
窃盗,オートバイ盗,野方,薬師駅前交番,131148,東京都,中野区,上高田５丁目,2017-03-01,13,その他の住宅（３階建て以下共同住宅等）,キーなし,なし,自動二輪（50cc超）
窃盗,オートバイ盗,野方,上高田交番,131148,東京都,中野区,上高田２丁目,2016-03-01,00,道路上,キーなし,なし,自動二輪（50cc超）
窃盗,オートバイ盗,野方,上高田交番,131148,東京都,中野区,上高田４丁目,2017-03-31,不明,道路上,キーなし,なし,原動機付自転車（50cc以下）
窃盗,オートバイ盗,野方,江古田四丁目交番,131148,東京都,中野区,江古田４丁目,2018-12-17,01,道路上,キーなし,なし,原動機付自転車（50cc以下）
窃盗,オートバイ盗,野方,沼袋交番,131148,東京都,中野区,沼袋１丁目,2018-09-26,16,道路上,キーなし,なし,原動機付自転車（50cc以下）
窃盗,オートバイ盗,野方,野方駅前交番,131148,東京都,中野区,野方６丁目,2018-09-17,22,道路上,キーなし,なし,自動二輪（50cc超）
窃盗,オートバイ盗,野方,家政通交番,131148,東京都,中野区,若宮３丁目,2018-07-19,07,４階建て以上共同住宅,キーなし,なし,原動機付自転車（50cc以下）
窃盗,オートバイ盗,野方,鷺宮駅前交番,131148,東京都,中野区,鷺宮３丁目,2018-02-05,18,一戸建住宅,キーなし,なし,原動機付自転車（50cc以下）
窃盗,オートバイ盗,野方,鷺宮駅前交番,131148,東京都,中野区,白鷺３丁目,2017-12-15,18,４階建て以上共同住宅,キーなし,なし,自動二輪（50cc超）
窃盗,オートバイ盗,野方,鷺宮六丁目交番,131148,東京都,中野区,上鷺宮５丁目,2017-12-15,18,その他の住宅（３階建て以下共同住宅等）,キーなし,なし,原動機付自転車（50cc以下）
窃盗,オートバイ盗,杉並,阿佐谷駅前交番,131156,東京都,杉並区,阿佐谷北１丁目,2017-07-30,10,道路上,キーなし,なし,自動二輪（50cc超）
窃盗,オートバイ盗,高井戸,泉南交番,131156,東京都,杉並区,和泉２丁目,2018-03-01,19,一戸建住宅,キーなし,なし,自動二輪（50cc超）
窃盗,オートバイ盗,高井戸,泉南交番,131156,東京都,杉並区,和泉２丁目,2018-07-21,15,駐車（輪）場,キーなし,なし,自動二輪（50cc超）
窃盗,オートバイ盗,高井戸,永福町駅前交番,131156,東京都,杉並区,和泉３丁目,2018-01-26,22,道路上,キーなし,なし,原動機付自転車（50cc以下）
窃盗,オートバイ盗,高井戸,宗源寺前交番,131156,東京都,杉並区,下高井戸５丁目,2018-05-11,23,一戸建住宅,キーなし,なし,自動二輪（50cc超）
窃盗,オートバイ盗,高井戸,上高井戸交番,131156,東京都,杉並区,上高井戸２丁目,2017-11-21,不明,その他の住宅（３階建て以下共同住宅等）,キーなし,なし,自動二輪（50cc超）
窃盗,オートバイ盗,高井戸,浜田山交番,131156,東京都,杉並区,高井戸東３丁目,2018-04-07,17,駐車（輪）場,キーなし,なし,自動二輪（50cc超）
窃盗,オートバイ盗,荻窪,荻窪五丁目交番,131156,東京都,杉並区,南荻窪１丁目,2018-10-20,15,その他の住宅（３階建て以下共同住宅等）,キーなし,なし,自動二輪（50cc超）
窃盗,オートバイ盗,荻窪,荻窪駅北口交番,131156,東京都,杉並区,上荻１丁目,2018-10-09,20,その他,キーなし,あり,原動機付自転車（50cc以下）
窃盗,オートバイ盗,荻窪,荻窪駅北口交番,131156,東京都,杉並区,上荻２丁目,2018-03-08,15,駐車（輪）場,キーなし,なし,自動二輪（50cc超）
窃盗,オートバイ盗,荻窪,下井草駅前交番,131156,東京都,杉並区,井草１丁目,2018-12-28,22,その他の住宅（３階建て以下共同住宅等）,キーなし,なし,自動二輪（50cc超）
窃盗,オートバイ盗,荻窪,下井草駅前交番,131156,東京都,杉並区,下井草２丁目,2018-07-27,21,駐車（輪）場,キーなし,なし,原動機付自転車（50cc以下）
窃盗,オートバイ盗,荻窪,下井草駅前交番,131156,東京都,杉並区,下井草４丁目,2018-07-12,14,道路上,キーなし,あり,自動二輪（50cc超）
窃盗,オートバイ盗,荻窪,下井草駅前交番,131156,東京都,杉並区,下井草４丁目,2018-12-22,22,その他の住宅（３階建て以下共同住宅等）,キーなし,なし,自動二輪（50cc超）
窃盗,オートバイ盗,荻窪,上井草駅前交番,131156,東京都,杉並区,井草５丁目,2018-07-08,21,駐車（輪）場,キーなし,なし,自動二輪（50cc超）
窃盗,オートバイ盗,荻窪,井荻駅前交番,131156,東京都,杉並区,上井草１丁目,2016-08-27,00,その他の住宅（３階建て以下共同住宅等）,キーなし,なし,原動機付自転車（50cc以下）
窃盗,オートバイ盗,荻窪,今川交番,131156,東京都,杉並区,桃井１丁目,2017-04-01,00,駐車（輪）場,キーなし,なし,自動二輪（50cc超）
窃盗,オートバイ盗,本富士,天神町交番,131059,東京都,文京区,湯島３丁目,2018-06-17,20,道路上,キーなし,あり,原動機付自転車（50cc以下）
窃盗,オートバイ盗,本富士,天神町交番,131059,東京都,文京区,湯島４丁目,2018-09-29,19,道路上,キーなし,なし,原動機付自転車（50cc以下）
窃盗,オートバイ盗,巣鴨,大塚駅前交番,131164,東京都,豊島区,北大塚１丁目,2018-11-14,18,道路上,キーなし,なし,自動二輪（50cc超）
窃盗,オートバイ盗,巣鴨,大塚駅前交番,131164,東京都,豊島区,北大塚２丁目,2018-05-14,16,道路上,キーなし,なし,原動機付自転車（50cc以下）
窃盗,オートバイ盗,巣鴨,大塚駅前交番,131164,東京都,豊島区,南大塚１丁目,2017-10-01,17,その他の住宅（３階建て以下共同住宅等）,キーなし,なし,自動二輪（50cc超）
窃盗,オートバイ盗,巣鴨,巣鴨新田交番,131164,東京都,豊島区,上池袋１丁目,2018-04-12,13,駐車（輪）場,キーなし,なし,自動二輪（50cc超）
窃盗,オートバイ盗,池袋,池袋二又交番,131164,東京都,豊島区,西池袋５丁目,2018-05-16,16,道路上,キーなし,あり,原動機付自転車（50cc以下）
窃盗,オートバイ盗,池袋,池袋駅東口交番,131164,東京都,豊島区,東池袋１丁目,2018-05-31,01,道路上,キーなし,なし,原動機付自転車（50cc以下）
窃盗,オートバイ盗,池袋,川越通交番,131164,東京都,豊島区,池袋３丁目,2018-09-16,07,駐車（輪）場,キーなし,なし,原動機付自転車（50cc以下）
窃盗,オートバイ盗,池袋,川越通交番,131164,東京都,豊島区,池袋本町２丁目,2018-12-09,01,駐車（輪）場,キーなし,なし,原動機付自転車（50cc以下）
窃盗,オートバイ盗,目白,目白駅前交番,131164,東京都,豊島区,目白４丁目,2015-06-01,20,４階建て以上共同住宅,キーなし,なし,自動二輪（50cc超）
窃盗,オートバイ盗,目白,南長崎交番,131164,東京都,豊島区,南長崎３丁目,2018-05-11,12,道路上,キーなし,なし,原動機付自転車（50cc以下）
窃盗,オートバイ盗,滝野川,滝野川一丁目交番,131172,東京都,北区,滝野川３丁目,2017-12-30,11,４階建て以上共同住宅,キーなし,なし,自動二輪（50cc超）
窃盗,オートバイ盗,滝野川,東田端交番,131172,東京都,北区,田端新町２丁目,2018-03-09,15,４階建て以上共同住宅,キーなし,なし,自動二輪（50cc超）
窃盗,オートバイ盗,王子,王子駅前交番,131172,東京都,北区,王子１丁目,2018-01-26,13,その他,キーなし,なし,原動機付自転車（50cc以下）
窃盗,オートバイ盗,王子,王子五丁目交番,131172,東京都,北区,豊島４丁目,2018-10-13,08,４階建て以上共同住宅,キーなし,なし,原動機付自転車（50cc以下）
窃盗,オートバイ盗,赤羽,赤羽駅前交番,131172,東京都,北区,赤羽１丁目,2018-10-06,12,駐車（輪）場,キーなし,なし,自動二輪（50cc超）
窃盗,オートバイ盗,赤羽,赤羽西交番,131172,東京都,北区,赤羽西２丁目,2018-07-28,14,一戸建住宅,キーなし,あり,自動二輪（50cc超）
窃盗,オートバイ盗,赤羽,西が丘交番,131172,東京都,北区,西が丘２丁目,2018-09-07,11,駐車（輪）場,キーなし,なし,原動機付自転車（50cc以下）
窃盗,オートバイ盗,赤羽,浮間交番,131172,東京都,北区,浮間３丁目,2018-03-01,19,４階建て以上共同住宅,キーなし,なし,自動二輪（50cc超）
窃盗,オートバイ盗,板橋,平尾交番,131199,東京都,板橋区,板橋１丁目,2018-06-02,02,４階建て以上共同住宅,キーなし,なし,自動二輪（50cc超）
窃盗,オートバイ盗,板橋,平尾交番,131199,東京都,板橋区,板橋２丁目,2018-05-15,07,駐車（輪）場,キーなし,なし,自動二輪（50cc超）
窃盗,オートバイ盗,板橋,平尾交番,131199,東京都,板橋区,板橋４丁目,2018-03-16,17,駐車（輪）場,キーなし,なし,自動二輪（50cc超）
窃盗,オートバイ盗,板橋,板橋本町交番,131199,東京都,板橋区,本町,2016-02-01,不明,４階建て以上共同住宅,キーなし,なし,自動二輪（50cc超）
窃盗,オートバイ盗,板橋,板橋本町交番,131199,東京都,板橋区,本町,2018-03-05,09,道路上,キーなし,なし,原動機付自転車（50cc以下）
窃盗,オートバイ盗,板橋,養育院前交番,131199,東京都,板橋区,板橋２丁目,2018-03-11,不明,駐車（輪）場,キーなし,なし,自動二輪（50cc超）
窃盗,オートバイ盗,板橋,大山町交番,131199,東京都,板橋区,大山町,2018-03-02,09,道路上,キーなし,なし,自動二輪（50cc超）
窃盗,オートバイ盗,板橋,大山町交番,131199,東京都,板橋区,仲町,2018-02-25,18,その他の住宅（３階建て以下共同住宅等）,キーなし,なし,自動二輪（50cc超）
窃盗,オートバイ盗,板橋,茂呂交番,131199,東京都,板橋区,小茂根２丁目,2018-08-24,22,道路上,キーなし,なし,自動二輪（50cc超）
窃盗,オートバイ盗,板橋,中板橋交番,131199,東京都,板橋区,双葉町,2018-04-26,15,その他,キーなし,なし,原動機付自転車（50cc以下）
窃盗,オートバイ盗,板橋,常盤台交番,131199,東京都,板橋区,常盤台３丁目,2018-09-23,14,その他の住宅（３階建て以下共同住宅等）,キーなし,なし,自動二輪（50cc超）
窃盗,オートバイ盗,板橋,上板橋駅前交番,131199,東京都,板橋区,常盤台４丁目,2018-08-13,12,駐車（輪）場,キーなし,なし,原動機付自転車（50cc以下）
窃盗,オートバイ盗,板橋,桜川三丁目駐在所,131199,東京都,板橋区,東新町２丁目,2012-07-26,22,４階建て以上共同住宅,キーなし,なし,自動二輪（50cc超）
窃盗,オートバイ盗,志村,清水町交番,131199,東京都,板橋区,宮本町,2018-04-21,10,一戸建住宅,キーなし,なし,原動機付自転車（50cc以下）
窃盗,オートバイ盗,志村,清水町交番,131199,東京都,板橋区,宮本町,2018-04-27,12,４階建て以上共同住宅,キーなし,なし,原動機付自転車（50cc以下）
窃盗,オートバイ盗,志村,蓮根交番,131199,東京都,板橋区,相生町,2018-10-20,18,その他,キーなし,あり,自動二輪（50cc超）
窃盗,オートバイ盗,志村,蓮根交番,131199,東京都,板橋区,蓮根２丁目,2018-05-01,18,道路上,キーなし,なし,自動二輪（50cc超）
窃盗,オートバイ盗,志村,蓮根交番,131199,東京都,板橋区,蓮根３丁目,2018-08-12,18,４階建て以上共同住宅,キーなし,なし,原動機付自転車（50cc以下）
窃盗,オートバイ盗,志村,中台交番,131199,東京都,板橋区,中台１丁目,2018-10-06,22,道路上,キーなし,なし,自動二輪（50cc超）
窃盗,オートバイ盗,練馬,貫井交番,131202,東京都,練馬区,向山２丁目,2018-10-14,22,その他の住宅（３階建て以下共同住宅等）,キーなし,なし,原動機付自転車（50cc以下）
窃盗,オートバイ盗,練馬,練馬駅前交番,131202,東京都,練馬区,中村１丁目,2018-02-20,22,その他,キーなし,なし,原動機付自転車（50cc以下）
窃盗,オートバイ盗,練馬,氷川台駐在所,131202,東京都,練馬区,氷川台４丁目,2018-12-15,08,４階建て以上共同住宅,キーなし,なし,原動機付自転車（50cc以下）
窃盗,オートバイ盗,練馬,春日町交番,131202,東京都,練馬区,春日町５丁目,2018-04-11,08,道路上,キーなし,なし,自動二輪（50cc超）
窃盗,オートバイ盗,練馬,早宮交番,131202,東京都,練馬区,早宮２丁目,2018-12-17,12,駐車（輪）場,キーなし,なし,原動機付自転車（50cc以下）
窃盗,オートバイ盗,練馬,早宮交番,131202,東京都,練馬区,早宮４丁目,2018-09-24,19,道路上,キーなし,なし,自動二輪（50cc超）
窃盗,オートバイ盗,練馬,早宮交番,131202,東京都,練馬区,氷川台４丁目,2018-08-25,03,駐車（輪）場,キーなし,なし,自動二輪（50cc超）
窃盗,オートバイ盗,練馬,氷川神社前交番,131202,東京都,練馬区,豊玉南１丁目,2018-04-28,22,４階建て以上共同住宅,キーなし,なし,自動二輪（50cc超）
窃盗,オートバイ盗,練馬,氷川神社前交番,131202,東京都,練馬区,豊玉南２丁目,2018-11-21,17,駐車（輪）場,キーなし,あり,原動機付自転車（50cc以下）
窃盗,オートバイ盗,練馬,富士見台駅前交番,131202,東京都,練馬区,貫井１丁目,2018-08-04,16,駐車（輪）場,キーなし,あり,原動機付自転車（50cc以下）
窃盗,オートバイ盗,石神井,石神井公園駅前交番,131202,東京都,練馬区,石神井町２丁目,2018-02-06,21,その他の住宅（３階建て以下共同住宅等）,キーなし,なし,原動機付自転車（50cc以下）
窃盗,オートバイ盗,石神井,石神井公園駅前交番,131202,東京都,練馬区,石神井町２丁目,2018-04-25,07,４階建て以上共同住宅,キーなし,なし,自動二輪（50cc超）
窃盗,オートバイ盗,石神井,大泉学園駅前交番,131202,東京都,練馬区,東大泉１丁目,2018-10-22,20,４階建て以上共同住宅,キーなし,なし,原動機付自転車（50cc以下）
窃盗,オートバイ盗,石神井,大泉学園駅前交番,131202,東京都,練馬区,東大泉１丁目,2018-12-05,18,駐車（輪）場,キーなし,あり,自動二輪（50cc超）
窃盗,オートバイ盗,石神井,大泉学園駅前交番,131202,東京都,練馬区,東大泉５丁目,2018-06-03,02,その他の住宅（３階建て以下共同住宅等）,キーなし,なし,原動機付自転車（50cc以下）
窃盗,オートバイ盗,石神井,上石神井駅前交番,131202,東京都,練馬区,上石神井１丁目,2018-05-17,03,その他の住宅（３階建て以下共同住宅等）,キーなし,なし,自動二輪（50cc超）
窃盗,オートバイ盗,石神井,上石神井駅前交番,131202,東京都,練馬区,上石神井南町,2018-10-08,01,その他の住宅（３階建て以下共同住宅等）,キーなし,なし,原動機付自転車（50cc以下）
窃盗,オートバイ盗,石神井,大泉学園交番,131202,東京都,練馬区,大泉学園町２丁目,2018-11-16,09,その他の住宅（３階建て以下共同住宅等）,キーなし,なし,自動二輪（50cc超）
窃盗,オートバイ盗,石神井,大泉学園交番,131202,東京都,練馬区,大泉学園町３丁目,2018-12-01,12,一戸建住宅,キーなし,あり,自動二輪（50cc超）
窃盗,オートバイ盗,石神井,大泉学園交番,131202,東京都,練馬区,大泉学園町５丁目,2018-06-16,22,一戸建住宅,キーなし,なし,原動機付自転車（50cc以下）
窃盗,オートバイ盗,石神井,大泉学園交番,131202,東京都,練馬区,大泉学園町６丁目,2018-08-08,11,その他の住宅（３階建て以下共同住宅等）,キーなし,なし,原動機付自転車（50cc以下）
窃盗,オートバイ盗,石神井,大泉学園交番,131202,東京都,練馬区,大泉学園町７丁目,2018-01-06,00,４階建て以上共同住宅,キーなし,なし,自動二輪（50cc超）
窃盗,オートバイ盗,石神井,大泉学園交番,131202,東京都,練馬区,大泉学園町７丁目,2018-01-21,不明,４階建て以上共同住宅,キーなし,なし,自動二輪（50cc超）
窃盗,オートバイ盗,石神井,大泉学園交番,131202,東京都,練馬区,大泉学園町７丁目,2018-04-30,01,駐車（輪）場,キーなし,なし,原動機付自転車（50cc以下）
窃盗,オートバイ盗,石神井,大泉学園交番,131202,東京都,練馬区,大泉町１丁目,2018-05-20,18,駐車（輪）場,キーなし,なし,自動二輪（50cc超）
窃盗,オートバイ盗,石神井,北大泉交番,131202,東京都,練馬区,大泉町３丁目,2018-07-25,14,駐車（輪）場,キーなし,なし,原動機付自転車（50cc以下）
窃盗,オートバイ盗,石神井,北大泉交番,131202,東京都,練馬区,大泉町３丁目,2018-11-27,05,その他の住宅（３階建て以下共同住宅等）,キーなし,なし,自動二輪（50cc超）
窃盗,オートバイ盗,石神井,西大泉交番,131202,東京都,練馬区,西大泉２丁目,2018-08-02,21,一戸建住宅,キーなし,なし,原動機付自転車（50cc以下）
窃盗,オートバイ盗,石神井,西大泉交番,131202,東京都,練馬区,西大泉３丁目,2018-09-22,16,その他の住宅（３階建て以下共同住宅等）,キーなし,あり,自動二輪（50cc超）
窃盗,オートバイ盗,石神井,西大泉交番,131202,東京都,練馬区,西大泉３丁目,2018-10-30,18,その他の住宅（３階建て以下共同住宅等）,キーなし,なし,自動二輪（50cc超）
窃盗,オートバイ盗,石神井,西大泉交番,131202,東京都,練馬区,西大泉４丁目,2018-07-08,08,４階建て以上共同住宅,キーなし,なし,原動機付自転車（50cc以下）
窃盗,オートバイ盗,石神井,西大泉交番,131202,東京都,練馬区,西大泉４丁目,2018-08-24,06,その他の住宅（３階建て以下共同住宅等）,キーなし,なし,自動二輪（50cc超）
窃盗,オートバイ盗,石神井,西大泉交番,131202,東京都,練馬区,西大泉５丁目,2018-07-26,08,その他の住宅（３階建て以下共同住宅等）,キーなし,なし,自動二輪（50cc超）
窃盗,オートバイ盗,石神井,南大泉交番,131202,東京都,練馬区,南大泉４丁目,2017-08-14,08,その他の住宅（３階建て以下共同住宅等）,キーなし,なし,原動機付自転車（50cc以下）
窃盗,オートバイ盗,石神井,富士街道交番,131202,東京都,練馬区,石神井台３丁目,2018-05-04,23,駐車（輪）場,キーなし,なし,自動二輪（50cc超）
窃盗,オートバイ盗,石神井,富士街道交番,131202,東京都,練馬区,石神井台３丁目,2018-11-11,21,その他の住宅（３階建て以下共同住宅等）,キーなし,なし,自動二輪（50cc超）
窃盗,オートバイ盗,石神井,富士街道交番,131202,東京都,練馬区,石神井台３丁目,2018-11-17,11,４階建て以上共同住宅,キーなし,なし,自動二輪（50cc超）
窃盗,オートバイ盗,石神井,武蔵関駐在所,131202,東京都,練馬区,関町北３丁目,2018-11-05,19,その他の住宅（３階建て以下共同住宅等）,キーなし,なし,原動機付自転車（50cc以下）
窃盗,オートバイ盗,高島平,,131199,東京都,板橋区,,2018-09-01,17,その他,キーなし,なし,原動機付自転車（50cc以下）
窃盗,オートバイ盗,高島平,高島平駅前交番,131199,東京都,板橋区,高島平２丁目,2018-02-19,17,４階建て以上共同住宅,キーなし,なし,自動二輪（50cc超）
窃盗,オートバイ盗,高島平,高島平駅前交番,131199,東京都,板橋区,高島平２丁目,2018-03-03,03,４階建て以上共同住宅,キーなし,あり,自動二輪（50cc超）
窃盗,オートバイ盗,高島平,西台駅前交番,131199,東京都,板橋区,高島平９丁目,2017-01-20,21,駐車（輪）場,キーなし,なし,自動二輪（50cc超）
窃盗,オートバイ盗,高島平,西台駅前交番,131199,東京都,板橋区,高島平９丁目,2018-02-04,12,４階建て以上共同住宅,キーなし,なし,自動二輪（50cc超）
窃盗,オートバイ盗,高島平,笹目橋交番,131199,東京都,板橋区,三園１丁目,2018-02-15,12,駐車（輪）場,キーなし,なし,自動二輪（50cc超）
窃盗,オートバイ盗,高島平,北野交番,131199,東京都,板橋区,徳丸１丁目,2018-07-06,15,その他の住宅（３階建て以下共同住宅等）,キーなし,なし,自動二輪（50cc超）
窃盗,オートバイ盗,高島平,北野交番,131199,東京都,板橋区,徳丸１丁目,2018-07-17,02,一戸建住宅,キーなし,なし,自動二輪（50cc超）
窃盗,オートバイ盗,高島平,北野交番,131199,東京都,板橋区,徳丸２丁目,2018-08-15,11,駐車（輪）場,キーなし,あり,自動二輪（50cc超）
窃盗,オートバイ盗,高島平,北野交番,131199,東京都,板橋区,徳丸３丁目,2018-02-04,22,駐車（輪）場,キーなし,なし,原動機付自転車（50cc以下）
窃盗,オートバイ盗,高島平,成増駅前交番,131199,東京都,板橋区,成増３丁目,2018-01-29,17,駐車（輪）場,キーなし,なし,自動二輪（50cc超）
窃盗,オートバイ盗,高島平,上赤塚交番,131199,東京都,板橋区,成増５丁目,2017-12-23,19,４階建て以上共同住宅,キーなし,なし,原動機付自転車（50cc以下）
窃盗,オートバイ盗,光が丘,田柄交番,131202,東京都,練馬区,田柄２丁目,2018-12-01,17,４階建て以上共同住宅,キーなし,なし,原動機付自転車（50cc以下）
窃盗,オートバイ盗,光が丘,光が丘三丁目交番,131202,東京都,練馬区,光が丘３丁目,2018-08-27,11,４階建て以上共同住宅,キーなし,なし,自動二輪（50cc超）
窃盗,オートバイ盗,光が丘,練馬高野台駅前交番,131202,東京都,練馬区,富士見台２丁目,2018-11-15,16,道路上,キーなし,なし,原動機付自転車（50cc以下）
窃盗,オートバイ盗,光が丘,土支田交番,131202,東京都,練馬区,土支田１丁目,2014-10-01,00,その他の住宅（３階建て以下共同住宅等）,キーなし,なし,原動機付自転車（50cc以下）
窃盗,オートバイ盗,光が丘,三原台交番,131202,東京都,練馬区,谷原５丁目,2018-09-21,23,その他の住宅（３階建て以下共同住宅等）,キーなし,なし,自動二輪（50cc超）
窃盗,オートバイ盗,下谷,三ノ輪交番,131067,東京都,台東区,根岸５丁目,2018-06-22,18,４階建て以上共同住宅,キーなし,あり,自動二輪（50cc超）
窃盗,オートバイ盗,下谷,入谷東交番,131067,東京都,台東区,入谷２丁目,2018-11-14,00,道路上,キーなし,なし,自動二輪（50cc超）
窃盗,オートバイ盗,下谷,鶯谷駅前交番,131067,東京都,台東区,根岸１丁目,2017-06-15,12,道路上,キーなし,なし,自動二輪（50cc超）
窃盗,オートバイ盗,下谷,鶯谷駅前交番,131067,東京都,台東区,根岸２丁目,2018-09-17,00,その他,キーなし,なし,自動二輪（50cc超）
窃盗,オートバイ盗,浅草,日本堤交番,131067,東京都,台東区,日本堤１丁目,2018-01-18,12,道路上,キーなし,なし,自動二輪（50cc超）
窃盗,オートバイ盗,浅草,日本堤交番,131067,東京都,台東区,東浅草２丁目,2018-06-06,19,道路上,キーなし,なし,自動二輪（50cc超）
窃盗,オートバイ盗,浅草,東浅草交番,131067,東京都,台東区,浅草５丁目,2018-12-19,18,４階建て以上共同住宅,キーなし,なし,自動二輪（50cc超）
窃盗,オートバイ盗,蔵前,田原町交番,131067,東京都,台東区,西浅草１丁目,2018-03-22,00,道路上,キーなし,なし,自動二輪（50cc超）
窃盗,オートバイ盗,尾久,尾竹橋交番,131181,東京都,荒川区,町屋５丁目,2018-09-17,10,一戸建住宅,キーなし,あり,自動二輪（50cc超）
窃盗,オートバイ盗,尾久,赤土交番,131181,東京都,荒川区,東尾久２丁目,2018-06-15,22,道路上,キーなし,なし,自動二輪（50cc超）
窃盗,オートバイ盗,南千住,南千住一丁目交番,131181,東京都,荒川区,南千住１丁目,2018-01-01,12,道路上,キーなし,なし,自動二輪（50cc超）
窃盗,オートバイ盗,南千住,南千住八丁目交番,131181,東京都,荒川区,南千住８丁目,2018-06-07,21,４階建て以上共同住宅,キーなし,なし,自動二輪（50cc超）
窃盗,オートバイ盗,南千住,南千住駅東口交番,131181,東京都,荒川区,南千住５丁目,2018-05-07,03,４階建て以上共同住宅,キーなし,なし,自動二輪（50cc超）
窃盗,オートバイ盗,南千住,南千住駅東口交番,131181,東京都,荒川区,南千住７丁目,2015-08-01,不明,その他の住宅（３階建て以下共同住宅等）,キーなし,なし,原動機付自転車（50cc以下）
窃盗,オートバイ盗,荒川,東日暮里交番,131181,東京都,荒川区,荒川１丁目,2018-06-10,20,４階建て以上共同住宅,キーなし,なし,自動二輪（50cc超）
窃盗,オートバイ盗,荒川,町屋交番,131181,東京都,荒川区,町屋２丁目,2018-07-05,22,駐車（輪）場,キーなし,なし,自動二輪（50cc超）
窃盗,オートバイ盗,荒川,荒川五丁目交番,131181,東京都,荒川区,荒川２丁目,2018-05-28,09,道路上,キーなし,なし,自動二輪（50cc超）
窃盗,オートバイ盗,荒川,荒川五丁目交番,131181,東京都,荒川区,荒川５丁目,2018-05-19,20,その他の住宅（３階建て以下共同住宅等）,キーなし,なし,原動機付自転車（50cc以下）
窃盗,オートバイ盗,荒川,西日暮里六丁目交番,131181,東京都,荒川区,荒川５丁目,2018-05-24,15,その他,キーなし,あり,自動二輪（50cc超）
窃盗,オートバイ盗,千住,北千住駅西口交番,131211,東京都,足立区,千住中居町,2018-09-25,03,４階建て以上共同住宅,キーなし,あり,自動二輪（50cc超）
窃盗,オートバイ盗,千住,千住四丁目交番,131211,東京都,足立区,千住４丁目,2017-04-24,18,道路上,キーなし,なし,自動二輪（50cc超）
窃盗,オートバイ盗,千住,大橋交番,131211,東京都,足立区,千住河原町,2018-09-24,10,一戸建住宅,キーなし,なし,原動機付自転車（50cc以下）
窃盗,オートバイ盗,千住,大橋交番,131211,東京都,足立区,千住仲町,2018-01-01,00,駐車（輪）場,キーなし,なし,自動二輪（50cc超）
窃盗,オートバイ盗,千住,大橋交番,131211,東京都,足立区,千住橋戸町,2018-01-24,19,駐車（輪）場,キーなし,なし,原動機付自転車（50cc以下）
窃盗,オートバイ盗,千住,旭町交番,131211,東京都,足立区,千住東１丁目,2015-02-10,00,道路上,キーなし,なし,自動二輪（50cc超）
窃盗,オートバイ盗,千住,北千住駅東口交番,131211,東京都,足立区,日ノ出町,2018-01-01,09,４階建て以上共同住宅,キーなし,なし,自動二輪（50cc超）
窃盗,オートバイ盗,西新井,梅田一丁目交番,131211,東京都,足立区,梅田２丁目,2018-04-16,10,駐車（輪）場,キーなし,なし,自動二輪（50cc超）
窃盗,オートバイ盗,西新井,大師前交番,131211,東京都,足立区,西新井本町１丁目,2018-03-10,23,４階建て以上共同住宅,キーなし,なし,原動機付自転車（50cc以下）
窃盗,オートバイ盗,西新井,大師前交番,131211,東京都,足立区,西新井本町２丁目,2018-07-13,14,駐車（輪）場,キーなし,なし,自動二輪（50cc超）
窃盗,オートバイ盗,西新井,大師前交番,131211,東京都,足立区,西新井本町２丁目,2018-08-25,17,４階建て以上共同住宅,キーなし,なし,原動機付自転車（50cc以下）
窃盗,オートバイ盗,西新井,西新井駅前交番,131211,東京都,足立区,西新井栄町１丁目,2018-10-28,17,駐車（輪）場,キーなし,なし,原動機付自転車（50cc以下）
窃盗,オートバイ盗,西新井,関原三丁目交番,131211,東京都,足立区,関原２丁目,2018-07-14,22,一戸建住宅,キーなし,なし,自動二輪（50cc超）
窃盗,オートバイ盗,西新井,島根交番,131211,東京都,足立区,栗原２丁目,2018-08-07,18,４階建て以上共同住宅,キーなし,なし,自動二輪（50cc超）
窃盗,オートバイ盗,西新井,島根交番,131211,東京都,足立区,島根３丁目,2016-10-15,00,駐車（輪）場,キーなし,なし,自動二輪（50cc超）
窃盗,オートバイ盗,西新井,島根交番,131211,東京都,足立区,島根４丁目,2017-05-01,17,４階建て以上共同住宅,キーなし,なし,原動機付自転車（50cc以下）
窃盗,オートバイ盗,西新井,島根交番,131211,東京都,足立区,六月３丁目,2018-02-08,19,道路上,キーなし,なし,自動二輪（50cc超）
窃盗,オートバイ盗,西新井,島根交番,131211,東京都,足立区,六月３丁目,2018-03-02,23,４階建て以上共同住宅,キーなし,なし,原動機付自転車（50cc以下）
窃盗,オートバイ盗,西新井,皿沼交番,131211,東京都,足立区,皿沼１丁目,2018-03-16,11,駐車（輪）場,キーなし,なし,原動機付自転車（50cc以下）
窃盗,オートバイ盗,西新井,鹿浜交番,131211,東京都,足立区,加賀２丁目,2018-03-04,17,４階建て以上共同住宅,キーなし,なし,原動機付自転車（50cc以下）
窃盗,オートバイ盗,西新井,鹿浜交番,131211,東京都,足立区,鹿浜１丁目,2017-06-01,20,道路上,キーなし,なし,自動二輪（50cc超）
窃盗,オートバイ盗,西新井,鹿浜交番,131211,東京都,足立区,鹿浜３丁目,2018-04-21,17,一戸建住宅,キーなし,なし,原動機付自転車（50cc以下）
窃盗,オートバイ盗,西新井,新田駐在所,131211,東京都,足立区,新田１丁目,2018-07-26,20,４階建て以上共同住宅,キーなし,なし,自動二輪（50cc超）
窃盗,オートバイ盗,西新井,扇交番,131211,東京都,足立区,扇１丁目,2017-06-15,19,４階建て以上共同住宅,キーなし,なし,原動機付自転車（50cc以下）
窃盗,オートバイ盗,西新井,扇交番,131211,東京都,足立区,扇２丁目,2018-07-17,22,駐車（輪）場,キーなし,あり,自動二輪（50cc超）
窃盗,オートバイ盗,綾瀬,大谷田交番,131211,東京都,足立区,大谷田１丁目,2018-10-30,11,４階建て以上共同住宅,キーなし,なし,自動二輪（50cc超）
窃盗,オートバイ盗,綾瀬,大谷田交番,131211,東京都,足立区,大谷田３丁目,2018-11-08,19,４階建て以上共同住宅,キーなし,なし,自動二輪（50cc超）
窃盗,オートバイ盗,綾瀬,大谷田交番,131211,東京都,足立区,佐野２丁目,2018-07-10,08,４階建て以上共同住宅,キーなし,あり,自動二輪（50cc超）
窃盗,オートバイ盗,綾瀬,弘道交番,131211,東京都,足立区,青井１丁目,2018-04-19,00,４階建て以上共同住宅,キーなし,なし,原動機付自転車（50cc以下）
窃盗,オートバイ盗,綾瀬,弘道交番,131211,東京都,足立区,青井３丁目,2018-06-22,23,４階建て以上共同住宅,キーなし,なし,原動機付自転車（50cc以下）
窃盗,オートバイ盗,綾瀬,中央本町交番,131211,東京都,足立区,中央本町４丁目,2018-06-02,05,４階建て以上共同住宅,キーなし,なし,自動二輪（50cc超）
窃盗,オートバイ盗,綾瀬,中央本町交番,131211,東京都,足立区,一ツ家１丁目,2018-11-30,21,道路上,キーなし,なし,自動二輪（50cc超）
窃盗,オートバイ盗,綾瀬,中央本町交番,131211,東京都,足立区,平野１丁目,2018-04-13,18,４階建て以上共同住宅,キーなし,なし,原動機付自転車（50cc以下）
窃盗,オートバイ盗,綾瀬,中央本町交番,131211,東京都,足立区,保塚町,2018-11-30,20,駐車（輪）場,キーなし,なし,自動二輪（50cc超）
窃盗,オートバイ盗,綾瀬,中央本町交番,131211,東京都,足立区,保塚町,2018-12-01,23,一戸建住宅,キーなし,なし,自動二輪（50cc超）
窃盗,オートバイ盗,綾瀬,神明交番,131211,東京都,足立区,神明南１丁目,2018-06-10,09,その他の住宅（３階建て以下共同住宅等）,キーなし,なし,自動二輪（50cc超）
窃盗,オートバイ盗,綾瀬,神明交番,131211,東京都,足立区,神明南２丁目,2018-06-04,06,道路上,キーなし,なし,自動二輪（50cc超）
窃盗,オートバイ盗,綾瀬,神明交番,131211,東京都,足立区,辰沼２丁目,2018-09-08,22,その他の住宅（３階建て以下共同住宅等）,キーなし,なし,自動二輪（50cc超）
窃盗,オートバイ盗,綾瀬,神明交番,131211,東京都,足立区,谷中５丁目,2017-08-15,不明,駐車（輪）場,キーなし,なし,原動機付自転車（50cc以下）
窃盗,オートバイ盗,綾瀬,一ツ家交番,131211,東京都,足立区,青井５丁目,2018-07-16,11,４階建て以上共同住宅,キーなし,なし,自動二輪（50cc超）
窃盗,オートバイ盗,綾瀬,一ツ家交番,131211,東京都,足立区,青井６丁目,2018-07-26,18,その他の住宅（３階建て以下共同住宅等）,キーなし,なし,自動二輪（50cc超）
窃盗,オートバイ盗,綾瀬,一ツ家交番,131211,東京都,足立区,加平３丁目,2017-04-15,18,駐車（輪）場,キーなし,なし,原動機付自転車（50cc以下）
窃盗,オートバイ盗,綾瀬,一ツ家交番,131211,東京都,足立区,一ツ家１丁目,2018-06-24,20,道路上,キーなし,なし,自動二輪（50cc超）
窃盗,オートバイ盗,綾瀬,一ツ家交番,131211,東京都,足立区,保塚町,2018-05-15,19,その他,キーなし,なし,自動二輪（50cc超）
窃盗,オートバイ盗,綾瀬,東和交番,131211,東京都,足立区,東和３丁目,2018-09-19,18,駐車（輪）場,キーなし,なし,自動二輪（50cc超）
窃盗,オートバイ盗,綾瀬,足立四丁目交番,131211,東京都,足立区,足立１丁目,2018-08-10,22,その他の住宅（３階建て以下共同住宅等）,キーなし,なし,自動二輪（50cc超）
窃盗,オートバイ盗,綾瀬,足立四丁目交番,131211,東京都,足立区,足立１丁目,2018-08-15,22,道路上,キーなし,なし,自動二輪（50cc超）
窃盗,オートバイ盗,綾瀬,足立四丁目交番,131211,東京都,足立区,中央本町１丁目,2018-11-27,14,４階建て以上共同住宅,キーなし,なし,自動二輪（50cc超）
窃盗,オートバイ盗,綾瀬,綾瀬駅東口交番,131211,東京都,足立区,青井３丁目,2016-03-01,不明,４階建て以上共同住宅,キーなし,なし,原動機付自転車（50cc以下）
窃盗,オートバイ盗,綾瀬,綾瀬駅東口交番,131211,東京都,足立区,綾瀬３丁目,2017-12-15,21,その他の住宅（３階建て以下共同住宅等）,キーなし,なし,原動機付自転車（50cc以下）
窃盗,オートバイ盗,竹の塚,花畑交番,131211,東京都,足立区,花畑２丁目,2018-03-05,08,４階建て以上共同住宅,キーなし,あり,自動二輪（50cc超）
窃盗,オートバイ盗,竹の塚,花畑交番,131211,東京都,足立区,花畑２丁目,2018-11-26,20,その他の住宅（３階建て以下共同住宅等）,キーなし,なし,自動二輪（50cc超）
窃盗,オートバイ盗,竹の塚,花畑交番,131211,東京都,足立区,花畑３丁目,2018-08-08,07,駐車（輪）場,キーなし,なし,自動二輪（50cc超）
窃盗,オートバイ盗,竹の塚,花畑交番,131211,東京都,足立区,南花畑３丁目,2018-01-15,20,一戸建住宅,キーなし,あり,自動二輪（50cc超）
窃盗,オートバイ盗,竹の塚,花畑交番,131211,東京都,足立区,南花畑３丁目,2018-02-22,19,一戸建住宅,キーなし,なし,自動二輪（50cc超）
窃盗,オートバイ盗,竹の塚,保木間交番,131211,東京都,足立区,東保木間２丁目,2018-01-27,18,駐車（輪）場,キーなし,なし,自動二輪（50cc超）
窃盗,オートバイ盗,竹の塚,保木間交番,131211,東京都,足立区,東六月町,2018-08-08,19,一戸建住宅,キーなし,なし,自動二輪（50cc超）
窃盗,オートバイ盗,竹の塚,保木間交番,131211,東京都,足立区,保木間１丁目,2016-07-20,00,道路上,キーなし,なし,原動機付自転車（50cc以下）
窃盗,オートバイ盗,竹の塚,保木間交番,131211,東京都,足立区,保木間３丁目,2018-02-02,18,駐車（輪）場,キーなし,あり,自動二輪（50cc超）
窃盗,オートバイ盗,竹の塚,保木間交番,131211,東京都,足立区,保木間３丁目,2018-11-27,18,駐車（輪）場,キーなし,なし,自動二輪（50cc超）
窃盗,オートバイ盗,竹の塚,保木間交番,131211,東京都,足立区,保木間４丁目,2018-04-25,19,その他の住宅（３階建て以下共同住宅等）,キーなし,なし,自動二輪（50cc超）
窃盗,オートバイ盗,竹の塚,保木間交番,131211,東京都,足立区,保木間４丁目,2018-08-09,15,一戸建住宅,キーなし,あり,自動二輪（50cc超）
窃盗,オートバイ盗,竹の塚,西保木間交番,131211,東京都,足立区,花畑４丁目,2018-02-08,16,一戸建住宅,キーなし,あり,自動二輪（50cc超）
窃盗,オートバイ盗,竹の塚,西保木間交番,131211,東京都,足立区,花畑４丁目,2018-11-30,19,その他の住宅（３階建て以下共同住宅等）,キーなし,なし,自動二輪（50cc超）
窃盗,オートバイ盗,竹の塚,西保木間交番,131211,東京都,足立区,花畑５丁目,2017-12-15,19,４階建て以上共同住宅,キーなし,なし,自動二輪（50cc超）
窃盗,オートバイ盗,竹の塚,西保木間交番,131211,東京都,足立区,保木間４丁目,2018-02-06,01,その他の住宅（３階建て以下共同住宅等）,キーなし,なし,自動二輪（50cc超）
窃盗,オートバイ盗,竹の塚,西保木間交番,131211,東京都,足立区,保木間４丁目,2018-04-25,21,一戸建住宅,キーなし,あり,自動二輪（50cc超）
窃盗,オートバイ盗,竹の塚,西保木間交番,131211,東京都,足立区,保木間４丁目,2018-10-25,18,その他の住宅（３階建て以下共同住宅等）,キーなし,なし,自動二輪（50cc超）
窃盗,オートバイ盗,竹の塚,西保木間交番,131211,東京都,足立区,保木間４丁目,2018-10-25,19,その他の住宅（３階建て以下共同住宅等）,キーなし,なし,自動二輪（50cc超）
窃盗,オートバイ盗,竹の塚,竹の塚駅前交番,131211,東京都,足立区,竹の塚１丁目,2018-10-06,08,４階建て以上共同住宅,キーなし,なし,自動二輪（50cc超）
窃盗,オートバイ盗,竹の塚,竹の塚駅前交番,131211,東京都,足立区,竹の塚２丁目,2018-02-22,10,その他の住宅（３階建て以下共同住宅等）,キーなし,あり,自動二輪（50cc超）
窃盗,オートバイ盗,竹の塚,竹の塚駅前交番,131211,東京都,足立区,竹の塚２丁目,2018-03-14,18,４階建て以上共同住宅,キーなし,なし,原動機付自転車（50cc以下）
窃盗,オートバイ盗,竹の塚,竹の塚駅前交番,131211,東京都,足立区,竹の塚２丁目,2018-03-16,03,駐車（輪）場,キーなし,なし,原動機付自転車（50cc以下）
窃盗,オートバイ盗,竹の塚,竹の塚駅前交番,131211,東京都,足立区,竹の塚３丁目,2018-05-15,21,一戸建住宅,キーなし,なし,自動二輪（50cc超）
窃盗,オートバイ盗,竹の塚,竹の塚駅前交番,131211,東京都,足立区,竹の塚３丁目,2018-08-06,17,４階建て以上共同住宅,キーなし,あり,自動二輪（50cc超）
窃盗,オートバイ盗,竹の塚,竹の塚駅前交番,131211,東京都,足立区,竹の塚４丁目,2018-05-15,19,４階建て以上共同住宅,キーなし,なし,自動二輪（50cc超）
窃盗,オートバイ盗,竹の塚,竹の塚駅前交番,131211,東京都,足立区,竹の塚５丁目,2018-01-29,16,４階建て以上共同住宅,キーなし,なし,自動二輪（50cc超）
窃盗,オートバイ盗,竹の塚,伊興町交番,131211,東京都,足立区,伊興４丁目,2018-02-24,00,その他の住宅（３階建て以下共同住宅等）,キーなし,なし,自動二輪（50cc超）
窃盗,オートバイ盗,竹の塚,伊興町交番,131211,東京都,足立区,伊興４丁目,2018-03-16,08,駐車（輪）場,キーなし,なし,原動機付自転車（50cc以下）
窃盗,オートバイ盗,竹の塚,伊興町交番,131211,東京都,足立区,伊興４丁目,2018-03-17,18,駐車（輪）場,キーなし,なし,自動二輪（50cc超）
窃盗,オートバイ盗,竹の塚,伊興町交番,131211,東京都,足立区,伊興５丁目,2018-02-18,05,その他の住宅（３階建て以下共同住宅等）,キーなし,なし,原動機付自転車（50cc以下）
窃盗,オートバイ盗,竹の塚,入谷町交番,131211,東京都,足立区,入谷５丁目,2018-10-28,18,４階建て以上共同住宅,キーなし,なし,原動機付自転車（50cc以下）
窃盗,オートバイ盗,竹の塚,入谷町交番,131211,東京都,足立区,入谷９丁目,2018-07-03,15,一戸建住宅,キーなし,なし,原動機付自転車（50cc以下）
窃盗,オートバイ盗,竹の塚,入谷町交番,131211,東京都,足立区,入谷９丁目,2018-11-22,20,その他,キーなし,なし,原動機付自転車（50cc以下）
窃盗,オートバイ盗,竹の塚,見沼代親水公園駅前交番,131211,東京都,足立区,舎人１丁目,2018-02-10,23,４階建て以上共同住宅,キーなし,なし,原動機付自転車（50cc以下）
窃盗,オートバイ盗,竹の塚,見沼代親水公園駅前交番,131211,東京都,足立区,舎人５丁目,2018-09-19,09,４階建て以上共同住宅,キーなし,なし,原動機付自転車（50cc以下）
窃盗,オートバイ盗,竹の塚,見沼代親水公園駅前交番,131211,東京都,足立区,古千谷本町４丁目,2015-01-01,00,その他の住宅（３階建て以下共同住宅等）,キーなし,なし,原動機付自転車（50cc以下）
窃盗,オートバイ盗,竹の塚,古千谷駐在所,131211,東京都,足立区,西伊興４丁目,2017-12-15,00,駐車（輪）場,キーなし,なし,原動機付自転車（50cc以下）
窃盗,オートバイ盗,城東,日曹橋交番,131083,東京都,江東区,南砂２丁目,2017-09-25,15,４階建て以上共同住宅,キーなし,なし,自動二輪（50cc超）
窃盗,オートバイ盗,城東,日曹橋交番,131083,東京都,江東区,南砂２丁目,2018-02-10,23,４階建て以上共同住宅,キーなし,なし,自動二輪（50cc超）
窃盗,オートバイ盗,城東,日曹橋交番,131083,東京都,江東区,南砂２丁目,2018-06-09,17,４階建て以上共同住宅,キーなし,なし,原動機付自転車（50cc以下）
窃盗,オートバイ盗,城東,葛西橋西交番,131083,東京都,江東区,北砂７丁目,2018-12-18,12,４階建て以上共同住宅,キーなし,なし,原動機付自転車（50cc以下）
窃盗,オートバイ盗,城東,砂町交番,131083,東京都,江東区,南砂１丁目,2018-06-08,18,４階建て以上共同住宅,キーなし,なし,原動機付自転車（50cc以下）
窃盗,オートバイ盗,城東,砂町交番,131083,東京都,江東区,南砂５丁目,2018-04-14,21,道路上,キーなし,なし,自動二輪（50cc超）
窃盗,オートバイ盗,城東,砂町交番,131083,東京都,江東区,南砂５丁目,2018-11-26,19,４階建て以上共同住宅,キーなし,なし,自動二輪（50cc超）
窃盗,オートバイ盗,城東,北砂五丁目交番,131083,東京都,江東区,北砂３丁目,2018-06-01,不明,４階建て以上共同住宅,キーなし,なし,原動機付自転車（50cc以下）
窃盗,オートバイ盗,城東,北砂五丁目交番,131083,東京都,江東区,北砂５丁目,2013-12-11,不明,４階建て以上共同住宅,キーなし,なし,自動二輪（50cc超）
窃盗,オートバイ盗,城東,北砂五丁目交番,131083,東京都,江東区,北砂５丁目,2016-10-01,不明,４階建て以上共同住宅,キーなし,なし,自動二輪（50cc超）
窃盗,オートバイ盗,城東,北砂五丁目交番,131083,東京都,江東区,北砂５丁目,2017-12-01,不明,道路上,キーなし,あり,自動二輪（50cc超）
窃盗,オートバイ盗,城東,北砂五丁目交番,131083,東京都,江東区,北砂５丁目,2018-01-16,16,４階建て以上共同住宅,キーなし,なし,原動機付自転車（50cc以下）
窃盗,オートバイ盗,城東,番所橋交番,131083,東京都,江東区,北砂７丁目,2018-01-30,20,４階建て以上共同住宅,キーなし,なし,原動機付自転車（50cc以下）
窃盗,オートバイ盗,城東,番所橋交番,131083,東京都,江東区,東砂２丁目,2013-10-11,不明,４階建て以上共同住宅,キーなし,なし,自動二輪（50cc超）
窃盗,オートバイ盗,城東,大島交番,131083,東京都,江東区,大島３丁目,2018-10-12,23,道路上,キーなし,なし,原動機付自転車（50cc以下）
窃盗,オートバイ盗,城東,大島交番,131083,東京都,江東区,大島６丁目,2018-04-04,08,道路上,キーなし,なし,原動機付自転車（50cc以下）
窃盗,オートバイ盗,城東,天神橋交番,131083,東京都,江東区,亀戸２丁目,2015-06-01,不明,４階建て以上共同住宅,キーなし,なし,自動二輪（50cc超）
窃盗,オートバイ盗,城東,天神橋交番,131083,東京都,江東区,亀戸２丁目,2018-01-12,18,４階建て以上共同住宅,キーなし,なし,自動二輪（50cc超）
窃盗,オートバイ盗,城東,亀戸駅前交番,131083,東京都,江東区,亀戸１丁目,2018-08-15,16,４階建て以上共同住宅,キーなし,なし,自動二輪（50cc超）
窃盗,オートバイ盗,城東,亀戸駅前交番,131083,東京都,江東区,亀戸２丁目,2018-01-11,15,４階建て以上共同住宅,キーなし,なし,原動機付自転車（50cc以下）
窃盗,オートバイ盗,城東,亀戸駅前交番,131083,東京都,江東区,亀戸３丁目,2018-09-23,11,４階建て以上共同住宅,キーなし,なし,原動機付自転車（50cc以下）
窃盗,オートバイ盗,本所,江東橋交番,131075,東京都,墨田区,亀沢４丁目,2018-08-31,16,道路上,キーなし,なし,自動二輪（50cc超）
窃盗,オートバイ盗,本所,錦糸町駅南口交番,131075,東京都,墨田区,江東橋３丁目,2018-06-16,10,道路上,キーなし,なし,原動機付自転車（50cc以下）
窃盗,オートバイ盗,本所,錦糸町駅南口交番,131075,東京都,墨田区,江東橋３丁目,2018-06-17,12,駐車（輪）場,キーなし,なし,原動機付自転車（50cc以下）
窃盗,オートバイ盗,本所,錦糸町駅南口交番,131075,東京都,墨田区,江東橋４丁目,2018-01-19,15,駐車（輪）場,キーなし,なし,原動機付自転車（50cc以下）
窃盗,オートバイ盗,本所,横川交番,131075,東京都,墨田区,横川４丁目,2018-03-31,22,駐車（輪）場,キーなし,なし,原動機付自転車（50cc以下）
窃盗,オートバイ盗,本所,向島交番,131075,東京都,墨田区,向島５丁目,2018-01-13,22,道路上,キーなし,なし,自動二輪（50cc超）
窃盗,オートバイ盗,本所,言問交番,131075,東京都,墨田区,向島３丁目,2018-03-18,00,４階建て以上共同住宅,キーなし,なし,原動機付自転車（50cc以下）
窃盗,オートバイ盗,向島,平井橋交番,131075,東京都,墨田区,立花６丁目,2018-06-09,17,４階建て以上共同住宅,キーなし,なし,自動二輪（50cc超）
窃盗,オートバイ盗,向島,小村井交番,131075,東京都,墨田区,立花１丁目,2018-06-28,20,４階建て以上共同住宅,キーなし,なし,自動二輪（50cc超）
窃盗,オートバイ盗,向島,小村井交番,131075,東京都,墨田区,立花１丁目,2018-07-18,16,４階建て以上共同住宅,キーなし,なし,自動二輪（50cc超）
窃盗,オートバイ盗,向島,小村井交番,131075,東京都,墨田区,文花１丁目,2018-02-03,20,４階建て以上共同住宅,キーなし,なし,自動二輪（50cc超）
窃盗,オートバイ盗,向島,小村井交番,131075,東京都,墨田区,文花１丁目,2018-02-21,02,４階建て以上共同住宅,キーなし,なし,自動二輪（50cc超）
窃盗,オートバイ盗,向島,小村井交番,131075,東京都,墨田区,文花１丁目,2018-02-21,14,４階建て以上共同住宅,キーなし,なし,自動二輪（50cc超）
窃盗,オートバイ盗,向島,小村井交番,131075,東京都,墨田区,文花１丁目,2018-02-26,20,４階建て以上共同住宅,キーなし,なし,自動二輪（50cc超）
窃盗,オートバイ盗,向島,小村井交番,131075,東京都,墨田区,文花１丁目,2018-08-20,17,４階建て以上共同住宅,キーなし,なし,自動二輪（50cc超）
窃盗,オートバイ盗,向島,東向島交番,131075,東京都,墨田区,八広５丁目,2016-08-20,17,４階建て以上共同住宅,キーなし,なし,自動二輪（50cc超）
窃盗,オートバイ盗,向島,東向島交番,131075,東京都,墨田区,八広５丁目,2018-01-14,02,４階建て以上共同住宅,キーなし,なし,自動二輪（50cc超）
窃盗,オートバイ盗,向島,八広四丁目交番,131075,東京都,墨田区,八広４丁目,2018-12-03,22,その他の住宅（３階建て以下共同住宅等）,キーなし,なし,自動二輪（50cc超）
窃盗,オートバイ盗,亀有,堀切七丁目交番,131229,東京都,葛飾区,堀切７丁目,2018-04-03,16,一戸建住宅,キーなし,なし,原動機付自転車（50cc以下）
窃盗,オートバイ盗,亀有,お花茶屋交番,131229,東京都,葛飾区,白鳥１丁目,2018-12-01,19,一戸建住宅,キーなし,なし,自動二輪（50cc超）
窃盗,オートバイ盗,亀有,青戸交番,131229,東京都,葛飾区,青戸８丁目,2018-06-09,22,４階建て以上共同住宅,キーなし,なし,原動機付自転車（50cc以下）
窃盗,オートバイ盗,亀有,青戸交番,131229,東京都,葛飾区,青戸８丁目,2018-09-29,10,駐車（輪）場,キーなし,なし,原動機付自転車（50cc以下）
窃盗,オートバイ盗,亀有,青戸交番,131229,東京都,葛飾区,白鳥４丁目,2018-09-27,19,駐車（輪）場,キーなし,なし,自動二輪（50cc超）
窃盗,オートバイ盗,亀有,亀有駅南口交番,131229,東京都,葛飾区,亀有２丁目,2018-07-20,00,駐車（輪）場,キーなし,なし,自動二輪（50cc超）
窃盗,オートバイ盗,亀有,亀有駅北口交番,131229,東京都,葛飾区,亀有５丁目,2018-04-28,22,駐車（輪）場,キーなし,なし,原動機付自転車（50cc以下）
窃盗,オートバイ盗,亀有,亀有駅北口交番,131229,東京都,葛飾区,亀有５丁目,2018-06-28,10,道路上,キーなし,なし,自動二輪（50cc超）
窃盗,オートバイ盗,亀有,亀有駅北口交番,131229,東京都,葛飾区,西亀有４丁目,2018-06-01,不明,４階建て以上共同住宅,キーなし,なし,自動二輪（50cc超）
窃盗,オートバイ盗,亀有,東金町交番,131229,東京都,葛飾区,東金町５丁目,2018-04-24,19,一戸建住宅,キーなし,なし,自動二輪（50cc超）
窃盗,オートバイ盗,亀有,西水元駐在所,131229,東京都,葛飾区,西水元４丁目,2018-07-16,01,道路上,キーなし,なし,自動二輪（50cc超）
窃盗,オートバイ盗,亀有,西水元駐在所,131229,東京都,葛飾区,西水元５丁目,2018-10-03,18,駐車（輪）場,キーなし,あり,自動二輪（50cc超）
窃盗,オートバイ盗,亀有,西水元駐在所,131229,東京都,葛飾区,西水元５丁目,2018-12-27,05,４階建て以上共同住宅,キーなし,なし,自動二輪（50cc超）
窃盗,オートバイ盗,亀有,柴又二丁目交番,131229,東京都,葛飾区,柴又２丁目,2018-09-01,21,駐車（輪）場,キーなし,なし,原動機付自転車（50cc以下）
窃盗,オートバイ盗,亀有,南水元交番,131229,東京都,葛飾区,新宿４丁目,2018-11-14,07,道路上,キーなし,なし,自動二輪（50cc超）
窃盗,オートバイ盗,亀有,葛三橋交番,131229,東京都,葛飾区,東水元５丁目,2018-12-17,08,その他の住宅（３階建て以下共同住宅等）,キーなし,なし,原動機付自転車（50cc以下）
窃盗,オートバイ盗,亀有,葛三橋交番,131229,東京都,葛飾区,水元２丁目,2018-12-15,02,４階建て以上共同住宅,キーなし,なし,自動二輪（50cc超）
窃盗,オートバイ盗,葛飾,四ツ木交番,131229,東京都,葛飾区,四つ木１丁目,2018-12-01,00,その他の住宅（３階建て以下共同住宅等）,キーなし,あり,自動二輪（50cc超）
窃盗,オートバイ盗,葛飾,四ツ木交番,131229,東京都,葛飾区,四つ木４丁目,2018-02-27,10,駐車（輪）場,キーなし,なし,自動二輪（50cc超）
窃盗,オートバイ盗,葛飾,宝町交番,131229,東京都,葛飾区,宝町１丁目,2018-10-19,18,駐車（輪）場,キーなし,なし,自動二輪（50cc超）
窃盗,オートバイ盗,葛飾,宝町交番,131229,東京都,葛飾区,宝町２丁目,2018-10-20,19,その他の住宅（３階建て以下共同住宅等）,キーなし,なし,自動二輪（50cc超）
窃盗,オートバイ盗,葛飾,宝町交番,131229,東京都,葛飾区,四つ木５丁目,2018-05-09,20,一戸建住宅,キーなし,なし,自動二輪（50cc超）
窃盗,オートバイ盗,葛飾,青砥駅前交番,131229,東京都,葛飾区,青戸１丁目,2018-08-02,20,その他,キーなし,あり,自動二輪（50cc超）
窃盗,オートバイ盗,葛飾,高砂駅前交番,131229,東京都,葛飾区,高砂１丁目,2018-05-29,22,道路上,キーなし,なし,自動二輪（50cc超）
窃盗,オートバイ盗,葛飾,新小岩駅前交番,131229,東京都,葛飾区,新小岩１丁目,2018-04-01,08,一戸建住宅,キーなし,なし,自動二輪（50cc超）
窃盗,オートバイ盗,葛飾,たつみ橋交番,131229,東京都,葛飾区,東新小岩３丁目,2017-11-06,22,駐車（輪）場,キーなし,なし,自動二輪（50cc超）
窃盗,オートバイ盗,葛飾,上平井交番,131229,東京都,葛飾区,東新小岩８丁目,2018-10-29,19,４階建て以上共同住宅,キーなし,なし,自動二輪（50cc超）
窃盗,オートバイ盗,葛飾,四ツ木駅前交番,131229,東京都,葛飾区,四つ木４丁目,2018-05-06,21,その他の住宅（３階建て以下共同住宅等）,キーなし,なし,原動機付自転車（50cc以下）
窃盗,オートバイ盗,葛飾,鎌倉交番,131229,東京都,葛飾区,奥戸７丁目,2018-11-19,19,４階建て以上共同住宅,キーなし,なし,原動機付自転車（50cc以下）
窃盗,オートバイ盗,小松川,小松川四丁目交番,131237,東京都,江戸川区,小松川４丁目,2018-10-27,16,一戸建住宅,キーなし,なし,自動二輪（50cc超）
窃盗,オートバイ盗,小松川,平井七丁目交番,131237,東京都,江戸川区,平井７丁目,2018-05-06,20,４階建て以上共同住宅,キーなし,なし,原動機付自転車（50cc以下）
窃盗,オートバイ盗,小松川,松島四丁目交番,131237,東京都,江戸川区,松島４丁目,2018-03-05,17,道路上,キーなし,なし,原動機付自転車（50cc以下）
窃盗,オートバイ盗,小松川,八蔵橋交番,131237,東京都,江戸川区,中央２丁目,2018-02-03,20,４階建て以上共同住宅,キーなし,なし,原動機付自転車（50cc以下）
窃盗,オートバイ盗,小松川,八蔵橋交番,131237,東京都,江戸川区,中央４丁目,2018-05-28,01,その他,キーなし,なし,自動二輪（50cc超）
窃盗,オートバイ盗,小松川,八蔵橋交番,131237,東京都,江戸川区,大杉５丁目,2018-04-14,18,４階建て以上共同住宅,キーなし,なし,原動機付自転車（50cc以下）
窃盗,オートバイ盗,小松川,京葉通交番,131237,東京都,江戸川区,松江１丁目,2018-05-14,08,駐車（輪）場,キーなし,なし,自動二輪（50cc超）
窃盗,オートバイ盗,小松川,京葉通交番,131237,東京都,江戸川区,松江２丁目,2018-04-25,17,駐車（輪）場,キーなし,なし,自動二輪（50cc超）
窃盗,オートバイ盗,小松川,京葉通交番,131237,東京都,江戸川区,大杉２丁目,2018-11-12,06,一戸建住宅,キーなし,なし,自動二輪（50cc超）
窃盗,オートバイ盗,小松川,松江交番,131237,東京都,江戸川区,西小松川町,2018-01-30,22,一戸建住宅,キーなし,あり,自動二輪（50cc超）
窃盗,オートバイ盗,小松川,松江交番,131237,東京都,江戸川区,東小松川３丁目,2018-05-19,22,その他の住宅（３階建て以下共同住宅等）,キーなし,なし,自動二輪（50cc超）
窃盗,オートバイ盗,小松川,松江交番,131237,東京都,江戸川区,松江１丁目,2018-03-21,01,駐車（輪）場,キーなし,なし,自動二輪（50cc超）
窃盗,オートバイ盗,小松川,松江交番,131237,東京都,江戸川区,松江２丁目,2018-03-20,20,道路上,キーなし,なし,自動二輪（50cc超）
窃盗,オートバイ盗,小松川,松江交番,131237,東京都,江戸川区,松江５丁目,2018-07-27,21,４階建て以上共同住宅,キーなし,なし,自動二輪（50cc超）
窃盗,オートバイ盗,小松川,一之江交番,131237,東京都,江戸川区,一之江６丁目,2018-04-10,21,その他の住宅（３階建て以下共同住宅等）,キーなし,なし,自動二輪（50cc超）
窃盗,オートバイ盗,小松川,一之江交番,131237,東京都,江戸川区,一之江７丁目,2018-03-05,02,その他,キーなし,なし,原動機付自転車（50cc以下）
窃盗,オートバイ盗,小松川,今井交番,131237,東京都,江戸川区,西瑞江３丁目,2018-12-09,21,駐車（輪）場,キーなし,なし,原動機付自転車（50cc以下）
窃盗,オートバイ盗,小松川,椿町駐在所,131237,東京都,江戸川区,春江町２丁目,2018-05-01,22,４階建て以上共同住宅,キーなし,あり,自動二輪（50cc超）
窃盗,オートバイ盗,小松川,椿町駐在所,131237,東京都,江戸川区,春江町２丁目,2018-08-04,21,その他の住宅（３階建て以下共同住宅等）,キーなし,なし,自動二輪（50cc超）
窃盗,オートバイ盗,小松川,椿町駐在所,131237,東京都,江戸川区,春江町３丁目,2018-10-09,09,一戸建住宅,キーなし,なし,自動二輪（50cc超）
窃盗,オートバイ盗,小松川,南篠崎交番,131237,東京都,江戸川区,江戸川２丁目,2018-07-26,22,一戸建住宅,キーなし,なし,自動二輪（50cc超）
窃盗,オートバイ盗,小松川,南篠崎交番,131237,東京都,江戸川区,南篠崎町２丁目,2018-12-16,03,４階建て以上共同住宅,キーなし,なし,原動機付自転車（50cc以下）
窃盗,オートバイ盗,小松川,南篠崎交番,131237,東京都,江戸川区,南篠崎町５丁目,2018-07-05,22,４階建て以上共同住宅,キーなし,なし,自動二輪（50cc超）
窃盗,オートバイ盗,小松川,南篠崎交番,131237,東京都,江戸川区,東篠崎１丁目,2018-11-15,10,４階建て以上共同住宅,キーなし,なし,原動機付自転車（50cc以下）
窃盗,オートバイ盗,小松川,小松川一丁目交番,131237,東京都,江戸川区,小松川１丁目,2018-05-17,20,４階建て以上共同住宅,キーなし,なし,原動機付自転車（50cc以下）
窃盗,オートバイ盗,小松川,小松川一丁目交番,131237,東京都,江戸川区,小松川２丁目,2018-06-03,21,４階建て以上共同住宅,キーなし,なし,自動二輪（50cc超）
窃盗,オートバイ盗,小松川,篠崎駅前交番,131237,東京都,江戸川区,篠崎町６丁目,2018-08-03,18,その他の住宅（３階建て以下共同住宅等）,キーなし,なし,自動二輪（50cc超）
窃盗,オートバイ盗,小松川,篠崎駅前交番,131237,東京都,江戸川区,新堀２丁目,2018-07-01,20,４階建て以上共同住宅,キーなし,あり,自動二輪（50cc超）
窃盗,オートバイ盗,小松川,篠崎駅前交番,131237,東京都,江戸川区,新堀２丁目,2018-07-08,10,４階建て以上共同住宅,キーなし,なし,原動機付自転車（50cc以下）
窃盗,オートバイ盗,小松川,篠崎駅前交番,131237,東京都,江戸川区,春江町１丁目,2018-03-08,21,４階建て以上共同住宅,キーなし,なし,自動二輪（50cc超）
窃盗,オートバイ盗,小松川,篠崎駅前交番,131237,東京都,江戸川区,春江町１丁目,2018-06-28,00,駐車（輪）場,キーなし,なし,自動二輪（50cc超）
窃盗,オートバイ盗,小岩,一里塚交番,131237,東京都,江戸川区,東小岩３丁目,2018-04-29,22,一戸建住宅,キーなし,なし,原動機付自転車（50cc以下）
窃盗,オートバイ盗,小岩,一里塚交番,131237,東京都,江戸川区,東松本１丁目,2018-06-05,22,その他の住宅（３階建て以下共同住宅等）,キーなし,なし,原動機付自転車（50cc以下）
窃盗,オートバイ盗,小岩,南小岩交番,131237,東京都,江戸川区,南小岩２丁目,2018-01-20,00,一戸建住宅,キーなし,なし,自動二輪（50cc超）
窃盗,オートバイ盗,小岩,南小岩交番,131237,東京都,江戸川区,上篠崎２丁目,2018-07-28,19,その他の住宅（３階建て以下共同住宅等）,キーなし,なし,原動機付自転車（50cc以下）
窃盗,オートバイ盗,小岩,京成小岩駅前交番,131237,東京都,江戸川区,北小岩２丁目,2018-05-13,20,その他の住宅（３階建て以下共同住宅等）,キーなし,なし,自動二輪（50cc超）
窃盗,オートバイ盗,小岩,江戸川交番,131237,東京都,江戸川区,東小岩６丁目,2018-05-05,18,道路上,キーなし,なし,原動機付自転車（50cc以下）
窃盗,オートバイ盗,小岩,北小岩駐在所,131237,東京都,江戸川区,北小岩８丁目,2018-05-06,23,道路上,キーなし,なし,自動二輪（50cc超）
窃盗,オートバイ盗,小岩,北小岩駐在所,131237,東京都,江戸川区,上篠崎１丁目,2018-05-22,18,駐車（輪）場,キーなし,なし,自動二輪（50cc超）
窃盗,オートバイ盗,小岩,鹿骨交番,131237,東京都,江戸川区,鹿骨１丁目,2018-06-02,20,駐車（輪）場,キーなし,なし,自動二輪（50cc超）
窃盗,オートバイ盗,小岩,鹿骨交番,131237,東京都,江戸川区,鹿骨５丁目,2018-01-07,09,その他の住宅（３階建て以下共同住宅等）,キーなし,なし,自動二輪（50cc超）
窃盗,オートバイ盗,小岩,鹿骨交番,131237,東京都,江戸川区,鹿骨５丁目,2018-09-19,18,一戸建住宅,キーなし,なし,自動二輪（50cc超）
窃盗,オートバイ盗,小岩,鹿骨交番,131237,東京都,江戸川区,鹿骨５丁目,2018-11-07,18,その他の住宅（３階建て以下共同住宅等）,キーなし,なし,原動機付自転車（50cc以下）
窃盗,オートバイ盗,小岩,鹿骨交番,131237,東京都,江戸川区,鹿骨５丁目,2018-12-20,13,駐車（輪）場,キーなし,あり,原動機付自転車（50cc以下）
窃盗,オートバイ盗,小岩,上篠崎駐在所,131237,東京都,江戸川区,上篠崎１丁目,2018-12-25,09,駐車（輪）場,キーなし,なし,自動二輪（50cc超）
窃盗,オートバイ盗,葛西,船堀駅前交番,131237,東京都,江戸川区,一之江町,2017-12-24,12,４階建て以上共同住宅,キーなし,なし,自動二輪（50cc超）
窃盗,オートバイ盗,葛西,船堀駅前交番,131237,東京都,江戸川区,船堀１丁目,2018-06-06,13,４階建て以上共同住宅,キーなし,なし,自動二輪（50cc超）
窃盗,オートバイ盗,葛西,船堀駅前交番,131237,東京都,江戸川区,船堀１丁目,2018-10-21,21,４階建て以上共同住宅,キーなし,なし,原動機付自転車（50cc以下）
窃盗,オートバイ盗,葛西,船堀駅前交番,131237,東京都,江戸川区,船堀６丁目,2018-02-10,19,その他の住宅（３階建て以下共同住宅等）,キーなし,なし,原動機付自転車（50cc以下）
窃盗,オートバイ盗,葛西,船堀駅前交番,131237,東京都,江戸川区,船堀６丁目,2018-07-04,23,道路上,キーなし,なし,自動二輪（50cc超）
窃盗,オートバイ盗,葛西,葛西橋東交番,131237,東京都,江戸川区,北葛西２丁目,2018-04-14,18,４階建て以上共同住宅,キーなし,なし,自動二輪（50cc超）
窃盗,オートバイ盗,葛西,葛西橋東交番,131237,東京都,江戸川区,北葛西３丁目,2018-05-04,20,道路上,キーなし,なし,自動二輪（50cc超）
窃盗,オートバイ盗,葛西,共栄橋交番,131237,東京都,江戸川区,中葛西３丁目,2018-07-15,12,その他の住宅（３階建て以下共同住宅等）,キーなし,なし,自動二輪（50cc超）
窃盗,オートバイ盗,葛西,東葛西五丁目交番,131237,東京都,江戸川区,東葛西４丁目,2017-11-20,20,４階建て以上共同住宅,キーなし,なし,原動機付自転車（50cc以下）
窃盗,オートバイ盗,葛西,西葛西駅前交番,131237,東京都,江戸川区,西葛西６丁目,2017-02-18,21,道路上,キーなし,なし,原動機付自転車（50cc以下）
窃盗,オートバイ盗,葛西,宇喜田駐在所,131237,東京都,江戸川区,宇喜田町,2018-05-22,22,道路上,キーなし,なし,自動二輪（50cc超）
窃盗,オートバイ盗,葛西,東葛西九丁目駐在所,131237,東京都,江戸川区,東葛西７丁目,2018-09-17,01,４階建て以上共同住宅,キーなし,あり,自動二輪（50cc超）
窃盗,オートバイ盗,葛西,南葛西交番,131237,東京都,江戸川区,南葛西３丁目,2018-01-28,17,４階建て以上共同住宅,キーなし,なし,自動二輪（50cc超）
窃盗,オートバイ盗,葛西,南葛西交番,131237,東京都,江戸川区,南葛西３丁目,2018-05-18,17,４階建て以上共同住宅,キーなし,あり,自動二輪（50cc超）
窃盗,オートバイ盗,葛西,南葛西交番,131237,東京都,江戸川区,南葛西４丁目,2018-02-03,13,４階建て以上共同住宅,キーなし,あり,自動二輪（50cc超）
窃盗,オートバイ盗,葛西,南葛西交番,131237,東京都,江戸川区,南葛西４丁目,2018-06-01,22,駐車（輪）場,キーなし,なし,自動二輪（50cc超）
窃盗,オートバイ盗,葛西,南葛西交番,131237,東京都,江戸川区,南葛西４丁目,2018-07-21,19,駐車（輪）場,キーなし,なし,原動機付自転車（50cc以下）
窃盗,オートバイ盗,葛西,南葛西交番,131237,東京都,江戸川区,南葛西６丁目,2016-12-10,05,道路上,キーなし,なし,自動二輪（50cc超）
窃盗,オートバイ盗,葛西,葛西駅前交番,131237,東京都,江戸川区,中葛西５丁目,2018-07-05,18,駐車（輪）場,キーなし,なし,原動機付自転車（50cc以下）
窃盗,オートバイ盗,葛西,葛西駅前交番,131237,東京都,江戸川区,東葛西６丁目,2018-05-31,08,その他の住宅（３階建て以下共同住宅等）,キーなし,なし,自動二輪（50cc超）
窃盗,オートバイ盗,葛西,葛西駅前交番,131237,東京都,江戸川区,東葛西６丁目,2018-07-12,06,道路上,キーなし,なし,自動二輪（50cc超）
窃盗,オートバイ盗,葛西,葛西駅前交番,131237,東京都,江戸川区,東葛西６丁目,2018-09-30,19,駐車（輪）場,キーなし,なし,自動二輪（50cc超）
窃盗,オートバイ盗,葛西,江戸川六丁目交番,131237,東京都,江戸川区,江戸川６丁目,2017-12-26,22,４階建て以上共同住宅,キーなし,あり,自動二輪（50cc超）
窃盗,オートバイ盗,葛西,江戸川六丁目交番,131237,東京都,江戸川区,江戸川６丁目,2018-04-16,21,４階建て以上共同住宅,キーなし,なし,自動二輪（50cc超）
窃盗,オートバイ盗,葛西,江戸川六丁目交番,131237,東京都,江戸川区,江戸川６丁目,2018-10-31,13,その他の住宅（３階建て以下共同住宅等）,キーなし,なし,原動機付自転車（50cc以下）
窃盗,オートバイ盗,葛西,江戸川六丁目交番,131237,東京都,江戸川区,西瑞江５丁目,2018-02-15,19,その他の住宅（３階建て以下共同住宅等）,キーなし,あり,自動二輪（50cc超）
窃盗,オートバイ盗,葛西,臨海公園交番,131237,東京都,江戸川区,南葛西５丁目,2018-05-31,17,４階建て以上共同住宅,キーなし,なし,自動二輪（50cc超）
窃盗,オートバイ盗,葛西,臨海公園交番,131237,東京都,江戸川区,清新町２丁目,2018-01-02,19,４階建て以上共同住宅,キーなし,なし,自動二輪（50cc超）
窃盗,オートバイ盗,葛西,臨海公園交番,131237,東京都,江戸川区,臨海町２丁目,2018-05-31,18,４階建て以上共同住宅,キーなし,なし,自動二輪（50cc超）
窃盗,オートバイ盗,葛西,臨海公園交番,131237,東京都,江戸川区,臨海町２丁目,2018-09-04,17,４階建て以上共同住宅,キーなし,なし,自動二輪（50cc超）
窃盗,オートバイ盗,葛西,臨海公園交番,131237,東京都,江戸川区,臨海町２丁目,2018-11-02,18,４階建て以上共同住宅,キーなし,なし,自動二輪（50cc超）
窃盗,オートバイ盗,葛西,臨海公園交番,131237,東京都,江戸川区,臨海町６丁目,2018-01-14,11,駐車（輪）場,キーなし,なし,自動二輪（50cc超）
窃盗,オートバイ盗,南大沢,北野駅前交番,132012,東京都,八王子市,長沼町,2018-01-22,15,その他の住宅（３階建て以下共同住宅等）,キーなし,なし,原動機付自転車（50cc以下）
窃盗,オートバイ盗,南大沢,北野駅前交番,132012,東京都,八王子市,長沼町,2018-01-29,14,その他の住宅（３階建て以下共同住宅等）,キーなし,なし,原動機付自転車（50cc以下）
窃盗,オートバイ盗,南大沢,北野駅前交番,132012,東京都,八王子市,長沼町,2018-02-07,10,４階建て以上共同住宅,キーなし,なし,自動二輪（50cc超）
窃盗,オートバイ盗,南大沢,北野駅前交番,132012,東京都,八王子市,長沼町,2018-02-11,23,４階建て以上共同住宅,キーなし,なし,原動機付自転車（50cc以下）
窃盗,オートバイ盗,南大沢,下柚木交番,132012,東京都,八王子市,越野,2018-10-08,19,その他の住宅（３階建て以下共同住宅等）,キーなし,なし,原動機付自転車（50cc以下）
窃盗,オートバイ盗,南大沢,下柚木交番,132012,東京都,八王子市,下柚木,2018-11-24,16,その他の住宅（３階建て以下共同住宅等）,キーなし,なし,自動二輪（50cc超）
窃盗,オートバイ盗,南大沢,下柚木交番,132012,東京都,八王子市,下柚木２丁目,2017-04-01,不明,４階建て以上共同住宅,キーなし,なし,原動機付自転車（50cc以下）
窃盗,オートバイ盗,南大沢,下柚木交番,132012,東京都,八王子市,下柚木２丁目,2018-01-13,20,その他の住宅（３階建て以下共同住宅等）,キーなし,なし,原動機付自転車（50cc以下）
窃盗,オートバイ盗,南大沢,下柚木交番,132012,東京都,八王子市,下柚木２丁目,2018-05-05,17,４階建て以上共同住宅,キーなし,なし,自動二輪（50cc超）
窃盗,オートバイ盗,南大沢,下柚木交番,132012,東京都,八王子市,下柚木３丁目,2018-11-25,10,４階建て以上共同住宅,キーなし,なし,原動機付自転車（50cc以下）
窃盗,オートバイ盗,南大沢,下柚木交番,132012,東京都,八王子市,下柚木３丁目,2018-11-29,23,４階建て以上共同住宅,キーなし,なし,原動機付自転車（50cc以下）
窃盗,オートバイ盗,南大沢,松が谷交番,132012,東京都,八王子市,大塚,2017-12-23,17,その他の住宅（３階建て以下共同住宅等）,キーなし,なし,原動機付自転車（50cc以下）
窃盗,オートバイ盗,南大沢,松が谷交番,132012,東京都,八王子市,大塚,2018-02-15,11,その他の住宅（３階建て以下共同住宅等）,キーなし,なし,原動機付自転車（50cc以下）
窃盗,オートバイ盗,南大沢,松が谷交番,132012,東京都,八王子市,大塚,2018-11-16,17,その他の住宅（３階建て以下共同住宅等）,キーなし,なし,原動機付自転車（50cc以下）
窃盗,オートバイ盗,南大沢,松が谷交番,132012,東京都,八王子市,鹿島,2017-09-01,不明,４階建て以上共同住宅,キーなし,なし,原動機付自転車（50cc以下）
窃盗,オートバイ盗,南大沢,松が谷交番,132012,東京都,八王子市,松が谷,2012-08-20,10,４階建て以上共同住宅,キーなし,なし,原動機付自転車（50cc以下）
窃盗,オートバイ盗,南大沢,高嶺交番,132012,東京都,八王子市,片倉町,2018-09-13,16,その他の住宅（３階建て以下共同住宅等）,キーなし,なし,原動機付自転車（50cc以下）
窃盗,オートバイ盗,南大沢,堀之内駅前交番,132012,東京都,八王子市,別所１丁目,2018-11-15,07,４階建て以上共同住宅,キーなし,なし,原動機付自転車（50cc以下）
窃盗,オートバイ盗,南大沢,堀之内駅前交番,132012,東京都,八王子市,別所１丁目,2018-11-24,20,その他の住宅（３階建て以下共同住宅等）,キーなし,なし,原動機付自転車（50cc以下）
窃盗,オートバイ盗,南大沢,堀之内駅前交番,132012,東京都,八王子市,別所１丁目,2018-11-25,20,４階建て以上共同住宅,キーなし,なし,原動機付自転車（50cc以下）
窃盗,オートバイ盗,南大沢,堀之内駅前交番,132012,東京都,八王子市,別所２丁目,2018-05-25,不明,その他の住宅（３階建て以下共同住宅等）,キーなし,なし,原動機付自転車（50cc以下）
窃盗,オートバイ盗,南大沢,堀之内駅前交番,132012,東京都,八王子市,別所２丁目,2018-11-16,21,４階建て以上共同住宅,キーなし,なし,原動機付自転車（50cc以下）
窃盗,オートバイ盗,南大沢,堀之内駅前交番,132012,東京都,八王子市,堀之内３丁目,2014-01-31,不明,その他の住宅（３階建て以下共同住宅等）,キーなし,なし,原動機付自転車（50cc以下）
窃盗,オートバイ盗,南大沢,堀之内駅前交番,132012,東京都,八王子市,堀之内３丁目,2018-01-27,11,４階建て以上共同住宅,キーなし,なし,原動機付自転車（50cc以下）
窃盗,オートバイ盗,南大沢,堀之内駅前交番,132012,東京都,八王子市,堀之内３丁目,2018-01-29,21,４階建て以上共同住宅,キーなし,なし,原動機付自転車（50cc以下）
窃盗,オートバイ盗,南大沢,堀之内駅前交番,132012,東京都,八王子市,堀之内３丁目,2018-03-12,21,その他の住宅（３階建て以下共同住宅等）,キーなし,なし,原動機付自転車（50cc以下）
窃盗,オートバイ盗,南大沢,堀之内駅前交番,132012,東京都,八王子市,松木,2018-04-21,18,４階建て以上共同住宅,キーなし,なし,自動二輪（50cc超）
窃盗,オートバイ盗,南大沢,堀之内駅前交番,132012,東京都,八王子市,松木,2018-11-17,22,４階建て以上共同住宅,キーなし,なし,原動機付自転車（50cc以下）
窃盗,オートバイ盗,南大沢,堀之内駅前交番,132012,東京都,八王子市,松木,2018-11-20,19,駐車（輪）場,キーなし,なし,原動機付自転車（50cc以下）
窃盗,オートバイ盗,南大沢,南大沢駅前交番,132012,東京都,八王子市,上柚木３丁目,2018-01-20,21,４階建て以上共同住宅,キーなし,なし,原動機付自転車（50cc以下）
窃盗,オートバイ盗,南大沢,南大沢駅前交番,132012,東京都,八王子市,南大沢１丁目,2018-11-22,00,その他,キーなし,なし,原動機付自転車（50cc以下）
窃盗,オートバイ盗,南大沢,南大沢駅前交番,132012,東京都,八王子市,南大沢１丁目,2018-11-22,21,４階建て以上共同住宅,キーなし,なし,原動機付自転車（50cc以下）
窃盗,オートバイ盗,南大沢,南大沢駅前交番,132012,東京都,八王子市,南大沢２丁目,2018-03-30,不明,その他の住宅（３階建て以下共同住宅等）,キーなし,あり,自動二輪（50cc超）
窃盗,オートバイ盗,南大沢,南大沢駅前交番,132012,東京都,八王子市,南大沢２丁目,2018-09-22,21,４階建て以上共同住宅,キーなし,なし,自動二輪（50cc超）
窃盗,オートバイ盗,南大沢,南大沢駅前交番,132012,東京都,八王子市,南大沢２丁目,2018-10-25,19,その他の住宅（３階建て以下共同住宅等）,キーなし,なし,原動機付自転車（50cc以下）
窃盗,オートバイ盗,南大沢,南大沢駅前交番,132012,東京都,八王子市,南大沢４丁目,2018-05-03,14,４階建て以上共同住宅,キーなし,なし,自動二輪（50cc超）
窃盗,オートバイ盗,南大沢,みなみ野交番,132012,東京都,八王子市,西片倉２丁目,2017-08-15,18,４階建て以上共同住宅,キーなし,なし,原動機付自転車（50cc以下）
窃盗,オートバイ盗,南大沢,みなみ野交番,132012,東京都,八王子市,西片倉３丁目,2018-08-17,09,その他の住宅（３階建て以下共同住宅等）,キーなし,なし,自動二輪（50cc超）
窃盗,オートバイ盗,南大沢,みなみ野交番,132012,東京都,八王子市,兵衛２丁目,2016-07-06,23,その他の住宅（３階建て以下共同住宅等）,キーなし,なし,原動機付自転車（50cc以下）
窃盗,オートバイ盗,南大沢,みなみ野交番,132012,東京都,八王子市,みなみ野１丁目,2018-05-01,15,駐車（輪）場,キーなし,なし,原動機付自転車（50cc以下）
窃盗,オートバイ盗,南大沢,みなみ野交番,132012,東京都,八王子市,みなみ野１丁目,2018-07-08,02,その他の住宅（３階建て以下共同住宅等）,キーなし,なし,原動機付自転車（50cc以下）
窃盗,オートバイ盗,南大沢,みなみ野交番,132012,東京都,八王子市,みなみ野１丁目,2018-10-13,09,駐車（輪）場,キーなし,なし,原動機付自転車（50cc以下）
窃盗,オートバイ盗,南大沢,みなみ野交番,132012,東京都,八王子市,七国１丁目,2018-05-26,17,その他の住宅（３階建て以下共同住宅等）,キーなし,なし,原動機付自転車（50cc以下）
窃盗,オートバイ盗,南大沢,相原駅前交番,132098,東京都,町田市,相原町,2018-09-23,13,駐車（輪）場,キーなし,なし,原動機付自転車（50cc以下）
窃盗,オートバイ盗,南大沢,堀之内駐在所,132012,東京都,八王子市,東中野,2018-05-27,13,その他の住宅（３階建て以下共同住宅等）,キーなし,なし,原動機付自転車（50cc以下）
窃盗,オートバイ盗,南大沢,堀之内駐在所,132012,東京都,八王子市,東中野,2018-06-13,07,その他の住宅（３階建て以下共同住宅等）,キーなし,なし,原動機付自転車（50cc以下）
窃盗,オートバイ盗,南大沢,堀之内駐在所,132012,東京都,八王子市,堀之内２丁目,2017-05-01,不明,４階建て以上共同住宅,キーなし,なし,原動機付自転車（50cc以下）
窃盗,オートバイ盗,南大沢,上柚木駐在所,132012,東京都,八王子市,上柚木,2018-07-12,19,一戸建住宅,キーなし,なし,自動二輪（50cc超）
窃盗,オートバイ盗,南大沢,上柚木駐在所,132012,東京都,八王子市,鑓水,2018-05-22,12,その他の住宅（３階建て以下共同住宅等）,キーなし,なし,自動二輪（50cc超）
窃盗,オートバイ盗,南大沢,上柚木駐在所,132012,東京都,八王子市,鑓水２丁目,2017-03-06,不明,４階建て以上共同住宅,キーなし,なし,原動機付自転車（50cc以下）
窃盗,オートバイ盗,南大沢,小比企駐在所,132012,東京都,八王子市,小比企町,2018-03-29,07,その他の住宅（３階建て以下共同住宅等）,キーなし,なし,原動機付自転車（50cc以下）
窃盗,オートバイ盗,南大沢,小比企駐在所,132012,東京都,八王子市,小比企町,2018-04-13,08,４階建て以上共同住宅,キーなし,なし,自動二輪（50cc超）
窃盗,オートバイ盗,南大沢,小比企駐在所,132012,東京都,八王子市,小比企町,2018-05-01,19,その他の住宅（３階建て以下共同住宅等）,キーなし,なし,自動二輪（50cc超）
窃盗,オートバイ盗,南大沢,小比企駐在所,132012,東京都,八王子市,小比企町,2018-05-05,20,４階建て以上共同住宅,キーなし,なし,自動二輪（50cc超）
窃盗,オートバイ盗,南大沢,小比企駐在所,132012,東京都,八王子市,小比企町,2018-05-11,00,４階建て以上共同住宅,キーなし,なし,原動機付自転車（50cc以下）
窃盗,オートバイ盗,南大沢,小比企駐在所,132012,東京都,八王子市,小比企町,2018-06-03,20,その他の住宅（３階建て以下共同住宅等）,キーなし,なし,原動機付自転車（50cc以下）
窃盗,オートバイ盗,南大沢,南大沢駐在所,132012,東京都,八王子市,南大沢３丁目,2012-12-01,不明,４階建て以上共同住宅,キーなし,なし,自動二輪（50cc超）
窃盗,オートバイ盗,南大沢,南大沢駐在所,132012,東京都,八王子市,南大沢３丁目,2018-03-01,20,４階建て以上共同住宅,キーなし,なし,原動機付自転車（50cc以下）
窃盗,オートバイ盗,南大沢,南大沢駐在所,132012,東京都,八王子市,南大沢３丁目,2018-08-24,19,４階建て以上共同住宅,キーなし,なし,原動機付自転車（50cc以下）
窃盗,オートバイ盗,南大沢,宮上駐在所,132012,東京都,八王子市,上柚木３丁目,2018-09-29,09,４階建て以上共同住宅,キーなし,なし,原動機付自転車（50cc以下）
窃盗,オートバイ盗,南大沢,宮上駐在所,132012,東京都,八王子市,南大沢５丁目,2017-12-01,不明,４階建て以上共同住宅,キーなし,なし,原動機付自転車（50cc以下）
窃盗,オートバイ盗,南大沢,宮上駐在所,132012,東京都,八王子市,南大沢５丁目,2018-03-18,15,４階建て以上共同住宅,キーなし,なし,原動機付自転車（50cc以下）
窃盗,オートバイ盗,南大沢,宮上駐在所,132012,東京都,八王子市,南大沢５丁目,2018-09-30,16,４階建て以上共同住宅,キーなし,なし,原動機付自転車（50cc以下）
窃盗,オートバイ盗,南大沢,宮上駐在所,132012,東京都,八王子市,南大沢５丁目,2018-10-01,20,４階建て以上共同住宅,キーなし,なし,原動機付自転車（50cc以下）
窃盗,オートバイ盗,南大沢,宮上駐在所,132012,東京都,八王子市,南大沢５丁目,2018-11-10,12,４階建て以上共同住宅,キーなし,なし,原動機付自転車（50cc以下）
窃盗,オートバイ盗,南大沢,大戸駐在所,132098,東京都,町田市,相原町,2018-03-26,22,４階建て以上共同住宅,キーなし,なし,自動二輪（50cc超）
窃盗,オートバイ盗,南大沢,大戸駐在所,132098,東京都,町田市,相原町,2018-04-23,22,４階建て以上共同住宅,キーなし,なし,原動機付自転車（50cc以下）
窃盗,オートバイ盗,高尾,高尾駅前交番,132012,東京都,八王子市,狭間町,2018-04-07,08,駐車（輪）場,キーなし,なし,原動機付自転車（50cc以下）
窃盗,オートバイ盗,高尾,並木町交番,132012,東京都,八王子市,散田町４丁目,2018-04-29,18,その他の住宅（３階建て以下共同住宅等）,キーなし,なし,自動二輪（50cc超）
窃盗,オートバイ盗,高尾,並木町交番,132012,東京都,八王子市,散田町５丁目,2018-08-26,17,その他の住宅（３階建て以下共同住宅等）,キーなし,なし,原動機付自転車（50cc以下）
窃盗,オートバイ盗,高尾,めじろ台交番,132012,東京都,八王子市,椚田町,2018-04-10,不明,その他の住宅（３階建て以下共同住宅等）,キーなし,なし,自動二輪（50cc超）
窃盗,オートバイ盗,高尾,めじろ台交番,132012,東京都,八王子市,椚田町,2018-04-19,13,道路上,キーなし,なし,原動機付自転車（50cc以下）
窃盗,オートバイ盗,高尾,めじろ台交番,132012,東京都,八王子市,椚田町,2018-10-04,23,その他の住宅（３階建て以下共同住宅等）,キーなし,なし,原動機付自転車（50cc以下）
窃盗,オートバイ盗,高尾,めじろ台交番,132012,東京都,八王子市,椚田町,2018-10-05,20,その他の住宅（３階建て以下共同住宅等）,キーなし,なし,原動機付自転車（50cc以下）
窃盗,オートバイ盗,高尾,めじろ台交番,132012,東京都,八王子市,めじろ台２丁目,2018-06-19,16,４階建て以上共同住宅,キーなし,なし,原動機付自転車（50cc以下）
窃盗,オートバイ盗,高尾,めじろ台交番,132012,東京都,八王子市,めじろ台２丁目,2018-10-17,20,その他の住宅（３階建て以下共同住宅等）,キーなし,なし,原動機付自転車（50cc以下）
窃盗,オートバイ盗,高尾,めじろ台交番,132012,東京都,八王子市,めじろ台２丁目,2018-10-17,20,その他の住宅（３階建て以下共同住宅等）,キーなし,なし,原動機付自転車（50cc以下）
窃盗,オートバイ盗,高尾,めじろ台交番,132012,東京都,八王子市,山田町,2018-05-05,22,一戸建住宅,キーなし,なし,自動二輪（50cc超）
窃盗,オートバイ盗,高尾,めじろ台交番,132012,東京都,八王子市,山田町,2018-10-12,19,駐車（輪）場,キーなし,なし,原動機付自転車（50cc以下）
窃盗,オートバイ盗,高尾,長房町交番,132012,東京都,八王子市,長房町,2018-04-01,不明,４階建て以上共同住宅,キーなし,なし,自動二輪（50cc超）
窃盗,オートバイ盗,高尾,長房町交番,132012,東京都,八王子市,長房町,2018-05-05,不明,その他の住宅（３階建て以下共同住宅等）,キーなし,なし,原動機付自転車（50cc以下）
窃盗,オートバイ盗,高尾,長房町交番,132012,東京都,八王子市,長房町,2018-10-05,20,その他の住宅（３階建て以下共同住宅等）,キーなし,なし,原動機付自転車（50cc以下）
窃盗,オートバイ盗,高尾,長房町交番,132012,東京都,八王子市,長房町,2018-10-07,09,その他の住宅（３階建て以下共同住宅等）,キーなし,なし,自動二輪（50cc超）
窃盗,オートバイ盗,高尾,長房町交番,132012,東京都,八王子市,長房町,2018-12-01,不明,４階建て以上共同住宅,キーなし,なし,自動二輪（50cc超）
窃盗,オートバイ盗,高尾,横川町交番,132012,東京都,八王子市,横川町,2017-11-15,不明,４階建て以上共同住宅,キーなし,なし,自動二輪（50cc超）
窃盗,オートバイ盗,高尾,横川町交番,132012,東京都,八王子市,横川町,2018-04-04,18,一戸建住宅,キーなし,なし,原動機付自転車（50cc以下）
窃盗,オートバイ盗,高尾,諏訪交番,132012,東京都,八王子市,泉町,2018-09-28,22,その他の住宅（３階建て以下共同住宅等）,キーなし,なし,原動機付自転車（50cc以下）
窃盗,オートバイ盗,高尾,諏訪交番,132012,東京都,八王子市,大楽寺町,2018-08-02,19,一戸建住宅,キーなし,なし,原動機付自転車（50cc以下）
窃盗,オートバイ盗,高尾,高尾下駐在所,132012,東京都,八王子市,南浅川町,2018-10-15,16,その他,キーなし,なし,原動機付自転車（50cc以下）
窃盗,オートバイ盗,高尾,館ケ丘駐在所,132012,東京都,八王子市,館町,2018-10-04,14,４階建て以上共同住宅,キーなし,なし,原動機付自転車（50cc以下）
窃盗,オートバイ盗,高尾,館ケ丘駐在所,132012,東京都,八王子市,館町,2018-10-06,17,４階建て以上共同住宅,キーなし,なし,原動機付自転車（50cc以下）
窃盗,オートバイ盗,高尾,館駐在所,132012,東京都,八王子市,館町,2018-05-21,00,その他の住宅（３階建て以下共同住宅等）,キーなし,なし,原動機付自転車（50cc以下）
窃盗,オートバイ盗,高尾,館駐在所,132012,東京都,八王子市,館町,2018-09-28,19,その他の住宅（３階建て以下共同住宅等）,キーなし,なし,原動機付自転車（50cc以下）
窃盗,オートバイ盗,高尾,館駐在所,132012,東京都,八王子市,館町,2018-09-28,20,一戸建住宅,キーなし,なし,原動機付自転車（50cc以下）
窃盗,オートバイ盗,高尾,館駐在所,132012,東京都,八王子市,館町,2018-10-03,16,その他の住宅（３階建て以下共同住宅等）,キーなし,なし,原動機付自転車（50cc以下）
窃盗,オートバイ盗,高尾,館駐在所,132012,東京都,八王子市,館町,2018-10-03,23,その他の住宅（３階建て以下共同住宅等）,キーなし,なし,自動二輪（50cc超）
窃盗,オートバイ盗,高尾,寺田団地駐在所,132012,東京都,八王子市,寺田町,2018-10-12,17,その他の住宅（３階建て以下共同住宅等）,キーなし,なし,原動機付自転車（50cc以下）
窃盗,オートバイ盗,高尾,寺田団地駐在所,132012,東京都,八王子市,寺田町,2018-10-12,18,その他の住宅（３階建て以下共同住宅等）,キーなし,なし,原動機付自転車（50cc以下）
窃盗,オートバイ盗,高尾,寺田団地駐在所,132012,東京都,八王子市,寺田町,2018-10-21,22,その他の住宅（３階建て以下共同住宅等）,キーなし,なし,自動二輪（50cc超）
窃盗,オートバイ盗,高尾,下恩方駐在所,132012,東京都,八王子市,下恩方町,2018-02-02,15,一戸建住宅,キーなし,なし,原動機付自転車（50cc以下）
窃盗,オートバイ盗,多摩中央,桜ケ丘駅前交番,132241,東京都,多摩市,一ノ宮２丁目,2018-11-02,16,駐車（輪）場,キーなし,なし,原動機付自転車（50cc以下）
窃盗,オートバイ盗,多摩中央,愛宕交番,132241,東京都,多摩市,愛宕３丁目,2018-08-07,22,４階建て以上共同住宅,キーなし,なし,原動機付自転車（50cc以下）
窃盗,オートバイ盗,多摩中央,愛宕交番,132241,東京都,多摩市,乞田,2017-10-01,不明,駐車（輪）場,キーなし,なし,原動機付自転車（50cc以下）
窃盗,オートバイ盗,多摩中央,永山駅前交番,132241,東京都,多摩市,永山１丁目,2018-09-08,11,道路上,キーなし,なし,原動機付自転車（50cc以下）
窃盗,オートバイ盗,多摩中央,永山駅前交番,132241,東京都,多摩市,永山１丁目,2018-12-09,18,駐車（輪）場,キーなし,なし,原動機付自転車（50cc以下）
窃盗,オートバイ盗,多摩中央,永山駅前交番,132241,東京都,多摩市,永山１丁目,2018-12-13,16,駐車（輪）場,キーなし,なし,原動機付自転車（50cc以下）
窃盗,オートバイ盗,多摩中央,永山駅前交番,132241,東京都,多摩市,永山１丁目,2018-12-24,06,道路上,キーなし,なし,原動機付自転車（50cc以下）
窃盗,オートバイ盗,多摩中央,永山駅前交番,132241,東京都,多摩市,永山６丁目,2016-05-01,00,４階建て以上共同住宅,キーなし,なし,原動機付自転車（50cc以下）
窃盗,オートバイ盗,多摩中央,永山駅前交番,132241,東京都,多摩市,馬引沢２丁目,2018-02-18,20,４階建て以上共同住宅,キーなし,なし,自動二輪（50cc超）
窃盗,オートバイ盗,多摩中央,永山四丁目交番,132241,東京都,多摩市,諏訪３丁目,2018-03-11,07,その他,キーなし,なし,自動二輪（50cc超）
窃盗,オートバイ盗,多摩中央,永山四丁目交番,132241,東京都,多摩市,諏訪４丁目,2018-10-09,18,４階建て以上共同住宅,キーなし,なし,自動二輪（50cc超）
窃盗,オートバイ盗,多摩中央,永山四丁目交番,132241,東京都,多摩市,諏訪４丁目,2018-11-05,00,４階建て以上共同住宅,キーなし,なし,自動二輪（50cc超）
窃盗,オートバイ盗,多摩中央,永山四丁目交番,132241,東京都,多摩市,諏訪４丁目,2018-11-12,13,４階建て以上共同住宅,キーなし,なし,原動機付自転車（50cc以下）
窃盗,オートバイ盗,多摩中央,永山四丁目交番,132241,東京都,多摩市,諏訪４丁目,2018-12-06,18,４階建て以上共同住宅,キーなし,なし,自動二輪（50cc超）
窃盗,オートバイ盗,多摩中央,貝取交番,132241,東京都,多摩市,落合４丁目,2018-02-09,21,４階建て以上共同住宅,キーなし,なし,原動機付自転車（50cc以下）
窃盗,オートバイ盗,多摩中央,貝取交番,132241,東京都,多摩市,落合４丁目,2018-09-14,19,４階建て以上共同住宅,キーなし,なし,原動機付自転車（50cc以下）
窃盗,オートバイ盗,多摩中央,多摩センター駅前交番,132241,東京都,多摩市,愛宕４丁目,2018-02-01,10,４階建て以上共同住宅,キーなし,なし,原動機付自転車（50cc以下）
窃盗,オートバイ盗,多摩中央,多摩センター駅前交番,132241,東京都,多摩市,愛宕４丁目,2018-05-17,13,４階建て以上共同住宅,キーなし,なし,自動二輪（50cc超）
窃盗,オートバイ盗,多摩中央,多摩センター駅前交番,132241,東京都,多摩市,落合１丁目,2018-05-04,18,駐車（輪）場,キーなし,なし,原動機付自転車（50cc以下）
窃盗,オートバイ盗,多摩中央,多摩センター駅前交番,132241,東京都,多摩市,山王下１丁目,2018-04-26,23,４階建て以上共同住宅,キーなし,なし,原動機付自転車（50cc以下）
窃盗,オートバイ盗,多摩中央,大丸交番,132250,東京都,稲城市,大丸,2014-08-01,不明,その他の住宅（３階建て以下共同住宅等）,キーなし,なし,自動二輪（50cc超）
窃盗,オートバイ盗,多摩中央,大丸交番,132250,東京都,稲城市,大丸,2018-09-30,20,その他の住宅（３階建て以下共同住宅等）,キーなし,なし,自動二輪（50cc超）
窃盗,オートバイ盗,多摩中央,矢野口交番,132250,東京都,稲城市,矢野口,2018-11-03,19,駐車（輪）場,キーなし,なし,原動機付自転車（50cc以下）
窃盗,オートバイ盗,多摩中央,平尾交番,132250,東京都,稲城市,平尾３丁目,2018-09-17,10,４階建て以上共同住宅,キーなし,なし,原動機付自転車（50cc以下）
窃盗,オートバイ盗,多摩中央,和田駐在所,132241,東京都,多摩市,和田,2018-07-25,09,４階建て以上共同住宅,キーなし,なし,原動機付自転車（50cc以下）
窃盗,オートバイ盗,多摩中央,聖ケ丘駐在所,132241,東京都,多摩市,聖ケ丘１丁目,2018-11-16,18,その他の住宅（３階建て以下共同住宅等）,キーなし,なし,原動機付自転車（50cc以下）
窃盗,オートバイ盗,多摩中央,落合六丁目駐在所,132241,東京都,多摩市,南野３丁目,2014-11-01,21,道路上,キーなし,なし,自動二輪（50cc超）
窃盗,オートバイ盗,多摩中央,長峰駐在所,132250,東京都,稲城市,長峰３丁目,2018-07-20,18,４階建て以上共同住宅,キーなし,なし,自動二輪（50cc超）
窃盗,オートバイ盗,多摩中央,唐木田駅前駐在所,132241,東京都,多摩市,唐木田１丁目,2018-11-06,21,４階建て以上共同住宅,キーなし,なし,原動機付自転車（50cc以下）
窃盗,オートバイ盗,東大和,けやき通交番,132209,東京都,東大和市,清原３丁目,2018-03-28,20,４階建て以上共同住宅,キーなし,なし,原動機付自転車（50cc以下）
窃盗,オートバイ盗,東大和,けやき通交番,132209,東京都,東大和市,新堀３丁目,2018-03-31,19,その他の住宅（３階建て以下共同住宅等）,キーなし,なし,自動二輪（50cc超）
窃盗,オートバイ盗,東大和,けやき通交番,132209,東京都,東大和市,向原４丁目,2018-01-25,15,その他の住宅（３階建て以下共同住宅等）,キーなし,なし,原動機付自転車（50cc以下）
窃盗,オートバイ盗,東大和,南街交番,132209,東京都,東大和市,向原６丁目,2018-07-12,10,４階建て以上共同住宅,キーなし,なし,自動二輪（50cc超）
窃盗,オートバイ盗,東大和,南街交番,132209,東京都,東大和市,向原６丁目,2018-07-30,17,４階建て以上共同住宅,キーなし,なし,原動機付自転車（50cc以下）
窃盗,オートバイ盗,東大和,南街交番,132209,東京都,東大和市,向原６丁目,2018-10-20,20,４階建て以上共同住宅,キーなし,なし,自動二輪（50cc超）
窃盗,オートバイ盗,東大和,奈良橋交番,132209,東京都,東大和市,蔵敷３丁目,2018-03-30,20,４階建て以上共同住宅,キーなし,なし,自動二輪（50cc超）
窃盗,オートバイ盗,東大和,奈良橋交番,132209,東京都,東大和市,中央２丁目,2018-02-26,15,その他の住宅（３階建て以下共同住宅等）,キーなし,なし,自動二輪（50cc超）
窃盗,オートバイ盗,東大和,奈良橋交番,132209,東京都,東大和市,奈良橋５丁目,2018-04-22,03,その他の住宅（３階建て以下共同住宅等）,キーなし,なし,自動二輪（50cc超）
窃盗,オートバイ盗,東大和,村山交番,132233,東京都,武蔵村山市,大南１丁目,2018-04-20,19,その他の住宅（３階建て以下共同住宅等）,キーなし,なし,原動機付自転車（50cc以下）
窃盗,オートバイ盗,東大和,村山交番,132233,東京都,武蔵村山市,大南２丁目,2018-05-13,17,一戸建住宅,キーなし,なし,自動二輪（50cc超）
窃盗,オートバイ盗,東大和,村山交番,132233,東京都,武蔵村山市,緑が丘,2017-04-16,16,４階建て以上共同住宅,キーなし,なし,原動機付自転車（50cc以下）
窃盗,オートバイ盗,東大和,中藤交番,132233,東京都,武蔵村山市,学園１丁目,2018-03-13,16,その他の住宅（３階建て以下共同住宅等）,キーなし,なし,原動機付自転車（50cc以下）
窃盗,オートバイ盗,東大和,中藤交番,132233,東京都,武蔵村山市,三ツ藤１丁目,2018-07-03,02,一戸建住宅,キーなし,なし,自動二輪（50cc超）
窃盗,オートバイ盗,東大和,中藤交番,132233,東京都,武蔵村山市,神明２丁目,2018-08-16,19,一戸建住宅,キーなし,なし,自動二輪（50cc超）
窃盗,オートバイ盗,東大和,中藤交番,132233,東京都,武蔵村山市,中藤３丁目,2018-05-19,22,その他の住宅（３階建て以下共同住宅等）,キーなし,なし,自動二輪（50cc超）
窃盗,オートバイ盗,東大和,中藤交番,132233,東京都,武蔵村山市,中藤３丁目,2018-08-16,20,一戸建住宅,キーなし,なし,原動機付自転車（50cc以下）
窃盗,オートバイ盗,東大和,中藤交番,132233,東京都,武蔵村山市,中藤４丁目,2018-08-25,13,その他の住宅（３階建て以下共同住宅等）,キーなし,なし,自動二輪（50cc超）
窃盗,オートバイ盗,東大和,三ツ木交番,132233,東京都,武蔵村山市,残堀５丁目,2014-07-01,20,その他の住宅（３階建て以下共同住宅等）,キーなし,なし,原動機付自転車（50cc以下）
窃盗,オートバイ盗,東大和,三ツ木交番,132233,東京都,武蔵村山市,三ツ藤３丁目,2018-04-30,19,一戸建住宅,キーなし,なし,自動二輪（50cc超）
窃盗,オートバイ盗,東大和,三ツ木交番,132233,東京都,武蔵村山市,三ツ木１丁目,2018-08-11,22,一戸建住宅,キーなし,なし,自動二輪（50cc超）
窃盗,オートバイ盗,東大和,三ツ木交番,132233,東京都,武蔵村山市,三ツ木５丁目,2018-08-13,01,一戸建住宅,キーなし,なし,原動機付自転車（50cc以下）
窃盗,オートバイ盗,東大和,残堀駐在所,132233,東京都,武蔵村山市,伊奈平５丁目,2018-02-10,15,道路上,キーなし,なし,自動二輪（50cc超）
窃盗,オートバイ盗,東大和,玉川上水駅前交番,132233,東京都,武蔵村山市,大南５丁目,2018-07-21,20,一戸建住宅,キーなし,なし,自動二輪（50cc超）
窃盗,オートバイ盗,青梅,東青梅駅前交番,132055,東京都,青梅市,東青梅２丁目,2017-01-04,19,道路上,キーなし,なし,原動機付自転車（50cc以下）
窃盗,オートバイ盗,青梅,東青梅駅前交番,132055,東京都,青梅市,東青梅２丁目,2017-11-01,16,４階建て以上共同住宅,キーなし,なし,原動機付自転車（50cc以下）
窃盗,オートバイ盗,青梅,友田駐在所,132055,東京都,青梅市,友田町５丁目,2017-06-24,22,４階建て以上共同住宅,キーなし,なし,原動機付自転車（50cc以下）
窃盗,オートバイ盗,青梅,友田駐在所,132055,東京都,青梅市,吹上,2018-03-17,17,一戸建住宅,キーなし,なし,自動二輪（50cc超）
窃盗,オートバイ盗,青梅,大門駐在所,132055,東京都,青梅市,大門１丁目,2018-11-01,23,その他の住宅（３階建て以下共同住宅等）,キーなし,なし,原動機付自転車（50cc以下）
窃盗,オートバイ盗,青梅,今寺駐在所,132055,東京都,青梅市,今井１丁目,2018-03-21,09,一戸建住宅,キーなし,なし,原動機付自転車（50cc以下）
窃盗,オートバイ盗,青梅,今寺駐在所,132055,東京都,青梅市,今寺１丁目,2018-05-19,20,その他の住宅（３階建て以下共同住宅等）,キーなし,なし,自動二輪（50cc超）
窃盗,オートバイ盗,青梅,新町交番,132055,東京都,青梅市,新町１丁目,2018-11-16,17,一戸建住宅,キーなし,なし,原動機付自転車（50cc以下）
窃盗,オートバイ盗,青梅,新町交番,132055,東京都,青梅市,新町３丁目,2018-05-07,07,その他の住宅（３階建て以下共同住宅等）,キーなし,なし,自動二輪（50cc超）
窃盗,オートバイ盗,青梅,新町交番,132055,東京都,青梅市,新町５丁目,2012-12-01,00,その他の住宅（３階建て以下共同住宅等）,キーなし,なし,自動二輪（50cc超）
窃盗,オートバイ盗,青梅,新町交番,132055,東京都,青梅市,新町７丁目,2018-07-20,06,４階建て以上共同住宅,キーなし,なし,原動機付自転車（50cc以下）
窃盗,オートバイ盗,青梅,新町交番,132055,東京都,青梅市,新町８丁目,2018-09-01,21,その他の住宅（３階建て以下共同住宅等）,キーなし,なし,原動機付自転車（50cc以下）
窃盗,オートバイ盗,青梅,新町交番,132055,東京都,青梅市,新町８丁目,2018-12-22,22,その他の住宅（３階建て以下共同住宅等）,キーなし,なし,自動二輪（50cc超）
窃盗,オートバイ盗,青梅,新町交番,132055,東京都,青梅市,新町９丁目,2018-01-15,13,４階建て以上共同住宅,キーなし,なし,自動二輪（50cc超）
窃盗,オートバイ盗,青梅,新町交番,132055,東京都,青梅市,野上町３丁目,2018-11-08,20,４階建て以上共同住宅,キーなし,なし,原動機付自転車（50cc以下）
窃盗,オートバイ盗,青梅,今井駐在所,132055,東京都,青梅市,今井２丁目,2018-03-18,11,一戸建住宅,キーなし,なし,原動機付自転車（50cc以下）
窃盗,オートバイ盗,青梅,今井駐在所,132055,東京都,青梅市,今井３丁目,2018-03-18,20,一戸建住宅,キーなし,なし,原動機付自転車（50cc以下）
窃盗,オートバイ盗,青梅,青梅駅前交番,132055,東京都,青梅市,千ヶ瀬町６丁目,2018-04-27,12,その他,キーなし,なし,原動機付自転車（50cc以下）
窃盗,オートバイ盗,青梅,青梅駅前交番,132055,東京都,青梅市,上町,2018-12-06,19,４階建て以上共同住宅,キーなし,なし,自動二輪（50cc超）
窃盗,オートバイ盗,青梅,青梅駅前交番,132055,東京都,青梅市,仲町,2018-10-16,18,４階建て以上共同住宅,キーなし,なし,自動二輪（50cc超）
窃盗,オートバイ盗,青梅,河辺駅前交番,132055,東京都,青梅市,河辺町９丁目,2018-11-16,19,４階建て以上共同住宅,キーなし,なし,原動機付自転車（50cc以下）
窃盗,オートバイ盗,五日市,五日市駅前交番,132284,東京都,あきる野市,舘谷台,2018-04-19,07,駐車（輪）場,キーなし,なし,原動機付自転車（50cc以下）
窃盗,オートバイ盗,五日市,留原駐在所,132284,東京都,あきる野市,小和田,2018-06-18,18,一戸建住宅,キーなし,なし,自動二輪（50cc超）
窃盗,オートバイ盗,五日市,平井駐在所,133051,東京都,日の出町,大字大久野,2018-03-24,21,駐車（輪）場,キーなし,あり,自動二輪（50cc超）
窃盗,オートバイ盗,福生,福生駅前交番,132187,東京都,福生市,加美平２丁目,2018-10-03,07,その他の住宅（３階建て以下共同住宅等）,キーなし,なし,自動二輪（50cc超）
窃盗,オートバイ盗,福生,福生駅前交番,132187,東京都,福生市,加美平４丁目,2018-05-07,17,４階建て以上共同住宅,キーなし,なし,自動二輪（50cc超）
窃盗,オートバイ盗,福生,福生駅前交番,132187,東京都,福生市,武蔵野台２丁目,2018-04-08,20,その他の住宅（３階建て以下共同住宅等）,キーなし,なし,原動機付自転車（50cc以下）
窃盗,オートバイ盗,福生,横田交番,132187,東京都,福生市,大字熊川,2018-02-19,19,その他の住宅（３階建て以下共同住宅等）,キーなし,なし,自動二輪（50cc超）
窃盗,オートバイ盗,福生,内出交番,132187,東京都,福生市,大字熊川,2016-12-10,10,駐車（輪）場,キーなし,なし,自動二輪（50cc超）
窃盗,オートバイ盗,福生,下福生駐在所,132187,東京都,福生市,大字熊川,2018-01-17,12,その他の住宅（３階建て以下共同住宅等）,キーなし,なし,原動機付自転車（50cc以下）
窃盗,オートバイ盗,福生,上福生駐在所,132187,東京都,福生市,加美平３丁目,2018-09-06,21,一戸建住宅,キーなし,なし,自動二輪（50cc超）
窃盗,オートバイ盗,福生,上福生駐在所,132187,東京都,福生市,大字福生,2018-08-09,14,その他の住宅（３階建て以下共同住宅等）,キーなし,なし,自動二輪（50cc超）
窃盗,オートバイ盗,福生,石畑駐在所,133035,東京都,瑞穂町,大字殿ケ谷,2018-06-24,14,駐車（輪）場,キーなし,なし,自動二輪（50cc超）
窃盗,オートバイ盗,福生,石畑駐在所,133035,東京都,瑞穂町,大字武蔵,2018-02-13,19,駐車（輪）場,キーなし,なし,自動二輪（50cc超）
窃盗,オートバイ盗,福生,長岡駐在所,133035,東京都,瑞穂町,大字箱根ケ崎,2018-05-19,11,駐車（輪）場,キーなし,なし,自動二輪（50cc超）
窃盗,オートバイ盗,福生,武蔵野駐在所,133035,東京都,瑞穂町,むさし野１丁目,2018-09-06,17,４階建て以上共同住宅,キーなし,なし,原動機付自転車（50cc以下）
窃盗,オートバイ盗,福生,羽村駅前交番,132276,東京都,羽村市,川崎３丁目,2018-06-20,09,４階建て以上共同住宅,キーなし,なし,自動二輪（50cc超）
窃盗,オートバイ盗,福生,羽村駅前交番,132276,東京都,羽村市,五ノ神３丁目,2018-10-30,19,４階建て以上共同住宅,キーなし,なし,原動機付自転車（50cc以下）
窃盗,オートバイ盗,福生,羽村駅前交番,132276,東京都,羽村市,羽東１丁目,2018-03-29,12,駐車（輪）場,キーなし,なし,原動機付自転車（50cc以下）
窃盗,オートバイ盗,福生,羽村駅前交番,132276,東京都,羽村市,羽東２丁目,2018-05-20,07,４階建て以上共同住宅,キーなし,なし,原動機付自転車（50cc以下）
窃盗,オートバイ盗,福生,野辺駐在所,132284,東京都,あきる野市,野辺,2018-02-16,19,その他の住宅（３階建て以下共同住宅等）,キーなし,なし,原動機付自転車（50cc以下）
窃盗,オートバイ盗,福生,野辺駐在所,132284,東京都,あきる野市,野辺,2018-10-25,13,駐車（輪）場,キーなし,なし,原動機付自転車（50cc以下）
窃盗,オートバイ盗,福生,二宮駐在所,132284,東京都,あきる野市,野辺,2018-04-28,16,駐車（輪）場,キーなし,なし,自動二輪（50cc超）
窃盗,オートバイ盗,福生,渕上駐在所,132284,東京都,あきる野市,渕上,2018-03-01,16,その他の住宅（３階建て以下共同住宅等）,キーなし,なし,自動二輪（50cc超）
窃盗,オートバイ盗,福生,渕上駐在所,132284,東京都,あきる野市,渕上,2018-08-13,21,一戸建住宅,キーなし,なし,自動二輪（50cc超）
窃盗,オートバイ盗,福生,小作駅前交番,132276,東京都,羽村市,栄町２丁目,2018-07-13,23,駐車（輪）場,キーなし,なし,自動二輪（50cc超）
窃盗,オートバイ盗,福生,小作駅前交番,132276,東京都,羽村市,小作台２丁目,2018-10-29,11,その他の住宅（３階建て以下共同住宅等）,キーなし,なし,原動機付自転車（50cc以下）
窃盗,オートバイ盗,福生,小作駅前交番,132276,東京都,羽村市,小作台２丁目,2018-10-29,22,その他の住宅（３階建て以下共同住宅等）,キーなし,なし,原動機付自転車（50cc以下）
窃盗,オートバイ盗,福生,小作駅前交番,132276,東京都,羽村市,小作台３丁目,2018-08-14,05,その他の住宅（３階建て以下共同住宅等）,キーなし,なし,自動二輪（50cc超）
窃盗,オートバイ盗,福生,五ノ神駐在所,132276,東京都,羽村市,五ノ神２丁目,2018-04-08,12,一戸建住宅,キーなし,なし,原動機付自転車（50cc以下）
窃盗,オートバイ盗,福生,秋川駅前交番,132187,東京都,福生市,武蔵野台１丁目,2018-05-08,08,一戸建住宅,キーなし,なし,自動二輪（50cc超）
窃盗,オートバイ盗,福生,秋川駅前交番,132284,東京都,あきる野市,油平,2018-06-14,07,駐車（輪）場,キーなし,なし,原動機付自転車（50cc以下）
窃盗,オートバイ盗,福生,秋川駅前交番,132284,東京都,あきる野市,雨間,2018-08-12,07,一戸建住宅,キーなし,なし,原動機付自転車（50cc以下）
窃盗,オートバイ盗,福生,秋川駅前交番,132284,東京都,あきる野市,瀬戸岡,2018-05-12,18,一戸建住宅,キーなし,なし,原動機付自転車（50cc以下）
窃盗,オートバイ盗,福生,秋川駅前交番,132284,東京都,あきる野市,原小宮１丁目,2018-07-26,20,一戸建住宅,キーなし,なし,自動二輪（50cc超）
窃盗,オートバイ盗,福生,小川駐在所,132284,東京都,あきる野市,小川東１丁目,2013-08-01,不明,一戸建住宅,キーなし,なし,原動機付自転車（50cc以下）
窃盗,オートバイ盗,福生,小川駐在所,132284,東京都,あきる野市,二宮,2018-10-08,00,一戸建住宅,キーなし,なし,自動二輪（50cc超）
窃盗,オートバイ盗,福生,箱根ヶ崎駅前交番,133035,東京都,瑞穂町,大字箱根ケ崎,2018-08-03,08,駐車（輪）場,キーなし,なし,自動二輪（50cc超）
窃盗,オートバイ盗,福生,箱根ヶ崎駅前交番,133035,東京都,瑞穂町,箱根ケ崎西松原,2018-04-13,23,駐車（輪）場,キーなし,なし,自動二輪（50cc超）
窃盗,オートバイ盗,福生,箱根ヶ崎駅前交番,133035,東京都,瑞穂町,箱根ケ崎東松原,2018-05-12,00,一戸建住宅,キーなし,あり,自動二輪（50cc超）
窃盗,オートバイ盗,福生,箱根ヶ崎駅前交番,133035,東京都,瑞穂町,箱根ケ崎東松原,2018-09-13,22,駐車（輪）場,キーなし,なし,自動二輪（50cc超）
窃盗,オートバイ盗,福生,箱根ヶ崎駅前交番,133035,東京都,瑞穂町,南平２丁目,2018-05-14,19,一戸建住宅,キーなし,なし,自動二輪（50cc超）
窃盗,オートバイ盗,福生,箱根ヶ崎駅前交番,133035,東京都,瑞穂町,南平２丁目,2018-08-06,18,一戸建住宅,キーなし,なし,自動二輪（50cc超）
窃盗,オートバイ盗,八王子,追分交番,132012,東京都,八王子市,元本郷町３丁目,2018-05-22,08,駐車（輪）場,キーなし,なし,自動二輪（50cc超）
窃盗,オートバイ盗,八王子,中野交番,132012,東京都,八王子市,中野上町２丁目,2018-04-05,19,４階建て以上共同住宅,キーなし,なし,原動機付自転車（50cc以下）
窃盗,オートバイ盗,八王子,中野交番,132012,東京都,八王子市,中野上町３丁目,2017-12-01,12,４階建て以上共同住宅,キーなし,なし,原動機付自転車（50cc以下）
窃盗,オートバイ盗,八王子,中野交番,132012,東京都,八王子市,中野上町３丁目,2018-04-01,21,４階建て以上共同住宅,キーなし,なし,原動機付自転車（50cc以下）
窃盗,オートバイ盗,八王子,中野交番,132012,東京都,八王子市,中野上町３丁目,2018-06-18,20,その他の住宅（３階建て以下共同住宅等）,キーなし,なし,原動機付自転車（50cc以下）
窃盗,オートバイ盗,八王子,中野交番,132012,東京都,八王子市,中野上町４丁目,2018-09-21,07,一戸建住宅,キーなし,なし,自動二輪（50cc超）
窃盗,オートバイ盗,八王子,富士森交番,132012,東京都,八王子市,台町４丁目,2018-02-24,05,一戸建住宅,キーなし,なし,原動機付自転車（50cc以下）
窃盗,オートバイ盗,八王子,富士森交番,132012,東京都,八王子市,緑町,2018-03-24,11,駐車（輪）場,キーなし,なし,原動機付自転車（50cc以下）
窃盗,オートバイ盗,八王子,富士森交番,132012,東京都,八王子市,緑町,2018-09-12,08,駐車（輪）場,キーなし,なし,原動機付自転車（50cc以下）
窃盗,オートバイ盗,八王子,富士森交番,132012,東京都,八王子市,緑町,2018-10-16,23,駐車（輪）場,キーなし,なし,原動機付自転車（50cc以下）
窃盗,オートバイ盗,八王子,八王子駅南口交番,132012,東京都,八王子市,子安町１丁目,2018-04-18,21,駐車（輪）場,キーなし,なし,原動機付自転車（50cc以下）
窃盗,オートバイ盗,八王子,八王子駅北口交番,132012,東京都,八王子市,旭町,2018-08-21,17,駐車（輪）場,キーなし,なし,原動機付自転車（50cc以下）
窃盗,オートバイ盗,八王子,八王子駅北口交番,132012,東京都,八王子市,丹木町３丁目,2018-04-01,17,駐車（輪）場,キーなし,なし,原動機付自転車（50cc以下）
窃盗,オートバイ盗,八王子,元横山交番,132012,東京都,八王子市,元横山町３丁目,2018-05-11,不明,４階建て以上共同住宅,キーなし,なし,原動機付自転車（50cc以下）
窃盗,オートバイ盗,八王子,大和田交番,132012,東京都,八王子市,大和田町３丁目,2015-05-02,17,その他の住宅（３階建て以下共同住宅等）,キーなし,なし,自動二輪（50cc超）
窃盗,オートバイ盗,八王子,大和田交番,132012,東京都,八王子市,大和田町７丁目,2013-06-11,不明,その他,キーなし,あり,原動機付自転車（50cc以下）
窃盗,オートバイ盗,八王子,稲荷坂交番,132012,東京都,八王子市,中町,2018-05-11,22,駐車（輪）場,キーなし,あり,原動機付自転車（50cc以下）
窃盗,オートバイ盗,八王子,稲荷坂交番,132012,東京都,八王子市,中野上町１丁目,2018-03-04,22,その他の住宅（３階建て以下共同住宅等）,キーなし,なし,自動二輪（50cc超）
窃盗,オートバイ盗,八王子,稲荷坂交番,132012,東京都,八王子市,中野山王１丁目,2018-04-25,22,４階建て以上共同住宅,キーなし,なし,自動二輪（50cc超）
窃盗,オートバイ盗,八王子,稲荷坂交番,132012,東京都,八王子市,中野山王２丁目,2018-04-26,01,その他の住宅（３階建て以下共同住宅等）,キーなし,なし,原動機付自転車（50cc以下）
窃盗,オートバイ盗,八王子,稲荷坂交番,132012,東京都,八王子市,中野山王３丁目,2018-08-26,18,その他の住宅（３階建て以下共同住宅等）,キーなし,なし,原動機付自転車（50cc以下）
窃盗,オートバイ盗,八王子,石川駐在所,132012,東京都,八王子市,宇津木町,2018-05-26,21,一戸建住宅,キーなし,なし,原動機付自転車（50cc以下）
窃盗,オートバイ盗,八王子,犬目交番,132012,東京都,八王子市,犬目町,2018-04-03,20,一戸建住宅,キーなし,なし,自動二輪（50cc超）
窃盗,オートバイ盗,八王子,犬目交番,132012,東京都,八王子市,犬目町,2018-04-03,22,その他の住宅（３階建て以下共同住宅等）,キーなし,なし,原動機付自転車（50cc以下）
窃盗,オートバイ盗,八王子,犬目交番,132012,東京都,八王子市,犬目町,2018-09-11,23,その他の住宅（３階建て以下共同住宅等）,キーなし,なし,自動二輪（50cc超）
窃盗,オートバイ盗,八王子,犬目交番,132012,東京都,八王子市,中野町,2018-03-20,12,その他の住宅（３階建て以下共同住宅等）,キーなし,なし,原動機付自転車（50cc以下）
窃盗,オートバイ盗,八王子,犬目交番,132012,東京都,八王子市,楢原町,2018-02-23,06,駐車（輪）場,キーなし,なし,原動機付自転車（50cc以下）
窃盗,オートバイ盗,八王子,犬目交番,132012,東京都,八王子市,楢原町,2018-04-03,08,一戸建住宅,キーなし,なし,原動機付自転車（50cc以下）
窃盗,オートバイ盗,八王子,犬目交番,132012,東京都,八王子市,楢原町,2018-05-10,20,駐車（輪）場,キーなし,なし,原動機付自転車（50cc以下）
窃盗,オートバイ盗,八王子,犬目交番,132012,東京都,八王子市,楢原町,2018-05-11,08,その他の住宅（３階建て以下共同住宅等）,キーなし,あり,原動機付自転車（50cc以下）
窃盗,オートバイ盗,八王子,犬目交番,132012,東京都,八王子市,楢原町,2018-05-14,21,その他の住宅（３階建て以下共同住宅等）,キーなし,あり,原動機付自転車（50cc以下）
窃盗,オートバイ盗,八王子,犬目交番,132012,東京都,八王子市,楢原町,2018-05-15,05,駐車（輪）場,キーなし,あり,自動二輪（50cc超）
窃盗,オートバイ盗,八王子,下川口駐在所,132012,東京都,八王子市,川口町,2018-03-20,01,一戸建住宅,キーなし,なし,原動機付自転車（50cc以下）
窃盗,オートバイ盗,八王子,下川口駐在所,132012,東京都,八王子市,川口町,2018-05-21,22,一戸建住宅,キーなし,なし,原動機付自転車（50cc以下）
窃盗,オートバイ盗,八王子,丹木駐在所,132012,東京都,八王子市,左入町,2018-02-19,11,４階建て以上共同住宅,キーなし,なし,原動機付自転車（50cc以下）
窃盗,オートバイ盗,八王子,丹木駐在所,132012,東京都,八王子市,滝山町１丁目,2018-03-28,23,４階建て以上共同住宅,キーなし,なし,原動機付自転車（50cc以下）
窃盗,オートバイ盗,八王子,丹木駐在所,132012,東京都,八王子市,丹木町１丁目,2016-03-19,15,その他,キーなし,なし,原動機付自転車（50cc以下）
窃盗,オートバイ盗,八王子,丹木駐在所,132012,東京都,八王子市,丹木町３丁目,2018-03-16,17,その他の住宅（３階建て以下共同住宅等）,キーなし,なし,原動機付自転車（50cc以下）
窃盗,オートバイ盗,八王子,久保山駐在所,132012,東京都,八王子市,久保山町１丁目,2018-03-27,23,その他の住宅（３階建て以下共同住宅等）,キーなし,なし,自動二輪（50cc超）
窃盗,オートバイ盗,町田,町田駅前交番,132098,東京都,町田市,原町田６丁目,2018-01-30,13,４階建て以上共同住宅,キーなし,なし,原動機付自転車（50cc以下）
窃盗,オートバイ盗,町田,町田駅前交番,132098,東京都,町田市,森野１丁目,2018-03-04,08,駐車（輪）場,キーなし,なし,原動機付自転車（50cc以下）
窃盗,オートバイ盗,町田,町田駅前交番,132098,東京都,町田市,森野１丁目,2018-04-30,14,４階建て以上共同住宅,キーなし,なし,原動機付自転車（50cc以下）
窃盗,オートバイ盗,町田,町田駅前交番,132098,東京都,町田市,森野１丁目,2018-08-24,08,４階建て以上共同住宅,キーなし,なし,自動二輪（50cc超）
窃盗,オートバイ盗,町田,町田駅前交番,132098,東京都,町田市,森野１丁目,2018-12-08,16,道路上,キーなし,なし,原動機付自転車（50cc以下）
窃盗,オートバイ盗,町田,中町交番,132098,東京都,町田市,旭町１丁目,2018-05-28,21,その他の住宅（３階建て以下共同住宅等）,キーなし,なし,原動機付自転車（50cc以下）
窃盗,オートバイ盗,町田,中町交番,132098,東京都,町田市,旭町１丁目,2018-10-06,00,その他の住宅（３階建て以下共同住宅等）,キーなし,なし,原動機付自転車（50cc以下）
窃盗,オートバイ盗,町田,中町交番,132098,東京都,町田市,中町２丁目,2018-12-27,22,４階建て以上共同住宅,キーなし,なし,原動機付自転車（50cc以下）
窃盗,オートバイ盗,町田,中町交番,132098,東京都,町田市,中町３丁目,2018-06-28,07,駐車（輪）場,キーなし,なし,原動機付自転車（50cc以下）
窃盗,オートバイ盗,町田,中町交番,132098,東京都,町田市,中町３丁目,2018-08-23,18,４階建て以上共同住宅,キーなし,なし,自動二輪（50cc超）
窃盗,オートバイ盗,町田,中町交番,132098,東京都,町田市,中町３丁目,2018-08-31,02,その他の住宅（３階建て以下共同住宅等）,キーなし,なし,原動機付自転車（50cc以下）
窃盗,オートバイ盗,町田,中町交番,132098,東京都,町田市,中町３丁目,2018-10-10,18,その他の住宅（３階建て以下共同住宅等）,キーなし,なし,原動機付自転車（50cc以下）
窃盗,オートバイ盗,町田,中町交番,132098,東京都,町田市,森野４丁目,2018-06-18,19,４階建て以上共同住宅,キーなし,なし,自動二輪（50cc超）
窃盗,オートバイ盗,町田,中町交番,132098,東京都,町田市,森野４丁目,2018-09-27,22,一戸建住宅,キーなし,なし,原動機付自転車（50cc以下）
窃盗,オートバイ盗,町田,原町田交番,132098,東京都,町田市,原町田２丁目,2015-03-01,09,４階建て以上共同住宅,キーなし,なし,原動機付自転車（50cc以下）
窃盗,オートバイ盗,町田,原町田交番,132098,東京都,町田市,原町田２丁目,2018-02-05,16,４階建て以上共同住宅,キーなし,なし,原動機付自転車（50cc以下）
窃盗,オートバイ盗,町田,原町田交番,132098,東京都,町田市,原町田２丁目,2018-09-09,13,一戸建住宅,キーなし,なし,原動機付自転車（50cc以下）
窃盗,オートバイ盗,町田,原町田交番,132098,東京都,町田市,金井５丁目,2018-08-17,22,一戸建住宅,キーなし,なし,自動二輪（50cc超）
窃盗,オートバイ盗,町田,森野交番,132098,東京都,町田市,森野３丁目,2018-03-02,19,その他の住宅（３階建て以下共同住宅等）,キーなし,あり,自動二輪（50cc超）
窃盗,オートバイ盗,町田,金森交番,132098,東京都,町田市,金森２丁目,2018-01-16,17,４階建て以上共同住宅,キーなし,なし,原動機付自転車（50cc以下）
窃盗,オートバイ盗,町田,金森交番,132098,東京都,町田市,金森２丁目,2018-01-31,15,４階建て以上共同住宅,キーなし,なし,原動機付自転車（50cc以下）
窃盗,オートバイ盗,町田,金森交番,132098,東京都,町田市,金森２丁目,2018-09-23,22,その他の住宅（３階建て以下共同住宅等）,キーなし,なし,原動機付自転車（50cc以下）
窃盗,オートバイ盗,町田,金森交番,132098,東京都,町田市,金森３丁目,2018-05-15,17,４階建て以上共同住宅,キーなし,なし,原動機付自転車（50cc以下）
窃盗,オートバイ盗,町田,金森交番,132098,東京都,町田市,金森東１丁目,2018-01-17,23,４階建て以上共同住宅,キーなし,なし,原動機付自転車（50cc以下）
窃盗,オートバイ盗,町田,金森交番,132098,東京都,町田市,金森東３丁目,2018-06-23,02,道路上,キーなし,なし,原動機付自転車（50cc以下）
窃盗,オートバイ盗,町田,金森交番,132098,東京都,町田市,金森東３丁目,2018-07-11,04,駐車（輪）場,キーなし,なし,原動機付自転車（50cc以下）
窃盗,オートバイ盗,町田,鶴間交番,132098,東京都,町田市,小川５丁目,2018-11-28,00,一戸建住宅,キーなし,なし,原動機付自転車（50cc以下）
窃盗,オートバイ盗,町田,鶴間交番,132098,東京都,町田市,金森４丁目,2018-01-31,07,４階建て以上共同住宅,キーなし,なし,原動機付自転車（50cc以下）
窃盗,オートバイ盗,町田,成瀬駐在所,132098,東京都,町田市,成瀬７丁目,2018-03-23,12,４階建て以上共同住宅,キーなし,なし,原動機付自転車（50cc以下）
窃盗,オートバイ盗,町田,南大谷駐在所,132098,東京都,町田市,南大谷,2018-03-22,18,４階建て以上共同住宅,キーなし,なし,原動機付自転車（50cc以下）
窃盗,オートバイ盗,町田,南大谷駐在所,132098,東京都,町田市,南大谷,2018-03-22,18,４階建て以上共同住宅,キーなし,なし,原動機付自転車（50cc以下）
窃盗,オートバイ盗,町田,南大谷駐在所,132098,東京都,町田市,南大谷,2018-04-20,07,４階建て以上共同住宅,キーなし,なし,原動機付自転車（50cc以下）
窃盗,オートバイ盗,町田,南大谷駐在所,132098,東京都,町田市,南大谷,2018-05-20,17,道路上,キーなし,なし,自動二輪（50cc超）
窃盗,オートバイ盗,町田,南大谷駐在所,132098,東京都,町田市,南大谷,2018-07-10,17,４階建て以上共同住宅,キーなし,なし,原動機付自転車（50cc以下）
窃盗,オートバイ盗,町田,南大谷駐在所,132098,東京都,町田市,南つくし野１丁目,2018-10-22,14,４階建て以上共同住宅,キーなし,なし,原動機付自転車（50cc以下）
窃盗,オートバイ盗,町田,本町田交番,132098,東京都,町田市,旭町２丁目,2018-02-05,07,駐車（輪）場,キーなし,なし,原動機付自転車（50cc以下）
窃盗,オートバイ盗,町田,本町田交番,132098,東京都,町田市,旭町２丁目,2018-09-02,14,駐車（輪）場,キーなし,なし,自動二輪（50cc超）
窃盗,オートバイ盗,町田,本町田交番,132098,東京都,町田市,旭町２丁目,2018-09-03,00,駐車（輪）場,キーなし,なし,原動機付自転車（50cc以下）
窃盗,オートバイ盗,町田,本町田交番,132098,東京都,町田市,旭町３丁目,2018-08-25,14,駐車（輪）場,キーなし,なし,原動機付自転車（50cc以下）
窃盗,オートバイ盗,町田,本町田交番,132098,東京都,町田市,本町田,2017-11-01,08,４階建て以上共同住宅,キーなし,なし,原動機付自転車（50cc以下）
窃盗,オートバイ盗,町田,本町田交番,132098,東京都,町田市,本町田,2018-03-09,20,４階建て以上共同住宅,キーなし,なし,原動機付自転車（50cc以下）
窃盗,オートバイ盗,町田,本町田交番,132098,東京都,町田市,本町田,2018-03-10,17,４階建て以上共同住宅,キーなし,なし,自動二輪（50cc超）
窃盗,オートバイ盗,町田,本町田交番,132098,東京都,町田市,本町田,2018-03-23,01,４階建て以上共同住宅,キーなし,なし,原動機付自転車（50cc以下）
窃盗,オートバイ盗,町田,鶴川駅前交番,132098,東京都,町田市,金井町,2018-08-31,06,一戸建住宅,キーなし,なし,原動機付自転車（50cc以下）
窃盗,オートバイ盗,町田,鶴川駅前交番,132098,東京都,町田市,能ヶ谷１丁目,2018-03-11,09,駐車（輪）場,キーなし,なし,原動機付自転車（50cc以下）
窃盗,オートバイ盗,町田,鶴川駅前交番,132098,東京都,町田市,能ヶ谷１丁目,2018-07-20,13,４階建て以上共同住宅,キーなし,なし,原動機付自転車（50cc以下）
窃盗,オートバイ盗,町田,鶴川駅前交番,132098,東京都,町田市,能ヶ谷４丁目,2016-08-05,21,駐車（輪）場,キーなし,なし,原動機付自転車（50cc以下）
窃盗,オートバイ盗,町田,野津田駐在所,132098,東京都,町田市,野津田町,2018-05-20,19,その他の住宅（３階建て以下共同住宅等）,キーなし,なし,原動機付自転車（50cc以下）
窃盗,オートバイ盗,町田,野津田駐在所,132098,東京都,町田市,野津田町,2018-08-12,16,その他の住宅（３階建て以下共同住宅等）,キーなし,なし,自動二輪（50cc超）
窃盗,オートバイ盗,町田,野津田駐在所,132098,東京都,町田市,野津田町,2018-09-07,22,その他の住宅（３階建て以下共同住宅等）,キーなし,なし,自動二輪（50cc超）
窃盗,オートバイ盗,町田,野津田駐在所,132098,東京都,町田市,薬師台１丁目,2018-09-27,21,一戸建住宅,キーなし,なし,自動二輪（50cc超）
窃盗,オートバイ盗,町田,図師駐在所,132098,東京都,町田市,図師町,2018-10-19,09,駐車（輪）場,キーなし,なし,自動二輪（50cc超）
窃盗,オートバイ盗,町田,木曽交番,132098,東京都,町田市,旭町１丁目,2018-05-29,00,駐車（輪）場,キーなし,なし,原動機付自転車（50cc以下）
窃盗,オートバイ盗,町田,木曽交番,132098,東京都,町田市,本町田,2018-02-28,23,一戸建住宅,キーなし,なし,自動二輪（50cc超）
窃盗,オートバイ盗,町田,木曽交番,132098,東京都,町田市,本町田,2018-04-22,17,４階建て以上共同住宅,キーなし,なし,自動二輪（50cc超）
窃盗,オートバイ盗,町田,木曽交番,132098,東京都,町田市,本町田,2018-06-30,16,４階建て以上共同住宅,キーなし,なし,原動機付自転車（50cc以下）
窃盗,オートバイ盗,町田,木曽交番,132098,東京都,町田市,本町田,2018-07-05,18,４階建て以上共同住宅,キーなし,なし,自動二輪（50cc超）
窃盗,オートバイ盗,町田,木曽交番,132098,東京都,町田市,本町田,2018-08-27,17,４階建て以上共同住宅,キーなし,なし,自動二輪（50cc超）
窃盗,オートバイ盗,町田,木曽交番,132098,東京都,町田市,本町田,2018-09-03,15,４階建て以上共同住宅,キーなし,なし,原動機付自転車（50cc以下）
窃盗,オートバイ盗,町田,木曽交番,132098,東京都,町田市,本町田,2018-09-06,20,４階建て以上共同住宅,キーなし,なし,自動二輪（50cc超）
窃盗,オートバイ盗,町田,木曽交番,132098,東京都,町田市,本町田,2018-09-19,16,４階建て以上共同住宅,キーなし,なし,自動二輪（50cc超）
窃盗,オートバイ盗,町田,木曽交番,132098,東京都,町田市,木曽東１丁目,2018-01-22,17,４階建て以上共同住宅,キーなし,なし,自動二輪（50cc超）
窃盗,オートバイ盗,町田,木曽交番,132098,東京都,町田市,木曽東１丁目,2018-05-29,09,４階建て以上共同住宅,キーなし,なし,原動機付自転車（50cc以下）
窃盗,オートバイ盗,町田,木曽交番,132098,東京都,町田市,木曽東１丁目,2018-12-25,14,４階建て以上共同住宅,キーなし,なし,原動機付自転車（50cc以下）
窃盗,オートバイ盗,町田,木曽交番,132098,東京都,町田市,木曽東３丁目,2018-01-29,16,４階建て以上共同住宅,キーなし,なし,原動機付自転車（50cc以下）
窃盗,オートバイ盗,町田,木曽交番,132098,東京都,町田市,木曽東３丁目,2018-06-09,16,４階建て以上共同住宅,キーなし,なし,原動機付自転車（50cc以下）
窃盗,オートバイ盗,町田,木曽交番,132098,東京都,町田市,木曽東４丁目,2017-01-29,20,４階建て以上共同住宅,キーなし,なし,自動二輪（50cc超）
窃盗,オートバイ盗,町田,木曽交番,132098,東京都,町田市,木曽東４丁目,2018-02-25,21,４階建て以上共同住宅,キーなし,なし,自動二輪（50cc超）
窃盗,オートバイ盗,町田,木曽交番,132098,東京都,町田市,木曽東４丁目,2018-03-26,22,４階建て以上共同住宅,キーなし,なし,自動二輪（50cc超）
窃盗,オートバイ盗,町田,木曽交番,132098,東京都,町田市,木曽東４丁目,2018-04-03,10,４階建て以上共同住宅,キーなし,なし,自動二輪（50cc超）
窃盗,オートバイ盗,町田,木曽交番,132098,東京都,町田市,木曽東４丁目,2018-06-17,13,４階建て以上共同住宅,キーなし,なし,原動機付自転車（50cc以下）
窃盗,オートバイ盗,町田,木曽交番,132098,東京都,町田市,木曽東４丁目,2018-07-15,18,４階建て以上共同住宅,キーなし,なし,自動二輪（50cc超）
窃盗,オートバイ盗,町田,木曽交番,132098,東京都,町田市,木曽東４丁目,2018-07-20,16,４階建て以上共同住宅,キーなし,なし,原動機付自転車（50cc以下）
窃盗,オートバイ盗,町田,木曽交番,132098,東京都,町田市,木曽東４丁目,2018-08-29,21,４階建て以上共同住宅,キーなし,なし,自動二輪（50cc超）
窃盗,オートバイ盗,町田,木曽交番,132098,東京都,町田市,木曽東４丁目,2018-09-15,20,４階建て以上共同住宅,キーなし,なし,自動二輪（50cc超）
窃盗,オートバイ盗,町田,木曽交番,132098,東京都,町田市,木曽東４丁目,2018-11-02,18,４階建て以上共同住宅,キーなし,なし,原動機付自転車（50cc以下）
窃盗,オートバイ盗,町田,木曽交番,132098,東京都,町田市,木曽東４丁目,2018-11-21,18,４階建て以上共同住宅,キーなし,なし,自動二輪（50cc超）
窃盗,オートバイ盗,町田,鶴川交番,132098,東京都,町田市,鶴川１丁目,2018-09-16,18,その他の住宅（３階建て以下共同住宅等）,キーなし,なし,原動機付自転車（50cc以下）
窃盗,オートバイ盗,町田,鶴川交番,132098,東京都,町田市,鶴川２丁目,2018-12-23,20,その他の住宅（３階建て以下共同住宅等）,キーなし,なし,原動機付自転車（50cc以下）
窃盗,オートバイ盗,町田,鶴川交番,132098,東京都,町田市,鶴川３丁目,2018-08-31,07,その他の住宅（３階建て以下共同住宅等）,キーなし,あり,自動二輪（50cc超）
窃盗,オートバイ盗,町田,鶴川交番,132098,東京都,町田市,鶴川４丁目,2018-10-02,12,一戸建住宅,キーなし,なし,原動機付自転車（50cc以下）
窃盗,オートバイ盗,町田,鶴川交番,132098,東京都,町田市,鶴川５丁目,2018-03-01,19,４階建て以上共同住宅,キーなし,なし,自動二輪（50cc超）
窃盗,オートバイ盗,町田,つくし野駅前交番,132098,東京都,町田市,小川１丁目,2018-01-25,20,その他の住宅（３階建て以下共同住宅等）,キーなし,なし,原動機付自転車（50cc以下）
窃盗,オートバイ盗,町田,山崎交番,132098,東京都,町田市,山崎町,2016-09-01,00,４階建て以上共同住宅,キーなし,なし,原動機付自転車（50cc以下）
窃盗,オートバイ盗,町田,山崎交番,132098,東京都,町田市,山崎町,2018-01-05,21,４階建て以上共同住宅,キーなし,なし,自動二輪（50cc超）
窃盗,オートバイ盗,町田,山崎交番,132098,東京都,町田市,山崎町,2018-05-14,22,４階建て以上共同住宅,キーなし,なし,原動機付自転車（50cc以下）
窃盗,オートバイ盗,町田,山崎交番,132098,東京都,町田市,山崎町,2018-06-06,18,駐車（輪）場,キーなし,なし,原動機付自転車（50cc以下）
窃盗,オートバイ盗,町田,山崎交番,132098,東京都,町田市,山崎町,2018-08-29,22,４階建て以上共同住宅,キーなし,なし,自動二輪（50cc超）
窃盗,オートバイ盗,町田,山崎交番,132098,東京都,町田市,山崎町,2018-09-06,18,４階建て以上共同住宅,キーなし,あり,原動機付自転車（50cc以下）
窃盗,オートバイ盗,町田,藤の台団地交番,132098,東京都,町田市,金井町,2018-02-10,21,４階建て以上共同住宅,キーなし,なし,自動二輪（50cc超）
窃盗,オートバイ盗,町田,藤の台団地交番,132098,東京都,町田市,本町田,2018-03-05,01,４階建て以上共同住宅,キーなし,なし,自動二輪（50cc超）
窃盗,オートバイ盗,町田,藤の台団地交番,132098,東京都,町田市,本町田,2018-04-01,19,４階建て以上共同住宅,キーなし,なし,自動二輪（50cc超）
窃盗,オートバイ盗,町田,藤の台団地交番,132098,東京都,町田市,本町田,2018-09-28,18,４階建て以上共同住宅,キーなし,なし,原動機付自転車（50cc以下）
窃盗,オートバイ盗,町田,藤の台団地交番,132098,東京都,町田市,金井１丁目,2018-07-22,19,一戸建住宅,キーなし,あり,自動二輪（50cc超）
窃盗,オートバイ盗,町田,藤の台団地交番,132098,東京都,町田市,金井１丁目,2018-07-31,08,一戸建住宅,キーなし,なし,自動二輪（50cc超）
窃盗,オートバイ盗,町田,藤の台団地交番,132098,東京都,町田市,金井２丁目,2018-07-06,17,一戸建住宅,キーなし,なし,原動機付自転車（50cc以下）
窃盗,オートバイ盗,町田,藤の台団地交番,132098,東京都,町田市,金井２丁目,2018-07-07,17,一戸建住宅,キーなし,なし,自動二輪（50cc超）
窃盗,オートバイ盗,町田,藤の台団地交番,132098,東京都,町田市,金井３丁目,2018-07-18,20,その他の住宅（３階建て以下共同住宅等）,キーなし,なし,原動機付自転車（50cc以下）
窃盗,オートバイ盗,町田,藤の台団地交番,132098,東京都,町田市,金井３丁目,2018-08-09,19,一戸建住宅,キーなし,なし,自動二輪（50cc超）
窃盗,オートバイ盗,町田,藤の台団地交番,132098,東京都,町田市,金井５丁目,2018-07-16,01,一戸建住宅,キーなし,なし,自動二輪（50cc超）
窃盗,オートバイ盗,町田,藤の台団地交番,132098,東京都,町田市,金井５丁目,2018-07-28,16,一戸建住宅,キーなし,なし,自動二輪（50cc超）
窃盗,オートバイ盗,町田,藤の台団地交番,132098,東京都,町田市,金井５丁目,2018-08-12,19,一戸建住宅,キーなし,なし,自動二輪（50cc超）
窃盗,オートバイ盗,町田,藤の台団地交番,132098,東京都,町田市,金井５丁目,2018-09-06,17,一戸建住宅,キーなし,なし,原動機付自転車（50cc以下）
窃盗,オートバイ盗,町田,藤の台団地交番,132098,東京都,町田市,金井６丁目,2018-08-10,18,一戸建住宅,キーなし,なし,自動二輪（50cc超）
窃盗,オートバイ盗,町田,藤の台団地交番,132098,東京都,町田市,金井７丁目,2018-07-27,19,一戸建住宅,キーなし,なし,原動機付自転車（50cc以下）
窃盗,オートバイ盗,町田,藤の台団地交番,132098,東京都,町田市,金井８丁目,2018-07-26,00,一戸建住宅,キーなし,なし,原動機付自転車（50cc以下）
窃盗,オートバイ盗,町田,成瀬台駐在所,132098,東京都,町田市,成瀬台１丁目,2018-12-09,22,道路上,キーなし,なし,原動機付自転車（50cc以下）
窃盗,オートバイ盗,町田,成瀬駅前交番,132098,東京都,町田市,小川２丁目,2017-07-10,22,４階建て以上共同住宅,キーなし,なし,原動機付自転車（50cc以下）
窃盗,オートバイ盗,町田,成瀬駅前交番,132098,東京都,町田市,小川２丁目,2018-01-10,19,４階建て以上共同住宅,キーなし,なし,原動機付自転車（50cc以下）
窃盗,オートバイ盗,町田,成瀬駅前交番,132098,東京都,町田市,小川２丁目,2018-11-17,17,一戸建住宅,キーなし,なし,原動機付自転車（50cc以下）
窃盗,オートバイ盗,町田,成瀬駅前交番,132098,東京都,町田市,南成瀬２丁目,2018-03-07,00,その他の住宅（３階建て以下共同住宅等）,キーなし,なし,自動二輪（50cc超）
窃盗,オートバイ盗,町田,成瀬駅前交番,132098,東京都,町田市,南成瀬２丁目,2018-06-23,00,４階建て以上共同住宅,キーなし,なし,原動機付自転車（50cc以下）
窃盗,オートバイ盗,町田,成瀬駅前交番,132098,東京都,町田市,南成瀬３丁目,2018-04-22,22,４階建て以上共同住宅,キーなし,なし,自動二輪（50cc超）
窃盗,オートバイ盗,町田,成瀬駅前交番,132098,東京都,町田市,南成瀬３丁目,2018-05-06,09,４階建て以上共同住宅,キーなし,なし,原動機付自転車（50cc以下）
窃盗,オートバイ盗,町田,成瀬駅前交番,132098,東京都,町田市,南成瀬４丁目,2018-02-15,01,その他の住宅（３階建て以下共同住宅等）,キーなし,あり,自動二輪（50cc超）
窃盗,オートバイ盗,町田,成瀬駅前交番,132098,東京都,町田市,成瀬が丘１丁目,2018-09-21,18,その他の住宅（３階建て以下共同住宅等）,キーなし,なし,原動機付自転車（50cc以下）
窃盗,オートバイ盗,町田,成瀬駅前交番,132098,東京都,町田市,成瀬が丘２丁目,2018-07-30,08,一戸建住宅,キーなし,なし,原動機付自転車（50cc以下）
窃盗,オートバイ盗,町田,成瀬駅前交番,132098,東京都,町田市,西成瀬２丁目,2018-10-08,19,道路上,キーなし,なし,原動機付自転車（50cc以下）
窃盗,オートバイ盗,町田,成瀬駅前交番,132098,東京都,町田市,西成瀬３丁目,2018-12-09,21,４階建て以上共同住宅,キーなし,なし,原動機付自転車（50cc以下）
窃盗,オートバイ盗,町田,忠生駐在所,132098,東京都,町田市,忠生４丁目,2018-12-01,18,４階建て以上共同住宅,キーなし,なし,原動機付自転車（50cc以下）
窃盗,オートバイ盗,町田,忠生駐在所,132098,東京都,町田市,忠生４丁目,2018-12-01,19,その他の住宅（３階建て以下共同住宅等）,キーなし,なし,原動機付自転車（50cc以下）
窃盗,オートバイ盗,町田,三輪駐在所,132098,東京都,町田市,三輪町,2015-09-01,07,その他の住宅（３階建て以下共同住宅等）,キーなし,なし,原動機付自転車（50cc以下）
窃盗,オートバイ盗,町田,三輪駐在所,132098,東京都,町田市,三輪町,2017-10-17,08,その他の住宅（３階建て以下共同住宅等）,キーなし,なし,原動機付自転車（50cc以下）
窃盗,オートバイ盗,町田,三輪駐在所,132098,東京都,町田市,三輪町,2018-08-07,17,４階建て以上共同住宅,キーなし,あり,自動二輪（50cc超）
窃盗,オートバイ盗,町田,三輪駐在所,132098,東京都,町田市,三輪町,2018-08-09,22,その他の住宅（３階建て以下共同住宅等）,キーなし,なし,自動二輪（50cc超）
窃盗,オートバイ盗,町田,高ヶ坂駐在所,132098,東京都,町田市,南成瀬２丁目,2018-06-22,18,４階建て以上共同住宅,キーなし,なし,自動二輪（50cc超）
窃盗,オートバイ盗,町田,高ヶ坂駐在所,132098,東京都,町田市,高ヶ坂３丁目,2018-01-20,20,一戸建住宅,キーなし,なし,自動二輪（50cc超）
窃盗,オートバイ盗,町田,高ヶ坂駐在所,132098,東京都,町田市,高ヶ坂３丁目,2018-02-05,16,４階建て以上共同住宅,キーなし,なし,自動二輪（50cc超）
窃盗,オートバイ盗,町田,高ヶ坂駐在所,132098,東京都,町田市,高ヶ坂３丁目,2018-02-12,12,道路上,キーなし,なし,原動機付自転車（50cc以下）
窃盗,オートバイ盗,町田,高ヶ坂駐在所,132098,東京都,町田市,高ヶ坂３丁目,2018-07-06,06,４階建て以上共同住宅,キーなし,なし,原動機付自転車（50cc以下）
窃盗,オートバイ盗,町田,高ヶ坂駐在所,132098,東京都,町田市,高ヶ坂３丁目,2018-07-08,19,４階建て以上共同住宅,キーなし,なし,自動二輪（50cc超）
窃盗,オートバイ盗,町田,高ヶ坂駐在所,132098,東京都,町田市,高ヶ坂３丁目,2018-08-11,19,４階建て以上共同住宅,キーなし,なし,原動機付自転車（50cc以下）
窃盗,オートバイ盗,町田,高ヶ坂駐在所,132098,東京都,町田市,高ヶ坂７丁目,2018-02-01,23,一戸建住宅,キーなし,なし,原動機付自転車（50cc以下）
窃盗,オートバイ盗,町田,高ヶ坂駐在所,132098,東京都,町田市,高ヶ坂７丁目,2018-03-06,17,４階建て以上共同住宅,キーなし,なし,原動機付自転車（50cc以下）
窃盗,オートバイ盗,町田,高ヶ坂駐在所,132098,東京都,町田市,高ヶ坂７丁目,2018-03-06,23,一戸建住宅,キーなし,なし,原動機付自転車（50cc以下）
窃盗,オートバイ盗,町田,高ヶ坂駐在所,132098,東京都,町田市,高ヶ坂７丁目,2018-04-19,15,その他の住宅（３階建て以下共同住宅等）,キーなし,なし,原動機付自転車（50cc以下）
窃盗,オートバイ盗,町田,忠生地区交番,132098,東京都,町田市,忠生１丁目,2018-02-11,10,４階建て以上共同住宅,キーなし,なし,自動二輪（50cc超）
窃盗,オートバイ盗,町田,忠生地区交番,132098,東京都,町田市,忠生２丁目,2018-10-01,22,一戸建住宅,キーなし,あり,自動二輪（50cc超）
窃盗,オートバイ盗,町田,忠生地区交番,132098,東京都,町田市,山崎町,2018-02-25,17,一戸建住宅,キーなし,なし,自動二輪（50cc超）
窃盗,オートバイ盗,町田,忠生地区交番,132098,東京都,町田市,山崎町,2018-09-14,22,４階建て以上共同住宅,キーなし,なし,自動二輪（50cc超）
窃盗,オートバイ盗,町田,忠生地区交番,132098,東京都,町田市,木曽東２丁目,2018-05-31,13,４階建て以上共同住宅,キーなし,なし,原動機付自転車（50cc以下）
窃盗,オートバイ盗,町田,忠生地区交番,132098,東京都,町田市,木曽東２丁目,2018-06-04,23,４階建て以上共同住宅,キーなし,なし,原動機付自転車（50cc以下）
窃盗,オートバイ盗,町田,忠生地区交番,132098,東京都,町田市,木曽東２丁目,2018-06-09,19,４階建て以上共同住宅,キーなし,なし,原動機付自転車（50cc以下）
窃盗,オートバイ盗,町田,忠生地区交番,132098,東京都,町田市,根岸２丁目,2018-12-15,17,駐車（輪）場,キーなし,なし,原動機付自転車（50cc以下）
窃盗,オートバイ盗,日野,日野駅前交番,132128,東京都,日野市,新町１丁目,2018-03-05,16,４階建て以上共同住宅,キーなし,なし,原動機付自転車（50cc以下）
窃盗,オートバイ盗,日野,日野駅前交番,132128,東京都,日野市,大字日野,2018-10-21,08,４階建て以上共同住宅,キーなし,なし,自動二輪（50cc超）
窃盗,オートバイ盗,日野,豊田駅前交番,132128,東京都,日野市,旭が丘３丁目,2018-11-14,08,駐車（輪）場,キーなし,なし,原動機付自転車（50cc以下）
窃盗,オートバイ盗,日野,多摩平交番,132128,東京都,日野市,多摩平４丁目,2018-08-03,13,４階建て以上共同住宅,キーなし,なし,原動機付自転車（50cc以下）
窃盗,オートバイ盗,日野,日野橋駐在所,132128,東京都,日野市,万願寺１丁目,2018-04-02,17,その他の住宅（３階建て以下共同住宅等）,キーなし,なし,原動機付自転車（50cc以下）
窃盗,オートバイ盗,日野,東光寺駐在所,132128,東京都,日野市,栄町３丁目,2018-07-23,17,一戸建住宅,キーなし,なし,原動機付自転車（50cc以下）
窃盗,オートバイ盗,日野,大坂上駐在所,132128,東京都,日野市,大坂上４丁目,2018-05-31,15,その他の住宅（３階建て以下共同住宅等）,キーなし,なし,原動機付自転車（50cc以下）
窃盗,オートバイ盗,日野,平山交番,132128,東京都,日野市,南平４丁目,2018-10-26,08,その他の住宅（３階建て以下共同住宅等）,キーなし,なし,自動二輪（50cc超）
窃盗,オートバイ盗,日野,平山交番,132128,東京都,日野市,南平７丁目,2018-05-14,00,道路上,キーなし,なし,原動機付自転車（50cc以下）
窃盗,オートバイ盗,日野,高幡不動駅南口交番,132128,東京都,日野市,高幡,2018-04-05,20,道路上,キーなし,なし,原動機付自転車（50cc以下）
窃盗,オートバイ盗,日野,高幡不動駅南口交番,132128,東京都,日野市,高幡,2018-10-23,08,道路上,キーなし,なし,原動機付自転車（50cc以下）
窃盗,オートバイ盗,日野,高幡不動駅南口交番,132128,東京都,日野市,高幡,2018-10-27,21,その他の住宅（３階建て以下共同住宅等）,キーなし,なし,原動機付自転車（50cc以下）
窃盗,オートバイ盗,日野,高幡不動駅南口交番,132128,東京都,日野市,高幡,2018-11-01,19,その他の住宅（３階建て以下共同住宅等）,キーなし,なし,原動機付自転車（50cc以下）
窃盗,オートバイ盗,日野,高幡不動駅南口交番,132128,東京都,日野市,三沢,2018-04-23,02,道路上,キーなし,なし,自動二輪（50cc超）
窃盗,オートバイ盗,日野,高幡不動駅南口交番,132128,東京都,日野市,南平３丁目,2017-07-02,17,４階建て以上共同住宅,キーなし,なし,原動機付自転車（50cc以下）
窃盗,オートバイ盗,日野,旭が丘駐在所,132128,東京都,日野市,旭が丘４丁目,2018-04-01,21,４階建て以上共同住宅,キーなし,あり,自動二輪（50cc超）
窃盗,オートバイ盗,昭島,昭島駅前交番,132071,東京都,昭島市,昭和町１丁目,2017-12-29,18,一戸建住宅,キーなし,なし,原動機付自転車（50cc以下）
窃盗,オートバイ盗,昭島,福島交番,132071,東京都,昭島市,福島町３丁目,2018-03-30,20,一戸建住宅,キーなし,なし,自動二輪（50cc超）
窃盗,オートバイ盗,昭島,大神駐在所,132071,東京都,昭島市,田中町３丁目,2018-07-12,19,４階建て以上共同住宅,キーなし,なし,原動機付自転車（50cc以下）
窃盗,オートバイ盗,昭島,拝島駐在所,132071,東京都,昭島市,田中町１丁目,2018-04-16,16,その他の住宅（３階建て以下共同住宅等）,キーなし,なし,原動機付自転車（50cc以下）
窃盗,オートバイ盗,昭島,拝島駐在所,132071,東京都,昭島市,拝島町１丁目,2018-05-17,09,一戸建住宅,キーなし,なし,自動二輪（50cc超）
窃盗,オートバイ盗,昭島,拝島駐在所,132071,東京都,昭島市,緑町３丁目,2018-07-03,19,一戸建住宅,キーなし,なし,原動機付自転車（50cc以下）
窃盗,オートバイ盗,昭島,堀向駐在所,132071,東京都,昭島市,田中町,2018-01-13,17,駐車（輪）場,キーなし,なし,自動二輪（50cc超）
窃盗,オートバイ盗,昭島,拝島駅前交番,132071,東京都,昭島市,拝島町４丁目,2018-06-25,22,その他の住宅（３階建て以下共同住宅等）,キーなし,なし,自動二輪（50cc超）
窃盗,オートバイ盗,昭島,拝島駅前交番,132071,東京都,昭島市,松原町１丁目,2018-02-26,21,４階建て以上共同住宅,キーなし,なし,原動機付自転車（50cc以下）
窃盗,オートバイ盗,昭島,拝島駅前交番,132071,東京都,昭島市,美堀町５丁目,不明,不明,駐車（輪）場,キーなし,あり,自動二輪（50cc超）
窃盗,オートバイ盗,立川,国立駅前交番,132152,東京都,国立市,中２丁目,2017-05-05,12,駐車（輪）場,キーなし,なし,原動機付自転車（50cc以下）
窃盗,オートバイ盗,立川,羽衣町交番,132021,東京都,立川市,羽衣町２丁目,2018-12-18,09,その他の住宅（３階建て以下共同住宅等）,キーなし,なし,原動機付自転車（50cc以下）
窃盗,オートバイ盗,立川,羽衣町交番,132152,東京都,国立市,北３丁目,2017-12-20,13,４階建て以上共同住宅,キーなし,なし,原動機付自転車（50cc以下）
窃盗,オートバイ盗,立川,錦町交番,132021,東京都,立川市,錦町１丁目,2018-10-25,01,道路上,キーなし,なし,原動機付自転車（50cc以下）
窃盗,オートバイ盗,立川,立日橋交番,132021,東京都,立川市,錦町６丁目,2018-05-09,19,一戸建住宅,キーなし,なし,自動二輪（50cc超）
窃盗,オートバイ盗,立川,富士塚交番,132021,東京都,立川市,富士見町２丁目,2018-05-15,00,４階建て以上共同住宅,キーなし,なし,自動二輪（50cc超）
窃盗,オートバイ盗,立川,立川駅北口交番,132021,東京都,立川市,曙町２丁目,2018-07-26,09,道路上,キーなし,なし,原動機付自転車（50cc以下）
窃盗,オートバイ盗,立川,立川駅北口交番,132021,東京都,立川市,緑町,2018-04-20,07,４階建て以上共同住宅,キーなし,なし,自動二輪（50cc超）
窃盗,オートバイ盗,立川,立川駅北口交番,132021,東京都,立川市,緑町,2018-10-11,08,４階建て以上共同住宅,キーなし,なし,自動二輪（50cc超）
窃盗,オートバイ盗,立川,立川駅北口交番,132021,東京都,立川市,緑町,2018-10-17,22,４階建て以上共同住宅,キーなし,なし,原動機付自転車（50cc以下）
窃盗,オートバイ盗,立川,立川駅北口交番,132021,東京都,立川市,緑町,2018-11-15,10,駐車（輪）場,キーなし,なし,自動二輪（50cc超）
窃盗,オートバイ盗,立川,谷保交番,132152,東京都,国立市,石田,2018-11-03,20,その他の住宅（３階建て以下共同住宅等）,キーなし,なし,自動二輪（50cc超）
窃盗,オートバイ盗,立川,谷保交番,132152,東京都,国立市,富士見台４丁目,2018-05-09,22,４階建て以上共同住宅,キーなし,あり,原動機付自転車（50cc以下）
窃盗,オートバイ盗,立川,谷保交番,132152,東京都,国立市,泉２丁目,2018-03-31,17,４階建て以上共同住宅,キーなし,なし,原動機付自転車（50cc以下）
窃盗,オートバイ盗,立川,谷保交番,132152,東京都,国立市,泉２丁目,2018-04-20,16,４階建て以上共同住宅,キーなし,なし,自動二輪（50cc超）
窃盗,オートバイ盗,立川,富士見町交番,132021,東京都,立川市,富士見町６丁目,2017-07-28,05,４階建て以上共同住宅,キーなし,なし,原動機付自転車（50cc以下）
窃盗,オートバイ盗,立川,富士見町交番,132021,東京都,立川市,富士見町６丁目,2018-04-21,18,駐車（輪）場,キーなし,あり,自動二輪（50cc超）
窃盗,オートバイ盗,立川,富士見町交番,132021,東京都,立川市,富士見町７丁目,2018-05-14,18,４階建て以上共同住宅,キーなし,なし,自動二輪（50cc超）
窃盗,オートバイ盗,立川,天王橋交番,132021,東京都,立川市,西砂町１丁目,2018-06-29,13,その他の住宅（３階建て以下共同住宅等）,キーなし,なし,原動機付自転車（50cc以下）
窃盗,オートバイ盗,立川,砂川八番交番,132021,東京都,立川市,幸町４丁目,2018-09-21,22,駐車（輪）場,キーなし,なし,原動機付自転車（50cc以下）
窃盗,オートバイ盗,立川,若葉町駐在所,132021,東京都,立川市,若葉町３丁目,2018-04-21,18,一戸建住宅,キーなし,なし,自動二輪（50cc超）
窃盗,オートバイ盗,立川,一番町六丁目駐在所,132021,東京都,立川市,一番町６丁目,2018-01-20,12,４階建て以上共同住宅,キーなし,なし,自動二輪（50cc超）
窃盗,オートバイ盗,府中,東府中駅前交番,132063,東京都,府中市,清水が丘２丁目,2018-01-26,20,その他の住宅（３階建て以下共同住宅等）,キーなし,なし,自動二輪（50cc超）
窃盗,オートバイ盗,府中,栄町交番,132063,東京都,府中市,幸町２丁目,2018-12-02,12,４階建て以上共同住宅,キーなし,なし,原動機付自転車（50cc以下）
窃盗,オートバイ盗,府中,美好町交番,132063,東京都,府中市,美好町２丁目,2018-02-17,15,その他の住宅（３階建て以下共同住宅等）,キーなし,なし,自動二輪（50cc超）
窃盗,オートバイ盗,府中,西原町交番,132063,東京都,府中市,北山町２丁目,2018-06-15,23,その他の住宅（３階建て以下共同住宅等）,キーなし,なし,自動二輪（50cc超）
窃盗,オートバイ盗,府中,是政交番,132063,東京都,府中市,是政１丁目,2018-02-10,21,４階建て以上共同住宅,キーなし,なし,自動二輪（50cc超）
窃盗,オートバイ盗,府中,白糸台交番,132063,東京都,府中市,朝日町２丁目,2018-01-05,10,一戸建住宅,キーなし,なし,原動機付自転車（50cc以下）
窃盗,オートバイ盗,府中,白糸台交番,132063,東京都,府中市,白糸台３丁目,2018-03-11,17,その他の住宅（３階建て以下共同住宅等）,キーなし,なし,原動機付自転車（50cc以下）
窃盗,オートバイ盗,府中,車返団地駐在所,132063,東京都,府中市,押立町４丁目,2018-05-26,23,その他の住宅（３階建て以下共同住宅等）,キーなし,なし,原動機付自転車（50cc以下）
窃盗,オートバイ盗,府中,四谷駐在所,132063,東京都,府中市,日新町５丁目,2018-12-24,20,その他,キーなし,なし,原動機付自転車（50cc以下）
窃盗,オートバイ盗,小金井,国分寺駅北口交番,132144,東京都,国分寺市,本町３丁目,2018-07-31,12,４階建て以上共同住宅,キーなし,なし,原動機付自転車（50cc以下）
窃盗,オートバイ盗,小金井,貫井北町交番,132101,東京都,小金井市,貫井北町２丁目,2018-03-03,10,４階建て以上共同住宅,キーなし,なし,原動機付自転車（50cc以下）
窃盗,オートバイ盗,小金井,貫井南町交番,132101,東京都,小金井市,貫井南町１丁目,2018-10-15,13,その他の住宅（３階建て以下共同住宅等）,キーなし,なし,自動二輪（50cc超）
窃盗,オートバイ盗,小金井,本多交番,132101,東京都,小金井市,貫井北町２丁目,2018-05-15,15,４階建て以上共同住宅,キーなし,なし,原動機付自転車（50cc以下）
窃盗,オートバイ盗,小金井,恋ケ窪駅前交番,132144,東京都,国分寺市,北町２丁目,2018-10-13,22,一戸建住宅,キーなし,なし,自動二輪（50cc超）
窃盗,オートバイ盗,小金井,光町交番,132144,東京都,国分寺市,光町１丁目,2018-01-23,18,４階建て以上共同住宅,キーなし,なし,自動二輪（50cc超）
窃盗,オートバイ盗,小金井,光町交番,132144,東京都,国分寺市,光町１丁目,2018-05-25,08,その他の住宅（３階建て以下共同住宅等）,キーなし,なし,原動機付自転車（50cc以下）
窃盗,オートバイ盗,小金井,西町交番,132144,東京都,国分寺市,西町５丁目,2018-09-17,10,４階建て以上共同住宅,キーなし,なし,原動機付自転車（50cc以下）
窃盗,オートバイ盗,小金井,西町交番,132144,東京都,国分寺市,西町５丁目,2018-09-18,20,４階建て以上共同住宅,キーなし,なし,原動機付自転車（50cc以下）
窃盗,オートバイ盗,小金井,国分寺駅南口交番,132144,東京都,国分寺市,東元町１丁目,2018-03-10,23,一戸建住宅,キーなし,あり,自動二輪（50cc超）
窃盗,オートバイ盗,田無,坂下交番,132292,東京都,西東京市,東伏見５丁目,2018-01-09,23,その他の住宅（３階建て以下共同住宅等）,キーなし,あり,原動機付自転車（50cc以下）
窃盗,オートバイ盗,田無,坂下交番,132292,東京都,西東京市,柳沢２丁目,2017-02-01,20,４階建て以上共同住宅,キーなし,なし,自動二輪（50cc超）
窃盗,オートバイ盗,田無,野火止交番,132225,東京都,東久留米市,野火止３丁目,2018-04-01,13,４階建て以上共同住宅,キーなし,なし,自動二輪（50cc超）
窃盗,オートバイ盗,田無,滝山交番,132225,東京都,東久留米市,柳窪２丁目,2018-07-24,21,４階建て以上共同住宅,キーなし,なし,自動二輪（50cc超）
窃盗,オートバイ盗,田無,前沢交番,132225,東京都,東久留米市,前沢２丁目,2018-11-28,21,駐車（輪）場,キーなし,あり,自動二輪（50cc超）
窃盗,オートバイ盗,田無,下里駐在所,132225,東京都,東久留米市,下里４丁目,2018-06-23,20,４階建て以上共同住宅,キーなし,なし,自動二輪（50cc超）
窃盗,オートバイ盗,田無,下里駐在所,132225,東京都,東久留米市,下里４丁目,2018-07-16,18,４階建て以上共同住宅,キーなし,なし,自動二輪（50cc超）
窃盗,オートバイ盗,田無,下里駐在所,132225,東京都,東久留米市,下里４丁目,2018-10-26,11,４階建て以上共同住宅,キーなし,なし,自動二輪（50cc超）
窃盗,オートバイ盗,田無,下里駐在所,132225,東京都,東久留米市,下里４丁目,2018-12-29,16,４階建て以上共同住宅,キーなし,なし,自動二輪（50cc超）
窃盗,オートバイ盗,田無,下里駐在所,132225,東京都,東久留米市,下里７丁目,2018-07-04,21,一戸建住宅,キーなし,なし,自動二輪（50cc超）
窃盗,オートバイ盗,東村山,八坂交番,132136,東京都,東村山市,富士見町１丁目,2018-12-16,11,４階建て以上共同住宅,キーなし,なし,原動機付自転車（50cc以下）
窃盗,オートバイ盗,東村山,八坂交番,132136,東京都,東村山市,美住町１丁目,2018-08-28,01,４階建て以上共同住宅,キーなし,なし,自動二輪（50cc超）
窃盗,オートバイ盗,東村山,八坂交番,132136,東京都,東村山市,美住町１丁目,2018-10-16,06,４階建て以上共同住宅,キーなし,なし,原動機付自転車（50cc以下）
窃盗,オートバイ盗,東村山,久米川駅前交番,132136,東京都,東村山市,恩多町２丁目,2018-06-20,19,その他の住宅（３階建て以下共同住宅等）,キーなし,あり,自動二輪（50cc超）
窃盗,オートバイ盗,東村山,久米川駅前交番,132136,東京都,東村山市,栄町１丁目,2018-12-01,12,その他の住宅（３階建て以下共同住宅等）,キーなし,なし,原動機付自転車（50cc以下）
窃盗,オートバイ盗,東村山,久米川駅前交番,132136,東京都,東村山市,萩山町５丁目,2018-10-13,20,４階建て以上共同住宅,キーなし,なし,自動二輪（50cc超）
窃盗,オートバイ盗,東村山,久米川駅前交番,132136,東京都,東村山市,本町４丁目,2018-06-12,22,４階建て以上共同住宅,キーなし,なし,自動二輪（50cc超）
窃盗,オートバイ盗,東村山,久米川駅前交番,132136,東京都,東村山市,本町４丁目,2018-06-19,06,４階建て以上共同住宅,キーなし,なし,原動機付自転車（50cc以下）
窃盗,オートバイ盗,東村山,廻田駐在所,132136,東京都,東村山市,廻田町１丁目,2018-02-10,17,その他の住宅（３階建て以下共同住宅等）,キーなし,なし,自動二輪（50cc超）
窃盗,オートバイ盗,東村山,秋津三丁目交番,132136,東京都,東村山市,青葉町３丁目,2018-09-09,23,道路上,キーなし,なし,原動機付自転車（50cc以下）
窃盗,オートバイ盗,東村山,中清戸駐在所,132217,東京都,清瀬市,中清戸１丁目,2018-04-16,09,その他の住宅（３階建て以下共同住宅等）,キーなし,なし,原動機付自転車（50cc以下）
窃盗,オートバイ盗,東村山,秋津駅前交番,132217,東京都,清瀬市,野塩１丁目,2018-10-27,18,その他の住宅（３階建て以下共同住宅等）,キーなし,あり,自動二輪（50cc超）
窃盗,オートバイ盗,東村山,旭が丘交番,132217,東京都,清瀬市,旭が丘５丁目,2018-04-23,16,４階建て以上共同住宅,キーなし,なし,自動二輪（50cc超）
窃盗,オートバイ盗,東村山,旭が丘交番,132217,東京都,清瀬市,旭が丘５丁目,2018-04-29,07,４階建て以上共同住宅,キーなし,なし,原動機付自転車（50cc以下）
窃盗,オートバイ盗,東村山,旭が丘交番,132217,東京都,清瀬市,下宿２丁目,2018-09-20,20,その他,キーなし,なし,自動二輪（50cc超）
窃盗,オートバイ盗,東村山,竹丘駐在所,132217,東京都,清瀬市,竹丘１丁目,2018-04-09,19,４階建て以上共同住宅,キーなし,なし,原動機付自転車（50cc以下）
窃盗,オートバイ盗,東村山,下清戸駐在所,132217,東京都,清瀬市,中清戸４丁目,2018-08-15,20,４階建て以上共同住宅,キーなし,なし,原動機付自転車（50cc以下）
窃盗,オートバイ盗,東村山,下清戸駐在所,132217,東京都,清瀬市,中清戸５丁目,2017-12-20,00,その他の住宅（３階建て以下共同住宅等）,キーなし,なし,原動機付自転車（50cc以下）
窃盗,オートバイ盗,東村山,青葉駐在所,132136,東京都,東村山市,青葉町１丁目,2017-08-06,18,駐車（輪）場,キーなし,なし,自動二輪（50cc超）
窃盗,オートバイ盗,武蔵野,武蔵境駅南口交番,132039,東京都,武蔵野市,境南町２丁目,2018-08-14,03,道路上,キーなし,なし,原動機付自転車（50cc以下）
窃盗,オートバイ盗,三鷹,中仙川交番,132047,東京都,三鷹市,新川５丁目,2018-03-12,00,その他の住宅（３階建て以下共同住宅等）,キーなし,なし,原動機付自転車（50cc以下）
窃盗,オートバイ盗,調布,布田交番,132080,東京都,調布市,国領町５丁目,2018-12-02,21,４階建て以上共同住宅,キーなし,なし,自動二輪（50cc超）
窃盗,オートバイ盗,調布,布田交番,132080,東京都,調布市,染地２丁目,2018-02-11,13,その他の住宅（３階建て以下共同住宅等）,キーなし,なし,自動二輪（50cc超）
窃盗,オートバイ盗,調布,つつじケ丘駅前交番,132080,東京都,調布市,西つつじケ丘１丁目,2015-12-09,23,道路上,キーなし,なし,自動二輪（50cc超）
窃盗,オートバイ盗,調布,京王多摩川駅前交番,132080,東京都,調布市,多摩川１丁目,2017-12-20,21,その他の住宅（３階建て以下共同住宅等）,キーなし,なし,自動二輪（50cc超）
窃盗,オートバイ盗,調布,京王多摩川駅前交番,132080,東京都,調布市,多摩川４丁目,2018-02-09,20,その他の住宅（３階建て以下共同住宅等）,キーなし,なし,原動機付自転車（50cc以下）
窃盗,オートバイ盗,調布,宮の上駐在所,132080,東京都,調布市,柴崎２丁目,2018-03-14,17,その他,キーなし,なし,原動機付自転車（50cc以下）
窃盗,オートバイ盗,調布,菊野台交番,132080,東京都,調布市,深大寺南町１丁目,2018-08-24,01,道路上,キーなし,あり,原動機付自転車（50cc以下）
窃盗,オートバイ盗,調布,和泉多摩川交番,132195,東京都,狛江市,元和泉２丁目,2018-09-06,20,一戸建住宅,キーなし,なし,原動機付自転車（50cc以下）
窃盗,オートバイ盗,調布,岩戸交番,132195,東京都,狛江市,岩戸北４丁目,2018-09-16,19,その他の住宅（３階建て以下共同住宅等）,キーなし,なし,自動二輪（50cc超）
窃盗,オートバイ盗,調布,飛田給駅前交番,132080,東京都,調布市,上石原３丁目,2018-05-10,07,その他,キーなし,なし,自動二輪（50cc超）
窃盗,オートバイ盗,小平,花小金井駅前交番,132110,東京都,小平市,花小金井１丁目,2018-03-28,23,４階建て以上共同住宅,キーなし,あり,自動二輪（50cc超）
窃盗,オートバイ盗,小平,小平駅前交番,132110,東京都,小平市,美園町１丁目,2018-08-20,22,その他の住宅（３階建て以下共同住宅等）,キーなし,あり,自動二輪（50cc超）
窃盗,オートバイ盗,小平,小平駅前交番,132110,東京都,小平市,美園町２丁目,2018-07-21,00,その他の住宅（３階建て以下共同住宅等）,キーなし,なし,原動機付自転車（50cc以下）
窃盗,オートバイ盗,小平,鷹の台駅前交番,132110,東京都,小平市,小川町１丁目,2018-04-10,22,その他の住宅（３階建て以下共同住宅等）,キーなし,なし,原動機付自転車（50cc以下）
窃盗,オートバイ盗,小平,鷹の台駅前交番,132110,東京都,小平市,上水本町１丁目,2018-02-11,21,その他の住宅（３階建て以下共同住宅等）,キーなし,なし,自動二輪（50cc超）
窃盗,オートバイ盗,小平,鷹の台駅前交番,132110,東京都,小平市,上水本町３丁目,2018-09-28,00,その他の住宅（３階建て以下共同住宅等）,キーなし,なし,原動機付自転車（50cc以下）
窃盗,オートバイ盗,小平,鷹の台駅前交番,132110,東京都,小平市,たかの台,2018-09-09,18,道路上,キーなし,なし,自動二輪（50cc超）
窃盗,オートバイ盗,小平,小川駅前交番,132110,東京都,小平市,小川西町１丁目,2018-11-05,09,駐車（輪）場,キーなし,なし,原動機付自転車（50cc以下）
窃盗,オートバイ盗,小平,小川駅前交番,132110,東京都,小平市,小川東町１丁目,2018-10-21,17,一戸建住宅,キーなし,なし,自動二輪（50cc超）
窃盗,オートバイ盗,小平,小川駅前交番,132110,東京都,小平市,小川東町１丁目,2018-11-10,14,道路上,キーなし,なし,自動二輪（50cc超）
窃盗,オートバイ盗,小平,小川駐在所,132110,東京都,小平市,小川町１丁目,2018-10-10,07,その他,キーなし,なし,自動二輪（50cc超）
窃盗,オートバイ盗,小平,小川駐在所,132110,東京都,小平市,小川町２丁目,2018-06-10,12,４階建て以上共同住宅,キーなし,なし,自動二輪（50cc超）
