ί–Ό,θϋ,Ηx@i”­¶’nj,Ηπ”ΤE’“έi”­¶’nj,s‹ζ’¬‘ΊƒR[ƒhi”­¶’nj,“s“Ή•{§i”­¶’nj,s‹ζ’¬‘Ίi”­¶’nj,’¬’–Ϊi”­¶’nj,”­¶”N“ϊinϊj,”­¶inϊj,”­¶κ‚Μ‘®«,»‹ΰΘO‚Με‚Θ”νQ•i
ή“,•”•i‚Λ‚η‚Ά,’†‰›,–{’¬π”Τ,131024,“‹“s,’†‰›‹ζ,“ϊ–{‹΄–{’¬‚R’–Ϊ,2019-02-24,09,’“Τi—Φjκ,ƒiƒ“ƒo[ƒvƒ[ƒg
ή“,•”•i‚Λ‚η‚Ά,’†‰›,“ϊ–{‹΄π”Τ,131024,“‹“s,’†‰›‹ζ,“ϊ–{‹΄Ί’¬‚Q’–Ϊ,2019-05-30,08,’“Τi—Φjκ,‚»‚Μ‘Ό
ή“,•”•i‚Λ‚η‚Ά,’†‰›,κ’¬π”Τ,131024,“‹“s,’†‰›‹ζ,“ϊ–{‹΄•’¬,2019-03-31,12,“ΉHγ,‚»‚Μ‘Ό
ή“,•”•i‚Λ‚η‚Ά,’†‰›,”ª’–xπ”Τ,131024,“‹“s,’†‰›‹ζ,”ª’–x‚S’–Ϊ,2019-09-22,08,‚SK‚ΔΘγ‹¤“―Z‘ξ,‚»‚Μ‘Ό
ή“,•”•i‚Λ‚η‚Ά,’†‰›,‚‹΄π”Τ,131024,“‹“s,’†‰›‹ζ,Vμ‚Q’–Ϊ,2019-10-02,17,‚SK‚ΔΘγ‹¤“―Z‘ξ,‚»‚Μ‘Ό
ή“,•”•i‚Λ‚η‚Ά,’†‰›,‚‹΄π”Τ,131024,“‹“s,’†‰›‹ζ,”ª’–x‚S’–Ϊ,2019-09-07,16,‚SK‚ΔΘγ‹¤“―Z‘ξ,‚»‚Μ‘Ό
ή“,•”•i‚Λ‚η‚Ά,[μ,X‰Ίπ”Τ,131083,“‹“s,]“‹ζ,V‘ε‹΄‚P’–Ϊ,2019-11-06,04,‚SK‚ΔΘγ‹¤“―Z‘ξ,ƒ^ƒCƒ„EƒzƒC[ƒ‹
ή“,•”•i‚Λ‚η‚Ά,[μ,X‰Ίπ”Τ,131083,“‹“s,]“‹ζ,V‘ε‹΄‚Q’–Ϊ,2019-11-29,17,‚»‚Μ‘Ό,ƒiƒ“ƒo[ƒvƒ[ƒg
ή“,•”•i‚Λ‚η‚Ά,[μ,X‰Ίπ”Τ,131083,“‹“s,]“‹ζ,‚‹΄,2019-02-10,16,κΛZ‘ξ,‚»‚Μ‘Ό
ή“,•”•i‚Λ‚η‚Ά,[μ,Z‹gπ”Τ,131083,“‹“s,]“‹ζ,Z‹g‚P’–Ϊ,2019-03-26,16,‚SK‚ΔΘγ‹¤“―Z‘ξ,‚»‚Μ‘Ό
ή“,•”•i‚Λ‚η‚Ά,[μ,“—zπ”Τ,131083,“‹“s,]“‹ζ,‰–•l‚Q’–Ϊ,2019-03-29,21,’“Τi—Φjκ,ƒiƒ“ƒo[ƒvƒ[ƒg
ή“,•”•i‚Λ‚η‚Ά,[μ,“—zπ”Τ,131083,“‹“s,]“‹ζ,‰–•l‚Q’–Ϊ,2019-09-18,06,‚»‚Μ‘Ό,‚»‚Μ‘Ό
ή“,•”•i‚Λ‚η‚Ά,[μ,“—zπ”Τ,131083,“‹“s,]“‹ζ,“—z‚S’–Ϊ,2018-06-10,16,‚SK‚ΔΘγ‹¤“―Z‘ξ,ƒiƒ“ƒo[ƒvƒ[ƒg
ή“,•”•i‚Λ‚η‚Ά,[μ,“—zπ”Τ,131083,“‹“s,]“‹ζ,“—z‚T’–Ϊ,2019-02-23,17,’“Τi—Φjκ,ƒiƒ“ƒo[ƒvƒ[ƒg
ή“,•”•i‚Λ‚η‚Ά,[μ,“—zπ”Τ,131083,“‹“s,]“‹ζ,“—z‚T’–Ϊ,2019-10-03,12,’“Τi—Φjκ,‚»‚Μ‘Ό
ή“,•”•i‚Λ‚η‚Ά,[μ,“—zπ”Τ,131083,“‹“s,]“‹ζ,“—z‚T’–Ϊ,2019-12-16,06,‚»‚Μ‘Ό,ƒiƒ“ƒo[ƒvƒ[ƒg
ή“,•”•i‚Λ‚η‚Ά,[μ,–ε‘O’‡’¬π”Τ,131083,“‹“s,]“‹ζ,‰z’†“‡‚P’–Ϊ,2019-06-06,19,’“Τi—Φjκ,ƒ^ƒCƒ„EƒzƒC[ƒ‹
ή“,•”•i‚Λ‚η‚Ά,[μ,–ε‘O’‡’¬π”Τ,131083,“‹“s,]“‹ζ,‰z’†“‡‚Q’–Ϊ,2019-03-20,17,’“Τi—Φjκ,‚»‚Μ‘Ό
ή“,•”•i‚Λ‚η‚Ά,[μ,–ε‘O’‡’¬π”Τ,131083,“‹“s,]“‹ζ,‰z’†“‡‚Q’–Ϊ,2019-05-25,10,’“Τi—Φjκ,‚»‚Μ‘Ό
ή“,•”•i‚Λ‚η‚Ά,[μ,–ε‘O’‡’¬π”Τ,131083,“‹“s,]“‹ζ,‰z’†“‡‚Q’–Ϊ,2019-05-29,08,’“Τi—Φjκ,‚»‚Μ‘Ό
ή“,•”•i‚Λ‚η‚Ά,[μ,–ε‘O’‡’¬π”Τ,131083,“‹“s,]“‹ζ,‰z’†“‡‚Q’–Ϊ,2019-06-13,20,‚SK‚ΔΘγ‹¤“―Z‘ξ,ƒiƒ“ƒo[ƒvƒ[ƒg
ή“,•”•i‚Λ‚η‚Ά,[μ,–ε‘O’‡’¬π”Τ,131083,“‹“s,]“‹ζ,•x‰ª‚P’–Ϊ,2019-03-23,12,‚SK‚ΔΘγ‹¤“―Z‘ξ,ƒiƒ“ƒo[ƒvƒ[ƒg
ή“,•”•i‚Λ‚η‚Ά,[μ,η“cπ”Τ,131083,“‹“s,]“‹ζ,ξ‹΄‚Q’–Ϊ,2019-04-18,03,‚SK‚ΔΘγ‹¤“―Z‘ξ,ƒiƒ“ƒo[ƒvƒ[ƒg
ή“,•”•i‚Λ‚η‚Ά,[μ,η“cπ”Τ,131083,“‹“s,]“‹ζ,ξ‹΄‚R’–Ϊ,2019-02-26,14,‚SK‚ΔΘγ‹¤“―Z‘ξ,‚»‚Μ‘Ό
ή“,•”•i‚Λ‚η‚Ά,[μ,η“cπ”Τ,131083,“‹“s,]“‹ζ,ηΞ‚R’–Ϊ,2019-06-07,16,κΛZ‘ξ,ƒiƒ“ƒo[ƒvƒ[ƒg
ή“,•”•i‚Λ‚η‚Ά,[μ,–LFπ”Τ,131083,“‹“s,]“‹ζ,–LF‚R’–Ϊ,2019-07-30,09,’“Τi—Φjκ,‚»‚Μ‘Ό
ή“,•”•i‚Λ‚η‚Ά,[μ,–LFπ”Τ,131083,“‹“s,]“‹ζ,–LF‚U’–Ϊ,2018-12-27,18,‚»‚Μ‘Ό,ƒiƒ“ƒo[ƒvƒ[ƒg
ή“,•”•i‚Λ‚η‚Ά,[μ,–LFπ”Τ,131083,“‹“s,]“‹ζ,–LF‚U’–Ϊ,2019-08-23,01,‚»‚Μ‘Ό,‚»‚Μ‘Ό
ή“,•”•i‚Λ‚η‚Ά,[μ,»‘γ”όpΩ‘Oπ”Τ,131083,“‹“s,]“‹ζ,–Ψκ‚R’–Ϊ,2019-11-07,19,‚SK‚ΔΘγ‹¤“―Z‘ξ,‚»‚Μ‘Ό
ή“,•”•i‚Λ‚η‚Ά,[μ,»‘γ”όpΩ‘Oπ”Τ,131083,“‹“s,]“‹ζ,”’‰Ν‚R’–Ϊ,2019-04-28,17,κΛZ‘ξ,ƒiƒ“ƒo[ƒvƒ[ƒg
ή“,•”•i‚Λ‚η‚Ά,[μ,΄’λ‰€‘Oπ”Τ,131083,“‹“s,]“‹ζ,‚‹΄,2019-09-17,14,‚SK‚ΔΘγ‹¤“―Z‘ξ,‚»‚Μ‘Ό
ή“,•”•i‚Λ‚η‚Ά,[μ,΄’λ‰€‘Oπ”Τ,131083,“‹“s,]“‹ζ,•Z‚Q’–Ϊ,2019-10-12,21,‚SK‚ΔΘγ‹¤“―Z‘ξ,‚»‚Μ‘Ό
ή“,•”•i‚Λ‚η‚Ά,’¬,ά–΅βπ”Τ,131016,“‹“s,η‘γ“c‹ζ,O”Τ’¬,2019-11-10,15,‚SK‚ΔΘγ‹¤“―Z‘ξ,‚»‚Μ‘Ό
ή“,•”•i‚Λ‚η‚Ά,’¬,sƒP’J©•tπ”Τ,131016,“‹“s,η‘γ“c‹ζ,ά”Τ’¬,2019-08-29,10,’“Τi—Φjκ,‚»‚Μ‘Ό
ή“,•”•i‚Λ‚η‚Ά,Ϋ‚Μ“ΰ,”ªdFϋπ”Τ,131016,“‹“s,η‘γ“c‹ζ,‘εθ’¬‚Q’–Ϊ,2019-09-05,08,’“Τi—Φjκ,ƒ^ƒCƒ„EƒzƒC[ƒ‹
ή“,•”•i‚Λ‚η‚Ά,_“c,_•Ϋ’¬π”Τ,131016,“‹“s,η‘γ“c‹ζ,_“c_•Ϋ’¬‚P’–Ϊ,2019-09-08,17,“ΉHγ,‚»‚Μ‘Ό
ή“,•”•i‚Λ‚η‚Ά,–Ά‹΄,_“c‰wπ”Τ,131016,“‹“s,η‘γ“c‹ζ,“ΰ_“c‚R’–Ϊ,2019-07-04,09,“ΉHγ,‚»‚Μ‘Ό
ή“,•”•i‚Λ‚η‚Ά,–Ά‹΄,H—t΄π”Τ,131016,“‹“s,η‘γ“c‹ζ,_“c‘¶’¬,2019-05-12,12,’“Τi—Φjκ,‚»‚Μ‘Ό
ή“,•”•i‚Λ‚η‚Ά,–Ά‹΄,H—t΄π”Τ,131016,“‹“s,η‘γ“c‹ζ,_“c‘¶’¬,2019-05-15,08,’“Τi—Φjκ,‚»‚Μ‘Ό
ή“,•”•i‚Λ‚η‚Ά,–Ά‹΄,H—t΄π”Τ,131016,“‹“s,η‘γ“c‹ζ,_“c‘¶’¬,2019-12-14,19,’“Τi—Φjκ,ƒ^ƒCƒ„EƒzƒC[ƒ‹
ή“,•”•i‚Λ‚η‚Ά,–Ά‹΄,H—t΄π”Τ,131016,“‹“s,η‘γ“c‹ζ,O_“c‚T’–Ϊ,2019-02-12,15,“ΉHγ,‚»‚Μ‘Ό
ή“,•”•i‚Λ‚η‚Ά,‹vΌ,” θπ”Τ,131024,“‹“s,’†‰›‹ζ,“ϊ–{‹΄’†F,2018-07-10,16,“ΉHγ,ƒiƒ“ƒo[ƒvƒ[ƒg
ή“,•”•i‚Λ‚η‚Ά,‹vΌ,–β‰®‹΄π”Τ,131024,“‹“s,’†‰›‹ζ,“ϊ–{‹΄l`’¬‚P’–Ϊ,2019-08-24,15,“ΉHγ,‚»‚Μ‘Ό
ή“,•”•i‚Λ‚η‚Ά,’z’n,‹βΐκ’–Ϊπ”Τ,131024,“‹“s,’†‰›‹ζ,‹βΐ‚Q’–Ϊ,2019-10-07,18,‚SK‚ΔΘγ‹¤“―Z‘ξ,‚»‚Μ‘Ό
ή“,•”•i‚Λ‚η‚Ά,’z’n,”ρ‰®‹΄π”Τ,131024,“‹“s,’†‰›‹ζ,‹βΐ‚S’–Ϊ,2019-06-12,09,’“Τi—Φjκ,‚»‚Μ‘Ό
ή“,•”•i‚Λ‚η‚Ά,’z’n,‹βΐ”ª’–Ϊπ”Τ,131024,“‹“s,’†‰›‹ζ,‹βΐ‚U’–Ϊ,2019-07-24,10,“ΉHγ,ƒiƒ“ƒo[ƒvƒ[ƒg
ή“,•”•i‚Λ‚η‚Ά,’z’n,’†‰›sκπ”Τ,131024,“‹“s,’†‰›‹ζ,’z’n‚S’–Ϊ,2019-04-03,16,“ΉHγ,‚»‚Μ‘Ό
ή“,•”•i‚Λ‚η‚Ά,’z’n,V•x’¬π”Τ,131024,“‹“s,’†‰›‹ζ,–ΎΞ’¬,2019-03-24,20,’“Τi—Φjκ,‚»‚Μ‘Ό
ή“,•”•i‚Λ‚η‚Ά,O“c,O“cj’¬π”Τ,131032,“‹“s,`‹ζ,O“c‚T’–Ϊ,2019-10-22,00,“ΉHγ,‚»‚Μ‘Ό
ή“,•”•i‚Λ‚η‚Ά,O“c,‹T’Λφ‰€‘Oπ”Τ,131032,“‹“s,`‹ζ,Ε‚T’–Ϊ,2019-12-21,09,’“Τi—Φjκ,ƒ^ƒCƒ„EƒzƒC[ƒ‹
ή“,•”•i‚Λ‚η‚Ά,O“c,Εl’–Ϊπ”Τ,131032,“‹“s,`‹ζ,Ε‚Q’–Ϊ,2019-08-08,06,‚SK‚ΔΘγ‹¤“―Z‘ξ,‚»‚Μ‘Ό
ή“,•”•i‚Λ‚η‚Ά,‚—Φ,•iμ‰w`“μϋπ”Τ,131032,“‹“s,`‹ζ,`“μ‚Q’–Ϊ,2019-05-20,07,‚SK‚ΔΘγ‹¤“―Z‘ξ,‚»‚Μ‘Ό
ή“,•”•i‚Λ‚η‚Ά,‚—Φ,‚—Φ‘δπ”Τ,131032,“‹“s,`‹ζ,”’‹ΰ‘δ‚R’–Ϊ,2019-01-23,22,κΛZ‘ξ,ƒiƒ“ƒo[ƒvƒ[ƒg
ή“,•”•i‚Λ‚η‚Ά,‚—Φ,‚—Φ‘δπ”Τ,131032,“‹“s,`‹ζ,”’‹ΰ‘δ‚R’–Ϊ,2019-04-26,17,‚»‚Μ‘Ό‚ΜZ‘ξi‚RK‚ΔΘ‰Ί‹¤“―Z‘ξ“™j,ƒ^ƒCƒ„EƒzƒC[ƒ‹
ή“,•”•i‚Λ‚η‚Ά,‚—Φ,”’‹ΰOυ’¬π”Τ,131032,“‹“s,`‹ζ,”’‹ΰ‚R’–Ϊ,2019-05-25,09,’“Τi—Φjκ,‚»‚Μ‘Ό
ή“,•”•i‚Λ‚η‚Ά,‚—Φ,”’‹ΰOυ’¬π”Τ,131032,“‹“s,`‹ζ,”’‹ΰ‘δ‚S’–Ϊ,2019-05-26,20,‚SK‚ΔΘγ‹¤“―Z‘ξ,‚»‚Μ‘Ό
ή“,•”•i‚Λ‚η‚Ά,‚—Φ,”’‹ΰOυ’¬π”Τ,131032,“‹“s,`‹ζ,”’‹ΰ‘δ‚S’–Ϊ,2019-05-31,18,‚SK‚ΔΘγ‹¤“―Z‘ξ,‚»‚Μ‘Ό
ή“,•”•i‚Λ‚η‚Ά,‚—Φ,”’‹ΰOυ’¬π”Τ,131032,“‹“s,`‹ζ,”’‹ΰ‘δ‚T’–Ϊ,2019-01-13,23,κΛZ‘ξ,‚»‚Μ‘Ό
ή“,•”•i‚Λ‚η‚Ά,‚—Φ,΄³φ‘Oπ”Τ,131032,“‹“s,`‹ζ,”’‹ΰ‚R’–Ϊ,2019-03-31,15,‚SK‚ΔΘγ‹¤“―Z‘ξ,‚»‚Μ‘Ό
ή“,•”•i‚Λ‚η‚Ά,‚—Φ,‚—Φ“ρ’–Ϊπ”Τ,131032,“‹“s,`‹ζ,‚—Φ‚P’–Ϊ,2019-06-20,10,‚SK‚ΔΘγ‹¤“―Z‘ξ,‚»‚Μ‘Ό
ή“,•”•i‚Λ‚η‚Ά,–ƒ•z,κ”V‹΄π”Τ,131032,“‹“s,`‹ζ,–ƒ•z\”Τ‚Q’–Ϊ,2019-03-18,16,’“Τi—Φjκ,‚»‚Μ‘Ό
ή“,•”•i‚Λ‚η‚Ά,–ƒ•z,·‰ª’¬π”Τ,131032,“‹“s,`‹ζ,“μ–ƒ•z‚Q’–Ϊ,2019-06-29,18,‚SK‚ΔΘγ‹¤“―Z‘ξ,ƒ^ƒCƒ„EƒzƒC[ƒ‹
ή“,•”•i‚Λ‚η‚Ά,–ƒ•z,·‰ª’¬π”Τ,131032,“‹“s,`‹ζ,“μ–ƒ•z‚Q’–Ϊ,2019-07-03,21,‚SK‚ΔΘγ‹¤“―Z‘ξ,‚»‚Μ‘Ό
ή“,•”•i‚Λ‚η‚Ά,–ƒ•z,Ό–ƒ•zπ”Τ,131032,“‹“s,`‹ζ,Ό–ƒ•z‚S’–Ϊ,2018-11-10,17,’“Τi—Φjκ,ƒiƒ“ƒo[ƒvƒ[ƒg
ή“,•”•i‚Λ‚η‚Ά,–ƒ•z,Ό–ƒ•zπ”Τ,131032,“‹“s,`‹ζ,Ό–ƒ•z‚S’–Ϊ,2019-02-12,20,‚SK‚ΔΘγ‹¤“―Z‘ξ,‚»‚Μ‘Ό
ή“,•”•i‚Λ‚η‚Ά,–ƒ•z,Z–{–Ψπ”Τ,131032,“‹“s,`‹ζ,Z–{–Ψ‚R’–Ϊ,2019-07-21,17,’“Τi—Φjκ,ƒiƒ“ƒo[ƒvƒ[ƒg
ή“,•”•i‚Λ‚η‚Ά,–ƒ•z,Z–{–Ψπ”Τ,131032,“‹“s,`‹ζ,Z–{–Ψ‚U’–Ϊ,2019-05-01,16,’“Τi—Φjκ,‚»‚Μ‘Ό
ή“,•”•i‚Λ‚η‚Ά,–ƒ•z,Z–{–ΨZ’–Ϊπ”Τ,131032,“‹“s,`‹ζ,Z–{–Ψ‚U’–Ϊ,2019-06-02,17,“ΉHγ,‚»‚Μ‘Ό
ή“,•”•i‚Λ‚η‚Ά,Τβ,ΒRκ’–Ϊπ”Τ,131032,“‹“s,`‹ζ,–kΒR‚P’–Ϊ,2019-03-30,18,“ΉHγ,‚»‚Μ‘Ό
ή“,•”•i‚Λ‚η‚Ά,Τβ,Τβά’–Ϊπ”Τ,131032,“‹“s,`‹ζ,Τβ‚Q’–Ϊ,2019-10-03,19,’“Τi—Φjκ,‚»‚Μ‘Ό
ή“,•”•i‚Λ‚η‚Ά,Τβ,Τβά’–Ϊπ”Τ,131032,“‹“s,`‹ζ,Τβ‚Q’–Ϊ,2019-10-03,23,’“Τi—Φjκ,ƒiƒ“ƒo[ƒvƒ[ƒg
ή“,•”•i‚Λ‚η‚Ά,“‹pέ,‘ζά‘δκπ”Τ,131091,“‹“s,•iμ‹ζ,”ª’ª‚Q’–Ϊ,2019-08-26,14,’“Τi—Φjκ,‚»‚Μ‘Ό
ή“,•”•i‚Λ‚η‚Ά,“‹pέ,‘ζά‘δκπ”Τ,131091,“‹“s,•iμ‹ζ,”ª’ª‚R’–Ϊ,2019-10-30,17,’“Τi—Φjκ,‚»‚Μ‘Ό
ή“,•”•i‚Λ‚η‚Ά,“‹pέ,‘ε“csκ‘Oπ”Τ,131091,“‹“s,•iμ‹ζ,”ª’ª‚R’–Ϊ,2019-01-13,10,’“Τi—Φjκ,ƒ^ƒCƒ„EƒzƒC[ƒ‹
ή“,•”•i‚Λ‚η‚Ά,“‹pέ,‘ε“csκ‘Oπ”Τ,131091,“‹“s,•iμ‹ζ,”ª’ª‚R’–Ϊ,2019-05-25,13,’“Τi—Φjκ,‚»‚Μ‘Ό
ή“,•”•i‚Λ‚η‚Ά,“‹pέ,‘ε“csκ‘Oπ”Τ,131113,“‹“s,‘ε“c‹ζ,“C‚S’–Ϊ,2019-01-16,23,“ΉHγ,‚»‚Μ‘Ό
ή“,•”•i‚Λ‚η‚Ά,“‹pέ,‚¨‘δκC•lφ‰€‰w‘Oπ”Τ,131032,“‹“s,`‹ζ,‘δκ‚Q’–Ϊ,2019-11-17,23,’“Τi—Φjκ,‚»‚Μ‘Ό
ή“,•”•i‚Λ‚η‚Ά,“‹pέ,‚¨‘δκC•lφ‰€‰w‘Oπ”Τ,131083,“‹“s,]“‹ζ,ΒC‚S’–Ϊ,2019-04-26,•s–Ύ,“ΉHγ,‚»‚Μ‘Ό
ή“,•”•i‚Λ‚η‚Ά,“‹pέ,“s‹΄π”Τ,131083,“‹“s,]“‹ζ,—L–Ύ‚P’–Ϊ,2019-07-15,08,‚»‚Μ‘Ό,ƒiƒ“ƒo[ƒvƒ[ƒg
ή“,•”•i‚Λ‚η‚Ά,“‹pέ,“s‹΄π”Τ,131083,“‹“s,]“‹ζ,—L–Ύ‚R’–Ϊ,2019-08-14,17,’“Τi—Φjκ,ƒiƒ“ƒo[ƒvƒ[ƒg
ή“,•”•i‚Λ‚η‚Ά,“‹pέ,“s‹΄π”Τ,131083,“‹“s,]“‹ζ,—L–Ύ‚S’–Ϊ,2019-06-14,18,’“Τi—Φjκ,‚»‚Μ‘Ό
ή“,•”•i‚Λ‚η‚Ά,“‹pέ,“s‹΄π”Τ,131083,“‹“s,]“‹ζ,“‰_‚P’–Ϊ,2019-08-25,18,‚SK‚ΔΘγ‹¤“―Z‘ξ,ƒ^ƒCƒ„EƒzƒC[ƒ‹
ή“,•”•i‚Λ‚η‚Ά,“‹pέ,“s‹΄π”Τ,131083,“‹“s,]“‹ζ,“‰_‚Q’–Ϊ,2019-08-01,16,‚SK‚ΔΘγ‹¤“―Z‘ξ,‚»‚Μ‘Ό
ή“,•”•i‚Λ‚η‚Ά,“‹pέ,“s‹΄π”Τ,131083,“‹“s,]“‹ζ,“‰_‚Q’–Ϊ,2019-10-27,16,’“Τi—Φjκ,ƒ^ƒCƒ„EƒzƒC[ƒ‹
ή“,•”•i‚Λ‚η‚Ά,“‹pέ,’C–¤π”Τ,131083,“‹“s,]“‹ζ,’C–¤‚P’–Ϊ,2019-04-29,19,‚SK‚ΔΘγ‹¤“―Z‘ξ,‚»‚Μ‘Ό
ή“,•”•i‚Λ‚η‚Ά,“‹pέ,V–Ψκ‰w‘Oπ”Τ,131083,“‹“s,]“‹ζ,V–Ψκ‚R’–Ϊ,2019-04-03,14,“ΉHγ,ƒiƒ“ƒo[ƒvƒ[ƒg
ή“,•”•i‚Λ‚η‚Ά,“‹pέ,V–Ψκ‰w‘Oπ”Τ,131083,“‹“s,]“‹ζ,αF‚P’–Ϊ,2019-11-22,19,’“Τi—Φjκ,‚»‚Μ‘Ό
ή“,•”•i‚Λ‚η‚Ά,•iμ,Oƒc–Ψπ”Τ,131091,“‹“s,•iμ‹ζ,Ό•iμ‚Q’–Ϊ,2019-11-01,19,κΛZ‘ξ,‚»‚Μ‘Ό
ή“,•”•i‚Λ‚η‚Ά,•iμ,Oƒc–Ψπ”Τ,131091,“‹“s,•iμ‹ζ,Ό•iμ‚Q’–Ϊ,2019-11-02,20,’“Τi—Φjκ,‚»‚Μ‘Ό
ή“,•”•i‚Λ‚η‚Ά,•iμ,Β•¨‰΅’‰w‘Oπ”Τ,131091,“‹“s,•iμ‹ζ,“•iμ‚R’–Ϊ,2019-11-30,13,’“Τi—Φjκ,‚»‚Μ‘Ό
ή“,•”•i‚Λ‚η‚Ά,•iμ,Β•¨‰΅’‰w‘Oπ”Τ,131091,“‹“s,•iμ‹ζ,“•iμ‚S’–Ϊ,2019-02-21,09,’“Τi—Φjκ,ƒ^ƒCƒ„EƒzƒC[ƒ‹
ή“,•”•i‚Λ‚η‚Ά,•iμ,Β•¨‰΅’‰w‘Oπ”Τ,131091,“‹“s,•iμ‹ζ,“μ•iμ‚Q’–Ϊ,2019-09-02,21,’“Τi—Φjκ,ƒiƒ“ƒo[ƒvƒ[ƒg
ή“,•”•i‚Λ‚η‚Ά,•iμ,“V‰¤Fπ”Τ,131091,“‹“s,•iμ‹ζ,“•iμ‚Q’–Ϊ,2019-01-25,16,‚SK‚ΔΘγ‹¤“―Z‘ξ,‚»‚Μ‘Ό
ή“,•”•i‚Λ‚η‚Ά,•iμ,“V‰¤Fπ”Τ,131091,“‹“s,•iμ‹ζ,“•iμ‚Q’–Ϊ,2019-12-11,18,‚»‚Μ‘Ό,ƒiƒ“ƒo[ƒvƒ[ƒg
ή“,•”•i‚Λ‚η‚Ά,•iμ,“V‰¤Fπ”Τ,131091,“‹“s,•iμ‹ζ,“•iμ‚R’–Ϊ,2019-06-15,18,‚SK‚ΔΘγ‹¤“―Z‘ξ,ƒiƒ“ƒo[ƒvƒ[ƒg
ή“,•”•i‚Λ‚η‚Ά,‘εδ,‘εδ’¬‰w‘Oπ”Τ,131091,“‹“s,•iμ‹ζ,‘εδ‚R’–Ϊ,2019-09-14,14,‚»‚Μ‘Ό‚ΜZ‘ξi‚RK‚ΔΘ‰Ί‹¤“―Z‘ξ“™j,ƒ^ƒCƒ„EƒzƒC[ƒ‹
ή“,•”•i‚Λ‚η‚Ά,‘εδ,‘εδ’¬‰w‘Oπ”Τ,131091,“‹“s,•iμ‹ζ,“‘εδ‚T’–Ϊ,2019-02-23,19,‚»‚Μ‘Ό,‚»‚Μ‘Ό
ή“,•”•i‚Λ‚η‚Ά,‘εδ,‘εδ’¬‰w‘Oπ”Τ,131091,“‹“s,•iμ‹ζ,“‘εδ‚T’–Ϊ,2019-12-08,09,’“Τi—Φjκ,‚»‚Μ‘Ό
ή“,•”•i‚Λ‚η‚Ά,‘εδ,—§‰ομπ”Τ,131091,“‹“s,•iμ‹ζ,“‡‚P’–Ϊ,2019-03-24,19,‚SK‚ΔΘγ‹¤“―Z‘ξ,ƒiƒ“ƒo[ƒvƒ[ƒg
ή“,•”•i‚Λ‚η‚Ά,‘εδ,—§‰ομπ”Τ,131091,“‹“s,•iμ‹ζ,“‡‚P’–Ϊ,2019-06-14,18,‚SK‚ΔΘγ‹¤“―Z‘ξ,‚»‚Μ‘Ό
ή“,•”•i‚Λ‚η‚Ά,‘εδ,—§‰ομπ”Τ,131091,“‹“s,•iμ‹ζ,“‡‚P’–Ϊ,2019-06-29,17,‚SK‚ΔΘγ‹¤“―Z‘ξ,ƒ^ƒCƒ„EƒzƒC[ƒ‹
ή“,•”•i‚Λ‚η‚Ά,‘εδ,—§‰ομπ”Τ,131091,“‹“s,•iμ‹ζ,“μ‘εδ‚S’–Ϊ,2019-07-16,22,‚SK‚ΔΘγ‹¤“―Z‘ξ,‚»‚Μ‘Ό
ή“,•”•i‚Λ‚η‚Ά,‘εδ,Ό‘εδ‰w‘Oπ”Τ,131091,“‹“s,•iμ‹ζ,Ό‘εδ‚T’–Ϊ,2019-05-22,19,κΛZ‘ξ,‚»‚Μ‘Ό
ή“,•”•i‚Λ‚η‚Ά,‘εδ,Ό‘εδ‰w‘Oπ”Τ,131091,“‹“s,•iμ‹ζ,Ό‘εδ‚U’–Ϊ,2019-06-15,17,‚»‚Μ‘Ό‚ΜZ‘ξi‚RK‚ΔΘ‰Ί‹¤“―Z‘ξ“™j,‚»‚Μ‘Ό
ή“,•”•i‚Λ‚η‚Ά,‘εδ,”ª’ª’c’nπ”Τ,131091,“‹“s,•iμ‹ζ,”ª’ª‚T’–Ϊ,2019-02-12,06,‚SK‚ΔΘγ‹¤“―Z‘ξ,‚»‚Μ‘Ό
ή“,•”•i‚Λ‚η‚Ά,‘εδ,”ª’ª’c’nπ”Τ,131091,“‹“s,•iμ‹ζ,”ª’ª‚T’–Ϊ,2019-04-13,18,’“Τi—Φjκ,‚»‚Μ‘Ό
ή“,•”•i‚Λ‚η‚Ά,‘εδ,”ª’ª’c’nπ”Τ,131091,“‹“s,•iμ‹ζ,”ª’ª‚T’–Ϊ,2019-12-15,15,‚SK‚ΔΘγ‹¤“―Z‘ξ,ƒiƒ“ƒo[ƒvƒ[ƒg
ή“,•”•i‚Λ‚η‚Ά,‘εθ,ά”½“c‰w‘Oπ”Τ,131091,“‹“s,•iμ‹ζ,Όά”½“c‚Q’–Ϊ,2019-02-21,15,’“Τi—Φjκ,‚»‚Μ‘Ό
ή“,•”•i‚Λ‚η‚Ά,‘εθ,ά”½“c‰w‘Oπ”Τ,131091,“‹“s,•iμ‹ζ,“ά”½“c‚P’–Ϊ,2019-06-17,07,“ΉHγ,ƒ^ƒCƒ„EƒzƒC[ƒ‹
ή“,•”•i‚Λ‚η‚Ά,‘εθ,ά”½“c‰w‘Oπ”Τ,131091,“‹“s,•iμ‹ζ,“ά”½“c‚T’–Ϊ,2019-02-27,07,“ΉHγ,‚»‚Μ‘Ό
ή“,•”•i‚Λ‚η‚Ά,‘εθ,‘εθ‰w‘Oπ”Τ,131091,“‹“s,•iμ‹ζ,‘εθ‚P’–Ϊ,2019-11-20,09,’“Τi—Φjκ,‚»‚Μ‘Ό
ή“,•”•i‚Λ‚η‚Ά,‘εθ,‘εθ‰w‘Oπ”Τ,131091,“‹“s,•iμ‹ζ,‘εθ‚P’–Ϊ,2019-12-11,08,’“Τi—Φjκ,‚»‚Μ‘Ό
ή“,•”•i‚Λ‚η‚Ά,‘εθ,‘εθ‰w‘Oπ”Τ,131091,“‹“s,•iμ‹ζ,‘εθ‚Q’–Ϊ,2019-03-14,09,’“Τi—Φjκ,‚»‚Μ‘Ό
ή“,•”•i‚Λ‚η‚Ά,‘εθ,‘εθ‰w‘Oπ”Τ,131091,“‹“s,•iμ‹ζ,‘εθ‚R’–Ϊ,2019-12-09,04,‚»‚Μ‘Ό‚ΜZ‘ξi‚RK‚ΔΘ‰Ί‹¤“―Z‘ξ“™j,‚»‚Μ‘Ό
ή“,•”•i‚Λ‚η‚Ά,‘εθ,’†΄ϋπ”Τ,131091,“‹“s,•iμ‹ζ,Όά”½“c‚V’–Ϊ,2019-10-06,07,’“Τi—Φjκ,‚»‚Μ‘Ό
ή“,•”•i‚Λ‚η‚Ά,‘εθ,Όά”½“cπ”Τ,131091,“‹“s,•iμ‹ζ,Όά”½“c‚S’–Ϊ,2019-04-26,18,“ΉHγ,‚»‚Μ‘Ό
ή“,•”•i‚Λ‚η‚Ά,‘εθ,Όά”½“cπ”Τ,131091,“‹“s,•iμ‹ζ,Όά”½“c‚S’–Ϊ,2019-04-30,17,κΛZ‘ξ,‚»‚Μ‘Ό
ή“,•”•i‚Λ‚η‚Ά,‘εθ,Όά”½“cπ”Τ,131091,“‹“s,•iμ‹ζ,Όά”½“c‚S’–Ϊ,2019-10-24,12,‚»‚Μ‘Ό,ƒiƒ“ƒo[ƒvƒ[ƒg
ή“,•”•i‚Λ‚η‚Ά,‰`΄,‰`΄’†‰„‰w‘Oπ”Τ,131091,“‹“s,•iμ‹ζ,“’†‰„‚Q’–Ϊ,2019-04-09,09,’“Τi—Φjκ,‚»‚Μ‘Ό
ή“,•”•i‚Λ‚η‚Ά,‰`΄,•½’Λ‹΄π”Τ,131091,“‹“s,•iμ‹ζ,‰`΄‚Q’–Ϊ,2019-10-25,17,‚»‚Μ‘Ό‚ΜZ‘ξi‚RK‚ΔΘ‰Ί‹¤“―Z‘ξ“™j,‚»‚Μ‘Ό
ή“,•”•i‚Λ‚η‚Ά,‰`΄,•½’Λ‹΄π”Τ,131091,“‹“s,•iμ‹ζ,•½’Λ‚R’–Ϊ,2019-12-04,17,’“Τi—Φjκ,ƒiƒ“ƒo[ƒvƒ[ƒg
ή“,•”•i‚Λ‚η‚Ά,‰`΄,Λ‰zπ”Τ,131091,“‹“s,•iμ‹ζ,Λ‰z‚P’–Ϊ,2019-03-21,12,κΛZ‘ξ,ƒiƒ“ƒo[ƒvƒ[ƒg
ή“,•”•i‚Λ‚η‚Ά,‰`΄,Λ‰zπ”Τ,131091,“‹“s,•iμ‹ζ,Λ‰z‚T’–Ϊ,2019-02-01,00,‚SK‚ΔΘγ‹¤“―Z‘ξ,ƒiƒ“ƒo[ƒvƒ[ƒg
ή“,•”•i‚Λ‚η‚Ά,‰`΄,–L’¬π”Τ,131091,“‹“s,•iμ‹ζ,–L’¬‚T’–Ϊ,2019-05-18,14,“ΉHγ,‚»‚Μ‘Ό
ή“,•”•i‚Λ‚η‚Ά,‰`΄,ψ‚Μ‘δπ”Τ,131091,“‹“s,•iμ‹ζ,ψ‚Μ‘δ‚T’–Ϊ,2019-10-02,08,’“Τi—Φjκ,‚»‚Μ‘Ό
ή“,•”•i‚Λ‚η‚Ά,‰`΄,•‘ ¬Rπ”Τ,131091,“‹“s,•iμ‹ζ,¬R‚S’–Ϊ,2019-03-11,15,κΛZ‘ξ,ƒiƒ“ƒo[ƒvƒ[ƒg
ή“,•”•i‚Λ‚η‚Ά,‰`΄,•‘ ¬Rπ”Τ,131091,“‹“s,•iμ‹ζ,¬R‘δ‚P’–Ϊ,2019-05-07,18,κΛZ‘ξ,‚»‚Μ‘Ό
ή“,•”•i‚Λ‚η‚Ά,‰`΄,•‘ ¬Rπ”Τ,131091,“‹“s,•iμ‹ζ,¬R‘δ‚P’–Ϊ,2019-05-07,19,κΛZ‘ξ,‚»‚Μ‘Ό
ή“,•”•i‚Λ‚η‚Ά,‰`΄,•‘ ¬Rπ”Τ,131091,“‹“s,•iμ‹ζ,¬R‘δ‚Q’–Ϊ,2019-05-07,14,κΛZ‘ξ,‚»‚Μ‘Ό
ή“,•”•i‚Λ‚η‚Ά,‰`΄,•‘ ¬Rπ”Τ,131091,“‹“s,•iμ‹ζ,¬R‘δ‚Q’–Ϊ,2019-05-07,22,κΛZ‘ξ,‚»‚Μ‘Ό
ή“,•”•i‚Λ‚η‚Ά,‘εX,XƒPθπ”Τ,131113,“‹“s,‘ε“c‹ζ,‘εX“‚R’–Ϊ,2019-10-01,18,‚»‚Μ‘Ό‚ΜZ‘ξi‚RK‚ΔΘ‰Ί‹¤“―Z‘ξ“™j,‚»‚Μ‘Ό
ή“,•”•i‚Λ‚η‚Ά,‘εX,XƒPθπ”Τ,131113,“‹“s,‘ε“c‹ζ,‘εX“‚S’–Ϊ,2019-09-11,08,κΛZ‘ξ,‚»‚Μ‘Ό
ή“,•”•i‚Λ‚η‚Ά,‘εX,XƒPθπ”Τ,131113,“‹“s,‘ε“c‹ζ,‘εX“μ‚Q’–Ϊ,2019-08-21,05,‚»‚Μ‘Ό‚ΜZ‘ξi‚RK‚ΔΘ‰Ί‹¤“―Z‘ξ“™j,‚»‚Μ‘Ό
ή“,•”•i‚Λ‚η‚Ά,‘εX,XƒPθπ”Τ,131113,“‹“s,‘ε“c‹ζ,‘εX“μ‚S’–Ϊ,2019-09-03,11,’“Τi—Φjκ,ƒ^ƒCƒ„EƒzƒC[ƒ‹
ή“,•”•i‚Λ‚η‚Ά,‘εX,’JΛπ”Τ,131113,“‹“s,‘ε“c‹ζ,‘εX’†‚P’–Ϊ,2019-05-12,11,’“Τi—Φjκ,ƒiƒ“ƒo[ƒvƒ[ƒg
ή“,•”•i‚Λ‚η‚Ά,‘εX,‘εXΌπ”Τ,131113,“‹“s,‘ε“c‹ζ,‘εX’†‚Q’–Ϊ,2019-12-08,07,‚»‚Μ‘Ό‚ΜZ‘ξi‚RK‚ΔΘ‰Ί‹¤“―Z‘ξ“™j,‚»‚Μ‘Ό
ή“,•”•i‚Λ‚η‚Ά,‘εX,‘εXΌπ”Τ,131113,“‹“s,‘ε“c‹ζ,‘εXΌ‚S’–Ϊ,2019-03-10,04,‚»‚Μ‘Ό‚ΜZ‘ξi‚RK‚ΔΘ‰Ί‹¤“―Z‘ξ“™j,ƒiƒ“ƒo[ƒvƒ[ƒg
ή“,•”•i‚Λ‚η‚Ά,‘εX,‘εXCέπ”Τ,131113,“‹“s,‘ε“c‹ζ,‘εX–k‚U’–Ϊ,2019-07-27,18,’“Τi—Φjκ,ƒiƒ“ƒo[ƒvƒ[ƒg
ή“,•”•i‚Λ‚η‚Ά,‘εX,‘εXCέπ”Τ,131113,“‹“s,‘ε“c‹ζ,‘εX“‚P’–Ϊ,2019-08-23,18,‚SK‚ΔΘγ‹¤“―Z‘ξ,ƒ^ƒCƒ„EƒzƒC[ƒ‹
ή“,•”•i‚Λ‚η‚Ά,‘εX,‘εXCέπ”Τ,131113,“‹“s,‘ε“c‹ζ,‹•l“‡‚P’–Ϊ,2019-06-13,07,’“Τi—Φjκ,ƒ^ƒCƒ„EƒzƒC[ƒ‹
ή“,•”•i‚Λ‚η‚Ά,‘εX,‘εXCέπ”Τ,131113,“‹“s,‘ε“c‹ζ,•½a“‡‚P’–Ϊ,2019-10-05,10,‚»‚Μ‘Ό,‚»‚Μ‘Ό
ή“,•”•i‚Λ‚η‚Ά,‘εX,‘εXCέπ”Τ,131113,“‹“s,‘ε“c‹ζ,•½a“‡‚P’–Ϊ,2019-12-06,20,’“Τi—Φjκ,‚»‚Μ‘Ό
ή“,•”•i‚Λ‚η‚Ά,‘εX,t“ϊ‹΄π”Τ,131113,“‹“s,‘ε“c‹ζ,’†‰›‚R’–Ϊ,2019-09-27,14,‚»‚Μ‘Ό‚ΜZ‘ξi‚RK‚ΔΘ‰Ί‹¤“―Z‘ξ“™j,‚»‚Μ‘Ό
ή“,•”•i‚Λ‚η‚Ά,‘εX,t“ϊ‹΄π”Τ,131113,“‹“s,‘ε“c‹ζ,’†‰›‚R’–Ϊ,2019-12-03,19,κΛZ‘ξ,‚»‚Μ‘Ό
ή“,•”•i‚Λ‚η‚Ά,‘εX,R‰¤π”Τ,131113,“‹“s,‘ε“c‹ζ,R‰¤‚Q’–Ϊ,2019-12-10,11,’“Τi—Φjκ,‚»‚Μ‘Ό
ή“,•”•i‚Λ‚η‚Ά,“c‰€’²•z,τ‘«’rπ”Τ,131113,“‹“s,‘ε“c‹ζ,“α’J‚P’–Ϊ,2019-05-08,14,‚SK‚ΔΘγ‹¤“―Z‘ξ,ƒiƒ“ƒo[ƒvƒ[ƒg
ή“,•”•i‚Λ‚η‚Ά,“c‰€’²•z,“c‰€’²•z‰w‘Oπ”Τ,131113,“‹“s,‘ε“c‹ζ,“c‰€’²•z‚Q’–Ϊ,2019-06-01,08,‚»‚Μ‘Ό‚ΜZ‘ξi‚RK‚ΔΘ‰Ί‹¤“―Z‘ξ“™j,ƒiƒ“ƒo[ƒvƒ[ƒg
ή“,•”•i‚Λ‚η‚Ά,“c‰€’²•z,‰L‚Μ–Ψ‰w‘Oπ”Τ,131113,“‹“s,‘ε“c‹ζ,‰L‚Μ–Ψ‚R’–Ϊ,2019-09-07,21,“ΉHγ,ƒiƒ“ƒo[ƒvƒ[ƒg
ή“,•”•i‚Λ‚η‚Ά,“c‰€’²•z,“ΉX‹΄π”Τ,131113,“‹“s,‘ε“c‹ζ,γ’r‘δ‚T’–Ϊ,2019-01-05,18,’“Τi—Φjκ,‚»‚Μ‘Ό
ή“,•”•i‚Λ‚η‚Ά,“c‰€’²•z,“ΉX‹΄π”Τ,131113,“‹“s,‘ε“c‹ζ,’‡’rγ‚Q’–Ϊ,2019-06-04,19,’“Τi—Φjκ,ƒ^ƒCƒ„EƒzƒC[ƒ‹
ή“,•”•i‚Λ‚η‚Ά,“c‰€’²•z,“ΉX‹΄π”Τ,131113,“‹“s,‘ε“c‹ζ,’‡’rγ‚Q’–Ϊ,2019-07-27,16,’“Τi—Φjκ,ƒ^ƒCƒ„EƒzƒC[ƒ‹
ή“,•”•i‚Λ‚η‚Ά,“c‰€’²•z,“ΉX‹΄π”Τ,131113,“‹“s,‘ε“c‹ζ,’‡’rγ‚Q’–Ϊ,2019-07-28,16,’“Τi—Φjκ,ƒ^ƒCƒ„EƒzƒC[ƒ‹
ή“,•”•i‚Λ‚η‚Ά,“c‰€’²•z,“ΉX‹΄π”Τ,131113,“‹“s,‘ε“c‹ζ,’‡’rγ‚Q’–Ϊ,2019-10-21,18,‚SK‚ΔΘγ‹¤“―Z‘ξ,‚»‚Μ‘Ό
ή“,•”•i‚Λ‚η‚Ά,“c‰€’²•z,“ΉX‹΄π”Τ,131113,“‹“s,‘ε“c‹ζ,“α’J‚T’–Ϊ,2019-07-03,18,‚SK‚ΔΘγ‹¤“―Z‘ξ,‚»‚Μ‘Ό
ή“,•”•i‚Λ‚η‚Ά,“c‰€’²•z,“ΉX‹΄π”Τ,131113,“‹“s,‘ε“c‹ζ,“μα’J‚T’–Ϊ,2018-10-01,00,“ΉHγ,ƒiƒ“ƒo[ƒvƒ[ƒg
ή“,•”•i‚Λ‚η‚Ά,“c‰€’²•z,Ϋq‹΄π”Τ,131113,“‹“s,‘ε“c‹ζ,“c‰€’²•z–{’¬,2019-12-18,09,’“Τi—Φjκ,‚»‚Μ‘Ό
ή“,•”•i‚Λ‚η‚Ά,—“c,Ό—“cπ”Τ,131113,“‹“s,‘ε“c‹ζ,—“c‚P’–Ϊ,2019-11-05,23,κΛZ‘ξ,‚»‚Μ‘Ό
ή“,•”•i‚Λ‚η‚Ά,—“c,Ό—“cπ”Τ,131113,“‹“s,‘ε“c‹ζ,Ό—“c‚P’–Ϊ,2019-05-31,17,κΛZ‘ξ,ƒiƒ“ƒo[ƒvƒ[ƒg
ή“,•”•i‚Λ‚η‚Ά,—“c,‹‹}—“c‰w‘Oπ”Τ,131113,“‹“s,‘ε“c‹ζ,—“c‚P’–Ϊ,2019-03-09,03,κΛZ‘ξ,‚»‚Μ‘Ό
ή“,•”•i‚Λ‚η‚Ά,—“c,‹‹}—“c‰w‘Oπ”Τ,131113,“‹“s,‘ε“c‹ζ,“—“c‚P’–Ϊ,2019-12-13,10,‚»‚Μ‘Ό‚ΜZ‘ξi‚RK‚ΔΘ‰Ί‹¤“―Z‘ξ“™j,‚»‚Μ‘Ό
ή“,•”•i‚Λ‚η‚Ά,—“c,‹‹}—“c‰w‘Oπ”Τ,131113,“‹“s,‘ε“c‹ζ,“—“c‚Q’–Ϊ,2019-11-29,20,‚SK‚ΔΘγ‹¤“―Z‘ξ,‚»‚Μ‘Ό
ή“,•”•i‚Λ‚η‚Ά,—“c,—“c‰w“ϋπ”Τ,131113,“‹“s,‘ε“c‹ζ,—“c‚T’–Ϊ,2019-09-13,•s–Ύ,’“Τi—Φjκ,‚»‚Μ‘Ό
ή“,•”•i‚Λ‚η‚Ά,—“c,—“c‰w“ϋπ”Τ,131113,“‹“s,‘ε“c‹ζ,—“c‚T’–Ϊ,2019-09-20,17,‚SK‚ΔΘγ‹¤“―Z‘ξ,‚»‚Μ‘Ό
ή“,•”•i‚Λ‚η‚Ά,—“c,—“c‰wΌϋπ”Τ,131113,“‹“s,‘ε“c‹ζ,Ό—“c‚T’–Ϊ,2019-10-15,13,‚SK‚ΔΘγ‹¤“―Z‘ξ,‚»‚Μ‘Ό
ή“,•”•i‚Λ‚η‚Ά,—“c,ΌZ‹½π”Τ,131113,“‹“s,‘ε“c‹ζ,ΌZ‹½‚R’–Ϊ,2019-09-18,17,‚SK‚ΔΘγ‹¤“―Z‘ξ,‚»‚Μ‘Ό
ή“,•”•i‚Λ‚η‚Ά,—“c,ΌZ‹½π”Τ,131113,“‹“s,‘ε“c‹ζ,ΌZ‹½‚S’–Ϊ,2019-08-12,18,‚SK‚ΔΘγ‹¤“―Z‘ξ,‚»‚Μ‘Ό
ή“,•”•i‚Λ‚η‚Ά,—“c,GFπ”Τ,131113,“‹“s,‘ε“c‹ζ,’‡Z‹½‚Q’–Ϊ,2019-07-16,16,’“Τi—Φjκ,‚»‚Μ‘Ό
ή“,•”•i‚Λ‚η‚Ά,—“c,GFπ”Τ,131113,“‹“s,‘ε“c‹ζ,’‡Z‹½‚Q’–Ϊ,2019-07-22,22,“ΉHγ,‚»‚Μ‘Ό
ή“,•”•i‚Λ‚η‚Ά,—“c,GFπ”Τ,131113,“‹“s,‘ε“c‹ζ,’‡Z‹½‚Q’–Ϊ,2019-08-12,17,‚SK‚ΔΘγ‹¤“―Z‘ξ,‚»‚Μ‘Ό
ή“,•”•i‚Λ‚η‚Ά,—“c,GFπ”Τ,131113,“‹“s,‘ε“c‹ζ,’‡Z‹½‚Q’–Ϊ,2019-08-14,19,“ΉHγ,‚»‚Μ‘Ό
ή“,•”•i‚Λ‚η‚Ά,—“c,GFπ”Τ,131113,“‹“s,‘ε“c‹ζ,’‡Z‹½‚Q’–Ϊ,2019-08-21,•s–Ύ,“ΉHγ,‚»‚Μ‘Ό
ή“,•”•i‚Λ‚η‚Ά,—“c,GFπ”Τ,131113,“‹“s,‘ε“c‹ζ,’‡Z‹½‚Q’–Ϊ,2019-08-29,18,“ΉHγ,‚»‚Μ‘Ό
ή“,•”•i‚Λ‚η‚Ά,—“c,GFπ”Τ,131113,“‹“s,‘ε“c‹ζ,’‡Z‹½‚Q’–Ϊ,2019-09-02,18,‚SK‚ΔΘγ‹¤“―Z‘ξ,‚»‚Μ‘Ό
ή“,•”•i‚Λ‚η‚Ά,—“c,GFπ”Τ,131113,“‹“s,‘ε“c‹ζ,’‡Z‹½‚Q’–Ϊ,2019-09-04,10,‚SK‚ΔΘγ‹¤“―Z‘ξ,‚»‚Μ‘Ό
ή“,•”•i‚Λ‚η‚Ά,—“c,GFπ”Τ,131113,“‹“s,‘ε“c‹ζ,“Z‹½‚P’–Ϊ,2019-07-31,18,‚SK‚ΔΘγ‹¤“―Z‘ξ,‚»‚Μ‘Ό
ή“,•”•i‚Λ‚η‚Ά,—“c,GFπ”Τ,131113,“‹“s,‘ε“c‹ζ,“Z‹½‚P’–Ϊ,2019-08-22,07,‚»‚Μ‘Ό,‚»‚Μ‘Ό
ή“,•”•i‚Λ‚η‚Ά,—“c,GFπ”Τ,131113,“‹“s,‘ε“c‹ζ,“Z‹½‚Q’–Ϊ,2019-07-01,18,“ΉHγ,‚»‚Μ‘Ό
ή“,•”•i‚Λ‚η‚Ά,—“c,GFπ”Τ,131113,“‹“s,‘ε“c‹ζ,“Z‹½‚Q’–Ϊ,2019-09-02,18,“ΉHγ,‚»‚Μ‘Ό
ή“,•”•i‚Λ‚η‚Ά,—“c,GFπ”Τ,131113,“‹“s,‘ε“c‹ζ,“Z‹½‚Q’–Ϊ,2019-09-02,20,“ΉHγ,‚»‚Μ‘Ό
ή“,•”•i‚Λ‚η‚Ά,—“c,“ϊ‚Μo’Κπ”Τ,131113,“‹“s,‘ε“c‹ζ,Όβο’J‚S’–Ϊ,2019-05-05,16,“ΉHγ,‚»‚Μ‘Ό
ή“,•”•i‚Λ‚η‚Ά,—“c,“ϊ‚Μo’Κπ”Τ,131113,“‹“s,‘ε“c‹ζ,”‹’†‚Q’–Ϊ,2019-05-30,01,“ΉHγ,ƒ^ƒCƒ„EƒzƒC[ƒ‹
ή“,•”•i‚Λ‚η‚Ά,—“c,“ϊ‚Μo’Κπ”Τ,131113,“‹“s,‘ε“c‹ζ,“μ—“c‚Q’–Ϊ,2019-04-13,13,’“Τi—Φjκ,ƒiƒ“ƒo[ƒvƒ[ƒg
ή“,•”•i‚Λ‚η‚Ά,—“c,“ϊ‚Μo’Κπ”Τ,131113,“‹“s,‘ε“c‹ζ,“μ—“c‚Q’–Ϊ,2019-08-26,10,’“Τi—Φjκ,‚»‚Μ‘Ό
ή“,•”•i‚Λ‚η‚Ά,—“c,“ϊ‚Μo’Κπ”Τ,131113,“‹“s,‘ε“c‹ζ,“μ—“c‚Q’–Ϊ,2019-09-02,08,“ΉHγ,‚»‚Μ‘Ό
ή“,•”•i‚Λ‚η‚Ά,—“c,“ϊ‚Μo’Κπ”Τ,131113,“‹“s,‘ε“c‹ζ,“μ—“c‚Q’–Ϊ,2019-09-03,00,’“Τi—Φjκ,‚»‚Μ‘Ό
ή“,•”•i‚Λ‚η‚Ά,—“c,“ϊ‚Μo’Κπ”Τ,131113,“‹“s,‘ε“c‹ζ,“μ—“c‚Q’–Ϊ,2019-09-20,18,’“Τi—Φjκ,‚»‚Μ‘Ό
ή“,•”•i‚Λ‚η‚Ά,—“c,“ϊ‚Μo’Κπ”Τ,131113,“‹“s,‘ε“c‹ζ,“μ—“c‚Q’–Ϊ,2019-09-21,•s–Ύ,’“Τi—Φjκ,‚»‚Μ‘Ό
ή“,•”•i‚Λ‚η‚Ά,—“c,“ϊ‚Μo’Κπ”Τ,131113,“‹“s,‘ε“c‹ζ,“μ—“c‚R’–Ϊ,2019-07-16,17,κΛZ‘ξ,‚»‚Μ‘Ό
ή“,•”•i‚Λ‚η‚Ά,—“c,“ϊ‚Μo’Κπ”Τ,131113,“‹“s,‘ε“c‹ζ,“μ—“c‚R’–Ϊ,2019-07-16,18,‚»‚Μ‘Ό‚ΜZ‘ξi‚RK‚ΔΘ‰Ί‹¤“―Z‘ξ“™j,‚»‚Μ‘Ό
ή“,•”•i‚Λ‚η‚Ά,—“c,“ϊ‚Μo’Κπ”Τ,131113,“‹“s,‘ε“c‹ζ,“μ—“c‚R’–Ϊ,2019-09-02,23,“ΉHγ,‚»‚Μ‘Ό
ή“,•”•i‚Λ‚η‚Ά,—“c,“ϊ‚Μo’Κπ”Τ,131113,“‹“s,‘ε“c‹ζ,“μ—“c‚R’–Ϊ,2019-09-22,18,“ΉHγ,‚»‚Μ‘Ό
ή“,•”•i‚Λ‚η‚Ά,—“c,–{‰H“cπ”Τ,131113,“‹“s,‘ε“c‹ζ,”‹’†‚P’–Ϊ,2019-07-16,18,‚»‚Μ‘Ό‚ΜZ‘ξi‚RK‚ΔΘ‰Ί‹¤“―Z‘ξ“™j,‚»‚Μ‘Ό
ή“,•”•i‚Λ‚η‚Ά,—“c,–{‰H“cπ”Τ,131113,“‹“s,‘ε“c‹ζ,”‹’†‚P’–Ϊ,2019-08-21,•s–Ύ,‚SK‚ΔΘγ‹¤“―Z‘ξ,‚»‚Μ‘Ό
ή“,•”•i‚Λ‚η‚Ά,—“c,–{‰H“cπ”Τ,131113,“‹“s,‘ε“c‹ζ,”‹’†‚P’–Ϊ,2019-08-21,•s–Ύ,“ΉHγ,‚»‚Μ‘Ό
ή“,•”•i‚Λ‚η‚Ά,—“c,–{‰H“cπ”Τ,131113,“‹“s,‘ε“c‹ζ,–{‰H“c‚Q’–Ϊ,2019-05-25,20,’“Τi—Φjκ,‚»‚Μ‘Ό
ή“,•”•i‚Λ‚η‚Ά,—“c,–{‰H“cπ”Τ,131113,“‹“s,‘ε“c‹ζ,“μZ‹½‚P’–Ϊ,2019-07-14,19,‚SK‚ΔΘγ‹¤“―Z‘ξ,‚»‚Μ‘Ό
ή“,•”•i‚Λ‚η‚Ά,—“c,–{‰H“cπ”Τ,131113,“‹“s,‘ε“c‹ζ,“μZ‹½‚P’–Ϊ,2019-07-15,18,‚»‚Μ‘Ό‚ΜZ‘ξi‚RK‚ΔΘ‰Ί‹¤“―Z‘ξ“™j,‚»‚Μ‘Ό
ή“,•”•i‚Λ‚η‚Ά,—“c,‘ε’Ή‹π”Τ,131113,“‹“s,‘ε“c‹ζ,”‹’†‚R’–Ϊ,2019-09-22,02,‚SK‚ΔΘγ‹¤“―Z‘ξ,‚»‚Μ‘Ό
ή“,•”•i‚Λ‚η‚Ά,—“c,‘ε’Ή‹π”Τ,131113,“‹“s,‘ε“c‹ζ,‰H“c‚Q’–Ϊ,2019-05-18,16,“ΉHγ,‚»‚Μ‘Ό
ή“,•”•i‚Λ‚η‚Ά,—“c,‘ε’Ή‹π”Τ,131113,“‹“s,‘ε“c‹ζ,‰H“c‚R’–Ϊ,2019-04-13,13,’“Τi—Φjκ,‚»‚Μ‘Ό
ή“,•”•i‚Λ‚η‚Ά,—“c,‘ε’Ή‹π”Τ,131113,“‹“s,‘ε“c‹ζ,‰H“c‚T’–Ϊ,2019-04-19,09,’“Τi—Φjκ,‚»‚Μ‘Ό
ή“,•”•i‚Λ‚η‚Ά,—“c,‘ε’Ή‹π”Τ,131113,“‹“s,‘ε“c‹ζ,‰H“c‚T’–Ϊ,2019-08-15,15,“ΉHγ,ƒiƒ“ƒo[ƒvƒ[ƒg
ή“,•”•i‚Λ‚η‚Ά,—“c,‘ε’Ή‹π”Τ,131113,“‹“s,‘ε“c‹ζ,“βο’J‚R’–Ϊ,2019-10-03,17,’“Τi—Φjκ,ƒiƒ“ƒo[ƒvƒ[ƒg
ή“,•”•i‚Λ‚η‚Ά,—“c,–kβο’Jπ”Τ,131113,“‹“s,‘ε“c‹ζ,–kβο’J‚Q’–Ϊ,2019-10-02,23,‚SK‚ΔΘγ‹¤“―Z‘ξ,‚»‚Μ‘Ό
ή“,•”•i‚Λ‚η‚Ά,—“c,–kβο’Jπ”Τ,131113,“‹“s,‘ε“c‹ζ,Όβο’J‚Q’–Ϊ,2019-05-05,12,κΛZ‘ξ,‚»‚Μ‘Ό
ή“,•”•i‚Λ‚η‚Ά,—“c,–kβο’Jπ”Τ,131113,“‹“s,‘ε“c‹ζ,“βο’J‚Q’–Ϊ,2019-09-19,07,‚»‚Μ‘Ό,ƒiƒ“ƒo[ƒvƒ[ƒg
ή“,•”•i‚Λ‚η‚Ά,—“c,–kβο’Jπ”Τ,131113,“‹“s,‘ε“c‹ζ,“βο’J‚U’–Ϊ,2012-02-10,•s–Ύ,‚SK‚ΔΘγ‹¤“―Z‘ξ,ƒiƒ“ƒo[ƒvƒ[ƒg
ή“,•”•i‚Λ‚η‚Ά,’rγ,s–μ‘qπ”Τ,131113,“‹“s,‘ε“c‹ζ,’†‰›‚W’–Ϊ,2019-01-01,22,‚SK‚ΔΘγ‹¤“―Z‘ξ,‚»‚Μ‘Ό
ή“,•”•i‚Λ‚η‚Ά,’rγ,s–μ‘qπ”Τ,131113,“‹“s,‘ε“c‹ζ,’†‰›‚W’–Ϊ,2019-05-16,19,‚»‚Μ‘Ό‚ΜZ‘ξi‚RK‚ΔΘ‰Ί‹¤“―Z‘ξ“™j,‚»‚Μ‘Ό
ή“,•”•i‚Λ‚η‚Ά,’rγ,“μ”nπ”Τ,131113,“‹“s,‘ε“c‹ζ,“μ”n‚R’–Ϊ,2019-01-20,11,’“Τi—Φjκ,‚»‚Μ‘Ό
ή“,•”•i‚Λ‚η‚Ά,’rγ,O–{Όπ”Τ,131113,“‹“s,‘ε“c‹ζ,–k”n‚Q’–Ϊ,2019-06-08,11,κΛZ‘ξ,‚»‚Μ‘Ό
ή“,•”•i‚Λ‚η‚Ά,’rγ,O–{Όπ”Τ,131113,“‹“s,‘ε“c‹ζ,“”n‚P’–Ϊ,2019-12-20,17,κΛZ‘ξ,‚»‚Μ‘Ό
ή“,•”•i‚Λ‚η‚Ά,’rγ,‹v‚ª΄π”Τ,131113,“‹“s,‘ε“c‹ζ,‹v‚ª΄‚P’–Ϊ,2019-07-01,00,’“Τi—Φjκ,ƒiƒ“ƒo[ƒvƒ[ƒg
ή“,•”•i‚Λ‚η‚Ά,’rγ,’rγ‰w‘Oπ”Τ,131113,“‹“s,‘ε“c‹ζ,’rγ‚S’–Ϊ,2019-01-18,19,‚SK‚ΔΘγ‹¤“―Z‘ξ,‚»‚Μ‘Ό
ή“,•”•i‚Λ‚η‚Ά,’rγ,’rγ‰w‘Oπ”Τ,131113,“‹“s,‘ε“c‹ζ,’rγ‚U’–Ϊ,2019-01-19,14,‚SK‚ΔΘγ‹¤“―Z‘ξ,‚»‚Μ‘Ό
ή“,•”•i‚Λ‚η‚Ά,’rγ,’rγ‰w‘Oπ”Τ,131113,“‹“s,‘ε“c‹ζ,’rγ‚U’–Ϊ,2019-06-06,17,’“Τi—Φjκ,‚»‚Μ‘Ό
ή“,•”•i‚Λ‚η‚Ά,’rγ,@ΐπ”Τ,131113,“‹“s,‘ε“c‹ζ,Ό—“c‚Q’–Ϊ,2019-03-24,13,“ΉHγ,‚»‚Μ‘Ό
ή“,•”•i‚Λ‚η‚Ά,’rγ,‘½–€μ‘ε‹΄π”Τ,131113,“‹“s,‘ε“c‹ζ,–ξϋ‚R’–Ϊ,2019-07-29,15,’“Τi—Φjκ,ƒiƒ“ƒo[ƒvƒ[ƒg
ή“,•”•i‚Λ‚η‚Ά,’rγ,Ό”nπ”Τ,131113,“‹“s,‘ε“c‹ζ,Ό”n‚P’–Ϊ,2019-03-04,07,“ΉHγ,‚»‚Μ‘Ό
ή“,•”•i‚Λ‚η‚Ά,’rγ,ƒKƒX‹΄π”Τ,131113,“‹“s,‘ε“c‹ζ,‰ΊΫq‚Q’–Ϊ,2019-12-17,07,‚»‚Μ‘Ό,‚»‚Μ‘Ό
ή“,•”•i‚Λ‚η‚Ά,’rγ,ƒKƒX‹΄π”Τ,131113,“‹“s,‘ε“c‹ζ,‰ΊΫq‚R’–Ϊ,2019-02-22,18,‚»‚Μ‘Ό‚ΜZ‘ξi‚RK‚ΔΘ‰Ί‹¤“―Z‘ξ“™j,‚»‚Μ‘Ό
ή“,•”•i‚Λ‚η‚Ά,“‹‹σ`,‘Ϋόƒ^[ƒ~ƒiƒ‹π”Τ,131113,“‹“s,‘ε“c‹ζ,‰H“c‹σ`‚Q’–Ϊ,2019-08-14,10,’“Τi—Φjκ,‚»‚Μ‘Ό
ή“,•”•i‚Λ‚η‚Ά,Ά“c’J,O¬’ƒ‰®π”Τ,131121,“‹“s,Ά“c’J‹ζ,O¬’ƒ‰®‚P’–Ϊ,2019-11-04,18,“ΉHγ,‚»‚Μ‘Ό
ή“,•”•i‚Λ‚η‚Ά,Ά“c’J,O¬’ƒ‰®π”Τ,131121,“‹“s,Ά“c’J‹ζ,O¬’ƒ‰®‚Q’–Ϊ,2019-01-15,17,‚SK‚ΔΘγ‹¤“―Z‘ξ,‚»‚Μ‘Ό
ή“,•”•i‚Λ‚η‚Ά,Ά“c’J,O¬’ƒ‰®π”Τ,131121,“‹“s,Ά“c’J‹ζ,‘Ύq“°‚Q’–Ϊ,2019-11-24,09,’“Τi—Φjκ,‚»‚Μ‘Ό
ή“,•”•i‚Λ‚η‚Ά,Ά“c’J,O¬’ƒ‰®π”Τ,131121,“‹“s,Ά“c’J‹ζ,‘Ύq“°‚Q’–Ϊ,2019-11-27,19,“ΉHγ,‚»‚Μ‘Ό
ή“,•”•i‚Λ‚η‚Ά,Ά“c’J,O¬’ƒ‰®π”Τ,131121,“‹“s,Ά“c’J‹ζ,‘Ύq“°‚Q’–Ϊ,2019-12-11,20,‚»‚Μ‘Ό‚ΜZ‘ξi‚RK‚ΔΘ‰Ί‹¤“―Z‘ξ“™j,‚»‚Μ‘Ό
ή“,•”•i‚Λ‚η‚Ά,Ά“c’J,O¬’ƒ‰®π”Τ,131121,“‹“s,Ά“c’J‹ζ,‘Ύq“°‚Q’–Ϊ,2019-12-17,20,“ΉHγ,‚»‚Μ‘Ό
ή“,•”•i‚Λ‚η‚Ά,Ά“c’J,O¬’ƒ‰®π”Τ,131121,“‹“s,Ά“c’J‹ζ,‘Ύq“°‚R’–Ϊ,2019-05-31,20,‚SK‚ΔΘγ‹¤“―Z‘ξ,ƒ^ƒCƒ„EƒzƒC[ƒ‹
ή“,•”•i‚Λ‚η‚Ά,Ά“c’J,O¬’ƒ‰®π”Τ,131121,“‹“s,Ά“c’J‹ζ,‘Ύq“°‚S’–Ϊ,2019-09-08,22,“ΉHγ,‚»‚Μ‘Ό
ή“,•”•i‚Λ‚η‚Ά,Ά“c’J,Ohπ”Τ,131121,“‹“s,Ά“c’J‹ζ,‰Ί”n‚P’–Ϊ,2019-09-24,23,κΛZ‘ξ,‚»‚Μ‘Ό
ή“,•”•i‚Λ‚η‚Ά,Ά“c’J,Ohπ”Τ,131121,“‹“s,Ά“c’J‹ζ,‰Ί”n‚Q’–Ϊ,2019-05-16,18,‚SK‚ΔΘγ‹¤“―Z‘ξ,ƒiƒ“ƒo[ƒvƒ[ƒg
ή“,•”•i‚Λ‚η‚Ά,Ά“c’J,Ohπ”Τ,131121,“‹“s,Ά“c’J‹ζ,‘Ύq“°‚P’–Ϊ,2019-12-20,08,‚»‚Μ‘Ό,‚»‚Μ‘Ό
ή“,•”•i‚Λ‚η‚Ά,Ά“c’J,‰Ί”nl’–Ϊπ”Τ,131121,“‹“s,Ά“c’J‹ζ,‰Ί”n‚P’–Ϊ,2019-01-23,15,κΛZ‘ξ,‚»‚Μ‘Ό
ή“,•”•i‚Λ‚η‚Ά,Ά“c’J,‰Ί”nl’–Ϊπ”Τ,131121,“‹“s,Ά“c’J‹ζ,‰Ί”n‚P’–Ϊ,2019-01-24,07,κΛZ‘ξ,‚»‚Μ‘Ό
ή“,•”•i‚Λ‚η‚Ά,Ά“c’J,γ”nπ”Τ,131121,“‹“s,Ά“c’J‹ζ,γ”n‚Q’–Ϊ,2019-09-01,18,‚»‚Μ‘Ό‚ΜZ‘ξi‚RK‚ΔΘ‰Ί‹¤“―Z‘ξ“™j,‚»‚Μ‘Ό
ή“,•”•i‚Λ‚η‚Ά,Ά“c’J,γ”nπ”Τ,131121,“‹“s,Ά“c’J‹ζ,γ”n‚S’–Ϊ,2019-08-12,23,‚SK‚ΔΘγ‹¤“―Z‘ξ,ƒ^ƒCƒ„EƒzƒC[ƒ‹
ή“,•”•i‚Λ‚η‚Ά,Ά“c’J,γ”nπ”Τ,131121,“‹“s,Ά“c’J‹ζ,–μ‘ς‚Q’–Ϊ,2019-07-13,20,‚SK‚ΔΘγ‹¤“―Z‘ξ,‚»‚Μ‘Ό
ή“,•”•i‚Λ‚η‚Ά,Ά“c’J,Ά“c’Jπ”Τ,131121,“‹“s,Ά“c’J‹ζ,Ά“c’J‚P’–Ϊ,2019-09-27,08,‚»‚Μ‘Ό‚ΜZ‘ξi‚RK‚ΔΘ‰Ί‹¤“―Z‘ξ“™j,‚»‚Μ‘Ό
ή“,•”•i‚Λ‚η‚Ά,Ά“c’J,Ά“c’Jπ”Τ,131121,“‹“s,Ά“c’J‹ζ,Ά“c’J‚S’–Ϊ,2019-03-27,08,‚»‚Μ‘Ό,‚»‚Μ‘Ό
ή“,•”•i‚Λ‚η‚Ά,Ά“c’J,α—Ρπ”Τ,131121,“‹“s,Ά“c’J‹ζ,γ”n‚T’–Ϊ,2019-08-10,18,’“Τi—Φjκ,ƒiƒ“ƒo[ƒvƒ[ƒg
ή“,•”•i‚Λ‚η‚Ά,Ά“c’J,α—Ρπ”Τ,131121,“‹“s,Ά“c’J‹ζ,α—Ρ‚Q’–Ϊ,2019-11-30,13,κΛZ‘ξ,‚»‚Μ‘Ό
ή“,•”•i‚Λ‚η‚Ά,Ά“c’J,α—Ρπ”Τ,131121,“‹“s,Ά“c’J‹ζ,α—Ρ‚R’–Ϊ,2019-07-28,12,‚»‚Μ‘Ό‚ΜZ‘ξi‚RK‚ΔΘ‰Ί‹¤“―Z‘ξ“™j,ƒ^ƒCƒ„EƒzƒC[ƒ‹
ή“,•”•i‚Λ‚η‚Ά,Ά“c’J,ΌƒP‹uπ”Τ,131121,“‹“s,Ά“c’J‹ζ,·ª‚T’–Ϊ,2019-06-07,18,‚»‚Μ‘Ό,‚»‚Μ‘Ό
ή“,•”•i‚Λ‚η‚Ά,Ά“c’J,χ‹uπ”Τ,131121,“‹“s,Ά“c’J‹ζ,χ‹u‚S’–Ϊ,2019-06-19,22,’“Τi—Φjκ,ƒ^ƒCƒ„EƒzƒC[ƒ‹
ή“,•”•i‚Λ‚η‚Ά,–k‘ς,o“°‰w‘Oπ”Τ,131121,“‹“s,Ά“c’J‹ζ,o“°‚S’–Ϊ,2019-02-02,17,’“Τi—Φjκ,ƒiƒ“ƒo[ƒvƒ[ƒg
ή“,•”•i‚Λ‚η‚Ά,–k‘ς,o“°‰w‘Oπ”Τ,131121,“‹“s,Ά“c’J‹ζ,o“°‚T’–Ϊ,2019-09-29,13,‚»‚Μ‘Ό,‚»‚Μ‘Ό
ή“,•”•i‚Λ‚η‚Ά,–k‘ς,o“°‰w‘Oπ”Τ,131121,“‹“s,Ά“c’J‹ζ,‹{β‚P’–Ϊ,2019-06-02,10,‚»‚Μ‘Ό‚ΜZ‘ξi‚RK‚ΔΘ‰Ί‹¤“―Z‘ξ“™j,ƒ^ƒCƒ„EƒzƒC[ƒ‹
ή“,•”•i‚Λ‚η‚Ά,–k‘ς,o“°‰w‘Oπ”Τ,131121,“‹“s,Ά“c’J‹ζ,‹{β‚R’–Ϊ,2019-02-04,18,’“Τi—Φjκ,‚»‚Μ‘Ό
ή“,•”•i‚Λ‚η‚Ά,–k‘ς,‹{‘O‹΄π”Τ,131121,“‹“s,Ά“c’J‹ζ,”~‹u‚P’–Ϊ,2019-01-25,18,“ΉHγ,ƒiƒ“ƒo[ƒvƒ[ƒg
ή“,•”•i‚Λ‚η‚Ά,–k‘ς,‹{‘O‹΄π”Τ,131121,“‹“s,Ά“c’J‹ζ,”~‹u‚P’–Ϊ,2019-11-02,11,“ΉHγ,‚»‚Μ‘Ό
ή“,•”•i‚Λ‚η‚Ά,–k‘ς,‹{‘O‹΄π”Τ,131121,“‹“s,Ά“c’J‹ζ,–k‘ς‚Q’–Ϊ,2019-11-10,19,“ΉHγ,‚»‚Μ‘Ό
ή“,•”•i‚Λ‚η‚Ά,–k‘ς,‹{‘O‹΄π”Τ,131121,“‹“s,Ά“c’J‹ζ,‘γ“c‚Q’–Ϊ,2019-08-05,22,‚»‚Μ‘Ό‚ΜZ‘ξi‚RK‚ΔΘ‰Ί‹¤“―Z‘ξ“™j,‚»‚Μ‘Ό
ή“,•”•i‚Λ‚η‚Ά,–k‘ς,’W“‡’Κπ”Τ,131121,“‹“s,Ά“c’J‹ζ,‘γ‘ς‚T’–Ϊ,2019-03-12,00,’“Τi—Φjκ,ƒiƒ“ƒo[ƒvƒ[ƒg
ή“,•”•i‚Λ‚η‚Ά,–k‘ς,‰Ί–k‘ςπ”Τ,131121,“‹“s,Ά“c’J‹ζ,–k‘ς‚Q’–Ϊ,2019-07-05,21,“ΉHγ,‚»‚Μ‘Ό
ή“,•”•i‚Λ‚η‚Ά,–k‘ς,‰Ί–k‘ςπ”Τ,131121,“‹“s,Ά“c’J‹ζ,–k‘ς‚S’–Ϊ,2019-10-02,17,‚»‚Μ‘Ό,‚»‚Μ‘Ό
ή“,•”•i‚Λ‚η‚Ά,–k‘ς,‰Hª–Ψπ”Τ,131121,“‹“s,Ά“c’J‹ζ,‰Hª–Ψ‚P’–Ϊ,2019-09-24,17,‚»‚Μ‘Ό‚ΜZ‘ξi‚RK‚ΔΘ‰Ί‹¤“―Z‘ξ“™j,‚»‚Μ‘Ό
ή“,•”•i‚Λ‚η‚Ά,–k‘ς,ΤΌπ”Τ,131121,“‹“s,Ά“c’J‹ζ,Ό΄‚R’–Ϊ,2019-02-26,11,’“Τi—Φjκ,‚»‚Μ‘Ό
ή“,•”•i‚Λ‚η‚Ά,–k‘ς,Τ’ηπ”Τ,131121,“‹“s,Ά“c’J‹ζ,Τ’η‚Q’–Ϊ,2019-09-06,15,“ΉHγ,‚»‚Μ‘Ό
ή“,•”•i‚Λ‚η‚Ά,–k‘ς,–Ύ‘ε‘O‰w‘Oπ”Τ,131121,“‹“s,Ά“c’J‹ζ,Ό΄‚P’–Ϊ,2019-03-10,19,‚»‚Μ‘Ό‚ΜZ‘ξi‚RK‚ΔΘ‰Ί‹¤“―Z‘ξ“™j,ƒiƒ“ƒo[ƒvƒ[ƒg
ή“,•”•i‚Λ‚η‚Ά,–k‘ς,–Ύ‘ε‘O‰w‘Oπ”Τ,131121,“‹“s,Ά“c’J‹ζ,Ό΄‚P’–Ϊ,2019-04-19,22,’“Τi—Φjκ,‚»‚Μ‘Ό
ή“,•”•i‚Λ‚η‚Ά,‹Κμ,”φR‘δ‰w‘Oπ”Τ,131121,“‹“s,Ά“c’J‹ζ,“™X—Ν‚V’–Ϊ,2019-08-02,16,’“Τi—Φjκ,ƒiƒ“ƒo[ƒvƒ[ƒg
ή“,•”•i‚Λ‚η‚Ά,‹Κμ,γ–μ–Ρπ”Τ,131121,“‹“s,Ά“c’J‹ζ,γ–μ–Ρ‚Q’–Ϊ,2019-05-27,11,’“Τi—Φjκ,ƒiƒ“ƒo[ƒvƒ[ƒg
ή“,•”•i‚Λ‚η‚Ά,‹Κμ,“ρq‹Κμπ”Τ,131121,“‹“s,Ά“c’J‹ζ,‹Κμ‚P’–Ϊ,2019-03-25,08,“ΉHγ,‚»‚Μ‘Ό
ή“,•”•i‚Λ‚η‚Ά,‹Κμ,“ρq‹Κμπ”Τ,131121,“‹“s,Ά“c’J‹ζ,‹Κμ‚P’–Ϊ,2019-11-18,07,’“Τi—Φjκ,‚»‚Μ‘Ό
ή“,•”•i‚Λ‚η‚Ά,‹Κμ,“ρq‹Κμπ”Τ,131121,“‹“s,Ά“c’J‹ζ,‹Κμ‚Q’–Ϊ,2019-05-03,09,’“Τi—Φjκ,‚»‚Μ‘Ό
ή“,•”•i‚Λ‚η‚Ά,‹Κμ,“ρq‹Κμπ”Τ,131121,“‹“s,Ά“c’J‹ζ,‹Κμ‚Q’–Ϊ,2019-10-18,18,’“Τi—Φjκ,‚»‚Μ‘Ό
ή“,•”•i‚Λ‚η‚Ά,‹Κμ,£“cπ”Τ,131121,“‹“s,Ά“c’J‹ζ,γ–μ–Ρ‚S’–Ϊ,2019-03-13,20,‚»‚Μ‘Ό‚ΜZ‘ξi‚RK‚ΔΘ‰Ί‹¤“―Z‘ξ“™j,‚»‚Μ‘Ό
ή“,•”•i‚Λ‚η‚Ά,‹Κμ,—p‰κπ”Τ,131121,“‹“s,Ά“c’J‹ζ,γ—p‰κ‚R’–Ϊ,2019-07-21,20,’“Τi—Φjκ,ƒ^ƒCƒ„EƒzƒC[ƒ‹
ή“,•”•i‚Λ‚η‚Ά,‹Κμ,—p‰κπ”Τ,131121,“‹“s,Ά“c’J‹ζ,—p‰κ‚R’–Ϊ,2019-04-07,15,‚»‚Μ‘Ό‚ΜZ‘ξi‚RK‚ΔΘ‰Ί‹¤“―Z‘ξ“™j,ƒiƒ“ƒo[ƒvƒ[ƒg
ή“,•”•i‚Λ‚η‚Ά,‹Κμ,—p‰κπ”Τ,131121,“‹“s,Ά“c’J‹ζ,—p‰κ‚S’–Ϊ,2019-07-10,17,’“Τi—Φjκ,ƒiƒ“ƒo[ƒvƒ[ƒg
ή“,•”•i‚Λ‚η‚Ά,‹Κμ,—p‰κπ”Τ,131121,“‹“s,Ά“c’J‹ζ,—p‰κ‚S’–Ϊ,2019-10-08,09,’“Τi—Φjκ,‚»‚Μ‘Ό
ή“,•”•i‚Λ‚η‚Ά,‹Κμ,[‘ςπ”Τ,131121,“‹“s,Ά“c’J‹ζ,[‘ς‚P’–Ϊ,2019-04-07,19,’“Τi—Φjκ,‚»‚Μ‘Ό
ή“,•”•i‚Λ‚η‚Ά,‹Κμ,[‘ςπ”Τ,131121,“‹“s,Ά“c’J‹ζ,[‘ς‚S’–Ϊ,2019-08-11,18,’“Τi—Φjκ,ƒiƒ“ƒo[ƒvƒ[ƒg
ή“,•”•i‚Λ‚η‚Ά,‹Κμ,”n–φ‰‘‘O’“έ,131121,“‹“s,Ά“c’J‹ζ,γ—p‰κ‚P’–Ϊ,2019-10-14,20,‚SK‚ΔΘγ‹¤“―Z‘ξ,ƒiƒ“ƒo[ƒvƒ[ƒg
ή“,•”•i‚Λ‚η‚Ά,‹Κμ,”n–φ‰‘‘O’“έ,131121,“‹“s,Ά“c’J‹ζ,γ—p‰κ‚U’–Ϊ,2019-02-03,17,’“Τi—Φjκ,ƒ^ƒCƒ„EƒzƒC[ƒ‹
ή“,•”•i‚Λ‚η‚Ά,‹Κμ,”n–φ‰‘‘O’“έ,131121,“‹“s,Ά“c’J‹ζ,γ—p‰κ‚U’–Ϊ,2019-06-26,21,’“Τi—Φjκ,ƒ^ƒCƒ„EƒzƒC[ƒ‹
ή“,•”•i‚Λ‚η‚Ά,‹Κμ,”n–φ‰‘‘O’“έ,131121,“‹“s,Ά“c’J‹ζ,γ—p‰κ‚U’–Ϊ,2019-06-28,18,’“Τi—Φjκ,ƒ^ƒCƒ„EƒzƒC[ƒ‹
ή“,•”•i‚Λ‚η‚Ά,‹Κμ,”n–φ‰‘‘O’“έ,131121,“‹“s,Ά“c’J‹ζ,γ—p‰κ‚U’–Ϊ,2019-07-23,08,’“Τi—Φjκ,ƒ^ƒCƒ„EƒzƒC[ƒ‹
ή“,•”•i‚Λ‚η‚Ά,‹Κμ,”n–φ‰‘‘O’“έ,131121,“‹“s,Ά“c’J‹ζ,χV’¬‚P’–Ϊ,2019-02-02,16,‚»‚Μ‘Ό,‚»‚Μ‘Ό
ή“,•”•i‚Λ‚η‚Ά,‹Κμ,”φR‘δ’“έ,131121,“‹“s,Ά“c’J‹ζ,”φR‘δ‚Q’–Ϊ,2019-02-08,19,‚»‚Μ‘Ό‚ΜZ‘ξi‚RK‚ΔΘ‰Ί‹¤“―Z‘ξ“™j,ƒiƒ“ƒo[ƒvƒ[ƒg
ή“,•”•i‚Λ‚η‚Ά,‹Κμ,“™X—Ν•s“®‘O’“έ,131121,“‹“s,Ά“c’J‹ζ,–μ–Ρ‚Q’–Ϊ,2019-01-18,18,’“Τi—Φjκ,‚»‚Μ‘Ό
ή“,•”•i‚Λ‚η‚Ά,¬ι,‘ct’J‘ε‘ π”Τ,131121,“‹“s,Ά“c’J‹ζ,‘ct’J‚P’–Ϊ,2019-08-20,14,‚»‚Μ‘Ό‚ΜZ‘ξi‚RK‚ΔΘ‰Ί‹¤“―Z‘ξ“™j,‚»‚Μ‘Ό
ή“,•”•i‚Λ‚η‚Ά,¬ι,¬ιπ”Τ,131121,“‹“s,Ά“c’J‹ζ,¬ι‚U’–Ϊ,2019-02-16,12,‚»‚Μ‘Ό‚ΜZ‘ξi‚RK‚ΔΘ‰Ί‹¤“―Z‘ξ“™j,‚»‚Μ‘Ό
ή“,•”•i‚Λ‚η‚Ά,¬ι,ηΞ‘δπ”Τ,131121,“‹“s,Ά“c’J‹ζ,γ‘ct’J‚R’–Ϊ,2019-06-04,13,‚»‚Μ‘Ό‚ΜZ‘ξi‚RK‚ΔΘ‰Ί‹¤“―Z‘ξ“™j,‚»‚Μ‘Ό
ή“,•”•i‚Λ‚η‚Ά,¬ι,ηΞ‘δπ”Τ,131121,“‹“s,Ά“c’J‹ζ,ηΞ‘δ‚R’–Ϊ,2019-10-18,09,’“Τi—Φjκ,‚»‚Μ‘Ό
ή“,•”•i‚Λ‚η‚Ά,¬ι,ηΞ‘δπ”Τ,131121,“‹“s,Ά“c’J‹ζ,ηΞ‘δ‚S’–Ϊ,2019-09-21,14,‚SK‚ΔΘγ‹¤“―Z‘ξ,ƒiƒ“ƒo[ƒvƒ[ƒg
ή“,•”•i‚Λ‚η‚Ά,¬ι,‰GRπ”Τ,131121,“‹“s,Ά“c’J‹ζ,“μ‰GR‚U’–Ϊ,2019-05-28,20,“ΉHγ,‚»‚Μ‘Ό
ή“,•”•i‚Λ‚η‚Ά,¬ι,‰GRπ”Τ,131121,“‹“s,Ά“c’J‹ζ,“μ‰GR‚U’–Ϊ,2019-10-05,18,’“Τi—Φjκ,‚»‚Μ‘Ό
ή“,•”•i‚Λ‚η‚Ά,¬ι,‰GRπ”Τ,131121,“‹“s,Ά“c’J‹ζ,“μ‰GR‚U’–Ϊ,2019-12-02,16,‚»‚Μ‘Ό‚ΜZ‘ξi‚RK‚ΔΘ‰Ί‹¤“―Z‘ξ“™j,ƒiƒ“ƒo[ƒvƒ[ƒg
ή“,•”•i‚Λ‚η‚Ά,¬ι,γ–k‘ς‰w‘Oπ”Τ,131121,“‹“s,Ά“c’J‹ζ,χγ…‚T’–Ϊ,2019-06-16,12,’“Τi—Φjκ,‚»‚Μ‘Ό
ή“,•”•i‚Λ‚η‚Ά,¬ι,γ–k‘ς‰w‘Oπ”Τ,131121,“‹“s,Ά“c’J‹ζ,χγ…‚T’–Ϊ,2019-09-05,00,‚SK‚ΔΘγ‹¤“―Z‘ξ,ƒiƒ“ƒo[ƒvƒ[ƒg
ή“,•”•i‚Λ‚η‚Ά,¬ι,ηΞ‘D‹΄‰w‘Oπ”Τ,131121,“‹“s,Ά“c’J‹ζ,‹m‚Q’–Ϊ,2019-07-23,18,‚SK‚ΔΘγ‹¤“―Z‘ξ,‚»‚Μ‘Ό
ή“,•”•i‚Λ‚η‚Ά,¬ι,ηΞ‘D‹΄‰w‘Oπ”Τ,131121,“‹“s,Ά“c’J‹ζ,‹m‚Q’–Ϊ,2019-07-27,14,‚SK‚ΔΘγ‹¤“―Z‘ξ,‚»‚Μ‘Ό
ή“,•”•i‚Λ‚η‚Ά,¬ι,ηΞ‘D‹΄‰w‘Oπ”Τ,131121,“‹“s,Ά“c’J‹ζ,‘D‹΄‚P’–Ϊ,2019-03-27,15,’“Τi—Φjκ,‚»‚Μ‘Ό
ή“,•”•i‚Λ‚η‚Ά,¬ι,ηΞ‘D‹΄‰w‘Oπ”Τ,131121,“‹“s,Ά“c’J‹ζ,‘D‹΄‚R’–Ϊ,2019-07-16,11,’“Τi—Φjκ,ƒiƒ“ƒo[ƒvƒ[ƒg
ή“,•”•i‚Λ‚η‚Ά,¬ι,‘ε‘ “ρ’–Ϊπ”Τ,131121,“‹“s,Ά“c’J‹ζ,‹m‚Q’–Ϊ,2019-06-22,12,’“Τi—Φjκ,ƒiƒ“ƒo[ƒvƒ[ƒg
ή“,•”•i‚Λ‚η‚Ά,¬ι,‘ε‘ “ρ’–Ϊπ”Τ,131121,“‹“s,Ά“c’J‹ζ,‹m‚S’–Ϊ,2019-01-24,17,’“Τi—Φjκ,ƒiƒ“ƒo[ƒvƒ[ƒg
ή“,•”•i‚Λ‚η‚Ά,¬ι,‘ε‘ “ρ’–Ϊπ”Τ,131121,“‹“s,Ά“c’J‹ζ,‹m‚T’–Ϊ,2019-10-16,17,‚SK‚ΔΘγ‹¤“―Z‘ξ,‚»‚Μ‘Ό
ή“,•”•i‚Λ‚η‚Ά,¬ι,“•σ‘Oπ”Τ,131121,“‹“s,Ά“c’J‹ζ,‰F“ήª‚R’–Ϊ,2019-04-23,21,’“Τi—Φjκ,ƒiƒ“ƒo[ƒvƒ[ƒg
ή“,•”•i‚Λ‚η‚Ά,¬ι,™“c’“έ,131121,“‹“s,Ά“c’J‹ζ,™“c‚R’–Ϊ,2019-07-15,14,’“Τi—Φjκ,ƒiƒ“ƒo[ƒvƒ[ƒg
ή“,•”•i‚Λ‚η‚Ά,¬ι,μ‘½©’“έ,131121,“‹“s,Ά“c’J‹ζ,μ‘½©‚P’–Ϊ,2019-02-01,•s–Ύ,“ΉHγ,ƒiƒ“ƒo[ƒvƒ[ƒg
ή“,•”•i‚Λ‚η‚Ά,¬ι,μ‘½©’“έ,131121,“‹“s,Ά“c’J‹ζ,μ‘½©‚P’–Ϊ,2019-10-03,13,’“Τi—Φjκ,‚»‚Μ‘Ό
ή“,•”•i‚Λ‚η‚Ά,¬ι,μ‘½©’“έ,131121,“‹“s,Ά“c’J‹ζ,μ‘½©‚Q’–Ϊ,2019-05-16,18,‚SK‚ΔΘγ‹¤“―Z‘ξ,‚»‚Μ‘Ό
ή“,•”•i‚Λ‚η‚Ά,¬ι,μ‘½©‰w‘Oπ”Τ,131121,“‹“s,Ά“c’J‹ζ,μ‘½©‚V’–Ϊ,2019-07-07,14,κΛZ‘ξ,ƒiƒ“ƒo[ƒvƒ[ƒg
ή“,•”•i‚Λ‚η‚Ά,¬ι,μ‘½©‰w‘Oπ”Τ,131121,“‹“s,Ά“c’J‹ζ,¬ι‚S’–Ϊ,2019-10-22,19,‚SK‚ΔΘγ‹¤“―Z‘ξ,‚»‚Μ‘Ό
ή“,•”•i‚Λ‚η‚Ά,¬ι,‹‹“cπ”Τ,131121,“‹“s,Ά“c’J‹ζ,‹‹“c‚S’–Ϊ,2019-02-15,17,‚SK‚ΔΘγ‹¤“―Z‘ξ,‚»‚Μ‘Ό
ή“,•”•i‚Λ‚η‚Ά,¬ι,‘D‹΄π”Τ,131121,“‹“s,Ά“c’J‹ζ,‘D‹΄‚S’–Ϊ,2019-02-15,09,‚»‚Μ‘Ό,‚»‚Μ‘Ό
ή“,•”•i‚Λ‚η‚Ά,¬ι,‘D‹΄π”Τ,131121,“‹“s,Ά“c’J‹ζ,‘D‹΄‚U’–Ϊ,2018-12-27,17,“ΉHγ,‚»‚Μ‘Ό
ή“,•”•i‚Λ‚η‚Ά,¬ι,‘D‹΄π”Τ,131121,“‹“s,Ά“c’J‹ζ,‘D‹΄‚U’–Ϊ,2019-06-10,08,‚SK‚ΔΘγ‹¤“―Z‘ξ,‚»‚Μ‘Ό
ή“,•”•i‚Λ‚η‚Ά,¬ι,‘D‹΄π”Τ,131121,“‹“s,Ά“c’J‹ζ,‘D‹΄‚U’–Ϊ,2019-07-05,13,“ΉHγ,‚»‚Μ‘Ό
ή“,•”•i‚Λ‚η‚Ά,¬ι,‘D‹΄π”Τ,131121,“‹“s,Ά“c’J‹ζ,‘D‹΄‚V’–Ϊ,2019-07-10,22,‚SK‚ΔΘγ‹¤“―Z‘ξ,ƒ^ƒCƒ„EƒzƒC[ƒ‹
ή“,•”•i‚Λ‚η‚Ά,–Ϊ•,O“cπ”Τ,131105,“‹“s,–Ϊ•‹ζ,O“c‚P’–Ϊ,2019-03-10,10,‚»‚Μ‘Ό,‚»‚Μ‘Ό
ή“,•”•i‚Λ‚η‚Ά,–Ϊ•,O“cπ”Τ,131105,“‹“s,–Ϊ•‹ζ,O“c‚P’–Ϊ,2019-10-05,13,’“Τi—Φjκ,‚»‚Μ‘Ό
ή“,•”•i‚Λ‚η‚Ά,–Ϊ•,‰Ί–Ϊ•π”Τ,131105,“‹“s,–Ϊ•‹ζ,‰Ί–Ϊ•‚U’–Ϊ,2019-05-07,16,‚SK‚ΔΘγ‹¤“―Z‘ξ,‚»‚Μ‘Ό
ή“,•”•i‚Λ‚η‚Ά,–Ϊ•,‰Ί–Ϊ•π”Τ,131105,“‹“s,–Ϊ•‹ζ,–Ϊ•‚R’–Ϊ,2019-05-07,19,‚»‚Μ‘Ό‚ΜZ‘ξi‚RK‚ΔΘ‰Ί‹¤“―Z‘ξ“™j,‚»‚Μ‘Ό
ή“,•”•i‚Λ‚η‚Ά,–Ϊ•,–ϋ–Κπ”Τ,131105,“‹“s,–Ϊ•‹ζ,‰Ί–Ϊ•‚S’–Ϊ,2019-03-05,18,‚»‚Μ‘Ό‚ΜZ‘ξi‚RK‚ΔΘ‰Ί‹¤“―Z‘ξ“™j,‚»‚Μ‘Ό
ή“,•”•i‚Λ‚η‚Ά,–Ϊ•,–ϋ–Κπ”Τ,131105,“‹“s,–Ϊ•‹ζ,‰Ί–Ϊ•‚S’–Ϊ,2019-03-05,23,κΛZ‘ξ,‚»‚Μ‘Ό
ή“,•”•i‚Λ‚η‚Ά,–Ϊ•,–ϋ–Κπ”Τ,131105,“‹“s,–Ϊ•‹ζ,‰Ί–Ϊ•‚S’–Ϊ,2019-03-06,08,‚»‚Μ‘Ό‚ΜZ‘ξi‚RK‚ΔΘ‰Ί‹¤“―Z‘ξ“™j,‚»‚Μ‘Ό
ή“,•”•i‚Λ‚η‚Ά,–Ϊ•,–ϋ–Κπ”Τ,131105,“‹“s,–Ϊ•‹ζ,‰Ί–Ϊ•‚T’–Ϊ,2019-02-01,17,κΛZ‘ξ,‚»‚Μ‘Ό
ή“,•”•i‚Λ‚η‚Ά,–Ϊ•,–ϋ–Κπ”Τ,131105,“‹“s,–Ϊ•‹ζ,‰Ί–Ϊ•‚T’–Ϊ,2019-03-21,08,κΛZ‘ξ,‚»‚Μ‘Ό
ή“,•”•i‚Λ‚η‚Ά,–Ϊ•,–ϋ–Κπ”Τ,131105,“‹“s,–Ϊ•‹ζ,‰Ί–Ϊ•‚U’–Ϊ,2019-01-01,00,‚»‚Μ‘Ό‚ΜZ‘ξi‚RK‚ΔΘ‰Ί‹¤“―Z‘ξ“™j,‚»‚Μ‘Ό
ή“,•”•i‚Λ‚η‚Ά,–Ϊ•,–ϋ–Κπ”Τ,131105,“‹“s,–Ϊ•‹ζ,‰Ί–Ϊ•‚U’–Ϊ,2019-01-07,12,‚SK‚ΔΘγ‹¤“―Z‘ξ,‚»‚Μ‘Ό
ή“,•”•i‚Λ‚η‚Ά,–Ϊ•,–ϋ–Κπ”Τ,131105,“‹“s,–Ϊ•‹ζ,‰Ί–Ϊ•‚U’–Ϊ,2019-04-02,22,‚»‚Μ‘Ό‚ΜZ‘ξi‚RK‚ΔΘ‰Ί‹¤“―Z‘ξ“™j,‚»‚Μ‘Ό
ή“,•”•i‚Λ‚η‚Ά,–Ϊ•,–ϋ–Κπ”Τ,131105,“‹“s,–Ϊ•‹ζ,’†’¬‚P’–Ϊ,2019-02-08,22,κΛZ‘ξ,‚»‚Μ‘Ό
ή“,•”•i‚Λ‚η‚Ά,–Ϊ•,–ϋ–Κπ”Τ,131105,“‹“s,–Ϊ•‹ζ,’†’¬‚P’–Ϊ,2019-03-26,19,κΛZ‘ξ,‚»‚Μ‘Ό
ή“,•”•i‚Λ‚η‚Ά,–Ϊ•,–ϋ–Κπ”Τ,131105,“‹“s,–Ϊ•‹ζ,’†’¬‚P’–Ϊ,2019-03-27,00,“ΉHγ,‚»‚Μ‘Ό
ή“,•”•i‚Λ‚η‚Ά,–Ϊ•,–ϋ–Κπ”Τ,131105,“‹“s,–Ϊ•‹ζ,’†’¬‚Q’–Ϊ,2019-04-07,19,κΛZ‘ξ,‚»‚Μ‘Ό
ή“,•”•i‚Λ‚η‚Ά,–Ϊ•,–ϋ–Κπ”Τ,131105,“‹“s,–Ϊ•‹ζ,’†–Ϊ•‚S’–Ϊ,2019-02-13,17,κΛZ‘ξ,‚»‚Μ‘Ό
ή“,•”•i‚Λ‚η‚Ά,–Ϊ•,–ϋ–Κπ”Τ,131105,“‹“s,–Ϊ•‹ζ,’†–Ϊ•‚S’–Ϊ,2019-04-07,19,κΛZ‘ξ,‚»‚Μ‘Ό
ή“,•”•i‚Λ‚η‚Ά,–Ϊ•,–ϋ–Κπ”Τ,131105,“‹“s,–Ϊ•‹ζ,’†–Ϊ•‚T’–Ϊ,2019-01-06,22,κΛZ‘ξ,‚»‚Μ‘Ό
ή“,•”•i‚Λ‚η‚Ά,–Ϊ•,–ϋ–Κπ”Τ,131105,“‹“s,–Ϊ•‹ζ,’†–Ϊ•‚T’–Ϊ,2019-03-05,19,κΛZ‘ξ,‚»‚Μ‘Ό
ή“,•”•i‚Λ‚η‚Ά,–Ϊ•,–ϋ–Κπ”Τ,131105,“‹“s,–Ϊ•‹ζ,’†–Ϊ•‚T’–Ϊ,2019-04-26,12,κΛZ‘ξ,‚»‚Μ‘Ό
ή“,•”•i‚Λ‚η‚Ά,–Ϊ•,–ϋ–Κπ”Τ,131105,“‹“s,–Ϊ•‹ζ,’†–Ϊ•‚T’–Ϊ,2019-04-26,17,κΛZ‘ξ,‚»‚Μ‘Ό
ή“,•”•i‚Λ‚η‚Ά,–Ϊ•,–ϋ–Κπ”Τ,131105,“‹“s,–Ϊ•‹ζ,’†–Ϊ•‚T’–Ϊ,2019-05-05,19,κΛZ‘ξ,‚»‚Μ‘Ό
ή“,•”•i‚Λ‚η‚Ά,–Ϊ•,–ϋ–Κπ”Τ,131105,“‹“s,–Ϊ•‹ζ,’†–Ϊ•‚T’–Ϊ,2019-05-07,13,κΛZ‘ξ,‚»‚Μ‘Ό
ή“,•”•i‚Λ‚η‚Ά,–Ϊ•,–ϋ–Κπ”Τ,131105,“‹“s,–Ϊ•‹ζ,–Ϊ•‚R’–Ϊ,2019-04-05,12,κΛZ‘ξ,‚»‚Μ‘Ό
ή“,•”•i‚Λ‚η‚Ά,–Ϊ•,–ϋ–Κπ”Τ,131105,“‹“s,–Ϊ•‹ζ,–Ϊ•‚R’–Ϊ,2019-04-05,16,‚»‚Μ‘Ό‚ΜZ‘ξi‚RK‚ΔΘ‰Ί‹¤“―Z‘ξ“™j,‚»‚Μ‘Ό
ή“,•”•i‚Λ‚η‚Ά,–Ϊ•,–ϋ–Κπ”Τ,131105,“‹“s,–Ϊ•‹ζ,–Ϊ•‚R’–Ϊ,2019-04-26,15,κΛZ‘ξ,‚»‚Μ‘Ό
ή“,•”•i‚Λ‚η‚Ά,–Ϊ•,–ϋ–Κπ”Τ,131105,“‹“s,–Ϊ•‹ζ,–Ϊ•‚R’–Ϊ,2019-05-07,15,κΛZ‘ξ,‚»‚Μ‘Ό
ή“,•”•i‚Λ‚η‚Ά,–Ϊ•,–ϋ–Κπ”Τ,131105,“‹“s,–Ϊ•‹ζ,–Ϊ•‚R’–Ϊ,2019-05-07,19,κΛZ‘ξ,‚»‚Μ‘Ό
ή“,•”•i‚Λ‚η‚Ά,–Ϊ•,–ϋ–Κπ”Τ,131105,“‹“s,–Ϊ•‹ζ,–Ϊ•‚S’–Ϊ,2019-03-04,21,κΛZ‘ξ,‚»‚Μ‘Ό
ή“,•”•i‚Λ‚η‚Ά,–Ϊ•,–ϋ–Κπ”Τ,131105,“‹“s,–Ϊ•‹ζ,–Ϊ•‚S’–Ϊ,2019-03-05,16,κΛZ‘ξ,‚»‚Μ‘Ό
ή“,•”•i‚Λ‚η‚Ά,–Ϊ•,–ϋ–Κπ”Τ,131105,“‹“s,–Ϊ•‹ζ,–Ϊ•‚S’–Ϊ,2019-03-24,14,κΛZ‘ξ,‚»‚Μ‘Ό
ή“,•”•i‚Λ‚η‚Ά,–Ϊ•,–ϋ–Κπ”Τ,131105,“‹“s,–Ϊ•‹ζ,–Ϊ•‚S’–Ϊ,2019-04-08,09,κΛZ‘ξ,‚»‚Μ‘Ό
ή“,•”•i‚Λ‚η‚Ά,–Ϊ•,–ϋ–Κπ”Τ,131105,“‹“s,–Ϊ•‹ζ,–Ϊ•‚S’–Ϊ,2019-04-08,16,κΛZ‘ξ,‚»‚Μ‘Ό
ή“,•”•i‚Λ‚η‚Ά,–Ϊ•,–ϋ–Κπ”Τ,131105,“‹“s,–Ϊ•‹ζ,–Ϊ•‚S’–Ϊ,2019-04-22,10,κΛZ‘ξ,‚»‚Μ‘Ό
ή“,•”•i‚Λ‚η‚Ά,–Ϊ•,—S“V›‰w‘Oπ”Τ,131105,“‹“s,–Ϊ•‹ζ,γ–Ϊ•‚S’–Ϊ,2019-01-07,15,κΛZ‘ξ,‚»‚Μ‘Ό
ή“,•”•i‚Λ‚η‚Ά,–Ϊ•,—S“V›‰w‘Oπ”Τ,131105,“‹“s,–Ϊ•‹ζ,ά–{–Ψ‚P’–Ϊ,2019-03-18,12,κΛZ‘ξ,‚»‚Μ‘Ό
ή“,•”•i‚Λ‚η‚Ά,–Ϊ•,—S“V›‰w‘Oπ”Τ,131105,“‹“s,–Ϊ•‹ζ,ά–{–Ψ‚P’–Ϊ,2019-03-18,18,κΛZ‘ξ,‚»‚Μ‘Ό
ή“,•”•i‚Λ‚η‚Ά,–Ϊ•,—S“V›‰w‘Oπ”Τ,131105,“‹“s,–Ϊ•‹ζ,’†‰›’¬‚Q’–Ϊ,2019-04-03,13,‚»‚Μ‘Ό‚ΜZ‘ξi‚RK‚ΔΘ‰Ί‹¤“―Z‘ξ“™j,‚»‚Μ‘Ό
ή“,•”•i‚Λ‚η‚Ά,–Ϊ•,—S“V›‰w‘Oπ”Τ,131105,“‹“s,–Ϊ•‹ζ,’†’¬‚Q’–Ϊ,2019-01-31,12,κΛZ‘ξ,‚»‚Μ‘Ό
ή“,•”•i‚Λ‚η‚Ά,–Ϊ•,—S“V›‰w‘Oπ”Τ,131105,“‹“s,–Ϊ•‹ζ,’†’¬‚Q’–Ϊ,2019-03-26,18,κΛZ‘ξ,‚»‚Μ‘Ό
ή“,•”•i‚Λ‚η‚Ά,–Ϊ•,—S“V›‰w‘Oπ”Τ,131105,“‹“s,–Ϊ•‹ζ,’†–Ϊ•‚T’–Ϊ,2019-02-05,17,‚»‚Μ‘Ό‚ΜZ‘ξi‚RK‚ΔΘ‰Ί‹¤“―Z‘ξ“™j,‚»‚Μ‘Ό
ή“,•”•i‚Λ‚η‚Ά,–Ϊ•,—S“V›‰w‘Oπ”Τ,131105,“‹“s,–Ϊ•‹ζ,—S“V›‚P’–Ϊ,2019-03-18,17,κΛZ‘ξ,‚»‚Μ‘Ό
ή“,•”•i‚Λ‚η‚Ά,–Ϊ•,—S“V›‰w‘Oπ”Τ,131105,“‹“s,–Ϊ•‹ζ,—S“V›‚P’–Ϊ,2019-03-18,22,“ΉHγ,‚»‚Μ‘Ό
ή“,•”•i‚Λ‚η‚Ά,–Ϊ•,—S“V›‰w‘Oπ”Τ,131105,“‹“s,–Ϊ•‹ζ,—S“V›‚Q’–Ϊ,2019-08-23,07,’“Τi—Φjκ,‚»‚Μ‘Ό
ή“,•”•i‚Λ‚η‚Ά,–Ϊ•,’†–Ϊ•‰w‘Oπ”Τ,131105,“‹“s,–Ϊ•‹ζ,γ–Ϊ•‚P’–Ϊ,2019-03-02,10,’“Τi—Φjκ,‚»‚Μ‘Ό
ή“,•”•i‚Λ‚η‚Ά,–Ϊ•,’†–Ϊ•‰w‘Oπ”Τ,131105,“‹“s,–Ϊ•‹ζ,’†–Ϊ•‚P’–Ϊ,2019-04-01,18,‚»‚Μ‘Ό‚ΜZ‘ξi‚RK‚ΔΘ‰Ί‹¤“―Z‘ξ“™j,‚»‚Μ‘Ό
ή“,•”•i‚Λ‚η‚Ά,–Ϊ•,’†–Ϊ•‰w‘Oπ”Τ,131105,“‹“s,–Ϊ•‹ζ,’†–Ϊ•‚Q’–Ϊ,2019-01-26,13,’“Τi—Φjκ,‚»‚Μ‘Ό
ή“,•”•i‚Λ‚η‚Ά,–Ϊ•,’†–Ϊ•‰w‘Oπ”Τ,131105,“‹“s,–Ϊ•‹ζ,’†–Ϊ•‚R’–Ϊ,2019-01-31,17,’“Τi—Φjκ,‚»‚Μ‘Ό
ή“,•”•i‚Λ‚η‚Ά,–Ϊ•,’†–Ϊ•‰w‘Oπ”Τ,131105,“‹“s,–Ϊ•‹ζ,’†–Ϊ•‚R’–Ϊ,2019-02-23,18,κΛZ‘ξ,‚»‚Μ‘Ό
ή“,•”•i‚Λ‚η‚Ά,–Ϊ•,’†–Ϊ•‰w‘Oπ”Τ,131105,“‹“s,–Ϊ•‹ζ,’†–Ϊ•‚R’–Ϊ,2019-04-26,08,κΛZ‘ξ,‚»‚Μ‘Ό
ή“,•”•i‚Λ‚η‚Ά,–Ϊ•,’†–Ϊ•‰w‘Oπ”Τ,131105,“‹“s,–Ϊ•‹ζ,’†–Ϊ•‚T’–Ϊ,2019-04-07,18,κΛZ‘ξ,‚»‚Μ‘Ό
ή“,•”•i‚Λ‚η‚Ά,–Ϊ•,hRπ”Τ,131105,“‹“s,–Ϊ•‹ζ,γ–Ϊ•‚R’–Ϊ,2019-01-01,12,κΛZ‘ξ,‚»‚Μ‘Ό
ή“,•”•i‚Λ‚η‚Ά,–Ϊ•,hRπ”Τ,131105,“‹“s,–Ϊ•‹ζ,γ–Ϊ•‚R’–Ϊ,2019-01-31,17,κΛZ‘ξ,‚»‚Μ‘Ό
ή“,•”•i‚Λ‚η‚Ά,–Ϊ•,hRπ”Τ,131105,“‹“s,–Ϊ•‹ζ,γ–Ϊ•‚R’–Ϊ,2019-02-01,13,κΛZ‘ξ,‚»‚Μ‘Ό
ή“,•”•i‚Λ‚η‚Ά,–Ϊ•,hRπ”Τ,131105,“‹“s,–Ϊ•‹ζ,γ–Ϊ•‚R’–Ϊ,2019-02-18,18,“ΉHγ,‚»‚Μ‘Ό
ή“,•”•i‚Λ‚η‚Ά,–Ϊ•,hRπ”Τ,131105,“‹“s,–Ϊ•‹ζ,γ–Ϊ•‚S’–Ϊ,2019-01-02,21,κΛZ‘ξ,‚»‚Μ‘Ό
ή“,•”•i‚Λ‚η‚Ά,–Ϊ•,hRπ”Τ,131105,“‹“s,–Ϊ•‹ζ,γ–Ϊ•‚S’–Ϊ,2019-01-13,00,’“Τi—Φjκ,‚»‚Μ‘Ό
ή“,•”•i‚Λ‚η‚Ά,–Ϊ•,hRπ”Τ,131105,“‹“s,–Ϊ•‹ζ,γ–Ϊ•‚S’–Ϊ,2019-01-23,19,κΛZ‘ξ,‚»‚Μ‘Ό
ή“,•”•i‚Λ‚η‚Ά,–Ϊ•,hRπ”Τ,131105,“‹“s,–Ϊ•‹ζ,γ–Ϊ•‚S’–Ϊ,2019-03-18,18,κΛZ‘ξ,‚»‚Μ‘Ό
ή“,•”•i‚Λ‚η‚Ά,–Ϊ•,hRπ”Τ,131105,“‹“s,–Ϊ•‹ζ,γ–Ϊ•‚T’–Ϊ,2019-05-20,15,‚SK‚ΔΘγ‹¤“―Z‘ξ,ƒiƒ“ƒo[ƒvƒ[ƒg
ή“,•”•i‚Λ‚η‚Ά,–Ϊ•,hRπ”Τ,131105,“‹“s,–Ϊ•‹ζ,“R‚P’–Ϊ,2019-04-04,16,‚»‚Μ‘Ό‚ΜZ‘ξi‚RK‚ΔΘ‰Ί‹¤“―Z‘ξ“™j,‚»‚Μ‘Ό
ή“,•”•i‚Λ‚η‚Ά,–Ϊ•,‘ε‹΄π”Τ,131105,“‹“s,–Ϊ•‹ζ,‘ε‹΄‚P’–Ϊ,2018-09-01,00,‚SK‚ΔΘγ‹¤“―Z‘ξ,ƒiƒ“ƒo[ƒvƒ[ƒg
ή“,•”•i‚Λ‚η‚Ά,–Ϊ•,‘ε‹΄π”Τ,131105,“‹“s,–Ϊ•‹ζ,“R‚P’–Ϊ,2019-04-04,09,κΛZ‘ξ,‚»‚Μ‘Ό
ή“,•”•i‚Λ‚η‚Ά,–Ϊ•,‘ε‹΄π”Τ,131105,“‹“s,–Ϊ•‹ζ,“R‚Q’–Ϊ,2019-06-07,18,‚»‚Μ‘Ό‚ΜZ‘ξi‚RK‚ΔΘ‰Ί‹¤“―Z‘ξ“™j,ƒiƒ“ƒo[ƒvƒ[ƒg
ή“,•”•i‚Λ‚η‚Ά,”θ•¶’J,`‚Μ–Ψβπ”Τ,131105,“‹“s,–Ϊ•‹ζ,`‚Μ–Ψβ‚P’–Ϊ,2019-03-14,18,‚SK‚ΔΘγ‹¤“―Z‘ξ,‚»‚Μ‘Ό
ή“,•”•i‚Λ‚η‚Ά,”θ•¶’J,`‚Μ–Ψβπ”Τ,131105,“‹“s,–Ϊ•‹ζ,`‚Μ–Ψβ‚P’–Ϊ,2019-03-23,10,‚SK‚ΔΘγ‹¤“―Z‘ξ,ƒiƒ“ƒo[ƒvƒ[ƒg
ή“,•”•i‚Λ‚η‚Ά,”θ•¶’J,“s—§‘εw‰w‘Oπ”Τ,131105,“‹“s,–Ϊ•‹ζ,“μ‚R’–Ϊ,2019-07-21,17,‚SK‚ΔΘγ‹¤“―Z‘ξ,‚»‚Μ‘Ό
ή“,•”•i‚Λ‚η‚Ά,”θ•¶’J,©—R‚ª‹uπ”Τ,131105,“‹“s,–Ϊ•‹ζ,©—R‚ª‹u‚P’–Ϊ,2019-02-02,14,’“Τi—Φjκ,ƒ^ƒCƒ„EƒzƒC[ƒ‹
ή“,•”•i‚Λ‚η‚Ά,”θ•¶’J,©—R‚ª‹uπ”Τ,131105,“‹“s,–Ϊ•‹ζ,©—R‚ª‹u‚Q’–Ϊ,2019-11-03,17,’“Τi—Φjκ,‚»‚Μ‘Ό
ή“,•”•i‚Λ‚η‚Ά,”θ•¶’J,΄’¬π”Τ,131105,“‹“s,–Ϊ•‹ζ,΄’¬‚P’–Ϊ,2019-05-07,18,κΛZ‘ξ,‚»‚Μ‘Ό
ή“,•”•i‚Λ‚η‚Ά,”θ•¶’J,΄’¬π”Τ,131105,“‹“s,–Ϊ•‹ζ,΄’¬‚Q’–Ϊ,2019-10-17,18,‚SK‚ΔΘγ‹¤“―Z‘ξ,‚»‚Μ‘Ό
ή“,•”•i‚Λ‚η‚Ά,”θ•¶’J,΄’¬π”Τ,131105,“‹“s,–Ϊ•‹ζ,“μ‚P’–Ϊ,2019-08-25,17,’“Τi—Φjκ,‚»‚Μ‘Ό
ή“,•”•i‚Λ‚η‚Ά,”θ•¶’J,–{’¬Z’–Ϊπ”Τ,131105,“‹“s,–Ϊ•‹ζ,–Ϊ•–{’¬‚U’–Ϊ,2019-05-08,17,‚»‚Μ‘Ό‚ΜZ‘ξi‚RK‚ΔΘ‰Ί‹¤“―Z‘ξ“™j,‚»‚Μ‘Ό
ή“,•”•i‚Λ‚η‚Ά,”θ•¶’J,–{’¬“ρ’–Ϊπ”Τ,131105,“‹“s,–Ϊ•‹ζ,”θ•¶’J‚Q’–Ϊ,2019-08-02,22,‚»‚Μ‘Ό,ƒ^ƒCƒ„EƒzƒC[ƒ‹
ή“,•”•i‚Λ‚η‚Ά,”θ•¶’J,–{’¬“ρ’–Ϊπ”Τ,131105,“‹“s,–Ϊ•‹ζ,”θ•¶’J‚Q’–Ϊ,2019-08-12,17,’“Τi—Φjκ,‚Θ‚µ
ή“,•”•i‚Λ‚η‚Ά,”θ•¶’J,–{’¬“ρ’–Ϊπ”Τ,131105,“‹“s,–Ϊ•‹ζ,–Ϊ•–{’¬‚P’–Ϊ,2019-02-05,19,‚»‚Μ‘Ό,‚»‚Μ‘Ό
ή“,•”•i‚Λ‚η‚Ά,”θ•¶’J,–{’¬“ρ’–Ϊπ”Τ,131105,“‹“s,–Ϊ•‹ζ,–Ϊ•–{’¬‚Q’–Ϊ,2019-01-17,06,‚»‚Μ‘Ό,ƒiƒ“ƒo[ƒvƒ[ƒg
ή“,•”•i‚Λ‚η‚Ά,”θ•¶’J,–{’¬“ρ’–Ϊπ”Τ,131105,“‹“s,–Ϊ•‹ζ,–Ϊ•–{’¬‚T’–Ϊ,2019-05-07,14,κΛZ‘ξ,‚»‚Μ‘Ό
ή“,•”•i‚Λ‚η‚Ά,”θ•¶’J,w|‘εw‰w‘Oπ”Τ,131105,“‹“s,–Ϊ•‹ζ,”θ•¶’J‚Q’–Ϊ,2019-07-29,17,’“Τi—Φjκ,ƒ^ƒCƒ„EƒzƒC[ƒ‹
ή“,•”•i‚Λ‚η‚Ά,”θ•¶’J,w|‘εw‰w‘Oπ”Τ,131105,“‹“s,–Ϊ•‹ζ,”θ•¶’J‚Q’–Ϊ,2019-08-02,17,’“Τi—Φjκ,ƒ^ƒCƒ„EƒzƒC[ƒ‹
ή“,•”•i‚Λ‚η‚Ά,”θ•¶’J,w|‘εw‰w‘Oπ”Τ,131105,“‹“s,–Ϊ•‹ζ,”θ•¶’J‚Q’–Ϊ,2019-08-09,20,’“Τi—Φjκ,ƒ^ƒCƒ„EƒzƒC[ƒ‹
ή“,•”•i‚Λ‚η‚Ά,a’J,a’J‰w‘Oπ”Τ,131130,“‹“s,a’J‹ζ,a’J‚P’–Ϊ,2019-01-23,09,’“Τi—Φjκ,ƒ^ƒCƒ„EƒzƒC[ƒ‹
ή“,•”•i‚Λ‚η‚Ά,a’J,a’J‰w‘Oπ”Τ,131130,“‹“s,a’J‹ζ,a’J‚P’–Ϊ,2019-09-01,04,’“Τi—Φjκ,‚»‚Μ‘Ό
ή“,•”•i‚Λ‚η‚Ά,a’J,a’J‰w‘Oπ”Τ,131130,“‹“s,a’J‹ζ,a’J‚Q’–Ϊ,2019-03-05,10,’“Τi—Φjκ,‚»‚Μ‘Ό
ή“,•”•i‚Λ‚η‚Ά,a’J,‰F“cμπ”Τ,131130,“‹“s,a’J‹ζ,_R’¬,2019-11-01,22,“ΉHγ,‚»‚Μ‘Ό
ή“,•”•i‚Λ‚η‚Ά,a’J,“ΉΊβγπ”Τ,131130,“‹“s,a’J‹ζ,_ς’¬,2019-04-20,10,“ΉHγ,‚»‚Μ‘Ό
ή“,•”•i‚Λ‚η‚Ά,a’J,“ΉΊβγπ”Τ,131130,“‹“s,a’J‹ζ,‰~R’¬,2019-08-04,02,‚SK‚ΔΘγ‹¤“―Z‘ξ,ƒ^ƒCƒ„EƒzƒC[ƒ‹
ή“,•”•i‚Λ‚η‚Ά,a’J,L”φά’–Ϊπ”Τ,131130,“‹“s,a’J‹ζ,L”φ‚Q’–Ϊ,2019-04-22,19,‚SK‚ΔΘγ‹¤“―Z‘ξ,‚»‚Μ‘Ό
ή“,•”•i‚Λ‚η‚Ά,a’J,“ϊΤ•a‰@‘Oπ”Τ,131130,“‹“s,a’J‹ζ,L”φ‚Q’–Ϊ,2019-04-16,20,‚»‚Μ‘Ό‚ΜZ‘ξi‚RK‚ΔΘ‰Ί‹¤“―Z‘ξ“™j,‚»‚Μ‘Ό
ή“,•”•i‚Λ‚η‚Ά,a’J,“ϊΤ•a‰@‘Oπ”Τ,131130,“‹“s,a’J‹ζ,L”φ‚Q’–Ϊ,2019-10-15,19,κΛZ‘ξ,‚»‚Μ‘Ό
ή“,•”•i‚Λ‚η‚Ά,a’J,“ϊΤ•a‰@‘Oπ”Τ,131130,“‹“s,a’J‹ζ,L”φ‚R’–Ϊ,2019-04-02,19,“ΉHγ,‚»‚Μ‘Ό
ή“,•”•i‚Λ‚η‚Ά,a’J,“π”Τ,131130,“‹“s,a’J‹ζ,“‚Q’–Ϊ,2019-12-20,15,‚SK‚ΔΘγ‹¤“―Z‘ξ,ƒiƒ“ƒo[ƒvƒ[ƒg
ή“,•”•i‚Λ‚η‚Ά,a’J,ν”ΦΌπ”Τ,131130,“‹“s,a’J‹ζ,“‚S’–Ϊ,2019-04-02,20,κΛZ‘ξ,‚»‚Μ‘Ό
ή“,•”•i‚Λ‚η‚Ά,a’J,b”δυl’–Ϊπ”Τ,131130,“‹“s,a’J‹ζ,b”δυ‚R’–Ϊ,2019-02-15,10,κΛZ‘ξ,‚»‚Μ‘Ό
ή“,•”•i‚Λ‚η‚Ά,a’J,b”δυl’–Ϊπ”Τ,131130,“‹“s,a’J‹ζ,b”δυ‚R’–Ϊ,2019-02-19,09,κΛZ‘ξ,‚»‚Μ‘Ό
ή“,•”•i‚Λ‚η‚Ά,a’J,b”δυl’–Ϊπ”Τ,131130,“‹“s,a’J‹ζ,b”δυ‚R’–Ϊ,2019-02-19,21,‚»‚Μ‘Ό,‚»‚Μ‘Ό
ή“,•”•i‚Λ‚η‚Ά,a’J,b”δυl’–Ϊπ”Τ,131130,“‹“s,a’J‹ζ,b”δυ‚R’–Ϊ,2019-03-01,22,κΛZ‘ξ,‚»‚Μ‘Ό
ή“,•”•i‚Λ‚η‚Ά,a’J,”ό’|π”Τ,131130,“‹“s,a’J‹ζ,a’J‚P’–Ϊ,2019-10-01,15,“ΉHγ,ƒiƒ“ƒo[ƒvƒ[ƒg
ή“,•”•i‚Λ‚η‚Ά,΄h,‘γX–Ψ‰w‘Oπ”Τ,131130,“‹“s,a’J‹ζ,‘γX–Ψ‚P’–Ϊ,2019-11-11,12,’“Τi—Φjκ,‚»‚Μ‘Ό
ή“,•”•i‚Λ‚η‚Ά,‘γX–Ψ,‰‘δ‰w‘Oπ”Τ,131130,“‹“s,a’J‹ζ,‘γX–Ψ‚S’–Ϊ,2019-07-04,09,’“Τi—Φjκ,ƒiƒ“ƒo[ƒvƒ[ƒg
ή“,•”•i‚Λ‚η‚Ά,‘γX–Ψ,”¦ƒP’J‰w‘Oπ”Τ,131130,“‹“s,a’J‹ζ,”¦ƒ–’J‚P’–Ϊ,2019-10-02,08,’“Τi—Φjκ,‚»‚Μ‘Ό
ή“,•”•i‚Λ‚η‚Ά,‘γX–Ψ,‘γX–Ψγ΄‰w‘Oπ”Τ,131130,“‹“s,a’J‹ζ,Ό΄‚P’–Ϊ,2019-11-14,20,’“Τi—Φjκ,‚»‚Μ‘Ό
ή“,•”•i‚Λ‚η‚Ά,‘γX–Ψ,‰‘δ“ρ’–Ϊπ”Τ,131130,“‹“s,a’J‹ζ,‰‘δ‚P’–Ϊ,2019-01-24,03,‚SK‚ΔΘγ‹¤“―Z‘ξ,ƒiƒ“ƒo[ƒvƒ[ƒg
ή“,•”•i‚Λ‚η‚Ά,‘γX–Ψ,‰‘δ“ρ’–Ϊπ”Τ,131130,“‹“s,a’J‹ζ,‰‘δ‚P’–Ϊ,2019-06-22,10,’“Τi—Φjκ,ƒiƒ“ƒo[ƒvƒ[ƒg
ή“,•”•i‚Λ‚η‚Ά,‘γX–Ψ,‘γX–Ψφ‰€π”Τ,131130,“‹“s,a’J‹ζ,_“μ‚Q’–Ϊ,2019-08-09,03,“ΉHγ,‚»‚Μ‘Ό
ή“,•”•i‚Λ‚η‚Ά,‹,‰Ν“c’¬π”Τ,131041,“‹“s,Vh‹ζ,—]’’¬,2019-10-01,17,’“Τi—Φjκ,ƒiƒ“ƒo[ƒvƒ[ƒg
ή“,•”•i‚Λ‚η‚Ά,‹,‰Ν“c’¬π”Τ,131041,“‹“s,Vh‹ζ,αΌ’¬,2019-10-07,17,‚SK‚ΔΘγ‹¤“―Z‘ξ,‚»‚Μ‘Ό
ή“,•”•i‚Λ‚η‚Ά,‹,‰Ν“c’¬π”Τ,131041,“‹“s,Vh‹ζ,ΛR‚Q’–Ϊ,2019-08-14,09,‚SK‚ΔΘγ‹¤“―Z‘ξ,ƒ^ƒCƒ„EƒzƒC[ƒ‹
ή“,•”•i‚Λ‚η‚Ά,‹,”nκ‰Ίπ”Τ,131041,“‹“s,Vh‹ζ,‘ξ“c’¬,2019-01-07,18,κΛZ‘ξ,‚»‚Μ‘Ό
ή“,•”•i‚Λ‚η‚Ά,‹,’ίª’¬π”Τ,131041,“‹“s,Vh‹ζ,“V_’¬,2018-12-31,16,’“Τi—Φjκ,‚»‚Μ‘Ό
ή“,•”•i‚Λ‚η‚Ά,‹,”ª”¦‘Oπ”Τ,131041,“‹“s,Vh‹ζ,s’J»“y΄’¬‚R’–Ϊ,2019-02-11,07,‚»‚Μ‘Ό‚ΜZ‘ξi‚RK‚ΔΘ‰Ί‹¤“―Z‘ξ“™j,ƒiƒ“ƒo[ƒvƒ[ƒg
ή“,•”•i‚Λ‚η‚Ά,‹,”ª”¦‘Oπ”Τ,131041,“‹“s,Vh‹ζ,s’J“c’¬‚R’–Ϊ,2019-07-27,17,‚»‚Μ‘Ό,ƒiƒ“ƒo[ƒvƒ[ƒg
ή“,•”•i‚Λ‚η‚Ά,Vh,Vh‰wΌϋπ”Τ,131041,“‹“s,Vh‹ζ,ΌVh‚P’–Ϊ,2019-02-05,09,’“Τi—Φjκ,‚»‚Μ‘Ό
ή“,•”•i‚Λ‚η‚Ά,Vh,ΌVhO’–Ϊπ”Τ,131041,“‹“s,Vh‹ζ,ΌVh‚R’–Ϊ,2019-05-18,20,“ΉHγ,‚»‚Μ‘Ό
ή“,•”•i‚Λ‚η‚Ά,Vh,ΌVhO’–Ϊπ”Τ,131041,“‹“s,Vh‹ζ,ΌVh‚S’–Ϊ,2019-09-03,09,’“Τi—Φjκ,‚»‚Μ‘Ό
ή“,•”•i‚Λ‚η‚Ά,Vh,F–μ_Π‘Oπ”Τ,131041,“‹“s,Vh‹ζ,ΌVh‚S’–Ϊ,2019-09-26,01,‚SK‚ΔΘγ‹¤“―Z‘ξ,ƒiƒ“ƒo[ƒvƒ[ƒg
ή“,•”•i‚Λ‚η‚Ά,Vh,VhZ’–Ϊπ”Τ,131041,“‹“s,Vh‹ζ,Vh‚U’–Ϊ,2019-02-07,15,“ΉHγ,‚»‚Μ‘Ό
ή“,•”•i‚Λ‚η‚Ά,Vh,‰Μ•‘κ’¬π”Τ,131041,“‹“s,Vh‹ζ,‰Μ•‘κ’¬‚P’–Ϊ,2019-06-05,23,“ΉHγ,ƒiƒ“ƒo[ƒvƒ[ƒg
ή“,•”•i‚Λ‚η‚Ά,Vh,‰Μ•‘κ’¬π”Τ,131041,“‹“s,Vh‹ζ,‰Μ•‘κ’¬‚P’–Ϊ,2019-11-10,13,’“Τi—Φjκ,‚»‚Μ‘Ό
ή“,•”•i‚Λ‚η‚Ά,Vh,‰Μ•‘κ’¬π”Τ,131041,“‹“s,Vh‹ζ,‰Μ•‘κ’¬‚Q’–Ϊ,2019-10-22,13,’“Τi—Φjκ,ƒiƒ“ƒo[ƒvƒ[ƒg
ή“,•”•i‚Λ‚η‚Ά,Vh,Vh‰w“ϋπ”Τ,131041,“‹“s,Vh‹ζ,Vh‚R’–Ϊ,2019-10-30,10,’“Τi—Φjκ,‚»‚Μ‘Ό
ή“,•”•i‚Λ‚η‚Ά,Λ’Λ,Λ’Λκ’–Ϊπ”Τ,131041,“‹“s,Vh‹ζ,Λ’Λ’¬‚P’–Ϊ,2019-03-27,14,“ΉHγ,‚»‚Μ‘Ό
ή“,•”•i‚Λ‚η‚Ά,Λ’Λ,‚“c”nκ‰w‘Oπ”Τ,131041,“‹“s,Vh‹ζ,‚“c”nκ‚P’–Ϊ,2019-07-10,15,‚»‚Μ‘Ό‚ΜZ‘ξi‚RK‚ΔΘ‰Ί‹¤“―Z‘ξ“™j,‚»‚Μ‘Ό
ή“,•”•i‚Λ‚η‚Ά,Λ’Λ,‚“c”nκ‰w‘Oπ”Τ,131041,“‹“s,Vh‹ζ,‚“c”nκ‚Q’–Ϊ,2019-12-06,18,‚SK‚ΔΘγ‹¤“―Z‘ξ,ƒ^ƒCƒ„EƒzƒC[ƒ‹
ή“,•”•i‚Λ‚η‚Ά,Λ’Λ,‰Ί—‡‰w‘Oπ”Τ,131041,“‹“s,Vh‹ζ,γ—‡‚P’–Ϊ,2019-10-01,•s–Ύ,‚»‚Μ‘Ό‚ΜZ‘ξi‚RK‚ΔΘ‰Ί‹¤“―Z‘ξ“™j,‚»‚Μ‘Ό
ή“,•”•i‚Λ‚η‚Ά,Λ’Λ,‰Ί—‡‰w‘Oπ”Τ,131041,“‹“s,Vh‹ζ,‰Ί—‡‚P’–Ϊ,2019-08-29,18,“ΉHγ,‚»‚Μ‘Ό
ή“,•”•i‚Λ‚η‚Ά,Λ’Λ,Ό—‡π”Τ,131041,“‹“s,Vh‹ζ,’†—‡‚R’–Ϊ,2019-09-08,18,κΛZ‘ξ,‚»‚Μ‘Ό
ή“,•”•i‚Λ‚η‚Ά,Λ’Λ,Ό—‡π”Τ,131041,“‹“s,Vh‹ζ,Ό—‡‚P’–Ϊ,2019-01-31,16,’“Τi—Φjκ,ƒ^ƒCƒ„EƒzƒC[ƒ‹
ή“,•”•i‚Λ‚η‚Ά,Λ’Λ,Ό—‡π”Τ,131041,“‹“s,Vh‹ζ,Ό—‡‚R’–Ϊ,2019-01-31,18,’“Τi—Φjκ,ƒ^ƒCƒ„EƒzƒC[ƒ‹
ή“,•”•i‚Λ‚η‚Ά,Λ’Λ,Ό—‡π”Τ,131041,“‹“s,Vh‹ζ,Ό—‡‚R’–Ϊ,2019-02-01,23,‚»‚Μ‘Ό‚ΜZ‘ξi‚RK‚ΔΘ‰Ί‹¤“―Z‘ξ“™j,‚»‚Μ‘Ό
ή“,•”•i‚Λ‚η‚Ά,Λ’Λ,γ—‡π”Τ,131041,“‹“s,Vh‹ζ,γ—‡‚R’–Ϊ,2019-11-10,18,κΛZ‘ξ,ƒiƒ“ƒo[ƒvƒ[ƒg
ή“,•”•i‚Λ‚η‚Ά,Λ’Λ,γ—‡π”Τ,131041,“‹“s,Vh‹ζ,Ό—‡‚P’–Ϊ,2018-12-28,17,“ΉHγ,‚»‚Μ‘Ό
ή“,•”•i‚Λ‚η‚Ά,l’J,l’J©•π”Τ,131041,“‹“s,Vh‹ζ,l’Jβ’¬,2019-11-28,21,“ΉHγ,‚»‚Μ‘Ό
ή“,•”•i‚Λ‚η‚Ά,l’J,l’JO’–Ϊπ”Τ,131041,“‹“s,Vh‹ζ,l’J‚R’–Ϊ,2019-03-14,13,’“Τi—Φjκ,‚»‚Μ‘Ό
ή“,•”•i‚Λ‚η‚Ά,l’J,‘ε‹’¬π”Τ,131041,“‹“s,Vh‹ζ,‘ε‹’¬,2019-08-29,20,‚SK‚ΔΘγ‹¤“―Z‘ξ,‚»‚Μ‘Ό
ή“,•”•i‚Λ‚η‚Ά,l’J,δ‰‘‘ε’Κπ”Τ,131041,“‹“s,Vh‹ζ,Vh‚P’–Ϊ,2018-11-21,•s–Ύ,’“Τi—Φjκ,‚»‚Μ‘Ό
ή“,•”•i‚Λ‚η‚Ά,l’J,‰Τ‰€π”Τ,131041,“‹“s,Vh‹ζ,Vh‚T’–Ϊ,2019-02-08,23,’“Τi—Φjκ,‚»‚Μ‘Ό
ή“,•”•i‚Λ‚η‚Ά,’†–μ,’†–μβγπ”Τ,131148,“‹“s,’†–μ‹ζ,’†‰›‚P’–Ϊ,2019-11-02,12,“ΉHγ,‚»‚Μ‘Ό
ή“,•”•i‚Λ‚η‚Ά,’†–μ,“’†–μ‰w‘Oπ”Τ,131148,“‹“s,’†–μ‹ζ,“’†–μ‚S’–Ϊ,2019-05-03,01,κΛZ‘ξ,‚»‚Μ‘Ό
ή“,•”•i‚Λ‚η‚Ά,’†–μ,‘ξ“c’Κπ”Τ,131148,“‹“s,’†–μ‹ζ,’†–μ‚T’–Ϊ,2019-08-18,16,‚»‚Μ‘Ό‚ΜZ‘ξi‚RK‚ΔΘ‰Ί‹¤“―Z‘ξ“™j,‚»‚Μ‘Ό
ή“,•”•i‚Λ‚η‚Ά,’†–μ,’†–μ‰w‘Oπ”Τ,131148,“‹“s,’†–μ‹ζ,’†‰›‚R’–Ϊ,2019-06-22,19,’“Τi—Φjκ,‚»‚Μ‘Ό
ή“,•”•i‚Λ‚η‚Ά,’†–μ,’†–μ‰w‘Oπ”Τ,131148,“‹“s,’†–μ‹ζ,’†–μ‚S’–Ϊ,2019-07-03,08,’“Τi—Φjκ,‚»‚Μ‘Ό
ή“,•”•i‚Λ‚η‚Ά,’†–μ,–{‹½’Κπ”Τ,131148,“‹“s,’†–μ‹ζ,–{’¬‚T’–Ϊ,2019-07-15,19,’“Τi—Φjκ,ƒiƒ“ƒo[ƒvƒ[ƒg
ή“,•”•i‚Λ‚η‚Ά,’†–μ,–{‹½’Κπ”Τ,131148,“‹“s,’†–μ‹ζ,–{’¬‚T’–Ϊ,2019-11-01,22,“ΉHγ,ƒ^ƒCƒ„EƒzƒC[ƒ‹
ή“,•”•i‚Λ‚η‚Ά,’†–μ,–{‹½’Κπ”Τ,131148,“‹“s,’†–μ‹ζ,–{’¬‚T’–Ϊ,2019-12-20,18,‚SK‚ΔΘγ‹¤“―Z‘ξ,‚»‚Μ‘Ό
ή“,•”•i‚Λ‚η‚Ά,’†–μ,–{‹½’Κπ”Τ,131148,“‹“s,’†–μ‹ζ,–ν¶’¬‚P’–Ϊ,2019-03-22,23,κΛZ‘ξ,‚»‚Μ‘Ό
ή“,•”•i‚Λ‚η‚Ά,’†–μ,–{‹½’Κπ”Τ,131148,“‹“s,’†–μ‹ζ,–ν¶’¬‚P’–Ϊ,2019-04-15,12,‚SK‚ΔΘγ‹¤“―Z‘ξ,ƒiƒ“ƒo[ƒvƒ[ƒg
ή“,•”•i‚Λ‚η‚Ά,’†–μ,–{‹½’Κπ”Τ,131148,“‹“s,’†–μ‹ζ,–ν¶’¬‚Q’–Ϊ,2019-12-02,18,’“Τi—Φjκ,‚»‚Μ‘Ό
ή“,•”•i‚Λ‚η‚Ά,’†–μ,–{‹½’Κπ”Τ,131148,“‹“s,’†–μ‹ζ,–ν¶’¬‚R’–Ϊ,2019-05-23,17,’“Τi—Φjκ,ƒiƒ“ƒo[ƒvƒ[ƒg
ή“,•”•i‚Λ‚η‚Ά,’†–μ,“η‰®‰΅’π”Τ,131148,“‹“s,’†–μ‹ζ,’†‰›‚R’–Ϊ,2019-09-14,02,‚SK‚ΔΘγ‹¤“―Z‘ξ,‚»‚Μ‘Ό
ή“,•”•i‚Λ‚η‚Ά,’†–μ,“η‰®‰΅’π”Τ,131148,“‹“s,’†–μ‹ζ,–{’¬‚R’–Ϊ,2019-03-17,11,‚SK‚ΔΘγ‹¤“―Z‘ξ,‚»‚Μ‘Ό
ή“,•”•i‚Λ‚η‚Ά,’†–μ,“η‰®‰΅’π”Τ,131148,“‹“s,’†–μ‹ζ,–{’¬‚S’–Ϊ,2019-09-28,20,‚»‚Μ‘Ό‚ΜZ‘ξi‚RK‚ΔΘ‰Ί‹¤“―Z‘ξ“™j,‚»‚Μ‘Ό
ή“,•”•i‚Λ‚η‚Ά,’†–μ,“η‰®‰΅’π”Τ,131148,“‹“s,’†–μ‹ζ,–{’¬‚T’–Ϊ,2019-12-12,19,“ΉHγ,‚»‚Μ‘Ό
ή“,•”•i‚Λ‚η‚Ά,’†–μ,“μ‘δπ”Τ,131148,“‹“s,’†–μ‹ζ,“μ‘δ‚P’–Ϊ,2019-06-22,21,‚SK‚ΔΘγ‹¤“―Z‘ξ,‚»‚Μ‘Ό
ή“,•”•i‚Λ‚η‚Ά,’†–μ,“μ‘δπ”Τ,131148,“‹“s,’†–μ‹ζ,“μ‘δ‚R’–Ϊ,2019-04-04,18,‚SK‚ΔΘγ‹¤“―Z‘ξ,‚»‚Μ‘Ό
ή“,•”•i‚Λ‚η‚Ά,’†–μ,“μ‘δπ”Τ,131148,“‹“s,’†–μ‹ζ,“μ‘δ‚R’–Ϊ,2019-07-11,21,‚SK‚ΔΘγ‹¤“―Z‘ξ,‚»‚Μ‘Ό
ή“,•”•i‚Λ‚η‚Ά,’†–μ,“μ‘δπ”Τ,131148,“‹“s,’†–μ‹ζ,“μ‘δ‚T’–Ϊ,2019-04-27,12,’“Τi—Φjκ,‚»‚Μ‘Ό
ή“,•”•i‚Λ‚η‚Ά,’†–μ,’†‰›ά’–Ϊπ”Τ,131148,“‹“s,’†–μ‹ζ,–{’¬‚S’–Ϊ,2019-04-19,00,’“Τi—Φjκ,ƒiƒ“ƒo[ƒvƒ[ƒg
ή“,•”•i‚Λ‚η‚Ά,–μ•ϋ,]Γ“cl’–Ϊπ”Τ,131148,“‹“s,’†–μ‹ζ,]Γ“c‚R’–Ϊ,2019-12-26,10,’“Τi—Φjκ,‚»‚Μ‘Ό
ή“,•”•i‚Λ‚η‚Ά,–μ•ϋ,]Γ“cl’–Ϊπ”Τ,131148,“‹“s,’†–μ‹ζ,]Γ“c‚S’–Ϊ,2019-07-13,18,κΛZ‘ξ,ƒiƒ“ƒo[ƒvƒ[ƒg
ή“,•”•i‚Λ‚η‚Ά,–μ•ϋ,]Γ“cl’–Ϊπ”Τ,131148,“‹“s,’†–μ‹ζ,Ό‚ª‹u‚Q’–Ϊ,2019-02-24,15,‚»‚Μ‘Ό‚ΜZ‘ξi‚RK‚ΔΘ‰Ί‹¤“―Z‘ξ“™j,‚»‚Μ‘Ό
ή“,•”•i‚Λ‚η‚Ά,–μ•ϋ,ΐ‘άπ”Τ,131148,“‹“s,’†–μ‹ζ,ΐ‘ά‚P’–Ϊ,2019-04-19,15,‚»‚Μ‘Ό‚ΜZ‘ξi‚RK‚ΔΘ‰Ί‹¤“―Z‘ξ“™j,‚»‚Μ‘Ό
ή“,•”•i‚Λ‚η‚Ά,–μ•ϋ,α‹{π”Τ,131148,“‹“s,’†–μ‹ζ,‘εa’¬‚R’–Ϊ,2019-03-19,20,‚SK‚ΔΘγ‹¤“―Z‘ξ,ƒiƒ“ƒo[ƒvƒ[ƒg
ή“,•”•i‚Λ‚η‚Ά,–μ•ϋ,α‹{π”Τ,131148,“‹“s,’†–μ‹ζ,α‹{‚Q’–Ϊ,2019-01-21,12,‚»‚Μ‘Ό‚ΜZ‘ξi‚RK‚ΔΘ‰Ί‹¤“―Z‘ξ“™j,‚»‚Μ‘Ό
ή“,•”•i‚Λ‚η‚Ά,–μ•ϋ,–μ•ϋκ’–Ϊπ”Τ,131148,“‹“s,’†–μ‹ζ,–μ•ϋ‚Q’–Ϊ,2019-03-22,21,‚»‚Μ‘Ό‚ΜZ‘ξi‚RK‚ΔΘ‰Ί‹¤“―Z‘ξ“™j,‚»‚Μ‘Ό
ή“,•”•i‚Λ‚η‚Ά,–μ•ϋ,”’λ’“έ,131148,“‹“s,’†–μ‹ζ,”’λ‚Q’–Ϊ,2019-10-07,01,‚SK‚ΔΘγ‹¤“―Z‘ξ,‚»‚Μ‘Ό
ή“,•”•i‚Λ‚η‚Ά,–μ•ϋ,λ‹{Z’–Ϊπ”Τ,131148,“‹“s,’†–μ‹ζ,γλ‹{‚T’–Ϊ,2019-07-13,22,’“Τi—Φjκ,ƒiƒ“ƒo[ƒvƒ[ƒg
ή“,•”•i‚Λ‚η‚Ά,–μ•ϋ,γλ‹{’“έ,131148,“‹“s,’†–μ‹ζ,γλ‹{‚S’–Ϊ,2019-08-08,18,‚SK‚ΔΘγ‹¤“―Z‘ξ,ƒiƒ“ƒo[ƒvƒ[ƒg
ή“,•”•i‚Λ‚η‚Ά,™•ΐ,a“c–{’¬π”Τ,131156,“‹“s,™•ΐ‹ζ,a“c‚P’–Ϊ,2019-09-01,10,κΛZ‘ξ,‚»‚Μ‘Ό
ή“,•”•i‚Λ‚η‚Ά,™•ΐ,a“c–{’¬π”Τ,131156,“‹“s,™•ΐ‹ζ,a“c‚Q’–Ϊ,2019-05-29,18,κΛZ‘ξ,ƒiƒ“ƒo[ƒvƒ[ƒg
ή“,•”•i‚Λ‚η‚Ά,™•ΐ,‚‰~›π”Τ,131156,“‹“s,™•ΐ‹ζ,‚‰~›“μ‚P’–Ϊ,2019-01-22,00,‚SK‚ΔΘγ‹¤“―Z‘ξ,‚»‚Μ‘Ό
ή“,•”•i‚Λ‚η‚Ά,™•ΐ,‚‰~›“μl’–Ϊπ”Τ,131156,“‹“s,™•ΐ‹ζ,‚‰~›“μ‚S’–Ϊ,2019-02-14,10,‚»‚Μ‘Ό‚ΜZ‘ξi‚RK‚ΔΘ‰Ί‹¤“―Z‘ξ“™j,‚»‚Μ‘Ό
ή“,•”•i‚Λ‚η‚Ά,™•ΐ,‚‰~›“μl’–Ϊπ”Τ,131156,“‹“s,™•ΐ‹ζ,‚‰~›“μ‚S’–Ϊ,2019-04-18,01,‚»‚Μ‘Ό‚ΜZ‘ξi‚RK‚ΔΘ‰Ί‹¤“―Z‘ξ“™j,ƒiƒ“ƒo[ƒvƒ[ƒg
ή“,•”•i‚Λ‚η‚Ά,™•ΐ,‚‰~›‰w‘Oπ”Τ,131156,“‹“s,™•ΐ‹ζ,‚‰~›–k‚R’–Ϊ,2019-10-25,19,‚»‚Μ‘Ό‚ΜZ‘ξi‚RK‚ΔΘ‰Ί‹¤“―Z‘ξ“™j,‚»‚Μ‘Ό
ή“,•”•i‚Λ‚η‚Ά,™•ΐ,Ά²’J‰w‘Oπ”Τ,131156,“‹“s,™•ΐ‹ζ,Ά²’J–k‚P’–Ϊ,2019-05-27,15,‚»‚Μ‘Ό‚ΜZ‘ξi‚RK‚ΔΘ‰Ί‹¤“―Z‘ξ“™j,ƒ^ƒCƒ„EƒzƒC[ƒ‹
ή“,•”•i‚Λ‚η‚Ά,™•ΐ,Ά²’J‰w‘Oπ”Τ,131156,“‹“s,™•ΐ‹ζ,Ά²’J–k‚P’–Ϊ,2019-06-21,17,“ΉHγ,‚»‚Μ‘Ό
ή“,•”•i‚Λ‚η‚Ά,™•ΐ,Ά²’J‰w‘Oπ”Τ,131156,“‹“s,™•ΐ‹ζ,Ά²’J–k‚P’–Ϊ,2019-07-23,01,‚»‚Μ‘Ό‚ΜZ‘ξi‚RK‚ΔΘ‰Ί‹¤“―Z‘ξ“™j,ƒ^ƒCƒ„EƒzƒC[ƒ‹
ή“,•”•i‚Λ‚η‚Ά,™•ΐ,Ά²’J‰w‘Oπ”Τ,131156,“‹“s,™•ΐ‹ζ,Ά²’J–k‚P’–Ϊ,2019-10-24,01,‚SK‚ΔΘγ‹¤“―Z‘ξ,‚»‚Μ‘Ό
ή“,•”•i‚Λ‚η‚Ά,™•ΐ,Ά²’J‰w‘Oπ”Τ,131156,“‹“s,™•ΐ‹ζ,Ά²’J–k‚Q’–Ϊ,2019-05-26,22,’“Τi—Φjκ,ƒiƒ“ƒo[ƒvƒ[ƒg
ή“,•”•i‚Λ‚η‚Ά,™•ΐ,Ά²’J‰w‘Oπ”Τ,131156,“‹“s,™•ΐ‹ζ,Ά²’J–k‚Q’–Ϊ,2019-05-27,21,’“Τi—Φjκ,ƒiƒ“ƒo[ƒvƒ[ƒg
ή“,•”•i‚Λ‚η‚Ά,™•ΐ,Ά²’J‰w‘Oπ”Τ,131156,“‹“s,™•ΐ‹ζ,Ά²’J“μ‚Q’–Ϊ,2019-06-22,07,“ΉHγ,ƒ^ƒCƒ„EƒzƒC[ƒ‹
ή“,•”•i‚Λ‚η‚Ά,™•ΐ,Ά²’J‰w‘Oπ”Τ,131156,“‹“s,™•ΐ‹ζ,Ά²’J“μ‚R’–Ϊ,2019-05-19,18,“ΉHγ,ƒiƒ“ƒo[ƒvƒ[ƒg
ή“,•”•i‚Λ‚η‚Ά,™•ΐ,¬“cπ”Τ,131156,“‹“s,™•ΐ‹ζ,¬“c“‚R’–Ϊ,2019-03-21,15,’“Τi—Φjκ,‚»‚Μ‘Ό
ή“,•”•i‚Λ‚η‚Ά,‚δΛ,ς“μπ”Τ,131156,“‹“s,™•ΐ‹ζ,aς‚P’–Ϊ,2018-07-01,•s–Ύ,“ΉHγ,ƒiƒ“ƒo[ƒvƒ[ƒg
ή“,•”•i‚Λ‚η‚Ά,‚δΛ,ς“μπ”Τ,131156,“‹“s,™•ΐ‹ζ,•ϋ“μ‚P’–Ϊ,2019-01-07,11,’“Τi—Φjκ,ƒiƒ“ƒo[ƒvƒ[ƒg
ή“,•”•i‚Λ‚η‚Ά,‚δΛ,ς“μπ”Τ,131156,“‹“s,™•ΐ‹ζ,•ϋ“μ‚P’–Ϊ,2019-09-28,10,“ΉHγ,‚»‚Μ‘Ό
ή“,•”•i‚Λ‚η‚Ά,‚δΛ,ς“μπ”Τ,131156,“‹“s,™•ΐ‹ζ,•ϋ“μ‚P’–Ϊ,2019-10-18,20,κΛZ‘ξ,‚»‚Μ‘Ό
ή“,•”•i‚Λ‚η‚Ά,‚δΛ,‰i•’¬‰w‘Oπ”Τ,131156,“‹“s,™•ΐ‹ζ,aς‚R’–Ϊ,2019-03-22,13,‚»‚Μ‘Ό‚ΜZ‘ξi‚RK‚ΔΘ‰Ί‹¤“―Z‘ξ“™j,ƒ^ƒCƒ„EƒzƒC[ƒ‹
ή“,•”•i‚Λ‚η‚Ά,‚δΛ,‰i•’¬‰w‘Oπ”Τ,131156,“‹“s,™•ΐ‹ζ,aς‚R’–Ϊ,2019-07-21,12,’“Τi—Φjκ,ƒiƒ“ƒo[ƒvƒ[ƒg
ή“,•”•i‚Λ‚η‚Ά,‚δΛ,‰i•’¬‰w‘Oπ”Τ,131156,“‹“s,™•ΐ‹ζ,aς‚R’–Ϊ,2019-07-22,20,‚»‚Μ‘Ό‚ΜZ‘ξi‚RK‚ΔΘ‰Ί‹¤“―Z‘ξ“™j,ƒiƒ“ƒo[ƒvƒ[ƒg
ή“,•”•i‚Λ‚η‚Ά,‚δΛ,‰i•’¬‰w‘Oπ”Τ,131156,“‹“s,™•ΐ‹ζ,‰i•‚P’–Ϊ,2019-07-20,14,’“Τi—Φjκ,‚»‚Μ‘Ό
ή“,•”•i‚Λ‚η‚Ά,‚δΛ,•ϋ“μπ”Τ,131156,“‹“s,™•ΐ‹ζ,–xƒm“ΰ‚P’–Ϊ,2019-04-18,15,“ΉHγ,‚»‚Μ‘Ό
ή“,•”•i‚Λ‚η‚Ά,‚δΛ,Ό‰¬“μπ”Τ,131156,“‹“s,™•ΐ‹ζ,‹{‘O‚Q’–Ϊ,2019-02-02,19,’“Τi—Φjκ,ƒ^ƒCƒ„EƒzƒC[ƒ‹
ή“,•”•i‚Λ‚η‚Ά,‚δΛ,Ό‰¬“μπ”Τ,131156,“‹“s,™•ΐ‹ζ,‹{‘O‚Q’–Ϊ,2019-07-22,15,’“Τi—Φjκ,ƒiƒ“ƒo[ƒvƒ[ƒg
ή“,•”•i‚Λ‚η‚Ά,‚δΛ,‹v‰δRπ”Τ,131156,“‹“s,™•ΐ‹ζ,‹v‰δR‚R’–Ϊ,2019-05-07,18,‚»‚Μ‘Ό‚ΜZ‘ξi‚RK‚ΔΘ‰Ί‹¤“―Z‘ξ“™j,‚»‚Μ‘Ό
ή“,•”•i‚Λ‚η‚Ά,‚δΛ,‹v‰δRπ”Τ,131156,“‹“s,™•ΐ‹ζ,‹v‰δR‚R’–Ϊ,2019-08-20,20,’“Τi—Φjκ,‚»‚Μ‘Ό
ή“,•”•i‚Λ‚η‚Ά,‚δΛ,γ‚δΛπ”Τ,131156,“‹“s,™•ΐ‹ζ,γ‚δΛ‚P’–Ϊ,2019-10-03,08,’“Τi—Φjκ,‚»‚Μ‘Ό
ή“,•”•i‚Λ‚η‚Ά,‚δΛ,‘ε‹{”ª”¦’“έ,131156,“‹“s,™•ΐ‹ζ,‘ε‹{‚P’–Ϊ,2019-10-15,18,’“Τi—Φjκ,‚»‚Μ‘Ό
ή“,•”•i‚Λ‚η‚Ά,‰¬E,‘P•›π”Τ,131156,“‹“s,™•ΐ‹ζ,΅μ‚S’–Ϊ,2019-04-27,12,‚»‚Μ‘Ό,‚»‚Μ‘Ό
ή“,•”•i‚Λ‚η‚Ά,‰¬E,‘P•›π”Τ,131156,“‹“s,™•ΐ‹ζ,‘P•›‚S’–Ϊ,2018-12-01,•s–Ύ,’“Τi—Φjκ,ƒiƒ“ƒo[ƒvƒ[ƒg
ή“,•”•i‚Λ‚η‚Ά,‰¬E,‰¬Eά’–Ϊπ”Τ,131156,“‹“s,™•ΐ‹ζ,“μ‰¬E‚S’–Ϊ,2019-01-13,13,κΛZ‘ξ,‚»‚Μ‘Ό
ή“,•”•i‚Λ‚η‚Ά,‰¬E,‰¬Eά’–Ϊπ”Τ,131156,“‹“s,™•ΐ‹ζ,“μ‰¬E‚S’–Ϊ,2019-01-20,16,‚»‚Μ‘Ό‚ΜZ‘ξi‚RK‚ΔΘ‰Ί‹¤“―Z‘ξ“™j,‚»‚Μ‘Ό
ή“,•”•i‚Λ‚η‚Ά,‰¬E,‰¬E‰w“μϋπ”Τ,131156,“‹“s,™•ΐ‹ζ,‰¬E‚S’–Ϊ,2019-05-24,13,’“Τi—Φjκ,‚»‚Μ‘Ό
ή“,•”•i‚Λ‚η‚Ά,‰¬E,‰¬E‰w“μϋπ”Τ,131156,“‹“s,™•ΐ‹ζ,‰¬E‚T’–Ϊ,2019-09-11,09,’“Τi—Φjκ,‚»‚Μ‘Ό
ή“,•”•i‚Λ‚η‚Ά,‰¬E,‰¬E‰w–kϋπ”Τ,131156,“‹“s,™•ΐ‹ζ,γ‰¬‚Q’–Ϊ,2018-12-30,17,’“Τi—Φjκ,ƒiƒ“ƒo[ƒvƒ[ƒg
ή“,•”•i‚Λ‚η‚Ά,‰¬E,γδ‘‰w‘Oπ”Τ,131156,“‹“s,™•ΐ‹ζ,γ‰¬‚R’–Ϊ,2019-11-17,03,‚»‚Μ‘Ό‚ΜZ‘ξi‚RK‚ΔΘ‰Ί‹¤“―Z‘ξ“™j,ƒiƒ“ƒo[ƒvƒ[ƒg
ή“,•”•i‚Λ‚η‚Ά,‰¬E,δ‰¬‰w‘Oπ”Τ,131156,“‹“s,™•ΐ‹ζ,δ‘‚S’–Ϊ,2019-06-18,09,’“Τi—Φjκ,‚»‚Μ‘Ό
ή“,•”•i‚Λ‚η‚Ά,‰¬E,΅μπ”Τ,131156,“‹“s,™•ΐ‹ζ,΅μ‚Q’–Ϊ,2018-10-21,•s–Ύ,‚»‚Μ‘Ό,ƒiƒ“ƒo[ƒvƒ[ƒg
ή“,•”•i‚Λ‚η‚Ά,‰¬E,΅μπ”Τ,131156,“‹“s,™•ΐ‹ζ,΅μ‚Q’–Ϊ,2019-05-09,19,κΛZ‘ξ,ƒiƒ“ƒo[ƒvƒ[ƒg
ή“,•”•i‚Λ‚η‚Ά,•xβ,t“ϊπ”Τ,131059,“‹“s,•¶‹‹ζ,t“ϊ‚P’–Ϊ,2019-07-18,08,“ΉHγ,‚»‚Μ‘Ό
ή“,•”•i‚Λ‚η‚Ά,•xβ,¬Ξμδ“a’¬π”Τ,131059,“‹“s,•¶‹‹ζ,ηΞ‚R’–Ϊ,2019-01-31,17,’“Τi—Φjκ,ƒiƒ“ƒo[ƒvƒ[ƒg
ή“,•”•i‚Λ‚η‚Ά,•xβ,¬Ξμδ“a’¬π”Τ,131059,“‹“s,•¶‹‹ζ,ηΞ‚S’–Ϊ,2019-05-10,08,’“Τi—Φjκ,ƒiƒ“ƒo[ƒvƒ[ƒg
ή“,•”•i‚Λ‚η‚Ά,‘ε’Λ,δª‰Χ’J‰w‘Oπ”Τ,131059,“‹“s,•¶‹‹ζ,‘ε’Λ‚R’–Ϊ,2019-10-19,16,‚SK‚ΔΘγ‹¤“―Z‘ξ,‚»‚Μ‘Ό
ή“,•”•i‚Λ‚η‚Ά,‘ε’Λ,μ‘›‘Oπ”Τ,131059,“‹“s,•¶‹‹ζ,‘ε’Λ‚T’–Ϊ,2019-06-21,19,’“Τi—Φjκ,ƒ^ƒCƒ„EƒzƒC[ƒ‹
ή“,•”•i‚Λ‚η‚Ά,–{•xm,–{‹½π”Τ,131059,“‹“s,•¶‹‹ζ,–{‹½‚V’–Ϊ,2019-05-10,11,‚»‚Μ‘Ό,ƒiƒ“ƒo[ƒvƒ[ƒg
ή“,•”•i‚Λ‚η‚Ά,‹ξ,γ•xm‘Oπ”Τ,131059,“‹“s,•¶‹‹ζ,–{‹ξ‚T’–Ϊ,2019-11-15,18,‚SK‚ΔΘγ‹¤“―Z‘ξ,‚»‚Μ‘Ό
ή“,•”•i‚Λ‚η‚Ά,‘ƒ›,,,,,,2019-09-11,•s–Ύ,‚»‚Μ‘Ό,ƒiƒ“ƒo[ƒvƒ[ƒg
ή“,•”•i‚Λ‚η‚Ά,‘ƒ›,‹ξ‰w‘Oπ”Τ,131164,“‹“s,–L“‡‹ζ,‹ξ‚P’–Ϊ,2019-08-12,17,‚SK‚ΔΘγ‹¤“―Z‘ξ,‚»‚Μ‘Ό
ή“,•”•i‚Λ‚η‚Ά,‘ƒ›,M\’Λπ”Τ,131164,“‹“s,–L“‡‹ζ,Ό‘ƒ›‚Q’–Ϊ,2019-12-08,05,’“Τi—Φjκ,ƒiƒ“ƒo[ƒvƒ[ƒg
ή“,•”•i‚Λ‚η‚Ά,‘ƒ›,M\’Λπ”Τ,131164,“‹“s,–L“‡‹ζ,Ό‘ƒ›‚S’–Ϊ,2019-05-05,13,‚»‚Μ‘Ό,ƒiƒ“ƒo[ƒvƒ[ƒg
ή“,•”•i‚Λ‚η‚Ά,‘ƒ›,‘ε’Λ‰w‘Oπ”Τ,131164,“‹“s,–L“‡‹ζ,–k‘ε’Λ‚R’–Ϊ,2019-01-07,15,‚»‚Μ‘Ό,ƒiƒ“ƒo[ƒvƒ[ƒg
ή“,•”•i‚Λ‚η‚Ά,‘ƒ›,ƒTƒ“ƒVƒƒƒCƒ“‘Oπ”Τ,131164,“‹“s,–L“‡‹ζ,“’r‘ά‚T’–Ϊ,2019-10-21,17,‚»‚Μ‘Ό‚ΜZ‘ξi‚RK‚ΔΘ‰Ί‹¤“―Z‘ξ“™j,ƒiƒ“ƒo[ƒvƒ[ƒg
ή“,•”•i‚Λ‚η‚Ά,‘ƒ›,ƒTƒ“ƒVƒƒƒCƒ“‘Oπ”Τ,131164,“‹“s,–L“‡‹ζ,“’r‘ά‚T’–Ϊ,2019-12-07,20,κΛZ‘ξ,‚»‚Μ‘Ό
ή“,•”•i‚Λ‚η‚Ά,’r‘ά,’r‘ά‰w“ϋπ”Τ,131164,“‹“s,–L“‡‹ζ,“’r‘ά‚P’–Ϊ,2019-02-14,12,’“Τi—Φjκ,‚»‚Μ‘Ό
ή“,•”•i‚Λ‚η‚Ά,’r‘ά,’r‘ά‰wΌϋπ”Τ,131164,“‹“s,–L“‡‹ζ,Ό’r‘ά‚P’–Ϊ,2019-03-28,18,’“Τi—Φjκ,‚»‚Μ‘Ό
ή“,•”•i‚Λ‚η‚Ά,’r‘ά,μ‰z’Κπ”Τ,131164,“‹“s,–L“‡‹ζ,’r‘ά‚S’–Ϊ,2019-03-08,06,‚SK‚ΔΘγ‹¤“―Z‘ξ,ƒiƒ“ƒo[ƒvƒ[ƒg
ή“,•”•i‚Λ‚η‚Ά,–Ϊ”’,“μ’r‘άπ”Τ,131164,“‹“s,–L“‡‹ζ,“μ’r‘ά‚P’–Ϊ,2019-09-07,09,‚»‚Μ‘Ό,ƒiƒ“ƒo[ƒvƒ[ƒg
ή“,•”•i‚Λ‚η‚Ά,–Ϊ”’,’Ε–Ό’¬‰w‘Oπ”Τ,131164,“‹“s,–L“‡‹ζ,’·θ‚P’–Ϊ,2019-04-05,01,“ΉHγ,ƒiƒ“ƒo[ƒvƒ[ƒg
ή“,•”•i‚Λ‚η‚Ά,–Ϊ”’,’Ε–Ό’¬‰w‘Oπ”Τ,131164,“‹“s,–L“‡‹ζ,’·θ‚Q’–Ϊ,2019-02-12,20,‚»‚Μ‘Ό‚ΜZ‘ξi‚RK‚ΔΘ‰Ί‹¤“―Z‘ξ“™j,ƒiƒ“ƒo[ƒvƒ[ƒg
ή“,•”•i‚Λ‚η‚Ά,–Ϊ”’,’Ε–Ό’¬‰w‘Oπ”Τ,131164,“‹“s,–L“‡‹ζ,Ό’r‘ά‚S’–Ϊ,2019-07-03,18,‚»‚Μ‘Ό‚ΜZ‘ξi‚RK‚ΔΘ‰Ί‹¤“―Z‘ξ“™j,‚»‚Μ‘Ό
ή“,•”•i‚Λ‚η‚Ά,–Ϊ”’,“μ’·θπ”Τ,131164,“‹“s,–L“‡‹ζ,“μ’·θ‚R’–Ϊ,2019-01-11,01,‚»‚Μ‘Ό,‚»‚Μ‘Ό
ή“,•”•i‚Λ‚η‚Ά,–Ϊ”’,“μ’·θπ”Τ,131164,“‹“s,–L“‡‹ζ,“μ’·θ‚R’–Ϊ,2019-02-17,08,κΛZ‘ξ,‚»‚Μ‘Ό
ή“,•”•i‚Λ‚η‚Ά,–Ϊ”’,“’·θ‰w‘Oπ”Τ,131164,“‹“s,–L“‡‹ζ,“μ’·θ‚U’–Ϊ,2019-05-09,18,κΛZ‘ξ,‚»‚Μ‘Ό
ή“,•”•i‚Λ‚η‚Ά,–Ϊ”’,ημπ”Τ,131164,“‹“s,–L“‡‹ζ,—v’¬‚R’–Ϊ,2019-06-27,12,‚SK‚ΔΘγ‹¤“―Z‘ξ,‚»‚Μ‘Ό
ή“,•”•i‚Λ‚η‚Ά,–Ϊ”’,ημπ”Τ,131164,“‹“s,–L“‡‹ζ,η‘‚Q’–Ϊ,2019-06-02,18,κΛZ‘ξ,‚»‚Μ‘Ό
ή“,•”•i‚Λ‚η‚Ά,–Ϊ”’,η“oΆ‹΄π”Τ,131164,“‹“s,–L“‡‹ζ,Gi‚ª’J‚R’–Ϊ,2019-09-20,22,’“Τi—Φjκ,ƒiƒ“ƒo[ƒvƒ[ƒg
ή“,•”•i‚Λ‚η‚Ά,–Ϊ”’,η“oΆ‹΄π”Τ,131164,“‹“s,–L“‡‹ζ,‚“c‚Q’–Ϊ,2019-08-21,16,‚»‚Μ‘Ό‚ΜZ‘ξi‚RK‚ΔΘ‰Ί‹¤“―Z‘ξ“™j,‚»‚Μ‘Ό
ή“,•”•i‚Λ‚η‚Ά,‘κ–μμ,”Β‹΄‰w“ϋπ”Τ,131172,“‹“s,–k‹ζ,‘κ–μμ‚R’–Ϊ,2019-08-09,14,’“Τi—Φjκ,ƒ^ƒCƒ„EƒzƒC[ƒ‹
ή“,•”•i‚Λ‚η‚Ά,‘κ–μμ,”Β‹΄‰w“ϋπ”Τ,131172,“‹“s,–k‹ζ,‘κ–μμ‚T’–Ϊ,2019-09-08,23,“ΉHγ,‚Θ‚µ
ή“,•”•i‚Λ‚η‚Ά,‘κ–μμ,”ς’ΉRπ”Τ,131172,“‹“s,–k‹ζ,ΌƒP΄‚Q’–Ϊ,2019-02-13,15,’“Τi—Φjκ,‚»‚Μ‘Ό
ή“,•”•i‚Λ‚η‚Ά,‘κ–μμ,ΌƒP΄π”Τ,131172,“‹“s,–k‹ζ,ΌƒP΄‚P’–Ϊ,2019-06-20,15,“ΉHγ,‚»‚Μ‘Ό
ή“,•”•i‚Λ‚η‚Ά,‘κ–μμ,““c’[π”Τ,131172,“‹“s,–k‹ζ,““c’[‚P’–Ϊ,2018-12-29,16,’“Τi—Φjκ,‚»‚Μ‘Ό
ή“,•”•i‚Λ‚η‚Ά,‘κ–μμ,““c’[π”Τ,131172,“‹“s,–k‹ζ,““c’[‚P’–Ϊ,2019-04-25,08,’“Τi—Φjκ,‚»‚Μ‘Ό
ή“,•”•i‚Λ‚η‚Ά,‘κ–μμ,““c’[π”Τ,131172,“‹“s,–k‹ζ,““c’[‚Q’–Ϊ,2019-02-24,17,‚»‚Μ‘Ό‚ΜZ‘ξi‚RK‚ΔΘ‰Ί‹¤“―Z‘ξ“™j,‚»‚Μ‘Ό
ή“,•”•i‚Λ‚η‚Ά,‰¤q,‰¤q‰w‘Oπ”Τ,131172,“‹“s,–k‹ζ,‰¤q‚P’–Ϊ,2019-05-27,17,’“Τi—Φjκ,‚»‚Μ‘Ό
ή“,•”•i‚Λ‚η‚Ά,‰¤q,‰¤q‰w‘Oπ”Τ,131172,“‹“s,–k‹ζ,‰¤q‚P’–Ϊ,2019-09-29,00,“ΉHγ,‚»‚Μ‘Ό
ή“,•”•i‚Λ‚η‚Ά,‰¤q,‰¤q‰w‘Oπ”Τ,131172,“‹“s,–k‹ζ,–x‘D‚P’–Ϊ,2019-11-09,23,‚SK‚ΔΘγ‹¤“―Z‘ξ,ƒ^ƒCƒ„EƒzƒC[ƒ‹
ή“,•”•i‚Λ‚η‚Ά,‰¤q,‰¤q‰w‘Oπ”Τ,131172,“‹“s,–k‹ζ,–x‘D‚R’–Ϊ,2019-10-14,19,’“Τi—Φjκ,‚»‚Μ‘Ό
ή“,•”•i‚Λ‚η‚Ά,‰¤q,–L“‡ά’–Ϊ’“έ,131172,“‹“s,–k‹ζ,‰¤q‚T’–Ϊ,2019-02-04,16,‚SK‚ΔΘγ‹¤“―Z‘ξ,‚»‚Μ‘Ό
ή“,•”•i‚Λ‚η‚Ά,‰¤q,–L“‡ά’–Ϊ’“έ,131172,“‹“s,–k‹ζ,–L“‡‚T’–Ϊ,2019-09-14,19,‚SK‚ΔΘγ‹¤“―Z‘ξ,‚»‚Μ‘Ό
ή“,•”•i‚Λ‚η‚Ά,‰¤q,‰¤qά’–Ϊπ”Τ,131172,“‹“s,–k‹ζ,‰¤q‚T’–Ϊ,2019-02-09,18,‚SK‚ΔΘγ‹¤“―Z‘ξ,‚»‚Μ‘Ό
ή“,•”•i‚Λ‚η‚Ά,‰¤q,‰¤qά’–Ϊπ”Τ,131172,“‹“s,–k‹ζ,‰¤q‚T’–Ϊ,2019-05-20,11,‚»‚Μ‘Ό,‚»‚Μ‘Ό
ή“,•”•i‚Λ‚η‚Ά,‰¤q,‰¤qά’–Ϊπ”Τ,131172,“‹“s,–k‹ζ,–L“‡‚T’–Ϊ,2019-08-16,16,‚SK‚ΔΘγ‹¤“―Z‘ξ,‚»‚Μ‘Ό
ή“,•”•i‚Λ‚η‚Ά,‰¤q,‰¤qά’–Ϊπ”Τ,131172,“‹“s,–k‹ζ,–L“‡‚T’–Ϊ,2019-08-19,16,‚SK‚ΔΘγ‹¤“―Z‘ξ,‚»‚Μ‘Ό
ή“,•”•i‚Λ‚η‚Ά,‰¤q,‰¤qά’–Ϊπ”Τ,131172,“‹“s,–k‹ζ,–L“‡‚T’–Ϊ,2019-09-01,00,‚SK‚ΔΘγ‹¤“―Z‘ξ,ƒiƒ“ƒo[ƒvƒ[ƒg
ή“,•”•i‚Λ‚η‚Ά,‰¤q,“\ππ”Τ,131172,“‹“s,–k‹ζ,‰¤q‚S’–Ϊ,2019-06-22,22,‚SK‚ΔΘγ‹¤“―Z‘ξ,‚»‚Μ‘Ό
ή“,•”•i‚Λ‚η‚Ά,Τ‰H,u–Ξl’–Ϊπ”Τ,131172,“‹“s,–k‹ζ,u–Ξ‚S’–Ϊ,2019-04-12,17,’“Τi—Φjκ,ƒiƒ“ƒo[ƒvƒ[ƒg
ή“,•”•i‚Λ‚η‚Ά,Τ‰H,Τ‰H‰w‘Oπ”Τ,131172,“‹“s,–k‹ζ,Τ‰H‚P’–Ϊ,2019-01-16,02,’“Τi—Φjκ,ƒiƒ“ƒo[ƒvƒ[ƒg
ή“,•”•i‚Λ‚η‚Ά,Τ‰H,Τ‰H‰w‘Oπ”Τ,131172,“‹“s,–k‹ζ,Τ‰H–k‚P’–Ϊ,2019-09-12,01,“ΉHγ,‚»‚Μ‘Ό
ή“,•”•i‚Λ‚η‚Ά,Τ‰H,β•£π”Τ,131172,“‹“s,–k‹ζ,β•£’¬,2019-06-24,18,κΛZ‘ξ,‚»‚Μ‘Ό
ή“,•”•i‚Λ‚η‚Ά,Τ‰H,‹{–xπ”Τ,131172,“‹“s,–k‹ζ,_’J‚P’–Ϊ,2019-10-17,14,“ΉHγ,‚»‚Μ‘Ό
ή“,•”•i‚Λ‚η‚Ά,Τ‰H,‹{–xπ”Τ,131172,“‹“s,–k‹ζ,_’J‚Q’–Ϊ,2019-09-16,23,’“Τi—Φjκ,ƒiƒ“ƒo[ƒvƒ[ƒg
ή“,•”•i‚Λ‚η‚Ά,Τ‰H,‹{–xπ”Τ,131172,“‹“s,–k‹ζ,_’J‚R’–Ϊ,2019-04-05,21,‚»‚Μ‘Ό,‚»‚Μ‘Ό
ή“,•”•i‚Λ‚η‚Ά,Τ‰H,Τ‰HΌπ”Τ,131172,“‹“s,–k‹ζ,Τ‰H‚Q’–Ϊ,2019-11-28,21,’“Τi—Φjκ,ƒiƒ“ƒo[ƒvƒ[ƒg
ή“,•”•i‚Λ‚η‚Ά,Τ‰H,–@‘P›π”Τ,131172,“‹“s,–k‹ζ,Τ‰HΌ‚T’–Ϊ,2019-08-12,23,’“Τi—Φjκ,‚»‚Μ‘Ό
ή“,•”•i‚Λ‚η‚Ά,Τ‰H,–@‘P›π”Τ,131172,“‹“s,–k‹ζ,‹ΛƒP‹u‚P’–Ϊ,2014-04-01,•s–Ύ,‚SK‚ΔΘγ‹¤“―Z‘ξ,ƒiƒ“ƒo[ƒvƒ[ƒg
ή“,•”•i‚Λ‚η‚Ά,Τ‰H,–@‘P›π”Τ,131172,“‹“s,–k‹ζ,‹ΛƒP‹u‚P’–Ϊ,2019-06-20,18,’“Τi—Φjκ,‚»‚Μ‘Ό
ή“,•”•i‚Λ‚η‚Ά,Τ‰H,–@‘P›π”Τ,131172,“‹“s,–k‹ζ,‹ΛƒP‹u‚P’–Ϊ,2019-06-23,13,‚SK‚ΔΘγ‹¤“―Z‘ξ,ƒiƒ“ƒo[ƒvƒ[ƒg
ή“,•”•i‚Λ‚η‚Ά,Τ‰H,Τ‰H–kπ”Τ,131172,“‹“s,–k‹ζ,Τ‰H‚Q’–Ϊ,2019-08-09,17,‚»‚Μ‘Ό,ƒiƒ“ƒo[ƒvƒ[ƒg
ή“,•”•i‚Λ‚η‚Ά,Τ‰H,Τ‰H–kπ”Τ,131172,“‹“s,–k‹ζ,Τ‰H–k‚Q’–Ϊ,2019-05-19,15,‚»‚Μ‘Ό‚ΜZ‘ξi‚RK‚ΔΘ‰Ί‹¤“―Z‘ξ“™j,‚»‚Μ‘Ό
ή“,•”•i‚Λ‚η‚Ά,Τ‰H,•‚Τπ”Τ,131172,“‹“s,–k‹ζ,•‚Τ‚R’–Ϊ,2019-11-28,16,‚SK‚ΔΘγ‹¤“―Z‘ξ,‚»‚Μ‘Ό
ή“,•”•i‚Λ‚η‚Ά,Τ‰H,•‚Τπ”Τ,131172,“‹“s,–k‹ζ,•‚Τ‚S’–Ϊ,2019-04-15,19,’“Τi—Φjκ,ƒiƒ“ƒo[ƒvƒ[ƒg
ή“,•”•i‚Λ‚η‚Ά,Τ‰H,•‚Τπ”Τ,131172,“‹“s,–k‹ζ,•‚Τ‚S’–Ϊ,2019-12-16,19,’“Τi—Φjκ,ƒiƒ“ƒo[ƒvƒ[ƒg
ή“,•”•i‚Λ‚η‚Ά,Τ‰H,•‚Τπ”Τ,131172,“‹“s,–k‹ζ,•‚Τ‚T’–Ϊ,2019-01-11,07,’“Τi—Φjκ,‚»‚Μ‘Ό
ή“,•”•i‚Λ‚η‚Ά,”Β‹΄,•½”φπ”Τ,131199,“‹“s,”Β‹΄‹ζ,”Β‹΄‚Q’–Ϊ,2019-01-08,20,’“Τi—Φjκ,ƒ^ƒCƒ„EƒzƒC[ƒ‹
ή“,•”•i‚Λ‚η‚Ά,”Β‹΄,•½”φπ”Τ,131199,“‹“s,”Β‹΄‹ζ,”Β‹΄‚Q’–Ϊ,2019-06-01,•s–Ύ,’“Τi—Φjκ,ƒiƒ“ƒo[ƒvƒ[ƒg
ή“,•”•i‚Λ‚η‚Ά,”Β‹΄,•½”φπ”Τ,131199,“‹“s,”Β‹΄‹ζ,”Β‹΄‚Q’–Ϊ,2019-11-30,12,‚SK‚ΔΘγ‹¤“―Z‘ξ,ƒiƒ“ƒo[ƒvƒ[ƒg
ή“,•”•i‚Λ‚η‚Ά,”Β‹΄,•½”φπ”Τ,131199,“‹“s,”Β‹΄‹ζ,”Β‹΄‚R’–Ϊ,2019-03-04,21,“ΉHγ,‚»‚Μ‘Ό
ή“,•”•i‚Λ‚η‚Ά,”Β‹΄,F–μ’¬π”Τ,131199,“‹“s,”Β‹΄‹ζ,F–μ’¬,2019-11-08,19,’“Τi—Φjκ,ƒiƒ“ƒo[ƒvƒ[ƒg
ή“,•”•i‚Λ‚η‚Ά,”Β‹΄,F–μ’¬π”Τ,131199,“‹“s,”Β‹΄‹ζ,F–μ’¬,2019-11-17,14,‚SK‚ΔΘγ‹¤“―Z‘ξ,‚»‚Μ‘Ό
ή“,•”•i‚Λ‚η‚Ά,”Β‹΄,F–μ’¬π”Τ,131199,“‹“s,”Β‹΄‹ζ,“μ’¬,2019-05-16,22,‚SK‚ΔΘγ‹¤“―Z‘ξ,‚»‚Μ‘Ό
ή“,•”•i‚Λ‚η‚Ά,”Β‹΄,—{η‰@‘Oπ”Τ,131199,“‹“s,”Β‹΄‹ζ,’‡h,2019-10-14,00,‚»‚Μ‘Ό,ƒiƒ“ƒo[ƒvƒ[ƒg
ή“,•”•i‚Λ‚η‚Ά,”Β‹΄,—{η‰@‘Oπ”Τ,131199,“‹“s,”Β‹΄‹ζ,•Xμ’¬,2019-09-21,•s–Ύ,‚»‚Μ‘Ό,ƒiƒ“ƒo[ƒvƒ[ƒg
ή“,•”•i‚Λ‚η‚Ά,”Β‹΄,‘εR’¬π”Τ,131199,“‹“s,”Β‹΄‹ζ,K’¬,2019-08-18,10,‚»‚Μ‘Ό‚ΜZ‘ξi‚RK‚ΔΘ‰Ί‹¤“―Z‘ξ“™j,ƒ^ƒCƒ„EƒzƒC[ƒ‹
ή“,•”•i‚Λ‚η‚Ά,”Β‹΄,–ΞCπ”Τ,131199,“‹“s,”Β‹΄‹ζ,¬–Ξª‚S’–Ϊ,2019-12-16,09,’“Τi—Φjκ,‚»‚Μ‘Ό
ή“,•”•i‚Λ‚η‚Ά,”Β‹΄,“R’¬π”Τ,131199,“‹“s,”Β‹΄‹ζ,‘ε’Jϋ–k’¬,2019-05-31,17,‚»‚Μ‘Ό‚ΜZ‘ξi‚RK‚ΔΘ‰Ί‹¤“―Z‘ξ“™j,‚»‚Μ‘Ό
ή“,•”•i‚Λ‚η‚Ά,”Β‹΄,“R’¬π”Τ,131199,“‹“s,”Β‹΄‹ζ,“V’¬‚Q’–Ϊ,2019-11-28,12,‚SK‚ΔΘγ‹¤“―Z‘ξ,ƒiƒ“ƒo[ƒvƒ[ƒg
ή“,•”•i‚Λ‚η‚Ά,”Β‹΄,’†”Β‹΄π”Τ,131199,“‹“s,”Β‹΄‹ζ,‘o—t’¬,2019-02-08,12,‚SK‚ΔΘγ‹¤“―Z‘ξ,ƒiƒ“ƒo[ƒvƒ[ƒg
ή“,•”•i‚Λ‚η‚Ά,”Β‹΄,ν”Υ‘δπ”Τ,131199,“‹“s,”Β‹΄‹ζ,ν”Υ‘δ‚R’–Ϊ,2019-06-14,14,κΛZ‘ξ,‚»‚Μ‘Ό
ή“,•”•i‚Λ‚η‚Ά,”Β‹΄,ν”Υ‘δπ”Τ,131199,“‹“s,”Β‹΄‹ζ,“μν”Υ‘δ‚Q’–Ϊ,2019-06-11,08,‚SK‚ΔΘγ‹¤“―Z‘ξ,‚»‚Μ‘Ό
ή“,•”•i‚Λ‚η‚Ά,”Β‹΄,γ”Β‹΄‰w‘Oπ”Τ,131199,“‹“s,”Β‹΄‹ζ,γ”Β‹΄‚Q’–Ϊ,2019-07-07,19,’“Τi—Φjκ,ƒiƒ“ƒo[ƒvƒ[ƒg
ή“,•”•i‚Λ‚η‚Ά,u‘Ί,¬“¤‘ςπ”Τ,131199,“‹“s,”Β‹΄‹ζ,¬“¤‘ς‚P’–Ϊ,2019-04-15,09,‚SK‚ΔΘγ‹¤“―Z‘ξ,‚»‚Μ‘Ό
ή“,•”•i‚Λ‚η‚Ά,u‘Ί,¬“¤‘ςπ”Τ,131199,“‹“s,”Β‹΄‹ζ,¬“¤‘ς‚S’–Ϊ,2019-04-12,17,‚»‚Μ‘Ό‚ΜZ‘ξi‚RK‚ΔΘ‰Ί‹¤“―Z‘ξ“™j,‚»‚Μ‘Ό
ή“,•”•i‚Λ‚η‚Ά,u‘Ί,βγπ”Τ,131199,“‹“s,”Β‹΄‹ζ,β‰Ί‚P’–Ϊ,2019-08-24,19,‚SK‚ΔΘγ‹¤“―Z‘ξ,‚»‚Μ‘Ό
ή“,•”•i‚Λ‚η‚Ά,u‘Ί,βγπ”Τ,131199,“‹“s,”Β‹΄‹ζ,u‘Ί‚R’–Ϊ,2019-01-11,11,’“Τi—Φjκ,‚»‚Μ‘Ό
ή“,•”•i‚Λ‚η‚Ά,u‘Ί,β‰Ίπ”Τ,131199,“‹“s,”Β‹΄‹ζ,β‰Ί‚Q’–Ϊ,2019-08-14,13,’“Τi—Φjκ,ƒiƒ“ƒo[ƒvƒ[ƒg
ή“,•”•i‚Λ‚η‚Ά,u‘Ί,β‰Ίπ”Τ,131199,“‹“s,”Β‹΄‹ζ,@ª‚R’–Ϊ,2019-06-11,13,’“Τi—Φjκ,‚»‚Μ‘Ό
ή“,•”•i‚Λ‚η‚Ά,u‘Ί,β‰Ίπ”Τ,131199,“‹“s,”Β‹΄‹ζ,M“n‚P’–Ϊ,2019-03-17,09,’“Τi—Φjκ,‚»‚Μ‘Ό
ή“,•”•i‚Λ‚η‚Ά,u‘Ί,β‰Ίπ”Τ,131199,“‹“s,”Β‹΄‹ζ,M“n‚R’–Ϊ,2019-04-01,00,’“Τi—Φjκ,ƒiƒ“ƒo[ƒvƒ[ƒg
ή“,•”•i‚Λ‚η‚Ά,u‘Ί,@ªπ”Τ,131199,“‹“s,”Β‹΄‹ζ,‘¶’¬,2019-06-13,21,’“Τi—Φjκ,‚»‚Μ‘Ό
ή“,•”•i‚Λ‚η‚Ά,u‘Ί,@ªπ”Τ,131199,“‹“s,”Β‹΄‹ζ,@ª‚P’–Ϊ,2019-06-08,12,‚SK‚ΔΘγ‹¤“―Z‘ξ,‚Θ‚µ
ή“,•”•i‚Λ‚η‚Ά,u‘Ί,@ªπ”Τ,131199,“‹“s,”Β‹΄‹ζ,@ª‚R’–Ϊ,2019-02-22,10,“ΉHγ,‚»‚Μ‘Ό
ή“,•”•i‚Λ‚η‚Ά,u‘Ί,@ªπ”Τ,131199,“‹“s,”Β‹΄‹ζ,@ª‚R’–Ϊ,2019-05-25,22,’“Τi—Φjκ,‚»‚Μ‘Ό
ή“,•”•i‚Λ‚η‚Ά,u‘Ί,‘O–μ’¬π”Τ,131199,“‹“s,”Β‹΄‹ζ,‘ε΄’¬,2015-06-21,•s–Ύ,“ΉHγ,ƒiƒ“ƒo[ƒvƒ[ƒg
ή“,•”•i‚Λ‚η‚Ά,u‘Ί,‘O–μ’¬π”Τ,131199,“‹“s,”Β‹΄‹ζ,‘O–μ’¬‚P’–Ϊ,2018-12-29,10,‚SK‚ΔΘγ‹¤“―Z‘ξ,ƒiƒ“ƒo[ƒvƒ[ƒg
ή“,•”•i‚Λ‚η‚Ά,u‘Ί,‘O–μ’¬π”Τ,131199,“‹“s,”Β‹΄‹ζ,‘O–μ’¬‚Q’–Ϊ,2019-07-01,05,‚SK‚ΔΘγ‹¤“―Z‘ξ,ƒiƒ“ƒo[ƒvƒ[ƒg
ή“,•”•i‚Λ‚η‚Ά,u‘Ί,‘O–μ’¬π”Τ,131199,“‹“s,”Β‹΄‹ζ,‘O–μ’¬‚S’–Ϊ,2019-02-21,21,‚SK‚ΔΘγ‹¤“―Z‘ξ,ƒiƒ“ƒo[ƒvƒ[ƒg
ή“,•”•i‚Λ‚η‚Ά,u‘Ί,’†‘δπ”Τ,131199,“‹“s,”Β‹΄‹ζ,‘O–μ’¬‚U’–Ϊ,2019-06-16,19,‚SK‚ΔΘγ‹¤“―Z‘ξ,‚»‚Μ‘Ό
ή“,•”•i‚Λ‚η‚Ά,u‘Ί,’†‘δπ”Τ,131199,“‹“s,”Β‹΄‹ζ,α–Ψ‚P’–Ϊ,2019-02-18,19,“ΉHγ,‚»‚Μ‘Ό
ή“,•”•i‚Λ‚η‚Ά,u‘Ί,Ό‘δπ”Τ,131199,“‹“s,”Β‹΄‹ζ,Ό‘δ‚Q’–Ϊ,2019-09-27,21,’“Τi—Φjκ,ƒiƒ“ƒo[ƒvƒ[ƒg
ή“,•”•i‚Λ‚η‚Ά,u‘Ί,Ό‘δπ”Τ,131199,“‹“s,”Β‹΄‹ζ,Ό‘δ‚S’–Ϊ,2019-05-28,12,’“Τi—Φjκ,‚»‚Μ‘Ό
ή“,•”•i‚Λ‚η‚Ά,—ϋ”n,’†‘Ί‹΄π”Τ,131202,“‹“s,—ϋ”n‹ζ,’†‘Ί‚Q’–Ϊ,2018-12-08,22,’“Τi—Φjκ,ƒiƒ“ƒo[ƒvƒ[ƒg
ή“,•”•i‚Λ‚η‚Ά,—ϋ”n,’†‘Ί‹΄π”Τ,131202,“‹“s,—ϋ”n‹ζ,’†‘Ί“μ‚Q’–Ϊ,2018-12-10,•s–Ύ,‚»‚Μ‘Ό‚ΜZ‘ξi‚RK‚ΔΘ‰Ί‹¤“―Z‘ξ“™j,‚»‚Μ‘Ό
ή“,•”•i‚Λ‚η‚Ά,—ϋ”n,’†‘Ί‹΄π”Τ,131202,“‹“s,—ϋ”n‹ζ,’†‘Ί“μ‚Q’–Ϊ,2019-03-23,23,‚»‚Μ‘Ό‚ΜZ‘ξi‚RK‚ΔΘ‰Ί‹¤“―Z‘ξ“™j,‚»‚Μ‘Ό
ή“,•”•i‚Λ‚η‚Ά,—ϋ”n,—ϋ”n‰w‘Oπ”Τ,131202,“‹“s,—ϋ”n‹ζ,–L‹Κ–k‚U’–Ϊ,2019-07-09,09,’“Τi—Φjκ,‚»‚Μ‘Ό
ή“,•”•i‚Λ‚η‚Ά,—ϋ”n,—ϋ”n‰w‘Oπ”Τ,131202,“‹“s,—ϋ”n‹ζ,—ϋ”n‚P’–Ϊ,2019-09-17,10,’“Τi—Φjκ,‚»‚Μ‘Ό
ή“,•”•i‚Λ‚η‚Ά,—ϋ”n,—ϋ”n‰w‘Oπ”Τ,131202,“‹“s,—ϋ”n‹ζ,—ϋ”n‚P’–Ϊ,2019-09-24,11,’“Τi—Φjκ,‚»‚Μ‘Ό
ή“,•”•i‚Λ‚η‚Ά,—ϋ”n,–L‹Κπ”Τ,131202,“‹“s,—ϋ”n‹ζ,–L‹Κγ‚Q’–Ϊ,2019-12-02,14,’“Τi—Φjκ,‚»‚Μ‘Ό
ή“,•”•i‚Λ‚η‚Ά,—ϋ”n,χ‘δπ”Τ,131202,“‹“s,—ϋ”n‹ζ,χ‘δ‚T’–Ϊ,2019-02-20,20,‚SK‚ΔΘγ‹¤“―Z‘ξ,‚»‚Μ‘Ό
ή“,•”•i‚Λ‚η‚Ά,—ϋ”n,χ‘δπ”Τ,131202,“‹“s,—ϋ”n‹ζ,χ‘δ‚U’–Ϊ,2019-08-24,12,κΛZ‘ξ,‚»‚Μ‘Ό
ή“,•”•i‚Λ‚η‚Ά,—ϋ”n,]Γ“c‰w‘Oπ”Τ,131202,“‹“s,—ϋ”n‹ζ,®‹u‚P’–Ϊ,2019-06-06,17,’“Τi—Φjκ,‚»‚Μ‘Ό
ή“,•”•i‚Λ‚η‚Ά,—ϋ”n,¬’|’¬π”Τ,131202,“‹“s,—ϋ”n‹ζ,¬’|’¬‚Q’–Ϊ,2019-04-13,13,κΛZ‘ξ,‚»‚Μ‘Ό
ή“,•”•i‚Λ‚η‚Ά,—ϋ”n,•Xμ‘δ’“έ,131202,“‹“s,—ϋ”n‹ζ,•Xμ‘δ‚Q’–Ϊ,2019-02-16,00,’“Τi—Φjκ,‚»‚Μ‘Ό
ή“,•”•i‚Λ‚η‚Ά,—ϋ”n,t“ϊ’¬π”Τ,131202,“‹“s,—ϋ”n‹ζ,t“ϊ’¬‚Q’–Ϊ,2018-12-01,00,‚»‚Μ‘Ό‚ΜZ‘ξi‚RK‚ΔΘ‰Ί‹¤“―Z‘ξ“™j,ƒiƒ“ƒo[ƒvƒ[ƒg
ή“,•”•i‚Λ‚η‚Ά,—ϋ”n,‘‹{π”Τ,131202,“‹“s,—ϋ”n‹ζ,‘‹{‚P’–Ϊ,2019-03-23,09,’“Τi—Φjκ,‚»‚Μ‘Ό
ή“,•”•i‚Λ‚η‚Ά,—ϋ”n,‘‹{π”Τ,131202,“‹“s,—ϋ”n‹ζ,‘‹{‚P’–Ϊ,2019-10-13,09,’“Τi—Φjκ,‚»‚Μ‘Ό
ή“,•”•i‚Λ‚η‚Ά,—ϋ”n,‘‹{π”Τ,131202,“‹“s,—ϋ”n‹ζ,•½a‘δ‚R’–Ϊ,2019-04-01,16,‚»‚Μ‘Ό‚ΜZ‘ξi‚RK‚ΔΘ‰Ί‹¤“―Z‘ξ“™j,ƒiƒ“ƒo[ƒvƒ[ƒg
ή“,•”•i‚Λ‚η‚Ά,—ϋ”n,‘‹{π”Τ,131202,“‹“s,—ϋ”n‹ζ,•½a‘δ‚R’–Ϊ,2019-11-04,20,‚SK‚ΔΘγ‹¤“―Z‘ξ,‚»‚Μ‘Ό
ή“,•”•i‚Λ‚η‚Ά,—ϋ”n,•Xμ_Π‘Oπ”Τ,131202,“‹“s,—ϋ”n‹ζ,–L‹Κ’†‚Q’–Ϊ,2019-05-01,07,κΛZ‘ξ,ƒiƒ“ƒo[ƒvƒ[ƒg
ή“,•”•i‚Λ‚η‚Ά,—ϋ”n,•Xμ_Π‘Oπ”Τ,131202,“‹“s,—ϋ”n‹ζ,–L‹Κ“μ‚P’–Ϊ,2019-10-19,15,’“Τi—Φjκ,ƒiƒ“ƒo[ƒvƒ[ƒg
ή“,•”•i‚Λ‚η‚Ά,—ϋ”n,•Xμ_Π‘Oπ”Τ,131202,“‹“s,—ϋ”n‹ζ,–L‹Κ“μ‚Q’–Ϊ,2019-07-08,04,‚»‚Μ‘Ό,‚»‚Μ‘Ό
ή“,•”•i‚Λ‚η‚Ά,—ϋ”n,•Xμ_Π‘Oπ”Τ,131202,“‹“s,—ϋ”n‹ζ,’†‘Ί“μ‚P’–Ϊ,2019-09-28,16,‚»‚Μ‘Ό‚ΜZ‘ξi‚RK‚ΔΘ‰Ί‹¤“―Z‘ξ“™j,‚»‚Μ‘Ό
ή“,•”•i‚Λ‚η‚Ά,—ϋ”n,•Xμ_Π‘Oπ”Τ,131202,“‹“s,—ϋ”n‹ζ,’†‘Ί“μ‚P’–Ϊ,2019-12-26,18,’“Τi—Φjκ,‚»‚Μ‘Ό
ή“,•”•i‚Λ‚η‚Ά,—ϋ”n,•xm©‘δ‰w‘Oπ”Τ,131202,“‹“s,—ϋ”n‹ζ,Ρδ‚P’–Ϊ,2019-07-23,09,’“Τi—Φjκ,‚»‚Μ‘Ό
ή“,•”•i‚Λ‚η‚Ά,Ξ_δ,Ξ_δφ‰€‰w‘Oπ”Τ,131202,“‹“s,—ϋ”n‹ζ,Ξ_δ’¬‚P’–Ϊ,2019-05-21,•s–Ύ,’“Τi—Φjκ,ƒiƒ“ƒo[ƒvƒ[ƒg
ή“,•”•i‚Λ‚η‚Ά,Ξ_δ,Ξ_δφ‰€‰w‘Oπ”Τ,131202,“‹“s,—ϋ”n‹ζ,Ξ_δ’¬‚R’–Ϊ,2019-09-19,19,’“Τi—Φjκ,‚»‚Μ‘Ό
ή“,•”•i‚Λ‚η‚Ά,Ξ_δ,Ξ_δφ‰€‰w‘Oπ”Τ,131202,“‹“s,—ϋ”n‹ζ,Ξ_δ’¬‚V’–Ϊ,2019-03-15,07,’“Τi—Φjκ,‚»‚Μ‘Ό
ή“,•”•i‚Λ‚η‚Ά,Ξ_δ,Ξ_δφ‰€‰w‘Oπ”Τ,131202,“‹“s,—ϋ”n‹ζ,Ξ_δ’¬‚V’–Ϊ,2019-11-15,14,’“Τi—Φjκ,‚»‚Μ‘Ό
ή“,•”•i‚Λ‚η‚Ά,Ξ_δ,Ξ_δφ‰€‰w‘Oπ”Τ,131202,“‹“s,—ϋ”n‹ζ,Ξ_δ’¬‚W’–Ϊ,2019-01-19,13,‚SK‚ΔΘγ‹¤“―Z‘ξ,ƒ^ƒCƒ„EƒzƒC[ƒ‹
ή“,•”•i‚Λ‚η‚Ά,Ξ_δ,‘εςw‰€‰w‘Oπ”Τ,131202,“‹“s,—ϋ”n‹ζ,“‘ες‚P’–Ϊ,2019-08-26,18,‚»‚Μ‘Ό‚ΜZ‘ξi‚RK‚ΔΘ‰Ί‹¤“―Z‘ξ“™j,ƒ^ƒCƒ„EƒzƒC[ƒ‹
ή“,•”•i‚Λ‚η‚Ά,Ξ_δ,‘εςw‰€‰w‘Oπ”Τ,131202,“‹“s,—ϋ”n‹ζ,“‘ες‚P’–Ϊ,2019-10-31,05,’“Τi—Φjκ,‚»‚Μ‘Ό
ή“,•”•i‚Λ‚η‚Ά,Ξ_δ,‘εςw‰€‰w‘Oπ”Τ,131202,“‹“s,—ϋ”n‹ζ,“‘ες‚R’–Ϊ,2019-03-09,12,’“Τi—Φjκ,ƒiƒ“ƒo[ƒvƒ[ƒg
ή“,•”•i‚Λ‚η‚Ά,Ξ_δ,‘εςw‰€‰w‘Oπ”Τ,131202,“‹“s,—ϋ”n‹ζ,“‘ες‚R’–Ϊ,2019-04-06,17,κΛZ‘ξ,‚»‚Μ‘Ό
ή“,•”•i‚Λ‚η‚Ά,Ξ_δ,‘εςw‰€‰w‘Oπ”Τ,131202,“‹“s,—ϋ”n‹ζ,“‘ες‚R’–Ϊ,2019-07-23,19,’“Τi—Φjκ,‚»‚Μ‘Ό
ή“,•”•i‚Λ‚η‚Ά,Ξ_δ,•‘ Φ‰w‘Oπ”Τ,131202,“‹“s,—ϋ”n‹ζ,Φ’¬–k‚Q’–Ϊ,2019-10-26,00,“ΉHγ,‚»‚Μ‘Ό
ή“,•”•i‚Λ‚η‚Ά,Ξ_δ,•‘ Φ‰w‘Oπ”Τ,131202,“‹“s,—ϋ”n‹ζ,Φ’¬–k‚S’–Ϊ,2019-04-16,20,’“Τi—Φjκ,ƒiƒ“ƒo[ƒvƒ[ƒg
ή“,•”•i‚Λ‚η‚Ά,Ξ_δ,‘εςw‰€π”Τ,131202,“‹“s,—ϋ”n‹ζ,‘εςw‰€’¬‚P’–Ϊ,2019-06-18,18,κΛZ‘ξ,‚»‚Μ‘Ό
ή“,•”•i‚Λ‚η‚Ά,Ξ_δ,‘εςw‰€π”Τ,131202,“‹“s,—ϋ”n‹ζ,‘εςw‰€’¬‚R’–Ϊ,2019-05-17,11,‚SK‚ΔΘγ‹¤“―Z‘ξ,‚»‚Μ‘Ό
ή“,•”•i‚Λ‚η‚Ά,Ξ_δ,‘εςw‰€π”Τ,131202,“‹“s,—ϋ”n‹ζ,‘εςw‰€’¬‚S’–Ϊ,2019-04-11,16,’“Τi—Φjκ,‚»‚Μ‘Ό
ή“,•”•i‚Λ‚η‚Ά,Ξ_δ,‘εςw‰€π”Τ,131202,“‹“s,—ϋ”n‹ζ,‘εςw‰€’¬‚S’–Ϊ,2019-07-06,12,κΛZ‘ξ,‚»‚Μ‘Ό
ή“,•”•i‚Λ‚η‚Ά,Ξ_δ,‘εςw‰€π”Τ,131202,“‹“s,—ϋ”n‹ζ,‘εςw‰€’¬‚T’–Ϊ,2019-03-13,21,’“Τi—Φjκ,‚»‚Μ‘Ό
ή“,•”•i‚Λ‚η‚Ά,Ξ_δ,‘εςw‰€π”Τ,131202,“‹“s,—ϋ”n‹ζ,‘εςw‰€’¬‚W’–Ϊ,2019-10-07,19,‚SK‚ΔΘγ‹¤“―Z‘ξ,ƒiƒ“ƒo[ƒvƒ[ƒg
ή“,•”•i‚Λ‚η‚Ά,Ξ_δ,‘εςw‰€π”Τ,131202,“‹“s,—ϋ”n‹ζ,‘εςw‰€’¬‚W’–Ϊ,2019-12-16,20,‚SK‚ΔΘγ‹¤“―Z‘ξ,ƒiƒ“ƒo[ƒvƒ[ƒg
ή“,•”•i‚Λ‚η‚Ά,Ξ_δ,Φ’¬π”Τ,131202,“‹“s,—ϋ”n‹ζ,Φ’¬–k‚P’–Ϊ,2019-10-02,10,’“Τi—Φjκ,ƒiƒ“ƒo[ƒvƒ[ƒg
ή“,•”•i‚Λ‚η‚Ά,Ξ_δ,–k‘εςπ”Τ,131202,“‹“s,—ϋ”n‹ζ,‘ες’¬‚T’–Ϊ,2019-05-29,19,‚»‚Μ‘Ό,ƒiƒ“ƒo[ƒvƒ[ƒg
ή“,•”•i‚Λ‚η‚Ά,Ξ_δ,–k‘εςπ”Τ,131202,“‹“s,—ϋ”n‹ζ,‘ες’¬‚U’–Ϊ,2019-01-06,02,‚SK‚ΔΘγ‹¤“―Z‘ξ,ƒiƒ“ƒo[ƒvƒ[ƒg
ή“,•”•i‚Λ‚η‚Ά,Ξ_δ,Ό‘εςπ”Τ,131202,“‹“s,—ϋ”n‹ζ,Ό‘ες‚S’–Ϊ,2019-05-19,18,’“Τi—Φjκ,‚»‚Μ‘Ό
ή“,•”•i‚Λ‚η‚Ά,Ξ_δ,“μ‘εςπ”Τ,131202,“‹“s,—ϋ”n‹ζ,Ό‘ες‚P’–Ϊ,2018-12-20,22,’“Τi—Φjκ,ƒ^ƒCƒ„EƒzƒC[ƒ‹
ή“,•”•i‚Λ‚η‚Ά,Ξ_δ,•xmX“Ήπ”Τ,131202,“‹“s,—ϋ”n‹ζ,Ξ_δ‘δ‚T’–Ϊ,2019-09-30,17,‚»‚Μ‘Ό‚ΜZ‘ξi‚RK‚ΔΘ‰Ί‹¤“―Z‘ξ“™j,ƒiƒ“ƒo[ƒvƒ[ƒg
ή“,•”•i‚Λ‚η‚Ά,Ξ_δ,•xmX“Ήπ”Τ,131202,“‹“s,—ϋ”n‹ζ,Ξ_δ‘δ‚T’–Ϊ,2019-10-01,21,κΛZ‘ξ,ƒiƒ“ƒo[ƒvƒ[ƒg
ή“,•”•i‚Λ‚η‚Ά,Ξ_δ,Ξ_δ“μ’“έ,131202,“‹“s,—ϋ”n‹ζ,‰ΊΞ_δ‚P’–Ϊ,2019-05-28,19,κΛZ‘ξ,ƒiƒ“ƒo[ƒvƒ[ƒg
ή“,•”•i‚Λ‚η‚Ά,‚“‡•½,‚“‡•½‰w‘Oπ”Τ,131199,“‹“s,”Β‹΄‹ζ,‚“‡•½‚Q’–Ϊ,2019-09-09,08,’“Τi—Φjκ,‚»‚Μ‘Ό
ή“,•”•i‚Λ‚η‚Ά,‚“‡•½,‚“‡•½‰w‘Oπ”Τ,131199,“‹“s,”Β‹΄‹ζ,‚“‡•½‚R’–Ϊ,2019-11-04,18,‚»‚Μ‘Ό‚ΜZ‘ξi‚RK‚ΔΘ‰Ί‹¤“―Z‘ξ“™j,‚»‚Μ‘Ό
ή“,•”•i‚Λ‚η‚Ά,‚“‡•½,‚“‡•½‰w‘Oπ”Τ,131199,“‹“s,”Β‹΄‹ζ,‚“‡•½‚V’–Ϊ,2019-10-21,09,“ΉHγ,‚»‚Μ‘Ό
ή“,•”•i‚Λ‚η‚Ά,‚“‡•½,‚“‡•½‰w‘Oπ”Τ,131199,“‹“s,”Β‹΄‹ζ,‚“‡•½‚W’–Ϊ,2019-05-07,19,’“Τi—Φjκ,‚»‚Μ‘Ό
ή“,•”•i‚Λ‚η‚Ά,‚“‡•½,Ό‘δ‰w‘Oπ”Τ,131199,“‹“s,”Β‹΄‹ζ,‚“‡•½‚P’–Ϊ,2019-01-22,09,“ΉHγ,‚»‚Μ‘Ό
ή“,•”•i‚Λ‚η‚Ά,‚“‡•½,Ό‘δ‰w‘Oπ”Τ,131199,“‹“s,”Β‹΄‹ζ,‚“‡•½‚P’–Ϊ,2019-03-21,09,‚»‚Μ‘Ό‚ΜZ‘ξi‚RK‚ΔΘ‰Ί‹¤“―Z‘ξ“™j,‚»‚Μ‘Ό
ή“,•”•i‚Λ‚η‚Ά,‚“‡•½,Ό‘δ‰w‘Oπ”Τ,131199,“‹“s,”Β‹΄‹ζ,‚“‡•½‚X’–Ϊ,2019-10-20,15,‚SK‚ΔΘγ‹¤“―Z‘ξ,ƒiƒ“ƒo[ƒvƒ[ƒg
ή“,•”•i‚Λ‚η‚Ά,‚“‡•½,V‰Νέπ”Τ,131199,“‹“s,”Β‹΄‹ζ,V‰Νέ‚Q’–Ϊ,2018-09-01,•s–Ύ,‚SK‚ΔΘγ‹¤“―Z‘ξ,ƒiƒ“ƒo[ƒvƒ[ƒg
ή“,•”•i‚Λ‚η‚Ά,‚“‡•½,V‰Νέπ”Τ,131199,“‹“s,”Β‹΄‹ζ,V‰Νέ‚Q’–Ϊ,2019-05-13,21,‚SK‚ΔΘγ‹¤“―Z‘ξ,ƒ^ƒCƒ„EƒzƒC[ƒ‹
ή“,•”•i‚Λ‚η‚Ά,‚“‡•½,ω–Ϊ‹΄π”Τ,131199,“‹“s,”Β‹΄‹ζ,‚“‡•½‚U’–Ϊ,2019-05-02,19,’“Τi—Φjκ,‚»‚Μ‘Ό
ή“,•”•i‚Λ‚η‚Ά,‚“‡•½,ω–Ϊ‹΄π”Τ,131199,“‹“s,”Β‹΄‹ζ,O‰€‚P’–Ϊ,2019-01-11,20,’“Τi—Φjκ,ƒiƒ“ƒo[ƒvƒ[ƒg
ή“,•”•i‚Λ‚η‚Ά,‚“‡•½,ω–Ϊ‹΄π”Τ,131199,“‹“s,”Β‹΄‹ζ,O‰€‚P’–Ϊ,2019-11-17,22,‚»‚Μ‘Ό‚ΜZ‘ξi‚RK‚ΔΘ‰Ί‹¤“―Z‘ξ“™j,‚»‚Μ‘Ό
ή“,•”•i‚Λ‚η‚Ά,‚“‡•½,ω–Ϊ‹΄π”Τ,131199,“‹“s,”Β‹΄‹ζ,O‰€‚Q’–Ϊ,2019-06-14,20,‚SK‚ΔΘγ‹¤“―Z‘ξ,‚»‚Μ‘Ό
ή“,•”•i‚Λ‚η‚Ά,‚“‡•½,–k–μπ”Τ,131199,“‹“s,”Β‹΄‹ζ,“ΏΫ‚T’–Ϊ,2019-04-16,17,“ΉHγ,‚»‚Μ‘Ό
ή“,•”•i‚Λ‚η‚Ά,‚“‡•½,–k–μπ”Τ,131199,“‹“s,”Β‹΄‹ζ,“ΏΫ‚T’–Ϊ,2019-09-12,13,‚»‚Μ‘Ό,ƒiƒ“ƒo[ƒvƒ[ƒg
ή“,•”•i‚Λ‚η‚Ά,‚“‡•½,–k–μπ”Τ,131199,“‹“s,”Β‹΄‹ζ,“ΏΫ‚T’–Ϊ,2019-09-21,18,‚»‚Μ‘Ό‚ΜZ‘ξi‚RK‚ΔΘ‰Ί‹¤“―Z‘ξ“™j,ƒiƒ“ƒo[ƒvƒ[ƒg
ή“,•”•i‚Λ‚η‚Ά,‚“‡•½,‰ΊΤ’Λπ”Τ,131199,“‹“s,”Β‹΄‹ζ,Τ’Λ‚Q’–Ϊ,2019-05-07,12,‚»‚Μ‘Ό‚ΜZ‘ξi‚RK‚ΔΘ‰Ί‹¤“―Z‘ξ“™j,‚»‚Μ‘Ό
ή“,•”•i‚Λ‚η‚Ά,‚“‡•½,‰ΊΤ’Λπ”Τ,131199,“‹“s,”Β‹΄‹ζ,Τ’ΛV’¬‚P’–Ϊ,2019-08-31,20,’“Τi—Φjκ,‚»‚Μ‘Ό
ή“,•”•i‚Λ‚η‚Ά,‚“‡•½,‰ΊΤ’Λπ”Τ,131199,“‹“s,”Β‹΄‹ζ,Τ’ΛV’¬‚R’–Ϊ,2019-05-11,13,‚SK‚ΔΘγ‹¤“―Z‘ξ,‚»‚Μ‘Ό
ή“,•”•i‚Λ‚η‚Ά,‚“‡•½,‰ΊΤ’Λπ”Τ,131199,“‹“s,”Β‹΄‹ζ,Τ’ΛV’¬‚R’–Ϊ,2019-12-14,17,‚SK‚ΔΘγ‹¤“―Z‘ξ,‚»‚Μ‘Ό
ή“,•”•i‚Λ‚η‚Ά,‚“‡•½,Τ’Λπ”Τ,131199,“‹“s,”Β‹΄‹ζ,Τ’Λ‚R’–Ϊ,2019-05-11,09,‚SK‚ΔΘγ‹¤“―Z‘ξ,‚»‚Μ‘Ό
ή“,•”•i‚Λ‚η‚Ά,‚“‡•½,¬‘‰w‘Oπ”Τ,131199,“‹“s,”Β‹΄‹ζ,¬‘‚P’–Ϊ,2019-08-27,12,’“Τi—Φjκ,‚»‚Μ‘Ό
ή“,•”•i‚Λ‚η‚Ά,‚“‡•½,¬‘‰w‘Oπ”Τ,131199,“‹“s,”Β‹΄‹ζ,¬‘‚Q’–Ϊ,2019-06-09,08,’“Τi—Φjκ,‚»‚Μ‘Ό
ή“,•”•i‚Λ‚η‚Ά,‚“‡•½,¬‘‰w‘Oπ”Τ,131199,“‹“s,”Β‹΄‹ζ,¬‘‚Q’–Ϊ,2019-07-25,11,’“Τi—Φjκ,‚»‚Μ‘Ό
ή“,•”•i‚Λ‚η‚Ά,‚“‡•½,¬‘‰w‘Oπ”Τ,131199,“‹“s,”Β‹΄‹ζ,¬‘‚Q’–Ϊ,2019-12-07,15,’“Τi—Φjκ,‚»‚Μ‘Ό
ή“,•”•i‚Λ‚η‚Ά,‚“‡•½,¬‘‰w‘Oπ”Τ,131199,“‹“s,”Β‹΄‹ζ,¬‘‚R’–Ϊ,2019-10-01,20,‚SK‚ΔΘγ‹¤“―Z‘ξ,‚»‚Μ‘Ό
ή“,•”•i‚Λ‚η‚Ά,‚“‡•½,Ό‰@‘Oπ”Τ,131199,“‹“s,”Β‹΄‹ζ,Τ’Λ‚T’–Ϊ,2019-05-29,01,κΛZ‘ξ,‚»‚Μ‘Ό
ή“,•”•i‚Λ‚η‚Ά,‚“‡•½,Ό‰@‘Oπ”Τ,131199,“‹“s,”Β‹΄‹ζ,Τ’Λ‚U’–Ϊ,2019-10-07,03,“ΉHγ,ƒiƒ“ƒo[ƒvƒ[ƒg
ή“,•”•i‚Λ‚η‚Ά,‚“‡•½,Ό‰@‘Oπ”Τ,131199,“‹“s,”Β‹΄‹ζ,Τ’Λ‚V’–Ϊ,2019-06-13,04,κΛZ‘ξ,‚»‚Μ‘Ό
ή“,•”•i‚Λ‚η‚Ά,‚“‡•½,Ό‰@‘Oπ”Τ,131199,“‹“s,”Β‹΄‹ζ,l—t‚P’–Ϊ,2014-10-05,08,‚»‚Μ‘Ό,ƒiƒ“ƒo[ƒvƒ[ƒg
ή“,•”•i‚Λ‚η‚Ά,‚“‡•½,Ό‰@‘Oπ”Τ,131199,“‹“s,”Β‹΄‹ζ,l—t‚P’–Ϊ,2019-05-13,17,’“Τi—Φjκ,ƒiƒ“ƒo[ƒvƒ[ƒg
ή“,•”•i‚Λ‚η‚Ά,‚“‡•½,Ό‰@‘Oπ”Τ,131199,“‹“s,”Β‹΄‹ζ,l—t‚P’–Ϊ,2019-05-20,09,‚»‚Μ‘Ό‚ΜZ‘ξi‚RK‚ΔΘ‰Ί‹¤“―Z‘ξ“™j,ƒiƒ“ƒo[ƒvƒ[ƒg
ή“,•”•i‚Λ‚η‚Ά,‚“‡•½,Ό‰@‘Oπ”Τ,131199,“‹“s,”Β‹΄‹ζ,l—t‚P’–Ϊ,2019-05-23,10,‚»‚Μ‘Ό,ƒiƒ“ƒo[ƒvƒ[ƒg
ή“,•”•i‚Λ‚η‚Ά,‚“‡•½,“ΏΫ’“έ,131199,“‹“s,”Β‹΄‹ζ,“ΏΫ‚S’–Ϊ,2019-06-17,06,’“Τi—Φjκ,ƒiƒ“ƒo[ƒvƒ[ƒg
ή“,•”•i‚Λ‚η‚Ά,‚“‡•½,“ΏΫ’“έ,131199,“‹“s,”Β‹΄‹ζ,“ΏΫ‚U’–Ϊ,2019-03-13,08,’“Τi—Φjκ,‚»‚Μ‘Ό
ή“,•”•i‚Λ‚η‚Ά,‚“‡•½,“ΏΫ’“έ,131199,“‹“s,”Β‹΄‹ζ,“ΏΫ‚U’–Ϊ,2019-11-19,18,‚»‚Μ‘Ό‚ΜZ‘ξi‚RK‚ΔΘ‰Ί‹¤“―Z‘ξ“™j,‚»‚Μ‘Ό
ή“,•”•i‚Λ‚η‚Ά,‚“‡•½,“ΏΫ’“έ,131199,“‹“s,”Β‹΄‹ζ,“ΏΫ‚U’–Ϊ,2019-12-20,23,‚SK‚ΔΘγ‹¤“―Z‘ξ,ƒiƒ“ƒo[ƒvƒ[ƒg
ή“,•”•i‚Λ‚η‚Ά,‚“‡•½,“ΏΫ’“έ,131199,“‹“s,”Β‹΄‹ζ,“ΏΫ‚V’–Ϊ,2018-07-20,•s–Ύ,‚SK‚ΔΘγ‹¤“―Z‘ξ,ƒiƒ“ƒo[ƒvƒ[ƒg
ή“,•”•i‚Λ‚η‚Ά,υ‚ª‹u,–k’¬π”Τ,131202,“‹“s,—ϋ”n‹ζ,–k’¬‚P’–Ϊ,2019-01-01,12,‚»‚Μ‘Ό‚ΜZ‘ξi‚RK‚ΔΘ‰Ί‹¤“―Z‘ξ“™j,ƒiƒ“ƒo[ƒvƒ[ƒg
ή“,•”•i‚Λ‚η‚Ά,υ‚ª‹u,–k’¬π”Τ,131202,“‹“s,—ϋ”n‹ζ,–k’¬‚Q’–Ϊ,2019-08-25,22,’“Τi—Φjκ,‚»‚Μ‘Ό
ή“,•”•i‚Λ‚η‚Ά,υ‚ª‹u,–k’¬π”Τ,131202,“‹“s,—ϋ”n‹ζ,‹Ρ‚P’–Ϊ,2019-04-14,18,’“Τi—Φjκ,‚»‚Μ‘Ό
ή“,•”•i‚Λ‚η‚Ά,υ‚ª‹u,“c•Ώπ”Τ,131202,“‹“s,—ϋ”n‹ζ,–k’¬‚W’–Ϊ,2019-06-14,18,‚SK‚ΔΘγ‹¤“―Z‘ξ,ƒiƒ“ƒo[ƒvƒ[ƒg
ή“,•”•i‚Λ‚η‚Ά,υ‚ª‹u,“c•Ώπ”Τ,131202,“‹“s,—ϋ”n‹ζ,“c•Ώ‚P’–Ϊ,2019-01-27,04,κΛZ‘ξ,‚»‚Μ‘Ό
ή“,•”•i‚Λ‚η‚Ά,υ‚ª‹u,“c•Ώπ”Τ,131202,“‹“s,—ϋ”n‹ζ,υ‚ª‹u‚Q’–Ϊ,2019-03-02,19,‚SK‚ΔΘγ‹¤“―Z‘ξ,‚»‚Μ‘Ό
ή“,•”•i‚Λ‚η‚Ά,υ‚ª‹u,υ‚ª‹uO’–Ϊπ”Τ,131202,“‹“s,—ϋ”n‹ζ,‚Ό‚S’–Ϊ,2019-03-15,18,’“Τi—Φjκ,‚»‚Μ‘Ό
ή“,•”•i‚Λ‚η‚Ά,υ‚ª‹u,υ‚ª‹uO’–Ϊπ”Τ,131202,“‹“s,—ϋ”n‹ζ,“c•Ώ‚R’–Ϊ,2019-02-17,12,‚SK‚ΔΘγ‹¤“―Z‘ξ,ƒiƒ“ƒo[ƒvƒ[ƒg
ή“,•”•i‚Λ‚η‚Ά,υ‚ª‹u,υ‚ª‹uO’–Ϊπ”Τ,131202,“‹“s,—ϋ”n‹ζ,υ‚ª‹u‚Q’–Ϊ,2018-12-25,18,‚SK‚ΔΘγ‹¤“―Z‘ξ,‚»‚Μ‘Ό
ή“,•”•i‚Λ‚η‚Ά,υ‚ª‹u,υ‚ª‹uO’–Ϊπ”Τ,131202,“‹“s,—ϋ”n‹ζ,υ‚ª‹u‚Q’–Ϊ,2019-05-11,22,‚SK‚ΔΘγ‹¤“―Z‘ξ,‚»‚Μ‘Ό
ή“,•”•i‚Λ‚η‚Ά,υ‚ª‹u,υ‚ª‹uO’–Ϊπ”Τ,131202,“‹“s,—ϋ”n‹ζ,υ‚ª‹u‚R’–Ϊ,2019-01-25,07,’“Τi—Φjκ,‚»‚Μ‘Ό
ή“,•”•i‚Λ‚η‚Ά,υ‚ª‹u,υ‚ª‹uO’–Ϊπ”Τ,131202,“‹“s,—ϋ”n‹ζ,υ‚ª‹u‚R’–Ϊ,2019-01-27,23,‚SK‚ΔΘγ‹¤“―Z‘ξ,‚»‚Μ‘Ό
ή“,•”•i‚Λ‚η‚Ά,υ‚ª‹u,υ‚ª‹uO’–Ϊπ”Τ,131202,“‹“s,—ϋ”n‹ζ,υ‚ª‹u‚R’–Ϊ,2019-03-09,16,’“Τi—Φjκ,‚»‚Μ‘Ό
ή“,•”•i‚Λ‚η‚Ά,υ‚ª‹u,υ‚ª‹uO’–Ϊπ”Τ,131202,“‹“s,—ϋ”n‹ζ,υ‚ª‹u‚R’–Ϊ,2019-05-03,07,’“Τi—Φjκ,‚»‚Μ‘Ό
ή“,•”•i‚Λ‚η‚Ά,υ‚ª‹u,υ‚ª‹uO’–Ϊπ”Τ,131202,“‹“s,—ϋ”n‹ζ,υ‚ª‹u‚R’–Ϊ,2019-05-23,08,‚SK‚ΔΘγ‹¤“―Z‘ξ,‚»‚Μ‘Ό
ή“,•”•i‚Λ‚η‚Ά,υ‚ª‹u,υ‚ª‹uO’–Ϊπ”Τ,131202,“‹“s,—ϋ”n‹ζ,υ‚ª‹u‚R’–Ϊ,2019-05-31,14,‚SK‚ΔΘγ‹¤“―Z‘ξ,‚»‚Μ‘Ό
ή“,•”•i‚Λ‚η‚Ά,υ‚ª‹u,υ‚ª‹uO’–Ϊπ”Τ,131202,“‹“s,—ϋ”n‹ζ,υ‚ª‹u‚R’–Ϊ,2019-06-07,17,‚SK‚ΔΘγ‹¤“―Z‘ξ,‚»‚Μ‘Ό
ή“,•”•i‚Λ‚η‚Ά,υ‚ª‹u,υ‚ª‹uO’–Ϊπ”Τ,131202,“‹“s,—ϋ”n‹ζ,υ‚ª‹u‚S’–Ϊ,2019-08-28,22,’“Τi—Φjκ,‚»‚Μ‘Ό
ή“,•”•i‚Λ‚η‚Ά,υ‚ª‹u,υ‚ª‹uO’–Ϊπ”Τ,131202,“‹“s,—ϋ”n‹ζ,υ‚ª‹u‚T’–Ϊ,2019-01-30,15,‚SK‚ΔΘγ‹¤“―Z‘ξ,‚»‚Μ‘Ό
ή“,•”•i‚Λ‚η‚Ά,υ‚ª‹u,υ‚ª‹uO’–Ϊπ”Τ,131202,“‹“s,—ϋ”n‹ζ,υ‚ª‹u‚T’–Ϊ,2019-05-22,17,’“Τi—Φjκ,‚»‚Μ‘Ό
ή“,•”•i‚Λ‚η‚Ά,υ‚ª‹u,υ‚ª‹uO’–Ϊπ”Τ,131202,“‹“s,—ϋ”n‹ζ,υ‚ª‹u‚T’–Ϊ,2019-06-06,08,’“Τi—Φjκ,‚»‚Μ‘Ό
ή“,•”•i‚Λ‚η‚Ά,υ‚ª‹u,υ‚ª‹uO’–Ϊπ”Τ,131202,“‹“s,—ϋ”n‹ζ,υ‚ª‹u‚T’–Ϊ,2019-10-01,16,‚SK‚ΔΘγ‹¤“―Z‘ξ,ƒiƒ“ƒo[ƒvƒ[ƒg
ή“,•”•i‚Λ‚η‚Ά,υ‚ª‹u,υ‚ª‹uO’–Ϊπ”Τ,131202,“‹“s,—ϋ”n‹ζ,υ‚ª‹u‚T’–Ϊ,2019-12-10,08,’“Τi—Φjκ,‚»‚Μ‘Ό
ή“,•”•i‚Λ‚η‚Ά,υ‚ª‹u,υ‚ª‹uO’–Ϊπ”Τ,131202,“‹“s,—ϋ”n‹ζ,υ‚ª‹u‚V’–Ϊ,2019-01-11,18,‚SK‚ΔΘγ‹¤“―Z‘ξ,‚»‚Μ‘Ό
ή“,•”•i‚Λ‚η‚Ά,υ‚ª‹u,υ‚ª‹uO’–Ϊπ”Τ,131202,“‹“s,—ϋ”n‹ζ,υ‚ª‹u‚V’–Ϊ,2019-11-30,16,‚SK‚ΔΘγ‹¤“―Z‘ξ,‚»‚Μ‘Ό
ή“,•”•i‚Λ‚η‚Ά,υ‚ª‹u,—ϋ”n‚–μ‘δ‰w‘Oπ”Τ,131202,“‹“s,—ϋ”n‹ζ,•xm©‘δ‚R’–Ϊ,2019-04-25,14,’“Τi—Φjκ,ƒiƒ“ƒo[ƒvƒ[ƒg
ή“,•”•i‚Λ‚η‚Ά,υ‚ª‹u,—ϋ”n‚–μ‘δ‰w‘Oπ”Τ,131202,“‹“s,—ϋ”n‹ζ,“μ“c’†‚P’–Ϊ,2019-05-17,19,‚»‚Μ‘Ό‚ΜZ‘ξi‚RK‚ΔΘ‰Ί‹¤“―Z‘ξ“™j,‚»‚Μ‘Ό
ή“,•”•i‚Λ‚η‚Ά,υ‚ª‹u,’J΄π”Τ,131202,“‹“s,—ϋ”n‹ζ,‚–μ‘δ‚S’–Ϊ,2019-06-25,20,’“Τi—Φjκ,ƒ^ƒCƒ„EƒzƒC[ƒ‹
ή“,•”•i‚Λ‚η‚Ά,υ‚ª‹u,’J΄π”Τ,131202,“‹“s,—ϋ”n‹ζ,‚–μ‘δ‚S’–Ϊ,2019-07-23,21,’“Τi—Φjκ,ƒ^ƒCƒ„EƒzƒC[ƒ‹
ή“,•”•i‚Λ‚η‚Ά,υ‚ª‹u,’J΄π”Τ,131202,“‹“s,—ϋ”n‹ζ,’J΄‚P’–Ϊ,2019-04-07,13,‚SK‚ΔΘγ‹¤“―Z‘ξ,ƒiƒ“ƒo[ƒvƒ[ƒg
ή“,•”•i‚Λ‚η‚Ά,υ‚ª‹u,’J΄π”Τ,131202,“‹“s,—ϋ”n‹ζ,’J΄‚P’–Ϊ,2019-11-10,09,‚SK‚ΔΘγ‹¤“―Z‘ξ,ƒiƒ“ƒo[ƒvƒ[ƒg
ή“,•”•i‚Λ‚η‚Ά,υ‚ª‹u,’J΄π”Τ,131202,“‹“s,—ϋ”n‹ζ,’J΄‚R’–Ϊ,2019-06-07,15,’“Τi—Φjκ,‚»‚Μ‘Ό
ή“,•”•i‚Λ‚η‚Ά,υ‚ª‹u,’J΄π”Τ,131202,“‹“s,—ϋ”n‹ζ,’J΄‚R’–Ϊ,2019-12-16,18,κΛZ‘ξ,ƒiƒ“ƒo[ƒvƒ[ƒg
ή“,•”•i‚Λ‚η‚Ά,υ‚ª‹u,“yx“cπ”Τ,131202,“‹“s,—ϋ”n‹ζ,®’¬‚P’–Ϊ,2019-06-23,20,’“Τi—Φjκ,ƒ^ƒCƒ„EƒzƒC[ƒ‹
ή“,•”•i‚Λ‚η‚Ά,υ‚ª‹u,“yx“cπ”Τ,131202,“‹“s,—ϋ”n‹ζ,®’¬‚Q’–Ϊ,2019-05-02,07,κΛZ‘ξ,ƒiƒ“ƒo[ƒvƒ[ƒg
ή“,•”•i‚Λ‚η‚Ά,υ‚ª‹u,“yx“cπ”Τ,131202,“‹“s,—ϋ”n‹ζ,®’¬‚Q’–Ϊ,2019-07-12,18,‚SK‚ΔΘγ‹¤“―Z‘ξ,‚»‚Μ‘Ό
ή“,•”•i‚Λ‚η‚Ά,υ‚ª‹u,O΄‘δπ”Τ,131202,“‹“s,—ϋ”n‹ζ,O΄‘δ‚R’–Ϊ,2019-07-12,20,’“Τi—Φjκ,ƒ^ƒCƒ„EƒzƒC[ƒ‹
ή“,•”•i‚Λ‚η‚Ά,υ‚ª‹u,O΄‘δπ”Τ,131202,“‹“s,—ϋ”n‹ζ,’J΄‚U’–Ϊ,2019-04-25,18,κΛZ‘ξ,ƒiƒ“ƒo[ƒvƒ[ƒg
ή“,•”•i‚Λ‚η‚Ά,υ‚ª‹u,‚Ό’“έ,131202,“‹“s,—ϋ”n‹ζ,‚Ό‚Q’–Ϊ,2019-08-02,13,“ΉHγ,‚»‚Μ‘Ό
ή“,•”•i‚Λ‚η‚Ά,γ–μ,ξ‰Χ’¬π”Τ,131067,“‹“s,‘δ“‹ζ,“γ–μ‚R’–Ϊ,2019-03-30,18,’“Τi—Φjκ,ƒiƒ“ƒo[ƒvƒ[ƒg
ή“,•”•i‚Λ‚η‚Ά,γ–μ,•–επ”Τ,131067,“‹“s,‘δ“‹ζ,γ–μ‚P’–Ϊ,2019-04-20,16,“ΉHγ,‚»‚Μ‘Ό
ή“,•”•i‚Λ‚η‚Ά,γ–μ,γ–μ‰wπ”Τ,131067,“‹“s,‘δ“‹ζ,γ–μ‚S’–Ϊ,2019-02-13,07,‚»‚Μ‘Ό,‚»‚Μ‘Ό
ή“,•”•i‚Λ‚η‚Ά,γ–μ,γ–μ‰wπ”Τ,131067,“‹“s,‘δ“‹ζ,γ–μ‚S’–Ϊ,2019-02-13,07,‚»‚Μ‘Ό,‚»‚Μ‘Ό
ή“,•”•i‚Λ‚η‚Ά,‰Ί’J,ις’J‰w‘Oπ”Τ,131067,“‹“s,‘δ“‹ζ,ªέ‚Q’–Ϊ,2019-04-16,07,’“Τi—Φjκ,‚»‚Μ‘Ό
ή“,•”•i‚Λ‚η‚Ά,σ‘,“ϊ–{’ηπ”Τ,131067,“‹“s,‘δ“‹ζ,΄μ‚Q’–Ϊ,2019-04-01,11,’“Τi—Φjκ,‚»‚Μ‘Ό
ή“,•”•i‚Λ‚η‚Ά,σ‘,“ϊ–{’ηπ”Τ,131067,“‹“s,‘δ“‹ζ,‹΄κ‚Q’–Ϊ,2019-01-28,13,‚SK‚ΔΘγ‹¤“―Z‘ξ,‚»‚Μ‘Ό
ή“,•”•i‚Λ‚η‚Ά,σ‘,Όσ‘O’–Ϊπ”Τ,131067,“‹“s,‘δ“‹ζ,η‘©‚P’–Ϊ,2019-05-11,17,’“Τi—Φjκ,‚»‚Μ‘Ό
ή“,•”•i‚Λ‚η‚Ά,σ‘,‰ΤμΛπ”Τ,131067,“‹“s,‘δ“‹ζ,‰ΤμΛ‚P’–Ϊ,2019-11-20,15,’“Τi—Φjκ,‚»‚Μ‘Ό
ή“,•”•i‚Λ‚η‚Ά,‘ ‘O,‹e‰®‹΄π”Τ,131067,“‹“s,‘δ“‹ζ,Ό‚ª’J‚P’–Ϊ,2019-03-28,23,’“Τi—Φjκ,ƒiƒ“ƒo[ƒvƒ[ƒg
ή“,•”•i‚Λ‚η‚Ά,‘ ‘O,‹e‰®‹΄π”Τ,131067,“‹“s,‘δ“‹ζ,Ό‚ª’J‚Q’–Ϊ,2019-03-30,11,’“Τi—Φjκ,ƒiƒ“ƒo[ƒvƒ[ƒg
ή“,•”•i‚Λ‚η‚Ά,‘ ‘O,‹e‰®‹΄π”Τ,131067,“‹“s,‘δ“‹ζ,³σ‘‚S’–Ϊ,2019-03-30,16,’“Τi—Φjκ,ƒiƒ“ƒo[ƒvƒ[ƒg
ή“,•”•i‚Λ‚η‚Ά,‘ ‘O,‹e‰®‹΄π”Τ,131067,“‹“s,‘δ“‹ζ,³σ‘‚S’–Ϊ,2019-03-30,20,κΛZ‘ξ,ƒiƒ“ƒo[ƒvƒ[ƒg
ή“,•”•i‚Λ‚η‚Ά,‘ ‘O,¬“‡“ρ’–Ϊπ”Τ,131067,“‹“s,‘δ“‹ζ,³σ‘‚P’–Ϊ,2019-03-29,14,‚»‚Μ‘Ό,ƒiƒ“ƒo[ƒvƒ[ƒg
ή“,•”•i‚Λ‚η‚Ά,‘ ‘O,¬“‡“ρ’–Ϊπ”Τ,131067,“‹“s,‘δ“‹ζ,³σ‘‚P’–Ϊ,2019-03-30,19,’“Τi—Φjκ,ƒiƒ“ƒo[ƒvƒ[ƒg
ή“,•”•i‚Λ‚η‚Ά,‘ ‘O,{‰κ‹΄π”Τ,131067,“‹“s,‘δ“‹ζ,σ‘‹΄‚T’–Ϊ,2019-04-03,22,“ΉHγ,ƒiƒ“ƒo[ƒvƒ[ƒg
ή“,•”•i‚Λ‚η‚Ά,”φ‹v,F–μ‘Oπ”Τ,131181,“‹“s,rμ‹ζ,Ό”φ‹v‚R’–Ϊ,2019-03-23,19,κΛZ‘ξ,ƒiƒ“ƒo[ƒvƒ[ƒg
ή“,•”•i‚Λ‚η‚Ά,”φ‹v,F–μ‘Oπ”Τ,131181,“‹“s,rμ‹ζ,“”φ‹v‚U’–Ϊ,2019-02-05,18,κΛZ‘ξ,‚»‚Μ‘Ό
ή“,•”•i‚Λ‚η‚Ά,”φ‹v,”φ’|‹΄π”Τ,131181,“‹“s,rμ‹ζ,’¬‰®‚T’–Ϊ,2019-04-05,21,‚SK‚ΔΘγ‹¤“―Z‘ξ,ƒ^ƒCƒ„EƒzƒC[ƒ‹
ή“,•”•i‚Λ‚η‚Ά,”φ‹v,”φ’|‹΄π”Τ,131181,“‹“s,rμ‹ζ,’¬‰®‚T’–Ϊ,2019-05-15,16,‚SK‚ΔΘγ‹¤“―Z‘ξ,ƒiƒ“ƒo[ƒvƒ[ƒg
ή“,•”•i‚Λ‚η‚Ά,”φ‹v,Τ“yπ”Τ,131181,“‹“s,rμ‹ζ,“”φ‹v‚P’–Ϊ,2019-10-10,23,κΛZ‘ξ,ƒiƒ“ƒo[ƒvƒ[ƒg
ή“,•”•i‚Λ‚η‚Ά,”φ‹v,Ό”φ‹vπ”Τ,131181,“‹“s,rμ‹ζ,Ό”φ‹v‚Q’–Ϊ,2019-11-07,16,κΛZ‘ξ,‚»‚Μ‘Ό
ή“,•”•i‚Λ‚η‚Ά,”φ‹v,rμ—V‰€‘Oπ”Τ,131181,“‹“s,rμ‹ζ,Ό”φ‹v‚W’–Ϊ,2019-10-26,08,’“Τi—Φjκ,‚»‚Μ‘Ό
ή“,•”•i‚Λ‚η‚Ά,“μηZ,“μηZκ’–Ϊπ”Τ,131181,“‹“s,rμ‹ζ,““ϊ•ι—Ά‚P’–Ϊ,2019-03-23,10,’“Τi—Φjκ,‚»‚Μ‘Ό
ή“,•”•i‚Λ‚η‚Ά,“μηZ,“μηZ”ª’–Ϊπ”Τ,131181,“‹“s,rμ‹ζ,“μηZ‚W’–Ϊ,2019-11-09,22,‚SK‚ΔΘγ‹¤“―Z‘ξ,‚»‚Μ‘Ό
ή“,•”•i‚Λ‚η‚Ά,“μηZ,“μηZ‰w“ϋπ”Τ,131181,“‹“s,rμ‹ζ,“μηZ‚S’–Ϊ,2019-05-24,09,’“Τi—Φjκ,‚»‚Μ‘Ό
ή“,•”•i‚Λ‚η‚Ά,“μηZ,“μηZ‰w“ϋπ”Τ,131181,“‹“s,rμ‹ζ,“μηZ‚V’–Ϊ,2019-03-13,17,“ΉHγ,ƒiƒ“ƒo[ƒvƒ[ƒg
ή“,•”•i‚Λ‚η‚Ά,rμ,O‰Ν“‡‰w‘Oπ”Τ,131181,“‹“s,rμ‹ζ,rμ‚R’–Ϊ,2019-09-14,14,‚SK‚ΔΘγ‹¤“―Z‘ξ,‚»‚Μ‘Ό
ή“,•”•i‚Λ‚η‚Ά,rμ,O‰Ν“‡‰w‘Oπ”Τ,131181,“‹“s,rμ‹ζ,““ϊ•ι—Ά‚Q’–Ϊ,2019-09-11,21,‚SK‚ΔΘγ‹¤“―Z‘ξ,‚»‚Μ‘Ό
ή“,•”•i‚Λ‚η‚Ά,rμ,““ϊ•ι—Άπ”Τ,131181,“‹“s,rμ‹ζ,““ϊ•ι—Ά‚P’–Ϊ,2019-10-08,19,‚SK‚ΔΘγ‹¤“―Z‘ξ,‚»‚Μ‘Ό
ή“,•”•i‚Λ‚η‚Ά,rμ,““ϊ•ι—Άπ”Τ,131181,“‹“s,rμ‹ζ,““ϊ•ι—Ά‚Q’–Ϊ,2019-03-29,19,‚SK‚ΔΘγ‹¤“―Z‘ξ,‚»‚Μ‘Ό
ή“,•”•i‚Λ‚η‚Ά,rμ,’¬‰®π”Τ,131181,“‹“s,rμ‹ζ,rμ‚U’–Ϊ,2019-08-09,17,“ΉHγ,‚»‚Μ‘Ό
ή“,•”•i‚Λ‚η‚Ά,rμ,’¬‰®π”Τ,131181,“‹“s,rμ‹ζ,’¬‰®‚R’–Ϊ,2018-12-27,13,’“Τi—Φjκ,‚»‚Μ‘Ό
ή“,•”•i‚Λ‚η‚Ά,rμ,rμά’–Ϊπ”Τ,131181,“‹“s,rμ‹ζ,rμ‚V’–Ϊ,2019-07-24,14,“ΉHγ,‚»‚Μ‘Ό
ή“,•”•i‚Λ‚η‚Ά,rμ,Ό“ϊ•ι—ΆZ’–Ϊπ”Τ,131181,“‹“s,rμ‹ζ,Ό“ϊ•ι—Ά‚P’–Ϊ,2019-01-12,16,κΛZ‘ξ,‚»‚Μ‘Ό
ή“,•”•i‚Λ‚η‚Ά,rμ,“ϊ•ι—Ά‰w‘Oπ”Τ,131181,“‹“s,rμ‹ζ,““ϊ•ι—Ά‚Q’–Ϊ,2019-08-13,16,’“Τi—Φjκ,‚»‚Μ‘Ό
ή“,•”•i‚Λ‚η‚Ά,rμ,Ό“ϊ•ι—Ά‰w‘Oπ”Τ,131181,“‹“s,rμ‹ζ,Ό“ϊ•ι—Ά‚T’–Ϊ,2018-12-08,16,’“Τi—Φjκ,‚»‚Μ‘Ό
ή“,•”•i‚Λ‚η‚Ά,ηZ,–kηZ‰wΌϋπ”Τ,131211,“‹“s,‘«—§‹ζ,ηZ‚Q’–Ϊ,2019-08-23,04,’“Τi—Φjκ,‚»‚Μ‘Ό
ή“,•”•i‚Λ‚η‚Ά,ηZ,–kηZ‰wΌϋπ”Τ,131211,“‹“s,‘«—§‹ζ,ηZ‚R’–Ϊ,2019-03-23,09,’“Τi—Φjκ,‚»‚Μ‘Ό
ή“,•”•i‚Λ‚η‚Ά,ηZ,–kηZ‰wΌϋπ”Τ,131211,“‹“s,‘«—§‹ζ,ηZυ’¬,2019-10-08,17,‚SK‚ΔΘγ‹¤“―Z‘ξ,‚»‚Μ‘Ό
ή“,•”•i‚Λ‚η‚Ά,ηZ,—Ξ’¬π”Τ,131211,“‹“s,‘«—§‹ζ,ηZ—Ξ’¬‚P’–Ϊ,2019-09-08,05,’“Τi—Φjκ,‚»‚Μ‘Ό
ή“,•”•i‚Λ‚η‚Ά,ηZ,–kηZ‰w“ϋπ”Τ,131211,“‹“s,‘«—§‹ζ,ηZ®’¬,2019-06-03,17,’“Τi—Φjκ,‚»‚Μ‘Ό
ή“,•”•i‚Λ‚η‚Ά,ΌVδ,‘εt‘Oπ”Τ,131211,“‹“s,‘«—§‹ζ,ΌVδ‚U’–Ϊ,2019-12-17,18,‚»‚Μ‘Ό,ƒiƒ“ƒo[ƒvƒ[ƒg
ή“,•”•i‚Λ‚η‚Ά,ΌVδ,‘εt‘Oπ”Τ,131211,“‹“s,‘«—§‹ζ,ΌVδ‚V’–Ϊ,2019-08-09,12,‚»‚Μ‘Ό,‚»‚Μ‘Ό
ή“,•”•i‚Λ‚η‚Ά,ΌVδ,‘εt‘Oπ”Τ,131211,“‹“s,‘«—§‹ζ,ΌVδ–{’¬‚P’–Ϊ,2019-06-17,10,κΛZ‘ξ,ƒiƒ“ƒo[ƒvƒ[ƒg
ή“,•”•i‚Λ‚η‚Ά,ΌVδ,‘εt‘Oπ”Τ,131211,“‹“s,‘«—§‹ζ,ΌVδ–{’¬‚Q’–Ϊ,2019-08-23,09,’“Τi—Φjκ,ƒiƒ“ƒo[ƒvƒ[ƒg
ή“,•”•i‚Λ‚η‚Ά,ΌVδ,‘εt‘Oπ”Τ,131211,“‹“s,‘«—§‹ζ,ΌVδ–{’¬‚T’–Ϊ,2019-06-11,09,’“Τi—Φjκ,‚»‚Μ‘Ό
ή“,•”•i‚Λ‚η‚Ά,ΌVδ,ΌVδ‰w‘Oπ”Τ,131211,“‹“s,‘«—§‹ζ,”~“‡‚R’–Ϊ,2019-07-15,12,’“Τi—Φjκ,‚»‚Μ‘Ό
ή“,•”•i‚Λ‚η‚Ά,ΌVδ,ΌVδ‰w‘Oπ”Τ,131211,“‹“s,‘«—§‹ζ,”~“‡‚R’–Ϊ,2019-07-27,18,’“Τi—Φjκ,‚»‚Μ‘Ό
ή“,•”•i‚Λ‚η‚Ά,ΌVδ,ΌVδ‰w‘Oπ”Τ,131211,“‹“s,‘«—§‹ζ,ΌVδ‰h’¬‚P’–Ϊ,2019-10-24,17,’“Τi—Φjκ,‚»‚Μ‘Ό
ή“,•”•i‚Λ‚η‚Ά,ΌVδ,ΌVδ‰w‘Oπ”Τ,131211,“‹“s,‘«—§‹ζ,ΌVδ‰h’¬‚Q’–Ϊ,2019-01-02,11,’“Τi—Φjκ,‚»‚Μ‘Ό
ή“,•”•i‚Λ‚η‚Ά,ΌVδ,]–kπ”Τ,131211,“‹“s,‘«—§‹ζ,]–k‚Q’–Ϊ,2019-02-24,22,‚»‚Μ‘Ό‚ΜZ‘ξi‚RK‚ΔΘ‰Ί‹¤“―Z‘ξ“™j,‚»‚Μ‘Ό
ή“,•”•i‚Λ‚η‚Ά,ΌVδ,]–kπ”Τ,131211,“‹“s,‘«—§‹ζ,]–k‚R’–Ϊ,2019-05-04,10,‚SK‚ΔΘγ‹¤“―Z‘ξ,ƒiƒ“ƒo[ƒvƒ[ƒg
ή“,•”•i‚Λ‚η‚Ά,ΌVδ,]–kπ”Τ,131211,“‹“s,‘«—§‹ζ,]–k‚R’–Ϊ,2019-06-23,18,‚SK‚ΔΘγ‹¤“―Z‘ξ,ƒiƒ“ƒo[ƒvƒ[ƒg
ή“,•”•i‚Λ‚η‚Ά,ΌVδ,]–kπ”Τ,131211,“‹“s,‘«—§‹ζ,]–k‚R’–Ϊ,2019-11-06,10,‚SK‚ΔΘγ‹¤“―Z‘ξ,ƒiƒ“ƒo[ƒvƒ[ƒg
ή“,•”•i‚Λ‚η‚Ά,ΌVδ,]–kπ”Τ,131211,“‹“s,‘«—§‹ζ,]–k‚S’–Ϊ,2019-03-11,19,‚SK‚ΔΘγ‹¤“―Z‘ξ,‚»‚Μ‘Ό
ή“,•”•i‚Λ‚η‚Ά,ΌVδ,‹{ιπ”Τ,131211,“‹“s,‘«—§‹ζ,¬‘δ‚P’–Ϊ,2019-11-06,13,’“Τi—Φjκ,ƒiƒ“ƒo[ƒvƒ[ƒg
ή“,•”•i‚Λ‚η‚Ά,ΌVδ,“‡ªπ”Τ,131211,“‹“s,‘«—§‹ζ,I΄‚P’–Ϊ,2019-01-21,14,‚SK‚ΔΘγ‹¤“―Z‘ξ,‚»‚Μ‘Ό
ή“,•”•i‚Λ‚η‚Ά,ΌVδ,“‡ªπ”Τ,131211,“‹“s,‘«—§‹ζ,“‡ª‚Q’–Ϊ,2019-03-15,18,‚SK‚ΔΘγ‹¤“―Z‘ξ,‚»‚Μ‘Ό
ή“,•”•i‚Λ‚η‚Ά,ΌVδ,“‡ªπ”Τ,131211,“‹“s,‘«—§‹ζ,“‡ª‚R’–Ϊ,2019-02-17,10,‚SK‚ΔΘγ‹¤“―Z‘ξ,ƒiƒ“ƒo[ƒvƒ[ƒg
ή“,•”•i‚Λ‚η‚Ά,ΌVδ,“‡ªπ”Τ,131211,“‹“s,‘«—§‹ζ,Z‚Q’–Ϊ,2019-05-24,18,‚SK‚ΔΘγ‹¤“―Z‘ξ,‚»‚Μ‘Ό
ή“,•”•i‚Λ‚η‚Ά,ΌVδ,“‡ªπ”Τ,131211,“‹“s,‘«—§‹ζ,Z‚Q’–Ϊ,2019-11-21,18,’“Τi—Φjκ,‚»‚Μ‘Ό
ή“,•”•i‚Λ‚η‚Ά,ΌVδ,Mΐπ”Τ,131211,“‹“s,‘«—§‹ζ,‰Α‰κ‚P’–Ϊ,2019-04-21,16,‚SK‚ΔΘγ‹¤“―Z‘ξ,‚»‚Μ‘Ό
ή“,•”•i‚Λ‚η‚Ά,ΌVδ,Mΐπ”Τ,131211,“‹“s,‘«—§‹ζ,‰Α‰κ‚Q’–Ϊ,2019-06-24,17,‚SK‚ΔΘγ‹¤“―Z‘ξ,ƒiƒ“ƒo[ƒvƒ[ƒg
ή“,•”•i‚Λ‚η‚Ά,ΌVδ,Mΐπ”Τ,131211,“‹“s,‘«—§‹ζ,‰Α‰κ‚Q’–Ϊ,2019-11-30,18,‚SK‚ΔΘγ‹¤“―Z‘ξ,‚»‚Μ‘Ό
ή“,•”•i‚Λ‚η‚Ά,ΌVδ,Mΐπ”Τ,131211,“‹“s,‘«—§‹ζ,Mΐ‚P’–Ϊ,2019-01-13,16,‚SK‚ΔΘγ‹¤“―Z‘ξ,ƒiƒ“ƒo[ƒvƒ[ƒg
ή“,•”•i‚Λ‚η‚Ά,ΌVδ,Mΐπ”Τ,131211,“‹“s,‘«—§‹ζ,Mΐ‚Q’–Ϊ,2019-07-09,22,’“Τi—Φjκ,‚»‚Μ‘Ό
ή“,•”•i‚Λ‚η‚Ά,ΌVδ,­•lπ”Τ,131211,“‹“s,‘«—§‹ζ,­•l‚P’–Ϊ,2019-01-30,14,“ΉHγ,ƒiƒ“ƒo[ƒvƒ[ƒg
ή“,•”•i‚Λ‚η‚Ά,ΌVδ,­•lπ”Τ,131211,“‹“s,‘«—§‹ζ,­•l‚P’–Ϊ,2019-04-13,21,‚»‚Μ‘Ό,‚»‚Μ‘Ό
ή“,•”•i‚Λ‚η‚Ά,ΌVδ,­•lπ”Τ,131211,“‹“s,‘«—§‹ζ,­•l‚Q’–Ϊ,2019-05-08,16,‚»‚Μ‘Ό‚ΜZ‘ξi‚RK‚ΔΘ‰Ί‹¤“―Z‘ξ“™j,‚»‚Μ‘Ό
ή“,•”•i‚Λ‚η‚Ά,ΌVδ,­•lπ”Τ,131211,“‹“s,‘«—§‹ζ,­•l‚T’–Ϊ,2019-05-17,02,‚SK‚ΔΘγ‹¤“―Z‘ξ,ƒiƒ“ƒo[ƒvƒ[ƒg
ή“,•”•i‚Λ‚η‚Ά,ΌVδ,­•lπ”Τ,131211,“‹“s,‘«—§‹ζ,­•l‚T’–Ϊ,2019-12-30,10,‚SK‚ΔΘγ‹¤“―Z‘ξ,‚»‚Μ‘Ό
ή“,•”•i‚Λ‚η‚Ά,ΌVδ,V“c’“έ,131211,“‹“s,‘«—§‹ζ,V“c‚R’–Ϊ,2019-03-18,16,’“Τi—Φjκ,‚»‚Μ‘Ό
ή“,•”•i‚Λ‚η‚Ά,ΌVδ,V“c’“έ,131211,“‹“s,‘«—§‹ζ,V“c‚R’–Ϊ,2019-09-28,21,‚SK‚ΔΘγ‹¤“―Z‘ξ,‚»‚Μ‘Ό
ή“,•”•i‚Λ‚η‚Ά,ΌVδ,ΌVδά’–Ϊπ”Τ,131211,“‹“s,‘«—§‹ζ,ΌVδ‚Q’–Ϊ,2019-07-04,14,’“Τi—Φjκ,ƒiƒ“ƒo[ƒvƒ[ƒg
ή“,•”•i‚Λ‚η‚Ά,ΌVδ,ΌVδά’–Ϊπ”Τ,131211,“‹“s,‘«—§‹ζ,ΌVδ‚R’–Ϊ,2019-10-19,18,‚SK‚ΔΘγ‹¤“―Z‘ξ,ƒiƒ“ƒo[ƒvƒ[ƒg
ή“,•”•i‚Λ‚η‚Ά,ΌVδ,ΌVδά’–Ϊπ”Τ,131211,“‹“s,‘«—§‹ζ,ΌVδ‚R’–Ϊ,2019-11-12,08,’“Τi—Φjκ,ƒiƒ“ƒo[ƒvƒ[ƒg
ή“,•”•i‚Λ‚η‚Ά,ΌVδ,ΌVδά’–Ϊπ”Τ,131211,“‹“s,‘«—§‹ζ,ΌVδ‚T’–Ϊ,2019-05-27,08,κΛZ‘ξ,‚»‚Μ‘Ό
ή“,•”•i‚Λ‚η‚Ά,ΌVδ,ΌVδά’–Ϊπ”Τ,131211,“‹“s,‘«—§‹ζ,ΌVδ‚T’–Ϊ,2019-11-04,13,’“Τi—Φjκ,ƒiƒ“ƒo[ƒvƒ[ƒg
ή“,•”•i‚Λ‚η‚Ά,ΌVδ,ΌVδά’–Ϊπ”Τ,131211,“‹“s,‘«—§‹ζ,ΌVδ‚T’–Ϊ,2019-11-05,14,’“Τi—Φjκ,ƒiƒ“ƒo[ƒvƒ[ƒg
ή“,•”•i‚Λ‚η‚Ά,ΌVδ,ξπ”Τ,131211,“‹“s,‘«—§‹ζ,ξ‚P’–Ϊ,2018-08-15,00,’“Τi—Φjκ,ƒiƒ“ƒo[ƒvƒ[ƒg
ή“,•”•i‚Λ‚η‚Ά,ΌVδ,ξπ”Τ,131211,“‹“s,‘«—§‹ζ,ξ‚P’–Ϊ,2019-04-16,18,’“Τi—Φjκ,ƒiƒ“ƒo[ƒvƒ[ƒg
ή“,•”•i‚Λ‚η‚Ά,ΌVδ,ξπ”Τ,131211,“‹“s,‘«—§‹ζ,ξ‚P’–Ϊ,2019-04-27,18,‚SK‚ΔΘγ‹¤“―Z‘ξ,‚»‚Μ‘Ό
ή“,•”•i‚Λ‚η‚Ά,ΌVδ,ξπ”Τ,131211,“‹“s,‘«—§‹ζ,ξ‚P’–Ϊ,2019-10-04,17,‚SK‚ΔΘγ‹¤“―Z‘ξ,ƒ^ƒCƒ„EƒzƒC[ƒ‹
ή“,•”•i‚Λ‚η‚Ά,ΌVδ,ξπ”Τ,131211,“‹“s,‘«—§‹ζ,ξ‚R’–Ϊ,2018-11-21,02,‚SK‚ΔΘγ‹¤“―Z‘ξ,ƒiƒ“ƒo[ƒvƒ[ƒg
ή“,•”•i‚Λ‚η‚Ά,»£,‘ε’J“cπ”Τ,131211,“‹“s,‘«—§‹ζ,‘ε’J“c‚P’–Ϊ,2019-01-10,08,‚SK‚ΔΘγ‹¤“―Z‘ξ,ƒiƒ“ƒo[ƒvƒ[ƒg
ή“,•”•i‚Λ‚η‚Ά,»£,‘ε’J“cπ”Τ,131211,“‹“s,‘«—§‹ζ,‘ε’J“c‚P’–Ϊ,2019-01-15,19,‚SK‚ΔΘγ‹¤“―Z‘ξ,ƒiƒ“ƒo[ƒvƒ[ƒg
ή“,•”•i‚Λ‚η‚Ά,»£,‘ε’J“cπ”Τ,131211,“‹“s,‘«—§‹ζ,‘ε’J“c‚P’–Ϊ,2019-03-17,22,‚SK‚ΔΘγ‹¤“―Z‘ξ,ƒ^ƒCƒ„EƒzƒC[ƒ‹
ή“,•”•i‚Λ‚η‚Ά,»£,‘ε’J“cπ”Τ,131211,“‹“s,‘«—§‹ζ,‘ε’J“c‚R’–Ϊ,2019-06-21,19,‚SK‚ΔΘγ‹¤“―Z‘ξ,ƒiƒ“ƒo[ƒvƒ[ƒg
ή“,•”•i‚Λ‚η‚Ά,»£,‘ε’J“cπ”Τ,131211,“‹“s,‘«—§‹ζ,‘ε’J“c‚R’–Ϊ,2019-09-30,18,‚SK‚ΔΘγ‹¤“―Z‘ξ,‚»‚Μ‘Ό
ή“,•”•i‚Λ‚η‚Ά,»£,‘ε’J“cπ”Τ,131211,“‹“s,‘«—§‹ζ,‘ε’J“c‚T’–Ϊ,2013-02-01,•s–Ύ,‚SK‚ΔΘγ‹¤“―Z‘ξ,ƒiƒ“ƒo[ƒvƒ[ƒg
ή“,•”•i‚Λ‚η‚Ά,»£,‘ε’J“cπ”Τ,131211,“‹“s,‘«—§‹ζ,‘ε’J“c‚T’–Ϊ,2019-04-17,18,‚»‚Μ‘Ό‚ΜZ‘ξi‚RK‚ΔΘ‰Ί‹¤“―Z‘ξ“™j,ƒiƒ“ƒo[ƒvƒ[ƒg
ή“,•”•i‚Λ‚η‚Ά,»£,‘ε’J“cπ”Τ,131211,“‹“s,‘«—§‹ζ,²–μ‚Q’–Ϊ,2019-02-06,20,‚»‚Μ‘Ό‚ΜZ‘ξi‚RK‚ΔΘ‰Ί‹¤“―Z‘ξ“™j,‚»‚Μ‘Ό
ή“,•”•i‚Λ‚η‚Ά,»£,’†μπ”Τ,131211,“‹“s,‘«—§‹ζ,’†μ‚T’–Ϊ,2019-11-17,15,‚»‚Μ‘Ό‚ΜZ‘ξi‚RK‚ΔΘ‰Ί‹¤“―Z‘ξ“™j,ƒiƒ“ƒo[ƒvƒ[ƒg
ή“,•”•i‚Λ‚η‚Ά,»£,»£Z’–Ϊπ”Τ,131211,“‹“s,‘«—§‹ζ,»£‚U’–Ϊ,2019-05-24,15,‚SK‚ΔΘγ‹¤“―Z‘ξ,‚»‚Μ‘Ό
ή“,•”•i‚Λ‚η‚Ά,»£,»£Z’–Ϊπ”Τ,131211,“‹“s,‘«—§‹ζ,»£‚V’–Ϊ,2019-11-19,23,‚SK‚ΔΘγ‹¤“―Z‘ξ,‚»‚Μ‘Ό
ή“,•”•i‚Λ‚η‚Ά,»£,»£Z’–Ϊπ”Τ,131211,“‹“s,‘«—§‹ζ,’J’†‚Q’–Ϊ,2019-04-22,14,’“Τi—Φjκ,‚»‚Μ‘Ό
ή“,•”•i‚Λ‚η‚Ά,»£,»£‰wΌϋπ”Τ,131211,“‹“s,‘«—§‹ζ,»£‚P’–Ϊ,2014-01-01,•s–Ύ,’“Τi—Φjκ,ƒiƒ“ƒo[ƒvƒ[ƒg
ή“,•”•i‚Λ‚η‚Ά,»£,»£‰wΌϋπ”Τ,131211,“‹“s,‘«—§‹ζ,»£‚P’–Ϊ,2019-09-29,02,“ΉHγ,‚»‚Μ‘Ό
ή“,•”•i‚Λ‚η‚Ά,»£,’†‰›–{’¬π”Τ,131211,“‹“s,‘«—§‹ζ,’†‰›–{’¬‚Q’–Ϊ,2019-06-29,17,‚SK‚ΔΘγ‹¤“―Z‘ξ,‚»‚Μ‘Ό
ή“,•”•i‚Λ‚η‚Ά,»£,’†‰›–{’¬π”Τ,131211,“‹“s,‘«—§‹ζ,’†‰›–{’¬‚S’–Ϊ,2019-09-28,12,‚SK‚ΔΘγ‹¤“―Z‘ξ,ƒiƒ“ƒo[ƒvƒ[ƒg
ή“,•”•i‚Λ‚η‚Ά,»£,’†‰›–{’¬π”Τ,131211,“‹“s,‘«—§‹ζ,’†‰›–{’¬‚S’–Ϊ,2019-10-01,07,‚SK‚ΔΘγ‹¤“―Z‘ξ,ƒ^ƒCƒ„EƒzƒC[ƒ‹
ή“,•”•i‚Λ‚η‚Ά,»£,’†‰›–{’¬π”Τ,131211,“‹“s,‘«—§‹ζ,’†‰›–{’¬‚T’–Ϊ,2019-12-15,17,“ΉHγ,‚»‚Μ‘Ό
ή“,•”•i‚Λ‚η‚Ά,»£,’†‰›–{’¬π”Τ,131211,“‹“s,‘«—§‹ζ,•½–μ‚P’–Ϊ,2019-08-28,16,’“Τi—Φjκ,‚»‚Μ‘Ό
ή“,•”•i‚Λ‚η‚Ά,»£,_–Ύπ”Τ,131211,“‹“s,‘«—§‹ζ,_–Ύ‚Q’–Ϊ,2019-04-12,18,’“Τi—Φjκ,‚»‚Μ‘Ό
ή“,•”•i‚Λ‚η‚Ά,»£,_–Ύπ”Τ,131211,“‹“s,‘«—§‹ζ,_–Ύ“μ‚P’–Ϊ,2019-08-08,17,‚SK‚ΔΘγ‹¤“―Z‘ξ,‚»‚Μ‘Ό
ή“,•”•i‚Λ‚η‚Ά,»£,_–Ύπ”Τ,131211,“‹“s,‘«—§‹ζ,Z–Ψ‚P’–Ϊ,2019-01-11,15,‚SK‚ΔΘγ‹¤“―Z‘ξ,‚»‚Μ‘Ό
ή“,•”•i‚Λ‚η‚Ά,»£,_–Ύπ”Τ,131211,“‹“s,‘«—§‹ζ,Z–Ψ‚P’–Ϊ,2019-07-03,18,‚SK‚ΔΘγ‹¤“―Z‘ξ,ƒiƒ“ƒo[ƒvƒ[ƒg
ή“,•”•i‚Λ‚η‚Ά,»£,κƒc‰Ζπ”Τ,131211,“‹“s,‘«—§‹ζ,Βδ‚U’–Ϊ,2019-08-21,19,’“Τi—Φjκ,ƒiƒ“ƒo[ƒvƒ[ƒg
ή“,•”•i‚Λ‚η‚Ά,»£,“aπ”Τ,131211,“‹“s,‘«—§‹ζ,“a‚R’–Ϊ,2019-04-28,17,κΛZ‘ξ,‚»‚Μ‘Ό
ή“,•”•i‚Λ‚η‚Ά,»£,»£‰w“ϋπ”Τ,131211,“‹“s,‘«—§‹ζ,»£‚T’–Ϊ,2019-01-28,12,‚SK‚ΔΘγ‹¤“―Z‘ξ,‚»‚Μ‘Ό
ή“,•”•i‚Λ‚η‚Ά,’|‚Μ’Λ,‰Τ”¨π”Τ,131211,“‹“s,‘«—§‹ζ,‰Τ”¨‚P’–Ϊ,2019-06-08,12,‚»‚Μ‘Ό,‚»‚Μ‘Ό
ή“,•”•i‚Λ‚η‚Ά,’|‚Μ’Λ,‰Τ”¨π”Τ,131211,“‹“s,‘«—§‹ζ,‰Τ”¨‚P’–Ϊ,2019-07-11,17,κΛZ‘ξ,ƒiƒ“ƒo[ƒvƒ[ƒg
ή“,•”•i‚Λ‚η‚Ά,’|‚Μ’Λ,‰Τ”¨π”Τ,131211,“‹“s,‘«—§‹ζ,‰Τ”¨‚R’–Ϊ,2019-10-08,07,‚»‚Μ‘Ό,‚»‚Μ‘Ό
ή“,•”•i‚Λ‚η‚Ά,’|‚Μ’Λ,‰Τ”¨π”Τ,131211,“‹“s,‘«—§‹ζ,‰Τ”¨‚W’–Ϊ,2019-06-18,15,‚SK‚ΔΘγ‹¤“―Z‘ξ,‚»‚Μ‘Ό
ή“,•”•i‚Λ‚η‚Ά,’|‚Μ’Λ,‰Τ”¨π”Τ,131211,“‹“s,‘«—§‹ζ,“μ‰Τ”¨‚T’–Ϊ,2019-10-25,07,‚SK‚ΔΘγ‹¤“―Z‘ξ,ƒiƒ“ƒo[ƒvƒ[ƒg
ή“,•”•i‚Λ‚η‚Ά,’|‚Μ’Λ,•Ϋ–ΨΤπ”Τ,131211,“‹“s,‘«—§‹ζ,‰Τ”¨‚T’–Ϊ,2019-08-02,09,‚SK‚ΔΘγ‹¤“―Z‘ξ,ƒiƒ“ƒo[ƒvƒ[ƒg
ή“,•”•i‚Λ‚η‚Ά,’|‚Μ’Λ,•Ϋ–ΨΤπ”Τ,131211,“‹“s,‘«—§‹ζ,“•Ϋ–ΨΤ‚P’–Ϊ,2019-02-02,19,’“Τi—Φjκ,‚»‚Μ‘Ό
ή“,•”•i‚Λ‚η‚Ά,’|‚Μ’Λ,•Ϋ–ΨΤπ”Τ,131211,“‹“s,‘«—§‹ζ,“•Ϋ–ΨΤ‚P’–Ϊ,2019-06-01,13,‚SK‚ΔΘγ‹¤“―Z‘ξ,ƒiƒ“ƒo[ƒvƒ[ƒg
ή“,•”•i‚Λ‚η‚Ά,’|‚Μ’Λ,•Ϋ–ΨΤπ”Τ,131211,“‹“s,‘«—§‹ζ,•Ϋ–ΨΤ‚Q’–Ϊ,2019-09-05,16,“ΉHγ,ƒiƒ“ƒo[ƒvƒ[ƒg
ή“,•”•i‚Λ‚η‚Ά,’|‚Μ’Λ,•Ϋ–ΨΤπ”Τ,131211,“‹“s,‘«—§‹ζ,“μ‰Τ”¨‚T’–Ϊ,2018-01-11,•s–Ύ,‚SK‚ΔΘγ‹¤“―Z‘ξ,‚»‚Μ‘Ό
ή“,•”•i‚Λ‚η‚Ά,’|‚Μ’Λ,•Ϋ–ΨΤπ”Τ,131211,“‹“s,‘«—§‹ζ,“μ‰Τ”¨‚T’–Ϊ,2019-02-16,20,‚SK‚ΔΘγ‹¤“―Z‘ξ,‚»‚Μ‘Ό
ή“,•”•i‚Λ‚η‚Ά,’|‚Μ’Λ,•Ϋ–ΨΤπ”Τ,131211,“‹“s,‘«—§‹ζ,“μ‰Τ”¨‚T’–Ϊ,2019-09-20,03,‚»‚Μ‘Ό‚ΜZ‘ξi‚RK‚ΔΘ‰Ί‹¤“―Z‘ξ“™j,‚»‚Μ‘Ό
ή“,•”•i‚Λ‚η‚Ά,’|‚Μ’Λ,Ό•Ϋ–ΨΤπ”Τ,131211,“‹“s,‘«—§‹ζ,Ό•Ϋ–ΨΤ‚R’–Ϊ,2018-12-01,19,‚SK‚ΔΘγ‹¤“―Z‘ξ,ƒiƒ“ƒo[ƒvƒ[ƒg
ή“,•”•i‚Λ‚η‚Ά,’|‚Μ’Λ,Ό•Ϋ–ΨΤπ”Τ,131211,“‹“s,‘«—§‹ζ,Ό•Ϋ–ΨΤ‚S’–Ϊ,2019-01-30,16,’“Τi—Φjκ,‚»‚Μ‘Ό
ή“,•”•i‚Λ‚η‚Ά,’|‚Μ’Λ,Ό•Ϋ–ΨΤπ”Τ,131211,“‹“s,‘«—§‹ζ,•Ϋ–ΨΤ‚S’–Ϊ,2018-02-07,03,‚SK‚ΔΘγ‹¤“―Z‘ξ,‚»‚Μ‘Ό
ή“,•”•i‚Λ‚η‚Ά,’|‚Μ’Λ,Ό•Ϋ–ΨΤπ”Τ,131211,“‹“s,‘«—§‹ζ,•Ϋ–ΨΤ‚S’–Ϊ,2019-01-10,00,‚SK‚ΔΘγ‹¤“―Z‘ξ,‚»‚Μ‘Ό
ή“,•”•i‚Λ‚η‚Ά,’|‚Μ’Λ,Ό•Ϋ–ΨΤπ”Τ,131211,“‹“s,‘«—§‹ζ,•Ϋ–ΨΤ‚S’–Ϊ,2019-08-02,22,κΛZ‘ξ,‚»‚Μ‘Ό
ή“,•”•i‚Λ‚η‚Ά,’|‚Μ’Λ,Ό•Ϋ–ΨΤπ”Τ,131211,“‹“s,‘«—§‹ζ,•Ϋ–ΨΤ‚T’–Ϊ,2018-10-01,•s–Ύ,‚SK‚ΔΘγ‹¤“―Z‘ξ,ƒiƒ“ƒo[ƒvƒ[ƒg
ή“,•”•i‚Λ‚η‚Ά,’|‚Μ’Λ,’|‚Μ’Λ‰w‘Oπ”Τ,131211,“‹“s,‘«—§‹ζ,’|‚Μ’Λ‚R’–Ϊ,2019-09-17,18,‚SK‚ΔΘγ‹¤“―Z‘ξ,ƒiƒ“ƒo[ƒvƒ[ƒg
ή“,•”•i‚Λ‚η‚Ά,’|‚Μ’Λ,’|‚Μ’Λ‰w‘Oπ”Τ,131211,“‹“s,‘«—§‹ζ,’|‚Μ’Λ‚V’–Ϊ,2019-05-15,14,‚SK‚ΔΘγ‹¤“―Z‘ξ,‚»‚Μ‘Ό
ή“,•”•i‚Λ‚η‚Ά,’|‚Μ’Λ,Ι‹»’¬π”Τ,131211,“‹“s,‘«—§‹ζ,’|‚Μ’Λ‚Q’–Ϊ,2019-07-07,12,’“Τi—Φjκ,‚»‚Μ‘Ό
ή“,•”•i‚Λ‚η‚Ά,’|‚Μ’Λ,Ι‹»’¬π”Τ,131211,“‹“s,‘«—§‹ζ,Ι‹»‚P’–Ϊ,2019-08-12,22,‚SK‚ΔΘγ‹¤“―Z‘ξ,ƒiƒ“ƒo[ƒvƒ[ƒg
ή“,•”•i‚Λ‚η‚Ά,’|‚Μ’Λ,Ι‹»’¬π”Τ,131211,“‹“s,‘«—§‹ζ,Ι‹»‚P’–Ϊ,2019-09-27,21,‚SK‚ΔΘγ‹¤“―Z‘ξ,‚»‚Μ‘Ό
ή“,•”•i‚Λ‚η‚Ά,’|‚Μ’Λ,Ι‹»’¬π”Τ,131211,“‹“s,‘«—§‹ζ,Ι‹»‚R’–Ϊ,2019-01-07,19,’“Τi—Φjκ,ƒiƒ“ƒo[ƒvƒ[ƒg
ή“,•”•i‚Λ‚η‚Ά,’|‚Μ’Λ,Ι‹»’¬π”Τ,131211,“‹“s,‘«—§‹ζ,Ι‹»‚S’–Ϊ,2019-08-29,12,‚SK‚ΔΘγ‹¤“―Z‘ξ,ƒiƒ“ƒo[ƒvƒ[ƒg
ή“,•”•i‚Λ‚η‚Ά,’|‚Μ’Λ,Ι‹»’¬π”Τ,131211,“‹“s,‘«—§‹ζ,Ι‹»‚S’–Ϊ,2019-09-26,20,‚SK‚ΔΘγ‹¤“―Z‘ξ,‚»‚Μ‘Ό
ή“,•”•i‚Λ‚η‚Ά,’|‚Μ’Λ,Ι‹»’¬π”Τ,131211,“‹“s,‘«—§‹ζ,Ι‹»‚S’–Ϊ,2019-10-18,18,‚SK‚ΔΘγ‹¤“―Z‘ξ,ƒiƒ“ƒo[ƒvƒ[ƒg
ή“,•”•i‚Λ‚η‚Ά,’|‚Μ’Λ,Ι‹»’¬π”Τ,131211,“‹“s,‘«—§‹ζ,Ό’|‚Μ’Λ‚P’–Ϊ,2019-11-25,20,‚SK‚ΔΘγ‹¤“―Z‘ξ,ƒiƒ“ƒo[ƒvƒ[ƒg
ή“,•”•i‚Λ‚η‚Ά,’|‚Μ’Λ,Ι‹»’¬π”Τ,131211,“‹“s,‘«—§‹ζ,Ό’|‚Μ’Λ‚Q’–Ϊ,2019-01-12,16,’“Τi—Φjκ,‚»‚Μ‘Ό
ή“,•”•i‚Λ‚η‚Ά,’|‚Μ’Λ,“ό’J’¬π”Τ,131211,“‹“s,‘«—§‹ζ,“ό’J‚P’–Ϊ,2019-06-01,•s–Ύ,‚SK‚ΔΘγ‹¤“―Z‘ξ,ƒiƒ“ƒo[ƒvƒ[ƒg
ή“,•”•i‚Λ‚η‚Ά,’|‚Μ’Λ,“ό’J’¬π”Τ,131211,“‹“s,‘«—§‹ζ,“ό’J‚Q’–Ϊ,2019-02-22,21,’“Τi—Φjκ,ƒiƒ“ƒo[ƒvƒ[ƒg
ή“,•”•i‚Λ‚η‚Ά,’|‚Μ’Λ,©ΐ‘γe…φ‰€‰w‘Oπ”Τ,131211,“‹“s,‘«—§‹ζ,Ιl‚U’–Ϊ,2019-07-19,18,“ΉHγ,ƒiƒ“ƒo[ƒvƒ[ƒg
ή“,•”•i‚Λ‚η‚Ά,’|‚Μ’Λ,©ΐ‘γe…φ‰€‰w‘Oπ”Τ,131211,“‹“s,‘«—§‹ζ,Ιl‚U’–Ϊ,2019-08-08,12,’“Τi—Φjκ,ƒiƒ“ƒo[ƒvƒ[ƒg
ή“,•”•i‚Λ‚η‚Ά,’|‚Μ’Λ,©ΐ‘γe…φ‰€‰w‘Oπ”Τ,131211,“‹“s,‘«—§‹ζ,Ιl‚U’–Ϊ,2019-11-18,18,‚SK‚ΔΘγ‹¤“―Z‘ξ,ƒiƒ“ƒo[ƒvƒ[ƒg
ή“,•”•i‚Λ‚η‚Ά,’|‚Μ’Λ,©ΐ‘γe…φ‰€‰w‘Oπ”Τ,131211,“‹“s,‘«—§‹ζ,Ιl‚U’–Ϊ,2019-12-04,08,‚SK‚ΔΘγ‹¤“―Z‘ξ,ƒiƒ“ƒo[ƒvƒ[ƒg
ή“,•”•i‚Λ‚η‚Ά,’|‚Μ’Λ,©ΐ‘γe…φ‰€‰w‘Oπ”Τ,131211,“‹“s,‘«—§‹ζ,Ιl‚U’–Ϊ,2019-12-05,22,‚SK‚ΔΘγ‹¤“―Z‘ξ,ƒiƒ“ƒo[ƒvƒ[ƒg
ή“,•”•i‚Λ‚η‚Ά,’|‚Μ’Λ,©ΐ‘γe…φ‰€‰w‘Oπ”Τ,131211,“‹“s,‘«—§‹ζ,“ό’J‚P’–Ϊ,2019-07-19,00,’“Τi—Φjκ,ƒiƒ“ƒo[ƒvƒ[ƒg
ή“,•”•i‚Λ‚η‚Ά,ι“,iJ‹΄π”Τ,131083,“‹“s,]“‹ζ,‘ε“‡‚Q’–Ϊ,2019-03-09,20,’“Τi—Φjκ,‚»‚Μ‘Ό
ή“,•”•i‚Λ‚η‚Ά,ι“,iJ‹΄π”Τ,131083,“‹“s,]“‹ζ,‘ε“‡‚S’–Ϊ,2019-02-01,18,’“Τi—Φjκ,‚»‚Μ‘Ό
ή“,•”•i‚Λ‚η‚Ά,ι“,iJ‹΄π”Τ,131083,“‹“s,]“‹ζ,‘ε“‡‚S’–Ϊ,2019-07-01,•s–Ύ,’“Τi—Φjκ,ƒiƒ“ƒo[ƒvƒ[ƒg
ή“,•”•i‚Λ‚η‚Ά,ι“,iJ‹΄π”Τ,131083,“‹“s,]“‹ζ,‘ε“‡‚S’–Ϊ,2019-07-09,20,‚SK‚ΔΘγ‹¤“―Z‘ξ,‚»‚Μ‘Ό
ή“,•”•i‚Λ‚η‚Ά,ι“,iJ‹΄π”Τ,131083,“‹“s,]“‹ζ,‘ε“‡‚S’–Ϊ,2019-07-14,16,‚SK‚ΔΘγ‹¤“―Z‘ξ,‚»‚Μ‘Ό
ή“,•”•i‚Λ‚η‚Ά,ι“,iJ‹΄π”Τ,131083,“‹“s,]“‹ζ,‘ε“‡‚S’–Ϊ,2019-09-16,23,‚SK‚ΔΘγ‹¤“―Z‘ξ,‚»‚Μ‘Ό
ή“,•”•i‚Λ‚η‚Ά,ι“,“ϊ‘‚‹΄π”Τ,131083,“‹“s,]“‹ζ,V»‚R’–Ϊ,2018-12-28,09,’“Τi—Φjκ,‚»‚Μ‘Ό
ή“,•”•i‚Λ‚η‚Ά,ι“,“ϊ‘‚‹΄π”Τ,131083,“‹“s,]“‹ζ,“μ»‚Q’–Ϊ,2019-01-08,16,‚SK‚ΔΘγ‹¤“―Z‘ξ,‚»‚Μ‘Ό
ή“,•”•i‚Λ‚η‚Ά,ι“,“ϊ‘‚‹΄π”Τ,131083,“‹“s,]“‹ζ,“μ»‚R’–Ϊ,2019-11-18,06,‚SK‚ΔΘγ‹¤“―Z‘ξ,‚»‚Μ‘Ό
ή“,•”•i‚Λ‚η‚Ά,ι“,³”ª”¦π”Τ,131083,“‹“s,]“‹ζ,V»‚R’–Ϊ,2019-03-02,17,’“Τi—Φjκ,‚»‚Μ‘Ό
ή“,•”•i‚Λ‚η‚Ά,ι“,³”ª”¦π”Τ,131083,“‹“s,]“‹ζ,“»‚V’–Ϊ,2019-05-13,13,’“Τi—Φjκ,‚»‚Μ‘Ό
ή“,•”•i‚Λ‚η‚Ά,ι“,³”ª”¦π”Τ,131083,“‹“s,]“‹ζ,“μ»‚U’–Ϊ,2019-03-27,15,’“Τi—Φjκ,ƒiƒ“ƒo[ƒvƒ[ƒg
ή“,•”•i‚Λ‚η‚Ά,ι“,³”ª”¦π”Τ,131083,“‹“s,]“‹ζ,“μ»‚U’–Ϊ,2019-04-06,17,“ΉHγ,‚»‚Μ‘Ό
ή“,•”•i‚Λ‚η‚Ά,ι“,‹Ό‹΄Όπ”Τ,131083,“‹“s,]“‹ζ,“»‚V’–Ϊ,2019-07-04,20,‚SK‚ΔΘγ‹¤“―Z‘ξ,‚»‚Μ‘Ό
ή“,•”•i‚Λ‚η‚Ά,ι“,–k»ά’–Ϊπ”Τ,131083,“‹“s,]“‹ζ,–k»‚P’–Ϊ,2019-08-24,15,‚SK‚ΔΘγ‹¤“―Z‘ξ,ƒiƒ“ƒo[ƒvƒ[ƒg
ή“,•”•i‚Λ‚η‚Ά,ι“,–k»ά’–Ϊπ”Τ,131083,“‹“s,]“‹ζ,–k»‚T’–Ϊ,2019-07-09,18,‚SK‚ΔΘγ‹¤“―Z‘ξ,‚»‚Μ‘Ό
ή“,•”•i‚Λ‚η‚Ά,ι“,”Τ‹΄π”Τ,131083,“‹“s,]“‹ζ,“»‚Q’–Ϊ,2019-07-30,17,‚SK‚ΔΘγ‹¤“―Z‘ξ,‚»‚Μ‘Ό
ή“,•”•i‚Λ‚η‚Ά,ι“,‘ε“‡π”Τ,131083,“‹“s,]“‹ζ,‘ε“‡‚U’–Ϊ,2018-04-20,08,‚»‚Μ‘Ό,ƒiƒ“ƒo[ƒvƒ[ƒg
ή“,•”•i‚Λ‚η‚Ά,ι“,‘ε“‡π”Τ,131083,“‹“s,]“‹ζ,‘ε“‡‚U’–Ϊ,2019-02-01,19,‚SK‚ΔΘγ‹¤“―Z‘ξ,‚»‚Μ‘Ό
ή“,•”•i‚Λ‚η‚Ά,ι“,‘ε“‡π”Τ,131083,“‹“s,]“‹ζ,‘ε“‡‚U’–Ϊ,2019-08-27,12,‚SK‚ΔΘγ‹¤“―Z‘ξ,‚»‚Μ‘Ό
ή“,•”•i‚Λ‚η‚Ά,ι“,‘ε“‡π”Τ,131083,“‹“s,]“‹ζ,‘ε“‡‚U’–Ϊ,2019-11-02,19,‚SK‚ΔΘγ‹¤“―Z‘ξ,ƒiƒ“ƒo[ƒvƒ[ƒg
ή“,•”•i‚Λ‚η‚Ά,ι“,‹TΛπ”Τ,131083,“‹“s,]“‹ζ,‹TΛ‚V’–Ϊ,2019-09-22,17,‚SK‚ΔΘγ‹¤“―Z‘ξ,‚»‚Μ‘Ό
ή“,•”•i‚Λ‚η‚Ά,ι“,‹TΛπ”Τ,131083,“‹“s,]“‹ζ,‹TΛ‚V’–Ϊ,2019-09-28,05,’“Τi—Φjκ,ƒiƒ“ƒo[ƒvƒ[ƒg
ή“,•”•i‚Λ‚η‚Ά,ι“,‹TΛπ”Τ,131083,“‹“s,]“‹ζ,‹TΛ‚W’–Ϊ,2019-07-03,16,‚SK‚ΔΘγ‹¤“―Z‘ξ,ƒiƒ“ƒo[ƒvƒ[ƒg
ή“,•”•i‚Λ‚η‚Ά,ι“,‹TΛπ”Τ,131083,“‹“s,]“‹ζ,‹TΛ‚W’–Ϊ,2019-07-03,19,‚SK‚ΔΘγ‹¤“―Z‘ξ,ƒiƒ“ƒo[ƒvƒ[ƒg
ή“,•”•i‚Λ‚η‚Ά,ι“,‹TΛπ”Τ,131083,“‹“s,]“‹ζ,‹TΛ‚W’–Ϊ,2019-11-30,09,‚SK‚ΔΘγ‹¤“―Z‘ξ,ƒiƒ“ƒo[ƒvƒ[ƒg
ή“,•”•i‚Λ‚η‚Ά,ι“,‹TΛπ”Τ,131083,“‹“s,]“‹ζ,‹TΛ‚X’–Ϊ,2019-02-22,22,’“Τi—Φjκ,‚»‚Μ‘Ό
ή“,•”•i‚Λ‚η‚Ά,ι“,‹TΛπ”Τ,131083,“‹“s,]“‹ζ,‹TΛ‚X’–Ϊ,2019-05-10,13,‚SK‚ΔΘγ‹¤“―Z‘ξ,‚»‚Μ‘Ό
ή“,•”•i‚Λ‚η‚Ά,ι“,‹TΛπ”Τ,131083,“‹“s,]“‹ζ,‹TΛ‚X’–Ϊ,2019-07-09,18,‚SK‚ΔΘγ‹¤“―Z‘ξ,‚»‚Μ‘Ό
ή“,•”•i‚Λ‚η‚Ά,ι“,‹TΛπ”Τ,131083,“‹“s,]“‹ζ,‹TΛ‚X’–Ϊ,2019-11-20,07,’“Τi—Φjκ,ƒiƒ“ƒo[ƒvƒ[ƒg
ή“,•”•i‚Λ‚η‚Ά,ι“,“V_‹΄π”Τ,131083,“‹“s,]“‹ζ,‹TΛ‚Q’–Ϊ,2019-03-22,18,‚SK‚ΔΘγ‹¤“―Z‘ξ,‚»‚Μ‘Ό
ή“,•”•i‚Λ‚η‚Ά,ι“,‹TΛ‰w‘Oπ”Τ,131083,“‹“s,]“‹ζ,‹TΛ‚P’–Ϊ,2019-01-07,08,’“Τi—Φjκ,ƒiƒ“ƒo[ƒvƒ[ƒg
ή“,•”•i‚Λ‚η‚Ά,ι“,‹TΛ‰w‘Oπ”Τ,131083,“‹“s,]“‹ζ,‹TΛ‚Q’–Ϊ,2019-05-04,13,‚»‚Μ‘Ό,‚»‚Μ‘Ό
ή“,•”•i‚Λ‚η‚Ά,ι“,‹TΛ‰w‘Oπ”Τ,131083,“‹“s,]“‹ζ,‹TΛ‚S’–Ϊ,2019-06-24,12,‚SK‚ΔΘγ‹¤“―Z‘ξ,‚»‚Μ‘Ό
ή“,•”•i‚Λ‚η‚Ά,ι“,‹TΛ‰w‘Oπ”Τ,131083,“‹“s,]“‹ζ,‹TΛ‚T’–Ϊ,2019-03-02,17,’“Τi—Φjκ,ƒiƒ“ƒo[ƒvƒ[ƒg
ή“,•”•i‚Λ‚η‚Ά,ι“,‹TΛ‰w‘Oπ”Τ,131083,“‹“s,]“‹ζ,‹TΛ‚T’–Ϊ,2019-05-06,15,’“Τi—Φjκ,‚»‚Μ‘Ό
ή“,•”•i‚Λ‚η‚Ά,ι“,‹TΛ‰w‘Oπ”Τ,131083,“‹“s,]“‹ζ,‹TΛ‚T’–Ϊ,2019-05-18,19,‚SK‚ΔΘγ‹¤“―Z‘ξ,ƒiƒ“ƒo[ƒvƒ[ƒg
ή“,•”•i‚Λ‚η‚Ά,ι“,‹TΛ‰w‘Oπ”Τ,131083,“‹“s,]“‹ζ,‹TΛ‚T’–Ϊ,2019-06-11,22,‚»‚Μ‘Ό‚ΜZ‘ξi‚RK‚ΔΘ‰Ί‹¤“―Z‘ξ“™j,ƒiƒ“ƒo[ƒvƒ[ƒg
ή“,•”•i‚Λ‚η‚Ά,ι“,‹TΛ‰w‘Oπ”Τ,131083,“‹“s,]“‹ζ,‹TΛ‚T’–Ϊ,2019-10-02,08,’“Τi—Φjκ,‚»‚Μ‘Ό
ή“,•”•i‚Λ‚η‚Ά,ι“,‹TΛ‰w‘Oπ”Τ,131083,“‹“s,]“‹ζ,‹TΛ‚T’–Ϊ,2019-10-11,16,‚SK‚ΔΘγ‹¤“―Z‘ξ,ƒiƒ“ƒo[ƒvƒ[ƒg
ή“,•”•i‚Λ‚η‚Ά,ι“,‹TΛ‰w‘Oπ”Τ,131083,“‹“s,]“‹ζ,‹TΛ‚T’–Ϊ,2019-11-01,23,κΛZ‘ξ,ƒiƒ“ƒo[ƒvƒ[ƒg
ή“,•”•i‚Λ‚η‚Ά,ι“,‹TΛ‰w‘Oπ”Τ,131083,“‹“s,]“‹ζ,‹TΛ‚T’–Ϊ,2019-12-01,19,‚SK‚ΔΘγ‹¤“―Z‘ξ,ƒiƒ“ƒo[ƒvƒ[ƒg
ή“,•”•i‚Λ‚η‚Ά,ι“,‹TΛ‰w‘Oπ”Τ,131083,“‹“s,]“‹ζ,‹TΛ‚U’–Ϊ,2019-12-01,09,‚SK‚ΔΘγ‹¤“―Z‘ξ,ƒiƒ“ƒo[ƒvƒ[ƒg
ή“,•”•i‚Λ‚η‚Ά,ι“,‹TΛ‰w‘Oπ”Τ,131083,“‹“s,]“‹ζ,‹TΛ‚W’–Ϊ,2019-06-20,22,’“Τi—Φjκ,ƒiƒ“ƒo[ƒvƒ[ƒg
ή“,•”•i‚Λ‚η‚Ά,ι“,‹TΛ‰w‘Oπ”Τ,131083,“‹“s,]“‹ζ,‹TΛ‚W’–Ϊ,2019-10-06,21,“ΉHγ,ƒiƒ“ƒo[ƒvƒ[ƒg
ή“,•”•i‚Λ‚η‚Ά,ι“,‹TΛ‰w‘Oπ”Τ,131083,“‹“s,]“‹ζ,‹TΛ‚W’–Ϊ,2019-11-30,18,‚SK‚ΔΘγ‹¤“―Z‘ξ,ƒiƒ“ƒo[ƒvƒ[ƒg
ή“,•”•i‚Λ‚η‚Ά,ι“,“‘ε“‡‰w‘Oπ”Τ,131083,“‹“s,]“‹ζ,‘ε“‡‚V’–Ϊ,2019-03-18,17,‚SK‚ΔΘγ‹¤“―Z‘ξ,‚»‚Μ‘Ό
ή“,•”•i‚Λ‚η‚Ά,ι“,“‘ε“‡‰w‘Oπ”Τ,131083,“‹“s,]“‹ζ,‘ε“‡‚V’–Ϊ,2019-06-14,19,‚SK‚ΔΘγ‹¤“―Z‘ξ,‚»‚Μ‘Ό
ή“,•”•i‚Λ‚η‚Ά,ι“,“‘ε“‡‰w‘Oπ”Τ,131083,“‹“s,]“‹ζ,‘ε“‡‚W’–Ϊ,2019-12-16,17,‚SK‚ΔΘγ‹¤“―Z‘ξ,ƒiƒ“ƒo[ƒvƒ[ƒg
ή“,•”•i‚Λ‚η‚Ά,ι“,“‘ε“‡‰w‘Oπ”Τ,131083,“‹“s,]“‹ζ,‘ε“‡‚X’–Ϊ,2019-03-06,20,‚SK‚ΔΘγ‹¤“―Z‘ξ,‚»‚Μ‘Ό
ή“,•”•i‚Λ‚η‚Ά,ι“,“‘ε“‡‰w‘Oπ”Τ,131083,“‹“s,]“‹ζ,“»‚W’–Ϊ,2019-09-16,08,’“Τi—Φjκ,ƒiƒ“ƒo[ƒvƒ[ƒg
ή“,•”•i‚Λ‚η‚Ά,–{,—Ό‘π”Τ,131075,“‹“s,–n“c‹ζ,—Ό‘‚R’–Ϊ,2019-04-01,19,‚SK‚ΔΘγ‹¤“―Z‘ξ,‚»‚Μ‘Ό
ή“,•”•i‚Λ‚η‚Ά,–{,—Ό‘π”Τ,131075,“‹“s,–n“c‹ζ,—Ό‘‚R’–Ϊ,2019-09-08,11,‚SK‚ΔΘγ‹¤“―Z‘ξ,‚»‚Μ‘Ό
ή“,•”•i‚Λ‚η‚Ά,–{,—Ό‘π”Τ,131075,“‹“s,–n“c‹ζ,—Ό‘‚S’–Ϊ,2019-05-21,21,‚SK‚ΔΘγ‹¤“―Z‘ξ,‚»‚Μ‘Ό
ή“,•”•i‚Λ‚η‚Ά,–{,‹eμ“ρ’–Ϊπ”Τ,131075,“‹“s,–n“c‹ζ,‹eμ‚R’–Ϊ,2019-03-09,19,‚SK‚ΔΘγ‹¤“―Z‘ξ,‚»‚Μ‘Ό
ή“,•”•i‚Λ‚η‚Ά,–{,‹eμ“ρ’–Ϊπ”Τ,131075,“‹“s,–n“c‹ζ,—§μ‚P’–Ϊ,2019-06-03,01,‚SK‚ΔΘγ‹¤“―Z‘ξ,‚»‚Μ‘Ό
ή“,•”•i‚Λ‚η‚Ά,–{,]“‹΄π”Τ,131075,“‹“s,–n“c‹ζ,‹T‘ς‚R’–Ϊ,2019-05-06,08,‚»‚Μ‘Ό,‚»‚Μ‘Ό
ή“,•”•i‚Λ‚η‚Ά,–{,]“‹΄π”Τ,131075,“‹“s,–n“c‹ζ,—§μ‚S’–Ϊ,2019-03-08,07,‚»‚Μ‘Ό,ƒiƒ“ƒo[ƒvƒ[ƒg
ή“,•”•i‚Λ‚η‚Ά,–{,‹Ρ…’¬‰w–kϋπ”Τ,131075,“‹“s,–n“c‹ζ,‹Ρ…‚P’–Ϊ,2019-05-29,04,’“Τi—Φjκ,‚»‚Μ‘Ό
ή“,•”•i‚Λ‚η‚Ά,–{,‹Ρ…’¬‰w–kϋπ”Τ,131075,“‹“s,–n“c‹ζ,‘Ύ•½‚P’–Ϊ,2019-08-26,16,κΛZ‘ξ,‚»‚Μ‘Ό
ή“,•”•i‚Λ‚η‚Ά,–{,‰΅μπ”Τ,131075,“‹“s,–n“c‹ζ,‘Ύ•½‚S’–Ϊ,2019-05-13,14,’“Τi—Φjκ,‚»‚Μ‘Ό
ή“,•”•i‚Λ‚η‚Ά,–{,‰γ‰w‘Oπ”Τ,131075,“‹“s,–n“c‹ζ,‰γ‚Q’–Ϊ,2019-12-14,20,“ΉHγ,‚»‚Μ‘Ό
ή“,•”•i‚Λ‚η‚Ά,–{,‰γ‰w‘Oπ”Τ,131075,“‹“s,–n“c‹ζ,‹Ζ•½‚P’–Ϊ,2019-06-16,18,‚SK‚ΔΘγ‹¤“―Z‘ξ,‚»‚Μ‘Ό
ή“,•”•i‚Λ‚η‚Ά,–{,‰γ‰w‘Oπ”Τ,131075,“‹“s,–n“c‹ζ,‹Ζ•½‚R’–Ϊ,2019-10-20,13,‚SK‚ΔΘγ‹¤“―Z‘ξ,‚»‚Μ‘Ό
ή“,•”•i‚Λ‚η‚Ά,–{,‰γ‰w‘Oπ”Τ,131075,“‹“s,–n“c‹ζ,‹Ζ•½‚T’–Ϊ,2019-02-07,06,‚SK‚ΔΘγ‹¤“―Z‘ξ,‚»‚Μ‘Ό
ή“,•”•i‚Λ‚η‚Ά,–{,‰γ‰w‘Oπ”Τ,131075,“‹“s,–n“c‹ζ,ό“‡‚P’–Ϊ,2019-07-12,12,’“Τi—Φjκ,‚»‚Μ‘Ό
ή“,•”•i‚Λ‚η‚Ά,–{,ό“‡π”Τ,131075,“‹“s,–n“c‹ζ,ό“‡‚R’–Ϊ,2019-08-05,00,’“Τi—Φjκ,ƒiƒ“ƒo[ƒvƒ[ƒg
ή“,•”•i‚Λ‚η‚Ά,–{,ό“‡π”Τ,131075,“‹“s,–n“c‹ζ,ό“‡‚T’–Ϊ,2018-10-15,00,‚SK‚ΔΘγ‹¤“―Z‘ξ,‚»‚Μ‘Ό
ή“,•”•i‚Λ‚η‚Ά,–{,αΘ‹΄π”Τ,131075,“‹“s,–n“c‹ζ,“‹ξ`‚P’–Ϊ,2019-12-27,12,“ΉHγ,‚»‚Μ‘Ό
ή“,•”•i‚Λ‚η‚Ά,–{,αΘ‹΄π”Τ,131075,“‹“s,–n“c‹ζ,“‹ξ`‚R’–Ϊ,2019-07-25,12,“ΉHγ,‚»‚Μ‘Ό
ή“,•”•i‚Λ‚η‚Ά,–{,‰΅–Τπ”Τ,131075,“‹“s,–n“c‹ζ,–{‚P’–Ϊ,2019-04-20,03,‚»‚Μ‘Ό,ƒ^ƒCƒ„EƒzƒC[ƒ‹
ή“,•”•i‚Λ‚η‚Ά,–{,‰΅–Τπ”Τ,131075,“‹“s,–n“c‹ζ,‰΅–Τ‚Q’–Ϊ,2019-07-17,05,‚»‚Μ‘Ό,ƒiƒ“ƒo[ƒvƒ[ƒg
ή“,•”•i‚Λ‚η‚Ά,–{,Ύ–βπ”Τ,131075,“‹“s,–n“c‹ζ,αΘ‹΄‚P’–Ϊ,2019-10-01,18,‚SK‚ΔΘγ‹¤“―Z‘ξ,‚»‚Μ‘Ό
ή“,•”•i‚Λ‚η‚Ά,–{,Ύ–βπ”Τ,131075,“‹“s,–n“c‹ζ,ό“‡‚R’–Ϊ,2019-09-23,17,“ΉHγ,‚»‚Μ‘Ό
ή“,•”•i‚Λ‚η‚Ά,ό“‡,•½δ‹΄π”Τ,131075,“‹“s,–n“c‹ζ,—§‰Τ‚U’–Ϊ,2019-01-03,10,’“Τi—Φjκ,ƒiƒ“ƒo[ƒvƒ[ƒg
ή“,•”•i‚Λ‚η‚Ά,ό“‡,¬‘Ίδπ”Τ,131075,“‹“s,–n“c‹ζ,—§‰Τ‚P’–Ϊ,2019-10-21,18,‚SK‚ΔΘγ‹¤“―Z‘ξ,‚»‚Μ‘Ό
ή“,•”•i‚Λ‚η‚Ά,ό“‡,¬‘Ίδπ”Τ,131075,“‹“s,–n“c‹ζ,—§‰Τ‚S’–Ϊ,2019-03-10,15,‚SK‚ΔΘγ‹¤“―Z‘ξ,ƒiƒ“ƒo[ƒvƒ[ƒg
ή“,•”•i‚Λ‚η‚Ά,ό“‡,¬‘Ίδπ”Τ,131075,“‹“s,–n“c‹ζ,•¶‰Τ‚P’–Ϊ,2019-03-15,16,‚SK‚ΔΘγ‹¤“―Z‘ξ,‚»‚Μ‘Ό
ή“,•”•i‚Λ‚η‚Ά,ό“‡,¬‘Ίδπ”Τ,131075,“‹“s,–n“c‹ζ,•¶‰Τ‚P’–Ϊ,2019-06-05,17,’“Τi—Φjκ,‚»‚Μ‘Ό
ή“,•”•i‚Λ‚η‚Ά,ό“‡,¬‘Ίδπ”Τ,131075,“‹“s,–n“c‹ζ,•¶‰Τ‚P’–Ϊ,2019-07-20,15,‚SK‚ΔΘγ‹¤“―Z‘ξ,‚»‚Μ‘Ό
ή“,•”•i‚Λ‚η‚Ά,ό“‡,¬‘Ίδπ”Τ,131075,“‹“s,–n“c‹ζ,•¶‰Τ‚P’–Ϊ,2019-10-20,02,‚SK‚ΔΘγ‹¤“―Z‘ξ,ƒiƒ“ƒo[ƒvƒ[ƒg
ή“,•”•i‚Λ‚η‚Ά,ό“‡,‰gMπ”Τ,131075,“‹“s,–n“c‹ζ,“ό“‡‚Q’–Ϊ,2019-11-20,03,“ΉHγ,‚»‚Μ‘Ό
ή“,•”•i‚Λ‚η‚Ά,ό“‡,“ό“‡π”Τ,131075,“‹“s,–n“c‹ζ,‹“‡‚R’–Ϊ,2019-12-25,16,’“Τi—Φjκ,ƒiƒ“ƒo[ƒvƒ[ƒg
ή“,•”•i‚Λ‚η‚Ά,ό“‡,“ό“‡π”Τ,131075,“‹“s,–n“c‹ζ,”ªL‚T’–Ϊ,2019-04-16,18,‚SK‚ΔΘγ‹¤“―Z‘ξ,‚»‚Μ‘Ό
ή“,•”•i‚Λ‚η‚Ά,ό“‡,”’ιΆ‹΄π”Τ,131075,“‹“s,–n“c‹ζ,’η’Κ‚Q’–Ϊ,2018-11-11,18,‚SK‚ΔΘγ‹¤“―Z‘ξ,ƒiƒ“ƒo[ƒvƒ[ƒg
ή“,•”•i‚Λ‚η‚Ά,ό“‡,”’ιΆ‹΄π”Τ,131075,“‹“s,–n“c‹ζ,“ό“‡‚S’–Ϊ,2019-10-21,10,“ΉHγ,‚»‚Μ‘Ό
ή“,•”•i‚Λ‚η‚Ά,ό“‡,ΰƒP•£‰w‘Oπ”Τ,131075,“‹“s,–n“c‹ζ,–n“c‚Q’–Ϊ,2019-11-01,08,‚»‚Μ‘Ό,‚»‚Μ‘Ό
ή“,•”•i‚Λ‚η‚Ά,ό“‡,ΰƒP•£‰w‘Oπ”Τ,131075,“‹“s,–n“c‹ζ,–n“c‚T’–Ϊ,2019-04-04,08,“ΉHγ,‚»‚Μ‘Ό
ή“,•”•i‚Λ‚η‚Ά,ό“‡,”ªLl’–Ϊπ”Τ,131075,“‹“s,–n“c‹ζ,“–n“c‚Q’–Ϊ,2019-04-11,16,‚»‚Μ‘Ό,‚»‚Μ‘Ό
ή“,•”•i‚Λ‚η‚Ά,ό“‡,”ªLl’–Ϊπ”Τ,131075,“‹“s,–n“c‹ζ,”ªL‚R’–Ϊ,2019-11-06,18,‚SK‚ΔΘγ‹¤“―Z‘ξ,‚»‚Μ‘Ό
ή“,•”•i‚Λ‚η‚Ά,ό“‡,”ªLl’–Ϊπ”Τ,131075,“‹“s,–n“c‹ζ,”ªL‚R’–Ϊ,2019-12-09,19,‚»‚Μ‘Ό‚ΜZ‘ξi‚RK‚ΔΘ‰Ί‹¤“―Z‘ξ“™j,‚»‚Μ‘Ό
ή“,•”•i‚Λ‚η‚Ά,ό“‡,”ªLl’–Ϊπ”Τ,131075,“‹“s,–n“c‹ζ,”ªL‚S’–Ϊ,2019-07-02,19,’“Τi—Φjκ,ƒiƒ“ƒo[ƒvƒ[ƒg
ή“,•”•i‚Λ‚η‚Ά,‹T—L,,,,,,2019-12-25,16,‚»‚Μ‘Ό,ƒiƒ“ƒo[ƒvƒ[ƒg
ή“,•”•i‚Λ‚η‚Ά,‹T—L,‚¨‰Τ’ƒ‰®π”Τ,131229,“‹“s,‹ό‹ζ,‚¨‰Τ’ƒ‰®‚Q’–Ϊ,2019-07-06,16,‚»‚Μ‘Ό‚ΜZ‘ξi‚RK‚ΔΘ‰Ί‹¤“―Z‘ξ“™j,‚»‚Μ‘Ό
ή“,•”•i‚Λ‚η‚Ά,‹T—L,‚¨‰Τ’ƒ‰®π”Τ,131229,“‹“s,‹ό‹ζ,”’’Ή‚R’–Ϊ,2019-08-28,20,‚SK‚ΔΘγ‹¤“―Z‘ξ,‚»‚Μ‘Ό
ή“,•”•i‚Λ‚η‚Ά,‹T—L,ΒΛπ”Τ,131229,“‹“s,‹ό‹ζ,ΒΛ‚V’–Ϊ,2019-07-23,21,‚SK‚ΔΘγ‹¤“―Z‘ξ,ƒiƒ“ƒo[ƒvƒ[ƒg
ή“,•”•i‚Λ‚η‚Ά,‹T—L,ΒΛπ”Τ,131229,“‹“s,‹ό‹ζ,”’’Ή‚S’–Ϊ,2019-07-17,07,‚SK‚ΔΘγ‹¤“―Z‘ξ,‚»‚Μ‘Ό
ή“,•”•i‚Λ‚η‚Ά,‹T—L,‹T—L‰w“μϋπ”Τ,131229,“‹“s,‹ό‹ζ,‹T—L‚R’–Ϊ,2019-09-17,17,’“Τi—Φjκ,ƒ^ƒCƒ„EƒzƒC[ƒ‹
ή“,•”•i‚Λ‚η‚Ά,‹T—L,‹T—L‰w“μϋπ”Τ,131229,“‹“s,‹ό‹ζ,‹T—L‚R’–Ϊ,2019-12-13,13,’“Τi—Φjκ,‚»‚Μ‘Ό
ή“,•”•i‚Λ‚η‚Ά,‹T—L,‹ΰ’¬‰w“μϋπ”Τ,131229,“‹“s,‹ό‹ζ,‹ΰ’¬‚Q’–Ϊ,2019-03-01,20,‚»‚Μ‘Ό‚ΜZ‘ξi‚RK‚ΔΘ‰Ί‹¤“―Z‘ξ“™j,ƒiƒ“ƒo[ƒvƒ[ƒg
ή“,•”•i‚Λ‚η‚Ά,‹T—L,‹ΰ’¬‰w“μϋπ”Τ,131229,“‹“s,‹ό‹ζ,‹ΰ’¬‚R’–Ϊ,2019-02-03,10,’“Τi—Φjκ,‚»‚Μ‘Ό
ή“,•”•i‚Λ‚η‚Ά,‹T—L,‹ΰ’¬‰w“μϋπ”Τ,131229,“‹“s,‹ό‹ζ,‹ΰ’¬‚U’–Ϊ,2019-04-11,19,“ΉHγ,‚»‚Μ‘Ό
ή“,•”•i‚Λ‚η‚Ά,‹T—L,Ό‹T—Lπ”Τ,131229,“‹“s,‹ό‹ζ,‹T—L‚S’–Ϊ,2019-05-11,21,“ΉHγ,ƒiƒ“ƒo[ƒvƒ[ƒg
ή“,•”•i‚Λ‚η‚Ά,‹T—L,‹ΰ’¬‰w–kϋπ”Τ,131229,“‹“s,‹ό‹ζ,“‹ΰ’¬‚P’–Ϊ,2019-03-08,17,‚SK‚ΔΘγ‹¤“―Z‘ξ,ƒiƒ“ƒo[ƒvƒ[ƒg
ή“,•”•i‚Λ‚η‚Ά,‹T—L,‹ΰ’¬‰w–kϋπ”Τ,131229,“‹“s,‹ό‹ζ,“‹ΰ’¬‚P’–Ϊ,2019-04-25,20,’“Τi—Φjκ,‚»‚Μ‘Ό
ή“,•”•i‚Λ‚η‚Ά,‹T—L,‹ΰ’¬‰w–kϋπ”Τ,131229,“‹“s,‹ό‹ζ,“‹ΰ’¬‚P’–Ϊ,2019-07-25,08,’“Τi—Φjκ,ƒiƒ“ƒo[ƒvƒ[ƒg
ή“,•”•i‚Λ‚η‚Ά,‹T—L,‹ΰ’¬‰w–kϋπ”Τ,131229,“‹“s,‹ό‹ζ,“‹ΰ’¬‚P’–Ϊ,2019-11-07,08,‚SK‚ΔΘγ‹¤“―Z‘ξ,ƒiƒ“ƒo[ƒvƒ[ƒg
ή“,•”•i‚Λ‚η‚Ά,‹T—L,‹ΰ’¬‰w–kϋπ”Τ,131229,“‹“s,‹ό‹ζ,“‹ΰ’¬‚R’–Ϊ,2019-10-15,20,‚SK‚ΔΘγ‹¤“―Z‘ξ,‚»‚Μ‘Ό
ή“,•”•i‚Λ‚η‚Ά,‹T—L,“‹ΰ’¬π”Τ,131229,“‹“s,‹ό‹ζ,“‹ΰ’¬‚U’–Ϊ,2019-07-29,23,‚SK‚ΔΘγ‹¤“―Z‘ξ,‚»‚Μ‘Ό
ή“,•”•i‚Λ‚η‚Ά,‹T—L,…³φ‰€‘Oπ”Τ,131229,“‹“s,‹ό‹ζ,Ό…³‚R’–Ϊ,2019-03-21,23,κΛZ‘ξ,ƒiƒ“ƒo[ƒvƒ[ƒg
ή“,•”•i‚Λ‚η‚Ά,‹T—L,Ό…³’“έ,131229,“‹“s,‹ό‹ζ,Ό…³‚T’–Ϊ,2019-01-08,20,‚SK‚ΔΘγ‹¤“―Z‘ξ,‚»‚Μ‘Ό
ή“,•”•i‚Λ‚η‚Ά,‹T—L,Δ–”“ρ’–Ϊπ”Τ,131229,“‹“s,‹ό‹ζ,Δ–”‚V’–Ϊ,2019-01-27,17,’“Τi—Φjκ,‚»‚Μ‘Ό
ή“,•”•i‚Λ‚η‚Ά,‹T—L,“μ…³π”Τ,131229,“‹“s,‹ό‹ζ,Vh‚U’–Ϊ,2019-10-24,14,‚SK‚ΔΘγ‹¤“―Z‘ξ,‚»‚Μ‘Ό
ή“,•”•i‚Λ‚η‚Ά,‹T—L,‹O‹΄π”Τ,131229,“‹“s,‹ό‹ζ,Ό…³‚U’–Ϊ,2019-07-16,20,‚»‚Μ‘Ό‚ΜZ‘ξi‚RK‚ΔΘ‰Ί‹¤“―Z‘ξ“™j,‚»‚Μ‘Ό
ή“,•”•i‚Λ‚η‚Ά,‹T—L,‹O‹΄π”Τ,131229,“‹“s,‹ό‹ζ,“…³‚T’–Ϊ,2018-12-20,•s–Ύ,‚»‚Μ‘Ό‚ΜZ‘ξi‚RK‚ΔΘ‰Ί‹¤“―Z‘ξ“™j,ƒiƒ“ƒo[ƒvƒ[ƒg
ή“,•”•i‚Λ‚η‚Ά,‹T—L,‹O‹΄π”Τ,131229,“‹“s,‹ό‹ζ,“…³‚T’–Ϊ,2019-07-10,15,‚SK‚ΔΘγ‹¤“―Z‘ξ,ƒiƒ“ƒo[ƒvƒ[ƒg
ή“,•”•i‚Λ‚η‚Ά,‹T—L,‹O‹΄π”Τ,131229,“‹“s,‹ό‹ζ,…³‚Q’–Ϊ,2019-10-05,13,’“Τi—Φjκ,ƒiƒ“ƒo[ƒvƒ[ƒg
ή“,•”•i‚Λ‚η‚Ά,‹T—L,‹O‹΄π”Τ,131229,“‹“s,‹ό‹ζ,…³‚Q’–Ϊ,2019-11-15,19,’“Τi—Φjκ,‚»‚Μ‘Ό
ή“,•”•i‚Λ‚η‚Ά,‹T—L,‹O‹΄π”Τ,131229,“‹“s,‹ό‹ζ,…³‚S’–Ϊ,2019-08-23,15,‚SK‚ΔΘγ‹¤“―Z‘ξ,ƒiƒ“ƒo[ƒvƒ[ƒg
ή“,•”•i‚Λ‚η‚Ά,‹ό,lƒc–Ψπ”Τ,131229,“‹“s,‹ό‹ζ,l‚Β–Ψ‚Q’–Ϊ,2019-06-16,12,’“Τi—Φjκ,ƒiƒ“ƒo[ƒvƒ[ƒg
ή“,•”•i‚Λ‚η‚Ά,‹ό,lƒc–Ψπ”Τ,131229,“‹“s,‹ό‹ζ,l‚Β–Ψ‚S’–Ϊ,2019-07-21,12,’“Τi—Φjκ,ƒiƒ“ƒo[ƒvƒ[ƒg
ή“,•”•i‚Λ‚η‚Ά,‹ό,lƒc–Ψπ”Τ,131229,“‹“s,‹ό‹ζ,l‚Β–Ψ‚S’–Ϊ,2019-07-21,19,’“Τi—Φjκ,ƒiƒ“ƒo[ƒvƒ[ƒg
ή“,•”•i‚Λ‚η‚Ά,‹ό,–xΨπ”Τ,131229,“‹“s,‹ό‹ζ,–xΨ‚P’–Ϊ,2019-04-17,17,“ΉHγ,‚»‚Μ‘Ό
ή“,•”•i‚Λ‚η‚Ά,‹ό,–xΨ‰w‘Oπ”Τ,131229,“‹“s,‹ό‹ζ,–xΨ‚S’–Ϊ,2019-06-09,00,‚SK‚ΔΘγ‹¤“―Z‘ξ,‚Θ‚µ
ή“,•”•i‚Λ‚η‚Ά,‹ό,•σ’¬π”Τ,131229,“‹“s,‹ό‹ζ,•σ’¬‚Q’–Ϊ,2019-03-21,17,’“Τi—Φjκ,‚»‚Μ‘Ό
ή“,•”•i‚Λ‚η‚Ά,‹ό,—§Ξπ”Τ,131229,“‹“s,‹ό‹ζ,—§Ξ‚P’–Ϊ,2019-03-07,17,‚»‚Μ‘Ό,‚»‚Μ‘Ό
ή“,•”•i‚Λ‚η‚Ά,‹ό,—§Ξ‰w‘Oπ”Τ,131229,“‹“s,‹ό‹ζ,—§Ξ‚Q’–Ϊ,2019-10-24,12,κΛZ‘ξ,ƒiƒ“ƒo[ƒvƒ[ƒg
ή“,•”•i‚Λ‚η‚Ά,‹ό,—§Ξ‰w‘Oπ”Τ,131229,“‹“s,‹ό‹ζ,—§Ξ‚U’–Ϊ,2019-11-25,22,‚SK‚ΔΘγ‹¤“―Z‘ξ,ƒiƒ“ƒo[ƒvƒ[ƒg
ή“,•”•i‚Λ‚η‚Ά,‹ό,—§Ξ‰w‘Oπ”Τ,131229,“‹“s,‹ό‹ζ,—§Ξ‚V’–Ϊ,2019-08-12,15,“ΉHγ,‚»‚Μ‘Ό
ή“,•”•i‚Λ‚η‚Ά,‹ό,—§Ξ‰w‘Oπ”Τ,131229,“‹“s,‹ό‹ζ,—§Ξ‚W’–Ϊ,2019-01-18,19,“ΉHγ,‚»‚Μ‘Ό
ή“,•”•i‚Λ‚η‚Ά,‹ό,—§Ξ‰w‘Oπ”Τ,131229,“‹“s,‹ό‹ζ,—§Ξ‚W’–Ϊ,2019-08-18,18,κΛZ‘ξ,‚»‚Μ‘Ό
ή“,•”•i‚Λ‚η‚Ά,‹ό,Β“u‰w‘Oπ”Τ,131229,“‹“s,‹ό‹ζ,—§Ξ‚U’–Ϊ,2019-09-02,17,‚»‚Μ‘Ό‚ΜZ‘ξi‚RK‚ΔΘ‰Ί‹¤“―Z‘ξ“™j,‚»‚Μ‘Ό
ή“,•”•i‚Λ‚η‚Ά,‹ό,‚»‰w‘Oπ”Τ,131229,“‹“s,‹ό‹ζ,‚»‚T’–Ϊ,2019-09-03,08,‚»‚Μ‘Ό,‚»‚Μ‘Ό
ή“,•”•i‚Λ‚η‚Ά,‹ό,Χ“cπ”Τ,131229,“‹“s,‹ό‹ζ,Χ“c‚S’–Ϊ,2019-01-26,16,’“Τi—Φjκ,‚»‚Μ‘Ό
ή“,•”•i‚Λ‚η‚Ά,‹ό,Χ“cπ”Τ,131229,“‹“s,‹ό‹ζ,Χ“c‚S’–Ϊ,2019-02-03,18,‚»‚Μ‘Ό‚ΜZ‘ξi‚RK‚ΔΘ‰Ί‹¤“―Z‘ξ“™j,‚»‚Μ‘Ό
ή“,•”•i‚Λ‚η‚Ά,‹ό,Χ“cπ”Τ,131229,“‹“s,‹ό‹ζ,Χ“c‚S’–Ϊ,2019-03-17,14,‚»‚Μ‘Ό‚ΜZ‘ξi‚RK‚ΔΘ‰Ί‹¤“―Z‘ξ“™j,ƒiƒ“ƒo[ƒvƒ[ƒg
ή“,•”•i‚Λ‚η‚Ά,‹ό,Χ“cπ”Τ,131229,“‹“s,‹ό‹ζ,Χ“c‚S’–Ϊ,2019-09-07,09,‚SK‚ΔΘγ‹¤“―Z‘ξ,ƒ^ƒCƒ„EƒzƒC[ƒ‹
ή“,•”•i‚Λ‚η‚Ά,‹ό,V¬β‰w‘Oπ”Τ,131229,“‹“s,‹ό‹ζ,V¬β‚P’–Ϊ,2019-05-15,20,’“Τi—Φjκ,‚»‚Μ‘Ό
ή“,•”•i‚Λ‚η‚Ά,‹ό,V¬β‰w‘Oπ”Τ,131229,“‹“s,‹ό‹ζ,V¬β‚P’–Ϊ,2019-09-25,10,‚»‚Μ‘Ό,‚»‚Μ‘Ό
ή“,•”•i‚Λ‚η‚Ά,‹ό,V¬β‰w‘Oπ”Τ,131229,“‹“s,‹ό‹ζ,V¬β‚P’–Ϊ,2019-12-03,13,‚»‚Μ‘Ό,‚»‚Μ‘Ό
ή“,•”•i‚Λ‚η‚Ά,‹ό,‚½‚Β‚έ‹΄π”Τ,131229,“‹“s,‹ό‹ζ,ΌV¬β‚P’–Ϊ,2019-09-07,17,’“Τi—Φjκ,ƒiƒ“ƒo[ƒvƒ[ƒg
ή“,•”•i‚Λ‚η‚Ά,‹ό,‚½‚Β‚έ‹΄π”Τ,131229,“‹“s,‹ό‹ζ,ΌV¬β‚Q’–Ϊ,2019-02-13,22,‚SK‚ΔΘγ‹¤“―Z‘ξ,ƒiƒ“ƒo[ƒvƒ[ƒg
ή“,•”•i‚Λ‚η‚Ά,‹ό,‚½‚Β‚έ‹΄π”Τ,131229,“‹“s,‹ό‹ζ,“V¬β‚Q’–Ϊ,2019-10-08,15,“ΉHγ,‚»‚Μ‘Ό
ή“,•”•i‚Λ‚η‚Ά,‹ό,‚½‚Β‚έ‹΄π”Τ,131229,“‹“s,‹ό‹ζ,“V¬β‚R’–Ϊ,2019-01-08,18,‚SK‚ΔΘγ‹¤“―Z‘ξ,‚»‚Μ‘Ό
ή“,•”•i‚Λ‚η‚Ά,‹ό,•½a‹΄π”Τ,131229,“‹“s,‹ό‹ζ,“l‚Β–Ψ‚Q’–Ϊ,2019-09-29,19,‚SK‚ΔΘγ‹¤“―Z‘ξ,‚»‚Μ‘Ό
ή“,•”•i‚Λ‚η‚Ά,‹ό,‰Λπ”Τ,131229,“‹“s,‹ό‹ζ,‰Λ‚P’–Ϊ,2019-01-04,20,‚»‚Μ‘Ό‚ΜZ‘ξi‚RK‚ΔΘ‰Ί‹¤“―Z‘ξ“™j,‚»‚Μ‘Ό
ή“,•”•i‚Λ‚η‚Ά,‹ό,‰Λπ”Τ,131229,“‹“s,‹ό‹ζ,‰Λ‚V’–Ϊ,2019-11-07,20,’“Τi—Φjκ,‚»‚Μ‘Ό
ή“,•”•i‚Λ‚η‚Ά,¬Όμ,¬Όμl’–Ϊπ”Τ,131237,“‹“s,]Λμ‹ζ,¬Όμ‚R’–Ϊ,2019-10-01,15,’“Τi—Φjκ,ƒ^ƒCƒ„EƒzƒC[ƒ‹
ή“,•”•i‚Λ‚η‚Ά,¬Όμ,•½δ‰w‘Oπ”Τ,131237,“‹“s,]Λμ‹ζ,•½δ‚R’–Ϊ,2018-05-10,•s–Ύ,‚SK‚ΔΘγ‹¤“―Z‘ξ,ƒiƒ“ƒo[ƒvƒ[ƒg
ή“,•”•i‚Λ‚η‚Ά,¬Όμ,•½δ‰w‘Oπ”Τ,131237,“‹“s,]Λμ‹ζ,•½δ‚R’–Ϊ,2019-10-15,18,‚SK‚ΔΘγ‹¤“―Z‘ξ,ƒiƒ“ƒo[ƒvƒ[ƒg
ή“,•”•i‚Λ‚η‚Ά,¬Όμ,•½δ‰w‘Oπ”Τ,131237,“‹“s,]Λμ‹ζ,•½δ‚S’–Ϊ,2019-07-31,16,κΛZ‘ξ,‚»‚Μ‘Ό
ή“,•”•i‚Λ‚η‚Ά,¬Όμ,•½δµ’–Ϊπ”Τ,131237,“‹“s,]Λμ‹ζ,•½δ‚V’–Ϊ,2019-01-05,17,‚SK‚ΔΘγ‹¤“―Z‘ξ,‚»‚Μ‘Ό
ή“,•”•i‚Λ‚η‚Ά,¬Όμ,•½δµ’–Ϊπ”Τ,131237,“‹“s,]Λμ‹ζ,•½δ‚V’–Ϊ,2019-01-08,17,‚SK‚ΔΘγ‹¤“―Z‘ξ,‚»‚Μ‘Ό
ή“,•”•i‚Λ‚η‚Ά,¬Όμ,Ό“‡l’–Ϊπ”Τ,131237,“‹“s,]Λμ‹ζ,Ό“‡‚Q’–Ϊ,2019-06-21,23,κΛZ‘ξ,ƒ^ƒCƒ„EƒzƒC[ƒ‹
ή“,•”•i‚Λ‚η‚Ά,¬Όμ,Ό“‡l’–Ϊπ”Τ,131237,“‹“s,]Λμ‹ζ,Ό“‡‚Q’–Ϊ,2019-10-02,02,“ΉHγ,‚»‚Μ‘Ό
ή“,•”•i‚Λ‚η‚Ά,¬Όμ,”ª‘ ‹΄π”Τ,131237,“‹“s,]Λμ‹ζ,’†‰›‚P’–Ϊ,2019-09-26,16,‚»‚Μ‘Ό,‚»‚Μ‘Ό
ή“,•”•i‚Λ‚η‚Ά,¬Όμ,”ª‘ ‹΄π”Τ,131237,“‹“s,]Λμ‹ζ,Ό“‡‚P’–Ϊ,2019-07-18,18,’“Τi—Φjκ,ƒiƒ“ƒo[ƒvƒ[ƒg
ή“,•”•i‚Λ‚η‚Ά,¬Όμ,‹—t’Κπ”Τ,131237,“‹“s,]Λμ‹ζ,’†‰›‚Q’–Ϊ,2019-08-01,21,’“Τi—Φjκ,‚»‚Μ‘Ό
ή“,•”•i‚Λ‚η‚Ά,¬Όμ,κ”V]π”Τ,131237,“‹“s,]Λμ‹ζ,κ”V]‚Q’–Ϊ,2019-04-08,10,’“Τi—Φjκ,‚»‚Μ‘Ό
ή“,•”•i‚Λ‚η‚Ά,¬Όμ,κ”V]π”Τ,131237,“‹“s,]Λμ‹ζ,κ”V]‚Q’–Ϊ,2019-06-30,18,’“Τi—Φjκ,ƒiƒ“ƒo[ƒvƒ[ƒg
ή“,•”•i‚Λ‚η‚Ά,¬Όμ,κ”V]π”Τ,131237,“‹“s,]Λμ‹ζ,κ”V]‚S’–Ϊ,2019-01-06,10,‚»‚Μ‘Ό‚ΜZ‘ξi‚RK‚ΔΘ‰Ί‹¤“―Z‘ξ“™j,ƒiƒ“ƒo[ƒvƒ[ƒg
ή“,•”•i‚Λ‚η‚Ά,¬Όμ,κ”V]π”Τ,131237,“‹“s,]Λμ‹ζ,t]’¬‚S’–Ϊ,2019-06-29,20,“ΉHγ,ƒiƒ“ƒo[ƒvƒ[ƒg
ή“,•”•i‚Λ‚η‚Ά,¬Όμ,’Φ’¬’“έ,131237,“‹“s,]Λμ‹ζ,t]’¬‚R’–Ϊ,2019-08-20,17,’“Τi—Φjκ,‚»‚Μ‘Ό
ή“,•”•i‚Λ‚η‚Ά,¬Όμ,“μΒθπ”Τ,131237,“‹“s,]Λμ‹ζ,]Λμ‚P’–Ϊ,2019-06-26,21,‚»‚Μ‘Ό,‚»‚Μ‘Ό
ή“,•”•i‚Λ‚η‚Ά,¬Όμ,“¬Όμπ”Τ,131237,“‹“s,]Λμ‹ζ,Ό]‚T’–Ϊ,2019-05-03,18,’“Τi—Φjκ,‚»‚Μ‘Ό
ή“,•”•i‚Λ‚η‚Ά,¬Όμ,“]π”Τ,131237,“‹“s,]Λμ‹ζ,]Λμ‚Q’–Ϊ,2019-07-19,06,‚SK‚ΔΘγ‹¤“―Z‘ξ,‚»‚Μ‘Ό
ή“,•”•i‚Λ‚η‚Ά,¬Όμ,“]π”Τ,131237,“‹“s,]Λμ‹ζ,“]‚Q’–Ϊ,2019-08-06,08,‚SK‚ΔΘγ‹¤“―Z‘ξ,ƒ^ƒCƒ„EƒzƒC[ƒ‹
ή“,•”•i‚Λ‚η‚Ά,¬Όμ,]‰w‘Oπ”Τ,131237,“‹“s,]Λμ‹ζ,]Λμ‚Q’–Ϊ,2019-09-05,21,’“Τi—Φjκ,‚»‚Μ‘Ό
ή“,•”•i‚Λ‚η‚Ά,¬Όμ,]‰w‘Oπ”Τ,131237,“‹“s,]Λμ‹ζ,Βθ’¬‚S’–Ϊ,2019-08-11,05,’“Τi—Φjκ,ƒiƒ“ƒo[ƒvƒ[ƒg
ή“,•”•i‚Λ‚η‚Ά,¬Όμ,]‰w‘Oπ”Τ,131237,“‹“s,]Λμ‹ζ,Ό]‚R’–Ϊ,2019-05-02,08,‚»‚Μ‘Ό‚ΜZ‘ξi‚RK‚ΔΘ‰Ί‹¤“―Z‘ξ“™j,‚»‚Μ‘Ό
ή“,•”•i‚Λ‚η‚Ά,¬Όμ,]‰w‘Oπ”Τ,131237,“‹“s,]Λμ‹ζ,]‚Q’–Ϊ,2019-11-01,20,“ΉHγ,ƒiƒ“ƒo[ƒvƒ[ƒg
ή“,•”•i‚Λ‚η‚Ά,¬Όμ,¬Όμκ’–Ϊπ”Τ,131237,“‹“s,]Λμ‹ζ,¬Όμ‚P’–Ϊ,2019-12-01,13,‚SK‚ΔΘγ‹¤“―Z‘ξ,‚»‚Μ‘Ό
ή“,•”•i‚Λ‚η‚Ά,¬Όμ,Βθ‰w‘Oπ”Τ,131237,“‹“s,]Λμ‹ζ,Βθ’¬‚S’–Ϊ,2019-06-17,22,‚»‚Μ‘Ό‚ΜZ‘ξi‚RK‚ΔΘ‰Ί‹¤“―Z‘ξ“™j,‚»‚Μ‘Ό
ή“,•”•i‚Λ‚η‚Ά,¬Όμ,Βθ‰w‘Oπ”Τ,131237,“‹“s,]Λμ‹ζ,Βθ’¬‚V’–Ϊ,2019-06-11,05,‚SK‚ΔΘγ‹¤“―Z‘ξ,ƒiƒ“ƒo[ƒvƒ[ƒg
ή“,•”•i‚Λ‚η‚Ά,¬Όμ,Βθ‰w‘Oπ”Τ,131237,“‹“s,]Λμ‹ζ,V–x‚P’–Ϊ,2019-03-17,02,κΛZ‘ξ,‚»‚Μ‘Ό
ή“,•”•i‚Λ‚η‚Ά,¬Όμ,Βθ‰w‘Oπ”Τ,131237,“‹“s,]Λμ‹ζ,’J‰Ν“ΰ‚Q’–Ϊ,2019-04-13,01,κΛZ‘ξ,‚»‚Μ‘Ό
ή“,•”•i‚Λ‚η‚Ά,¬Όμ,Βθ‰w‘Oπ”Τ,131237,“‹“s,]Λμ‹ζ,’J‰Ν“ΰ‚Q’–Ϊ,2019-09-06,18,‚SK‚ΔΘγ‹¤“―Z‘ξ,ƒiƒ“ƒo[ƒvƒ[ƒg
ή“,•”•i‚Λ‚η‚Ά,¬β,“μ¬βπ”Τ,131237,“‹“s,]Λμ‹ζ,–kΒθ‚P’–Ϊ,2019-11-16,21,κΛZ‘ξ,‚»‚Μ‘Ό
ή“,•”•i‚Λ‚η‚Ά,¬β,“μ¬βπ”Τ,131237,“‹“s,]Λμ‹ζ,–kΒθ‚Q’–Ϊ,2019-01-20,10,“ΉHγ,‚»‚Μ‘Ό
ή“,•”•i‚Λ‚η‚Ά,¬β,›΄‹΄π”Τ,131237,“‹“s,]Λμ‹ζ,–{κF‚Q’–Ϊ,2019-09-25,18,’“Τi—Φjκ,‚»‚Μ‘Ό
ή“,•”•i‚Λ‚η‚Ά,¬β,›΄‹΄π”Τ,131237,“‹“s,]Λμ‹ζ,Ό–{‚P’–Ϊ,2019-06-15,20,’“Τi—Φjκ,‚»‚Μ‘Ό
ή“,•”•i‚Λ‚η‚Ά,¬β,¬β‰w‘Oπ”Τ,131237,“‹“s,]Λμ‹ζ,“μ¬β‚U’–Ϊ,2019-10-09,10,’“Τi—Φjκ,‚»‚Μ‘Ό
ή“,•”•i‚Λ‚η‚Ά,¬β,¬β‰w‘Oπ”Τ,131237,“‹“s,]Λμ‹ζ,“μ¬β‚V’–Ϊ,2019-09-21,11,’“Τi—Φjκ,‚»‚Μ‘Ό
ή“,•”•i‚Λ‚η‚Ά,¬β,¬β‰w‘Oπ”Τ,131237,“‹“s,]Λμ‹ζ,“μ¬β‚V’–Ϊ,2019-12-08,22,‚SK‚ΔΘγ‹¤“―Z‘ξ,‚»‚Μ‘Ό
ή“,•”•i‚Λ‚η‚Ά,¬β,Ό¬βπ”Τ,131237,“‹“s,]Λμ‹ζ,Ό¬β‚P’–Ϊ,2019-02-13,01,’“Τi—Φjκ,‚»‚Μ‘Ό
ή“,•”•i‚Λ‚η‚Ά,¬β,–k¬β“ρ’–Ϊπ”Τ,131237,“‹“s,]Λμ‹ζ,–k¬β‚P’–Ϊ,2019-02-03,17,’“Τi—Φjκ,‚»‚Μ‘Ό
ή“,•”•i‚Λ‚η‚Ά,¬β,–k¬β“ρ’–Ϊπ”Τ,131237,“‹“s,]Λμ‹ζ,Ό¬β‚T’–Ϊ,2019-08-29,08,‚»‚Μ‘Ό‚ΜZ‘ξi‚RK‚ΔΘ‰Ί‹¤“―Z‘ξ“™j,‚»‚Μ‘Ό
ή“,•”•i‚Λ‚η‚Ά,¬β,–k¬β“ρ’–Ϊπ”Τ,131237,“‹“s,]Λμ‹ζ,“¬β‚U’–Ϊ,2019-03-18,20,‚»‚Μ‘Ό‚ΜZ‘ξi‚RK‚ΔΘ‰Ί‹¤“―Z‘ξ“™j,‚»‚Μ‘Ό
ή“,•”•i‚Λ‚η‚Ά,¬β,–k¬β“ρ’–Ϊπ”Τ,131237,“‹“s,]Λμ‹ζ,“¬β‚U’–Ϊ,2019-08-18,09,κΛZ‘ξ,‚»‚Μ‘Ό
ή“,•”•i‚Λ‚η‚Ά,¬β,]Λμπ”Τ,131237,“‹“s,]Λμ‹ζ,–k¬β‚R’–Ϊ,2019-05-02,15,“ΉHγ,ƒ^ƒCƒ„EƒzƒC[ƒ‹
ή“,•”•i‚Λ‚η‚Ά,¬β,–k¬β’“έ,131237,“‹“s,]Λμ‹ζ,–k¬β‚V’–Ϊ,2019-10-23,21,’“Τi—Φjκ,‚»‚Μ‘Ό
ή“,•”•i‚Λ‚η‚Ά,¬β,­π”Τ,131237,“‹“s,]Λμ‹ζ,­‚P’–Ϊ,2019-08-27,12,’“Τi—Φjκ,‚»‚Μ‘Ό
ή“,•”•i‚Λ‚η‚Ά,¬β,­π”Τ,131237,“‹“s,]Λμ‹ζ,­‚Q’–Ϊ,2019-07-03,18,’“Τi—Φjκ,‚»‚Μ‘Ό
ή“,•”•i‚Λ‚η‚Ά,¬β,γΒθ’“έ,131237,“‹“s,]Λμ‹ζ,γΒθ‚P’–Ϊ,2019-06-18,19,’“Τi—Φjκ,‚»‚Μ‘Ό
ή“,•”•i‚Λ‚η‚Ά,¬β,γΒθ’“έ,131237,“‹“s,]Λμ‹ζ,γΒθ‚P’–Ϊ,2019-11-24,14,’“Τi—Φjκ,ƒiƒ“ƒo[ƒvƒ[ƒg
ή“,•”•i‚Λ‚η‚Ά,‹Ό,‘D–x‰w‘Oπ”Τ,131237,“‹“s,]Λμ‹ζ,‘D–x‚P’–Ϊ,2017-07-20,12,‚SK‚ΔΘγ‹¤“―Z‘ξ,ƒiƒ“ƒo[ƒvƒ[ƒg
ή“,•”•i‚Λ‚η‚Ά,‹Ό,‘D–x‰w‘Oπ”Τ,131237,“‹“s,]Λμ‹ζ,‘D–x‚P’–Ϊ,2019-04-02,18,‚SK‚ΔΘγ‹¤“―Z‘ξ,ƒiƒ“ƒo[ƒvƒ[ƒg
ή“,•”•i‚Λ‚η‚Ά,‹Ό,‘D–x‰w‘Oπ”Τ,131237,“‹“s,]Λμ‹ζ,‘D–x‚P’–Ϊ,2019-08-01,12,‚SK‚ΔΘγ‹¤“―Z‘ξ,‚»‚Μ‘Ό
ή“,•”•i‚Λ‚η‚Ά,‹Ό,‘D–x‰w‘Oπ”Τ,131237,“‹“s,]Λμ‹ζ,‘D–x‚P’–Ϊ,2019-08-19,22,‚SK‚ΔΘγ‹¤“―Z‘ξ,‚»‚Μ‘Ό
ή“,•”•i‚Λ‚η‚Ά,‹Ό,‘D–x‰w‘Oπ”Τ,131237,“‹“s,]Λμ‹ζ,‘D–x‚P’–Ϊ,2019-08-20,12,‚SK‚ΔΘγ‹¤“―Z‘ξ,ƒiƒ“ƒo[ƒvƒ[ƒg
ή“,•”•i‚Λ‚η‚Ά,‹Ό,‘D–x‰w‘Oπ”Τ,131237,“‹“s,]Λμ‹ζ,‘D–x‚P’–Ϊ,2019-09-16,08,‚SK‚ΔΘγ‹¤“―Z‘ξ,ƒiƒ“ƒo[ƒvƒ[ƒg
ή“,•”•i‚Λ‚η‚Ά,‹Ό,‘D–x‰w‘Oπ”Τ,131237,“‹“s,]Λμ‹ζ,‘D–x‚P’–Ϊ,2019-11-22,16,’“Τi—Φjκ,‚»‚Μ‘Ό
ή“,•”•i‚Λ‚η‚Ά,‹Ό,‘D–x‰w‘Oπ”Τ,131237,“‹“s,]Λμ‹ζ,‘D–x‚Q’–Ϊ,2019-09-05,19,‚SK‚ΔΘγ‹¤“―Z‘ξ,‚»‚Μ‘Ό
ή“,•”•i‚Λ‚η‚Ά,‹Ό,‘D–x‰w‘Oπ”Τ,131237,“‹“s,]Λμ‹ζ,‘D–x‚Q’–Ϊ,2019-10-08,10,‚SK‚ΔΘγ‹¤“―Z‘ξ,‚»‚Μ‘Ό
ή“,•”•i‚Λ‚η‚Ά,‹Ό,‘D–x‰w‘Oπ”Τ,131237,“‹“s,]Λμ‹ζ,‘D–x‚Q’–Ϊ,2019-10-30,07,‚SK‚ΔΘγ‹¤“―Z‘ξ,‚»‚Μ‘Ό
ή“,•”•i‚Λ‚η‚Ά,‹Ό,‹Ό‹΄“π”Τ,131237,“‹“s,]Λμ‹ζ,Ό‹Ό‚R’–Ϊ,2019-07-10,20,’“Τi—Φjκ,‚»‚Μ‘Ό
ή“,•”•i‚Λ‚η‚Ά,‹Ό,‹¤‰h‹΄π”Τ,131237,“‹“s,]Λμ‹ζ,’†‹Ό‚R’–Ϊ,2019-02-25,07,‚»‚Μ‘Ό‚ΜZ‘ξi‚RK‚ΔΘ‰Ί‹¤“―Z‘ξ“™j,‚»‚Μ‘Ό
ή“,•”•i‚Λ‚η‚Ά,‹Ό,“‹Όά’–Ϊπ”Τ,131237,“‹“s,]Λμ‹ζ,“‹Ό‚P’–Ϊ,2019-02-14,17,“ΉHγ,ƒ^ƒCƒ„EƒzƒC[ƒ‹
ή“,•”•i‚Λ‚η‚Ά,‹Ό,“‹Όά’–Ϊπ”Τ,131237,“‹“s,]Λμ‹ζ,“‹Ό‚R’–Ϊ,2019-04-20,07,‚»‚Μ‘Ό‚ΜZ‘ξi‚RK‚ΔΘ‰Ί‹¤“―Z‘ξ“™j,‚»‚Μ‘Ό
ή“,•”•i‚Λ‚η‚Ά,‹Ό,Ό‹Ό‰w‘Oπ”Τ,131237,“‹“s,]Λμ‹ζ,Ό‹Ό‚R’–Ϊ,2019-09-26,18,“ΉHγ,‚»‚Μ‘Ό
ή“,•”•i‚Λ‚η‚Ά,‹Ό,Ό‹Ό‰w‘Oπ”Τ,131237,“‹“s,]Λμ‹ζ,Ό‹Ό‚S’–Ϊ,2019-05-07,16,’“Τi—Φjκ,ƒiƒ“ƒo[ƒvƒ[ƒg
ή“,•”•i‚Λ‚η‚Ά,‹Ό,Ό‹Ό‰w‘Oπ”Τ,131237,“‹“s,]Λμ‹ζ,Ό‹Ό‚S’–Ϊ,2019-06-08,08,’“Τi—Φjκ,ƒiƒ“ƒo[ƒvƒ[ƒg
ή“,•”•i‚Λ‚η‚Ά,‹Ό,Ό‹Ό‰w‘Oπ”Τ,131237,“‹“s,]Λμ‹ζ,Ό‹Ό‚V’–Ϊ,2019-03-30,19,‚SK‚ΔΘγ‹¤“―Z‘ξ,ƒiƒ“ƒo[ƒvƒ[ƒg
ή“,•”•i‚Λ‚η‚Ά,‹Ό,‰Fμ“c’“έ,131237,“‹“s,]Λμ‹ζ,–k‹Ό‚T’–Ϊ,2018-12-21,09,κΛZ‘ξ,ƒiƒ“ƒo[ƒvƒ[ƒg
ή“,•”•i‚Λ‚η‚Ά,‹Ό,“‹Ό‹γ’–Ϊ’“έ,131237,“‹“s,]Λμ‹ζ,“‹Ό‚W’–Ϊ,2019-03-30,21,‚»‚Μ‘Ό‚ΜZ‘ξi‚RK‚ΔΘ‰Ί‹¤“―Z‘ξ“™j,ƒiƒ“ƒo[ƒvƒ[ƒg
ή“,•”•i‚Λ‚η‚Ά,‹Ό,“μ‹Όπ”Τ,131237,“‹“s,]Λμ‹ζ,“μ‹Ό‚Q’–Ϊ,2019-07-18,21,‚SK‚ΔΘγ‹¤“―Z‘ξ,‚»‚Μ‘Ό
ή“,•”•i‚Λ‚η‚Ά,‹Ό,“μ‹Όπ”Τ,131237,“‹“s,]Λμ‹ζ,“μ‹Ό‚R’–Ϊ,2018-08-13,13,‚»‚Μ‘Ό‚ΜZ‘ξi‚RK‚ΔΘ‰Ί‹¤“―Z‘ξ“™j,ƒiƒ“ƒo[ƒvƒ[ƒg
ή“,•”•i‚Λ‚η‚Ά,‹Ό,“μ‹Όπ”Τ,131237,“‹“s,]Λμ‹ζ,“μ‹Ό‚R’–Ϊ,2019-11-03,09,κΛZ‘ξ,ƒiƒ“ƒo[ƒvƒ[ƒg
ή“,•”•i‚Λ‚η‚Ά,‹Ό,“μ‹Όπ”Τ,131237,“‹“s,]Λμ‹ζ,“μ‹Ό‚T’–Ϊ,2019-04-25,00,‚SK‚ΔΘγ‹¤“―Z‘ξ,‚»‚Μ‘Ό
ή“,•”•i‚Λ‚η‚Ά,‹Ό,“μ‹Όπ”Τ,131237,“‹“s,]Λμ‹ζ,“μ‹Ό‚T’–Ϊ,2019-11-17,17,‚SK‚ΔΘγ‹¤“―Z‘ξ,‚»‚Μ‘Ό
ή“,•”•i‚Λ‚η‚Ά,‹Ό,“μ‹Όπ”Τ,131237,“‹“s,]Λμ‹ζ,“μ‹Ό‚U’–Ϊ,2019-01-14,20,’“Τi—Φjκ,‚»‚Μ‘Ό
ή“,•”•i‚Λ‚η‚Ά,‹Ό,΄V’¬π”Τ,131237,“‹“s,]Λμ‹ζ,“μ‹Ό‚R’–Ϊ,2019-09-13,13,’“Τi—Φjκ,ƒiƒ“ƒo[ƒvƒ[ƒg
ή“,•”•i‚Λ‚η‚Ά,‹Ό,΄V’¬π”Τ,131237,“‹“s,]Λμ‹ζ,΄V’¬‚P’–Ϊ,2019-03-24,22,‚SK‚ΔΘγ‹¤“―Z‘ξ,‚»‚Μ‘Ό
ή“,•”•i‚Λ‚η‚Ά,‹Ό,΄V’¬π”Τ,131237,“‹“s,]Λμ‹ζ,΄V’¬‚Q’–Ϊ,2018-11-10,•s–Ύ,’“Τi—Φjκ,ƒiƒ“ƒo[ƒvƒ[ƒg
ή“,•”•i‚Λ‚η‚Ά,‹Ό,΄V’¬π”Τ,131237,“‹“s,]Λμ‹ζ,΄V’¬‚Q’–Ϊ,2019-01-10,21,’“Τi—Φjκ,‚»‚Μ‘Ό
ή“,•”•i‚Λ‚η‚Ά,‹Ό,΄V’¬π”Τ,131237,“‹“s,]Λμ‹ζ,΄V’¬‚Q’–Ϊ,2019-03-13,16,‚SK‚ΔΘγ‹¤“―Z‘ξ,‚»‚Μ‘Ό
ή“,•”•i‚Λ‚η‚Ά,‹Ό,΄V’¬π”Τ,131237,“‹“s,]Λμ‹ζ,΄V’¬‚Q’–Ϊ,2019-08-06,22,‚SK‚ΔΘγ‹¤“―Z‘ξ,ƒiƒ“ƒo[ƒvƒ[ƒg
ή“,•”•i‚Λ‚η‚Ά,‹Ό,‹Ό‰w‘Oπ”Τ,131237,“‹“s,]Λμ‹ζ,’†‹Ό‚T’–Ϊ,2019-06-01,07,‚SK‚ΔΘγ‹¤“―Z‘ξ,‚»‚Μ‘Ό
ή“,•”•i‚Λ‚η‚Ά,‹Ό,‹Ό‰w‘Oπ”Τ,131237,“‹“s,]Λμ‹ζ,’†‹Ό‚U’–Ϊ,2019-05-16,20,‚»‚Μ‘Ό‚ΜZ‘ξi‚RK‚ΔΘ‰Ί‹¤“―Z‘ξ“™j,ƒiƒ“ƒo[ƒvƒ[ƒg
ή“,•”•i‚Λ‚η‚Ά,‹Ό,‹Ό‰w‘Oπ”Τ,131237,“‹“s,]Λμ‹ζ,“‹Ό‚U’–Ϊ,2019-02-19,08,’“Τi—Φjκ,‚»‚Μ‘Ό
ή“,•”•i‚Λ‚η‚Ά,‹Ό,‹Ό‰w‘Oπ”Τ,131237,“‹“s,]Λμ‹ζ,“‹Ό‚U’–Ϊ,2019-06-30,14,’“Τi—Φjκ,‚»‚Μ‘Ό
ή“,•”•i‚Λ‚η‚Ά,‹Ό,‹Ό‰w‘Oπ”Τ,131237,“‹“s,]Λμ‹ζ,“‹Ό‚U’–Ϊ,2019-09-08,16,‚SK‚ΔΘγ‹¤“―Z‘ξ,‚»‚Μ‘Ό
ή“,•”•i‚Λ‚η‚Ά,‹Ό,‹Ό‰w‘Oπ”Τ,131237,“‹“s,]Λμ‹ζ,“‹Ό‚W’–Ϊ,2019-09-08,08,κΛZ‘ξ,‚»‚Μ‘Ό
ή“,•”•i‚Λ‚η‚Ά,‹Ό,]ΛμZ’–Ϊπ”Τ,131237,“‹“s,]Λμ‹ζ,]Λμ‚U’–Ϊ,2019-11-13,15,“ΉHγ,ƒiƒ“ƒo[ƒvƒ[ƒg
ή“,•”•i‚Λ‚η‚Ά,‹Ό,]ΛμZ’–Ϊπ”Τ,131237,“‹“s,]Λμ‹ζ,Ό]‚T’–Ϊ,2019-07-08,13,’“Τi—Φjκ,‚»‚Μ‘Ό
ή“,•”•i‚Λ‚η‚Ά,‹Ό,—ΥCφ‰€π”Τ,131237,“‹“s,]Λμ‹ζ,“‹Ό‚U’–Ϊ,2019-01-11,18,’“Τi—Φjκ,ƒ^ƒCƒ„EƒzƒC[ƒ‹
ή“,•”•i‚Λ‚η‚Ά,‹Ό,—ΥCφ‰€π”Τ,131237,“‹“s,]Λμ‹ζ,“μ‹Ό‚T’–Ϊ,2019-04-23,19,‚SK‚ΔΘγ‹¤“―Z‘ξ,‚»‚Μ‘Ό
ή“,•”•i‚Λ‚η‚Ά,‹Ό,—ΥCφ‰€π”Τ,131237,“‹“s,]Λμ‹ζ,“μ‹Ό‚T’–Ϊ,2019-05-17,19,‚SK‚ΔΘγ‹¤“―Z‘ξ,‚»‚Μ‘Ό
ή“,•”•i‚Λ‚η‚Ά,‹Ό,—ΥCφ‰€π”Τ,131237,“‹“s,]Λμ‹ζ,—ΥC’¬‚Q’–Ϊ,2019-05-17,18,‚SK‚ΔΘγ‹¤“―Z‘ξ,‚»‚Μ‘Ό
ή“,•”•i‚Λ‚η‚Ά,‹Ό,—ΥCφ‰€π”Τ,131237,“‹“s,]Λμ‹ζ,—ΥC’¬‚U’–Ϊ,2019-07-28,11,’“Τi—Φjκ,ƒiƒ“ƒo[ƒvƒ[ƒg
ή“,•”•i‚Λ‚η‚Ά,“μ‘ε‘ς,–k–μ‰w‘Oπ”Τ,132012,“‹“s,”ª‰¤qs,‘Ε‰z’¬,2019-08-01,09,‚»‚Μ‘Ό‚ΜZ‘ξi‚RK‚ΔΘ‰Ί‹¤“―Z‘ξ“™j,ƒiƒ“ƒo[ƒvƒ[ƒg
ή“,•”•i‚Λ‚η‚Ά,“μ‘ε‘ς,–k–μ‰w‘Oπ”Τ,132012,“‹“s,”ª‰¤qs,–k–μ’¬,2019-12-19,03,κΛZ‘ξ,‚»‚Μ‘Ό
ή“,•”•i‚Λ‚η‚Ά,“μ‘ε‘ς,‰Ί—M–Ψπ”Τ,132012,“‹“s,”ª‰¤qs,‰z–μ,2018-03-01,•s–Ύ,‚»‚Μ‘Ό,ƒiƒ“ƒo[ƒvƒ[ƒg
ή“,•”•i‚Λ‚η‚Ά,“μ‘ε‘ς,‰Ί—M–Ψπ”Τ,132012,“‹“s,”ª‰¤qs,‰Ί—M–Ψ,2019-01-26,11,‚»‚Μ‘Ό‚ΜZ‘ξi‚RK‚ΔΘ‰Ί‹¤“―Z‘ξ“™j,‚»‚Μ‘Ό
ή“,•”•i‚Λ‚η‚Ά,“μ‘ε‘ς,‰Ί—M–Ψπ”Τ,132012,“‹“s,”ª‰¤qs,‰Ί—M–Ψ,2019-08-16,23,’“Τi—Φjκ,ƒiƒ“ƒo[ƒvƒ[ƒg
ή“,•”•i‚Λ‚η‚Ά,“μ‘ε‘ς,‰Ί—M–Ψπ”Τ,132012,“‹“s,”ª‰¤qs,‰Ί—M–Ψ‚R’–Ϊ,2019-05-23,19,‚SK‚ΔΘγ‹¤“―Z‘ξ,ƒiƒ“ƒo[ƒvƒ[ƒg
ή“,•”•i‚Λ‚η‚Ά,“μ‘ε‘ς,‰Ί—M–Ψπ”Τ,132012,“‹“s,”ª‰¤qs,‰Ί—M–Ψ‚R’–Ϊ,2019-05-26,18,‚SK‚ΔΘγ‹¤“―Z‘ξ,ƒiƒ“ƒo[ƒvƒ[ƒg
ή“,•”•i‚Λ‚η‚Ά,“μ‘ε‘ς,‰Ί—M–Ψπ”Τ,132012,“‹“s,”ª‰¤qs,‰Ί—M–Ψ‚R’–Ϊ,2019-05-27,13,‚SK‚ΔΘγ‹¤“―Z‘ξ,‚»‚Μ‘Ό
ή“,•”•i‚Λ‚η‚Ά,“μ‘ε‘ς,‰Ί—M–Ψπ”Τ,132012,“‹“s,”ª‰¤qs,‰Ί—M–Ψ‚R’–Ϊ,2019-08-25,18,‚SK‚ΔΘγ‹¤“―Z‘ξ,‚»‚Μ‘Ό
ή“,•”•i‚Λ‚η‚Ά,“μ‘ε‘ς,‰Ί—M–Ψπ”Τ,132012,“‹“s,”ª‰¤qs,‰Ί—M–Ψ‚R’–Ϊ,2019-09-13,19,‚SK‚ΔΘγ‹¤“―Z‘ξ,ƒ^ƒCƒ„EƒzƒC[ƒ‹
ή“,•”•i‚Λ‚η‚Ά,“μ‘ε‘ς,‰Ί—M–Ψπ”Τ,132012,“‹“s,”ª‰¤qs,‰Ί—M–Ψ‚R’–Ϊ,2019-12-14,20,‚SK‚ΔΘγ‹¤“―Z‘ξ,ƒiƒ“ƒo[ƒvƒ[ƒg
ή“,•”•i‚Λ‚η‚Ά,“μ‘ε‘ς,‰Ί—M–Ψπ”Τ,132012,“‹“s,”ª‰¤qs,Ό–Ψ,2019-01-05,16,‚»‚Μ‘Ό‚ΜZ‘ξi‚RK‚ΔΘ‰Ί‹¤“―Z‘ξ“™j,ƒiƒ“ƒo[ƒvƒ[ƒg
ή“,•”•i‚Λ‚η‚Ά,“μ‘ε‘ς,Ό‚ª’Jπ”Τ,132012,“‹“s,”ª‰¤qs,‘ε’Λ,2019-09-30,18,‚»‚Μ‘Ό‚ΜZ‘ξi‚RK‚ΔΘ‰Ί‹¤“―Z‘ξ“™j,ƒiƒ“ƒo[ƒvƒ[ƒg
ή“,•”•i‚Λ‚η‚Ά,“μ‘ε‘ς,Ό‚ª’Jπ”Τ,132012,“‹“s,”ª‰¤qs,­“‡,2019-08-06,00,‚»‚Μ‘Ό,ƒiƒ“ƒo[ƒvƒ[ƒg
ή“,•”•i‚Λ‚η‚Ά,“μ‘ε‘ς,‚—δπ”Τ,132012,“‹“s,”ª‰¤qs,•Π‘q’¬,2019-04-03,17,‚»‚Μ‘Ό‚ΜZ‘ξi‚RK‚ΔΘ‰Ί‹¤“―Z‘ξ“™j,ƒiƒ“ƒo[ƒvƒ[ƒg
ή“,•”•i‚Λ‚η‚Ά,“μ‘ε‘ς,–x”V“ΰ‰w‘Oπ”Τ,132012,“‹“s,”ª‰¤qs,–x”V“ΰ‚R’–Ϊ,2019-02-13,07,’“Τi—Φjκ,‚»‚Μ‘Ό
ή“,•”•i‚Λ‚η‚Ά,“μ‘ε‘ς,–x”V“ΰ‰w‘Oπ”Τ,132012,“‹“s,”ª‰¤qs,Ό–Ψ,2019-05-18,19,‚»‚Μ‘Ό,‚»‚Μ‘Ό
ή“,•”•i‚Λ‚η‚Ά,“μ‘ε‘ς,“μ‘ε‘ς‰w‘Oπ”Τ,132012,“‹“s,”ª‰¤qs,“μ‘ε‘ς‚P’–Ϊ,2019-10-26,12,‚»‚Μ‘Ό,ƒiƒ“ƒo[ƒvƒ[ƒg
ή“,•”•i‚Λ‚η‚Ά,“μ‘ε‘ς,“μ‘ε‘ς‰w‘Oπ”Τ,132012,“‹“s,”ª‰¤qs,“μ‘ε‘ς‚R’–Ϊ,2019-05-18,09,‚SK‚ΔΘγ‹¤“―Z‘ξ,ƒiƒ“ƒo[ƒvƒ[ƒg
ή“,•”•i‚Λ‚η‚Ά,“μ‘ε‘ς,“μ‘ε‘ς‰w‘Oπ”Τ,132012,“‹“s,”ª‰¤qs,“μ‘ε‘ς‚S’–Ϊ,2019-10-20,19,‚SK‚ΔΘγ‹¤“―Z‘ξ,ƒiƒ“ƒo[ƒvƒ[ƒg
ή“,•”•i‚Λ‚η‚Ά,“μ‘ε‘ς,‚έ‚Θ‚έ–μπ”Τ,132012,“‹“s,”ª‰¤qs,Ό•Π‘q‚Q’–Ϊ,2018-12-25,18,‚»‚Μ‘Ό‚ΜZ‘ξi‚RK‚ΔΘ‰Ί‹¤“―Z‘ξ“™j,ƒiƒ“ƒo[ƒvƒ[ƒg
ή“,•”•i‚Λ‚η‚Ά,“μ‘ε‘ς,‚έ‚Θ‚έ–μπ”Τ,132012,“‹“s,”ª‰¤qs,Ό•Π‘q‚Q’–Ϊ,2019-01-09,15,’“Τi—Φjκ,ƒiƒ“ƒo[ƒvƒ[ƒg
ή“,•”•i‚Λ‚η‚Ά,“μ‘ε‘ς,‚έ‚Θ‚έ–μπ”Τ,132012,“‹“s,”ª‰¤qs,•Ί‰q‚Q’–Ϊ,2019-01-10,20,‚»‚Μ‘Ό,ƒiƒ“ƒo[ƒvƒ[ƒg
ή“,•”•i‚Λ‚η‚Ά,“μ‘ε‘ς,‚έ‚Θ‚έ–μπ”Τ,132012,“‹“s,”ª‰¤qs,‚έ‚Θ‚έ–μ‚P’–Ϊ,2019-10-18,08,’“Τi—Φjκ,ƒiƒ“ƒo[ƒvƒ[ƒg
ή“,•”•i‚Λ‚η‚Ά,“μ‘ε‘ς,‘΄‰w‘Oπ”Τ,132098,“‹“s,’¬“cs,‘΄’¬,2019-04-30,12,κΛZ‘ξ,‚»‚Μ‘Ό
ή“,•”•i‚Λ‚η‚Ά,“μ‘ε‘ς,γ—M–Ψ’“έ,132012,“‹“s,”ª‰¤qs,γ—M–Ψ,2019-04-08,18,’“Τi—Φjκ,ƒiƒ“ƒo[ƒvƒ[ƒg
ή“,•”•i‚Λ‚η‚Ά,“μ‘ε‘ς,γ—M–Ψ’“έ,132012,“‹“s,”ª‰¤qs,γ—M–Ψ‚R’–Ϊ,2019-07-20,20,‚SK‚ΔΘγ‹¤“―Z‘ξ,ƒiƒ“ƒo[ƒvƒ[ƒg
ή“,•”•i‚Λ‚η‚Ά,“μ‘ε‘ς,¬”δι’“έ,132012,“‹“s,”ª‰¤qs,¬”δι’¬,2016-03-20,09,‚»‚Μ‘Ό‚ΜZ‘ξi‚RK‚ΔΘ‰Ί‹¤“―Z‘ξ“™j,ƒiƒ“ƒo[ƒvƒ[ƒg
ή“,•”•i‚Λ‚η‚Ά,“μ‘ε‘ς,¬R’“έ,132098,“‹“s,’¬“cs,¬R’¬,2019-05-05,17,’“Τi—Φjκ,ƒiƒ“ƒo[ƒvƒ[ƒg
ή“,•”•i‚Λ‚η‚Ά,“μ‘ε‘ς,¬R’“έ,132098,“‹“s,’¬“cs,¬Rƒ–‹u‚P’–Ϊ,2019-07-15,18,κΛZ‘ξ,ƒiƒ“ƒo[ƒvƒ[ƒg
ή“,•”•i‚Λ‚η‚Ά,“μ‘ε‘ς,‘εΛ’“έ,132098,“‹“s,’¬“cs,‘΄’¬,2018-12-13,18,‚SK‚ΔΘγ‹¤“―Z‘ξ,ƒiƒ“ƒo[ƒvƒ[ƒg
ή“,•”•i‚Λ‚η‚Ά,‚”φ,‚”φ‰w‘Oπ”Τ,132012,“‹“s,”ª‰¤qs,’·–[’¬,2019-01-30,17,’“Τi—Φjκ,‚»‚Μ‘Ό
ή“,•”•i‚Λ‚η‚Ά,‚”φ,‚”φ‰w‘Oπ”Τ,132012,“‹“s,”ª‰¤qs,‰‘ς’¬,2019-05-20,17,κΛZ‘ξ,ƒiƒ“ƒo[ƒvƒ[ƒg
ή“,•”•i‚Λ‚η‚Ά,‚”φ,•ΐ–Ψ’¬π”Τ,132012,“‹“s,”ª‰¤qs,U“c’¬‚T’–Ϊ,2019-12-23,22,’“Τi—Φjκ,‚»‚Μ‘Ό
ή“,•”•i‚Λ‚η‚Ά,‚”φ,‚ί‚¶‚λ‘δπ”Τ,132012,“‹“s,”ª‰¤qs,­“c’¬,2019-08-26,22,‚»‚Μ‘Ό‚ΜZ‘ξi‚RK‚ΔΘ‰Ί‹¤“―Z‘ξ“™j,ƒiƒ“ƒo[ƒvƒ[ƒg
ή“,•”•i‚Λ‚η‚Ά,‚”φ,’·–[’¬π”Τ,132012,“‹“s,”ª‰¤qs,’·–[’¬,2019-04-24,18,’“Τi—Φjκ,‚»‚Μ‘Ό
ή“,•”•i‚Λ‚η‚Ά,‚”φ,’·–[’¬π”Τ,132012,“‹“s,”ª‰¤qs,’·–[’¬,2019-06-17,20,‚SK‚ΔΘγ‹¤“―Z‘ξ,ƒiƒ“ƒo[ƒvƒ[ƒg
ή“,•”•i‚Λ‚η‚Ά,‚”φ,‰΅μ’¬π”Τ,132012,“‹“s,”ª‰¤qs,‰΅μ’¬,2019-06-26,20,κΛZ‘ξ,ƒiƒ“ƒo[ƒvƒ[ƒg
ή“,•”•i‚Λ‚η‚Ά,‚”φ,‰΅μ’¬π”Τ,132012,“‹“s,”ª‰¤qs,‰΅μ’¬,2019-07-15,15,‚SK‚ΔΘγ‹¤“―Z‘ξ,ƒiƒ“ƒo[ƒvƒ[ƒg
ή“,•”•i‚Λ‚η‚Ά,‚”φ,³”ª‰¤qπ”Τ,132012,“‹“s,”ª‰¤qs,³”ª‰¤q’¬‚Q’–Ϊ,2019-03-20,20,κΛZ‘ξ,ƒ^ƒCƒ„EƒzƒC[ƒ‹
ή“,•”•i‚Λ‚η‚Ά,‚”φ,ΩƒP‹u’“έ,132012,“‹“s,”ª‰¤qs,Ω’¬,2019-01-10,•s–Ύ,‚SK‚ΔΘγ‹¤“―Z‘ξ,ƒiƒ“ƒo[ƒvƒ[ƒg
ή“,•”•i‚Λ‚η‚Ά,‚”φ,ΩƒP‹u’“έ,132012,“‹“s,”ª‰¤qs,Ω’¬,2019-03-18,21,‚SK‚ΔΘγ‹¤“―Z‘ξ,ƒiƒ“ƒo[ƒvƒ[ƒg
ή“,•”•i‚Λ‚η‚Ά,‚”φ,ΩƒP‹u’“έ,132012,“‹“s,”ª‰¤qs,Ω’¬,2019-04-26,16,‚SK‚ΔΘγ‹¤“―Z‘ξ,ƒiƒ“ƒo[ƒvƒ[ƒg
ή“,•”•i‚Λ‚η‚Ά,‚”φ,ΩƒP‹u’“έ,132012,“‹“s,”ª‰¤qs,Ω’¬,2019-04-26,19,‚SK‚ΔΘγ‹¤“―Z‘ξ,ƒiƒ“ƒo[ƒvƒ[ƒg
ή“,•”•i‚Λ‚η‚Ά,‚”φ,ΩƒP‹u’“έ,132012,“‹“s,”ª‰¤qs,Ω’¬,2019-04-26,20,‚SK‚ΔΘγ‹¤“―Z‘ξ,ƒiƒ“ƒo[ƒvƒ[ƒg
ή“,•”•i‚Λ‚η‚Ά,‚”φ,ΩƒP‹u’“έ,132012,“‹“s,”ª‰¤qs,Ω’¬,2019-04-26,22,‚SK‚ΔΘγ‹¤“―Z‘ξ,ƒiƒ“ƒo[ƒvƒ[ƒg
ή“,•”•i‚Λ‚η‚Ά,‚”φ,ΩƒP‹u’“έ,132012,“‹“s,”ª‰¤qs,Ω’¬,2019-04-27,19,‚SK‚ΔΘγ‹¤“―Z‘ξ,ƒiƒ“ƒo[ƒvƒ[ƒg
ή“,•”•i‚Λ‚η‚Ά,‚”φ,ΩƒP‹u’“έ,132012,“‹“s,”ª‰¤qs,Ω’¬,2019-04-28,17,‚SK‚ΔΘγ‹¤“―Z‘ξ,ƒiƒ“ƒo[ƒvƒ[ƒg
ή“,•”•i‚Λ‚η‚Ά,‚”φ,ΩƒP‹u’“έ,132012,“‹“s,”ª‰¤qs,Ω’¬,2019-04-28,17,‚SK‚ΔΘγ‹¤“―Z‘ξ,ƒiƒ“ƒo[ƒvƒ[ƒg
ή“,•”•i‚Λ‚η‚Ά,‚”φ,ΩƒP‹u’“έ,132012,“‹“s,”ª‰¤qs,Ω’¬,2019-04-28,18,‚SK‚ΔΘγ‹¤“―Z‘ξ,ƒiƒ“ƒo[ƒvƒ[ƒg
ή“,•”•i‚Λ‚η‚Ά,‚”φ,ΩƒP‹u’“έ,132012,“‹“s,”ª‰¤qs,Ω’¬,2019-04-28,21,‚SK‚ΔΘγ‹¤“―Z‘ξ,ƒiƒ“ƒo[ƒvƒ[ƒg
ή“,•”•i‚Λ‚η‚Ά,‚”φ,ΩƒP‹u’“έ,132012,“‹“s,”ª‰¤qs,Ω’¬,2019-04-29,13,‚SK‚ΔΘγ‹¤“―Z‘ξ,ƒiƒ“ƒo[ƒvƒ[ƒg
ή“,•”•i‚Λ‚η‚Ά,‚”φ,ΩƒP‹u’“έ,132012,“‹“s,”ª‰¤qs,Ω’¬,2019-04-29,17,‚SK‚ΔΘγ‹¤“―Z‘ξ,ƒiƒ“ƒo[ƒvƒ[ƒg
ή“,•”•i‚Λ‚η‚Ά,‚”φ,ΩƒP‹u’“έ,132012,“‹“s,”ª‰¤qs,Ω’¬,2019-04-29,20,‚SK‚ΔΘγ‹¤“―Z‘ξ,ƒiƒ“ƒo[ƒvƒ[ƒg
ή“,•”•i‚Λ‚η‚Ά,‚”φ,ΩƒP‹u’“έ,132012,“‹“s,”ª‰¤qs,Ω’¬,2019-05-03,22,‚SK‚ΔΘγ‹¤“―Z‘ξ,ƒiƒ“ƒo[ƒvƒ[ƒg
ή“,•”•i‚Λ‚η‚Ά,‚”φ,ΩƒP‹u’“έ,132012,“‹“s,”ª‰¤qs,Ω’¬,2019-05-05,13,‚SK‚ΔΘγ‹¤“―Z‘ξ,ƒiƒ“ƒo[ƒvƒ[ƒg
ή“,•”•i‚Λ‚η‚Ά,‚”φ,ΩƒP‹u’“έ,132012,“‹“s,”ª‰¤qs,Ω’¬,2019-05-12,20,‚SK‚ΔΘγ‹¤“―Z‘ξ,ƒiƒ“ƒo[ƒvƒ[ƒg
ή“,•”•i‚Λ‚η‚Ά,‚”φ,ΩƒP‹u’“έ,132012,“‹“s,”ª‰¤qs,Ω’¬,2019-09-03,07,‚SK‚ΔΘγ‹¤“―Z‘ξ,‚»‚Μ‘Ό
ή“,•”•i‚Λ‚η‚Ά,‚”φ,ΩƒP‹u’“έ,132012,“‹“s,”ª‰¤qs,Ω’¬,2019-10-03,08,“ΉHγ,ƒ^ƒCƒ„EƒzƒC[ƒ‹
ή“,•”•i‚Λ‚η‚Ά,‚”φ,Ω’“έ,132012,“‹“s,”ª‰¤qs,Ω’¬,2019-05-05,17,‚»‚Μ‘Ό‚ΜZ‘ξi‚RK‚ΔΘ‰Ί‹¤“―Z‘ξ“™j,‚»‚Μ‘Ό
ή“,•”•i‚Λ‚η‚Ά,‚”φ,Ω’“έ,132012,“‹“s,”ª‰¤qs,Ω’¬,2019-11-30,22,κΛZ‘ξ,ƒiƒ“ƒo[ƒvƒ[ƒg
ή“,•”•i‚Λ‚η‚Ά,‚”φ,›“c’c’n’“έ,132012,“‹“s,”ª‰¤qs,‘ε‘D’¬,2019-12-09,13,’“Τi—Φjκ,ƒiƒ“ƒo[ƒvƒ[ƒg
ή“,•”•i‚Λ‚η‚Ά,‚”φ,‰Ί‰¶•ϋ’“έ,132012,“‹“s,”ª‰¤qs,‰Ί‰¶•ϋ’¬,2019-09-12,03,κΛZ‘ξ,ƒiƒ“ƒo[ƒvƒ[ƒg
ή“,•”•i‚Λ‚η‚Ά,‚”φ,Ό›•ϋ’“έ,132012,“‹“s,”ª‰¤qs,Ό›•ϋ’¬,2018-10-05,18,κΛZ‘ξ,‚»‚Μ‘Ό
ή“,•”•i‚Λ‚η‚Ά,‘½–€’†‰›,¤“†π”Τ,132241,“‹“s,‘½–€s,¤“†‚P’–Ϊ,2019-03-29,22,‚»‚Μ‘Ό‚ΜZ‘ξi‚RK‚ΔΘ‰Ί‹¤“―Z‘ξ“™j,ƒiƒ“ƒo[ƒvƒ[ƒg
ή“,•”•i‚Λ‚η‚Ά,‘½–€’†‰›,¤“†π”Τ,132241,“‹“s,‘½–€s,•S‘,2019-02-21,20,κΛZ‘ξ,‚»‚Μ‘Ό
ή“,•”•i‚Λ‚η‚Ά,‘½–€’†‰›,‰iR‰w‘Oπ”Τ,132241,“‹“s,‘½–€s,z–K‚R’–Ϊ,2019-02-07,08,’“Τi—Φjκ,‚»‚Μ‘Ό
ή“,•”•i‚Λ‚η‚Ά,‘½–€’†‰›,‰iR‰w‘Oπ”Τ,132241,“‹“s,‘½–€s,z–K‚S’–Ϊ,2019-06-20,20,‚SK‚ΔΘγ‹¤“―Z‘ξ,ƒ^ƒCƒ„EƒzƒC[ƒ‹
ή“,•”•i‚Λ‚η‚Ά,‘½–€’†‰›,‰iR‰w‘Oπ”Τ,132241,“‹“s,‘½–€s,‰iR‚P’–Ϊ,2019-04-11,08,’“Τi—Φjκ,‚»‚Μ‘Ό
ή“,•”•i‚Λ‚η‚Ά,‘½–€’†‰›,‰iR‰w‘Oπ”Τ,132241,“‹“s,‘½–€s,‰iR‚P’–Ϊ,2019-05-01,14,’“Τi—Φjκ,‚»‚Μ‘Ό
ή“,•”•i‚Λ‚η‚Ά,‘½–€’†‰›,‰iR‰w‘Oπ”Τ,132241,“‹“s,‘½–€s,‰iR‚P’–Ϊ,2019-05-05,06,’“Τi—Φjκ,‚»‚Μ‘Ό
ή“,•”•i‚Λ‚η‚Ά,‘½–€’†‰›,‰iR‰w‘Oπ”Τ,132241,“‹“s,‘½–€s,‰iR‚P’–Ϊ,2019-05-08,08,’“Τi—Φjκ,‚»‚Μ‘Ό
ή“,•”•i‚Λ‚η‚Ά,‘½–€’†‰›,‰iR‰w‘Oπ”Τ,132241,“‹“s,‘½–€s,‰iR‚P’–Ϊ,2019-06-17,08,’“Τi—Φjκ,‚»‚Μ‘Ό
ή“,•”•i‚Λ‚η‚Ά,‘½–€’†‰›,‰iR‰w‘Oπ”Τ,132241,“‹“s,‘½–€s,‰iR‚P’–Ϊ,2019-07-05,13,’“Τi—Φjκ,‚»‚Μ‘Ό
ή“,•”•i‚Λ‚η‚Ά,‘½–€’†‰›,‰iR‰w‘Oπ”Τ,132241,“‹“s,‘½–€s,‰iR‚P’–Ϊ,2019-07-26,07,’“Τi—Φjκ,‚»‚Μ‘Ό
ή“,•”•i‚Λ‚η‚Ά,‘½–€’†‰›,‰iR‰w‘Oπ”Τ,132241,“‹“s,‘½–€s,‰iR‚P’–Ϊ,2019-08-09,09,’“Τi—Φjκ,‚»‚Μ‘Ό
ή“,•”•i‚Λ‚η‚Ά,‘½–€’†‰›,‰iR‰w‘Oπ”Τ,132241,“‹“s,‘½–€s,‰iR‚P’–Ϊ,2019-09-12,08,’“Τi—Φjκ,‚»‚Μ‘Ό
ή“,•”•i‚Λ‚η‚Ά,‘½–€’†‰›,‰iR‰w‘Oπ”Τ,132241,“‹“s,‘½–€s,‰iR‚P’–Ϊ,2019-10-18,07,’“Τi—Φjκ,‚»‚Μ‘Ό
ή“,•”•i‚Λ‚η‚Ά,‘½–€’†‰›,‰iR‰w‘Oπ”Τ,132241,“‹“s,‘½–€s,‰iR‚P’–Ϊ,2019-10-19,10,’“Τi—Φjκ,‚»‚Μ‘Ό
ή“,•”•i‚Λ‚η‚Ά,‘½–€’†‰›,‰iR‰w‘Oπ”Τ,132241,“‹“s,‘½–€s,‰iR‚P’–Ϊ,2019-12-12,06,’“Τi—Φjκ,‚»‚Μ‘Ό
ή“,•”•i‚Λ‚η‚Ά,‘½–€’†‰›,‰iR‰w‘Oπ”Τ,132241,“‹“s,‘½–€s,‰iR‚P’–Ϊ,2019-12-28,14,’“Τi—Φjκ,‚»‚Μ‘Ό
ή“,•”•i‚Λ‚η‚Ά,‘½–€’†‰›,‰iR‰w‘Oπ”Τ,132241,“‹“s,‘½–€s,”nψ‘ς‚P’–Ϊ,2019-04-01,00,‚SK‚ΔΘγ‹¤“―Z‘ξ,‚»‚Μ‘Ό
ή“,•”•i‚Λ‚η‚Ά,‘½–€’†‰›,‰iRl’–Ϊπ”Τ,132241,“‹“s,‘½–€s,z–K‚S’–Ϊ,2019-02-12,16,‚SK‚ΔΘγ‹¤“―Z‘ξ,‚»‚Μ‘Ό
ή“,•”•i‚Λ‚η‚Ά,‘½–€’†‰›,‰iRl’–Ϊπ”Τ,132241,“‹“s,‘½–€s,z–K‚S’–Ϊ,2019-04-26,18,‚SK‚ΔΘγ‹¤“―Z‘ξ,ƒiƒ“ƒo[ƒvƒ[ƒg
ή“,•”•i‚Λ‚η‚Ά,‘½–€’†‰›,Lζπ”Τ,132241,“‹“s,‘½–€s,Lζ‚S’–Ϊ,2019-08-25,16,‚SK‚ΔΘγ‹¤“―Z‘ξ,ƒiƒ“ƒo[ƒvƒ[ƒg
ή“,•”•i‚Λ‚η‚Ά,‘½–€’†‰›,Lζπ”Τ,132241,“‹“s,‘½–€s,–LƒP‹u‚P’–Ϊ,2019-12-27,13,‚SK‚ΔΘγ‹¤“―Z‘ξ,ƒ^ƒCƒ„EƒzƒC[ƒ‹
ή“,•”•i‚Λ‚η‚Ά,‘½–€’†‰›,‘½–€ƒZƒ“ƒ^[‰w‘Oπ”Τ,132241,“‹“s,‘½–€s,¤“†‚S’–Ϊ,2019-05-22,16,κΛZ‘ξ,‚»‚Μ‘Ό
ή“,•”•i‚Λ‚η‚Ά,‘½–€’†‰›,‘½–€ƒZƒ“ƒ^[‰w‘Oπ”Τ,132241,“‹“s,‘½–€s,—‡‚P’–Ϊ,2019-02-08,17,’“Τi—Φjκ,‚»‚Μ‘Ό
ή“,•”•i‚Λ‚η‚Ά,‘½–€’†‰›,‘½–€ƒZƒ“ƒ^[‰w‘Oπ”Τ,132241,“‹“s,‘½–€s,—‡‚P’–Ϊ,2019-02-10,13,’“Τi—Φjκ,‚»‚Μ‘Ό
ή“,•”•i‚Λ‚η‚Ά,‘½–€’†‰›,‘½–€ƒZƒ“ƒ^[‰w‘Oπ”Τ,132241,“‹“s,‘½–€s,—‡‚P’–Ϊ,2019-05-22,07,’“Τi—Φjκ,‚»‚Μ‘Ό
ή“,•”•i‚Λ‚η‚Ά,‘½–€’†‰›,‘½–€ƒZƒ“ƒ^[‰w‘Oπ”Τ,132241,“‹“s,‘½–€s,—‡‚Q’–Ϊ,2019-08-03,19,‚SK‚ΔΘγ‹¤“―Z‘ξ,‚»‚Μ‘Ό
ή“,•”•i‚Λ‚η‚Ά,‘½–€’†‰›,‘½–€ƒZƒ“ƒ^[‰w‘Oπ”Τ,132241,“‹“s,‘½–€s,—‡‚R’–Ϊ,2019-10-13,12,‚SK‚ΔΘγ‹¤“―Z‘ξ,‚»‚Μ‘Ό
ή“,•”•i‚Λ‚η‚Ά,‘½–€’†‰›,‘½–€ƒZƒ“ƒ^[‰w‘Oπ”Τ,132241,“‹“s,‘½–€s,—‡‚R’–Ϊ,2019-10-21,00,‚SK‚ΔΘγ‹¤“―Z‘ξ,ƒ^ƒCƒ„EƒzƒC[ƒ‹
ή“,•”•i‚Λ‚η‚Ά,‘½–€’†‰›,‘½–€ƒZƒ“ƒ^[‰w‘Oπ”Τ,132241,“‹“s,‘½–€s,—‡‚U’–Ϊ,2019-02-23,23,‚SK‚ΔΘγ‹¤“―Z‘ξ,‚»‚Μ‘Ό
ή“,•”•i‚Λ‚η‚Ά,‘½–€’†‰›,‘εΫπ”Τ,132250,“‹“s,ξιs,“’·ΐ,2019-08-09,08,’“Τi—Φjκ,ƒiƒ“ƒo[ƒvƒ[ƒg
ή“,•”•i‚Λ‚η‚Ά,‘½–€’†‰›,–ξ–μϋπ”Τ,132250,“‹“s,ξιs,β•l,2019-02-21,09,‚»‚Μ‘Ό‚ΜZ‘ξi‚RK‚ΔΘ‰Ί‹¤“―Z‘ξ“™j,ƒiƒ“ƒo[ƒvƒ[ƒg
ή“,•”•i‚Λ‚η‚Ά,‘½–€’†‰›,–ξ–μϋπ”Τ,132250,“‹“s,ξιs,–ξ–μϋ,2019-11-07,07,“ΉHγ,ƒiƒ“ƒo[ƒvƒ[ƒg
ή“,•”•i‚Λ‚η‚Ά,‘½–€’†‰›,•½”φπ”Τ,132250,“‹“s,ξιs,•½”φ‚R’–Ϊ,2019-09-26,15,‚SK‚ΔΘγ‹¤“―Z‘ξ,ƒ^ƒCƒ„EƒzƒC[ƒ‹
ή“,•”•i‚Λ‚η‚Ά,‘½–€’†‰›,–kLζ’“έ,132241,“‹“s,‘½–€s,–LƒP‹u‚Q’–Ϊ,2014-05-26,14,‚SK‚ΔΘγ‹¤“―Z‘ξ,ƒiƒ“ƒo[ƒvƒ[ƒg
ή“,•”•i‚Λ‚η‚Ά,‘½–€’†‰›,χƒP‹u’“έ,132241,“‹“s,‘½–€s,χƒP‹u‚Q’–Ϊ,2019-08-14,16,κΛZ‘ξ,ƒiƒ“ƒo[ƒvƒ[ƒg
ή“,•”•i‚Λ‚η‚Ά,‘½–€’†‰›,—‡Z’–Ϊ’“έ,132241,“‹“s,‘½–€s,—‡‚U’–Ϊ,2019-02-22,21,‚SK‚ΔΘγ‹¤“―Z‘ξ,‚»‚Μ‘Ό
ή“,•”•i‚Λ‚η‚Ά,‘½–€’†‰›,—‡Z’–Ϊ’“έ,132241,“‹“s,‘½–€s,“μ–μ‚Q’–Ϊ,2019-12-02,21,’“Τi—Φjκ,‚»‚Μ‘Ό
ή“,•”•i‚Λ‚η‚Ά,‘½–€’†‰›,ό—z‘δ’“έ,132250,“‹“s,ξιs,ό—z‘δ‚U’–Ϊ,2019-08-20,20,‚SK‚ΔΘγ‹¤“―Z‘ξ,‚»‚Μ‘Ό
ή“,•”•i‚Λ‚η‚Ά,‘½–€’†‰›,α—t‘δ‰w‘Oπ”Τ,132250,“‹“s,ξιs,•½”φ‚R’–Ϊ,2019-03-02,02,‚SK‚ΔΘγ‹¤“―Z‘ξ,‚»‚Μ‘Ό
ή“,•”•i‚Λ‚η‚Ά,‘½–€’†‰›,α—t‘δ‰w‘Oπ”Τ,132250,“‹“s,ξιs,α—t‘δ‚Q’–Ϊ,2019-03-16,14,‚SK‚ΔΘγ‹¤“―Z‘ξ,‚»‚Μ‘Ό
ή“,•”•i‚Λ‚η‚Ά,‘½–€’†‰›,α—t‘δ‰w‘Oπ”Τ,132250,“‹“s,ξιs,α—t‘δ‚Q’–Ϊ,2019-07-30,11,’“Τi—Φjκ,‚»‚Μ‘Ό
ή“,•”•i‚Λ‚η‚Ά,‘½–€’†‰›,“‚–Ψ“c‰w‘O’“έ,132241,“‹“s,‘½–€s,“‚–Ψ“c‚P’–Ϊ,2019-05-29,17,κΛZ‘ξ,ƒiƒ“ƒo[ƒvƒ[ƒg
ή“,•”•i‚Λ‚η‚Ά,‘½–€’†‰›,“‚–Ψ“c‰w‘O’“έ,132241,“‹“s,‘½–€s,“‚–Ψ“c‚P’–Ϊ,2019-11-06,09,’“Τi—Φjκ,‚»‚Μ‘Ό
ή“,•”•i‚Λ‚η‚Ά,“‘εa,‚―‚β‚«’Κπ”Τ,132209,“‹“s,“‘εas,΄΄‚R’–Ϊ,2019-12-14,13,‚SK‚ΔΘγ‹¤“―Z‘ξ,ƒiƒ“ƒo[ƒvƒ[ƒg
ή“,•”•i‚Λ‚η‚Ά,“‘εa,‚―‚β‚«’Κπ”Τ,132209,“‹“s,“‘εas,΄…‚S’–Ϊ,2019-07-25,22,’“Τi—Φjκ,ƒ^ƒCƒ„EƒzƒC[ƒ‹
ή“,•”•i‚Λ‚η‚Ά,“‘εa,‚―‚β‚«’Κπ”Τ,132209,“‹“s,“‘εas,V–x‚P’–Ϊ,2019-03-12,15,‚SK‚ΔΘγ‹¤“―Z‘ξ,‚»‚Μ‘Ό
ή“,•”•i‚Λ‚η‚Ά,“‘εa,‚―‚β‚«’Κπ”Τ,132209,“‹“s,“‘εas,’‡΄‚R’–Ϊ,2018-12-30,09,’“Τi—Φjκ,‚»‚Μ‘Ό
ή“,•”•i‚Λ‚η‚Ά,“‘εa,“μXπ”Τ,132209,“‹“s,“‘εas,χ‚ª‹u‚Q’–Ϊ,2019-06-30,11,’“Τi—Φjκ,‚»‚Μ‘Ό
ή“,•”•i‚Λ‚η‚Ά,“‘εa,“μXπ”Τ,132209,“‹“s,“‘εas,ό΄‚R’–Ϊ,2019-10-02,18,‚SK‚ΔΘγ‹¤“―Z‘ξ,ƒiƒ“ƒo[ƒvƒ[ƒg
ή“,•”•i‚Λ‚η‚Ά,“‘εa,“μXπ”Τ,132209,“‹“s,“‘εas,ό΄‚R’–Ϊ,2019-10-05,08,‚»‚Μ‘Ό,‚»‚Μ‘Ό
ή“,•”•i‚Λ‚η‚Ά,“‘εa,“μXπ”Τ,132209,“‹“s,“‘εas,ό΄‚U’–Ϊ,2018-07-01,•s–Ύ,‚SK‚ΔΘγ‹¤“―Z‘ξ,ƒiƒ“ƒo[ƒvƒ[ƒg
ή“,•”•i‚Λ‚η‚Ά,“‘εa,“ή—Η‹΄π”Τ,132209,“‹“s,“‘εas,γ–k‘δ‚P’–Ϊ,2019-07-09,12,‚SK‚ΔΘγ‹¤“―Z‘ξ,ƒiƒ“ƒo[ƒvƒ[ƒg
ή“,•”•i‚Λ‚η‚Ά,“‘εa,“ή—Η‹΄π”Τ,132209,“‹“s,“‘εas,γ–k‘δ‚Q’–Ϊ,2019-07-02,20,‚SK‚ΔΘγ‹¤“―Z‘ξ,ƒiƒ“ƒo[ƒvƒ[ƒg
ή“,•”•i‚Λ‚η‚Ά,“‘εa,“ή—Η‹΄π”Τ,132209,“‹“s,“‘εas,‘ •~‚R’–Ϊ,2019-06-04,17,‚SK‚ΔΘγ‹¤“―Z‘ξ,ƒiƒ“ƒo[ƒvƒ[ƒg
ή“,•”•i‚Λ‚η‚Ά,“‘εa,‘ΊRπ”Τ,132233,“‹“s,•‘ ‘ΊRs,‰|‚P’–Ϊ,2019-11-04,20,’“Τi—Φjκ,‚»‚Μ‘Ό
ή“,•”•i‚Λ‚η‚Ά,“‘εa,‘ΊRπ”Τ,132233,“‹“s,•‘ ‘ΊRs,‰|‚Q’–Ϊ,2019-05-30,14,κΛZ‘ξ,ƒiƒ“ƒo[ƒvƒ[ƒg
ή“,•”•i‚Λ‚η‚Ά,“‘εa,‘ΊRπ”Τ,132233,“‹“s,•‘ ‘ΊRs,‘ε“μ‚P’–Ϊ,2019-05-29,22,’“Τi—Φjκ,ƒiƒ“ƒo[ƒvƒ[ƒg
ή“,•”•i‚Λ‚η‚Ά,“‘εa,‘ΊRπ”Τ,132233,“‹“s,•‘ ‘ΊRs,w‰€‚R’–Ϊ,2019-05-15,21,‚»‚Μ‘Ό‚ΜZ‘ξi‚RK‚ΔΘ‰Ί‹¤“―Z‘ξ“™j,‚»‚Μ‘Ό
ή“,•”•i‚Λ‚η‚Ά,“‘εa,‘ΊRπ”Τ,132233,“‹“s,•‘ ‘ΊRs,—Ξ‚ª‹u,2018-08-21,•s–Ύ,‚SK‚ΔΘγ‹¤“―Z‘ξ,ƒiƒ“ƒo[ƒvƒ[ƒg
ή“,•”•i‚Λ‚η‚Ά,“‘εa,‘ΊRπ”Τ,132233,“‹“s,•‘ ‘ΊRs,—Ξ‚ª‹u,2019-05-09,20,‚SK‚ΔΘγ‹¤“―Z‘ξ,ƒiƒ“ƒo[ƒvƒ[ƒg
ή“,•”•i‚Λ‚η‚Ά,“‘εa,‘ΊRπ”Τ,132233,“‹“s,•‘ ‘ΊRs,—Ξ‚ª‹u,2019-05-25,20,‚SK‚ΔΘγ‹¤“―Z‘ξ,ƒiƒ“ƒo[ƒvƒ[ƒg
ή“,•”•i‚Λ‚η‚Ά,“‘εa,‘ΊRπ”Τ,132233,“‹“s,•‘ ‘ΊRs,—Ξ‚ª‹u,2019-05-28,09,‚SK‚ΔΘγ‹¤“―Z‘ξ,ƒiƒ“ƒo[ƒvƒ[ƒg
ή“,•”•i‚Λ‚η‚Ά,“‘εa,‘ΊRπ”Τ,132233,“‹“s,•‘ ‘ΊRs,—Ξ‚ª‹u,2019-06-14,21,‚SK‚ΔΘγ‹¤“―Z‘ξ,ƒiƒ“ƒo[ƒvƒ[ƒg
ή“,•”•i‚Λ‚η‚Ά,“‘εa,‘ΊRπ”Τ,132233,“‹“s,•‘ ‘ΊRs,—Ξ‚ª‹u,2019-10-21,17,‚SK‚ΔΘγ‹¤“―Z‘ξ,‚»‚Μ‘Ό
ή“,•”•i‚Λ‚η‚Ά,“‘εa,’†“΅π”Τ,132233,“‹“s,•‘ ‘ΊRs,Oƒc“΅‚P’–Ϊ,2019-05-29,21,κΛZ‘ξ,ƒiƒ“ƒo[ƒvƒ[ƒg
ή“,•”•i‚Λ‚η‚Ά,“‘εa,’†“΅π”Τ,132233,“‹“s,•‘ ‘ΊRs,_–Ύ‚Q’–Ϊ,2019-05-10,10,‚SK‚ΔΘγ‹¤“―Z‘ξ,ƒ^ƒCƒ„EƒzƒC[ƒ‹
ή“,•”•i‚Λ‚η‚Ά,“‘εa,’†“΅π”Τ,132233,“‹“s,•‘ ‘ΊRs,_–Ύ‚R’–Ϊ,2019-06-04,09,κΛZ‘ξ,ƒiƒ“ƒo[ƒvƒ[ƒg
ή“,•”•i‚Λ‚η‚Ά,“‘εa,’†“΅π”Τ,132233,“‹“s,•‘ ‘ΊRs,’†‰›‚P’–Ϊ,2019-03-01,•s–Ύ,κΛZ‘ξ,ƒiƒ“ƒo[ƒvƒ[ƒg
ή“,•”•i‚Λ‚η‚Ά,“‘εa,Oƒc–Ψπ”Τ,132233,“‹“s,•‘ ‘ΊRs,’†΄‚P’–Ϊ,2019-09-08,19,κΛZ‘ξ,ƒiƒ“ƒo[ƒvƒ[ƒg
ή“,•”•i‚Λ‚η‚Ά,“‘εa,c–x’“έ,132233,“‹“s,•‘ ‘ΊRs,c–x‚P’–Ϊ,2019-05-29,00,‚»‚Μ‘Ό‚ΜZ‘ξi‚RK‚ΔΘ‰Ί‹¤“―Z‘ξ“™j,ƒiƒ“ƒo[ƒvƒ[ƒg
ή“,•”•i‚Λ‚η‚Ά,“‘εa,c–x’“έ,132233,“‹“s,•‘ ‘ΊRs,c–x‚P’–Ϊ,2019-06-02,20,‚»‚Μ‘Ό‚ΜZ‘ξi‚RK‚ΔΘ‰Ί‹¤“―Z‘ξ“™j,ƒiƒ“ƒo[ƒvƒ[ƒg
ή“,•”•i‚Λ‚η‚Ά,“‘εa,‹Κμγ…‰w‘Oπ”Τ,132209,“‹“s,“‘εas,γ–k‘δ‚R’–Ϊ,2019-05-28,18,’“Τi—Φjκ,ƒiƒ“ƒo[ƒvƒ[ƒg
ή“,•”•i‚Λ‚η‚Ά,“‘εa,‹Κμγ…‰w‘Oπ”Τ,132209,“‹“s,“‘εas,—§–μ‚R’–Ϊ,2019-02-01,20,‚SK‚ΔΘγ‹¤“―Z‘ξ,ƒiƒ“ƒo[ƒvƒ[ƒg
ή“,•”•i‚Λ‚η‚Ά,“‘εa,‹Κμγ…‰w‘Oπ”Τ,132233,“‹“s,•‘ ‘ΊRs,‘ε“μ‚S’–Ϊ,2019-10-09,17,‚SK‚ΔΘγ‹¤“―Z‘ξ,ƒiƒ“ƒo[ƒvƒ[ƒg
ή“,•”•i‚Λ‚η‚Ά,“‘εa,‹Κμγ…‰w‘Oπ”Τ,132233,“‹“s,•‘ ‘ΊRs,‘ε“μ‚S’–Ϊ,2019-10-28,17,‚SK‚ΔΘγ‹¤“―Z‘ξ,‚»‚Μ‘Ό
ή“,•”•i‚Λ‚η‚Ά,Β”~,“ϊόa“c’“έ,132055,“‹“s,Β”~s,ηƒ–£’¬‚R’–Ϊ,2019-06-05,14,’“Τi—Φjκ,‚»‚Μ‘Ό
ή“,•”•i‚Λ‚η‚Ά,Β”~,V’¬π”Τ,132055,“‹“s,Β”~s,V’¬‚T’–Ϊ,2019-05-18,15,‚»‚Μ‘Ό,‚»‚Μ‘Ό
ή“,•”•i‚Λ‚η‚Ά,Β”~,V’¬π”Τ,132055,“‹“s,Β”~s,V’¬‚T’–Ϊ,2019-06-09,17,’“Τi—Φjκ,‚»‚Μ‘Ό
ή“,•”•i‚Λ‚η‚Ά,Β”~,V’¬π”Τ,132055,“‹“s,Β”~s,V’¬‚U’–Ϊ,2019-11-07,14,’“Τi—Φjκ,ƒiƒ“ƒo[ƒvƒ[ƒg
ή“,•”•i‚Λ‚η‚Ά,Β”~,V’¬π”Τ,132055,“‹“s,Β”~s,V’¬‚V’–Ϊ,2019-10-07,23,κΛZ‘ξ,ƒ^ƒCƒ„EƒzƒC[ƒ‹
ή“,•”•i‚Λ‚η‚Ά,Β”~,V’¬π”Τ,132055,“‹“s,Β”~s,V’¬‚W’–Ϊ,2019-03-22,15,‚»‚Μ‘Ό,ƒiƒ“ƒo[ƒvƒ[ƒg
ή“,•”•i‚Λ‚η‚Ά,Β”~,V’¬π”Τ,132055,“‹“s,Β”~s,V’¬‚X’–Ϊ,2019-12-15,11,‚»‚Μ‘Ό,‚»‚Μ‘Ό
ή“,•”•i‚Λ‚η‚Ά,Β”~,V’¬π”Τ,132055,“‹“s,Β”~s,–μγ’¬‚R’–Ϊ,2018-12-15,21,‚»‚Μ‘Ό‚ΜZ‘ξi‚RK‚ΔΘ‰Ί‹¤“―Z‘ξ“™j,ƒiƒ“ƒo[ƒvƒ[ƒg
ή“,•”•i‚Λ‚η‚Ά,Β”~,V’¬π”Τ,132055,“‹“s,Β”~s,–μγ’¬‚R’–Ϊ,2019-01-12,18,‚SK‚ΔΘγ‹¤“―Z‘ξ,ƒiƒ“ƒo[ƒvƒ[ƒg
ή“,•”•i‚Λ‚η‚Ά,Β”~,V’¬π”Τ,132055,“‹“s,Β”~s,–μγ’¬‚R’–Ϊ,2019-05-02,16,‚SK‚ΔΘγ‹¤“―Z‘ξ,ƒiƒ“ƒo[ƒvƒ[ƒg
ή“,•”•i‚Λ‚η‚Ά,Β”~,΅δ’“έ,132055,“‹“s,Β”~s,΅δ‚P’–Ϊ,2019-03-04,19,‚»‚Μ‘Ό‚ΜZ‘ξi‚RK‚ΔΘ‰Ί‹¤“―Z‘ξ“™j,ƒiƒ“ƒo[ƒvƒ[ƒg
ή“,•”•i‚Λ‚η‚Ά,Β”~,“¬–Ψ’“έ,132055,“‹“s,Β”~s,¬–Ψ‚Q’–Ϊ,2019-12-27,01,‚»‚Μ‘Ό‚ΜZ‘ξi‚RK‚ΔΘ‰Ί‹¤“―Z‘ξ“™j,ƒiƒ“ƒo[ƒvƒ[ƒg
ή“,•”•i‚Λ‚η‚Ά,Β”~,”¨’†’“έ,132055,“‹“s,Β”~s,”¨’†‚P’–Ϊ,2019-10-20,16,‚SK‚ΔΘγ‹¤“―Z‘ξ,ƒiƒ“ƒo[ƒvƒ[ƒg
ή“,•”•i‚Λ‚η‚Ά,Β”~,”~‹½’“έ,132055,“‹“s,Β”~s,—M–Ψ’¬‚R’–Ϊ,2019-12-27,15,κΛZ‘ξ,‚»‚Μ‘Ό
ή“,•”•i‚Λ‚η‚Ά,Β”~,δx’“έ,132055,“‹“s,Β”~s,δx‚P’–Ϊ,2019-05-06,07,’“Τi—Φjκ,ƒiƒ“ƒo[ƒvƒ[ƒg
ή“,•”•i‚Λ‚η‚Ά,Β”~,‰Ν•Σ‰w‘Oπ”Τ,132055,“‹“s,Β”~s,‰Ν•Σ’¬‚T’–Ϊ,2019-08-30,07,’“Τi—Φjκ,‚»‚Μ‘Ό
ή“,•”•i‚Λ‚η‚Ά,Β”~,‰Ν•Σ‰w‘Oπ”Τ,132055,“‹“s,Β”~s,‰Ν•Σ’¬‚U’–Ϊ,2019-08-11,21,’“Τi—Φjκ,‚»‚Μ‘Ό
ή“,•”•i‚Λ‚η‚Ά,Β”~,‰Ν•Σ‰w‘Oπ”Τ,132055,“‹“s,Β”~s,‰Ν•Σ’¬‚V’–Ϊ,2017-06-01,•s–Ύ,κΛZ‘ξ,ƒiƒ“ƒo[ƒvƒ[ƒg
ή“,•”•i‚Λ‚η‚Ά,Β”~,‰Ν•Σ‰w‘Oπ”Τ,132055,“‹“s,Β”~s,‰Ν•Σ’¬‚X’–Ϊ,2019-04-29,10,’“Τi—Φjκ,ƒiƒ“ƒo[ƒvƒ[ƒg
ή“,•”•i‚Λ‚η‚Ά,Β”~,‰Ν•Σ‰w‘Oπ”Τ,132055,“‹“s,Β”~s,‰Ν•Σ’¬‚X’–Ϊ,2019-09-01,00,’“Τi—Φjκ,‚»‚Μ‘Ό
ή“,•”•i‚Λ‚η‚Ά,Β”~,‰Ν•Σ‰w‘Oπ”Τ,132055,“‹“s,Β”~s,‰Ν•Σ’¬‚X’–Ϊ,2019-09-09,16,’“Τi—Φjκ,‚»‚Μ‘Ό
ή“,•”•i‚Λ‚η‚Ά,Β”~,‰Ν•Σ‰w‘Oπ”Τ,132055,“‹“s,Β”~s,t‰ª’¬‚R’–Ϊ,2019-12-15,13,’“Τi—Φjκ,‚»‚Μ‘Ό
ή“,•”•i‚Λ‚η‚Ά,ά“ϊs,Ι“ή’“έ,132284,“‹“s,‚ ‚«‚ι–μs,Ι“ή,2019-01-16,06,‚»‚Μ‘Ό‚ΜZ‘ξi‚RK‚ΔΘ‰Ί‹¤“―Z‘ξ“™j,ƒiƒ“ƒo[ƒvƒ[ƒg
ή“,•”•i‚Λ‚η‚Ά,ά“ϊs,–xϋ‹΄’“έ,133051,“‹“s,“ϊ‚Μo’¬,‘ε‘ε‹v–μ,2018-12-28,23,’“Τi—Φjκ,‚»‚Μ‘Ό
ή“,•”•i‚Λ‚η‚Ά,•¶,•¶‰w‘Oπ”Τ,132187,“‹“s,•¶s,‰Α”ό•½‚S’–Ϊ,2019-01-15,07,‚SK‚ΔΘγ‹¤“―Z‘ξ,ƒiƒ“ƒo[ƒvƒ[ƒg
ή“,•”•i‚Λ‚η‚Ά,•¶,•¶‰w‘Oπ”Τ,132187,“‹“s,•¶s,‰Α”ό•½‚S’–Ϊ,2019-02-27,18,‚SK‚ΔΘγ‹¤“―Z‘ξ,‚»‚Μ‘Ό
ή“,•”•i‚Λ‚η‚Ά,•¶,•¶‰w‘Oπ”Τ,132187,“‹“s,•¶s,‰Α”ό•½‚S’–Ϊ,2019-04-04,12,‚SK‚ΔΘγ‹¤“―Z‘ξ,‚»‚Μ‘Ό
ή“,•”•i‚Λ‚η‚Ά,•¶,•¶‰w‘Oπ”Τ,132187,“‹“s,•¶s,‰Α”ό•½‚S’–Ϊ,2019-04-15,07,‚»‚Μ‘Ό‚ΜZ‘ξi‚RK‚ΔΘ‰Ί‹¤“―Z‘ξ“™j,ƒiƒ“ƒo[ƒvƒ[ƒg
ή“,•”•i‚Λ‚η‚Ά,•¶,•¶‰w‘Oπ”Τ,132187,“‹“s,•¶s,‰Α”ό•½‚S’–Ϊ,2019-04-27,11,‚SK‚ΔΘγ‹¤“―Z‘ξ,ƒiƒ“ƒo[ƒvƒ[ƒg
ή“,•”•i‚Λ‚η‚Ά,•¶,•¶‰w‘Oπ”Τ,132187,“‹“s,•¶s,‰Α”ό•½‚S’–Ϊ,2019-07-20,20,‚SK‚ΔΘγ‹¤“―Z‘ξ,ƒiƒ“ƒo[ƒvƒ[ƒg
ή“,•”•i‚Λ‚η‚Ά,•¶,•¶‰w‘Oπ”Τ,133035,“‹“s,•δ’¬,‚ή‚³‚µ–μ‚P’–Ϊ,2019-03-15,•s–Ύ,‚SK‚ΔΘγ‹¤“―Z‘ξ,ƒiƒ“ƒo[ƒvƒ[ƒg
ή“,•”•i‚Λ‚η‚Ά,•¶,‰΅“cπ”Τ,132187,“‹“s,•¶s,‘εFμ,2019-06-16,12,‚SK‚ΔΘγ‹¤“―Z‘ξ,ƒiƒ“ƒo[ƒvƒ[ƒg
ή“,•”•i‚Λ‚η‚Ά,•¶,‰΅“cπ”Τ,132187,“‹“s,•¶s,‘εFμ,2019-08-23,09,‚SK‚ΔΘγ‹¤“―Z‘ξ,ƒiƒ“ƒo[ƒvƒ[ƒg
ή“,•”•i‚Λ‚η‚Ά,•¶,‰΅“cπ”Τ,132187,“‹“s,•¶s,‘εFμ,2019-09-07,18,‚SK‚ΔΘγ‹¤“―Z‘ξ,ƒiƒ“ƒo[ƒvƒ[ƒg
ή“,•”•i‚Λ‚η‚Ά,•¶,“μ“c‰€’“έ,132187,“‹“s,•¶s,“μ“c‰€‚Q’–Ϊ,2019-05-14,15,‚SK‚ΔΘγ‹¤“―Z‘ξ,ƒiƒ“ƒo[ƒvƒ[ƒg
ή“,•”•i‚Λ‚η‚Ά,•¶,‰Ί•¶’“έ,132187,“‹“s,•¶s,‹•l,2019-05-02,15,’“Τi—Φjκ,ƒiƒ“ƒo[ƒvƒ[ƒg
ή“,•”•i‚Λ‚η‚Ά,•¶,Ξ”¨’“έ,133035,“‹“s,•δ’¬,‘εΞ”¨,2018-12-30,13,‚»‚Μ‘Ό,‚»‚Μ‘Ό
ή“,•”•i‚Λ‚η‚Ά,•¶,•‘ –μ’“έ,133035,“‹“s,•δ’¬,‚ή‚³‚µ–μ‚P’–Ϊ,2018-12-31,16,‚SK‚ΔΘγ‹¤“―Z‘ξ,‚»‚Μ‘Ό
ή“,•”•i‚Λ‚η‚Ά,•¶,•‘ –μ’“έ,133035,“‹“s,•δ’¬,‚ή‚³‚µ–μ‚P’–Ϊ,2019-01-26,20,‚SK‚ΔΘγ‹¤“―Z‘ξ,‚»‚Μ‘Ό
ή“,•”•i‚Λ‚η‚Ά,•¶,•‘ –μ’“έ,133035,“‹“s,•δ’¬,‚ή‚³‚µ–μ‚P’–Ϊ,2019-03-31,20,‚SK‚ΔΘγ‹¤“―Z‘ξ,‚»‚Μ‘Ό
ή“,•”•i‚Λ‚η‚Ά,•¶,•‘ –μ’“έ,133035,“‹“s,•δ’¬,‚ή‚³‚µ–μ‚P’–Ϊ,2019-05-10,17,‚SK‚ΔΘγ‹¤“―Z‘ξ,ƒiƒ“ƒo[ƒvƒ[ƒg
ή“,•”•i‚Λ‚η‚Ά,•¶,•‘ –μ’“έ,133035,“‹“s,•δ’¬,‚ή‚³‚µ–μ‚P’–Ϊ,2019-06-07,22,‚SK‚ΔΘγ‹¤“―Z‘ξ,ƒiƒ“ƒo[ƒvƒ[ƒg
ή“,•”•i‚Λ‚η‚Ά,•¶,•‘ –μ’“έ,133035,“‹“s,•δ’¬,‚ή‚³‚µ–μ‚P’–Ϊ,2019-07-09,00,‚SK‚ΔΘγ‹¤“―Z‘ξ,ƒiƒ“ƒo[ƒvƒ[ƒg
ή“,•”•i‚Λ‚η‚Ά,•¶,_–Ύ‘δπ”Τ,132276,“‹“s,‰H‘Ίs,_–Ύ‘δ‚P’–Ϊ,2019-06-14,21,‚»‚Μ‘Ό‚ΜZ‘ξi‚RK‚ΔΘ‰Ί‹¤“―Z‘ξ“™j,ƒiƒ“ƒo[ƒvƒ[ƒg
ή“,•”•i‚Λ‚η‚Ά,•¶,_–Ύ‘δπ”Τ,132276,“‹“s,‰H‘Ίs,_–Ύ‘δ‚R’–Ϊ,2019-07-04,19,‚»‚Μ‘Ό,ƒ^ƒCƒ„EƒzƒC[ƒ‹
ή“,•”•i‚Λ‚η‚Ά,•¶,_–Ύ‘δπ”Τ,132276,“‹“s,‰H‘Ίs,_–Ύ‘δ‚R’–Ϊ,2019-09-12,17,‚SK‚ΔΘγ‹¤“―Z‘ξ,ƒiƒ“ƒo[ƒvƒ[ƒg
ή“,•”•i‚Λ‚η‚Ά,•¶,‰H‘Ί‰w‘Oπ”Τ,132276,“‹“s,‰H‘Ίs,άƒm_‚S’–Ϊ,2019-05-11,07,’“Τi—Φjκ,ƒ^ƒCƒ„EƒzƒC[ƒ‹
ή“,•”•i‚Λ‚η‚Ά,•¶,‰H‘Ί‰w‘Oπ”Τ,132276,“‹“s,‰H‘Ίs,άƒm_‚S’–Ϊ,2019-06-01,12,‚»‚Μ‘Ό‚ΜZ‘ξi‚RK‚ΔΘ‰Ί‹¤“―Z‘ξ“™j,ƒiƒ“ƒo[ƒvƒ[ƒg
ή“,•”•i‚Λ‚η‚Ά,•¶,‰H‘Ί‰w‘Oπ”Τ,132276,“‹“s,‰H‘Ίs,‰H“‚P’–Ϊ,2019-05-02,11,’“Τi—Φjκ,ƒiƒ“ƒo[ƒvƒ[ƒg
ή“,•”•i‚Λ‚η‚Ά,•¶,‰H‘Ί‰w‘Oπ”Τ,132276,“‹“s,‰H‘Ίs,—Ξƒ–‹u‚P’–Ϊ,2019-07-03,06,’“Τi—Φjκ,‚»‚Μ‘Ό
ή“,•”•i‚Λ‚η‚Ά,•¶,‰H‘Ί‰w‘Oπ”Τ,132276,“‹“s,‰H‘Ίs,¬μ‘δ‚S’–Ϊ,2019-09-03,17,’“Τi—Φjκ,ƒ^ƒCƒ„EƒzƒC[ƒ‹
ή“,•”•i‚Λ‚η‚Ά,•¶,“ρ‹{’“έ,132284,“‹“s,‚ ‚«‚ι–μs,–μ•Σ,2019-05-26,14,’“Τi—Φjκ,‚»‚Μ‘Ό
ή“,•”•i‚Λ‚η‚Ά,•¶,“ρ‹{’“έ,132284,“‹“s,‚ ‚«‚ι–μs,–μ•Σ,2019-11-08,18,’“Τi—Φjκ,‚»‚Μ‘Ό
ή“,•”•i‚Λ‚η‚Ά,•¶,Ίγ’“έ,132284,“‹“s,‚ ‚«‚ι–μs,ψ“c,2019-03-11,05,’“Τi—Φjκ,ƒiƒ“ƒo[ƒvƒ[ƒg
ή“,•”•i‚Λ‚η‚Ά,•¶,Ίγ’“έ,132284,“‹“s,‚ ‚«‚ι–μs,ψ“c,2019-07-25,17,κΛZ‘ξ,ƒiƒ“ƒo[ƒvƒ[ƒg
ή“,•”•i‚Λ‚η‚Ά,•¶,–ϋ•½’“έ,132284,“‹“s,‚ ‚«‚ι–μs,‰JΤ,2019-02-21,01,‚»‚Μ‘Ό‚ΜZ‘ξi‚RK‚ΔΘ‰Ί‹¤“―Z‘ξ“™j,‚»‚Μ‘Ό
ή“,•”•i‚Λ‚η‚Ά,•¶,–ϋ•½’“έ,132284,“‹“s,‚ ‚«‚ι–μs,‹ΐ,2019-02-04,15,‚»‚Μ‘Ό‚ΜZ‘ξi‚RK‚ΔΘ‰Ί‹¤“―Z‘ξ“™j,‚»‚Μ‘Ό
ή“,•”•i‚Λ‚η‚Ά,•¶,¬μ‰w‘Oπ”Τ,132276,“‹“s,‰H‘Ίs,‰h’¬‚Q’–Ϊ,2019-09-15,09,’“Τi—Φjκ,‚»‚Μ‘Ό
ή“,•”•i‚Λ‚η‚Ά,•¶,¬μ‰w‘Oπ”Τ,132276,“‹“s,‰H‘Ίs,¬μ‘δ‚P’–Ϊ,2019-11-15,17,’“Τi—Φjκ,‚»‚Μ‘Ό
ή“,•”•i‚Λ‚η‚Ά,•¶,άƒm_’“έ,132276,“‹“s,‰H‘Ίs,•xm©•½‚P’–Ϊ,2019-02-13,06,‚SK‚ΔΘγ‹¤“―Z‘ξ,‚»‚Μ‘Ό
ή“,•”•i‚Λ‚η‚Ά,•¶,άƒm_’“έ,132276,“‹“s,‰H‘Ίs,•xm©•½‚P’–Ϊ,2019-04-29,17,‚SK‚ΔΘγ‹¤“―Z‘ξ,ƒiƒ“ƒo[ƒvƒ[ƒg
ή“,•”•i‚Λ‚η‚Ά,•¶,άƒm_’“έ,132276,“‹“s,‰H‘Ίs,•xm©•½‚Q’–Ϊ,2019-11-19,17,‚SK‚ΔΘγ‹¤“―Z‘ξ,ƒiƒ“ƒo[ƒvƒ[ƒg
ή“,•”•i‚Λ‚η‚Ά,•¶,άƒm_’“έ,133035,“‹“s,•δ’¬,‚ή‚³‚µ–μ‚P’–Ϊ,2019-01-30,12,‚SK‚ΔΘγ‹¤“―Z‘ξ,ƒiƒ“ƒo[ƒvƒ[ƒg
ή“,•”•i‚Λ‚η‚Ά,•¶,Hμ‰w‘Oπ”Τ,132284,“‹“s,‚ ‚«‚ι–μs,–ϋ•½,2019-03-13,07,’“Τi—Φjκ,ƒiƒ“ƒo[ƒvƒ[ƒg
ή“,•”•i‚Λ‚η‚Ά,•¶,Hμ‰w‘Oπ”Τ,132284,“‹“s,‚ ‚«‚ι–μs,–ϋ•½,2019-07-17,11,’“Τi—Φjκ,ƒiƒ“ƒo[ƒvƒ[ƒg
ή“,•”•i‚Λ‚η‚Ά,•¶,Hμ‰w‘Oπ”Τ,132284,“‹“s,‚ ‚«‚ι–μs,–ϋ•½,2019-08-16,20,’“Τi—Φjκ,ƒiƒ“ƒo[ƒvƒ[ƒg
ή“,•”•i‚Λ‚η‚Ά,•¶,¬μ’“έ,132284,“‹“s,‚ ‚«‚ι–μs,¬μ,2019-04-13,18,‚»‚Μ‘Ό‚ΜZ‘ξi‚RK‚ΔΘ‰Ί‹¤“―Z‘ξ“™j,ƒiƒ“ƒo[ƒvƒ[ƒg
ή“,•”•i‚Λ‚η‚Ά,”ª‰¤q,Ό”ª‰¤q‰w‘Oπ”Τ,132012,“‹“s,”ª‰¤qs,ηl’¬‚R’–Ϊ,2019-05-19,13,’“Τi—Φjκ,ƒiƒ“ƒo[ƒvƒ[ƒg
ή“,•”•i‚Λ‚η‚Ά,”ª‰¤q,•xmXπ”Τ,132012,“‹“s,”ª‰¤qs,γ–μ’¬,2019-10-11,21,‚»‚Μ‘Ό‚ΜZ‘ξi‚RK‚ΔΘ‰Ί‹¤“―Z‘ξ“™j,‚»‚Μ‘Ό
ή“,•”•i‚Λ‚η‚Ά,”ª‰¤q,•xmXπ”Τ,132012,“‹“s,”ª‰¤qs,‘δ’¬‚Q’–Ϊ,2019-12-14,17,‚»‚Μ‘Ό‚ΜZ‘ξi‚RK‚ΔΘ‰Ί‹¤“―Z‘ξ“™j,ƒiƒ“ƒo[ƒvƒ[ƒg
ή“,•”•i‚Λ‚η‚Ά,”ª‰¤q,”ª‰¤q‰w“μϋπ”Τ,132012,“‹“s,”ª‰¤qs,®’¬,2019-05-02,11,’“Τi—Φjκ,ƒiƒ“ƒo[ƒvƒ[ƒg
ή“,•”•i‚Λ‚η‚Ά,”ª‰¤q,”ª‰¤q‰w“μϋπ”Τ,132012,“‹“s,”ª‰¤qs,qΐ’¬‚R’–Ϊ,2019-11-04,20,‚»‚Μ‘Ό‚ΜZ‘ξi‚RK‚ΔΘ‰Ί‹¤“―Z‘ξ“™j,‚»‚Μ‘Ό
ή“,•”•i‚Λ‚η‚Ά,”ª‰¤q,”ª‰¤q‰w“μϋπ”Τ,132012,“‹“s,”ª‰¤qs,–’¬,2019-11-18,09,’“Τi—Φjκ,ƒiƒ“ƒo[ƒvƒ[ƒg
ή“,•”•i‚Λ‚η‚Ά,”ª‰¤q,”ª‰¤q‰w–kϋπ”Τ,132012,“‹“s,”ª‰¤qs,®’¬,2019-01-27,16,’“Τi—Φjκ,ƒiƒ“ƒo[ƒvƒ[ƒg
ή“,•”•i‚Λ‚η‚Ά,”ª‰¤q,”ª‰¤q‰w–kϋπ”Τ,132012,“‹“s,”ª‰¤qs,–Ύ_’¬‚R’–Ϊ,2019-06-28,23,’“Τi—Φjκ,‚»‚Μ‘Ό
ή“,•”•i‚Λ‚η‚Ά,”ª‰¤q,”ª‰¤q‰w–kϋπ”Τ,132012,“‹“s,”ª‰¤qs,³‰΅R’¬‚P’–Ϊ,2019-06-01,10,’“Τi—Φjκ,ƒ^ƒCƒ„EƒzƒC[ƒ‹
ή“,•”•i‚Λ‚η‚Ά,”ª‰¤q,‘εa“cπ”Τ,132012,“‹“s,”ª‰¤qs,‘εa“c’¬‚P’–Ϊ,2019-01-27,12,‚SK‚ΔΘγ‹¤“―Z‘ξ,‚»‚Μ‘Ό
ή“,•”•i‚Λ‚η‚Ά,”ª‰¤q,‘εa“cπ”Τ,132012,“‹“s,”ª‰¤qs,‘εa“c’¬‚U’–Ϊ,2019-12-02,08,‚»‚Μ‘Ό‚ΜZ‘ξi‚RK‚ΔΘ‰Ί‹¤“―Z‘ξ“™j,ƒiƒ“ƒo[ƒvƒ[ƒg
ή“,•”•i‚Λ‚η‚Ά,”ª‰¤q,ξ‰Χβπ”Τ,132012,“‹“s,”ª‰¤qs,‹Ε’¬‚P’–Ϊ,2019-12-26,17,’“Τi—Φjκ,ƒiƒ“ƒo[ƒvƒ[ƒg
ή“,•”•i‚Λ‚η‚Ά,”ª‰¤q,ξ‰Χβπ”Τ,132012,“‹“s,”ª‰¤qs,‹Ε’¬‚P’–Ϊ,2019-12-27,23,’“Τi—Φjκ,ƒiƒ“ƒo[ƒvƒ[ƒg
ή“,•”•i‚Λ‚η‚Ά,”ª‰¤q,ξ‰Χβπ”Τ,132012,“‹“s,”ª‰¤qs,¶“ό’¬,2019-08-15,20,’“Τi—Φjκ,ƒ^ƒCƒ„EƒzƒC[ƒ‹
ή“,•”•i‚Λ‚η‚Ά,”ª‰¤q,ξ‰Χβπ”Τ,132012,“‹“s,”ª‰¤qs,’†–μR‰¤‚R’–Ϊ,2019-03-30,11,‚SK‚ΔΘγ‹¤“―Z‘ξ,ƒiƒ“ƒo[ƒvƒ[ƒg
ή“,•”•i‚Λ‚η‚Ά,”ª‰¤q,ξ‰Χβπ”Τ,132012,“‹“s,”ª‰¤qs,’†–μR‰¤‚R’–Ϊ,2019-04-29,20,’“Τi—Φjκ,ƒiƒ“ƒo[ƒvƒ[ƒg
ή“,•”•i‚Λ‚η‚Ά,”ª‰¤q,ξ‰Χβπ”Τ,132012,“‹“s,”ª‰¤qs,’†–μR‰¤‚R’–Ϊ,2019-07-20,19,‚SK‚ΔΘγ‹¤“―Z‘ξ,ƒiƒ“ƒo[ƒvƒ[ƒg
ή“,•”•i‚Λ‚η‚Ά,”ª‰¤q,¬‹{’¬’“έ,132012,“‹“s,”ª‰¤qs,Ξμ’¬,2019-02-19,18,‚»‚Μ‘Ό‚ΜZ‘ξi‚RK‚ΔΘ‰Ί‹¤“―Z‘ξ“™j,‚»‚Μ‘Ό
ή“,•”•i‚Λ‚η‚Ά,”ª‰¤q,Ά–Ϊπ”Τ,132012,“‹“s,”ª‰¤qs,Ά–Ϊ’¬,2019-04-17,20,‚»‚Μ‘Ό‚ΜZ‘ξi‚RK‚ΔΘ‰Ί‹¤“―Z‘ξ“™j,ƒiƒ“ƒo[ƒvƒ[ƒg
ή“,•”•i‚Λ‚η‚Ά,”ª‰¤q,Ά–Ϊπ”Τ,132012,“‹“s,”ª‰¤qs,Ά–Ϊ’¬,2019-11-06,14,’“Τi—Φjκ,ƒiƒ“ƒo[ƒvƒ[ƒg
ή“,•”•i‚Λ‚η‚Ά,”ª‰¤q,Ά–Ϊπ”Τ,132012,“‹“s,”ª‰¤qs,’†–μ’¬,2018-08-01,12,‚SK‚ΔΘγ‹¤“―Z‘ξ,ƒiƒ“ƒo[ƒvƒ[ƒg
ή“,•”•i‚Λ‚η‚Ά,”ª‰¤q,Ά–Ϊπ”Τ,132012,“‹“s,”ª‰¤qs,“θ΄’¬,2019-03-30,00,‚»‚Μ‘Ό,ƒiƒ“ƒo[ƒvƒ[ƒg
ή“,•”•i‚Λ‚η‚Ά,”ª‰¤q,γμϋ’“έ,132012,“‹“s,”ª‰¤qs,γμ’¬,2019-07-31,22,’“Τi—Φjκ,ƒiƒ“ƒo[ƒvƒ[ƒg
ή“,•”•i‚Λ‚η‚Ά,”ª‰¤q,–k”ª‰¤qπ”Τ,132012,“‹“s,”ª‰¤qs,Ξμ’¬,2019-12-22,17,’“Τi—Φjκ,ƒ^ƒCƒ„EƒzƒC[ƒ‹
ή“,•”•i‚Λ‚η‚Ά,”ª‰¤q,–k”ª‰¤qπ”Τ,132012,“‹“s,”ª‰¤qs,‘ε’J’¬,2019-12-19,08,‚SK‚ΔΘγ‹¤“―Z‘ξ,ƒiƒ“ƒo[ƒvƒ[ƒg
ή“,•”•i‚Λ‚η‚Ά,”ª‰¤q,¶“ό’¬’“έ,132012,“‹“s,”ª‰¤qs,¶“ό’¬,2018-12-26,10,‚»‚Μ‘Ό‚ΜZ‘ξi‚RK‚ΔΘ‰Ί‹¤“―Z‘ξ“™j,ƒiƒ“ƒo[ƒvƒ[ƒg
ή“,•”•i‚Λ‚η‚Ά,”ª‰¤q,¶“ό’¬’“έ,132012,“‹“s,”ª‰¤qs,¶“ό’¬,2019-04-29,15,‚»‚Μ‘Ό‚ΜZ‘ξi‚RK‚ΔΘ‰Ί‹¤“―Z‘ξ“™j,ƒiƒ“ƒo[ƒvƒ[ƒg
ή“,•”•i‚Λ‚η‚Ά,”ª‰¤q,¶“ό’¬’“έ,132012,“‹“s,”ª‰¤qs,¶“ό’¬,2019-12-26,05,’“Τi—Φjκ,ƒiƒ“ƒo[ƒvƒ[ƒg
ή“,•”•i‚Λ‚η‚Ά,’¬“c,’¬“c‰w‘Oπ”Τ,132098,“‹“s,’¬“cs,΄’¬“c‚U’–Ϊ,2019-02-22,21,’“Τi—Φjκ,‚»‚Μ‘Ό
ή“,•”•i‚Λ‚η‚Ά,’¬“c,’¬“c‰w‘Oπ”Τ,132098,“‹“s,’¬“cs,΄’¬“c‚U’–Ϊ,2019-07-17,17,’“Τi—Φjκ,ƒiƒ“ƒo[ƒvƒ[ƒg
ή“,•”•i‚Λ‚η‚Ά,’¬“c,’¬“c‰w‘Oπ”Τ,132098,“‹“s,’¬“cs,΄’¬“c‚U’–Ϊ,2019-08-29,18,‚SK‚ΔΘγ‹¤“―Z‘ξ,‚»‚Μ‘Ό
ή“,•”•i‚Λ‚η‚Ά,’¬“c,’¬“c‰w‘Oπ”Τ,132098,“‹“s,’¬“cs,X–μ‚P’–Ϊ,2019-02-02,08,’“Τi—Φjκ,ƒiƒ“ƒo[ƒvƒ[ƒg
ή“,•”•i‚Λ‚η‚Ά,’¬“c,’¬“c‰w‘Oπ”Τ,132098,“‹“s,’¬“cs,X–μ‚P’–Ϊ,2019-09-18,06,’“Τi—Φjκ,‚»‚Μ‘Ό
ή“,•”•i‚Λ‚η‚Ά,’¬“c,’¬“c‰w‘Oπ”Τ,132098,“‹“s,’¬“cs,X–μ‚P’–Ϊ,2019-11-17,15,’“Τi—Φjκ,ƒiƒ“ƒo[ƒvƒ[ƒg
ή“,•”•i‚Λ‚η‚Ά,’¬“c,΄’¬“cπ”Τ,132098,“‹“s,’¬“cs,΄’¬“c‚S’–Ϊ,2019-04-14,12,“ΉHγ,ƒiƒ“ƒo[ƒvƒ[ƒg
ή“,•”•i‚Λ‚η‚Ά,’¬“c,΄’¬“cπ”Τ,132098,“‹“s,’¬“cs,΄’¬“c‚S’–Ϊ,2019-05-13,12,’“Τi—Φjκ,‚»‚Μ‘Ό
ή“,•”•i‚Λ‚η‚Ά,’¬“c,΄’¬“cπ”Τ,132098,“‹“s,’¬“cs,΄’¬“c‚U’–Ϊ,2019-11-18,16,’“Τi—Φjκ,‚»‚Μ‘Ό
ή“,•”•i‚Λ‚η‚Ά,’¬“c,΄’¬“cπ”Τ,132098,“‹“s,’¬“cs,΄’¬“c‚U’–Ϊ,2019-12-12,15,’“Τi—Φjκ,‚»‚Μ‘Ό
ή“,•”•i‚Λ‚η‚Ά,’¬“c,΄’¬“cπ”Τ,132098,“‹“s,’¬“cs,X–μ‚P’–Ϊ,2019-01-27,15,’“Τi—Φjκ,‚»‚Μ‘Ό
ή“,•”•i‚Λ‚η‚Ά,’¬“c,‹ΰXπ”Τ,132098,“‹“s,’¬“cs,‹ΰX‚R’–Ϊ,2019-10-25,19,’“Τi—Φjκ,‚»‚Μ‘Ό
ή“,•”•i‚Λ‚η‚Ά,’¬“c,‹ΰXπ”Τ,132098,“‹“s,’¬“cs,‹ΰX‚S’–Ϊ,2019-08-07,17,‚SK‚ΔΘγ‹¤“―Z‘ξ,‚»‚Μ‘Ό
ή“,•”•i‚Λ‚η‚Ά,’¬“c,’ίΤπ”Τ,132098,“‹“s,’¬“cs,‹ΰX‚S’–Ϊ,2019-09-03,22,‚SK‚ΔΘγ‹¤“―Z‘ξ,ƒiƒ“ƒo[ƒvƒ[ƒg
ή“,•”•i‚Λ‚η‚Ά,’¬“c,’ίΤπ”Τ,132098,“‹“s,’¬“cs,‹ΰX‚S’–Ϊ,2019-09-10,14,‚SK‚ΔΘγ‹¤“―Z‘ξ,‚»‚Μ‘Ό
ή“,•”•i‚Λ‚η‚Ά,’¬“c,’ίΤπ”Τ,132098,“‹“s,’¬“cs,’ίΤ‚R’–Ϊ,2019-12-14,15,’“Τi—Φjκ,‚»‚Μ‘Ό
ή“,•”•i‚Λ‚η‚Ά,’¬“c,’ίΤπ”Τ,132098,“‹“s,’¬“cs,’ίΤ‚W’–Ϊ,2019-05-17,01,’“Τi—Φjκ,ƒ^ƒCƒ„EƒzƒC[ƒ‹
ή“,•”•i‚Λ‚η‚Ά,’¬“c,’ίΤπ”Τ,132098,“‹“s,’¬“cs,“μ’¬“c‚Q’–Ϊ,2019-09-05,19,‚SK‚ΔΘγ‹¤“―Z‘ξ,ƒiƒ“ƒo[ƒvƒ[ƒg
ή“,•”•i‚Λ‚η‚Ά,’¬“c,“μ‘ε’J’“έ,132098,“‹“s,’¬“cs,“μ‘ε’J,2019-10-10,14,’“Τi—Φjκ,‚»‚Μ‘Ό
ή“,•”•i‚Λ‚η‚Ά,’¬“c,‹Κμw‰€’“έ,132098,“‹“s,’¬“cs,‹Κμw‰€‚Q’–Ϊ,2019-08-08,16,’“Τi—Φjκ,‚»‚Μ‘Ό
ή“,•”•i‚Λ‚η‚Ά,’¬“c,‹Κ—Ρ‘δ’“έ,132098,“‹“s,’¬“cs,‹Κμw‰€‚S’–Ϊ,2019-05-15,07,’“Τi—Φjκ,ƒiƒ“ƒo[ƒvƒ[ƒg
ή“,•”•i‚Λ‚η‚Ά,’¬“c,–{’¬“cπ”Τ,132098,“‹“s,’¬“cs,–{’¬“c,2019-06-23,21,‚SK‚ΔΘγ‹¤“―Z‘ξ,ƒiƒ“ƒo[ƒvƒ[ƒg
ή“,•”•i‚Λ‚η‚Ά,’¬“c,–{’¬“cπ”Τ,132098,“‹“s,’¬“cs,–{’¬“c,2019-06-28,21,‚SK‚ΔΘγ‹¤“―Z‘ξ,ƒiƒ“ƒo[ƒvƒ[ƒg
ή“,•”•i‚Λ‚η‚Ά,’¬“c,–{’¬“cπ”Τ,132098,“‹“s,’¬“cs,–{’¬“c,2019-10-21,22,‚SK‚ΔΘγ‹¤“―Z‘ξ,ƒiƒ“ƒo[ƒvƒ[ƒg
ή“,•”•i‚Λ‚η‚Ά,’¬“c,’ίμ‰w‘Oπ”Τ,132098,“‹“s,’¬“cs,”\ƒ–’J‚Q’–Ϊ,2019-01-15,18,‚»‚Μ‘Ό‚ΜZ‘ξi‚RK‚ΔΘ‰Ί‹¤“―Z‘ξ“™j,‚»‚Μ‘Ό
ή“,•”•i‚Λ‚η‚Ά,’¬“c,^υ›’“έ,132098,“‹“s,’¬“cs,^υ›‚R’–Ϊ,2019-09-11,20,κΛZ‘ξ,ƒiƒ“ƒo[ƒvƒ[ƒg
ή“,•”•i‚Λ‚η‚Ά,’¬“c,^υ›’“έ,132098,“‹“s,’¬“cs,^υ›‚R’–Ϊ,2019-10-13,21,κΛZ‘ξ,‚»‚Μ‘Ό
ή“,•”•i‚Λ‚η‚Ά,’¬“c,–μ’Γ“c’“έ,132098,“‹“s,’¬“cs,–μ’Γ“c’¬,2019-01-03,08,‚SK‚ΔΘγ‹¤“―Z‘ξ,ƒiƒ“ƒo[ƒvƒ[ƒg
ή“,•”•i‚Λ‚η‚Ά,’¬“c,}t’“έ,132098,“‹“s,’¬“cs,}t’¬,2019-12-07,23,‚»‚Μ‘Ό‚ΜZ‘ξi‚RK‚ΔΘ‰Ί‹¤“―Z‘ξ“™j,ƒiƒ“ƒo[ƒvƒ[ƒg
ή“,•”•i‚Λ‚η‚Ά,’¬“c,–Ψ‘]π”Τ,132098,“‹“s,’¬“cs,–{’¬“c,2018-08-24,17,‚SK‚ΔΘγ‹¤“―Z‘ξ,ƒiƒ“ƒo[ƒvƒ[ƒg
ή“,•”•i‚Λ‚η‚Ά,’¬“c,–Ψ‘]π”Τ,132098,“‹“s,’¬“cs,–{’¬“c,2019-01-22,23,‚SK‚ΔΘγ‹¤“―Z‘ξ,ƒiƒ“ƒo[ƒvƒ[ƒg
ή“,•”•i‚Λ‚η‚Ά,’¬“c,–Ψ‘]π”Τ,132098,“‹“s,’¬“cs,–{’¬“c,2019-02-01,15,‚SK‚ΔΘγ‹¤“―Z‘ξ,ƒiƒ“ƒo[ƒvƒ[ƒg
ή“,•”•i‚Λ‚η‚Ά,’¬“c,–Ψ‘]π”Τ,132098,“‹“s,’¬“cs,–Ψ‘]“‚P’–Ϊ,2019-07-28,16,’“Τi—Φjκ,ƒiƒ“ƒo[ƒvƒ[ƒg
ή“,•”•i‚Λ‚η‚Ά,’¬“c,–Ψ‘]π”Τ,132098,“‹“s,’¬“cs,–Ψ‘]“‚P’–Ϊ,2019-11-10,18,‚SK‚ΔΘγ‹¤“―Z‘ξ,ƒiƒ“ƒo[ƒvƒ[ƒg
ή“,•”•i‚Λ‚η‚Ά,’¬“c,–Ψ‘]π”Τ,132098,“‹“s,’¬“cs,–Ψ‘]“‚R’–Ϊ,2019-06-09,01,‚SK‚ΔΘγ‹¤“―Z‘ξ,‚»‚Μ‘Ό
ή“,•”•i‚Λ‚η‚Ά,’¬“c,–Ψ‘]π”Τ,132098,“‹“s,’¬“cs,–Ψ‘]“‚S’–Ϊ,2019-01-21,09,‚SK‚ΔΘγ‹¤“―Z‘ξ,ƒiƒ“ƒo[ƒvƒ[ƒg
ή“,•”•i‚Λ‚η‚Ά,’¬“c,¬R“c’“έ,132098,“‹“s,’¬“cs,¬R“cχ‘δ‚P’–Ϊ,2019-01-02,15,‚SK‚ΔΘγ‹¤“―Z‘ξ,‚»‚Μ‘Ό
ή“,•”•i‚Λ‚η‚Ά,’¬“c,¬R“c’“έ,132098,“‹“s,’¬“cs,¬R“cχ‘δ‚Q’–Ϊ,2019-07-26,01,‚SK‚ΔΘγ‹¤“―Z‘ξ,ƒiƒ“ƒo[ƒvƒ[ƒg
ή“,•”•i‚Λ‚η‚Ά,’¬“c,’ίμπ”Τ,132098,“‹“s,’¬“cs,’ίμ‚U’–Ϊ,2019-04-13,15,’“Τi—Φjκ,ƒ^ƒCƒ„EƒzƒC[ƒ‹
ή“,•”•i‚Λ‚η‚Ά,’¬“c,‚Β‚­‚µ–μ‰w‘Oπ”Τ,132098,“‹“s,’¬“cs,“μ’¬“c‚T’–Ϊ,2019-02-18,08,’“Τi—Φjκ,ƒiƒ“ƒo[ƒvƒ[ƒg
ή“,•”•i‚Λ‚η‚Ά,’¬“c,Rθπ”Τ,132098,“‹“s,’¬“cs,Rθ’¬,2019-01-31,17,κΛZ‘ξ,ƒiƒ“ƒo[ƒvƒ[ƒg
ή“,•”•i‚Λ‚η‚Ά,’¬“c,Rθπ”Τ,132098,“‹“s,’¬“cs,Rθ’¬,2019-06-21,11,‚SK‚ΔΘγ‹¤“―Z‘ξ,‚»‚Μ‘Ό
ή“,•”•i‚Λ‚η‚Ά,’¬“c,Rθπ”Τ,132098,“‹“s,’¬“cs,Rθ’¬,2019-09-16,20,‚SK‚ΔΘγ‹¤“―Z‘ξ,‚»‚Μ‘Ό
ή“,•”•i‚Λ‚η‚Ά,’¬“c,Rθπ”Τ,132098,“‹“s,’¬“cs,Rθ’¬,2019-12-25,19,’“Τi—Φjκ,‚»‚Μ‘Ό
ή“,•”•i‚Λ‚η‚Ά,’¬“c,¬£‘δ’“έ,132098,“‹“s,’¬“cs,¬£‘δ‚Q’–Ϊ,2019-11-02,10,‚»‚Μ‘Ό‚ΜZ‘ξi‚RK‚ΔΘ‰Ί‹¤“―Z‘ξ“™j,ƒiƒ“ƒo[ƒvƒ[ƒg
ή“,•”•i‚Λ‚η‚Ά,’¬“c,¬£‰w‘Oπ”Τ,132098,“‹“s,’¬“cs,¬μ‚Q’–Ϊ,2018-11-17,22,’“Τi—Φjκ,ƒiƒ“ƒo[ƒvƒ[ƒg
ή“,•”•i‚Λ‚η‚Ά,’¬“c,¬£‰w‘Oπ”Τ,132098,“‹“s,’¬“cs,¬μ‚R’–Ϊ,2019-06-27,10,‚»‚Μ‘Ό‚ΜZ‘ξi‚RK‚ΔΘ‰Ί‹¤“―Z‘ξ“™j,ƒiƒ“ƒo[ƒvƒ[ƒg
ή“,•”•i‚Λ‚η‚Ά,’¬“c,¬£‰w‘Oπ”Τ,132098,“‹“s,’¬“cs,“μ¬£‚P’–Ϊ,2019-11-22,07,’“Τi—Φjκ,‚»‚Μ‘Ό
ή“,•”•i‚Λ‚η‚Ά,’¬“c,’‰¶’“έ,132098,“‹“s,’¬“cs,’‰¶‚R’–Ϊ,2019-10-02,12,‚»‚Μ‘Ό‚ΜZ‘ξi‚RK‚ΔΘ‰Ί‹¤“―Z‘ξ“™j,‚»‚Μ‘Ό
ή“,•”•i‚Λ‚η‚Ά,’¬“c,‚ƒ–β’“έ,132098,“‹“s,’¬“cs,‚ƒ–β‚R’–Ϊ,2019-01-20,15,’“Τi—Φjκ,‚»‚Μ‘Ό
ή“,•”•i‚Λ‚η‚Ά,’¬“c,‚ƒ–β’“έ,132098,“‹“s,’¬“cs,‚ƒ–β‚R’–Ϊ,2019-06-22,13,’“Τi—Φjκ,ƒiƒ“ƒo[ƒvƒ[ƒg
ή“,•”•i‚Λ‚η‚Ά,’¬“c,‚ƒ–β’“έ,132098,“‹“s,’¬“cs,‚ƒ–β‚R’–Ϊ,2019-09-06,22,‚SK‚ΔΘγ‹¤“―Z‘ξ,ƒiƒ“ƒo[ƒvƒ[ƒg
ή“,•”•i‚Λ‚η‚Ά,’¬“c,‚ƒ–β’“έ,132098,“‹“s,’¬“cs,‚ƒ–β‚R’–Ϊ,2019-10-30,13,‚SK‚ΔΘγ‹¤“―Z‘ξ,ƒiƒ“ƒo[ƒvƒ[ƒg
ή“,•”•i‚Λ‚η‚Ά,’¬“c,‚ƒ–β’“έ,132098,“‹“s,’¬“cs,‚ƒ–β‚S’–Ϊ,2019-10-11,13,κΛZ‘ξ,‚»‚Μ‘Ό
ή“,•”•i‚Λ‚η‚Ά,’¬“c,’‰¶’n‹ζπ”Τ,132098,“‹“s,’¬“cs,Rθ’¬,2019-01-12,10,‚SK‚ΔΘγ‹¤“―Z‘ξ,ƒiƒ“ƒo[ƒvƒ[ƒg
ή“,•”•i‚Λ‚η‚Ά,’¬“c,’‰¶’n‹ζπ”Τ,132098,“‹“s,’¬“cs,Rθ’¬,2019-05-11,07,‚SK‚ΔΘγ‹¤“―Z‘ξ,‚»‚Μ‘Ό
ή“,•”•i‚Λ‚η‚Ά,’¬“c,’‰¶’n‹ζπ”Τ,132098,“‹“s,’¬“cs,–Ψ‘]Ό‚P’–Ϊ,2019-07-14,09,κΛZ‘ξ,ƒiƒ“ƒo[ƒvƒ[ƒg
ή“,•”•i‚Λ‚η‚Ά,’¬“c,’‰¶’n‹ζπ”Τ,132098,“‹“s,’¬“cs,–Ψ‘]“‚Q’–Ϊ,2019-10-19,06,‚SK‚ΔΘγ‹¤“―Z‘ξ,ƒiƒ“ƒo[ƒvƒ[ƒg
ή“,•”•i‚Λ‚η‚Ά,“ϊ–μ,“ϊ–μ‰w‘Oπ”Τ,132128,“‹“s,“ϊ–μs,V’¬‚P’–Ϊ,2019-02-24,17,’“Τi—Φjκ,ƒ^ƒCƒ„EƒzƒC[ƒ‹
ή“,•”•i‚Λ‚η‚Ά,“ϊ–μ,“ϊ–μ‰w‘Oπ”Τ,132128,“‹“s,“ϊ–μs,‘ε“ϊ–μ,2019-01-27,16,’“Τi—Φjκ,‚»‚Μ‘Ό
ή“,•”•i‚Λ‚η‚Ά,“ϊ–μ,“ϊ–μ‰w‘Oπ”Τ,132128,“‹“s,“ϊ–μs,‘εβγ‚R’–Ϊ,2019-10-15,17,‚SK‚ΔΘγ‹¤“―Z‘ξ,ƒiƒ“ƒo[ƒvƒ[ƒg
ή“,•”•i‚Λ‚η‚Ά,“ϊ–μ,“ϊ–μ‰w‘Oπ”Τ,132128,“‹“s,“ϊ–μs,“ϊ–μ–{’¬‚Q’–Ϊ,2019-10-18,08,’“Τi—Φjκ,ƒ^ƒCƒ„EƒzƒC[ƒ‹
ή“,•”•i‚Λ‚η‚Ά,“ϊ–μ,–L“c‰w‘Oπ”Τ,132128,“‹“s,“ϊ–μs,®‚ª‹u‚R’–Ϊ,2019-03-22,08,‚»‚Μ‘Ό,ƒiƒ“ƒo[ƒvƒ[ƒg
ή“,•”•i‚Λ‚η‚Ά,“ϊ–μ,–L“c‰w‘Oπ”Τ,132128,“‹“s,“ϊ–μs,“–L“c‚R’–Ϊ,2018-09-11,00,‚»‚Μ‘Ό‚ΜZ‘ξi‚RK‚ΔΘ‰Ί‹¤“―Z‘ξ“™j,‚»‚Μ‘Ό
ή“,•”•i‚Λ‚η‚Ά,“ϊ–μ,–L“c‰w‘Oπ”Τ,132128,“‹“s,“ϊ–μs,“–L“c‚R’–Ϊ,2019-01-26,13,‚»‚Μ‘Ό‚ΜZ‘ξi‚RK‚ΔΘ‰Ί‹¤“―Z‘ξ“™j,‚»‚Μ‘Ό
ή“,•”•i‚Λ‚η‚Ά,“ϊ–μ,–L“c‰w‘Oπ”Τ,132128,“‹“s,“ϊ–μs,“–L“c‚R’–Ϊ,2019-02-13,18,‚»‚Μ‘Ό‚ΜZ‘ξi‚RK‚ΔΘ‰Ί‹¤“―Z‘ξ“™j,‚»‚Μ‘Ό
ή“,•”•i‚Λ‚η‚Ά,“ϊ–μ,–L“c‰w‘Oπ”Τ,132128,“‹“s,“ϊ–μs,“•½R‚R’–Ϊ,2019-12-06,06,’“Τi—Φjκ,‚»‚Μ‘Ό
ή“,•”•i‚Λ‚η‚Ά,“ϊ–μ,‘½–€•½π”Τ,132128,“‹“s,“ϊ–μs,®‚ª‹u‚Q’–Ϊ,2019-03-02,18,κΛZ‘ξ,‚»‚Μ‘Ό
ή“,•”•i‚Λ‚η‚Ά,“ϊ–μ,‘½–€•½π”Τ,132128,“‹“s,“ϊ–μs,®‚ª‹u‚U’–Ϊ,2018-12-31,12,’“Τi—Φjκ,‚»‚Μ‘Ό
ή“,•”•i‚Λ‚η‚Ά,“ϊ–μ,‘½–€•½π”Τ,132128,“‹“s,“ϊ–μs,‘½–€•½‚T’–Ϊ,2019-03-11,20,‚»‚Μ‘Ό‚ΜZ‘ξi‚RK‚ΔΘ‰Ί‹¤“―Z‘ξ“™j,‚»‚Μ‘Ό
ή“,•”•i‚Λ‚η‚Ά,“ϊ–μ,‹{’“έ,132128,“‹“s,“ϊ–μs,–θ›‚T’–Ϊ,2019-02-16,17,‚SK‚ΔΘγ‹¤“―Z‘ξ,‚»‚Μ‘Ό
ή“,•”•i‚Λ‚η‚Ά,“ϊ–μ,‹{’“έ,132128,“‹“s,“ϊ–μs,–θ›‚T’–Ϊ,2019-05-29,16,‚»‚Μ‘Ό‚ΜZ‘ξi‚RK‚ΔΘ‰Ί‹¤“―Z‘ξ“™j,‚»‚Μ‘Ό
ή“,•”•i‚Λ‚η‚Ά,“ϊ–μ,“υ›’“έ,132128,“‹“s,“ϊ–μs,‰h’¬‚Q’–Ϊ,2018-09-24,17,κΛZ‘ξ,ƒiƒ“ƒo[ƒvƒ[ƒg
ή“,•”•i‚Λ‚η‚Ά,“ϊ–μ,“υ›’“έ,132128,“‹“s,“ϊ–μs,‰h’¬‚R’–Ϊ,2019-03-01,19,κΛZ‘ξ,‚»‚Μ‘Ό
ή“,•”•i‚Λ‚η‚Ά,“ϊ–μ,“υ›’“έ,132128,“‹“s,“ϊ–μs,V’¬‚T’–Ϊ,2019-04-30,23,‚»‚Μ‘Ό,ƒiƒ“ƒo[ƒvƒ[ƒg
ή“,•”•i‚Λ‚η‚Ά,“ϊ–μ,‘εβγ’“έ,132128,“‹“s,“ϊ–μs,“ϊ–μ‘δ‚P’–Ϊ,2019-02-11,13,‚SK‚ΔΘγ‹¤“―Z‘ξ,‚»‚Μ‘Ό
ή“,•”•i‚Λ‚η‚Ά,“ϊ–μ,•½Rπ”Τ,132128,“‹“s,“ϊ–μs,•½R‚T’–Ϊ,2019-10-07,11,’“Τi—Φjκ,ƒiƒ“ƒo[ƒvƒ[ƒg
ή“,•”•i‚Λ‚η‚Ά,“ϊ–μ,•½Rπ”Τ,132128,“‹“s,“ϊ–μs,•½R‚T’–Ϊ,2019-11-26,04,’“Τi—Φjκ,ƒiƒ“ƒo[ƒvƒ[ƒg
ή“,•”•i‚Λ‚η‚Ά,“ϊ–μ,‚”¦•s“®‰w“μϋπ”Τ,132128,“‹“s,“ϊ–μs,‘εVδ,2019-02-16,19,‚SK‚ΔΘγ‹¤“―Z‘ξ,‚»‚Μ‘Ό
ή“,•”•i‚Λ‚η‚Ά,“ϊ–μ,‚”¦•s“®‰w“μϋπ”Τ,132128,“‹“s,“ϊ–μs,‚”¦,2019-11-04,12,’“Τi—Φjκ,ƒiƒ“ƒo[ƒvƒ[ƒg
ή“,•”•i‚Λ‚η‚Ά,“ϊ–μ,‘κ‡‹΄’“έ,132128,“‹“s,“ϊ–μs,Ό•½R‚P’–Ϊ,2019-01-29,13,κΛZ‘ξ,‚»‚Μ‘Ό
ή“,•”•i‚Λ‚η‚Ά,“ϊ–μ,‘κ‡‹΄’“έ,132128,“‹“s,“ϊ–μs,“•½R‚P’–Ϊ,2019-02-08,22,‚SK‚ΔΘγ‹¤“―Z‘ξ,‚»‚Μ‘Ό
ή“,•”•i‚Λ‚η‚Ά,“ϊ–μ,‘½–€“®•¨φ‰€‘Oπ”Τ,132128,“‹“s,“ϊ–μs,’φ‹v•Ϋ‚U’–Ϊ,2019-12-14,20,‚»‚Μ‘Ό‚ΜZ‘ξi‚RK‚ΔΘ‰Ί‹¤“―Z‘ξ“™j,‚»‚Μ‘Ό
ή“,•”•i‚Λ‚η‚Ά,“ϊ–μ,•S‘’c’nπ”Τ,132128,“‹“s,“ϊ–μs,’φ‹v•Ϋ,2019-10-30,10,‚SK‚ΔΘγ‹¤“―Z‘ξ,ƒiƒ“ƒo[ƒvƒ[ƒg
ή“,•”•i‚Λ‚η‚Ά,“ϊ–μ,•S‘’c’nπ”Τ,132128,“‹“s,“ϊ–μs,•S‘,2019-12-27,12,’“Τi—Φjκ,‚»‚Μ‘Ό
ή“,•”•i‚Λ‚η‚Ά,“ϊ–μ,®‚ª‹u’“έ,132128,“‹“s,“ϊ–μs,®‚ª‹u‚S’–Ϊ,2019-08-22,15,‚SK‚ΔΘγ‹¤“―Z‘ξ,‚»‚Μ‘Ό
ή“,•”•i‚Λ‚η‚Ά,“ϊ–μ,®‚ª‹u’“έ,132128,“‹“s,“ϊ–μs,®‚ª‹u‚S’–Ϊ,2019-09-17,18,‚SK‚ΔΘγ‹¤“―Z‘ξ,‚»‚Μ‘Ό
ή“,•”•i‚Λ‚η‚Ά,Ί“‡,Ί“‡‰w‘Oπ”Τ,132071,“‹“s,Ί“‡s,’©“ϊ’¬‚S’–Ϊ,2019-05-20,08,‚»‚Μ‘Ό‚ΜZ‘ξi‚RK‚ΔΘ‰Ί‹¤“―Z‘ξ“™j,ƒiƒ“ƒo[ƒvƒ[ƒg
ή“,•”•i‚Λ‚η‚Ά,Ί“‡,‘½–€‘ε‹΄π”Τ,132071,“‹“s,Ί“‡s,•“‡’¬‚Q’–Ϊ,2019-06-18,21,’“Τi—Φjκ,ƒ^ƒCƒ„EƒzƒC[ƒ‹
ή“,•”•i‚Λ‚η‚Ά,Ί“‡,‘ε_’“έ,132071,“‹“s,Ί“‡s,‘ε_’¬‚S’–Ϊ,2019-11-19,15,‚»‚Μ‘Ό‚ΜZ‘ξi‚RK‚ΔΘ‰Ί‹¤“―Z‘ξ“™j,‚»‚Μ‘Ό
ή“,•”•i‚Λ‚η‚Ά,Ί“‡,–xό’“έ,132071,“‹“s,Ί“‡s,”q“‡’¬,2019-09-28,19,‚»‚Μ‘Ό,ƒ^ƒCƒ„EƒzƒC[ƒ‹
ή“,•”•i‚Λ‚η‚Ά,Ί“‡,–xό’“έ,132071,“‹“s,Ί“‡s,”ό–x’¬‚S’–Ϊ,2019-02-02,11,‚SK‚ΔΘγ‹¤“―Z‘ξ,ƒiƒ“ƒo[ƒvƒ[ƒg
ή“,•”•i‚Λ‚η‚Ά,Ί“‡,“’†_‰w‘Oπ”Τ,132071,“‹“s,Ί“‡s,’†_’¬,2019-01-27,17,‚»‚Μ‘Ό‚ΜZ‘ξi‚RK‚ΔΘ‰Ί‹¤“―Z‘ξ“™j,‚»‚Μ‘Ό
ή“,•”•i‚Λ‚η‚Ά,Ί“‡,“’†_‰w‘Oπ”Τ,132071,“‹“s,Ί“‡s,•‘ –μ‚Q’–Ϊ,2019-07-23,18,‚SK‚ΔΘγ‹¤“―Z‘ξ,‚»‚Μ‘Ό
ή“,•”•i‚Λ‚η‚Ά,Ί“‡,“’†_‰w‘Oπ”Τ,132071,“‹“s,Ί“‡s,•‘ –μ‚Q’–Ϊ,2019-07-26,23,‚SK‚ΔΘγ‹¤“―Z‘ξ,‚»‚Μ‘Ό
ή“,•”•i‚Λ‚η‚Ά,Ί“‡,‚Β‚Β‚¶‚ª‹u’“έ,132071,“‹“s,Ί“‡s,‚Β‚Β‚¶‚ª‹u‚R’–Ϊ,2019-06-09,17,’“Τi—Φjκ,ƒiƒ“ƒo[ƒvƒ[ƒg
ή“,•”•i‚Λ‚η‚Ά,Ί“‡,”q“‡‰w‘Oπ”Τ,132071,“‹“s,Ί“‡s,Ό΄’¬‚R’–Ϊ,2019-10-31,08,’“Τi—Φjκ,‚»‚Μ‘Ό
ή“,•”•i‚Λ‚η‚Ά,—§μ,‘—§‰w‘Oπ”Τ,132152,“‹“s,‘—§s,’†‚P’–Ϊ,2019-09-20,07,’“Τi—Φjκ,‚»‚Μ‘Ό
ή“,•”•i‚Λ‚η‚Ά,—§μ,‰Hί’¬π”Τ,132152,“‹“s,‘—§s,–k‚R’–Ϊ,2019-03-19,18,’“Τi—Φjκ,‚»‚Μ‘Ό
ή“,•”•i‚Λ‚η‚Ά,—§μ,‰Hί’¬π”Τ,132152,“‹“s,‘—§s,–k‚R’–Ϊ,2019-06-16,17,‚SK‚ΔΘγ‹¤“―Z‘ξ,‚»‚Μ‘Ό
ή“,•”•i‚Λ‚η‚Ά,—§μ,—§“ϊ‹΄π”Τ,132021,“‹“s,—§μs,Δθ’¬‚U’–Ϊ,2019-07-12,17,‚»‚Μ‘Ό,‚»‚Μ‘Ό
ή“,•”•i‚Λ‚η‚Ά,—§μ,—§μ‰w“μϋπ”Τ,132021,“‹“s,—§μs,Δθ’¬‚R’–Ϊ,2019-08-13,05,’“Τi—Φjκ,‚»‚Μ‘Ό
ή“,•”•i‚Λ‚η‚Ά,—§μ,—§μ‰w“μϋπ”Τ,132021,“‹“s,—§μs,‹Ρ’¬‚Q’–Ϊ,2019-01-19,22,“ΉHγ,ƒiƒ“ƒo[ƒvƒ[ƒg
ή“,•”•i‚Λ‚η‚Ά,—§μ,—§μ‰w–kϋπ”Τ,132021,“‹“s,—§μs,’¬‚P’–Ϊ,2019-03-08,06,‚»‚Μ‘Ό‚ΜZ‘ξi‚RK‚ΔΘ‰Ί‹¤“―Z‘ξ“™j,ƒ^ƒCƒ„EƒzƒC[ƒ‹
ή“,•”•i‚Λ‚η‚Ά,—§μ,—§μ‰w–kϋπ”Τ,132021,“‹“s,—§μs,’¬‚R’–Ϊ,2019-03-15,07,κΛZ‘ξ,‚»‚Μ‘Ό
ή“,•”•i‚Λ‚η‚Ά,—§μ,—§μ‰w–kϋπ”Τ,132021,“‹“s,—§μs,—Ξ’¬,2019-11-08,17,’“Τi—Φjκ,‚»‚Μ‘Ό
ή“,•”•i‚Λ‚η‚Ά,—§μ,‚Ό’¬π”Τ,132021,“‹“s,—§μs,ς’¬,2019-05-12,10,’“Τi—Φjκ,‚»‚Μ‘Ό
ή“,•”•i‚Λ‚η‚Ά,—§μ,‚Ό’¬π”Τ,132021,“‹“s,—§μs,‚Ό’¬‚P’–Ϊ,2019-08-04,20,’“Τi—Φjκ,ƒ^ƒCƒ„EƒzƒC[ƒ‹
ή“,•”•i‚Λ‚η‚Ά,—§μ,‚Ό’¬π”Τ,132021,“‹“s,—§μs,‚Ό’¬‚Q’–Ϊ,2019-08-12,17,’“Τi—Φjκ,ƒ^ƒCƒ„EƒzƒC[ƒ‹
ή“,•”•i‚Λ‚η‚Ά,—§μ,’J•Ϋπ”Τ,132152,“‹“s,‘—§s,’J•Ϋ,2019-04-05,17,‚»‚Μ‘Ό‚ΜZ‘ξi‚RK‚ΔΘ‰Ί‹¤“―Z‘ξ“™j,‚»‚Μ‘Ό
ή“,•”•i‚Λ‚η‚Ά,—§μ,’J•Ϋπ”Τ,132152,“‹“s,‘—§s,’J•Ϋ,2019-10-27,11,‚SK‚ΔΘγ‹¤“―Z‘ξ,ƒiƒ“ƒo[ƒvƒ[ƒg
ή“,•”•i‚Λ‚η‚Ά,—§μ,’J•Ϋπ”Τ,132152,“‹“s,‘—§s,’J•Ϋ‚U’–Ϊ,2019-06-10,08,’“Τi—Φjκ,ƒiƒ“ƒo[ƒvƒ[ƒg
ή“,•”•i‚Λ‚η‚Ά,—§μ,•xm©’¬π”Τ,132021,“‹“s,—§μs,•xm©’¬‚V’–Ϊ,2019-02-02,19,’“Τi—Φjκ,ƒ^ƒCƒ„EƒzƒC[ƒ‹
ή“,•”•i‚Λ‚η‚Ά,—§μ,“V‰¤‹΄π”Τ,132021,“‹“s,—§μs,γ»’¬‚T’–Ϊ,2019-01-27,12,‚SK‚ΔΘγ‹¤“―Z‘ξ,ƒ^ƒCƒ„EƒzƒC[ƒ‹
ή“,•”•i‚Λ‚η‚Ά,—§μ,“V‰¤‹΄π”Τ,132021,“‹“s,—§μs,γ»’¬‚T’–Ϊ,2019-04-07,08,‚SK‚ΔΘγ‹¤“―Z‘ξ,‚»‚Μ‘Ό
ή“,•”•i‚Λ‚η‚Ά,—§μ,“V‰¤‹΄π”Τ,132021,“‹“s,—§μs,γ»’¬‚T’–Ϊ,2019-04-21,18,‚SK‚ΔΘγ‹¤“―Z‘ξ,‚»‚Μ‘Ό
ή“,•”•i‚Λ‚η‚Ά,—§μ,“V‰¤‹΄π”Τ,132021,“‹“s,—§μs,γ»’¬‚T’–Ϊ,2019-09-02,19,“ΉHγ,‚»‚Μ‘Ό
ή“,•”•i‚Λ‚η‚Ά,—§μ,“V‰¤‹΄π”Τ,132021,“‹“s,—§μs,γ»’¬‚T’–Ϊ,2019-10-11,07,’“Τi—Φjκ,‚»‚Μ‘Ό
ή“,•”•i‚Λ‚η‚Ά,—§μ,»μl”Τπ”Τ,132021,“‹“s,—§μs,”’¬‚T’–Ϊ,2019-09-02,08,’“Τi—Φjκ,‚»‚Μ‘Ό
ή“,•”•i‚Λ‚η‚Ά,—§μ,»μl”Τπ”Τ,132021,“‹“s,—§μs,γ»’¬‚P’–Ϊ,2019-04-13,21,‚SK‚ΔΘγ‹¤“―Z‘ξ,‚»‚Μ‘Ό
ή“,•”•i‚Λ‚η‚Ά,—§μ,»μl”Τπ”Τ,132021,“‹“s,—§μs,γ»’¬‚P’–Ϊ,2019-05-29,18,‚SK‚ΔΘγ‹¤“―Z‘ξ,ƒiƒ“ƒo[ƒvƒ[ƒg
ή“,•”•i‚Λ‚η‚Ά,—§μ,»μl”Τπ”Τ,132021,“‹“s,—§μs,»μ’¬‚P’–Ϊ,2019-02-08,16,’“Τi—Φjκ,‚»‚Μ‘Ό
ή“,•”•i‚Λ‚η‚Ά,—§μ,»μl”Τπ”Τ,132021,“‹“s,—§μs,»μ’¬‚W’–Ϊ,2019-10-30,12,κΛZ‘ξ,ƒiƒ“ƒo[ƒvƒ[ƒg
ή“,•”•i‚Λ‚η‚Ά,—§μ,»μ”ª”Τπ”Τ,132021,“‹“s,—§μs,K’¬‚Q’–Ϊ,2019-08-12,20,‚SK‚ΔΘγ‹¤“―Z‘ξ,ƒ^ƒCƒ„EƒzƒC[ƒ‹
ή“,•”•i‚Λ‚η‚Ά,—§μ,α—t’¬’“έ,132021,“‹“s,—§μs,α—t’¬‚R’–Ϊ,2019-06-18,13,‚»‚Μ‘Ό‚ΜZ‘ξi‚RK‚ΔΘ‰Ί‹¤“―Z‘ξ“™j,ƒiƒ“ƒo[ƒvƒ[ƒg
ή“,•”•i‚Λ‚η‚Ά,—§μ,κ”Τ’¬Z’–Ϊ’“έ,132021,“‹“s,—§μs,κ”Τ’¬‚U’–Ϊ,2019-01-31,19,κΛZ‘ξ,‚»‚Μ‘Ό
ή“,•”•i‚Λ‚η‚Ά,—§μ,κ”Τ’¬Z’–Ϊ’“έ,132021,“‹“s,—§μs,κ”Τ’¬‚U’–Ϊ,2019-02-16,17,‚SK‚ΔΘγ‹¤“―Z‘ξ,‚»‚Μ‘Ό
ή“,•”•i‚Λ‚η‚Ά,•{’†,‰h’¬π”Τ,132063,“‹“s,•{’†s,‰h’¬‚P’–Ϊ,2019-11-24,17,‚»‚Μ‘Ό‚ΜZ‘ξi‚RK‚ΔΘ‰Ί‹¤“―Z‘ξ“™j,‚»‚Μ‘Ό
ή“,•”•i‚Λ‚η‚Ά,•{’†,‰h’¬π”Τ,132063,“‹“s,•{’†s,°©’¬‚P’–Ϊ,2019-05-31,16,’“Τi—Φjκ,ƒ^ƒCƒ„EƒzƒC[ƒ‹
ή“,•”•i‚Λ‚η‚Ά,•{’†,‰h’¬π”Τ,132063,“‹“s,•{’†s,°©’¬‚P’–Ϊ,2019-09-25,08,‚SK‚ΔΘγ‹¤“―Z‘ξ,ƒ^ƒCƒ„EƒzƒC[ƒ‹
ή“,•”•i‚Λ‚η‚Ά,•{’†,”όD’¬π”Τ,132063,“‹“s,•{’†s,•Π’¬‚Q’–Ϊ,2019-11-04,18,‚»‚Μ‘Ό‚ΜZ‘ξi‚RK‚ΔΘ‰Ί‹¤“―Z‘ξ“™j,ƒiƒ“ƒo[ƒvƒ[ƒg
ή“,•”•i‚Λ‚η‚Ά,•{’†,Ό΄’¬π”Τ,132063,“‹“s,•{’†s,Ό΄’¬‚Q’–Ϊ,2018-10-01,•s–Ύ,κΛZ‘ξ,ƒ^ƒCƒ„EƒzƒC[ƒ‹
ή“,•”•i‚Λ‚η‚Ά,•{’†,’†‰Ν΄π”Τ,132063,“‹“s,•{’†s,l’J‚T’–Ϊ,2019-08-01,08,’“Τi—Φjκ,‚»‚Μ‘Ό
ή“,•”•i‚Λ‚η‚Ά,•{’†,¥­π”Τ,132063,“‹“s,•{’†s,¥­‚P’–Ϊ,2019-02-16,13,’“Τi—Φjκ,ƒiƒ“ƒo[ƒvƒ[ƒg
ή“,•”•i‚Λ‚η‚Ά,•{’†,¥­π”Τ,132063,“‹“s,•{’†s,¥­‚T’–Ϊ,2019-04-22,20,‚SK‚ΔΘγ‹¤“―Z‘ξ,ƒ^ƒCƒ„EƒzƒC[ƒ‹
ή“,•”•i‚Λ‚η‚Ά,•{’†,‘ζά’†wZ‘Oπ”Τ,132063,“‹“s,•{’†s,“V_’¬‚Q’–Ϊ,2019-06-29,00,‚»‚Μ‘Ό‚ΜZ‘ξi‚RK‚ΔΘ‰Ί‹¤“―Z‘ξ“™j,‚»‚Μ‘Ό
ή“,•”•i‚Λ‚η‚Ά,•{’†,“ϊ|’¬π”Τ,132063,“‹“s,•{’†s,“ϊ|’¬,2019-02-20,19,‚SK‚ΔΘγ‹¤“―Z‘ξ,ƒiƒ“ƒo[ƒvƒ[ƒg
ή“,•”•i‚Λ‚η‚Ά,•{’†,”’…‘δπ”Τ,132063,“‹“s,•{’†s,‰—§’¬‚P’–Ϊ,2019-03-19,18,‚SK‚ΔΘγ‹¤“―Z‘ξ,ƒiƒ“ƒo[ƒvƒ[ƒg
ή“,•”•i‚Λ‚η‚Ά,•{’†,”’…‘δπ”Τ,132063,“‹“s,•{’†s,”’…‘δ‚S’–Ϊ,2019-09-02,09,’“Τi—Φjκ,‚»‚Μ‘Ό
ή“,•”•i‚Λ‚η‚Ά,•{’†,‘ε‘°π”Τ,132063,“‹“s,•{’†s,υ’¬‚P’–Ϊ,2019-05-20,09,’“Τi—Φjκ,‚»‚Μ‘Ό
ή“,•”•i‚Λ‚η‚Ά,•{’†,‘ε‘°π”Τ,132063,“‹“s,•{’†s,”ª”¦’¬‚P’–Ϊ,2019-11-30,14,’“Τi—Φjκ,ƒiƒ“ƒo[ƒvƒ[ƒg
ή“,•”•i‚Λ‚η‚Ά,•{’†,‘ε‘°π”Τ,132063,“‹“s,•{’†s,•{’†’¬‚Q’–Ϊ,2019-02-18,21,‚»‚Μ‘Ό,ƒiƒ“ƒo[ƒvƒ[ƒg
ή“,•”•i‚Λ‚η‚Ά,•{’†,‘ε‘°π”Τ,132063,“‹“s,•{’†s,‹{Ό’¬‚S’–Ϊ,2019-08-04,19,‚SK‚ΔΘγ‹¤“―Z‘ξ,‚»‚Μ‘Ό
ή“,•”•i‚Λ‚η‚Ά,•{’†,‘ε‘°π”Τ,132063,“‹“s,•{’†s,‹{’¬‚P’–Ϊ,2019-09-21,19,’“Τi—Φjκ,‚»‚Μ‘Ό
ή“,•”•i‚Λ‚η‚Ά,•{’†,•‘ ‘δπ”Τ,132063,“‹“s,•{’†s,•‘ ‘δ‚Q’–Ϊ,2019-02-17,23,’“Τi—Φjκ,ƒ^ƒCƒ„EƒzƒC[ƒ‹
ή“,•”•i‚Λ‚η‚Ά,¬‹ΰδ,‘•ª›‰w–kϋπ”Τ,132144,“‹“s,‘•ª›s,“—φƒ–E‚Q’–Ϊ,2019-05-25,07,κΛZ‘ξ,ƒiƒ“ƒo[ƒvƒ[ƒg
ή“,•”•i‚Λ‚η‚Ά,¬‹ΰδ,“¬‹ΰδ‰w‘Oπ”Τ,132101,“‹“s,¬‹ΰδs,–μ’¬‚T’–Ϊ,2019-05-11,17,‚»‚Μ‘Ό‚ΜZ‘ξi‚RK‚ΔΘ‰Ί‹¤“―Z‘ξ“™j,‚»‚Μ‘Ό
ή“,•”•i‚Λ‚η‚Ά,¬‹ΰδ,“¬‹ΰδ‰w‘Oπ”Τ,132101,“‹“s,¬‹ΰδs,–μ’¬‚T’–Ϊ,2019-08-09,13,’“Τi—Φjκ,‚»‚Μ‘Ό
ή“,•”•i‚Λ‚η‚Ά,¬‹ΰδ,“¬‹ΰδ‰w‘Oπ”Τ,132101,“‹“s,¬‹ΰδs,“’¬‚S’–Ϊ,2019-03-24,09,’“Τi—Φjκ,‚»‚Μ‘Ό
ή“,•”•i‚Λ‚η‚Ά,¬‹ΰδ,¬‹ΰδφ‰€‘Oπ”Τ,132101,“‹“s,¬‹ΰδs,Φ–μ’¬‚P’–Ϊ,2019-02-21,22,’“Τi—Φjκ,‚»‚Μ‘Ό
ή“,•”•i‚Λ‚η‚Ά,¬‹ΰδ,V¬‹ΰδπ”Τ,132101,“‹“s,¬‹ΰδs,“’¬‚Q’–Ϊ,2019-12-19,01,‚»‚Μ‘Ό‚ΜZ‘ξi‚RK‚ΔΘ‰Ί‹¤“―Z‘ξ“™j,ƒiƒ“ƒo[ƒvƒ[ƒg
ή“,•”•i‚Λ‚η‚Ά,¬‹ΰδ,V¬‹ΰδπ”Τ,132101,“‹“s,¬‹ΰδs,“’¬‚S’–Ϊ,2019-11-02,20,κΛZ‘ξ,‚»‚Μ‘Ό
ή“,•”•i‚Λ‚η‚Ά,¬‹ΰδ,–{‘½π”Τ,132101,“‹“s,¬‹ΰδs,Ρδ–k’¬‚R’–Ϊ,2019-02-07,22,‚»‚Μ‘Ό‚ΜZ‘ξi‚RK‚ΔΘ‰Ί‹¤“―Z‘ξ“™j,ƒiƒ“ƒo[ƒvƒ[ƒg
ή“,•”•i‚Λ‚η‚Ά,¬‹ΰδ,‘•ª›‰w“μϋπ”Τ,132144,“‹“s,‘•ª›s,“μ’¬‚Q’–Ϊ,2019-05-26,13,‚SK‚ΔΘγ‹¤“―Z‘ξ,ƒiƒ“ƒo[ƒvƒ[ƒg
ή“,•”•i‚Λ‚η‚Ά,¬‹ΰδ,Ό‘•ª›‰w‘Oπ”Τ,132144,“‹“s,‘•ª›s,ς’¬‚R’–Ϊ,2019-04-05,14,‚»‚Μ‘Ό‚ΜZ‘ξi‚RK‚ΔΘ‰Ί‹¤“―Z‘ξ“™j,‚»‚Μ‘Ό
ή“,•”•i‚Λ‚η‚Ά,¬‹ΰδ,Ό‘•ª›‰w‘Oπ”Τ,132144,“‹“s,‘•ª›s,ς’¬‚R’–Ϊ,2019-05-10,13,“ΉHγ,‚»‚Μ‘Ό
ή“,•”•i‚Λ‚η‚Ά,¬‹ΰδ,Ό‘•ª›‰w‘Oπ”Τ,132144,“‹“s,‘•ª›s,Ό—φƒ–E‚Q’–Ϊ,2019-03-28,09,‚»‚Μ‘Ό‚ΜZ‘ξi‚RK‚ΔΘ‰Ί‹¤“―Z‘ξ“™j,‚»‚Μ‘Ό
ή“,•”•i‚Λ‚η‚Ά,¬‹ΰδ,Ό‘•ª›‰w‘Oπ”Τ,132144,“‹“s,‘•ª›s,Ό—φƒ–E‚Q’–Ϊ,2019-04-04,07,‚»‚Μ‘Ό‚ΜZ‘ξi‚RK‚ΔΘ‰Ί‹¤“―Z‘ξ“™j,‚»‚Μ‘Ό
ή“,•”•i‚Λ‚η‚Ά,“c–³,“c–³‰w‘Oπ”Τ,132292,“‹“s,Ό“‹s,Ε‹v•Ϋ’¬‚P’–Ϊ,2019-02-16,13,’“Τi—Φjκ,‚»‚Μ‘Ό
ή“,•”•i‚Λ‚η‚Ά,“c–³,“c–³‰w‘Oπ”Τ,132292,“‹“s,Ό“‹s,Ε‹v•Ϋ’¬‚P’–Ϊ,2019-03-19,13,‚»‚Μ‘Ό‚ΜZ‘ξi‚RK‚ΔΘ‰Ί‹¤“―Z‘ξ“™j,‚»‚Μ‘Ό
ή“,•”•i‚Λ‚η‚Ά,“c–³,“c–³‰w‘Oπ”Τ,132292,“‹“s,Ό“‹s,Ε‹v•Ϋ’¬‚P’–Ϊ,2019-08-13,19,’“Τi—Φjκ,‚»‚Μ‘Ό
ή“,•”•i‚Λ‚η‚Ά,“c–³,“c–³‰w‘Oπ”Τ,132292,“‹“s,Ό“‹s,Ε‹v•Ϋ’¬‚P’–Ϊ,2019-12-24,14,’“Τi—Φjκ,‚»‚Μ‘Ό
ή“,•”•i‚Λ‚η‚Ά,“c–³,–k΄’¬π”Τ,132292,“‹“s,Ό“‹s,“c–³’¬‚T’–Ϊ,2019-10-18,16,’“Τi—Φjκ,‚»‚Μ‘Ό
ή“,•”•i‚Λ‚η‚Ά,“c–³,–φ‘ς‰w‘Oπ”Τ,132292,“‹“s,Ό“‹s,•Ϋ’J’¬‚T’–Ϊ,2019-03-18,17,κΛZ‘ξ,‚»‚Μ‘Ό
ή“,•”•i‚Λ‚η‚Ά,“c–³,–φ‘ς‰w‘Oπ”Τ,132292,“‹“s,Ό“‹s,•Ϋ’J’¬‚T’–Ϊ,2019-06-04,20,‚»‚Μ‘Ό‚ΜZ‘ξi‚RK‚ΔΘ‰Ί‹¤“―Z‘ξ“™j,‚»‚Μ‘Ό
ή“,•”•i‚Λ‚η‚Ά,“c–³,β‰Ίπ”Τ,132292,“‹“s,Ό“‹s,–φ‘ς‚R’–Ϊ,2019-09-29,18,‚SK‚ΔΘγ‹¤“―Z‘ξ,ƒiƒ“ƒo[ƒvƒ[ƒg
ή“,•”•i‚Λ‚η‚Ά,“c–³,‚Π‚Ξ‚θ‚ª‹u’c’nπ”Τ,132225,“‹“s,“‹v—―•Δs,“μ‘ς‚T’–Ϊ,2019-03-26,15,’“Τi—Φjκ,‚»‚Μ‘Ό
ή“,•”•i‚Λ‚η‚Ά,“c–³,•Ϋ’J‰w‘Oπ”Τ,132292,“‹“s,Ό“‹s,“’¬‚Q’–Ϊ,2019-04-07,15,‚»‚Μ‘Ό‚ΜZ‘ξi‚RK‚ΔΘ‰Ί‹¤“―Z‘ξ“™j,‚»‚Μ‘Ό
ή“,•”•i‚Λ‚η‚Ά,“c–³,•Ϋ’JV’¬π”Τ,132292,“‹“s,Ό“‹s,V’¬‚U’–Ϊ,2019-03-20,21,‚»‚Μ‘Ό‚ΜZ‘ξi‚RK‚ΔΘ‰Ί‹¤“―Z‘ξ“™j,‚»‚Μ‘Ό
ή“,•”•i‚Λ‚η‚Ά,“c–³,–μ‰Ξ~π”Τ,132225,“‹“s,“‹v—―•Δs,K’¬‚T’–Ϊ,2019-01-29,19,‚»‚Μ‘Ό‚ΜZ‘ξi‚RK‚ΔΘ‰Ί‹¤“―Z‘ξ“™j,‚»‚Μ‘Ό
ή“,•”•i‚Λ‚η‚Ά,“c–³,–μ‰Ξ~π”Τ,132225,“‹“s,“‹v—―•Δs,–μ‰Ξ~‚R’–Ϊ,2019-02-24,17,‚SK‚ΔΘγ‹¤“―Z‘ξ,‚»‚Μ‘Ό
ή“,•”•i‚Λ‚η‚Ά,“c–³,–μ‰Ξ~π”Τ,132225,“‹“s,“‹v—―•Δs,–μ‰Ξ~‚R’–Ϊ,2019-11-06,01,‚SK‚ΔΘγ‹¤“―Z‘ξ,ƒiƒ“ƒo[ƒvƒ[ƒg
ή“,•”•i‚Λ‚η‚Ά,“c–³,“μ‘ςπ”Τ,132225,“‹“s,“‹v—―•Δs,K’¬‚P’–Ϊ,2019-07-02,17,‚»‚Μ‘Ό‚ΜZ‘ξi‚RK‚ΔΘ‰Ί‹¤“―Z‘ξ“™j,‚»‚Μ‘Ό
ή“,•”•i‚Λ‚η‚Ά,“c–³,‘O‘ςπ”Τ,132225,“‹“s,“‹v—―•Δs,”ª”¦’¬‚Q’–Ϊ,2018-11-01,•s–Ύ,‚SK‚ΔΘγ‹¤“―Z‘ξ,ƒiƒ“ƒo[ƒvƒ[ƒg
ή“,•”•i‚Λ‚η‚Ά,“c–³,‚Π‚Ξ‚θ‚ª‹u‰w‘Oπ”Τ,132292,“‹“s,Ό“‹s,‚Π‚Ξ‚θ‚ª‹u‚P’–Ϊ,2019-07-14,03,κΛZ‘ξ,ƒiƒ“ƒo[ƒvƒ[ƒg
ή“,•”•i‚Λ‚η‚Ά,“c–³,‰Ί—Ά’“έ,132225,“‹“s,“‹v—―•Δs,‰Ί—Ά‚S’–Ϊ,2019-02-08,20,‚SK‚ΔΘγ‹¤“―Z‘ξ,‚»‚Μ‘Ό
ή“,•”•i‚Λ‚η‚Ά,“c–³,“‹v—―•Δ‰w‘Oπ”Τ,132225,“‹“s,“‹v—―•Δs,“–{’¬,2019-09-02,21,’“Τi—Φjκ,‚»‚Μ‘Ό
ή“,•”•i‚Λ‚η‚Ά,“c–³,“‹v—―•Δ‰w‘Oπ”Τ,132225,“‹“s,“‹v—―•Δs,–{’¬‚P’–Ϊ,2019-11-17,10,’“Τi—Φjκ,‚»‚Μ‘Ό
ή“,•”•i‚Λ‚η‚Ά,“‘ΊR,“‘ΊR‰w‘Oπ”Τ,132136,“‹“s,“‘ΊRs,–{’¬‚P’–Ϊ,2019-02-10,•s–Ύ,’“Τi—Φjκ,ƒ^ƒCƒ„EƒzƒC[ƒ‹
ή“,•”•i‚Λ‚η‚Ά,“‘ΊR,“‘ΊR‰w‘Oπ”Τ,132136,“‹“s,“‘ΊRs,–{’¬‚P’–Ϊ,2019-03-27,02,’“Τi—Φjκ,ƒ^ƒCƒ„EƒzƒC[ƒ‹
ή“,•”•i‚Λ‚η‚Ά,“‘ΊR,”ªβπ”Τ,132136,“‹“s,“‘ΊRs,‰h’¬‚R’–Ϊ,2019-04-14,21,‚SK‚ΔΘγ‹¤“―Z‘ξ,‚»‚Μ‘Ό
ή“,•”•i‚Λ‚η‚Ά,“‘ΊR,”ªβπ”Τ,132136,“‹“s,“‘ΊRs,•xm©’¬‚P’–Ϊ,2019-04-30,20,‚SK‚ΔΘγ‹¤“―Z‘ξ,‚»‚Μ‘Ό
ή“,•”•i‚Λ‚η‚Ά,“‘ΊR,”ªβπ”Τ,132136,“‹“s,“‘ΊRs,•xm©’¬‚R’–Ϊ,2019-05-22,13,κΛZ‘ξ,‚»‚Μ‘Ό
ή“,•”•i‚Λ‚η‚Ά,“‘ΊR,‹v•Δμ‰w‘Oπ”Τ,132136,“‹“s,“‘ΊRs,”‹R’¬‚R’–Ϊ,2019-12-10,11,‚SK‚ΔΘγ‹¤“―Z‘ξ,ƒiƒ“ƒo[ƒvƒ[ƒg
ή“,•”•i‚Λ‚η‚Ά,“‘ΊR,‹v•Δμ‰w‘Oπ”Τ,132136,“‹“s,“‘ΊRs,–{’¬‚S’–Ϊ,2019-01-16,18,‚SK‚ΔΘγ‹¤“―Z‘ξ,ƒiƒ“ƒo[ƒvƒ[ƒg
ή“,•”•i‚Λ‚η‚Ά,“‘ΊR,‹v•Δμ‰w‘Oπ”Τ,132136,“‹“s,“‘ΊRs,–{’¬‚S’–Ϊ,2019-12-07,14,‚SK‚ΔΘγ‹¤“―Z‘ξ,‚»‚Μ‘Ό
ή“,•”•i‚Λ‚η‚Ά,“‘ΊR,΄£‰w‘Oπ”Τ,132217,“‹“s,΄£s,³’¬‚Q’–Ϊ,2019-05-19,22,κΛZ‘ξ,‚»‚Μ‘Ό
ή“,•”•i‚Λ‚η‚Ά,“‘ΊR,‰τ“c’“έ,132136,“‹“s,“‘ΊRs,‘½–€Ξ’¬‚R’–Ϊ,2019-04-29,13,’“Τi—Φjκ,‚»‚Μ‘Ό
ή“,•”•i‚Λ‚η‚Ά,“‘ΊR,‰τ“c’“έ,132136,“‹“s,“‘ΊRs,•xm©’¬‚S’–Ϊ,2019-04-04,21,’“Τi—Φjκ,ƒiƒ“ƒo[ƒvƒ[ƒg
ή“,•”•i‚Λ‚η‚Ά,“‘ΊR,‹v•Δμ’“έ,132136,“‹“s,“‘ΊRs,‹v•Δμ’¬‚Q’–Ϊ,2019-06-27,17,‚»‚Μ‘Ό,‚»‚Μ‘Ό
ή“,•”•i‚Λ‚η‚Ά,“‘ΊR,H’ΓO’–Ϊπ”Τ,132136,“‹“s,“‘ΊRs,H’Γ’¬‚R’–Ϊ,2019-08-03,06,’“Τi—Φjκ,‚»‚Μ‘Ό
ή“,•”•i‚Λ‚η‚Ά,“‘ΊR,’†—Ά’“έ,132217,“‹“s,΄£s,’†—Ά‚S’–Ϊ,2019-08-26,23,‚»‚Μ‘Ό,‚»‚Μ‘Ό
ή“,•”•i‚Λ‚η‚Ά,“‘ΊR,H’Γ‰w‘Oπ”Τ,132136,“‹“s,“‘ΊRs,H’Γ’¬‚T’–Ϊ,2019-07-25,18,’“Τi—Φjκ,‚»‚Μ‘Ό
ή“,•”•i‚Λ‚η‚Ά,“‘ΊR,®‚ª‹uπ”Τ,132217,“‹“s,΄£s,‰Ίh‚R’–Ϊ,2019-01-11,10,‚»‚Μ‘Ό‚ΜZ‘ξi‚RK‚ΔΘ‰Ί‹¤“―Z‘ξ“™j,‚»‚Μ‘Ό
ή“,•”•i‚Λ‚η‚Ά,“‘ΊR,”‹R’“έ,132136,“‹“s,“‘ΊRs,”‹R’¬‚Q’–Ϊ,2019-02-12,17,κΛZ‘ξ,‚»‚Μ‘Ό
ή“,•”•i‚Λ‚η‚Ά,“‘ΊR,‰Ί΄Λ’“έ,132217,“‹“s,΄£s,‰Ί΄Λ‚Q’–Ϊ,2019-10-12,11,‚SK‚ΔΘγ‹¤“―Z‘ξ,ƒ^ƒCƒ„EƒzƒC[ƒ‹
ή“,•”•i‚Λ‚η‚Ά,“‘ΊR,Β—t’“έ,132136,“‹“s,“‘ΊRs,Β—t’¬‚P’–Ϊ,2019-07-28,01,‚»‚Μ‘Ό,ƒ^ƒCƒ„EƒzƒC[ƒ‹
ή“,•”•i‚Λ‚η‚Ά,“‘ΊR,Β—t’“έ,132136,“‹“s,“‘ΊRs,Β—t’¬‚Q’–Ϊ,2019-08-12,08,κΛZ‘ξ,ƒ^ƒCƒ„EƒzƒC[ƒ‹
ή“,•”•i‚Λ‚η‚Ά,•‘ –μ,‹gΛ›‰wΌϋπ”Τ,132039,“‹“s,•‘ –μs,δ“aR‚P’–Ϊ,2019-09-13,18,’“Τi—Φjκ,‚»‚Μ‘Ό
ή“,•”•i‚Λ‚η‚Ά,•‘ –μ,O‘ι‰w–kϋπ”Τ,132039,“‹“s,•‘ –μs,’†’¬‚P’–Ϊ,2019-12-27,08,’“Τi—Φjκ,‚»‚Μ‘Ό
ή“,•”•i‚Λ‚η‚Ά,•‘ –μ,Φ‘O’“έ,132039,“‹“s,•‘ –μs,Φ‘O‚Q’–Ϊ,2019-10-21,02,‚SK‚ΔΘγ‹¤“―Z‘ξ,ƒiƒ“ƒo[ƒvƒ[ƒg
ή“,•”•i‚Λ‚η‚Ά,•‘ –μ,Φ‘O’“έ,132039,“‹“s,•‘ –μs,Φ‘O‚S’–Ϊ,2019-12-09,19,‚SK‚ΔΘγ‹¤“―Z‘ξ,‚»‚Μ‘Ό
ή“,•”•i‚Λ‚η‚Ά,•‘ –μ,Φ‘O’“έ,132039,“‹“s,•‘ –μs,Φ‘O‚T’–Ϊ,2019-07-10,19,’“Τi—Φjκ,ƒ^ƒCƒ„EƒzƒC[ƒ‹
ή“,•”•i‚Λ‚η‚Ά,•‘ –μ,•‘ ‹«‰w“μϋπ”Τ,132039,“‹“s,•‘ –μs,‹«“μ’¬‚P’–Ϊ,2019-07-23,07,’“Τi—Φjκ,‚»‚Μ‘Ό
ή“,•”•i‚Λ‚η‚Ά,•‘ –μ,•‘ ‹«‰w“μϋπ”Τ,132039,“‹“s,•‘ –μs,‹«‚Q’–Ϊ,2019-01-16,19,’“Τi—Φjκ,‚»‚Μ‘Ό
ή“,•”•i‚Λ‚η‚Ά,•‘ –μ,•‘ ‹«‰w“μϋπ”Τ,132039,“‹“s,•‘ –μs,‹«‚Q’–Ϊ,2019-10-17,04,’“Τi—Φjκ,‚»‚Μ‘Ό
ή“,•”•i‚Λ‚η‚Ά,•‘ –μ,—Ξ’¬π”Τ,132039,“‹“s,•‘ –μs,’†’¬‚R’–Ϊ,2019-06-13,06,‚SK‚ΔΘγ‹¤“―Z‘ξ,‚»‚Μ‘Ό
ή“,•”•i‚Λ‚η‚Ά,•‘ –μ,—Ξ’¬π”Τ,132039,“‹“s,•‘ –μs,Ό‹v•Ϋ‚R’–Ϊ,2019-03-30,18,‚SK‚ΔΘγ‹¤“―Z‘ξ,‚»‚Μ‘Ό
ή“,•”•i‚Λ‚η‚Ά,O‘ι,O‘ι‰w‘Oπ”Τ,132047,“‹“s,O‘ιs,‰ΊA‚R’–Ϊ,2019-03-01,14,‚SK‚ΔΘγ‹¤“―Z‘ξ,‚»‚Μ‘Ό
ή“,•”•i‚Λ‚η‚Ά,O‘ι,O‘ι‰w‘Oπ”Τ,132047,“‹“s,O‘ιs,‰ΊA‚R’–Ϊ,2019-08-28,16,“ΉHγ,‚»‚Μ‘Ό
ή“,•”•i‚Λ‚η‚Ά,O‘ι,Ο‹v•Ϋπ”Τ,132047,“‹“s,O‘ιs,‰ΊA‚S’–Ϊ,2019-02-24,18,“ΉHγ,ƒiƒ“ƒo[ƒvƒ[ƒg
ή“,•”•i‚Λ‚η‚Ά,O‘ι,Ο‹v•Ϋπ”Τ,132047,“‹“s,O‘ιs,‰ΊA‚T’–Ϊ,2019-04-02,17,‚SK‚ΔΘγ‹¤“―Z‘ξ,‚»‚Μ‘Ό
ή“,•”•i‚Λ‚η‚Ά,O‘ι,Ο‹v•Ϋπ”Τ,132047,“‹“s,O‘ιs,‰ΊA‚X’–Ϊ,2019-07-04,09,‚»‚Μ‘Ό‚ΜZ‘ξi‚RK‚ΔΘ‰Ί‹¤“―Z‘ξ“™j,‚»‚Μ‘Ό
ή“,•”•i‚Λ‚η‚Ά,O‘ι,‘ε‘ςπ”Τ,132047,“‹“s,O‘ιs,‘ε‘ς‚R’–Ϊ,2016-04-10,10,‚SK‚ΔΘγ‹¤“―Z‘ξ,ƒiƒ“ƒo[ƒvƒ[ƒg
ή“,•”•i‚Λ‚η‚Ά,O‘ι,‘ε‘ςπ”Τ,132047,“‹“s,O‘ιs,‘ε‘ς‚R’–Ϊ,2019-05-31,23,“ΉHγ,‚»‚Μ‘Ό
ή“,•”•i‚Λ‚η‚Ά,O‘ι,‘ε‘ςπ”Τ,132047,“‹“s,O‘ιs,[‘ε›‚Q’–Ϊ,2019-04-05,11,‚»‚Μ‘Ό‚ΜZ‘ξi‚RK‚ΔΘ‰Ί‹¤“―Z‘ξ“™j,‚»‚Μ‘Ό
ή“,•”•i‚Λ‚η‚Ά,O‘ι,–μθπ”Τ,132047,“‹“s,O‘ιs,–μθ‚P’–Ϊ,2019-10-16,13,‚»‚Μ‘Ό‚ΜZ‘ξi‚RK‚ΔΘ‰Ί‹¤“―Z‘ξ“™j,ƒiƒ“ƒo[ƒvƒ[ƒg
ή“,•”•i‚Λ‚η‚Ά,O‘ι,Vμπ”Τ,132047,“‹“s,O‘ιs,Vμ‚U’–Ϊ,2018-12-15,17,‚»‚Μ‘Ό‚ΜZ‘ξi‚RK‚ΔΘ‰Ί‹¤“―Z‘ξ“™j,ƒ^ƒCƒ„EƒzƒC[ƒ‹
ή“,•”•i‚Λ‚η‚Ά,O‘ι,Vμπ”Τ,132047,“‹“s,O‘ιs,Vμ‚U’–Ϊ,2019-05-18,19,‚»‚Μ‘Ό‚ΜZ‘ξi‚RK‚ΔΘ‰Ί‹¤“―Z‘ξ“™j,‚»‚Μ‘Ό
ή“,•”•i‚Λ‚η‚Ά,O‘ι,Vμπ”Τ,132047,“‹“s,O‘ιs,Vμ‚U’–Ϊ,2019-11-20,08,‚»‚Μ‘Ό,ƒiƒ“ƒo[ƒvƒ[ƒg
ή“,•”•i‚Λ‚η‚Ά,O‘ι,Vμπ”Τ,132047,“‹“s,O‘ιs,–΄—η‚T’–Ϊ,2019-04-04,20,κΛZ‘ξ,‚»‚Μ‘Ό
ή“,•”•i‚Λ‚η‚Ά,O‘ι,’†εμπ”Τ,132047,“‹“s,O‘ιs,Vμ‚Q’–Ϊ,2019-05-16,01,‚»‚Μ‘Ό,‚»‚Μ‘Ό
ή“,•”•i‚Λ‚η‚Ά,O‘ι,’†εμπ”Τ,132047,“‹“s,O‘ιs,Vμ‚T’–Ϊ,2019-06-07,18,‚SK‚ΔΘγ‹¤“―Z‘ξ,‚»‚Μ‘Ό
ή“,•”•i‚Λ‚η‚Ά,O‘ι,’†΄’“έ,132047,“‹“s,O‘ιs,’†΄‚R’–Ϊ,2019-03-27,00,‚SK‚ΔΘγ‹¤“―Z‘ξ,‚»‚Μ‘Ό
ή“,•”•i‚Λ‚η‚Ά,O‘ι,’†΄’“έ,132047,“‹“s,O‘ιs,’†΄‚R’–Ϊ,2019-09-01,19,‚»‚Μ‘Ό‚ΜZ‘ξi‚RK‚ΔΘ‰Ί‹¤“―Z‘ξ“™j,‚»‚Μ‘Ό
ή“,•”•i‚Λ‚η‚Ά,O‘ι,–k–μ’“έ,132047,“‹“s,O‘ιs,–k–μ‚P’–Ϊ,2019-04-10,11,‚»‚Μ‘Ό‚ΜZ‘ξi‚RK‚ΔΘ‰Ί‹¤“―Z‘ξ“™j,‚»‚Μ‘Ό
ή“,•”•i‚Λ‚η‚Ά,O‘ι,–k–μ’“έ,132047,“‹“s,O‘ιs,–k–μ‚R’–Ϊ,2019-06-17,20,κΛZ‘ξ,‚»‚Μ‘Ό
ή“,•”•i‚Λ‚η‚Ά,O‘ι,–k–μ’“έ,132047,“‹“s,O‘ιs,–k–μ‚S’–Ϊ,2019-02-11,23,‚»‚Μ‘Ό‚ΜZ‘ξi‚RK‚ΔΘ‰Ί‹¤“―Z‘ξ“™j,‚»‚Μ‘Ό
ή“,•”•i‚Λ‚η‚Ά,’²•z,‰ΊΞ΄π”Τ,132080,“‹“s,’²•zs,¬“‡’¬‚P’–Ϊ,2019-06-20,17,κΛZ‘ξ,‚»‚Μ‘Ό
ή“,•”•i‚Λ‚η‚Ά,’²•z,‰ΊΞ΄π”Τ,132080,“‹“s,’²•zs,’²•zƒP‹u‚Q’–Ϊ,2019-05-30,19,’“Τi—Φjκ,ƒiƒ“ƒo[ƒvƒ[ƒg
ή“,•”•i‚Λ‚η‚Ά,’²•z,•z“cπ”Τ,132080,“‹“s,’²•zs,•z“c‚R’–Ϊ,2019-08-21,10,’“Τi—Φjκ,‚»‚Μ‘Ό
ή“,•”•i‚Λ‚η‚Ά,’²•z,‚Β‚Β‚¶ƒP‹u‰w‘Oπ”Τ,132080,“‹“s,’²•zs,Ό‚Β‚Β‚¶ƒP‹u‚S’–Ϊ,2019-04-21,16,κΛZ‘ξ,‚»‚Μ‘Ό
ή“,•”•i‚Λ‚η‚Ά,’²•z,‚Β‚Β‚¶ƒP‹u‰w‘Oπ”Τ,132080,“‹“s,’²•zs,Ό‚Β‚Β‚¶ƒP‹u‚S’–Ϊ,2019-06-02,13,‚SK‚ΔΘγ‹¤“―Z‘ξ,‚»‚Μ‘Ό
ή“,•”•i‚Λ‚η‚Ά,’²•z,εμπ”Τ,132080,“‹“s,’²•zs,εμ’¬‚P’–Ϊ,2019-06-26,20,‚»‚Μ‘Ό‚ΜZ‘ξi‚RK‚ΔΘ‰Ί‹¤“―Z‘ξ“™j,‚»‚Μ‘Ό
ή“,•”•i‚Λ‚η‚Ά,’²•z,εμπ”Τ,132080,“‹“s,’²•zs,εμ’¬‚P’–Ϊ,2019-08-06,10,’“Τi—Φjκ,‚»‚Μ‘Ό
ή“,•”•i‚Λ‚η‚Ά,’²•z,εμπ”Τ,132080,“‹“s,’²•zs,εμ’¬‚P’–Ϊ,2019-08-17,20,“ΉHγ,‚»‚Μ‘Ό
ή“,•”•i‚Λ‚η‚Ά,’²•z,εμπ”Τ,132080,“‹“s,’²•zs,εμ’¬‚R’–Ϊ,2019-06-22,22,’“Τi—Φjκ,ƒiƒ“ƒo[ƒvƒ[ƒg
ή“,•”•i‚Λ‚η‚Ά,’²•z,εμπ”Τ,132080,“‹“s,’²•zs,—ΞƒP‹u‚P’–Ϊ,2019-07-28,10,’“Τi—Φjκ,‚»‚Μ‘Ό
ή“,•”•i‚Λ‚η‚Ά,’²•z,‹‰¤‘½–€μ‰w‘Oπ”Τ,132080,“‹“s,’²•zs,‘½–€μ‚P’–Ϊ,2018-12-15,12,’“Τi—Φjκ,‚»‚Μ‘Ό
ή“,•”•i‚Λ‚η‚Ά,’²•z,‹‰¤‘½–€μ‰w‘Oπ”Τ,132080,“‹“s,’²•zs,‘½–€μ‚R’–Ϊ,2019-03-28,20,‚SK‚ΔΘγ‹¤“―Z‘ξ,ƒiƒ“ƒo[ƒvƒ[ƒg
ή“,•”•i‚Λ‚η‚Ά,’²•z,γΞ΄π”Τ,132080,“‹“s,’²•zs,γΞ΄‚P’–Ϊ,2019-05-19,15,’“Τi—Φjκ,‚»‚Μ‘Ό
ή“,•”•i‚Λ‚η‚Ά,’²•z,‘—Μπ”Τ,132080,“‹“s,’²•zs,‘—Μ’¬‚W’–Ϊ,2019-05-30,18,‚SK‚ΔΘγ‹¤“―Z‘ξ,‚»‚Μ‘Ό
ή“,•”•i‚Λ‚η‚Ά,’²•z,[‘ε›π”Τ,132080,“‹“s,’²•zs,[‘ε›“’¬‚P’–Ϊ,2019-05-19,18,‚»‚Μ‘Ό‚ΜZ‘ξi‚RK‚ΔΘ‰Ί‹¤“―Z‘ξ“™j,‚»‚Μ‘Ό
ή“,•”•i‚Λ‚η‚Ά,’²•z,[‘ε›π”Τ,132080,“‹“s,’²•zs,[‘ε›“’¬‚S’–Ϊ,2019-09-09,18,‚»‚Μ‘Ό‚ΜZ‘ξi‚RK‚ΔΘ‰Ί‹¤“―Z‘ξ“™j,ƒ^ƒCƒ„EƒzƒC[ƒ‹
ή“,•”•i‚Λ‚η‚Ά,’²•z,[‘ε›π”Τ,132080,“‹“s,’²•zs,[‘ε›“’¬‚U’–Ϊ,2019-06-14,14,‚»‚Μ‘Ό‚ΜZ‘ξi‚RK‚ΔΘ‰Ί‹¤“―Z‘ξ“™j,‚»‚Μ‘Ό
ή“,•”•i‚Λ‚η‚Ά,’²•z,‹{‚Μγ’“έ,132080,“‹“s,’²•zs,Δθ‚Q’–Ϊ,2019-02-15,22,‚SK‚ΔΘγ‹¤“―Z‘ξ,‚»‚Μ‘Ό
ή“,•”•i‚Λ‚η‚Ά,’²•z,‹e–μ‘δπ”Τ,132080,“‹“s,’²•zs,‹e–μ‘δ‚P’–Ϊ,2019-05-27,14,’“Τi—Φjκ,‚»‚Μ‘Ό
ή“,•”•i‚Λ‚η‚Ά,’²•z,‹e–μ‘δπ”Τ,132080,“‹“s,’²•zs,‹e–μ‘δ‚P’–Ϊ,2019-10-27,16,’“Τi—Φjκ,‚»‚Μ‘Ό
ή“,•”•i‚Λ‚η‚Ά,’²•z,‹e–μ‘δπ”Τ,132080,“‹“s,’²•zs,Ό‚Β‚Β‚¶ƒP‹u‚R’–Ϊ,2019-11-15,08,’“Τi—Φjκ,‚»‚Μ‘Ό
ή“,•”•i‚Λ‚η‚Ά,’²•z,’†aςπ”Τ,132195,“‹“s,]s,aς–{’¬‚S’–Ϊ,2019-04-06,16,‚SK‚ΔΘγ‹¤“―Z‘ξ,‚»‚Μ‘Ό
ή“,•”•i‚Λ‚η‚Ά,’²•z,’†aςπ”Τ,132195,“‹“s,]s,’†aς‚S’–Ϊ,2019-04-18,22,‚SK‚ΔΘγ‹¤“―Z‘ξ,‚»‚Μ‘Ό
ή“,•”•i‚Λ‚η‚Ά,’²•z,’†aςπ”Τ,132195,“‹“s,]s,’†aς‚T’–Ϊ,2019-04-16,11,’“Τi—Φjκ,‚»‚Μ‘Ό
ή“,•”•i‚Λ‚η‚Ά,’²•z,’†aςπ”Τ,132195,“‹“s,]s,’†aς‚T’–Ϊ,2019-10-16,20,“ΉHγ,‚»‚Μ‘Ό
ή“,•”•i‚Λ‚η‚Ά,’²•z,’†aςπ”Τ,132195,“‹“s,]s,³aς‚P’–Ϊ,2019-09-15,09,’“Τi—Φjκ,‚»‚Μ‘Ό
ή“,•”•i‚Λ‚η‚Ά,’²•z,]π”Τ,132195,“‹“s,]s,aς–{’¬‚P’–Ϊ,2019-07-01,00,’“Τi—Φjκ,ƒiƒ“ƒo[ƒvƒ[ƒg
ή“,•”•i‚Λ‚η‚Ά,’²•z,]π”Τ,132195,“‹“s,]s,aς–{’¬‚P’–Ϊ,2019-09-15,06,’“Τi—Φjκ,‚»‚Μ‘Ό
ή“,•”•i‚Λ‚η‚Ά,’²•z,]π”Τ,132195,“‹“s,]s,aς–{’¬‚S’–Ϊ,2019-07-14,07,‚»‚Μ‘Ό‚ΜZ‘ξi‚RK‚ΔΘ‰Ί‹¤“―Z‘ξ“™j,‚»‚Μ‘Ό
ή“,•”•i‚Λ‚η‚Ά,’²•z,]π”Τ,132195,“‹“s,]s,“aς‚P’–Ϊ,2019-08-01,22,‚»‚Μ‘Ό‚ΜZ‘ξi‚RK‚ΔΘ‰Ί‹¤“―Z‘ξ“™j,‚»‚Μ‘Ό
ή“,•”•i‚Λ‚η‚Ά,’²•z,]π”Τ,132195,“‹“s,]s,“aς‚P’–Ϊ,2019-09-12,07,’“Τi—Φjκ,‚»‚Μ‘Ό
ή“,•”•i‚Λ‚η‚Ά,’²•z,]π”Τ,132195,“‹“s,]s,³aς‚P’–Ϊ,2019-04-23,07,’“Τi—Φjκ,‚»‚Μ‘Ό
ή“,•”•i‚Λ‚η‚Ά,’²•z,]π”Τ,132195,“‹“s,]s,³aς‚P’–Ϊ,2019-09-11,07,’“Τi—Φjκ,‚»‚Μ‘Ό
ή“,•”•i‚Λ‚η‚Ά,’²•z,βΛπ”Τ,132195,“‹“s,]s,βΛ–k‚Q’–Ϊ,2019-01-15,09,’“Τi—Φjκ,‚»‚Μ‘Ό
ή“,•”•i‚Λ‚η‚Ά,’²•z,βΛπ”Τ,132195,“‹“s,]s,βΛ“μ‚P’–Ϊ,2019-08-07,19,‚»‚Μ‘Ό,‚»‚Μ‘Ό
ή“,•”•i‚Λ‚η‚Ά,’²•z,βΛπ”Τ,132195,“‹“s,]s,βΛ“μ‚P’–Ϊ,2019-12-24,11,‚»‚Μ‘Ό‚ΜZ‘ξi‚RK‚ΔΘ‰Ί‹¤“―Z‘ξ“™j,ƒiƒ“ƒo[ƒvƒ[ƒg
ή“,•”•i‚Λ‚η‚Ά,’²•z,¬oπ”Τ,132080,“‹“s,’²•zs,“όΤ’¬‚Q’–Ϊ,2019-11-17,16,‚SK‚ΔΘγ‹¤“―Z‘ξ,‚»‚Μ‘Ό
ή“,•”•i‚Λ‚η‚Ά,’²•z,¬oπ”Τ,132195,“‹“s,]s,Ό–μμ‚P’–Ϊ,2019-04-07,21,‚SK‚ΔΘγ‹¤“―Z‘ξ,‚»‚Μ‘Ό
ή“,•”•i‚Λ‚η‚Ά,’²•z,¬oπ”Τ,132195,“‹“s,]s,Ό–μμ‚P’–Ϊ,2019-05-25,07,‚»‚Μ‘Ό‚ΜZ‘ξi‚RK‚ΔΘ‰Ί‹¤“―Z‘ξ“™j,ƒiƒ“ƒo[ƒvƒ[ƒg
ή“,•”•i‚Λ‚η‚Ά,’²•z,¬oπ”Τ,132195,“‹“s,]s,Ό–μμ‚P’–Ϊ,2019-09-16,16,’“Τi—Φjκ,ƒiƒ“ƒo[ƒvƒ[ƒg
ή“,•”•i‚Λ‚η‚Ά,’²•z,¬oπ”Τ,132195,“‹“s,]s,“–μμ‚S’–Ϊ,2019-11-08,22,‚»‚Μ‘Ό‚ΜZ‘ξi‚RK‚ΔΘ‰Ί‹¤“―Z‘ξ“™j,‚»‚Μ‘Ό
ή“,•”•i‚Λ‚η‚Ά,’²•z,‘½–€μZ‘ξπ”Τ,132080,“‹“s,’²•zs,υ’n‚R’–Ϊ,2019-05-23,18,’“Τi—Φjκ,‚»‚Μ‘Ό
ή“,•”•i‚Λ‚η‚Ά,’²•z,‘½–€μZ‘ξπ”Τ,132080,“‹“s,’²•zs,υ’n‚R’–Ϊ,2019-05-25,17,‚»‚Μ‘Ό‚ΜZ‘ξi‚RK‚ΔΘ‰Ί‹¤“―Z‘ξ“™j,‚»‚Μ‘Ό
ή“,•”•i‚Λ‚η‚Ά,’²•z,‘½–€μZ‘ξπ”Τ,132080,“‹“s,’²•zs,υ’n‚R’–Ϊ,2019-11-12,13,‚SK‚ΔΘγ‹¤“―Z‘ξ,‚»‚Μ‘Ό
ή“,•”•i‚Λ‚η‚Ά,’²•z,‘½–€μZ‘ξπ”Τ,132195,“‹“s,]s,Όaς‚Q’–Ϊ,2019-04-07,11,‚SK‚ΔΘγ‹¤“―Z‘ξ,ƒiƒ“ƒo[ƒvƒ[ƒg
ή“,•”•i‚Λ‚η‚Ά,’²•z,‘½–€μZ‘ξπ”Τ,132195,“‹“s,]s,Όaς‚Q’–Ϊ,2019-10-10,19,‚SK‚ΔΘγ‹¤“―Z‘ξ,‚»‚Μ‘Ό
ή“,•”•i‚Λ‚η‚Ά,’²•z,’²•z‰w‘Oπ”Τ,132080,“‹“s,’²•zs,¬“‡’¬‚P’–Ϊ,2019-06-05,09,’“Τi—Φjκ,‚»‚Μ‘Ό
ή“,•”•i‚Λ‚η‚Ά,’²•z,’²•z‰w‘Oπ”Τ,132080,“‹“s,’²•zs,•z“c‚R’–Ϊ,2019-11-08,16,’“Τi—Φjκ,ƒiƒ“ƒo[ƒvƒ[ƒg
ή“,•”•i‚Λ‚η‚Ά,’²•z,’²•z‰w‘Oπ”Τ,132080,“‹“s,’²•zs,•z“c‚S’–Ϊ,2019-11-19,11,’“Τi—Φjκ,‚»‚Μ‘Ό
ή“,•”•i‚Λ‚η‚Ά,’²•z,”ς“c‹‹‰w‘Oπ”Τ,132080,“‹“s,’²•zs,γΞ΄‚R’–Ϊ,2019-07-04,18,‚»‚Μ‘Ό‚ΜZ‘ξi‚RK‚ΔΘ‰Ί‹¤“―Z‘ξ“™j,ƒiƒ“ƒo[ƒvƒ[ƒg
ή“,•”•i‚Λ‚η‚Ά,¬•½,‰Τ¬‹ΰδ‰w‘Oπ”Τ,132110,“‹“s,¬•½s,‰Τ¬‹ΰδ‚P’–Ϊ,2019-12-01,19,‚»‚Μ‘Ό,‚»‚Μ‘Ό
ή“,•”•i‚Λ‚η‚Ά,¬•½,‰Τ¬‹ΰδ‰w‘Oπ”Τ,132110,“‹“s,¬•½s,‰Τ¬‹ΰδ‚W’–Ϊ,2019-11-01,08,’“Τi—Φjκ,‚»‚Μ‘Ό
ή“,•”•i‚Λ‚η‚Ά,¬•½,‰Τ¬‹ΰδ‰w‘Oπ”Τ,132110,“‹“s,¬•½s,‰Τ¬‹ΰδ“μ’¬‚P’–Ϊ,2019-03-01,23,‚»‚Μ‘Ό‚ΜZ‘ξi‚RK‚ΔΘ‰Ί‹¤“―Z‘ξ“™j,ƒ^ƒCƒ„EƒzƒC[ƒ‹
ή“,•”•i‚Λ‚η‚Ά,¬•½,¬•½‰w‘Oπ”Τ,132110,“‹“s,¬•½s,¬μ“’¬‚Q’–Ϊ,2019-01-10,09,‚SK‚ΔΘγ‹¤“―Z‘ξ,ƒiƒ“ƒo[ƒvƒ[ƒg
ή“,•”•i‚Λ‚η‚Ά,¬•½,¬•½‰w‘Oπ”Τ,132110,“‹“s,¬•½s,’‡’¬,2019-03-09,13,’“Τi—Φjκ,‚»‚Μ‘Ό
ή“,•”•i‚Λ‚η‚Ά,¬•½,w‰€Ό’¬π”Τ,132110,“‹“s,¬•½s,γ…–{’¬‚U’–Ϊ,2019-05-28,12,’“Τi—Φjκ,ƒiƒ“ƒo[ƒvƒ[ƒg
ή“,•”•i‚Λ‚η‚Ά,¬•½,‘ι‚Μ‘δ‰w‘Oπ”Τ,132110,“‹“s,¬•½s,γ…“μ’¬‚Q’–Ϊ,2019-02-19,17,κΛZ‘ξ,‚»‚Μ‘Ό
ή“,•”•i‚Λ‚η‚Ά,¬•½,¬μ‰w‘Oπ”Τ,132110,“‹“s,¬•½s,¬μ“’¬‚P’–Ϊ,2019-09-20,07,’“Τi—Φjκ,‚»‚Μ‘Ό
ή“,•”•i‚Λ‚η‚Ά,¬•½,¬μ‰w‘Oπ”Τ,132110,“‹“s,¬•½s,¬μ“’¬‚Q’–Ϊ,2019-03-13,15,‚SK‚ΔΘγ‹¤“―Z‘ξ,ƒ^ƒCƒ„EƒzƒC[ƒ‹
ή“,•”•i‚Λ‚η‚Ά,¬•½,¬μ‰w‘Oπ”Τ,132110,“‹“s,¬•½s,¬μ“’¬‚S’–Ϊ,2019-10-14,15,‚»‚Μ‘Ό,ƒ^ƒCƒ„EƒzƒC[ƒ‹
ή“,•”•i‚Λ‚η‚Ά,¬•½,‘εΐ’¬π”Τ,132110,“‹“s,¬•½s,‘εΐ’¬‚R’–Ϊ,2018-10-01,10,‚»‚Μ‘Ό,ƒiƒ“ƒo[ƒvƒ[ƒg
ή“,•”•i‚Λ‚η‚Ά,¬•½,‘εΐ’¬π”Τ,132110,“‹“s,¬•½s,‘εΐ’¬‚V’–Ϊ,2019-10-09,13,‚SK‚ΔΘγ‹¤“―Z‘ξ,‚»‚Μ‘Ό
ή“,•”•i‚Λ‚η‚Ά,¬•½,¬μ’“έ,132110,“‹“s,¬•½s,¬μ’¬‚Q’–Ϊ,2019-05-08,07,’“Τi—Φjκ,‚»‚Μ‘Ό
ή“,•”•i‚Λ‚η‚Ά,¬•½,γhπ”Τ,132110,“‹“s,¬•½s,¬μ’¬‚P’–Ϊ,2018-12-01,16,‚»‚Μ‘Ό‚ΜZ‘ξi‚RK‚ΔΘ‰Ί‹¤“―Z‘ξ“™j,‚»‚Μ‘Ό
ή“,•”•i‚Λ‚η‚Ά,¬•½,γhπ”Τ,132110,“‹“s,¬•½s,’†“‡’¬,2019-02-25,00,‚»‚Μ‘Ό‚ΜZ‘ξi‚RK‚ΔΘ‰Ί‹¤“―Z‘ξ“™j,‚»‚Μ‘Ό
