罪名,手口,管轄警察署（発生地）,管轄交番・駐在所（発生地）,市区町村コード（発生地）,都道府県（発生地）,市区町村（発生地）,町丁目（発生地）,発生年月日（始期）,発生時（始期）,発生場所,発生場所の詳細,現金以外の主な被害品,name,latitude,longitude,police_office_name,police_office_latitude,police_office_longitude
窃盗,部品ねらい,中央,日本橋交番,131024,東京都,中央区,日本橋小舟町,2022/4/20,19,道路上,その他,ナンバープレート,中央区日本橋小舟町,35.686858,139.778267, 中央警察署 日本橋交番,35.68364415,139.77479895218778
窃盗,部品ねらい,中央,本町交番,131024,東京都,中央区,日本橋本石町４丁目,2022/8/3,15,その他,その他,その他,中央区日本橋本石町４丁目,35.688585,139.770806, 中央警察署 本町交番,35.690625,139.774905
窃盗,部品ねらい,深川,住吉交番,131083,東京都,江東区,猿江２丁目,2022/6/1,不明,４階建て以上共同住宅,駐車（輪）場,ナンバープレート,江東区猿江２丁目,35.686117,139.817189, 深川警察署 住吉交番,35.6888427,139.815916
窃盗,部品ねらい,深川,千田交番,131083,東京都,江東区,千石３丁目,2022/7/19,6,一戸建住宅,駐車（輪）場,その他,江東区千石３丁目,35.678053,139.818725, 深川警察署 千田交番,35.6806,139.815818
窃盗,部品ねらい,深川,東陽交番,131083,東京都,江東区,東陽４丁目,2022/3/9,12,その他,駐車（輪）場,その他,江東区東陽４丁目,35.671936,139.817849, 深川警察署 東陽交番,35.669157,139.812152
窃盗,部品ねらい,深川,枝川交番,131083,東京都,江東区,枝川２丁目,2022/11/17,18,４階建て以上共同住宅,駐車（輪）場,その他,江東区枝川２丁目,35.657715,139.807178, 深川警察署 枝川交番,35.6582564,139.8025688
窃盗,部品ねらい,深川,枝川交番,131083,東京都,江東区,潮見１丁目,2022/1/9,23,４階建て以上共同住宅,駐車（輪）場,ナンバープレート,江東区潮見１丁目,35.65574,139.811361, 深川警察署 枝川交番,35.6582564,139.8025688
窃盗,部品ねらい,深川,枝川交番,131083,東京都,江東区,潮見１丁目,2022/12/7,23,４階建て以上共同住宅,駐車（輪）場,その他,江東区潮見１丁目,35.65574,139.811361, 深川警察署 枝川交番,35.6582564,139.8025688
窃盗,部品ねらい,深川,森下交番,131083,東京都,江東区,森下３丁目,2022/10/24,9,その他,駐車（輪）場,その他,江東区森下３丁目,35.686279,139.801949, 深川警察署 森下交番,35.687988,139.800988
窃盗,部品ねらい,深川,清澄庭園前交番,131083,東京都,江東区,清澄２丁目,2022/4/10,16,駐車（輪）場,駐車（輪）場,ナンバープレート,江東区清澄２丁目,35.681383,139.795877, 深川警察署 清澄庭園前交番,35.6786139,139.7981005
窃盗,部品ねらい,深川,清澄庭園前交番,131083,東京都,江東区,冬木,2022/6/25,20,道路上,その他,その他,江東区冬木,35.674788,139.801416, 深川警察署 清澄庭園前交番,35.6786139,139.7981005
窃盗,部品ねらい,深川,現代美術館前交番,131083,東京都,江東区,木場３丁目,2022/5/24,19,道路上,その他,その他,江東区木場３丁目,35.673999,139.804936, 深川警察署 現代美術館前交番,,
窃盗,部品ねらい,深川,豊洲交番,131083,東京都,江東区,豊洲２丁目,2022/5/30,12,４階建て以上共同住宅,駐車（輪）場,その他,江東区豊洲２丁目,35.655271,139.792777, 深川警察署 豊洲交番,,
窃盗,部品ねらい,深川,豊洲交番,131083,東京都,江東区,豊洲３丁目,2022/8/3,9,その他,駐車（輪）場,その他,江東区豊洲３丁目,35.658936,139.79692, 深川警察署 豊洲交番,,
窃盗,部品ねらい,深川,門前仲町交番,131083,東京都,江東区,富岡２丁目,2022/5/6,20,道路上,その他,その他,江東区富岡２丁目,35.671002,139.801459, 深川警察署 門前仲町交番,35.672684,139.794876
窃盗,部品ねらい,深川,門前仲町交番,131083,東京都,江東区,古石場１丁目,2022/8/20,不明,一戸建住宅,駐車（輪）場,ナンバープレート,江東区古石場１丁目,35.668858,139.795062, 深川警察署 門前仲町交番,35.672684,139.794876
窃盗,部品ねらい,深川,門前仲町交番,131083,東京都,江東区,門前仲町２丁目,2022/5/16,19,道路上,その他,その他,江東区門前仲町２丁目,35.672524,139.795782, 深川警察署 門前仲町交番,35.672684,139.794876
窃盗,部品ねらい,丸の内,有楽町駅前交番,131016,東京都,千代田区,丸の内３丁目,2022/5/19,12,駐車（輪）場,駐車（輪）場,ナンバープレート,千代田区丸の内３丁目,35.67672365,139.76338837657545, 丸の内警察署 有楽町駅前交番,35.673905,139.762572
窃盗,部品ねらい,神田,水道橋駅前交番,131016,東京都,千代田区,神田神保町１丁目,2022/2/17,21,道路上,その他,その他,千代田区神田神保町１丁目,35.696491,139.759073, 神田警察署 水道橋駅前交番,35.70241745,139.75166135210947
窃盗,部品ねらい,神田,水道橋駅前交番,131016,東京都,千代田区,神田猿楽町２丁目,2022/8/27,23,道路上,その他,その他,千代田区神田猿楽町２丁目,35.6999845,139.758485, 神田警察署 水道橋駅前交番,35.70241745,139.75166135210947
窃盗,部品ねらい,万世橋,神田駅交番,131016,東京都,千代田区,神田須田町２丁目,2021/12/9,18,その他,駐車（輪）場,その他,千代田区神田須田町２丁目,35.695815,139.773059, 万世橋警察署 神田駅交番,,
窃盗,部品ねらい,万世橋,秋葉原交番,131016,東京都,千代田区,神田佐久間町２丁目,2022/3/7,23,その他,駐車（輪）場,その他,千代田区神田佐久間町２丁目,35.69806155,139.77618462153404, 万世橋警察署 秋葉原交番,,
窃盗,部品ねらい,万世橋,秋葉原交番,131016,東京都,千代田区,神田練塀町,2022/7/23,19,駐車（輪）場,駐車（輪）場,ナンバープレート,千代田区神田練塀町,35.70071,139.774037, 万世橋警察署 秋葉原交番,,
窃盗,部品ねらい,万世橋,秋葉原交番,131016,東京都,千代田区,神田花岡町,2022/7/19,15,駐車（輪）場,駐車（輪）場,その他,千代田区神田花岡町,35.698802,139.773971, 万世橋警察署 秋葉原交番,,
窃盗,部品ねらい,万世橋,秋葉原交番,131016,東京都,千代田区,神田花岡町,2022/11/6,15,駐車（輪）場,駐車（輪）場,その他,千代田区神田花岡町,35.698802,139.773971, 万世橋警察署 秋葉原交番,,
窃盗,部品ねらい,久松,東日本橋交番,131024,東京都,中央区,日本橋横山町,2022/1/26,12,道路上,その他,その他,中央区日本橋横山町,35.693024,139.783587, 久松警察署 東日本橋交番,35.695671,139.784962
窃盗,部品ねらい,久松,浜町交番,131024,東京都,中央区,日本橋浜町２丁目,2022/2/18,11,その他,駐車（輪）場,その他,中央区日本橋浜町２丁目,35.688027,139.78818, 久松警察署 浜町交番,35.687154,139.790822
窃盗,部品ねらい,築地,小田原町交番,131024,東京都,中央区,築地７丁目,2021/10/20,0,４階建て以上共同住宅,駐車（輪）場,その他,中央区築地７丁目,35.665022,139.77561, 築地警察署 小田原町交番,35.6652883,139.7721715
窃盗,部品ねらい,築地,小田原町交番,131024,東京都,中央区,築地７丁目,2022/4/27,10,道路上,その他,その他,中央区築地７丁目,35.665022,139.77561, 築地警察署 小田原町交番,35.6652883,139.7721715
窃盗,部品ねらい,月島,勝どき橋交番,131024,東京都,中央区,勝どき６丁目,2022/9/4,12,４階建て以上共同住宅,駐車（輪）場,その他,中央区勝どき６丁目,35.654772,139.773673, 月島警察署 勝どき橋交番,35.6604606,139.7768646
窃盗,部品ねらい,月島,晴海三丁目交番,131024,東京都,中央区,晴海１丁目,2022/2/3,14,その他,駐車（輪）場,その他,中央区晴海１丁目,35.659523,139.786164, 月島警察署 晴海三丁目交番,35.6557004,139.7818254
窃盗,部品ねらい,三田,海岸通交番,131032,東京都,港区,海岸３丁目,2022/6/13,8,駐車（輪）場,駐車（輪）場,ナンバープレート,港区海岸３丁目,35.640762,139.7572356, 三田警察署 海岸通交番,35.6406693,139.7544019
窃盗,部品ねらい,三田,海岸通交番,131032,東京都,港区,海岸３丁目,2022/6/13,17,その他,駐車（輪）場,ナンバープレート,港区海岸３丁目,35.640762,139.7572356, 三田警察署 海岸通交番,35.6406693,139.7544019
窃盗,部品ねらい,三田,芝四丁目交番,131032,東京都,港区,芝５丁目,2022/3/2,18,その他の住宅（３階建て以下共同住宅等）,駐車（輪）場,その他,港区芝５丁目,35.647148,139.7469836, 三田警察署 芝四丁目交番,35.64908135,139.75267435004596
窃盗,部品ねらい,高輪,品川駅港南口交番,131032,東京都,港区,港南４丁目,2022/7/22,22,４階建て以上共同住宅,駐車（輪）場,その他,港区港南４丁目,35.6274075,139.7492748, 高輪警察署 品川駅港南口交番,,
窃盗,部品ねらい,高輪,白金三光町交番,131032,東京都,港区,白金台４丁目,2022/9/6,9,その他,駐車（輪）場,その他,港区白金台４丁目,35.6393691,139.7260067, 高輪警察署 白金三光町交番,35.644574,139.725354
窃盗,部品ねらい,高輪,高輪二丁目交番,131032,東京都,港区,高輪２丁目,2022/1/1,不明,４階建て以上共同住宅,駐車（輪）場,その他,港区高輪２丁目,35.6373746,139.7371325, 高輪警察署 高輪二丁目交番,35.6399785,139.7369447
窃盗,部品ねらい,高輪,高輪台交番,131032,東京都,港区,高輪３丁目,2022/8/5,11,駐車（輪）場,駐車（輪）場,その他,港区高輪３丁目,35.6319377,139.7349733, 高輪警察署 高輪台交番,35.632075,139.730521
窃盗,部品ねらい,麻布,一之橋交番,131032,東京都,港区,麻布十番１丁目,2022/7/21,16,駐車（輪）場,駐車（輪）場,その他,港区麻布十番１丁目,35.6566871,139.7356861, 麻布警察署 一之橋交番,,
窃盗,部品ねらい,麻布,一之橋交番,131032,東京都,港区,東麻布２丁目,2022/5/27,23,駐車（輪）場,駐車（輪）場,その他,港区東麻布２丁目,35.6567525,139.741306, 麻布警察署 一之橋交番,,
窃盗,部品ねらい,麻布,六本木交番,131032,東京都,港区,六本木６丁目,2022/7/29,5,その他,その他,その他,港区六本木６丁目,35.66309665,139.72745609946662, 麻布警察署 六本木交番,,
窃盗,部品ねらい,赤坂,表参道交番,131032,東京都,港区,南青山４丁目,2022/2/23,18,一戸建住宅,その他,その他,港区南青山４丁目,35.6648299,139.7183382, 赤坂警察署 表参道交番,35.66546,139.712355
窃盗,部品ねらい,赤坂,赤坂五丁目交番,131032,東京都,港区,赤坂１丁目,2022/3/28,16,４階建て以上共同住宅,駐車（輪）場,その他,港区赤坂１丁目,35.6685017,139.7425371, 赤坂警察署 赤坂五丁目交番,,
窃盗,部品ねらい,赤坂,赤坂五丁目交番,131032,東京都,港区,赤坂５丁目,2022/8/27,15,道路上,その他,その他,港区赤坂５丁目,35.6722604,139.7346246, 赤坂警察署 赤坂五丁目交番,,
窃盗,部品ねらい,赤坂,青山一丁目交番,131032,東京都,港区,南青山１丁目,2022/10/29,22,駐車（輪）場,駐車（輪）場,ナンバープレート,港区南青山１丁目,35.6697677,139.7255534, 赤坂警察署 青山一丁目交番,,
窃盗,部品ねらい,東京湾岸,お台場海浜公園駅前交番,131032,東京都,港区,台場１丁目,2022/12/16,14,４階建て以上共同住宅,駐車（輪）場,その他,港区台場１丁目,35.6308488,139.7783151, 東京湾岸警察署 お台場海浜公園駅前交番,,
窃盗,部品ねらい,東京湾岸,辰巳交番,131083,東京都,江東区,辰巳１丁目,2022/1/11,13,４階建て以上共同住宅,駐車（輪）場,その他,江東区辰巳１丁目,35.648179,139.809024, 東京湾岸警察署 辰巳交番,35.649427,139.8116273
窃盗,部品ねらい,東京湾岸,辰巳交番,131083,東京都,江東区,辰巳１丁目,2022/12/16,12,４階建て以上共同住宅,駐車（輪）場,その他,江東区辰巳１丁目,35.648179,139.809024, 東京湾岸警察署 辰巳交番,35.649427,139.8116273
窃盗,部品ねらい,東京湾岸,辰巳交番,131083,東京都,江東区,辰巳３丁目,2022/12/6,17,その他,駐車（輪）場,その他,江東区辰巳３丁目,35.64359,139.81579, 東京湾岸警察署 辰巳交番,35.649427,139.8116273
窃盗,部品ねらい,東京湾岸,都橋交番,131083,東京都,江東区,有明３丁目,2022/7/16,9,その他,駐車（輪）場,その他,江東区有明３丁目,35.629417,139.796671, 東京湾岸警察署 都橋交番,,
窃盗,部品ねらい,東京湾岸,都橋交番,131083,東京都,江東区,有明４丁目,2022/8/11,16,その他,駐車（輪）場,その他,江東区有明４丁目,35.620798,139.792118, 東京湾岸警察署 都橋交番,,
窃盗,部品ねらい,東京湾岸,都橋交番,131083,東京都,江東区,東雲１丁目,2022/6/14,20,４階建て以上共同住宅,駐車（輪）場,タイヤ・ホイール,江東区東雲１丁目,35.648418,139.801826, 東京湾岸警察署 都橋交番,,
窃盗,部品ねらい,東京湾岸,都橋交番,131083,東京都,江東区,東雲１丁目,2022/7/20,20,その他,駐車（輪）場,その他,江東区東雲１丁目,35.648418,139.801826, 東京湾岸警察署 都橋交番,,
窃盗,部品ねらい,東京湾岸,都橋交番,131083,東京都,江東区,東雲１丁目,2022/10/12,5,４階建て以上共同住宅,その他,その他,江東区東雲１丁目,35.648418,139.801826, 東京湾岸警察署 都橋交番,,
窃盗,部品ねらい,東京湾岸,都橋交番,131083,東京都,江東区,東雲１丁目,2022/10/15,17,駐車（輪）場,駐車（輪）場,その他,江東区東雲１丁目,35.648418,139.801826, 東京湾岸警察署 都橋交番,,
窃盗,部品ねらい,品川,台場交番,131091,東京都,品川区,北品川１丁目,2022/3/23,8,駐車（輪）場,駐車（輪）場,その他,品川区北品川１丁目,35.6222567,139.7401017, 品川警察署 台場交番,35.6208548,139.7421468
窃盗,部品ねらい,品川,台場交番,131091,東京都,品川区,東品川１丁目,2022/7/19,11,その他の住宅（３階建て以下共同住宅等）,その他,その他,品川区東品川１丁目,35.6206661,139.7456149, 品川警察署 台場交番,35.6208548,139.7421468
窃盗,部品ねらい,品川,御殿山交番,131091,東京都,品川区,北品川４丁目,2022/7/22,18,道路上,その他,その他,品川区北品川４丁目,35.6203413,139.7364753, 品川警察署 御殿山交番,35.6231877,139.7351861
窃盗,部品ねらい,品川,御殿山交番,131091,東京都,品川区,北品川６丁目,2022/8/22,22,その他の住宅（３階建て以下共同住宅等）,駐車（輪）場,ナンバープレート,品川区北品川６丁目,35.6248698,139.7326988, 品川警察署 御殿山交番,35.6231877,139.7351861
窃盗,部品ねらい,大井,八潮団地交番,131091,東京都,品川区,八潮５丁目,2022/3/31,0,４階建て以上共同住宅,駐車（輪）場,その他,品川区八潮５丁目,35.6012413,139.7525901, 大井警察署 八潮団地交番,,
窃盗,部品ねらい,大井,八潮団地交番,131091,東京都,品川区,八潮５丁目,2022/5/8,10,駐車（輪）場,駐車（輪）場,その他,品川区八潮５丁目,35.6012413,139.7525901, 大井警察署 八潮団地交番,,
窃盗,部品ねらい,大井,八潮団地交番,131091,東京都,品川区,八潮５丁目,2022/6/11,6,４階建て以上共同住宅,駐車（輪）場,その他,品川区八潮５丁目,35.6012413,139.7525901, 大井警察署 八潮団地交番,,
窃盗,部品ねらい,大井,八潮団地交番,131091,東京都,品川区,八潮５丁目,2022/8/4,14,駐車（輪）場,駐車（輪）場,ナンバープレート,品川区八潮５丁目,35.6012413,139.7525901, 大井警察署 八潮団地交番,,
窃盗,部品ねらい,大井,八潮団地交番,131091,東京都,品川区,八潮５丁目,2022/9/10,14,４階建て以上共同住宅,駐車（輪）場,ナンバープレート,品川区八潮５丁目,35.6012413,139.7525901, 大井警察署 八潮団地交番,,
窃盗,部品ねらい,大井,八潮団地交番,131091,東京都,品川区,八潮５丁目,2022/9/16,14,４階建て以上共同住宅,駐車（輪）場,ナンバープレート,品川区八潮５丁目,35.6012413,139.7525901, 大井警察署 八潮団地交番,,
窃盗,部品ねらい,大井,南大井交番,131091,東京都,品川区,南大井６丁目,2022/3/16,11,駐車（輪）場,駐車（輪）場,タイヤ・ホイール,品川区南大井６丁目,35.5905478,139.7318083, 大井警察署 南大井交番,35.5903612,139.733432
窃盗,部品ねらい,大井,南大井交番,131091,東京都,品川区,南大井６丁目,2022/12/9,7,その他,駐車（輪）場,その他,品川区南大井６丁目,35.5905478,139.7318083, 大井警察署 南大井交番,35.5903612,139.733432
窃盗,部品ねらい,大井,大井町駅前交番,131091,東京都,品川区,大井１丁目,2022/5/18,13,その他,駐車（輪）場,その他,品川区大井１丁目,35.6058897,139.7328798, 大井警察署 大井町駅前交番,35.606158,139.734639
窃盗,部品ねらい,大井,大井町駅前交番,131091,東京都,品川区,大井１丁目,2022/6/3,15,駐車（輪）場,駐車（輪）場,その他,品川区大井１丁目,35.6058897,139.7328798, 大井警察署 大井町駅前交番,35.606158,139.734639
窃盗,部品ねらい,大井,大井町駅前交番,131091,東京都,品川区,東大井５丁目,2022/1/5,14,その他,駐車（輪）場,その他,品川区東大井５丁目,35.6064611,139.7370252, 大井警察署 大井町駅前交番,35.606158,139.734639
窃盗,部品ねらい,大井,大井町駅前交番,131091,東京都,品川区,東大井５丁目,2022/10/15,4,駐車（輪）場,駐車（輪）場,その他,品川区東大井５丁目,35.6064611,139.7370252, 大井警察署 大井町駅前交番,35.606158,139.734639
窃盗,部品ねらい,大井,立会川交番,131091,東京都,品川区,勝島３丁目,2021/12/28,15,その他,駐車（輪）場,その他,品川区勝島３丁目,35.5922491,139.7390825, 大井警察署 立会川交番,35.596924,139.73757827778093
窃盗,部品ねらい,大井,西大井駅前交番,131091,東京都,品川区,西大井１丁目,2022/6/19,11,駐車（輪）場,駐車（輪）場,その他,品川区西大井１丁目,35.6019662,139.72469, 大井警察署 西大井駅前交番,35.6020618,139.7219318
窃盗,部品ねらい,大井,西大井駅前交番,131091,東京都,品川区,西大井４丁目,2022/11/22,18,４階建て以上共同住宅,駐車（輪）場,その他,品川区西大井４丁目,35.5949776,139.7196552, 大井警察署 西大井駅前交番,35.6020618,139.7219318
窃盗,部品ねらい,大井,西大井駅前交番,131091,東京都,品川区,西大井６丁目,2022/6/5,17,その他,その他,その他,品川区西大井６丁目,35.60084,139.7174397, 大井警察署 西大井駅前交番,35.6020618,139.7219318
窃盗,部品ねらい,大崎,中原口交番,131091,東京都,品川区,西五反田７丁目,2022/7/29,8,駐車（輪）場,駐車（輪）場,その他,品川区西五反田７丁目,35.621593,139.7197466, 大崎警察署 中原口交番,35.6221107,139.7198999
窃盗,部品ねらい,大崎,五反田駅前交番,131091,東京都,品川区,東五反田２丁目,2022/12/24,11,駐車（輪）場,駐車（輪）場,その他,品川区東五反田２丁目,35.624256,139.7288378, 大崎警察署 五反田駅前交番,,
窃盗,部品ねらい,大崎,大崎駅前交番,131091,東京都,品川区,大崎２丁目,2022/6/26,11,道路上,その他,その他,品川区大崎２丁目,35.6177139,139.7268409, 大崎警察署 大崎駅前交番,35.6193896,139.7294355
窃盗,部品ねらい,大崎,西五反田交番,131091,東京都,品川区,西五反田４丁目,2022/2/21,5,駐車（輪）場,駐車（輪）場,ナンバープレート,品川区西五反田４丁目,35.6260732,139.7109689, 大崎警察署 西五反田交番,35.6276288,139.7139904
窃盗,部品ねらい,荏原,二葉町交番,131091,東京都,品川区,豊町４丁目,2022/7/8,9,一戸建住宅,駐車（輪）場,その他,品川区豊町４丁目,35.6060871,139.7219874, 荏原警察署 二葉町交番,,
窃盗,部品ねらい,荏原,二葉町交番,131091,東京都,品川区,豊町４丁目,2022/7/8,11,一戸建住宅,駐車（輪）場,その他,品川区豊町４丁目,35.6060871,139.7219874, 荏原警察署 二葉町交番,,
窃盗,部品ねらい,荏原,旗の台交番,131091,東京都,品川区,旗の台３丁目,2022/5/7,0,道路上,その他,その他,品川区旗の台３丁目,35.6052322,139.7059438, 荏原警察署 旗の台交番,35.6053369,139.7000221
窃盗,部品ねらい,荏原,旗の台交番,131091,東京都,品川区,旗の台５丁目,2022/7/2,17,駐車（輪）場,駐車（輪）場,その他,品川区旗の台５丁目,35.6032324,139.701266, 荏原警察署 旗の台交番,35.6053369,139.7000221
窃盗,部品ねらい,荏原,旗の台交番,131091,東京都,品川区,旗の台５丁目,2022/9/18,16,駐車（輪）場,駐車（輪）場,その他,品川区旗の台５丁目,35.6032324,139.701266, 荏原警察署 旗の台交番,35.6053369,139.7000221
窃盗,部品ねらい,荏原,武蔵小山交番,131091,東京都,品川区,小山５丁目,2022/4/12,12,駐車（輪）場,駐車（輪）場,その他,品川区小山５丁目,35.6164198,139.70173, 荏原警察署 武蔵小山交番,35.6196516,139.7029386
窃盗,部品ねらい,荏原,江戸見坂交番,131091,東京都,品川区,荏原５丁目,2022/4/12,8,その他の住宅（３階建て以下共同住宅等）,その他,その他,品川区荏原５丁目,35.6145163,139.7030175, 荏原警察署 江戸見坂交番,35.6122273,139.700573
窃盗,部品ねらい,荏原,江戸見坂交番,131091,東京都,品川区,小山５丁目,2022/4/9,21,その他の住宅（３階建て以下共同住宅等）,駐車（輪）場,その他,品川区小山５丁目,35.6164198,139.70173, 荏原警察署 江戸見坂交番,35.6122273,139.700573
窃盗,部品ねらい,荏原,江戸見坂交番,131091,東京都,品川区,小山５丁目,2022/10/21,19,４階建て以上共同住宅,駐車（輪）場,その他,品川区小山５丁目,35.6164198,139.70173, 荏原警察署 江戸見坂交番,35.6122273,139.700573
窃盗,部品ねらい,荏原,江戸見坂交番,131091,東京都,品川区,小山６丁目,2022/9/25,11,駐車（輪）場,駐車（輪）場,その他,品川区小山６丁目,35.614066,139.6986119, 荏原警察署 江戸見坂交番,35.6122273,139.700573
窃盗,部品ねらい,荏原,源氏前交番,131091,東京都,品川区,中延６丁目,2022/7/28,0,４階建て以上共同住宅,駐車（輪）場,その他,品川区中延６丁目,35.6023045,139.7117011, 荏原警察署 源氏前交番,35.6019323,139.7127704
窃盗,部品ねらい,荏原,源氏前交番,131091,東京都,品川区,旗の台３丁目,2022/8/29,23,４階建て以上共同住宅,その他,その他,品川区旗の台３丁目,35.6052322,139.7059438, 荏原警察署 源氏前交番,35.6019323,139.7127704
窃盗,部品ねらい,荏原,豊町交番,131091,東京都,品川区,東中延２丁目,2022/6/23,8,その他,駐車（輪）場,その他,品川区東中延２丁目,35.6077629,139.7132018, 荏原警察署 豊町交番,35.6065606,139.7180903
窃盗,部品ねらい,荏原,豊町交番,131091,東京都,品川区,二葉３丁目,2022/12/9,19,道路上,その他,その他,品川区二葉３丁目,35.6035072,139.7205859, 荏原警察署 豊町交番,35.6065606,139.7180903
窃盗,部品ねらい,荏原,豊町交番,131091,東京都,品川区,豊町６丁目,2022/4/11,10,その他の住宅（３階建て以下共同住宅等）,その他,その他,品川区豊町６丁目,35.6048975,139.7161407, 荏原警察署 豊町交番,35.6065606,139.7180903
窃盗,部品ねらい,大森,大森海岸交番,131113,東京都,大田区,大森東１丁目,2022/1/31,16,その他の住宅（３階建て以下共同住宅等）,駐車（輪）場,その他,大田区大森東１丁目,35.5764409,139.7387137, 大森警察署 大森海岸交番,35.5816547,139.7367127
窃盗,部品ねらい,大森,大森海岸交番,131113,東京都,大田区,大森東１丁目,2022/3/23,11,４階建て以上共同住宅,駐車（輪）場,その他,大田区大森東１丁目,35.5764409,139.7387137, 大森警察署 大森海岸交番,35.5816547,139.7367127
窃盗,部品ねらい,大森,大森海岸交番,131113,東京都,大田区,平和島１丁目,2022/11/18,22,その他,駐車（輪）場,その他,大田区平和島１丁目,35.5858778,139.7406596, 大森警察署 大森海岸交番,35.5816547,139.7367127
窃盗,部品ねらい,大森,大森西交番,131113,東京都,大田区,大森西２丁目,2022/5/12,11,一戸建住宅,その他,その他,大田区大森西２丁目,35.5772208,139.7308977, 大森警察署 大森西交番,35.56984625,139.7234714109598
窃盗,部品ねらい,大森,大森西交番,131113,東京都,大田区,大森西３丁目,2022/12/10,12,４階建て以上共同住宅,駐車（輪）場,タイヤ・ホイール,大田区大森西３丁目,35.5734358,139.7295043, 大森警察署 大森西交番,35.56984625,139.7234714109598
窃盗,部品ねらい,大森,大森西交番,131113,東京都,大田区,大森西６丁目,2022/4/23,15,道路上,その他,その他,大田区大森西６丁目,35.5686372,139.726869, 大森警察署 大森西交番,35.56984625,139.7234714109598
窃盗,部品ねらい,大森,大森駅前交番,131113,東京都,大田区,大森北１丁目,2022/7/10,7,駐車（輪）場,駐車（輪）場,その他,大田区大森北１丁目,35.5872258,139.7296974, 大森警察署 大森駅前交番,35.588659,139.7286341
窃盗,部品ねらい,大森,大森駅前交番,131113,東京都,大田区,大森北２丁目,2022/2/26,9,その他,駐車（輪）場,ナンバープレート,大田区大森北２丁目,35.5857142,139.7337918, 大森警察署 大森駅前交番,35.588659,139.7286341
窃盗,部品ねらい,大森,山王交番,131113,東京都,大田区,山王２丁目,2022/11/3,10,駐車（輪）場,駐車（輪）場,その他,大田区山王２丁目,35.5892009,139.7253817, 大森警察署 山王交番,35.59114,139.7261355
窃盗,部品ねらい,大森,春日橋交番,131113,東京都,大田区,中央３丁目,2022/5/2,10,一戸建住宅,駐車（輪）場,その他,大田区中央３丁目,35.5764388,139.7194849, 大森警察署 春日橋交番,35.5810944,139.7217032
窃盗,部品ねらい,大森,谷戸交番,131113,東京都,大田区,大森西３丁目,2022/5/12,8,４階建て以上共同住宅,その他,その他,大田区大森西３丁目,35.5734358,139.7295043, 大森警察署 谷戸交番,35.5689439,139.7297196
窃盗,部品ねらい,田園調布,丸子橋交番,131113,東京都,大田区,田園調布南,2022/6/5,18,４階建て以上共同住宅,駐車（輪）場,ナンバープレート,大田区田園調布南,35.5801473,139.6744359, 田園調布警察署 丸子橋交番,35.5860576,139.6699667
窃盗,部品ねらい,田園調布,多摩川台駐在所,131113,東京都,大田区,田園調布５丁目,2022/1/29,16,一戸建住宅,駐車（輪）場,ナンバープレート,大田区田園調布５丁目,35.5946733,139.6576747, 田園調布警察署 多摩川台駐在所,35.5957188,139.6610204
窃盗,部品ねらい,田園調布,大岡山駅前交番,131113,東京都,大田区,石川町１丁目,2022/12/7,15,その他,駐車（輪）場,その他,大田区石川町１丁目,35.6027101,139.6826152, 田園調布警察署 大岡山駅前交番,35.6074604,139.6853122
窃盗,部品ねらい,田園調布,洗足池交番,131113,東京都,大田区,上池台１丁目,2022/3/4,20,その他の住宅（３階建て以下共同住宅等）,その他,その他,大田区上池台１丁目,35.60102,139.698215, 田園調布警察署 洗足池交番,,
窃盗,部品ねらい,田園調布,洗足池交番,131113,東京都,大田区,上池台２丁目,2022/8/29,18,その他の住宅（３階建て以下共同住宅等）,駐車（輪）場,その他,大田区上池台２丁目,35.5990789,139.6938591, 田園調布警察署 洗足池交番,,
窃盗,部品ねらい,田園調布,洗足池交番,131113,東京都,大田区,上池台４丁目,2022/7/29,19,４階建て以上共同住宅,駐車（輪）場,その他,大田区上池台４丁目,35.5975774,139.7003996, 田園調布警察署 洗足池交番,,
窃盗,部品ねらい,田園調布,洗足池交番,131113,東京都,大田区,東雪谷２丁目,2022/3/31,10,道路上,その他,その他,大田区東雪谷２丁目,35.5966265,139.6860123, 田園調布警察署 洗足池交番,,
窃盗,部品ねらい,田園調布,道々橋交番,131113,東京都,大田区,仲池上２丁目,2022/5/22,20,４階建て以上共同住宅,駐車（輪）場,その他,大田区仲池上２丁目,35.5829646,139.7011815, 田園調布警察署 道々橋交番,35.5881248,139.6965528
窃盗,部品ねらい,田園調布,道々橋交番,131113,東京都,大田区,南雪谷５丁目,2022/12/8,20,その他,駐車（輪）場,その他,大田区南雪谷５丁目,35.5890722,139.6886127, 田園調布警察署 道々橋交番,35.5881248,139.6965528
窃盗,部品ねらい,田園調布,鵜の木駅前交番,131113,東京都,大田区,鵜の木２丁目,2022/2/12,16,４階建て以上共同住宅,駐車（輪）場,その他,大田区鵜の木２丁目,35.5739916,139.6781594, 田園調布警察署 鵜の木駅前交番,35.575387,139.681445
窃盗,部品ねらい,田園調布,鵜の木駅前交番,131113,東京都,大田区,南久が原２丁目,2022/9/15,23,一戸建住宅,その他,その他,大田区南久が原２丁目,35.5766275,139.6853994, 田園調布警察署 鵜の木駅前交番,35.575387,139.681445
窃盗,部品ねらい,蒲田,京急蒲田駅前交番,131113,東京都,大田区,蒲田２丁目,2022/6/18,21,その他の住宅（３階建て以下共同住宅等）,駐車（輪）場,その他,大田区蒲田２丁目,35.5665099,139.7255775, 蒲田警察署 京急蒲田駅前交番,35.5613565,139.7241575
窃盗,部品ねらい,蒲田,京急蒲田駅前交番,131113,東京都,大田区,東蒲田２丁目,2022/3/9,19,４階建て以上共同住宅,駐車（輪）場,その他,大田区東蒲田２丁目,35.5618091,139.7280009, 蒲田警察署 京急蒲田駅前交番,35.5613565,139.7241575
窃盗,部品ねらい,蒲田,京急蒲田駅前交番,131113,東京都,大田区,南蒲田１丁目,2022/10/4,10,その他,駐車（輪）場,その他,大田区南蒲田１丁目,35.5586703,139.7256392, 蒲田警察署 京急蒲田駅前交番,35.5613565,139.7241575
窃盗,部品ねらい,蒲田,京急蒲田駅前交番,131113,東京都,大田区,南蒲田１丁目,2022/10/5,14,駐車（輪）場,駐車（輪）場,その他,大田区南蒲田１丁目,35.5586703,139.7256392, 蒲田警察署 京急蒲田駅前交番,35.5613565,139.7241575
窃盗,部品ねらい,蒲田,北糀谷交番,131113,東京都,大田区,東糀谷１丁目,2022/6/28,13,駐車（輪）場,駐車（輪）場,その他,大田区東糀谷１丁目,35.5592201,139.740504, 蒲田警察署 北糀谷交番,35.5612656,139.7379121
窃盗,部品ねらい,蒲田,大鳥居交番,131113,東京都,大田区,羽田２丁目,2022/5/3,17,道路上,その他,その他,大田区羽田２丁目,35.5467522,139.7422622, 蒲田警察署 大鳥居交番,35.55216325,139.74082654388621
窃盗,部品ねらい,蒲田,大鳥居交番,131113,東京都,大田区,羽田４丁目,2021/12/29,18,４階建て以上共同住宅,駐車（輪）場,その他,大田区羽田４丁目,35.550006,139.7469762, 蒲田警察署 大鳥居交番,35.55216325,139.74082654388621
窃盗,部品ねらい,蒲田,大鳥居交番,131113,東京都,大田区,東糀谷３丁目,2022/5/19,9,その他,その他,その他,大田区東糀谷３丁目,35.5529815,139.7431406, 蒲田警察署 大鳥居交番,35.55216325,139.74082654388621
窃盗,部品ねらい,蒲田,日の出通交番,131113,東京都,大田区,南蒲田２丁目,2022/6/3,18,４階建て以上共同住宅,駐車（輪）場,タイヤ・ホイール,大田区南蒲田２丁目,35.5554299,139.723016, 蒲田警察署 日の出通交番,,
窃盗,部品ねらい,蒲田,本羽田交番,131113,東京都,大田区,萩中１丁目,2022/9/27,23,４階建て以上共同住宅,駐車（輪）場,その他,大田区萩中１丁目,35.55121455,139.7259028782741, 蒲田警察署 本羽田交番,35.5482983,139.7297345
窃盗,部品ねらい,蒲田,本羽田交番,131113,東京都,大田区,本羽田２丁目,2022/8/31,14,その他の住宅（３階建て以下共同住宅等）,その他,その他,大田区本羽田２丁目,35.54532475,139.73190075082107, 蒲田警察署 本羽田交番,35.5482983,139.7297345
窃盗,部品ねらい,蒲田,東六郷交番,131113,東京都,大田区,南六郷２丁目,2022/6/30,3,４階建て以上共同住宅,駐車（輪）場,ナンバープレート,大田区南六郷２丁目,35.5450085,139.7207683, 蒲田警察署 東六郷交番,35.5456479,139.7131334
窃盗,部品ねらい,蒲田,東六郷交番,131113,東京都,大田区,南六郷２丁目,2022/8/1,不明,４階建て以上共同住宅,駐車（輪）場,ナンバープレート,大田区南六郷２丁目,35.5450085,139.7207683, 蒲田警察署 東六郷交番,35.5456479,139.7131334
窃盗,部品ねらい,蒲田,東六郷交番,131113,東京都,大田区,南六郷２丁目,2022/8/20,15,４階建て以上共同住宅,駐車（輪）場,ナンバープレート,大田区南六郷２丁目,35.5450085,139.7207683, 蒲田警察署 東六郷交番,35.5456479,139.7131334
窃盗,部品ねらい,蒲田,東六郷交番,131113,東京都,大田区,南六郷２丁目,2022/8/30,16,道路上,その他,ナンバープレート,大田区南六郷２丁目,35.5450085,139.7207683, 蒲田警察署 東六郷交番,35.5456479,139.7131334
窃盗,部品ねらい,蒲田,蒲田駅東口交番,131113,東京都,大田区,蒲田５丁目,2022/12/24,15,４階建て以上共同住宅,駐車（輪）場,その他,大田区蒲田５丁目,35.5618058,139.7189189, 蒲田警察署 蒲田駅東口交番,35.562722,139.716692
窃盗,部品ねらい,蒲田,蒲田駅西口交番,131113,東京都,大田区,西蒲田５丁目,2022/3/2,9,その他,駐車（輪）場,その他,大田区西蒲田５丁目,35.5657823,139.7152604, 蒲田警察署 蒲田駅西口交番,35.562417,139.715525
窃盗,部品ねらい,蒲田,蒲田駅西口交番,131113,東京都,大田区,西蒲田５丁目,2022/4/23,7,駐車（輪）場,駐車（輪）場,その他,大田区西蒲田５丁目,35.5657823,139.7152604, 蒲田警察署 蒲田駅西口交番,35.562417,139.715525
窃盗,部品ねらい,蒲田,蒲田駅西口交番,131113,東京都,大田区,西蒲田７丁目,2022/1/11,10,その他,その他,その他,大田区西蒲田７丁目,35.5629644,139.7128102, 蒲田警察署 蒲田駅西口交番,35.562417,139.715525
窃盗,部品ねらい,蒲田,蒲田駅西口交番,131113,東京都,大田区,西蒲田７丁目,2022/5/14,11,その他,駐車（輪）場,その他,大田区西蒲田７丁目,35.5629644,139.7128102, 蒲田警察署 蒲田駅西口交番,35.562417,139.715525
窃盗,部品ねらい,蒲田,蒲田駅西口交番,131113,東京都,大田区,西蒲田８丁目,2022/4/19,7,駐車（輪）場,駐車（輪）場,その他,大田区西蒲田８丁目,35.5605097,139.7124857, 蒲田警察署 蒲田駅西口交番,35.562417,139.715525
窃盗,部品ねらい,蒲田,西六郷交番,131113,東京都,大田区,西六郷１丁目,2021/12/29,15,４階建て以上共同住宅,その他,ナンバープレート,大田区西六郷１丁目,35.5540846,139.7081995, 蒲田警察署 西六郷交番,35.5493615,139.7070035
窃盗,部品ねらい,蒲田,西六郷交番,131113,東京都,大田区,西六郷１丁目,2022/3/21,不明,駐車（輪）場,駐車（輪）場,その他,大田区西六郷１丁目,35.5540846,139.7081995, 蒲田警察署 西六郷交番,35.5493615,139.7070035
窃盗,部品ねらい,蒲田,西六郷交番,131113,東京都,大田区,西六郷１丁目,2022/5/10,18,一戸建住宅,その他,その他,大田区西六郷１丁目,35.5540846,139.7081995, 蒲田警察署 西六郷交番,35.5493615,139.7070035
窃盗,部品ねらい,蒲田,西六郷交番,131113,東京都,大田区,西六郷１丁目,2022/11/5,17,一戸建住宅,その他,その他,大田区西六郷１丁目,35.5540846,139.7081995, 蒲田警察署 西六郷交番,35.5493615,139.7070035
窃盗,部品ねらい,蒲田,西六郷交番,131113,東京都,大田区,西六郷２丁目,2022/5/9,17,その他,駐車（輪）場,その他,大田区西六郷２丁目,35.5497933,139.7072969, 蒲田警察署 西六郷交番,35.5493615,139.7070035
窃盗,部品ねらい,蒲田,西六郷交番,131113,東京都,大田区,西六郷２丁目,2022/7/3,16,その他の住宅（３階建て以下共同住宅等）,その他,その他,大田区西六郷２丁目,35.5497933,139.7072969, 蒲田警察署 西六郷交番,35.5493615,139.7070035
窃盗,部品ねらい,蒲田,西六郷交番,131113,東京都,大田区,西六郷２丁目,2022/8/14,19,一戸建住宅,駐車（輪）場,その他,大田区西六郷２丁目,35.5497933,139.7072969, 蒲田警察署 西六郷交番,35.5493615,139.7070035
窃盗,部品ねらい,蒲田,西六郷交番,131113,東京都,大田区,西六郷２丁目,2022/11/2,10,その他,その他,その他,大田区西六郷２丁目,35.5497933,139.7072969, 蒲田警察署 西六郷交番,35.5493615,139.7070035
窃盗,部品ねらい,蒲田,西六郷交番,131113,東京都,大田区,西六郷４丁目,2022/5/25,10,その他の住宅（３階建て以下共同住宅等）,駐車（輪）場,その他,大田区西六郷４丁目,35.5438752,139.7049691, 蒲田警察署 西六郷交番,35.5493615,139.7070035
窃盗,部品ねらい,蒲田,西六郷交番,131113,東京都,大田区,西六郷４丁目,2022/10/22,10,その他の住宅（３階建て以下共同住宅等）,駐車（輪）場,その他,大田区西六郷４丁目,35.5438752,139.7049691, 蒲田警察署 西六郷交番,35.5493615,139.7070035
窃盗,部品ねらい,蒲田,西六郷交番,131113,東京都,大田区,西六郷４丁目,2022/10/24,12,その他の住宅（３階建て以下共同住宅等）,駐車（輪）場,その他,大田区西六郷４丁目,35.5438752,139.7049691, 蒲田警察署 西六郷交番,35.5493615,139.7070035
窃盗,部品ねらい,蒲田,雑色交番,131113,東京都,大田区,仲六郷２丁目,2022/5/25,15,道路上,その他,その他,大田区仲六郷２丁目,35.5506444,139.7138462, 蒲田警察署 雑色交番,35.5489801,139.7156342
窃盗,部品ねらい,蒲田,雑色交番,131113,東京都,大田区,仲六郷２丁目,2022/6/8,1,一戸建住宅,その他,ナンバープレート,大田区仲六郷２丁目,35.5506444,139.7138462, 蒲田警察署 雑色交番,35.5489801,139.7156342
窃盗,部品ねらい,蒲田,雑色交番,131113,東京都,大田区,仲六郷２丁目,2022/6/14,10,その他,駐車（輪）場,その他,大田区仲六郷２丁目,35.5506444,139.7138462, 蒲田警察署 雑色交番,35.5489801,139.7156342
窃盗,部品ねらい,蒲田,雑色交番,131113,東京都,大田区,東六郷２丁目,2021/12/25,14,４階建て以上共同住宅,駐車（輪）場,その他,大田区東六郷２丁目,35.5488222,139.7174706, 蒲田警察署 雑色交番,35.5489801,139.7156342
窃盗,部品ねらい,蒲田,雑色交番,131113,東京都,大田区,東六郷２丁目,2022/3/30,11,その他,駐車（輪）場,その他,大田区東六郷２丁目,35.5488222,139.7174706, 蒲田警察署 雑色交番,35.5489801,139.7156342
窃盗,部品ねらい,蒲田,雑色交番,131113,東京都,大田区,東六郷２丁目,2022/9/12,13,４階建て以上共同住宅,その他,その他,大田区東六郷２丁目,35.5488222,139.7174706, 蒲田警察署 雑色交番,35.5489801,139.7156342
窃盗,部品ねらい,蒲田,雑色交番,131113,東京都,大田区,東六郷２丁目,2022/9/15,10,その他,駐車（輪）場,その他,大田区東六郷２丁目,35.5488222,139.7174706, 蒲田警察署 雑色交番,35.5489801,139.7156342
窃盗,部品ねらい,池上,ガス橋交番,131113,東京都,大田区,下丸子２丁目,2021/12/28,21,４階建て以上共同住宅,駐車（輪）場,その他,大田区下丸子２丁目,35.5634357,139.6843654, 池上警察署 ガス橋交番,,
窃盗,部品ねらい,池上,ガス橋交番,131113,東京都,大田区,矢口２丁目,2022/7/2,21,４階建て以上共同住宅,駐車（輪）場,ナンバープレート,大田区矢口２丁目,35.5628837,139.6932717, 池上警察署 ガス橋交番,,
窃盗,部品ねらい,池上,三本松交番,131113,東京都,大田区,北馬込１丁目,2022/8/5,18,４階建て以上共同住宅,駐車（輪）場,その他,大田区北馬込１丁目,35.5998608,139.705697, 池上警察署 三本松交番,,
窃盗,部品ねらい,池上,千鳥交番,131113,東京都,大田区,多摩川１丁目,2022/5/31,17,駐車（輪）場,駐車（輪）場,その他,大田区多摩川１丁目,35.5631128,139.6994367, 池上警察署 千鳥交番,35.5711779,139.6892565
窃盗,部品ねらい,池上,千鳥交番,131113,東京都,大田区,千鳥２丁目,2022/8/25,13,その他,駐車（輪）場,その他,大田区千鳥２丁目,35.5690004,139.6941407, 池上警察署 千鳥交番,35.5711779,139.6892565
窃盗,部品ねらい,池上,千鳥交番,131113,東京都,大田区,千鳥３丁目,2022/11/7,19,一戸建住宅,その他,その他,大田区千鳥３丁目,35.5722005,139.6888581, 池上警察署 千鳥交番,35.5711779,139.6892565
窃盗,部品ねらい,池上,千鳥交番,131113,東京都,大田区,東矢口２丁目,2022/3/13,12,道路上,その他,その他,大田区東矢口２丁目,35.5648015,139.7009602, 池上警察署 千鳥交番,35.5711779,139.6892565
窃盗,部品ねらい,池上,南馬込交番,131113,東京都,大田区,南馬込６丁目,2022/10/10,10,その他の住宅（３階建て以下共同住宅等）,駐車（輪）場,ナンバープレート,大田区南馬込６丁目,35.5833845,139.708457, 池上警察署 南馬込交番,35.5872526,139.7140689
窃盗,部品ねらい,池上,市野倉交番,131113,東京都,大田区,中央６丁目,2022/9/5,22,道路上,その他,その他,大田区中央６丁目,35.5778655,139.7129966, 池上警察署 市野倉交番,35.579239799999996,139.71330022233897
窃盗,部品ねらい,池上,蓮沼交番,131113,東京都,大田区,新蒲田２丁目,2022/2/23,18,一戸建住宅,駐車（輪）場,ナンバープレート,大田区新蒲田２丁目,35.5604388,139.70541, 池上警察署 蓮沼交番,35.564591,139.7087723
窃盗,部品ねらい,池上,蓮沼交番,131113,東京都,大田区,東矢口１丁目,2022/11/24,19,駐車（輪）場,駐車（輪）場,ナンバープレート,大田区東矢口１丁目,35.565647,139.7054315, 池上警察署 蓮沼交番,35.564591,139.7087723
窃盗,部品ねらい,池上,西馬込交番,131113,東京都,大田区,南馬込５丁目,2022/10/25,0,道路上,その他,その他,大田区南馬込５丁目,35.5884495,139.7094306, 池上警察署 西馬込交番,35.5869344,139.7057815
窃盗,部品ねらい,世田谷,三宿交番,131121,東京都,世田谷区,池尻４丁目,2022/10/27,12,４階建て以上共同住宅,駐車（輪）場,タイヤ・ホイール,世田谷区池尻４丁目,35.6536915,139.6799666, 世田谷警察署 三宿交番,35.6451493,139.6792414
窃盗,部品ねらい,世田谷,三宿交番,131121,東京都,世田谷区,池尻４丁目,2022/11/27,8,その他の住宅（３階建て以下共同住宅等）,駐車（輪）場,タイヤ・ホイール,世田谷区池尻４丁目,35.6536915,139.6799666, 世田谷警察署 三宿交番,35.6451493,139.6792414
窃盗,部品ねらい,世田谷,上馬交番,131121,東京都,世田谷区,上馬１丁目,2022/8/9,22,４階建て以上共同住宅,駐車（輪）場,タイヤ・ホイール,世田谷区上馬１丁目,35.6372024,139.6681541, 世田谷警察署 上馬交番,35.635029,139.66364
窃盗,部品ねらい,世田谷,桜丘交番,131121,東京都,世田谷区,桜丘４丁目,2022/1/5,8,駐車（輪）場,駐車（輪）場,ナンバープレート,世田谷区桜丘４丁目,35.6401779,139.6224171, 世田谷警察署 桜丘交番,35.6455607,139.6225515
窃盗,部品ねらい,北沢,下北沢交番,131121,東京都,世田谷区,北沢３丁目,2022/6/2,17,４階建て以上共同住宅,その他,その他,世田谷区北沢３丁目,35.665148,139.6691009, 北沢警察署 下北沢交番,35.6628362,139.66954865
窃盗,部品ねらい,北沢,下北沢交番,131121,東京都,世田谷区,北沢５丁目,2022/6/3,20,一戸建住宅,その他,ナンバープレート,世田谷区北沢５丁目,35.6704704,139.6695837, 北沢警察署 下北沢交番,35.6628362,139.66954865
窃盗,部品ねらい,北沢,経堂駅前交番,131121,東京都,世田谷区,経堂１丁目,2022/4/9,16,一戸建住宅,駐車（輪）場,その他,世田谷区経堂１丁目,35.649472,139.6359193, 北沢警察署 経堂駅前交番,35.651571,139.637223
窃盗,部品ねらい,北沢,経堂駅前交番,131121,東京都,世田谷区,経堂４丁目,2022/8/9,16,その他の住宅（３階建て以下共同住宅等）,駐車（輪）場,その他,世田谷区経堂４丁目,35.648657,139.6268946, 北沢警察署 経堂駅前交番,35.651571,139.637223
窃盗,部品ねらい,北沢,経堂駅前交番,131121,東京都,世田谷区,宮坂２丁目,2022/3/20,17,一戸建住宅,その他,その他,世田谷区宮坂２丁目,35.6522444,139.6437165, 北沢警察署 経堂駅前交番,35.651571,139.637223
窃盗,部品ねらい,北沢,羽根木交番,131121,東京都,世田谷区,大原２丁目,2022/2/20,15,一戸建住宅,駐車（輪）場,ナンバープレート,世田谷区大原２丁目,35.6697437,139.6591204, 北沢警察署 羽根木交番,35.6665758,139.658911
窃盗,部品ねらい,北沢,赤堤交番,131121,東京都,世田谷区,松原６丁目,2022/12/5,12,その他の住宅（３階建て以下共同住宅等）,その他,その他,世田谷区松原６丁目,35.6586006,139.6516518, 北沢警察署 赤堤交番,35.6571544,139.6423805
窃盗,部品ねらい,玉川,上野毛交番,131121,東京都,世田谷区,上野毛１丁目,2022/7/20,18,駐車（輪）場,駐車（輪）場,その他,世田谷区上野毛１丁目,35.6111571,139.6398287, 玉川警察署 上野毛交番,35.6121887,139.6383048
窃盗,部品ねらい,玉川,二子玉川交番,131121,東京都,世田谷区,上野毛２丁目,2022/7/8,12,４階建て以上共同住宅,駐車（輪）場,ナンバープレート,世田谷区上野毛２丁目,35.6082569,139.6369211, 玉川警察署 二子玉川交番,,
窃盗,部品ねらい,玉川,二子玉川交番,131121,東京都,世田谷区,玉川４丁目,2022/3/25,12,４階建て以上共同住宅,駐車（輪）場,その他,世田谷区玉川４丁目,35.6178862,139.6240371, 玉川警察署 二子玉川交番,,
窃盗,部品ねらい,玉川,奥沢駅前交番,131121,東京都,世田谷区,奥沢５丁目,2022/4/18,6,駐車（輪）場,駐車（輪）場,その他,世田谷区奥沢５丁目,35.6044548,139.6688247, 玉川警察署 奥沢駅前交番,35.6040197,139.6718851
窃盗,部品ねらい,玉川,尾山台駐在所,131121,東京都,世田谷区,玉堤１丁目,2022/3/14,19,駐車（輪）場,駐車（輪）場,その他,世田谷区玉堤１丁目,35.5949972,139.65168, 玉川警察署 尾山台駐在所,35.602188,139.651584
窃盗,部品ねらい,玉川,深沢交番,131121,東京都,世田谷区,深沢２丁目,2022/3/7,12,一戸建住宅,駐車（輪）場,タイヤ・ホイール,世田谷区深沢２丁目,35.6211153,139.6628863, 玉川警察署 深沢交番,35.620908,139.653389
窃盗,部品ねらい,玉川,深沢交番,131121,東京都,世田谷区,深沢６丁目,2022/4/6,22,その他,駐車（輪）場,ナンバープレート,世田谷区深沢６丁目,35.623385,139.6523291, 玉川警察署 深沢交番,35.620908,139.653389
窃盗,部品ねらい,玉川,用賀交番,131121,東京都,世田谷区,上用賀１丁目,2022/6/3,22,４階建て以上共同住宅,駐車（輪）場,タイヤ・ホイール,世田谷区上用賀１丁目,35.6336185,139.6352729, 玉川警察署 用賀交番,35.626657,139.633891
窃盗,部品ねらい,玉川,用賀交番,131121,東京都,世田谷区,上用賀３丁目,2022/4/8,16,４階建て以上共同住宅,駐車（輪）場,その他,世田谷区上用賀３丁目,35.6321601,139.6310082, 玉川警察署 用賀交番,35.626657,139.633891
窃盗,部品ねらい,玉川,用賀交番,131121,東京都,世田谷区,上用賀５丁目,2022/10/2,17,その他,駐車（輪）場,ナンバープレート,世田谷区上用賀５丁目,35.6298296,139.6275777, 玉川警察署 用賀交番,35.626657,139.633891
窃盗,部品ねらい,玉川,用賀交番,131121,東京都,世田谷区,用賀２丁目,2022/4/9,19,４階建て以上共同住宅,駐車（輪）場,その他,世田谷区用賀２丁目,35.6271873,139.6381777, 玉川警察署 用賀交番,35.626657,139.633891
窃盗,部品ねらい,玉川,用賀交番,131121,東京都,世田谷区,用賀２丁目,2022/8/29,12,４階建て以上共同住宅,駐車（輪）場,その他,世田谷区用賀２丁目,35.6271873,139.6381777, 玉川警察署 用賀交番,35.626657,139.633891
窃盗,部品ねらい,玉川,等々力不動前駐在所,131121,東京都,世田谷区,等々力１丁目,2022/4/6,0,一戸建住宅,その他,その他,世田谷区等々力１丁目,35.6025684,139.6489656, 玉川警察署 等々力不動前駐在所,35.60425,139.6477784
窃盗,部品ねらい,玉川,等々力不動前駐在所,131121,東京都,世田谷区,野毛１丁目,2022/2/4,15,その他の住宅（３階建て以下共同住宅等）,その他,タイヤ・ホイール,世田谷区野毛１丁目,35.6023448,139.6444809, 玉川警察署 等々力不動前駐在所,35.60425,139.6477784
窃盗,部品ねらい,成城,千歳台交番,131121,東京都,世田谷区,千歳台４丁目,2022/4/8,11,一戸建住宅,その他,その他,世田谷区千歳台４丁目,35.6566076,139.6138018, 成城警察署 千歳台交番,35.658237,139.6092004
窃盗,部品ねらい,成城,喜多見駅前交番,131121,東京都,世田谷区,喜多見９丁目,2022/8/16,15,その他,駐車（輪）場,その他,世田谷区喜多見９丁目,35.6404656,139.5876946, 成城警察署 喜多見駅前交番,35.6371041,139.5878089
窃盗,部品ねらい,成城,大蔵二丁目交番,131121,東京都,世田谷区,大蔵３丁目,2022/4/9,20,その他の住宅（３階建て以下共同住宅等）,駐車（輪）場,その他,世田谷区大蔵３丁目,35.6326266,139.6089309, 成城警察署 大蔵二丁目交番,,
窃盗,部品ねらい,成城,大蔵二丁目交番,131121,東京都,世田谷区,大蔵３丁目,2022/4/10,11,４階建て以上共同住宅,駐車（輪）場,その他,世田谷区大蔵３丁目,35.6326266,139.6089309, 成城警察署 大蔵二丁目交番,,
窃盗,部品ねらい,成城,成城交番,131121,東京都,世田谷区,成城８丁目,2022/3/2,21,４階建て以上共同住宅,駐車（輪）場,ナンバープレート,世田谷区成城８丁目,35.6473447,139.5944349, 成城警察署 成城交番,35.64046,139.599171
窃盗,部品ねらい,成城,烏山交番,131121,東京都,世田谷区,北烏山１丁目,2022/12/9,17,一戸建住宅,その他,その他,世田谷区北烏山１丁目,35.6764918,139.6049318, 成城警察署 烏山交番,35.6698295,139.60069322686184
窃盗,部品ねらい,成城,給田交番,131121,東京都,世田谷区,上祖師谷１丁目,2022/6/14,4,駐車（輪）場,駐車（輪）場,ナンバープレート,世田谷区上祖師谷１丁目,35.6633502,139.6007019, 成城警察署 給田交番,35.6681445,139.5925523
窃盗,部品ねらい,成城,船橋交番,131121,東京都,世田谷区,桜上水２丁目,2022/3/17,19,その他,駐車（輪）場,その他,世田谷区桜上水２丁目,35.6597785,139.628208, 成城警察署 船橋交番,35.6569345,139.6230995
窃盗,部品ねらい,成城,鎌田駐在所,131121,東京都,世田谷区,鎌田２丁目,2022/9/3,16,駐車（輪）場,駐車（輪）場,ナンバープレート,世田谷区鎌田２丁目,35.6182165,139.6111585, 成城警察署 鎌田駐在所,35.62088,139.612393
窃盗,部品ねらい,目黒,下目黒交番,131105,東京都,目黒区,目黒３丁目,2022/8/3,21,道路上,その他,ナンバープレート,目黒区目黒３丁目,35.6338779,139.7057372, 目黒警察署 下目黒交番,35.6338256,139.7111264
窃盗,部品ねらい,目黒,中目黒駅前交番,131105,東京都,目黒区,上目黒２丁目,2022/10/31,10,その他,駐車（輪）場,その他,目黒区上目黒２丁目,35.641125,139.6970053, 目黒警察署 中目黒駅前交番,35.6437034,139.7002033
窃盗,部品ねらい,目黒,宿山交番,131105,東京都,目黒区,上目黒３丁目,2022/1/2,10,駐車（輪）場,駐車（輪）場,その他,目黒区上目黒３丁目,35.6441592,139.6950848, 目黒警察署 宿山交番,35.6447811,139.6899532
窃盗,部品ねらい,目黒,祐天寺駅前交番,131105,東京都,目黒区,祐天寺１丁目,2022/10/13,16,その他の住宅（３階建て以下共同住宅等）,駐車（輪）場,その他,目黒区祐天寺１丁目,35.6390454,139.6942319, 目黒警察署 祐天寺駅前交番,35.637574,139.691274
窃盗,部品ねらい,碑文谷,原町交番,131105,東京都,目黒区,南２丁目,2022/9/13,20,その他の住宅（３階建て以下共同住宅等）,駐車（輪）場,その他,目黒区南２丁目,35.615588,139.6862188, 碑文谷警察署 原町交番,35.6151235,139.6915039
窃盗,部品ねらい,碑文谷,学芸大学駅前交番,131105,東京都,目黒区,鷹番２丁目,2022/11/8,6,駐車（輪）場,駐車（輪）場,その他,目黒区鷹番２丁目,35.6289772,139.6878804, 碑文谷警察署 学芸大学駅前交番,35.6288802,139.6852299
窃盗,部品ねらい,碑文谷,本町二丁目交番,131105,東京都,目黒区,中央町１丁目,2022/6/16,10,４階建て以上共同住宅,駐車（輪）場,ナンバープレート,目黒区中央町１丁目,35.6288137,139.6926802, 碑文谷警察署 本町二丁目交番,35.627492,139.693219
窃盗,部品ねらい,碑文谷,本町二丁目交番,131105,東京都,目黒区,目黒本町４丁目,2019/9/4,16,４階建て以上共同住宅,駐車（輪）場,その他,目黒区目黒本町４丁目,35.6228879,139.6961778, 碑文谷警察署 本町二丁目交番,35.627492,139.693219
窃盗,部品ねらい,碑文谷,本町六丁目交番,131105,東京都,目黒区,目黒本町６丁目,2022/6/16,9,４階建て以上共同住宅,駐車（輪）場,その他,目黒区目黒本町６丁目,35.6202759,139.6952887, 碑文谷警察署 本町六丁目交番,35.6206182,139.6931488
窃盗,部品ねらい,碑文谷,柿の木坂交番,131105,東京都,目黒区,八雲２丁目,2022/12/22,17,道路上,その他,その他,目黒区八雲２丁目,35.6182143,139.6704528, 碑文谷警察署 柿の木坂交番,35.6260088,139.6703183
窃盗,部品ねらい,碑文谷,都立大学駅前交番,131105,東京都,目黒区,中根１丁目,2022/1/27,10,駐車（輪）場,駐車（輪）場,その他,目黒区中根１丁目,35.6160481,139.6732557, 碑文谷警察署 都立大学駅前交番,35.617937,139.675582
窃盗,部品ねらい,渋谷,宇田川交番,131130,東京都,渋谷区,宇田川町,2022/3/5,16,その他,駐車（輪）場,ナンバープレート,渋谷区宇田川町,35.6620752,139.6974957, 渋谷警察署 宇田川交番,,
窃盗,部品ねらい,渋谷,宇田川交番,131130,東京都,渋谷区,渋谷１丁目,2022/6/23,8,駐車（輪）場,駐車（輪）場,その他,渋谷区渋谷１丁目,35.6618126,139.7050733, 渋谷警察署 宇田川交番,,
窃盗,部品ねらい,渋谷,宇田川交番,131130,東京都,渋谷区,神南１丁目,2022/10/9,7,駐車（輪）場,駐車（輪）場,その他,渋谷区神南１丁目,35.6630604,139.7008824, 渋谷警察署 宇田川交番,,
窃盗,部品ねらい,渋谷,恵比寿駅前交番,131130,東京都,渋谷区,恵比寿４丁目,2022/12/27,17,駐車（輪）場,駐車（輪）場,その他,渋谷区恵比寿４丁目,35.6449777,139.7139662, 渋谷警察署 恵比寿駅前交番,35.6475396,139.70942886236617
窃盗,部品ねらい,渋谷,渋谷駅前交番,131130,東京都,渋谷区,渋谷１丁目,2022/5/24,6,駐車（輪）場,駐車（輪）場,その他,渋谷区渋谷１丁目,35.6618126,139.7050733, 渋谷警察署 渋谷駅前交番,35.6593164,139.7010358
窃盗,部品ねらい,渋谷,渋谷駅前交番,131130,東京都,渋谷区,渋谷１丁目,2022/9/22,18,その他,駐車（輪）場,その他,渋谷区渋谷１丁目,35.6618126,139.7050733, 渋谷警察署 渋谷駅前交番,35.6593164,139.7010358
窃盗,部品ねらい,渋谷,道玄坂上交番,131130,東京都,渋谷区,神泉町,2022/2/21,14,道路上,その他,その他,渋谷区神泉町,35.6563738,139.6925133, 渋谷警察署 道玄坂上交番,,
窃盗,部品ねらい,原宿,代々木駅前交番,131130,東京都,渋谷区,代々木１丁目,2022/10/23,21,４階建て以上共同住宅,その他,ナンバープレート,渋谷区代々木１丁目,35.6818994,139.7004533, 原宿警察署 代々木駅前交番,35.6827276,139.7019822
窃盗,部品ねらい,原宿,千駄ケ谷駅前交番,131130,東京都,渋谷区,神宮前２丁目,2022/6/11,9,駐車（輪）場,駐車（輪）場,ナンバープレート,渋谷区神宮前２丁目,35.6738205,139.7124763, 原宿警察署 千駄ケ谷駅前交番,35.6807943,139.7117726
窃盗,部品ねらい,原宿,千駄ケ谷駅前交番,131130,東京都,渋谷区,千駄ヶ谷１丁目,2022/6/6,19,駐車（輪）場,駐車（輪）場,ナンバープレート,渋谷区千駄ヶ谷１丁目,35.6792567,139.7113377, 原宿警察署 千駄ケ谷駅前交番,35.6807943,139.7117726
窃盗,部品ねらい,原宿,神宮前交番,131130,東京都,渋谷区,神宮前３丁目,2022/2/23,16,４階建て以上共同住宅,駐車（輪）場,その他,渋谷区神宮前３丁目,35.6704333,139.7107597, 原宿警察署 神宮前交番,35.6679213,139.7071328
窃盗,部品ねらい,原宿,神宮前交番,131130,東京都,渋谷区,神宮前３丁目,2022/2/23,16,４階建て以上共同住宅,駐車（輪）場,その他,渋谷区神宮前３丁目,35.6704333,139.7107597, 原宿警察署 神宮前交番,35.6679213,139.7071328
窃盗,部品ねらい,原宿,神宮前交番,131130,東京都,渋谷区,神宮前３丁目,2022/2/23,18,４階建て以上共同住宅,駐車（輪）場,その他,渋谷区神宮前３丁目,35.6704333,139.7107597, 原宿警察署 神宮前交番,35.6679213,139.7071328
窃盗,部品ねらい,代々木,不動前交番,131130,東京都,渋谷区,本町４丁目,2022/11/1,9,駐車（輪）場,駐車（輪）場,ナンバープレート,渋谷区本町４丁目,35.6868754,139.6804024, 代々木警察署 不動前交番,35.682957,139.680246
窃盗,部品ねらい,代々木,不動前交番,131130,東京都,渋谷区,本町５丁目,2022/8/15,0,４階建て以上共同住宅,駐車（輪）場,ナンバープレート,渋谷区本町５丁目,35.6839757,139.6764904, 代々木警察署 不動前交番,35.682957,139.680246
窃盗,部品ねらい,代々木,初台二丁目交番,131130,東京都,渋谷区,代々木５丁目,2022/2/25,11,その他,駐車（輪）場,その他,渋谷区代々木５丁目,35.673692,139.6901053, 代々木警察署 初台二丁目交番,35.6742961,139.6875148
窃盗,部品ねらい,代々木,初台駅前交番,131130,東京都,渋谷区,代々木４丁目,2022/6/5,12,その他の住宅（３階建て以下共同住宅等）,駐車（輪）場,ナンバープレート,渋谷区代々木４丁目,35.6807099,139.6914116, 代々木警察署 初台駅前交番,35.6812932,139.6861028
窃盗,部品ねらい,代々木,初台駅前交番,131130,東京都,渋谷区,代々木４丁目,2022/6/7,14,駐車（輪）場,駐車（輪）場,ナンバープレート,渋谷区代々木４丁目,35.6807099,139.6914116, 代々木警察署 初台駅前交番,35.6812932,139.6861028
窃盗,部品ねらい,代々木,幡ケ谷駅前交番,131130,東京都,渋谷区,幡ヶ谷２丁目,2022/3/7,16,４階建て以上共同住宅,駐車（輪）場,その他,渋谷区幡ヶ谷２丁目,35.6778666,139.6754497, 代々木警察署 幡ケ谷駅前交番,35.676374,139.674802
窃盗,部品ねらい,代々木,幡ケ谷駅前交番,131130,東京都,渋谷区,幡ヶ谷２丁目,2022/7/11,16,４階建て以上共同住宅,駐車（輪）場,ナンバープレート,渋谷区幡ヶ谷２丁目,35.6778666,139.6754497, 代々木警察署 幡ケ谷駅前交番,35.676374,139.674802
窃盗,部品ねらい,代々木,清水橋交番,131130,東京都,渋谷区,本町４丁目,2022/6/28,17,４階建て以上共同住宅,駐車（輪）場,ナンバープレート,渋谷区本町４丁目,35.6868754,139.6804024, 代々木警察署 清水橋交番,35.6888569,139.6826734
窃盗,部品ねらい,代々木,清水橋交番,131130,東京都,渋谷区,本町４丁目,2022/10/18,18,一戸建住宅,その他,ナンバープレート,渋谷区本町４丁目,35.6868754,139.6804024, 代々木警察署 清水橋交番,35.6888569,139.6826734
窃盗,部品ねらい,代々木,笹塚交番,131130,東京都,渋谷区,笹塚３丁目,2022/8/17,20,その他の住宅（３階建て以下共同住宅等）,その他,ナンバープレート,渋谷区笹塚３丁目,35.6776879,139.6685672, 代々木警察署 笹塚交番,35.6746433,139.6673055
窃盗,部品ねらい,牛込,八幡前交番,131041,東京都,新宿区,市谷砂土原町２丁目,2022/12/4,5,４階建て以上共同住宅,その他,その他,新宿区市谷砂土原町２丁目,35.6956472,139.7356197, 牛込警察署 八幡前交番,,
窃盗,部品ねらい,牛込,八幡前交番,131041,東京都,新宿区,市谷砂土原町３丁目,2022/9/13,20,４階建て以上共同住宅,その他,その他,新宿区市谷砂土原町３丁目,35.6973033,139.7372554, 牛込警察署 八幡前交番,,
窃盗,部品ねらい,牛込,河田町交番,131041,東京都,新宿区,戸山２丁目,2022/2/3,16,４階建て以上共同住宅,その他,その他,新宿区戸山２丁目,35.7027281,139.7124629, 牛込警察署 河田町交番,35.6987267,139.7173304
窃盗,部品ねらい,牛込,河田町交番,131041,東京都,新宿区,戸山２丁目,2022/2/22,12,４階建て以上共同住宅,駐車（輪）場,その他,新宿区戸山２丁目,35.7027281,139.7124629, 牛込警察署 河田町交番,35.6987267,139.7173304
窃盗,部品ねらい,牛込,河田町交番,131041,東京都,新宿区,戸山２丁目,2022/9/17,20,４階建て以上共同住宅,駐車（輪）場,ナンバープレート,新宿区戸山２丁目,35.7027281,139.7124629, 牛込警察署 河田町交番,35.6987267,139.7173304
窃盗,部品ねらい,牛込,神楽坂上交番,131041,東京都,新宿区,矢来町,2022/4/24,14,その他,その他,その他,新宿区矢来町,35.7025756,139.7325017, 牛込警察署 神楽坂上交番,35.7025329,139.7383316
窃盗,部品ねらい,新宿,北新宿一丁目交番,131041,東京都,新宿区,北新宿１丁目,2022/11/15,17,その他の住宅（３階建て以下共同住宅等）,駐車（輪）場,ナンバープレート,新宿区北新宿１丁目,35.6994903,139.6943499, 新宿警察署 北新宿一丁目交番,35.6971287,139.6907732
窃盗,部品ねらい,新宿,北新宿一丁目交番,131041,東京都,新宿区,北新宿１丁目,2022/11/28,23,一戸建住宅,その他,ナンバープレート,新宿区北新宿１丁目,35.6994903,139.6943499, 新宿警察署 北新宿一丁目交番,35.6971287,139.6907732
窃盗,部品ねらい,新宿,新宿駅西口交番,131041,東京都,新宿区,西新宿１丁目,2022/2/28,12,駐車（輪）場,駐車（輪）場,その他,新宿区西新宿１丁目,35.6903697,139.697924, 新宿警察署 新宿駅西口交番,35.690523,139.699392
窃盗,部品ねらい,新宿,新宿駅西口交番,131041,東京都,新宿区,西新宿２丁目,2022/7/6,8,駐車（輪）場,駐車（輪）場,その他,新宿区西新宿２丁目,35.6895854,139.6924308, 新宿警察署 新宿駅西口交番,35.690523,139.699392
窃盗,部品ねらい,新宿,新宿駅西口交番,131041,東京都,新宿区,西新宿２丁目,2022/10/14,17,その他,駐車（輪）場,ナンバープレート,新宿区西新宿２丁目,35.6895854,139.6924308, 新宿警察署 新宿駅西口交番,35.690523,139.699392
窃盗,部品ねらい,新宿,歌舞伎町交番,131041,東京都,新宿区,歌舞伎町１丁目,2022/7/30,9,駐車（輪）場,駐車（輪）場,ナンバープレート,新宿区歌舞伎町１丁目,35.6953799,139.7017233, 新宿警察署 歌舞伎町交番,35.696151,139.701632
窃盗,部品ねらい,新宿,歌舞伎町交番,131041,東京都,新宿区,歌舞伎町１丁目,2022/11/1,8,駐車（輪）場,駐車（輪）場,その他,新宿区歌舞伎町１丁目,35.6953799,139.7017233, 新宿警察署 歌舞伎町交番,35.696151,139.701632
窃盗,部品ねらい,新宿,歌舞伎町交番,131041,東京都,新宿区,歌舞伎町２丁目,2022/5/29,3,道路上,その他,その他,新宿区歌舞伎町２丁目,35.696554,139.7043747, 新宿警察署 歌舞伎町交番,35.696151,139.701632
窃盗,部品ねらい,新宿,淀橋市場前交番,131041,東京都,新宿区,北新宿３丁目,2022/8/4,18,４階建て以上共同住宅,駐車（輪）場,その他,新宿区北新宿３丁目,35.7038073,139.6915001, 新宿警察署 淀橋市場前交番,35.7064252,139.6945035
窃盗,部品ねらい,新宿,淀橋市場前交番,131041,東京都,新宿区,北新宿４丁目,2022/2/2,10,４階建て以上共同住宅,駐車（輪）場,その他,新宿区北新宿４丁目,35.7067368,139.6918595, 新宿警察署 淀橋市場前交番,35.7064252,139.6945035
窃盗,部品ねらい,新宿,熊野神社前交番,131041,東京都,新宿区,西新宿４丁目,2022/8/6,21,その他の住宅（３階建て以下共同住宅等）,駐車（輪）場,ナンバープレート,新宿区西新宿４丁目,35.6875376,139.6878764, 新宿警察署 熊野神社前交番,35.690951,139.6875688
窃盗,部品ねらい,新宿,百人町交番,131041,東京都,新宿区,百人町２丁目,2022/3/15,7,その他の住宅（３階建て以下共同住宅等）,その他,その他,新宿区百人町２丁目,35.703008,139.6992999, 新宿警察署 百人町交番,35.7014352,139.6994381
窃盗,部品ねらい,戸塚,上落合交番,131041,東京都,新宿区,上落合３丁目,2022/7/30,16,一戸建住宅,駐車（輪）場,その他,新宿区上落合３丁目,35.7124821,139.6840194, 戸塚警察署 上落合交番,35.7133102,139.685734
窃盗,部品ねらい,戸塚,下落合駅前交番,131041,東京都,新宿区,下落合３丁目,2022/1/8,11,駐車（輪）場,駐車（輪）場,その他,新宿区下落合３丁目,35.7211778,139.7023147, 戸塚警察署 下落合駅前交番,35.7169651,139.6944559
窃盗,部品ねらい,戸塚,下落合駅前交番,131041,東京都,新宿区,中落合２丁目,2022/4/17,13,４階建て以上共同住宅,駐車（輪）場,その他,新宿区中落合２丁目,35.7194759,139.6925005, 戸塚警察署 下落合駅前交番,35.7169651,139.6944559
窃盗,部品ねらい,戸塚,西落合交番,131041,東京都,新宿区,中落合３丁目,2022/10/2,16,道路上,その他,その他,新宿区中落合３丁目,35.7208642,139.6891317, 戸塚警察署 西落合交番,35.7230635,139.6795051
窃盗,部品ねらい,戸塚,西落合交番,131041,東京都,新宿区,西落合１丁目,2022/6/19,15,４階建て以上共同住宅,その他,ナンバープレート,新宿区西落合１丁目,35.7211538,139.6815196, 戸塚警察署 西落合交番,35.7230635,139.6795051
窃盗,部品ねらい,戸塚,西落合交番,131041,東京都,新宿区,西落合２丁目,2022/3/10,9,４階建て以上共同住宅,駐車（輪）場,その他,新宿区西落合２丁目,35.720838,139.6769303, 戸塚警察署 西落合交番,35.7230635,139.6795051
窃盗,部品ねらい,戸塚,高田馬場駅前交番,131041,東京都,新宿区,高田馬場２丁目,2022/6/3,15,道路上,その他,その他,新宿区高田馬場２丁目,35.7130015,139.7079192, 戸塚警察署 高田馬場駅前交番,35.7129424,139.7042877
窃盗,部品ねらい,戸塚,高田馬場駅前交番,131041,東京都,新宿区,高田馬場４丁目,2022/10/8,9,駐車（輪）場,駐車（輪）場,その他,新宿区高田馬場４丁目,35.7107681,139.6998391, 戸塚警察署 高田馬場駅前交番,35.7129424,139.7042877
窃盗,部品ねらい,戸塚,高田馬場駅前交番,131041,東京都,新宿区,百人町４丁目,2021/9/1,不明,４階建て以上共同住宅,駐車（輪）場,ナンバープレート,新宿区百人町４丁目,35.708159,139.6985489, 戸塚警察署 高田馬場駅前交番,35.7129424,139.7042877
窃盗,部品ねらい,四谷,四谷三丁目交番,131041,東京都,新宿区,片町,2022/9/16,15,道路上,その他,ナンバープレート,新宿区片町,35.6923019,139.7247434, 四谷警察署 四谷三丁目交番,,
窃盗,部品ねらい,四谷,御苑大通交番,131041,東京都,新宿区,新宿３丁目,2022/3/8,12,駐車（輪）場,駐車（輪）場,その他,新宿区新宿３丁目,35.691229,139.7038262, 四谷警察署 御苑大通交番,35.6918454,139.7072899
窃盗,部品ねらい,四谷,花園交番,131041,東京都,新宿区,新宿５丁目,2022/4/21,17,その他,駐車（輪）場,その他,新宿区新宿５丁目,35.6931613,139.7081096, 四谷警察署 花園交番,35.693484,139.704771
窃盗,部品ねらい,四谷,追分交番,131041,東京都,新宿区,新宿３丁目,2022/8/19,23,駐車（輪）場,駐車（輪）場,その他,新宿区新宿３丁目,35.691229,139.7038262, 四谷警察署 追分交番,35.6908759,139.7051122
窃盗,部品ねらい,中野,中野坂上交番,131148,東京都,中野区,中央１丁目,2022/3/10,12,一戸建住宅,その他,その他,中野区中央１丁目,35.6989904,139.6857065, 中野警察署 中野坂上交番,,
窃盗,部品ねらい,中野,中野駅前交番,131148,東京都,中野区,中央４丁目,2022/7/6,19,道路上,その他,ナンバープレート,中野区中央４丁目,35.7001851,139.6696883, 中野警察署 中野駅前交番,35.7053167,139.6661143
窃盗,部品ねらい,中野,中野駅前交番,131148,東京都,中野区,中野２丁目,2022/11/8,15,その他,その他,その他,中野区中野２丁目,35.7041373,139.6690996, 中野警察署 中野駅前交番,35.7053167,139.6661143
窃盗,部品ねらい,中野,中野駅前交番,131148,東京都,中野区,中野３丁目,2022/3/26,12,４階建て以上共同住宅,駐車（輪）場,その他,中野区中野３丁目,35.7029121,139.6637258, 中野警察署 中野駅前交番,35.7053167,139.6661143
窃盗,部品ねらい,中野,中野駅前交番,131148,東京都,中野区,中野３丁目,2022/4/6,19,４階建て以上共同住宅,駐車（輪）場,その他,中野区中野３丁目,35.7029121,139.6637258, 中野警察署 中野駅前交番,35.7053167,139.6661143
窃盗,部品ねらい,中野,中野駅前交番,131148,東京都,中野区,中野５丁目,2022/3/8,2,その他,駐車（輪）場,その他,中野区中野５丁目,35.7079412,139.6692565, 中野警察署 中野駅前交番,35.7053167,139.6661143
窃盗,部品ねらい,中野,南台交番,131148,東京都,中野区,南台１丁目,2022/11/19,22,４階建て以上共同住宅,駐車（輪）場,ナンバープレート,中野区南台１丁目,35.6856074,139.674637, 中野警察署 南台交番,35.6863136,139.66893
窃盗,部品ねらい,中野,南台交番,131148,東京都,中野区,南台３丁目,2022/4/12,4,駐車（輪）場,駐車（輪）場,その他,中野区南台３丁目,35.6840781,139.6660754, 中野警察署 南台交番,35.6863136,139.66893
窃盗,部品ねらい,中野,南台交番,131148,東京都,中野区,南台３丁目,2022/5/4,22,４階建て以上共同住宅,駐車（輪）場,その他,中野区南台３丁目,35.6840781,139.6660754, 中野警察署 南台交番,35.6863136,139.66893
窃盗,部品ねらい,中野,南台交番,131148,東京都,中野区,南台４丁目,2022/1/16,18,一戸建住宅,駐車（輪）場,その他,中野区南台４丁目,35.6797817,139.666184, 中野警察署 南台交番,35.6863136,139.66893
窃盗,部品ねらい,中野,南台交番,131148,東京都,中野区,弥生町４丁目,2022/10/12,6,駐車（輪）場,駐車（輪）場,ナンバープレート,中野区弥生町４丁目,35.6880953,139.6713084, 中野警察署 南台交番,35.6863136,139.66893
窃盗,部品ねらい,中野,早稲田通交番,131148,東京都,中野区,中野１丁目,2022/2/25,22,４階建て以上共同住宅,駐車（輪）場,その他,中野区中野１丁目,35.7034262,139.6755007, 中野警察署 早稲田通交番,35.7093483,139.6713348
窃盗,部品ねらい,中野,早稲田通交番,131148,東京都,中野区,中野１丁目,2022/3/7,21,その他の住宅（３階建て以下共同住宅等）,駐車（輪）場,その他,中野区中野１丁目,35.7034262,139.6755007, 中野警察署 早稲田通交番,35.7093483,139.6713348
窃盗,部品ねらい,中野,早稲田通交番,131148,東京都,中野区,中野１丁目,2022/6/9,22,その他の住宅（３階建て以下共同住宅等）,駐車（輪）場,その他,中野区中野１丁目,35.7034262,139.6755007, 中野警察署 早稲田通交番,35.7093483,139.6713348
窃盗,部品ねらい,中野,本郷通交番,131148,東京都,中野区,本町５丁目,2022/1/28,20,その他の住宅（３階建て以下共同住宅等）,駐車（輪）場,その他,中野区本町５丁目,35.6926581,139.6705788, 中野警察署 本郷通交番,35.6914306,139.676929
窃盗,部品ねらい,中野,本郷通交番,131148,東京都,中野区,本町５丁目,2022/4/22,23,その他の住宅（３階建て以下共同住宅等）,その他,その他,中野区本町５丁目,35.6926581,139.6705788, 中野警察署 本郷通交番,35.6914306,139.676929
窃盗,部品ねらい,中野,本郷通交番,131148,東京都,中野区,弥生町１丁目,2022/11/5,8,一戸建住宅,その他,ナンバープレート,中野区弥生町１丁目,35.6900984,139.6793658, 中野警察署 本郷通交番,35.6914306,139.676929
窃盗,部品ねらい,中野,東中野駅前交番,131148,東京都,中野区,東中野１丁目,2022/6/6,22,その他の住宅（３階建て以下共同住宅等）,その他,その他,中野区東中野１丁目,35.7037333,139.6853136, 中野警察署 東中野駅前交番,35.7061583,139.686492
窃盗,部品ねらい,中野,鍋屋横丁交番,131148,東京都,中野区,本町３丁目,2021/12/24,1,４階建て以上共同住宅,その他,ナンバープレート,中野区本町３丁目,35.6952645,139.6763644, 中野警察署 鍋屋横丁交番,35.6976865,139.672008
窃盗,部品ねらい,野方,上高田交番,131148,東京都,中野区,上高田１丁目,2022/6/6,2,一戸建住宅,その他,その他,中野区上高田１丁目,35.710473,139.6783599, 野方警察署 上高田交番,35.7120509,139.6777564
窃盗,部品ねらい,野方,上高田交番,131148,東京都,中野区,上高田４丁目,2022/7/31,17,一戸建住宅,駐車（輪）場,その他,中野区上高田４丁目,35.7134905,139.6787891, 野方警察署 上高田交番,35.7120509,139.6777564
窃盗,部品ねらい,野方,家政通交番,131148,東京都,中野区,鷺宮３丁目,2022/7/17,23,駐車（輪）場,駐車（輪）場,その他,中野区鷺宮３丁目,35.7243951,139.6414366, 野方警察署 家政通交番,35.7224182,139.6442677
窃盗,部品ねらい,野方,家政通交番,131148,東京都,中野区,若宮３丁目,2022/5/15,19,駐車（輪）場,駐車（輪）場,その他,中野区若宮３丁目,35.7205158,139.6438989, 野方警察署 家政通交番,35.7224182,139.6442677
窃盗,部品ねらい,野方,沼袋交番,131148,東京都,中野区,沼袋３丁目,2022/4/1,13,道路上,その他,ナンバープレート,中野区沼袋３丁目,35.7182445,139.6608934, 野方警察署 沼袋交番,,
窃盗,部品ねらい,野方,薬師駅前交番,131148,東京都,中野区,新井５丁目,2022/5/26,15,４階建て以上共同住宅,駐車（輪）場,その他,中野区新井５丁目,35.7151891,139.6690983, 野方警察署 薬師駅前交番,35.7161385,139.6714017
窃盗,部品ねらい,野方,野方一丁目交番,131148,東京都,中野区,中野４丁目,2022/4/18,16,４階建て以上共同住宅,駐車（輪）場,ナンバープレート,中野区中野４丁目,35.7077103,139.6621674, 野方警察署 野方一丁目交番,35.7113334,139.65422
窃盗,部品ねらい,野方,鷺宮駅前交番,131148,東京都,中野区,上鷺宮２丁目,2022/9/3,13,４階建て以上共同住宅,駐車（輪）場,その他,中野区上鷺宮２丁目,35.7289971,139.6334034, 野方警察署 鷺宮駅前交番,35.7227709,139.6379832
窃盗,部品ねらい,杉並,和田本町交番,131156,東京都,杉並区,和田１丁目,2022/8/30,20,４階建て以上共同住宅,駐車（輪）場,その他,杉並区和田１丁目,35.6914262,139.6634428, 杉並警察署 和田本町交番,35.6902841,139.6647749
窃盗,部品ねらい,杉並,堀ノ内交番,131156,東京都,杉並区,堀ノ内２丁目,2022/4/25,21,４階建て以上共同住宅,その他,その他,杉並区堀ノ内２丁目,35.6882195,139.6526, 杉並警察署 堀ノ内交番,35.691955,139.654415
窃盗,部品ねらい,杉並,堀ノ内交番,131156,東京都,杉並区,堀ノ内３丁目,2022/2/25,21,４階建て以上共同住宅,駐車（輪）場,その他,杉並区堀ノ内３丁目,35.6927071,139.6511637, 杉並警察署 堀ノ内交番,35.691955,139.654415
窃盗,部品ねらい,杉並,堀ノ内交番,131156,東京都,杉並区,堀ノ内３丁目,2022/6/8,11,その他,駐車（輪）場,その他,杉並区堀ノ内３丁目,35.6927071,139.6511637, 杉並警察署 堀ノ内交番,35.691955,139.654415
窃盗,部品ねらい,杉並,成宗交番,131156,東京都,杉並区,阿佐谷南３丁目,2021/12/28,15,その他の住宅（３階建て以下共同住宅等）,その他,その他,杉並区阿佐谷南３丁目,35.702164,139.6333967, 杉並警察署 成宗交番,35.7025967,139.6289299
窃盗,部品ねらい,杉並,成田交番,131156,東京都,杉並区,松ノ木１丁目,2022/11/12,15,その他の住宅（３階建て以下共同住宅等）,駐車（輪）場,ナンバープレート,杉並区松ノ木１丁目,35.6874309,139.6432096, 杉並警察署 成田交番,35.6925406,139.6383694
窃盗,部品ねらい,杉並,成田交番,131156,東京都,杉並区,松ノ木２丁目,2022/2/12,16,４階建て以上共同住宅,その他,その他,杉並区松ノ木２丁目,35.6908729,139.644312, 杉並警察署 成田交番,35.6925406,139.6383694
窃盗,部品ねらい,杉並,新高円寺駅前交番,131156,東京都,杉並区,梅里２丁目,2022/4/19,15,４階建て以上共同住宅,その他,その他,杉並区梅里２丁目,35.6964418,139.6439992, 杉並警察署 新高円寺駅前交番,35.698002,139.6490257
窃盗,部品ねらい,杉並,阿佐谷北交番,131156,東京都,杉並区,阿佐谷北５丁目,2022/7/26,18,その他の住宅（３階建て以下共同住宅等）,駐車（輪）場,その他,杉並区阿佐谷北５丁目,35.7095877,139.6416002, 杉並警察署 阿佐谷北交番,35.7129505,139.6381265
窃盗,部品ねらい,杉並,阿佐谷駅前交番,131156,東京都,杉並区,阿佐谷北２丁目,2021/9/21,10,道路上,その他,ナンバープレート,杉並区阿佐谷北２丁目,35.706458,139.6336032, 杉並警察署 阿佐谷駅前交番,35.7046637,139.6361398
窃盗,部品ねらい,杉並,阿佐谷駅前交番,131156,東京都,杉並区,阿佐谷南２丁目,2022/7/24,17,駐車（輪）場,駐車（輪）場,その他,杉並区阿佐谷南２丁目,35.7033488,139.6416391, 杉並警察署 阿佐谷駅前交番,35.7046637,139.6361398
窃盗,部品ねらい,杉並,高円寺交番,131156,東京都,杉並区,梅里１丁目,2022/11/27,17,道路上,その他,その他,杉並区梅里１丁目,35.6962033,139.6518463, 杉並警察署 高円寺交番,35.6981799,139.6558949479117
窃盗,部品ねらい,杉並,高円寺交番,131156,東京都,杉並区,高円寺南１丁目,2022/9/16,14,道路上,その他,その他,杉並区高円寺南１丁目,35.6996983,139.6591097, 杉並警察署 高円寺交番,35.6981799,139.6558949479117
窃盗,部品ねらい,杉並,高円寺南四丁目交番,131156,東京都,杉並区,高円寺北１丁目,2022/11/4,19,４階建て以上共同住宅,駐車（輪）場,タイヤ・ホイール,杉並区高円寺北１丁目,35.7073728,139.6570095, 杉並警察署 高円寺南四丁目交番,35.70261685,139.6525883239128
窃盗,部品ねらい,杉並,高円寺駅前交番,131156,東京都,杉並区,高円寺北４丁目,2022/6/27,18,４階建て以上共同住宅,駐車（輪）場,その他,杉並区高円寺北４丁目,35.7081546,139.6446258, 杉並警察署 高円寺駅前交番,35.7055907,139.6503542
窃盗,部品ねらい,杉並,高円寺駅前交番,131156,東京都,杉並区,高円寺北４丁目,2022/9/21,16,４階建て以上共同住宅,駐車（輪）場,タイヤ・ホイール,杉並区高円寺北４丁目,35.7081546,139.6446258, 杉並警察署 高円寺駅前交番,35.7055907,139.6503542
窃盗,部品ねらい,杉並,高円寺駅前交番,131156,東京都,杉並区,高円寺南３丁目,2022/6/25,17,その他,駐車（輪）場,その他,杉並区高円寺南３丁目,35.7014789,139.6462284, 杉並警察署 高円寺駅前交番,35.7055907,139.6503542
窃盗,部品ねらい,高井戸,上高井戸交番,131156,東京都,杉並区,上高井戸２丁目,2022/9/17,12,駐車（輪）場,駐車（輪）場,ナンバープレート,杉並区上高井戸２丁目,35.6779538,139.6102533, 高井戸警察署 上高井戸交番,35.6720363,139.6139557
窃盗,部品ねらい,高井戸,上高井戸交番,131156,東京都,杉並区,上高井戸３丁目,2022/11/19,19,その他の住宅（３階建て以下共同住宅等）,駐車（輪）場,ナンバープレート,杉並区上高井戸３丁目,35.6750548,139.617345, 高井戸警察署 上高井戸交番,35.6720363,139.6139557
窃盗,部品ねらい,高井戸,久我山交番,131156,東京都,杉並区,久我山２丁目,2022/1/18,12,その他,駐車（輪）場,ナンバープレート,杉並区久我山２丁目,35.6838929,139.6030623, 高井戸警察署 久我山交番,35.687288,139.59928
窃盗,部品ねらい,高井戸,久我山交番,131156,東京都,杉並区,久我山３丁目,2022/8/4,7,駐車（輪）場,駐車（輪）場,その他,杉並区久我山３丁目,35.687664,139.5963004, 高井戸警察署 久我山交番,35.687288,139.59928
窃盗,部品ねらい,高井戸,大宮八幡駐在所,131156,東京都,杉並区,大宮１丁目,2022/11/27,16,その他の住宅（３階建て以下共同住宅等）,駐車（輪）場,ナンバープレート,杉並区大宮１丁目,35.6854898,139.6455967, 高井戸警察署 大宮八幡駐在所,35.682206,139.64311
窃盗,部品ねらい,高井戸,方南交番,131156,東京都,杉並区,和泉４丁目,2022/1/5,7,駐車（輪）場,駐車（輪）場,その他,杉並区和泉４丁目,35.6801347,139.6535119, 高井戸警察署 方南交番,35.681179,139.657276
窃盗,部品ねらい,高井戸,永福町駅前交番,131156,東京都,杉並区,和泉３丁目,2022/7/18,12,その他の住宅（３階建て以下共同住宅等）,駐車（輪）場,その他,杉並区和泉３丁目,35.6783612,139.6470183, 高井戸警察署 永福町駅前交番,,
窃盗,部品ねらい,高井戸,泉南交番,131156,東京都,杉並区,方南１丁目,2022/9/9,1,駐車（輪）場,駐車（輪）場,ナンバープレート,杉並区方南１丁目,35.6763698,139.6618053, 高井戸警察署 泉南交番,35.6755147,139.6581937
窃盗,部品ねらい,高井戸,泉南交番,131156,東京都,杉並区,方南１丁目,2022/11/9,6,一戸建住宅,駐車（輪）場,ナンバープレート,杉並区方南１丁目,35.6763698,139.6618053, 高井戸警察署 泉南交番,35.6755147,139.6581937
窃盗,部品ねらい,高井戸,浜田山交番,131156,東京都,杉並区,高井戸東４丁目,2022/6/4,5,その他の住宅（３階建て以下共同住宅等）,駐車（輪）場,ナンバープレート,杉並区高井戸東４丁目,35.6893392,139.6196517, 高井戸警察署 浜田山交番,35.684956,139.626938
窃盗,部品ねらい,高井戸,浜田山交番,131156,東京都,杉並区,浜田山３丁目,2022/6/7,17,その他の住宅（３階建て以下共同住宅等）,駐車（輪）場,ナンバープレート,杉並区浜田山３丁目,35.6823461,139.6292259, 高井戸警察署 浜田山交番,35.684956,139.626938
窃盗,部品ねらい,高井戸,高井戸西交番,131156,東京都,杉並区,高井戸西１丁目,2022/2/8,12,４階建て以上共同住宅,駐車（輪）場,ナンバープレート,杉並区高井戸西１丁目,35.6808602,139.6115917, 高井戸警察署 高井戸西交番,35.6816667,139.6148666
窃盗,部品ねらい,荻窪,下井草駅前交番,131156,東京都,杉並区,井草１丁目,2022/8/25,15,その他の住宅（３階建て以下共同住宅等）,その他,その他,杉並区井草１丁目,35.7270418,139.6242906, 荻窪警察署 下井草駅前交番,35.723784,139.624166
窃盗,部品ねらい,荻窪,下井草駅前交番,131156,東京都,杉並区,下井草３丁目,2022/12/14,18,駐車（輪）場,駐車（輪）場,その他,杉並区下井草３丁目,35.7204221,139.6241069, 荻窪警察署 下井草駅前交番,35.723784,139.624166
窃盗,部品ねらい,荻窪,下井草駅前交番,131156,東京都,杉並区,下井草３丁目,2022/12/22,19,４階建て以上共同住宅,その他,その他,杉並区下井草３丁目,35.7204221,139.6241069, 荻窪警察署 下井草駅前交番,35.723784,139.624166
窃盗,部品ねらい,荻窪,井荻駅前交番,131156,東京都,杉並区,井草４丁目,2022/7/10,22,駐車（輪）場,駐車（輪）場,ナンバープレート,杉並区井草４丁目,35.72729,139.6119001, 荻窪警察署 井荻駅前交番,35.7244974,139.6146682
窃盗,部品ねらい,荻窪,今川交番,131156,東京都,杉並区,今川１丁目,2022/10/20,21,４階建て以上共同住宅,駐車（輪）場,タイヤ・ホイール,杉並区今川１丁目,35.7168595,139.6130401, 荻窪警察署 今川交番,35.7192018,139.6060311
窃盗,部品ねらい,荻窪,今川交番,131156,東京都,杉並区,今川３丁目,2022/10/21,18,一戸建住宅,駐車（輪）場,その他,杉並区今川３丁目,35.7167484,139.6048003, 荻窪警察署 今川交番,35.7192018,139.6060311
窃盗,部品ねらい,荻窪,今川交番,131156,東京都,杉並区,桃井１丁目,2022/7/13,20,駐車（輪）場,駐車（輪）場,ナンバープレート,杉並区桃井１丁目,35.7115685,139.6132453, 荻窪警察署 今川交番,35.7192018,139.6060311
窃盗,部品ねらい,荻窪,桃井四丁目交番,131156,東京都,杉並区,善福寺１丁目,2022/11/25,8,その他の住宅（３階建て以下共同住宅等）,駐車（輪）場,ナンバープレート,杉並区善福寺１丁目,35.7130832,139.5974699, 荻窪警察署 桃井四丁目交番,35.7122985,139.6020571
窃盗,部品ねらい,荻窪,荻窪五丁目交番,131156,東京都,杉並区,荻窪５丁目,2022/10/23,6,駐車（輪）場,駐車（輪）場,その他,杉並区荻窪５丁目,35.7021846,139.6192762, 荻窪警察署 荻窪五丁目交番,,
窃盗,部品ねらい,荻窪,荻窪駅南口交番,131156,東京都,杉並区,荻窪４丁目,2022/6/7,8,駐車（輪）場,駐車（輪）場,その他,杉並区荻窪４丁目,35.7015769,139.6224681, 荻窪警察署 荻窪駅南口交番,35.704312,139.6208562
窃盗,部品ねらい,荻窪,西荻窪交番,131156,東京都,杉並区,西荻北１丁目,2022/7/10,16,駐車（輪）場,駐車（輪）場,ナンバープレート,杉並区西荻北１丁目,35.7062206,139.6070695, 荻窪警察署 西荻窪交番,35.7040654,139.5997564
窃盗,部品ねらい,富坂,小石川御殿町交番,131059,東京都,文京区,大塚３丁目,2022/12/1,3,駐車（輪）場,駐車（輪）場,その他,文京区大塚３丁目,35.7207662,139.7366014, 富坂警察署 小石川御殿町交番,,
窃盗,部品ねらい,富坂,春日交番,131059,東京都,文京区,小石川１丁目,2022/4/13,17,４階建て以上共同住宅,駐車（輪）場,その他,文京区小石川１丁目,35.7119279,139.7524975, 富坂警察署 春日交番,35.7082168,139.7533473
窃盗,部品ねらい,富坂,春日交番,131059,東京都,文京区,小石川３丁目,2022/11/23,17,４階建て以上共同住宅,駐車（輪）場,その他,文京区小石川３丁目,35.7132248,139.7484098, 富坂警察署 春日交番,35.7082168,139.7533473
窃盗,部品ねらい,富坂,白山交番,131059,東京都,文京区,白山５丁目,2022/4/8,18,その他,駐車（輪）場,その他,文京区白山５丁目,35.7234816,139.7502592, 富坂警察署 白山交番,35.7194327,139.7514219
窃盗,部品ねらい,大塚,江戸川橋交番,131059,東京都,文京区,関口１丁目,2022/12/16,11,その他,その他,ナンバープレート,文京区関口１丁目,35.7096857,139.7304833, 大塚警察署 江戸川橋交番,,
窃盗,部品ねらい,大塚,茗荷谷駅前交番,131059,東京都,文京区,小日向２丁目,2022/10/3,15,４階建て以上共同住宅,駐車（輪）場,その他,文京区小日向２丁目,35.7125627,139.7340533, 大塚警察署 茗荷谷駅前交番,35.71806855,139.73664902716214
窃盗,部品ねらい,大塚,護国寺前交番,131059,東京都,文京区,大塚４丁目,2022/2/17,19,一戸建住宅,駐車（輪）場,その他,文京区大塚４丁目,35.7238398,139.7342505, 大塚警察署 護国寺前交番,35.720209749999995,139.7270097
窃盗,部品ねらい,大塚,護国寺前交番,131059,東京都,文京区,大塚６丁目,2022/8/9,17,４階建て以上共同住宅,駐車（輪）場,その他,文京区大塚６丁目,35.724983,139.7259235, 大塚警察署 護国寺前交番,35.720209749999995,139.7270097
窃盗,部品ねらい,本富士,壱岐坂交番,131059,東京都,文京区,本郷１丁目,2022/4/27,19,一戸建住宅,駐車（輪）場,ナンバープレート,文京区本郷１丁目,35.7050564,139.756785, 本富士警察署 壱岐坂交番,35.7046397,139.756468
窃盗,部品ねらい,本富士,弥生町交番,131059,東京都,文京区,向丘１丁目,2017/11/1,0,駐車（輪）場,駐車（輪）場,ナンバープレート,文京区向丘１丁目,35.7195837,139.7558248, 本富士警察署 弥生町交番,35.715539,139.758988
窃盗,部品ねらい,本富士,本郷交番,131059,東京都,文京区,本郷３丁目,2022/4/29,8,その他,駐車（輪）場,その他,文京区本郷３丁目,35.7044204,139.7632894, 本富士警察署 本郷交番,35.7076352,139.76041159958532
窃盗,部品ねらい,駒込,団子坂交番,131059,東京都,文京区,千駄木２丁目,2022/4/23,18,道路上,その他,その他,文京区千駄木２丁目,35.7229274,139.7624499, 駒込警察署 団子坂交番,35.7271271,139.7635955
窃盗,部品ねらい,駒込,団子坂交番,131059,東京都,文京区,千駄木２丁目,2022/9/15,7,道路上,その他,その他,文京区千駄木２丁目,35.7229274,139.7624499, 駒込警察署 団子坂交番,35.7271271,139.7635955
窃盗,部品ねらい,駒込,団子坂交番,131059,東京都,文京区,千駄木５丁目,2022/10/14,13,一戸建住宅,駐車（輪）場,その他,文京区千駄木５丁目,35.7274996,139.758857, 駒込警察署 団子坂交番,35.7271271,139.7635955
窃盗,部品ねらい,駒込,浅嘉交番,131059,東京都,文京区,向丘２丁目,2022/6/22,9,その他,駐車（輪）場,その他,文京区向丘２丁目,35.7215948,139.7572759, 駒込警察署 浅嘉交番,35.7243358,139.7536409
窃盗,部品ねらい,巣鴨,サンシャイン前交番,131164,東京都,豊島区,東池袋２丁目,2022/7/13,18,４階建て以上共同住宅,その他,その他,豊島区東池袋２丁目,35.7318405,139.7231974, 巣鴨警察署 サンシャイン前交番,35.7301679,139.7190727
窃盗,部品ねらい,巣鴨,サンシャイン前交番,131164,東京都,豊島区,東池袋２丁目,2022/11/10,12,その他,駐車（輪）場,その他,豊島区東池袋２丁目,35.7318405,139.7231974, 巣鴨警察署 サンシャイン前交番,35.7301679,139.7190727
窃盗,部品ねらい,巣鴨,サンシャイン前交番,131164,東京都,豊島区,東池袋３丁目,2022/3/30,8,４階建て以上共同住宅,その他,その他,豊島区東池袋３丁目,35.7305365,139.7195587, 巣鴨警察署 サンシャイン前交番,35.7301679,139.7190727
窃盗,部品ねらい,巣鴨,大塚駅前交番,131164,東京都,豊島区,北大塚２丁目,2022/9/26,23,４階建て以上共同住宅,その他,その他,豊島区北大塚２丁目,35.7335129,139.7283429, 巣鴨警察署 大塚駅前交番,35.7312559,139.7292769
窃盗,部品ねらい,巣鴨,大塚駅前交番,131164,東京都,豊島区,南大塚１丁目,2022/10/24,15,その他の住宅（３階建て以下共同住宅等）,駐車（輪）場,その他,豊島区南大塚１丁目,35.7284141,139.7351242, 巣鴨警察署 大塚駅前交番,35.7312559,139.7292769
窃盗,部品ねらい,巣鴨,庚申塚交番,131164,東京都,豊島区,巣鴨５丁目,2022/7/23,6,駐車（輪）場,駐車（輪）場,ナンバープレート,豊島区巣鴨５丁目,35.7398594,139.7347695, 巣鴨警察署 庚申塚交番,,
窃盗,部品ねらい,巣鴨,庚申塚交番,131164,東京都,豊島区,西巣鴨３丁目,2022/2/23,17,その他の住宅（３階建て以下共同住宅等）,駐車（輪）場,ナンバープレート,豊島区西巣鴨３丁目,35.7419668,139.7289705, 巣鴨警察署 庚申塚交番,,
窃盗,部品ねらい,池袋,川越通交番,131164,東京都,豊島区,池袋２丁目,2022/10/20,14,駐車（輪）場,駐車（輪）場,その他,豊島区池袋２丁目,35.7340006,139.7088419, 池袋警察署 川越通交番,35.7390943,139.7106876
窃盗,部品ねらい,池袋,川越通交番,131164,東京都,豊島区,池袋２丁目,2022/12/14,21,その他の住宅（３階建て以下共同住宅等）,駐車（輪）場,その他,豊島区池袋２丁目,35.7340006,139.7088419, 池袋警察署 川越通交番,35.7390943,139.7106876
窃盗,部品ねらい,池袋,川越通交番,131164,東京都,豊島区,池袋４丁目,2022/10/6,12,その他の住宅（３階建て以下共同住宅等）,駐車（輪）場,その他,豊島区池袋４丁目,35.738405,139.7093468, 池袋警察署 川越通交番,35.7390943,139.7106876
窃盗,部品ねらい,池袋,川越通交番,131164,東京都,豊島区,池袋本町２丁目,2022/4/20,15,その他,その他,その他,豊島区池袋本町２丁目,35.7416576,139.710592, 池袋警察署 川越通交番,35.7390943,139.7106876
窃盗,部品ねらい,池袋,池袋駅西口交番,131164,東京都,豊島区,西池袋１丁目,2022/5/18,19,駐車（輪）場,駐車（輪）場,ナンバープレート,豊島区西池袋１丁目,35.7301653,139.709385, 池袋警察署 池袋駅西口交番,,
窃盗,部品ねらい,池袋,池袋駅西口交番,131164,東京都,豊島区,西池袋３丁目,2022/11/16,7,駐車（輪）場,駐車（輪）場,その他,豊島区西池袋３丁目,35.7291561,139.7044431, 池袋警察署 池袋駅西口交番,,
窃盗,部品ねらい,目白,千川交番,131164,東京都,豊島区,要町２丁目,2022/11/29,14,一戸建住宅,その他,その他,豊島区要町２丁目,35.7350674,139.6939208, 目白警察署 千川交番,35.736918,139.6909845
窃盗,部品ねらい,目白,千川交番,131164,東京都,豊島区,千早２丁目,2022/12/7,19,道路上,その他,その他,豊島区千早２丁目,35.7335847,139.6910132, 目白警察署 千川交番,35.736918,139.6909845
窃盗,部品ねらい,目白,千登世橋交番,131164,東京都,豊島区,高田１丁目,2022/9/26,21,その他の住宅（３階建て以下共同住宅等）,駐車（輪）場,その他,豊島区高田１丁目,35.7151706,139.7164339, 目白警察署 千登世橋交番,35.7187458,139.7141937
窃盗,部品ねらい,目白,千登世橋交番,131164,東京都,豊島区,高田２丁目,2022/9/26,9,その他の住宅（３階建て以下共同住宅等）,その他,その他,豊島区高田２丁目,35.7160319,139.7140038, 目白警察署 千登世橋交番,35.7187458,139.7141937
窃盗,部品ねらい,目白,千登世橋交番,131164,東京都,豊島区,高田２丁目,2022/10/6,18,４階建て以上共同住宅,駐車（輪）場,その他,豊島区高田２丁目,35.7160319,139.7140038, 目白警察署 千登世橋交番,35.7187458,139.7141937
窃盗,部品ねらい,目白,南池袋交番,131164,東京都,豊島区,南池袋３丁目,2022/8/28,3,４階建て以上共同住宅,駐車（輪）場,その他,豊島区南池袋３丁目,35.72431495,139.71428192058823, 目白警察署 南池袋交番,35.7264157,139.711838
窃盗,部品ねらい,目白,南長崎交番,131164,東京都,豊島区,南長崎３丁目,2022/11/16,9,一戸建住宅,その他,その他,豊島区南長崎３丁目,35.725142,139.6878161, 目白警察署 南長崎交番,35.7229312,139.689339
窃盗,部品ねらい,目白,東長崎駅前交番,131164,東京都,豊島区,南長崎４丁目,2022/8/20,19,その他,駐車（輪）場,その他,豊島区南長崎４丁目,35.7256711,139.6849501, 目白警察署 東長崎駅前交番,35.7299532,139.6829118
窃盗,部品ねらい,目白,東長崎駅前交番,131164,東京都,豊島区,南長崎４丁目,2022/10/3,19,一戸建住宅,その他,その他,豊島区南長崎４丁目,35.7256711,139.6849501, 目白警察署 東長崎駅前交番,35.7299532,139.6829118
窃盗,部品ねらい,目白,東長崎駅前交番,131164,東京都,豊島区,南長崎４丁目,2022/12/14,16,一戸建住宅,その他,その他,豊島区南長崎４丁目,35.7256711,139.6849501, 目白警察署 東長崎駅前交番,35.7299532,139.6829118
窃盗,部品ねらい,目白,東長崎駅前交番,131164,東京都,豊島区,南長崎６丁目,2022/9/3,17,その他の住宅（３階建て以下共同住宅等）,駐車（輪）場,その他,豊島区南長崎６丁目,35.7304592,139.6803863, 目白警察署 東長崎駅前交番,35.7299532,139.6829118
窃盗,部品ねらい,目白,東長崎駅前交番,131164,東京都,豊島区,千早３丁目,2022/10/11,10,一戸建住宅,その他,その他,豊島区千早３丁目,35.7346396,139.6869671, 目白警察署 東長崎駅前交番,35.7299532,139.6829118
窃盗,部品ねらい,目白,椎名町駅前交番,131164,東京都,豊島区,長崎２丁目,2022/3/17,21,その他,駐車（輪）場,その他,豊島区長崎２丁目,35.7290124,139.6920338, 目白警察署 椎名町駅前交番,35.7264979,139.6951156
窃盗,部品ねらい,目白,椎名町駅前交番,131164,東京都,豊島区,長崎２丁目,2022/10/21,17,一戸建住宅,駐車（輪）場,その他,豊島区長崎２丁目,35.7290124,139.6920338, 目白警察署 椎名町駅前交番,35.7264979,139.6951156
窃盗,部品ねらい,目白,椎名町駅前交番,131164,東京都,豊島区,長崎２丁目,2022/11/5,19,一戸建住宅,その他,その他,豊島区長崎２丁目,35.7290124,139.6920338, 目白警察署 椎名町駅前交番,35.7264979,139.6951156
窃盗,部品ねらい,目白,椎名町駅前交番,131164,東京都,豊島区,長崎２丁目,2022/11/26,17,一戸建住宅,駐車（輪）場,その他,豊島区長崎２丁目,35.7290124,139.6920338, 目白警察署 椎名町駅前交番,35.7264979,139.6951156
窃盗,部品ねらい,目白,椎名町駅前交番,131164,東京都,豊島区,長崎３丁目,2022/5/28,18,道路上,その他,その他,豊島区長崎３丁目,35.7297004,139.6887977, 目白警察署 椎名町駅前交番,35.7264979,139.6951156
窃盗,部品ねらい,目白,椎名町駅前交番,131164,東京都,豊島区,長崎３丁目,2022/9/27,19,その他の住宅（３階建て以下共同住宅等）,駐車（輪）場,その他,豊島区長崎３丁目,35.7297004,139.6887977, 目白警察署 椎名町駅前交番,35.7264979,139.6951156
窃盗,部品ねらい,目白,椎名町駅前交番,131164,東京都,豊島区,長崎３丁目,2022/10/3,5,道路上,その他,その他,豊島区長崎３丁目,35.7297004,139.6887977, 目白警察署 椎名町駅前交番,35.7264979,139.6951156
窃盗,部品ねらい,目白,椎名町駅前交番,131164,東京都,豊島区,長崎３丁目,2022/11/5,17,一戸建住宅,その他,その他,豊島区長崎３丁目,35.7297004,139.6887977, 目白警察署 椎名町駅前交番,35.7264979,139.6951156
窃盗,部品ねらい,目白,椎名町駅前交番,131164,東京都,豊島区,目白５丁目,2022/7/30,18,一戸建住宅,駐車（輪）場,その他,豊島区目白５丁目,35.7239585,139.6961188, 目白警察署 椎名町駅前交番,35.7264979,139.6951156
窃盗,部品ねらい,目白,椎名町駅前交番,131164,東京都,豊島区,千早２丁目,2022/11/16,18,４階建て以上共同住宅,その他,その他,豊島区千早２丁目,35.7335847,139.6910132, 目白警察署 椎名町駅前交番,35.7264979,139.6951156
窃盗,部品ねらい,目白,要町交番,131164,東京都,豊島区,要町１丁目,2022/9/8,22,駐車（輪）場,駐車（輪）場,ナンバープレート,豊島区要町１丁目,35.7348247,139.6964917, 目白警察署 要町交番,35.7328416,139.6995168
窃盗,部品ねらい,目白,雑司が谷交番,131164,東京都,豊島区,東池袋５丁目,2022/12/21,13,駐車（輪）場,駐車（輪）場,ナンバープレート,豊島区東池袋５丁目,35.7260358,139.7235605, 目白警察署 雑司が谷交番,35.7242123,139.7183299
窃盗,部品ねらい,滝野川,尾久駅前交番,131172,東京都,北区,昭和町３丁目,2022/10/17,20,道路上,その他,ナンバープレート,北区昭和町３丁目,35.7490377,139.7505107, 滝野川警察署 尾久駅前交番,35.7468369,139.7549562
窃盗,部品ねらい,滝野川,東田端交番,131172,東京都,北区,田端新町３丁目,2022/10/22,15,４階建て以上共同住宅,駐車（輪）場,その他,北区田端新町３丁目,35.7423713,139.763284, 滝野川警察署 東田端交番,35.7390463,139.7621704
窃盗,部品ねらい,滝野川,滝野川一丁目交番,131172,東京都,北区,滝野川１丁目,2022/11/6,20,一戸建住宅,その他,その他,北区滝野川１丁目,35.7477862,139.7355408, 滝野川警察署 滝野川一丁目交番,35.7454285,139.7327616
窃盗,部品ねらい,滝野川,滝野川一丁目交番,131172,東京都,北区,滝野川３丁目,2022/4/8,17,一戸建住宅,その他,その他,北区滝野川３丁目,35.748593,139.728979, 滝野川警察署 滝野川一丁目交番,35.7454285,139.7327616
窃盗,部品ねらい,滝野川,田端高台交番,131172,東京都,北区,田端３丁目,2022/12/20,7,４階建て以上共同住宅,駐車（輪）場,その他,北区田端３丁目,35.7358119,139.7554503, 滝野川警察署 田端高台交番,35.7383538,139.7584896
窃盗,部品ねらい,滝野川,飛鳥山交番,131172,東京都,北区,滝野川２丁目,2021/10/6,16,４階建て以上共同住宅,駐車（輪）場,その他,北区滝野川２丁目,35.749859,139.733372, 滝野川警察署 飛鳥山交番,35.7507684,139.737719
窃盗,部品ねらい,王子,十条仲原交番,131172,東京都,北区,上十条５丁目,2022/5/12,0,一戸建住宅,その他,タイヤ・ホイール,北区上十条５丁目,35.7658266,139.7166145, 王子警察署 十条仲原交番,35.765446,139.719275
窃盗,部品ねらい,王子,十条仲原交番,131172,東京都,北区,十条仲原３丁目,2022/12/4,9,一戸建住宅,駐車（輪）場,その他,北区十条仲原３丁目,35.7663676,139.7201538, 王子警察署 十条仲原交番,35.765446,139.719275
窃盗,部品ねらい,王子,東十条交番,131172,東京都,北区,王子６丁目,2022/1/28,19,一戸建住宅,その他,その他,北区王子６丁目,35.761502,139.740464, 王子警察署 東十条交番,35.7660048,139.7286049
窃盗,部品ねらい,王子,東十条交番,131172,東京都,北区,東十条３丁目,2022/3/25,22,その他の住宅（３階建て以下共同住宅等）,駐車（輪）場,その他,北区東十条３丁目,35.764987,139.7287308, 王子警察署 東十条交番,35.7660048,139.7286049
窃盗,部品ねらい,王子,王子五丁目交番,131172,東京都,北区,王子５丁目,2022/1/15,13,４階建て以上共同住宅,駐車（輪）場,タイヤ・ホイール,北区王子５丁目,35.764854,139.735301, 王子警察署 王子五丁目交番,35.766171,139.735238
窃盗,部品ねらい,王子,王子五丁目交番,131172,東京都,北区,王子５丁目,2022/10/10,15,４階建て以上共同住宅,駐車（輪）場,その他,北区王子５丁目,35.764854,139.735301, 王子警察署 王子五丁目交番,35.766171,139.735238
窃盗,部品ねらい,王子,王子五丁目交番,131172,東京都,北区,王子５丁目,2022/11/16,14,４階建て以上共同住宅,駐車（輪）場,その他,北区王子５丁目,35.764854,139.735301, 王子警察署 王子五丁目交番,35.766171,139.735238
窃盗,部品ねらい,王子,王子本町交番,131172,東京都,北区,王子本町１丁目,2022/10/25,7,その他,駐車（輪）場,その他,北区王子本町１丁目,35.7538025,139.7338597, 王子警察署 王子本町交番,35.7538011,139.7337082
窃盗,部品ねらい,王子,王子本町交番,131172,東京都,北区,十条台１丁目,2022/6/23,15,その他,駐車（輪）場,ナンバープレート,北区十条台１丁目,35.7549679,139.7255633, 王子警察署 王子本町交番,35.7538011,139.7337082
窃盗,部品ねらい,王子,豊島五丁目駐在所,131172,東京都,北区,豊島５丁目,2022/5/27,17,４階建て以上共同住宅,駐車（輪）場,その他,北区豊島５丁目,35.7663583,139.754694, 王子警察署 豊島五丁目駐在所,35.764379,139.749669
窃盗,部品ねらい,王子,豊島五丁目駐在所,131172,東京都,北区,豊島５丁目,2022/9/5,16,４階建て以上共同住宅,駐車（輪）場,その他,北区豊島５丁目,35.7663583,139.754694, 王子警察署 豊島五丁目駐在所,35.764379,139.749669
窃盗,部品ねらい,王子,豊島五丁目駐在所,131172,東京都,北区,豊島６丁目,2022/2/27,18,駐車（輪）場,駐車（輪）場,その他,北区豊島６丁目,35.7651628,139.7464983, 王子警察署 豊島五丁目駐在所,35.764379,139.749669
窃盗,部品ねらい,赤羽,宮堀交番,131172,東京都,北区,神谷１丁目,2022/5/11,0,その他,駐車（輪）場,その他,北区神谷１丁目,35.7685793,139.7341073, 赤羽警察署 宮堀交番,35.7698269,139.7344397
窃盗,部品ねらい,赤羽,宮堀交番,131172,東京都,北区,神谷３丁目,2022/2/11,16,４階建て以上共同住宅,その他,ナンバープレート,北区神谷３丁目,35.7720736,139.7328563, 赤羽警察署 宮堀交番,35.7698269,139.7344397
窃盗,部品ねらい,赤羽,志茂四丁目交番,131172,東京都,北区,志茂４丁目,2022/2/10,9,４階建て以上共同住宅,駐車（輪）場,その他,北区志茂４丁目,35.78286,139.734812, 赤羽警察署 志茂四丁目交番,35.7804928,139.7304924
窃盗,部品ねらい,赤羽,志茂四丁目交番,131172,東京都,北区,志茂４丁目,2022/2/16,21,その他の住宅（３階建て以下共同住宅等）,その他,その他,北区志茂４丁目,35.78286,139.734812, 赤羽警察署 志茂四丁目交番,35.7804928,139.7304924
窃盗,部品ねらい,赤羽,志茂四丁目交番,131172,東京都,北区,志茂４丁目,2022/10/24,22,４階建て以上共同住宅,駐車（輪）場,その他,北区志茂４丁目,35.78286,139.734812, 赤羽警察署 志茂四丁目交番,35.7804928,139.7304924
窃盗,部品ねらい,赤羽,法善寺交番,131172,東京都,北区,赤羽台２丁目,2022/8/11,11,４階建て以上共同住宅,駐車（輪）場,その他,北区赤羽台２丁目,35.776291,139.713525, 赤羽警察署 法善寺交番,35.778695,139.7133961
窃盗,部品ねらい,赤羽,法善寺交番,131172,東京都,北区,赤羽西５丁目,2022/6/24,21,４階建て以上共同住宅,駐車（輪）場,ナンバープレート,北区赤羽西５丁目,35.773379,139.710546, 赤羽警察署 法善寺交番,35.778695,139.7133961
窃盗,部品ねらい,赤羽,法善寺交番,131172,東京都,北区,赤羽西５丁目,2022/7/13,17,４階建て以上共同住宅,駐車（輪）場,ナンバープレート,北区赤羽西５丁目,35.773379,139.710546, 赤羽警察署 法善寺交番,35.778695,139.7133961
窃盗,部品ねらい,赤羽,法善寺交番,131172,東京都,北区,桐ケ丘１丁目,2022/4/20,17,４階建て以上共同住宅,駐車（輪）場,ナンバープレート,北区桐ケ丘１丁目,35.7772158,139.7075109, 赤羽警察署 法善寺交番,35.778695,139.7133961
窃盗,部品ねらい,赤羽,法善寺交番,131172,東京都,北区,桐ケ丘１丁目,2022/5/3,18,４階建て以上共同住宅,駐車（輪）場,ナンバープレート,北区桐ケ丘１丁目,35.7772158,139.7075109, 赤羽警察署 法善寺交番,35.778695,139.7133961
窃盗,部品ねらい,赤羽,法善寺交番,131172,東京都,北区,桐ケ丘１丁目,2022/5/26,20,４階建て以上共同住宅,駐車（輪）場,ナンバープレート,北区桐ケ丘１丁目,35.7772158,139.7075109, 赤羽警察署 法善寺交番,35.778695,139.7133961
窃盗,部品ねらい,赤羽,法善寺交番,131172,東京都,北区,桐ケ丘１丁目,2022/7/9,17,４階建て以上共同住宅,駐車（輪）場,ナンバープレート,北区桐ケ丘１丁目,35.7772158,139.7075109, 赤羽警察署 法善寺交番,35.778695,139.7133961
窃盗,部品ねらい,赤羽,法善寺交番,131172,東京都,北区,桐ケ丘１丁目,2022/11/29,10,４階建て以上共同住宅,駐車（輪）場,その他,北区桐ケ丘１丁目,35.7772158,139.7075109, 赤羽警察署 法善寺交番,35.778695,139.7133961
窃盗,部品ねらい,赤羽,浮間交番,131172,東京都,北区,浮間１丁目,2022/3/1,20,４階建て以上共同住宅,駐車（輪）場,ナンバープレート,北区浮間１丁目,35.7910055,139.7061186, 赤羽警察署 浮間交番,35.7898038,139.6972592
窃盗,部品ねらい,赤羽,浮間交番,131172,東京都,北区,浮間１丁目,2022/7/1,18,４階建て以上共同住宅,駐車（輪）場,ナンバープレート,北区浮間１丁目,35.7910055,139.7061186, 赤羽警察署 浮間交番,35.7898038,139.6972592
窃盗,部品ねらい,赤羽,浮間交番,131172,東京都,北区,浮間１丁目,2022/8/12,7,４階建て以上共同住宅,駐車（輪）場,ナンバープレート,北区浮間１丁目,35.7910055,139.7061186, 赤羽警察署 浮間交番,35.7898038,139.6972592
窃盗,部品ねらい,赤羽,浮間交番,131172,東京都,北区,浮間２丁目,2022/5/17,22,道路上,その他,その他,北区浮間２丁目,35.7946482,139.6974139, 赤羽警察署 浮間交番,35.7898038,139.6972592
窃盗,部品ねらい,赤羽,浮間交番,131172,東京都,北区,浮間２丁目,2022/10/9,14,４階建て以上共同住宅,駐車（輪）場,ナンバープレート,北区浮間２丁目,35.7946482,139.6974139, 赤羽警察署 浮間交番,35.7898038,139.6972592
窃盗,部品ねらい,赤羽,浮間交番,131172,東京都,北区,浮間２丁目,2022/11/8,17,４階建て以上共同住宅,駐車（輪）場,タイヤ・ホイール,北区浮間２丁目,35.7946482,139.6974139, 赤羽警察署 浮間交番,35.7898038,139.6972592
窃盗,部品ねらい,赤羽,浮間交番,131172,東京都,北区,浮間３丁目,2022/2/17,20,駐車（輪）場,駐車（輪）場,その他,北区浮間３丁目,35.7862749,139.7020311, 赤羽警察署 浮間交番,35.7898038,139.6972592
窃盗,部品ねらい,赤羽,浮間交番,131172,東京都,北区,浮間３丁目,2022/3/9,16,４階建て以上共同住宅,駐車（輪）場,ナンバープレート,北区浮間３丁目,35.7862749,139.7020311, 赤羽警察署 浮間交番,35.7898038,139.6972592
窃盗,部品ねらい,赤羽,西が丘交番,131172,東京都,北区,西が丘２丁目,2022/1/22,10,道路上,その他,ナンバープレート,北区西が丘２丁目,35.766243,139.713198, 赤羽警察署 西が丘交番,35.7707128,139.7107481
窃盗,部品ねらい,赤羽,赤羽北交番,131172,東京都,北区,赤羽北２丁目,2022/2/28,19,４階建て以上共同住宅,駐車（輪）場,ナンバープレート,北区赤羽北２丁目,35.7852134,139.7073209, 赤羽警察署 赤羽北交番,35.7856645,139.7080241
窃盗,部品ねらい,赤羽,赤羽北交番,131172,東京都,北区,赤羽北３丁目,2022/4/22,17,４階建て以上共同住宅,駐車（輪）場,ナンバープレート,北区赤羽北３丁目,35.7811962,139.705137, 赤羽警察署 赤羽北交番,35.7856645,139.7080241
窃盗,部品ねらい,赤羽,赤羽北交番,131172,東京都,北区,赤羽北３丁目,2022/5/31,9,その他,駐車（輪）場,ナンバープレート,北区赤羽北３丁目,35.7811962,139.705137, 赤羽警察署 赤羽北交番,35.7856645,139.7080241
窃盗,部品ねらい,赤羽,赤羽北交番,131172,東京都,北区,赤羽北３丁目,2022/8/14,12,４階建て以上共同住宅,駐車（輪）場,タイヤ・ホイール,北区赤羽北３丁目,35.7811962,139.705137, 赤羽警察署 赤羽北交番,35.7856645,139.7080241
窃盗,部品ねらい,赤羽,赤羽駅前交番,131172,東京都,北区,赤羽１丁目,2022/5/8,8,駐車（輪）場,駐車（輪）場,その他,北区赤羽１丁目,35.7806673,139.7206438, 赤羽警察署 赤羽駅前交番,35.778420499999996,139.72107649136842
窃盗,部品ねらい,赤羽,赤羽駅前交番,131172,東京都,北区,赤羽１丁目,2022/6/28,17,４階建て以上共同住宅,駐車（輪）場,ナンバープレート,北区赤羽１丁目,35.7806673,139.7206438, 赤羽警察署 赤羽駅前交番,35.778420499999996,139.72107649136842
窃盗,部品ねらい,赤羽,赤羽駅前交番,131172,東京都,北区,浮間２丁目,2022/9/12,12,その他,駐車（輪）場,その他,北区浮間２丁目,35.7946482,139.6974139, 赤羽警察署 赤羽駅前交番,35.778420499999996,139.72107649136842
窃盗,部品ねらい,板橋,中板橋交番,131199,東京都,板橋区,双葉町,2022/6/23,13,その他の住宅（３階建て以下共同住宅等）,駐車（輪）場,ナンバープレート,板橋区双葉町,35.757975,139.698913, 板橋警察署 中板橋交番,35.755783,139.695797
窃盗,部品ねらい,板橋,富士見交番,131199,東京都,板橋区,富士見町,2022/2/12,12,その他の住宅（３階建て以下共同住宅等）,その他,その他,板橋区富士見町,35.7608452,139.6986944, 板橋警察署 富士見交番,35.7597925,139.6971563
窃盗,部品ねらい,板橋,富士見交番,131199,東京都,板橋区,富士見町,2022/7/28,16,その他の住宅（３階建て以下共同住宅等）,駐車（輪）場,その他,板橋区富士見町,35.7608452,139.6986944, 板橋警察署 富士見交番,35.7597925,139.6971563
窃盗,部品ねらい,板橋,常盤台交番,131199,東京都,板橋区,南常盤台１丁目,2022/7/2,14,４階建て以上共同住宅,駐車（輪）場,ナンバープレート,板橋区南常盤台１丁目,35.7564343,139.6892233, 板橋警察署 常盤台交番,35.7585929,139.6900187
窃盗,部品ねらい,板橋,平尾交番,131199,東京都,板橋区,板橋１丁目,2022/7/21,8,駐車（輪）場,駐車（輪）場,その他,板橋区板橋１丁目,35.747128,139.718085, 板橋警察署 平尾交番,35.74906,139.7155152
窃盗,部品ねらい,板橋,東山町交番,131199,東京都,板橋区,東山町,2022/4/28,11,その他の住宅（３階建て以下共同住宅等）,駐車（輪）場,その他,板橋区東山町,35.75433,139.687013, 板橋警察署 東山町交番,35.7552757,139.6876379
窃盗,部品ねらい,板橋,板橋本町交番,131199,東京都,板橋区,仲宿,2022/5/14,17,その他,駐車（輪）場,ナンバープレート,板橋区仲宿,35.7553466,139.7098504, 板橋警察署 板橋本町交番,35.7592239,139.7077697
窃盗,部品ねらい,板橋,熊野町交番,131199,東京都,板橋区,熊野町,2022/8/25,16,４階建て以上共同住宅,駐車（輪）場,その他,板橋区熊野町,35.74297225,139.70669279109813, 板橋警察署 熊野町交番,,
窃盗,部品ねらい,板橋,熊野町交番,131199,東京都,板橋区,熊野町,2022/10/1,0,４階建て以上共同住宅,駐車（輪）場,その他,板橋区熊野町,35.74297225,139.70669279109813, 板橋警察署 熊野町交番,,
窃盗,部品ねらい,板橋,熊野町交番,131199,東京都,板橋区,中丸町,2022/9/24,22,４階建て以上共同住宅,駐車（輪）場,その他,板橋区中丸町,35.741503800000004,139.70416585995173, 板橋警察署 熊野町交番,,
窃盗,部品ねらい,板橋,熊野町交番,131199,東京都,板橋区,中丸町,2022/9/29,1,道路上,その他,その他,板橋区中丸町,35.741503800000004,139.70416585995173, 板橋警察署 熊野町交番,,
窃盗,部品ねらい,板橋,熊野町交番,131199,東京都,板橋区,中丸町,2022/10/5,19,４階建て以上共同住宅,駐車（輪）場,その他,板橋区中丸町,35.741503800000004,139.70416585995173, 板橋警察署 熊野町交番,,
窃盗,部品ねらい,板橋,熊野町交番,131199,東京都,板橋区,中丸町,2022/12/11,15,４階建て以上共同住宅,駐車（輪）場,その他,板橋区中丸町,35.741503800000004,139.70416585995173, 板橋警察署 熊野町交番,,
窃盗,部品ねらい,板橋,養育院前交番,131199,東京都,板橋区,栄町,2022/7/23,9,その他,駐車（輪）場,ナンバープレート,板橋区栄町,35.753072,139.702148, 板橋警察署 養育院前交番,35.7498544,139.7017064
窃盗,部品ねらい,板橋,養育院前交番,131199,東京都,板橋区,栄町,2022/7/27,18,その他,駐車（輪）場,ナンバープレート,板橋区栄町,35.753072,139.702148, 板橋警察署 養育院前交番,35.7498544,139.7017064
窃盗,部品ねらい,志村,坂上交番,131199,東京都,板橋区,志村３丁目,2022/3/15,20,４階建て以上共同住宅,駐車（輪）場,その他,板橋区志村３丁目,35.7772732,139.6848541, 志村警察署 坂上交番,35.7765479,139.694403
窃盗,部品ねらい,志村,坂下交番,131199,東京都,板橋区,舟渡２丁目,2022/4/22,17,一戸建住宅,駐車（輪）場,ナンバープレート,板橋区舟渡２丁目,35.7965056,139.6907318, 志村警察署 坂下交番,35.7878838,139.6847005
窃盗,部品ねらい,志村,坂下交番,131199,東京都,板橋区,舟渡３丁目,2022/9/6,11,４階建て以上共同住宅,駐車（輪）場,その他,板橋区舟渡３丁目,35.7957332,139.6827958, 志村警察署 坂下交番,35.7878838,139.6847005
窃盗,部品ねらい,志村,小豆沢交番,131199,東京都,板橋区,小豆沢３丁目,2022/8/26,10,道路上,その他,その他,板橋区小豆沢３丁目,35.778658,139.695487, 志村警察署 小豆沢交番,35.774503,139.701685
窃盗,部品ねらい,志村,西台交番,131199,東京都,板橋区,西台２丁目,2022/2/17,16,その他の住宅（３階建て以下共同住宅等）,駐車（輪）場,その他,板橋区西台２丁目,35.7787642,139.6692417, 志村警察署 西台交番,35.773857,139.6704014
窃盗,部品ねらい,志村,西台交番,131199,東京都,板橋区,西台２丁目,2022/4/30,20,４階建て以上共同住宅,その他,その他,板橋区西台２丁目,35.7787642,139.6692417, 志村警察署 西台交番,35.773857,139.6704014
窃盗,部品ねらい,志村,西台交番,131199,東京都,板橋区,西台４丁目,2022/5/12,21,４階建て以上共同住宅,その他,ナンバープレート,板橋区西台４丁目,35.7699551,139.6679871, 志村警察署 西台交番,35.773857,139.6704014
窃盗,部品ねらい,志村,西台交番,131199,東京都,板橋区,西台４丁目,2022/8/1,不明,４階建て以上共同住宅,駐車（輪）場,ナンバープレート,板橋区西台４丁目,35.7699551,139.6679871, 志村警察署 西台交番,35.773857,139.6704014
窃盗,部品ねらい,練馬,中村橋交番,131202,東京都,練馬区,中村３丁目,2021/12/27,18,駐車（輪）場,駐車（輪）場,ナンバープレート,練馬区中村３丁目,35.7320757,139.6390267, 練馬警察署 中村橋交番,35.7362155,139.6381456
窃盗,部品ねらい,練馬,中村橋交番,131202,東京都,練馬区,中村北２丁目,2022/9/18,15,道路上,その他,その他,練馬区中村北２丁目,35.7357984,139.6432181, 練馬警察署 中村橋交番,35.7362155,139.6381456
窃盗,部品ねらい,練馬,富士見台駅前交番,131202,東京都,練馬区,貫井４丁目,2022/9/15,12,その他,駐車（輪）場,その他,練馬区貫井４丁目,35.7423367,139.629557, 練馬警察署 富士見台駅前交番,35.7360425,139.6301928
窃盗,部品ねらい,練馬,早宮交番,131202,東京都,練馬区,早宮２丁目,2022/1/10,15,４階建て以上共同住宅,駐車（輪）場,その他,練馬区早宮２丁目,35.755182,139.653767, 練馬警察署 早宮交番,35.7546102,139.6587257
窃盗,部品ねらい,練馬,早宮交番,131202,東京都,練馬区,早宮２丁目,2022/7/19,10,その他,駐車（輪）場,その他,練馬区早宮２丁目,35.755182,139.653767, 練馬警察署 早宮交番,35.7546102,139.6587257
窃盗,部品ねらい,練馬,早宮交番,131202,東京都,練馬区,早宮３丁目,2022/10/13,18,４階建て以上共同住宅,駐車（輪）場,その他,練馬区早宮３丁目,35.748396,139.652598, 練馬警察署 早宮交番,35.7546102,139.6587257
窃盗,部品ねらい,練馬,早宮交番,131202,東京都,練馬区,早宮３丁目,2022/11/15,18,一戸建住宅,駐車（輪）場,その他,練馬区早宮３丁目,35.748396,139.652598, 練馬警察署 早宮交番,35.7546102,139.6587257
窃盗,部品ねらい,練馬,春日町交番,131202,東京都,練馬区,春日町３丁目,2022/3/11,9,駐車（輪）場,駐車（輪）場,その他,練馬区春日町３丁目,35.7498926,139.6423919, 練馬警察署 春日町交番,35.7514052,139.6398269
窃盗,部品ねらい,練馬,氷川台駐在所,131202,東京都,練馬区,氷川台２丁目,2022/9/6,20,４階建て以上共同住宅,駐車（輪）場,タイヤ・ホイール,練馬区氷川台２丁目,35.7565363,139.6686128, 練馬警察署 氷川台駐在所,35.754143,139.669022
窃盗,部品ねらい,練馬,氷川神社前交番,131202,東京都,練馬区,豊玉中２丁目,2022/8/21,22,道路上,その他,その他,練馬区豊玉中２丁目,35.731217,139.658939, 練馬警察署 氷川神社前交番,35.7292648,139.6564385
窃盗,部品ねらい,練馬,羽沢交番,131202,東京都,練馬区,羽沢２丁目,2022/11/6,18,４階建て以上共同住宅,駐車（輪）場,その他,練馬区羽沢２丁目,35.7450148,139.670857, 練馬警察署 羽沢交番,35.741872,139.6694681
窃盗,部品ねらい,石神井,上石神井駅前交番,131202,東京都,練馬区,上石神井３丁目,2022/7/26,18,駐車（輪）場,駐車（輪）場,その他,練馬区上石神井３丁目,35.7324474,139.5952185, 石神井警察署 上石神井駅前交番,35.7264574,139.5913452
窃盗,部品ねらい,石神井,北大泉交番,131202,東京都,練馬区,大泉町１丁目,2022/12/15,18,駐車（輪）場,駐車（輪）場,ナンバープレート,練馬区大泉町１丁目,35.7673437,139.6067142, 石神井警察署 北大泉交番,35.7629012,139.5997741
窃盗,部品ねらい,石神井,北大泉交番,131202,東京都,練馬区,大泉町４丁目,2022/2/5,5,道路上,その他,その他,練馬区大泉町４丁目,35.762658,139.596894, 石神井警察署 北大泉交番,35.7629012,139.5997741
窃盗,部品ねらい,石神井,北大泉交番,131202,東京都,練馬区,大泉町５丁目,2022/1/26,20,駐車（輪）場,駐車（輪）場,ナンバープレート,練馬区大泉町５丁目,35.7598446,139.5952534, 石神井警察署 北大泉交番,35.7629012,139.5997741
窃盗,部品ねらい,石神井,南大泉交番,131202,東京都,練馬区,西大泉１丁目,2022/3/17,17,その他の住宅（３階建て以下共同住宅等）,駐車（輪）場,その他,練馬区西大泉１丁目,35.7538774,139.5776355, 石神井警察署 南大泉交番,35.7441646,139.5725476
窃盗,部品ねらい,石神井,南大泉交番,131202,東京都,練馬区,南大泉３丁目,2022/9/15,11,駐車（輪）場,駐車（輪）場,その他,練馬区南大泉３丁目,35.7436901,139.5703907, 石神井警察署 南大泉交番,35.7441646,139.5725476
窃盗,部品ねらい,石神井,南大泉交番,131202,東京都,練馬区,南大泉４丁目,2022/6/26,18,その他の住宅（３階建て以下共同住宅等）,駐車（輪）場,その他,練馬区南大泉４丁目,35.7463719,139.5740124, 石神井警察署 南大泉交番,35.7441646,139.5725476
窃盗,部品ねらい,石神井,大泉学園交番,131202,東京都,練馬区,大泉学園町４丁目,2022/12/24,13,その他の住宅（３階建て以下共同住宅等）,駐車（輪）場,その他,練馬区大泉学園町４丁目,35.765984,139.590857, 石神井警察署 大泉学園交番,35.7679361,139.587336
窃盗,部品ねらい,石神井,大泉学園交番,131202,東京都,練馬区,大泉学園町７丁目,2022/10/27,0,その他の住宅（３階建て以下共同住宅等）,駐車（輪）場,ナンバープレート,練馬区大泉学園町７丁目,35.772928,139.588904, 石神井警察署 大泉学園交番,35.7679361,139.587336
窃盗,部品ねらい,石神井,武蔵関駅前交番,131202,東京都,練馬区,関町北４丁目,2022/6/18,19,その他の住宅（３階建て以下共同住宅等）,駐車（輪）場,その他,練馬区関町北４丁目,35.7295765,139.5723896, 石神井警察署 武蔵関駅前交番,35.7272969,139.5767125
窃盗,部品ねらい,石神井,石神井南駐在所,131202,東京都,練馬区,下石神井４丁目,2022/12/27,2,道路上,その他,その他,練馬区下石神井４丁目,35.727752,139.60165, 石神井警察署 石神井南駐在所,35.7288887,139.6056179
窃盗,部品ねらい,高島平,上赤塚交番,131199,東京都,板橋区,成増４丁目,2022/9/10,20,その他の住宅（３階建て以下共同住宅等）,駐車（輪）場,その他,板橋区成増４丁目,35.7843205,139.6345018, 高島平警察署 上赤塚交番,35.7819196,139.637888
窃盗,部品ねらい,高島平,上赤塚交番,131199,東京都,板橋区,成増５丁目,2022/7/23,13,４階建て以上共同住宅,駐車（輪）場,ナンバープレート,板橋区成増５丁目,35.7865442,139.6332572, 高島平警察署 上赤塚交番,35.7819196,139.637888
窃盗,部品ねらい,高島平,下赤塚交番,131199,東京都,板橋区,赤塚１丁目,2017/6/1,0,一戸建住宅,その他,ナンバープレート,板橋区赤塚１丁目,35.7715742,139.6487892, 高島平警察署 下赤塚交番,35.7706482,139.6456964
窃盗,部品ねらい,高島平,下赤塚交番,131199,東京都,板橋区,赤塚新町１丁目,2022/11/17,9,駐車（輪）場,駐車（輪）場,その他,板橋区赤塚新町１丁目,35.7695476,139.6466737, 高島平警察署 下赤塚交番,35.7706482,139.6456964
窃盗,部品ねらい,高島平,下赤塚交番,131199,東京都,板橋区,赤塚新町３丁目,2022/7/16,11,４階建て以上共同住宅,駐車（輪）場,その他,板橋区赤塚新町３丁目,35.7709715,139.6371411, 高島平警察署 下赤塚交番,35.7706482,139.6456964
窃盗,部品ねらい,高島平,北野交番,131199,東京都,板橋区,徳丸２丁目,2022/5/30,9,その他,駐車（輪）場,その他,板橋区徳丸２丁目,35.7720778,139.6617347, 高島平警察署 北野交番,35.7690973,139.6617344
窃盗,部品ねらい,高島平,徳丸駐在所,131199,東京都,板橋区,徳丸６丁目,2022/11/25,10,４階建て以上共同住宅,駐車（輪）場,ナンバープレート,板橋区徳丸６丁目,35.7781266,139.6612783, 高島平警察署 徳丸駐在所,35.7795504,139.6593888
窃盗,部品ねらい,高島平,徳丸駐在所,131199,東京都,板橋区,徳丸８丁目,2022/4/9,7,その他,駐車（輪）場,ナンバープレート,板橋区徳丸８丁目,35.7817864,139.6573086, 高島平警察署 徳丸駐在所,35.7795504,139.6593888
窃盗,部品ねらい,高島平,成増駅前交番,131199,東京都,板橋区,成増４丁目,2022/9/16,21,その他の住宅（３階建て以下共同住宅等）,駐車（輪）場,その他,板橋区成増４丁目,35.7843205,139.6345018, 高島平警察署 成増駅前交番,35.7770465,139.6325992
窃盗,部品ねらい,高島平,新河岸交番,131199,東京都,板橋区,新河岸１丁目,2022/6/16,8,４階建て以上共同住宅,駐車（輪）場,ナンバープレート,板橋区新河岸１丁目,35.7960717,139.6677515, 高島平警察署 新河岸交番,35.7950655,139.663917
窃盗,部品ねらい,高島平,西台駅前交番,131199,東京都,板橋区,高島平１丁目,2021/6/1,不明,４階建て以上共同住宅,駐車（輪）場,ナンバープレート,板橋区高島平１丁目,35.7838909,139.6698298, 高島平警察署 西台駅前交番,35.7866226,139.6740596
窃盗,部品ねらい,高島平,西台駅前交番,131199,東京都,板橋区,高島平１丁目,2022/4/17,18,４階建て以上共同住宅,駐車（輪）場,その他,板橋区高島平１丁目,35.7838909,139.6698298, 高島平警察署 西台駅前交番,35.7866226,139.6740596
窃盗,部品ねらい,高島平,西台駅前交番,131199,東京都,板橋区,高島平１丁目,2022/10/22,20,４階建て以上共同住宅,駐車（輪）場,ナンバープレート,板橋区高島平１丁目,35.7838909,139.6698298, 高島平警察署 西台駅前交番,35.7866226,139.6740596
窃盗,部品ねらい,高島平,西台駅前交番,131199,東京都,板橋区,高島平９丁目,2022/10/26,18,４階建て以上共同住宅,駐車（輪）場,ナンバープレート,板橋区高島平９丁目,35.7897936,139.6693598, 高島平警察署 西台駅前交番,35.7866226,139.6740596
窃盗,部品ねらい,高島平,高島平駅前交番,131199,東京都,板橋区,高島平２丁目,2022/2/14,18,４階建て以上共同住宅,駐車（輪）場,ナンバープレート,板橋区高島平２丁目,35.7852516,139.6627054, 高島平警察署 高島平駅前交番,35.7884192,139.660177
窃盗,部品ねらい,高島平,高島平駅前交番,131199,東京都,板橋区,高島平２丁目,2022/3/10,11,４階建て以上共同住宅,駐車（輪）場,その他,板橋区高島平２丁目,35.7852516,139.6627054, 高島平警察署 高島平駅前交番,35.7884192,139.660177
窃盗,部品ねらい,高島平,高島平駅前交番,131199,東京都,板橋区,高島平２丁目,2022/4/7,12,４階建て以上共同住宅,駐車（輪）場,タイヤ・ホイール,板橋区高島平２丁目,35.7852516,139.6627054, 高島平警察署 高島平駅前交番,35.7884192,139.660177
窃盗,部品ねらい,高島平,高島平駅前交番,131199,東京都,板橋区,高島平２丁目,2022/8/25,16,４階建て以上共同住宅,駐車（輪）場,ナンバープレート,板橋区高島平２丁目,35.7852516,139.6627054, 高島平警察署 高島平駅前交番,35.7884192,139.660177
窃盗,部品ねらい,光が丘,光が丘三丁目交番,131202,東京都,練馬区,田柄３丁目,2022/10/2,15,４階建て以上共同住宅,駐車（輪）場,ナンバープレート,練馬区田柄３丁目,35.759439,139.638917, 光が丘警察署 光が丘三丁目交番,35.7539245,139.6268331
窃盗,部品ねらい,光が丘,光が丘三丁目交番,131202,東京都,練馬区,田柄３丁目,2022/10/2,19,４階建て以上共同住宅,駐車（輪）場,ナンバープレート,練馬区田柄３丁目,35.759439,139.638917, 光が丘警察署 光が丘三丁目交番,35.7539245,139.6268331
窃盗,部品ねらい,光が丘,光が丘三丁目交番,131202,東京都,練馬区,光が丘２丁目,2022/3/15,21,４階建て以上共同住宅,駐車（輪）場,タイヤ・ホイール,練馬区光が丘２丁目,35.761559,139.632214, 光が丘警察署 光が丘三丁目交番,35.7539245,139.6268331
窃盗,部品ねらい,光が丘,光が丘三丁目交番,131202,東京都,練馬区,光が丘２丁目,2022/4/16,20,４階建て以上共同住宅,駐車（輪）場,その他,練馬区光が丘２丁目,35.761559,139.632214, 光が丘警察署 光が丘三丁目交番,35.7539245,139.6268331
窃盗,部品ねらい,光が丘,光が丘三丁目交番,131202,東京都,練馬区,光が丘３丁目,2022/3/19,10,４階建て以上共同住宅,駐車（輪）場,その他,練馬区光が丘３丁目,35.756237,139.629267, 光が丘警察署 光が丘三丁目交番,35.7539245,139.6268331
窃盗,部品ねらい,光が丘,光が丘三丁目交番,131202,東京都,練馬区,光が丘３丁目,2022/8/8,21,４階建て以上共同住宅,駐車（輪）場,その他,練馬区光が丘３丁目,35.756237,139.629267, 光が丘警察署 光が丘三丁目交番,35.7539245,139.6268331
窃盗,部品ねらい,光が丘,光が丘三丁目交番,131202,東京都,練馬区,光が丘３丁目,2022/9/18,22,４階建て以上共同住宅,駐車（輪）場,その他,練馬区光が丘３丁目,35.756237,139.629267, 光が丘警察署 光が丘三丁目交番,35.7539245,139.6268331
窃盗,部品ねらい,光が丘,光が丘三丁目交番,131202,東京都,練馬区,光が丘７丁目,2022/5/23,19,４階建て以上共同住宅,駐車（輪）場,その他,練馬区光が丘７丁目,35.75601,139.623931, 光が丘警察署 光が丘三丁目交番,35.7539245,139.6268331
窃盗,部品ねらい,光が丘,北町交番,131202,東京都,練馬区,北町１丁目,2022/1/27,18,４階建て以上共同住宅,駐車（輪）場,その他,練馬区北町１丁目,35.7651329,139.6666486, 光が丘警察署 北町交番,35.7643683,139.6636171
窃盗,部品ねらい,光が丘,北町交番,131202,東京都,練馬区,北町２丁目,2022/5/15,19,４階建て以上共同住宅,駐車（輪）場,タイヤ・ホイール,練馬区北町２丁目,35.766732,139.660792, 光が丘警察署 北町交番,35.7643683,139.6636171
窃盗,部品ねらい,光が丘,北町交番,131202,東京都,練馬区,錦２丁目,2021/12/29,15,４階建て以上共同住宅,駐車（輪）場,タイヤ・ホイール,練馬区錦２丁目,35.7620542,139.6655456, 光が丘警察署 北町交番,35.7643683,139.6636171
窃盗,部品ねらい,光が丘,北町交番,131202,東京都,練馬区,錦２丁目,2022/10/6,18,その他,駐車（輪）場,その他,練馬区錦２丁目,35.7620542,139.6655456, 光が丘警察署 北町交番,35.7643683,139.6636171
窃盗,部品ねらい,光が丘,土支田交番,131202,東京都,練馬区,土支田４丁目,2022/7/4,21,駐車（輪）場,駐車（輪）場,その他,練馬区土支田４丁目,35.7675894,139.6141984, 光が丘警察署 土支田交番,35.7666137,139.6199133
窃盗,部品ねらい,光が丘,田柄交番,131202,東京都,練馬区,田柄２丁目,2022/5/25,12,道路上,その他,タイヤ・ホイール,練馬区田柄２丁目,35.766462,139.644787, 光が丘警察署 田柄交番,35.7663116,139.6414547
窃盗,部品ねらい,光が丘,田柄交番,131202,東京都,練馬区,田柄３丁目,2022/10/4,14,駐車（輪）場,駐車（輪）場,ナンバープレート,練馬区田柄３丁目,35.759439,139.638917, 光が丘警察署 田柄交番,35.7663116,139.6414547
窃盗,部品ねらい,光が丘,練馬高野台駅前交番,131202,東京都,練馬区,富士見台２丁目,2022/3/9,17,道路上,その他,タイヤ・ホイール,練馬区富士見台２丁目,35.735679,139.622691, 光が丘警察署 練馬高野台駅前交番,35.7408794,139.6165891
窃盗,部品ねらい,上野,上野駅前交番,131067,東京都,台東区,上野７丁目,2022/4/17,18,駐車（輪）場,駐車（輪）場,その他,台東区上野７丁目,35.715837,139.7798051, 上野警察署 上野駅前交番,,
窃盗,部品ねらい,上野,公園前交番,131067,東京都,台東区,上野２丁目,2022/11/11,12,その他,その他,ナンバープレート,台東区上野２丁目,35.7090563,139.7723553, 上野警察署 公園前交番,35.71087295,139.77378686466997
窃盗,部品ねらい,上野,公園前交番,131067,東京都,台東区,上野３丁目,2022/12/19,10,その他,駐車（輪）場,その他,台東区上野３丁目,35.7054109,139.7733376, 上野警察署 公園前交番,35.71087295,139.77378686466997
窃盗,部品ねらい,上野,公園前交番,131067,東京都,台東区,上野６丁目,2022/4/16,12,駐車（輪）場,駐車（輪）場,その他,台東区上野６丁目,35.7092137,139.7758327, 上野警察署 公園前交番,35.71087295,139.77378686466997
窃盗,部品ねらい,上野,台東交番,131067,東京都,台東区,上野５丁目,2022/9/5,19,駐車（輪）場,駐車（輪）場,その他,台東区上野５丁目,35.7051436,139.7758287, 上野警察署 台東交番,35.70244445,139.7762066022292
窃盗,部品ねらい,上野,台東交番,131067,東京都,台東区,上野５丁目,2022/9/25,1,駐車（輪）場,駐車（輪）場,その他,台東区上野５丁目,35.7051436,139.7758287, 上野警察署 台東交番,35.70244445,139.7762066022292
窃盗,部品ねらい,上野,御徒町交番,131067,東京都,台東区,上野５丁目,2022/11/17,9,駐車（輪）場,駐車（輪）場,その他,台東区上野５丁目,35.7051436,139.7758287, 上野警察署 御徒町交番,35.70593255,139.77641334999998
窃盗,部品ねらい,上野,御徒町交番,131067,東京都,台東区,東上野２丁目,2022/10/21,21,道路上,その他,その他,台東区東上野２丁目,35.7097924,139.7791842, 上野警察署 御徒町交番,35.70593255,139.77641334999998
窃盗,部品ねらい,上野,稲荷町交番,131067,東京都,台東区,東上野４丁目,2022/1/28,1,その他,駐車（輪）場,ナンバープレート,台東区東上野４丁目,35.7139304,139.7809356, 上野警察署 稲荷町交番,35.71150765,139.7826375
窃盗,部品ねらい,下谷,三ノ輪交番,131067,東京都,台東区,竜泉１丁目,2022/8/8,18,４階建て以上共同住宅,駐車（輪）場,タイヤ・ホイール,台東区竜泉１丁目,35.7234577,139.7893551, 下谷警察署 三ノ輪交番,,
窃盗,部品ねらい,下谷,入谷東交番,131067,東京都,台東区,入谷１丁目,2022/4/18,12,一戸建住宅,駐車（輪）場,その他,台東区入谷１丁目,35.7205441,139.7862263, 下谷警察署 入谷東交番,35.7182545,139.7883996
窃盗,部品ねらい,下谷,入谷東交番,131067,東京都,台東区,入谷１丁目,2022/9/25,21,駐車（輪）場,駐車（輪）場,ナンバープレート,台東区入谷１丁目,35.7205441,139.7862263, 下谷警察署 入谷東交番,35.7182545,139.7883996
窃盗,部品ねらい,下谷,入谷西交番,131067,東京都,台東区,下谷１丁目,2022/5/1,19,道路上,その他,その他,台東区下谷１丁目,35.7188586,139.7820783, 下谷警察署 入谷西交番,35.719012649999996,139.78354389999998
窃盗,部品ねらい,下谷,入谷西交番,131067,東京都,台東区,根岸１丁目,2022/4/17,18,４階建て以上共同住宅,駐車（輪）場,その他,台東区根岸１丁目,35.7215664,139.7794859, 下谷警察署 入谷西交番,35.719012649999996,139.78354389999998
窃盗,部品ねらい,下谷,鶯谷駅前交番,131067,東京都,台東区,根岸１丁目,2022/1/27,21,道路上,その他,その他,台東区根岸１丁目,35.7215664,139.7794859, 下谷警察署 鶯谷駅前交番,35.7228986,139.7778544
窃盗,部品ねらい,下谷,鶯谷駅前交番,131067,東京都,台東区,根岸１丁目,2022/4/17,13,道路上,その他,その他,台東区根岸１丁目,35.7215664,139.7794859, 下谷警察署 鶯谷駅前交番,35.7228986,139.7778544
窃盗,部品ねらい,下谷,鶯谷駅前交番,131067,東京都,台東区,根岸１丁目,2022/4/17,16,道路上,その他,その他,台東区根岸１丁目,35.7215664,139.7794859, 下谷警察署 鶯谷駅前交番,35.7228986,139.7778544
窃盗,部品ねらい,下谷,鶯谷駅前交番,131067,東京都,台東区,根岸１丁目,2022/4/17,17,道路上,その他,その他,台東区根岸１丁目,35.7215664,139.7794859, 下谷警察署 鶯谷駅前交番,35.7228986,139.7778544
窃盗,部品ねらい,下谷,鶯谷駅前交番,131067,東京都,台東区,根岸３丁目,2022/4/15,18,駐車（輪）場,駐車（輪）場,その他,台東区根岸３丁目,35.7227042,139.7816223, 下谷警察署 鶯谷駅前交番,35.7228986,139.7778544
窃盗,部品ねらい,下谷,鶯谷駅前交番,131067,東京都,台東区,根岸３丁目,2022/4/17,11,駐車（輪）場,駐車（輪）場,その他,台東区根岸３丁目,35.7227042,139.7816223, 下谷警察署 鶯谷駅前交番,35.7228986,139.7778544
窃盗,部品ねらい,下谷,鶯谷駅前交番,131067,東京都,台東区,根岸３丁目,2022/4/17,16,その他の住宅（３階建て以下共同住宅等）,駐車（輪）場,その他,台東区根岸３丁目,35.7227042,139.7816223, 下谷警察署 鶯谷駅前交番,35.7228986,139.7778544
窃盗,部品ねらい,下谷,鶯谷駅前交番,131067,東京都,台東区,根岸３丁目,2022/6/12,18,４階建て以上共同住宅,駐車（輪）場,その他,台東区根岸３丁目,35.7227042,139.7816223, 下谷警察署 鶯谷駅前交番,35.7228986,139.7778544
窃盗,部品ねらい,浅草,公園六区交番,131067,東京都,台東区,浅草１丁目,2016/6/1,不明,道路上,その他,ナンバープレート,台東区浅草１丁目,35.7123144,139.7952171, 浅草警察署 公園六区交番,35.7137827,139.7934642
窃盗,部品ねらい,浅草,公園六区交番,131067,東京都,台東区,西浅草３丁目,2022/11/12,18,駐車（輪）場,駐車（輪）場,ナンバープレート,台東区西浅草３丁目,35.7159557,139.7913305, 浅草警察署 公園六区交番,35.7137827,139.7934642
窃盗,部品ねらい,浅草,東浅草交番,131067,東京都,台東区,浅草５丁目,2022/1/2,10,道路上,その他,その他,台東区浅草５丁目,35.7210602,139.7976485, 浅草警察署 東浅草交番,35.7229992,139.8013729
窃盗,部品ねらい,浅草,聖天町交番,131067,東京都,台東区,浅草６丁目,2022/6/26,9,４階建て以上共同住宅,駐車（輪）場,その他,台東区浅草６丁目,35.7179178,139.800957, 浅草警察署 聖天町交番,35.715596,139.802013
窃盗,部品ねらい,浅草,花川戸交番,131067,東京都,台東区,花川戸１丁目,2022/7/4,13,その他,駐車（輪）場,その他,台東区花川戸１丁目,35.7121554,139.7997218, 浅草警察署 花川戸交番,,
窃盗,部品ねらい,浅草,西浅草三丁目交番,131067,東京都,台東区,浅草３丁目,2022/5/26,18,道路上,その他,その他,台東区浅草３丁目,35.7173102,139.7961143, 浅草警察署 西浅草三丁目交番,35.7171625,139.7924136
窃盗,部品ねらい,浅草,西浅草三丁目交番,131067,東京都,台東区,浅草３丁目,2022/12/2,18,駐車（輪）場,駐車（輪）場,ナンバープレート,台東区浅草３丁目,35.7173102,139.7961143, 浅草警察署 西浅草三丁目交番,35.7171625,139.7924136
窃盗,部品ねらい,蔵前,小島二丁目交番,131067,東京都,台東区,三筋１丁目,2022/4/9,14,４階建て以上共同住宅,その他,その他,台東区三筋１丁目,35.7036854,139.7860989, 蔵前警察署 小島二丁目交番,35.70658655,139.78487540368633
窃盗,部品ねらい,蔵前,田原町交番,131067,東京都,台東区,西浅草１丁目,2022/6/4,11,一戸建住宅,その他,その他,台東区西浅草１丁目,35.7109331,139.7905185, 蔵前警察署 田原町交番,35.7105111,139.7884119
窃盗,部品ねらい,尾久,西尾久交番,131181,東京都,荒川区,西尾久４丁目,2022/7/8,13,一戸建住宅,駐車（輪）場,その他,荒川区西尾久４丁目,35.745371,139.759525, 尾久警察署 西尾久交番,35.7456347,139.7630234
窃盗,部品ねらい,尾久,西尾久交番,131181,東京都,荒川区,東尾久５丁目,2022/3/22,15,一戸建住宅,駐車（輪）場,その他,荒川区東尾久５丁目,35.747467,139.767758, 尾久警察署 西尾久交番,35.7456347,139.7630234
窃盗,部品ねらい,南千住,南千住三丁目交番,131181,東京都,荒川区,南千住２丁目,2022/10/18,16,駐車（輪）場,駐車（輪）場,その他,荒川区南千住２丁目,35.730151,139.796665, 南千住警察署 南千住三丁目交番,35.73013255,139.799166
窃盗,部品ねらい,南千住,南千住八丁目交番,131181,東京都,荒川区,南千住７丁目,2022/5/1,10,４階建て以上共同住宅,駐車（輪）場,ナンバープレート,荒川区南千住７丁目,35.735666,139.798688, 南千住警察署 南千住八丁目交番,35.7371715,139.8069079
窃盗,部品ねらい,南千住,南千住駅東口交番,131181,東京都,荒川区,南千住４丁目,2022/4/16,12,駐車（輪）場,駐車（輪）場,その他,荒川区南千住４丁目,35.734295,139.802731, 南千住警察署 南千住駅東口交番,35.732836,139.799921
窃盗,部品ねらい,南千住,南千住駅東口交番,131181,東京都,荒川区,南千住５丁目,2022/12/25,18,駐車（輪）場,駐車（輪）場,その他,荒川区南千住５丁目,35.733617,139.795661, 南千住警察署 南千住駅東口交番,35.732836,139.799921
窃盗,部品ねらい,荒川,三河島駅前交番,131181,東京都,荒川区,荒川３丁目,2021/12/26,13,道路上,その他,その他,荒川区荒川３丁目,35.734245,139.781115, 荒川警察署 三河島駅前交番,,
窃盗,部品ねらい,荒川,三河島駅前交番,131181,東京都,荒川区,荒川３丁目,2022/2/27,20,道路上,その他,その他,荒川区荒川３丁目,35.734245,139.781115, 荒川警察署 三河島駅前交番,,
窃盗,部品ねらい,荒川,三河島駅前交番,131181,東京都,荒川区,東日暮里６丁目,2022/5/28,16,４階建て以上共同住宅,駐車（輪）場,その他,荒川区東日暮里６丁目,35.730937,139.776514, 荒川警察署 三河島駅前交番,,
窃盗,部品ねらい,荒川,日暮里駅前交番,131181,東京都,荒川区,西日暮里２丁目,2022/9/28,13,道路上,その他,その他,荒川区西日暮里２丁目,35.730395,139.771031, 荒川警察署 日暮里駅前交番,35.7283842,139.7717987
窃盗,部品ねらい,荒川,荒川五丁目交番,131181,東京都,荒川区,荒川４丁目,2022/3/15,17,４階建て以上共同住宅,駐車（輪）場,その他,荒川区荒川４丁目,35.737978,139.779571, 荒川警察署 荒川五丁目交番,35.7374021,139.7766867
窃盗,部品ねらい,荒川,荒川五丁目交番,131181,東京都,荒川区,荒川４丁目,2022/7/24,15,４階建て以上共同住宅,駐車（輪）場,ナンバープレート,荒川区荒川４丁目,35.737978,139.779571, 荒川警察署 荒川五丁目交番,35.7374021,139.7766867
窃盗,部品ねらい,荒川,荒川五丁目交番,131181,東京都,荒川区,荒川７丁目,2022/7/17,14,駐車（輪）場,駐車（輪）場,その他,荒川区荒川７丁目,35.7416636,139.7821709, 荒川警察署 荒川五丁目交番,35.7374021,139.7766867
窃盗,部品ねらい,荒川,西日暮里駅前交番,131181,東京都,荒川区,西日暮里５丁目,2022/8/2,9,駐車（輪）場,駐車（輪）場,その他,荒川区西日暮里５丁目,35.732876,139.768386, 荒川警察署 西日暮里駅前交番,35.7319787,139.76643816110277
窃盗,部品ねらい,千住,北千住駅東口交番,131211,東京都,足立区,千住旭町,2022/10/22,18,駐車（輪）場,駐車（輪）場,その他,足立区千住旭町,35.750608650000004,139.80718648907248, 千住警察署 北千住駅東口交番,35.7490995,139.806202
窃盗,部品ねらい,千住,北千住駅東口交番,131211,東京都,足立区,千住旭町,2022/11/14,2,道路上,その他,ナンバープレート,足立区千住旭町,35.750608650000004,139.80718648907248, 千住警察署 北千住駅東口交番,35.7490995,139.806202
窃盗,部品ねらい,千住,北千住駅西口交番,131211,東京都,足立区,千住２丁目,2022/3/4,8,駐車（輪）場,駐車（輪）場,その他,足立区千住２丁目,35.7494685,139.8019802, 千住警察署 北千住駅西口交番,35.7502869,139.8040745
窃盗,部品ねらい,千住,千住四丁目交番,131211,東京都,足立区,千住４丁目,2022/8/17,15,駐車（輪）場,駐車（輪）場,ナンバープレート,足立区千住４丁目,35.7536348,139.8027205, 千住警察署 千住四丁目交番,35.7537348,139.8011798
窃盗,部品ねらい,千住,千住四丁目交番,131211,東京都,足立区,千住５丁目,2022/6/26,13,４階建て以上共同住宅,駐車（輪）場,ナンバープレート,足立区千住５丁目,35.7551672,139.803772, 千住警察署 千住四丁目交番,35.7537348,139.8011798
窃盗,部品ねらい,千住,千住四丁目交番,131211,東京都,足立区,千住大川町,2022/9/26,5,駐車（輪）場,駐車（輪）場,ナンバープレート,足立区千住大川町,35.75821575,139.79821963869614, 千住警察署 千住四丁目交番,35.7537348,139.8011798
窃盗,部品ねらい,千住,千住四丁目交番,131211,東京都,足立区,千住寿町,2022/4/28,20,道路上,その他,その他,足立区千住寿町,35.752976950000004,139.79915433394862, 千住警察署 千住四丁目交番,35.7537348,139.8011798
窃盗,部品ねらい,千住,旭町交番,131211,東京都,足立区,千住東２丁目,2022/1/8,14,４階建て以上共同住宅,駐車（輪）場,ナンバープレート,足立区千住東２丁目,35.7457112,139.8081493, 千住警察署 旭町交番,35.746704,139.809733
窃盗,部品ねらい,千住,桜木町交番,131211,東京都,足立区,千住宮元町,2021/7/31,23,４階建て以上共同住宅,駐車（輪）場,ナンバープレート,足立区千住宮元町,35.7474941,139.79592174201807, 千住警察署 桜木町交番,35.7557618,139.7901138
窃盗,部品ねらい,西新井,大師前交番,131211,東京都,足立区,栗原３丁目,2022/10/24,14,駐車（輪）場,駐車（輪）場,ナンバープレート,足立区栗原３丁目,35.7806781,139.7848141, 西新井警察署 大師前交番,35.7782571,139.7810109
窃盗,部品ねらい,西新井,大師前交番,131211,東京都,足立区,西新井１丁目,2022/9/5,23,４階建て以上共同住宅,駐車（輪）場,その他,足立区西新井１丁目,35.78031,139.781021, 西新井警察署 大師前交番,35.7782571,139.7810109
窃盗,部品ねらい,西新井,大師前交番,131211,東京都,足立区,西新井本町２丁目,2022/7/6,13,４階建て以上共同住宅,駐車（輪）場,ナンバープレート,足立区西新井本町２丁目,35.7767394,139.7726154, 西新井警察署 大師前交番,35.7782571,139.7810109
窃盗,部品ねらい,西新井,島根交番,131211,東京都,足立区,島根４丁目,2022/6/17,20,一戸建住宅,駐車（輪）場,ナンバープレート,足立区島根４丁目,35.7835764,139.7946551, 西新井警察署 島根交番,35.7820463,139.7978116
窃盗,部品ねらい,西新井,扇交番,131211,東京都,足立区,扇１丁目,2021/12/26,23,４階建て以上共同住宅,その他,ナンバープレート,足立区扇１丁目,35.7631595,139.7731733, 西新井警察署 扇交番,35.7680423,139.7700087
窃盗,部品ねらい,西新井,扇交番,131211,東京都,足立区,扇１丁目,2022/10/12,16,その他,駐車（輪）場,ナンバープレート,足立区扇１丁目,35.7631595,139.7731733, 西新井警察署 扇交番,35.7680423,139.7700087
窃盗,部品ねらい,西新井,本木交番,131211,東京都,足立区,興野２丁目,2022/1/27,9,その他,駐車（輪）場,その他,足立区興野２丁目,35.7692316,139.7777116, 西新井警察署 本木交番,35.7641012,139.7826169
窃盗,部品ねらい,西新井,梅田七丁目交番,131211,東京都,足立区,梅田５丁目,2022/7/3,0,駐車（輪）場,駐車（輪）場,ナンバープレート,足立区梅田５丁目,35.7692185,139.7937512, 西新井警察署 梅田七丁目交番,35.7698499,139.7978219
窃盗,部品ねらい,西新井,梅田七丁目交番,131211,東京都,足立区,梅田８丁目,2022/7/13,1,４階建て以上共同住宅,駐車（輪）場,その他,足立区梅田８丁目,35.7725612,139.7947812, 西新井警察署 梅田七丁目交番,35.7698499,139.7978219
窃盗,部品ねらい,西新井,梅田七丁目交番,131211,東京都,足立区,梅田８丁目,2022/11/21,16,４階建て以上共同住宅,駐車（輪）場,ナンバープレート,足立区梅田８丁目,35.7725612,139.7947812, 西新井警察署 梅田七丁目交番,35.7698499,139.7978219
窃盗,部品ねらい,西新井,江北交番,131211,東京都,足立区,江北１丁目,2022/1/7,17,４階建て以上共同住宅,駐車（輪）場,ナンバープレート,足立区江北１丁目,35.769804,139.768329, 西新井警察署 江北交番,35.7688712,139.7619409
窃盗,部品ねらい,西新井,江北交番,131211,東京都,足立区,江北４丁目,2022/10/8,23,４階建て以上共同住宅,駐車（輪）場,その他,足立区江北４丁目,35.7727502,139.766904, 西新井警察署 江北交番,35.7688712,139.7619409
窃盗,部品ねらい,西新井,皿沼交番,131211,東京都,足立区,加賀１丁目,2022/3/22,16,駐車（輪）場,駐車（輪）場,ナンバープレート,足立区加賀１丁目,35.7887532,139.7589966, 西新井警察署 皿沼交番,35.7890614,139.7622666
窃盗,部品ねらい,西新井,皿沼交番,131211,東京都,足立区,加賀２丁目,2022/10/15,19,４階建て以上共同住宅,駐車（輪）場,その他,足立区加賀２丁目,35.7925384,139.760963, 西新井警察署 皿沼交番,35.7890614,139.7622666
窃盗,部品ねらい,西新井,皿沼交番,131211,東京都,足立区,江北６丁目,2022/4/19,1,４階建て以上共同住宅,駐車（輪）場,ナンバープレート,足立区江北６丁目,35.7808466,139.7675108, 西新井警察署 皿沼交番,35.7890614,139.7622666
窃盗,部品ねらい,西新井,皿沼交番,131211,東京都,足立区,江北６丁目,2022/8/14,15,４階建て以上共同住宅,駐車（輪）場,その他,足立区江北６丁目,35.7808466,139.7675108, 西新井警察署 皿沼交番,35.7890614,139.7622666
窃盗,部品ねらい,西新井,皿沼交番,131211,東京都,足立区,鹿浜７丁目,2022/8/14,9,４階建て以上共同住宅,駐車（輪）場,ナンバープレート,足立区鹿浜７丁目,35.7853137,139.7638584, 西新井警察署 皿沼交番,35.7890614,139.7622666
窃盗,部品ねらい,西新井,皿沼交番,131211,東京都,足立区,谷在家３丁目,2022/1/2,15,４階建て以上共同住宅,駐車（輪）場,ナンバープレート,足立区谷在家３丁目,35.7888473,139.7680516, 西新井警察署 皿沼交番,35.7890614,139.7622666
窃盗,部品ねらい,西新井,皿沼交番,131211,東京都,足立区,谷在家３丁目,2022/7/4,18,４階建て以上共同住宅,駐車（輪）場,その他,足立区谷在家３丁目,35.7888473,139.7680516, 西新井警察署 皿沼交番,35.7890614,139.7622666
窃盗,部品ねらい,西新井,西新井五丁目交番,131211,東京都,足立区,西新井３丁目,2022/6/3,17,その他,駐車（輪）場,タイヤ・ホイール,足立区西新井３丁目,35.7883701,139.7814023, 西新井警察署 西新井五丁目交番,35.7860023,139.7791691
窃盗,部品ねらい,西新井,西新井駅前交番,131211,東京都,足立区,梅島３丁目,2022/1/2,15,一戸建住宅,その他,その他,足立区梅島３丁目,35.7759734,139.7943735, 西新井警察署 西新井駅前交番,35.7768722,139.7898379
窃盗,部品ねらい,西新井,西新井駅前交番,131211,東京都,足立区,西新井栄町１丁目,2022/11/30,16,その他,駐車（輪）場,タイヤ・ホイール,足立区西新井栄町１丁目,35.7740149,139.7894061, 西新井警察署 西新井駅前交番,35.7768722,139.7898379
窃盗,部品ねらい,西新井,鹿浜交番,131211,東京都,足立区,鹿浜２丁目,2022/1/23,17,道路上,その他,ナンバープレート,足立区鹿浜２丁目,35.781856,139.747084, 西新井警察署 鹿浜交番,35.7787755,139.7507655
窃盗,部品ねらい,西新井,鹿浜交番,131211,東京都,足立区,鹿浜２丁目,2022/10/12,14,その他の住宅（３階建て以下共同住宅等）,駐車（輪）場,その他,足立区鹿浜２丁目,35.781856,139.747084, 西新井警察署 鹿浜交番,35.7787755,139.7507655
窃盗,部品ねらい,西新井,鹿浜交番,131211,東京都,足立区,鹿浜２丁目,2022/10/28,21,駐車（輪）場,駐車（輪）場,その他,足立区鹿浜２丁目,35.781856,139.747084, 西新井警察署 鹿浜交番,35.7787755,139.7507655
窃盗,部品ねらい,西新井,鹿浜交番,131211,東京都,足立区,鹿浜５丁目,2021/8/23,11,４階建て以上共同住宅,駐車（輪）場,ナンバープレート,足立区鹿浜５丁目,35.785595,139.754383, 西新井警察署 鹿浜交番,35.7787755,139.7507655
窃盗,部品ねらい,西新井,鹿浜交番,131211,東京都,足立区,鹿浜５丁目,2022/2/13,20,その他,駐車（輪）場,ナンバープレート,足立区鹿浜５丁目,35.785595,139.754383, 西新井警察署 鹿浜交番,35.7787755,139.7507655
窃盗,部品ねらい,西新井,鹿浜交番,131211,東京都,足立区,鹿浜５丁目,2022/3/1,16,４階建て以上共同住宅,駐車（輪）場,ナンバープレート,足立区鹿浜５丁目,35.785595,139.754383, 西新井警察署 鹿浜交番,35.7787755,139.7507655
窃盗,部品ねらい,綾瀬,一ツ家交番,131211,東京都,足立区,加平３丁目,2022/3/29,14,４階建て以上共同住宅,駐車（輪）場,その他,足立区加平３丁目,35.7801775,139.8292637, 綾瀬警察署 一ツ家交番,,
窃盗,部品ねらい,綾瀬,一ツ家交番,131211,東京都,足立区,六町３丁目,2022/3/8,20,駐車（輪）場,駐車（輪）場,その他,足立区六町３丁目,35.7861569,139.8191035, 綾瀬警察署 一ツ家交番,,
窃盗,部品ねらい,綾瀬,一ツ家交番,131211,東京都,足立区,六町４丁目,2021/12/30,13,駐車（輪）場,駐車（輪）場,その他,足立区六町４丁目,35.7856695,139.8234165, 綾瀬警察署 一ツ家交番,,
窃盗,部品ねらい,綾瀬,中央本町交番,131211,東京都,足立区,中央本町１丁目,2022/12/11,23,一戸建住宅,その他,その他,足立区中央本町１丁目,35.7728398,139.8050594, 綾瀬警察署 中央本町交番,35.7749739,139.8034744
窃盗,部品ねらい,綾瀬,中央本町交番,131211,東京都,足立区,平野３丁目,2022/6/5,17,その他の住宅（３階建て以下共同住宅等）,駐車（輪）場,その他,足立区平野３丁目,35.7842422,139.8078167, 綾瀬警察署 中央本町交番,35.7749739,139.8034744
窃盗,部品ねらい,綾瀬,五反野駅前交番,131211,東京都,足立区,西綾瀬２丁目,2022/4/13,21,４階建て以上共同住宅,駐車（輪）場,その他,足立区西綾瀬２丁目,35.7637583,139.8141556, 綾瀬警察署 五反野駅前交番,,
窃盗,部品ねらい,綾瀬,大谷田交番,131211,東京都,足立区,綾瀬２丁目,2022/10/2,17,４階建て以上共同住宅,駐車（輪）場,その他,足立区綾瀬２丁目,35.7604302,139.8284161, 綾瀬警察署 大谷田交番,35.7761331,139.8434775
窃盗,部品ねらい,綾瀬,大谷田交番,131211,東京都,足立区,大谷田１丁目,2022/3/11,22,４階建て以上共同住宅,駐車（輪）場,その他,足立区大谷田１丁目,35.7789329,139.8457646, 綾瀬警察署 大谷田交番,35.7761331,139.8434775
窃盗,部品ねらい,綾瀬,大谷田交番,131211,東京都,足立区,大谷田１丁目,2022/7/9,16,駐車（輪）場,駐車（輪）場,その他,足立区大谷田１丁目,35.7789329,139.8457646, 綾瀬警察署 大谷田交番,35.7761331,139.8434775
窃盗,部品ねらい,綾瀬,大谷田交番,131211,東京都,足立区,大谷田１丁目,2022/11/28,11,４階建て以上共同住宅,駐車（輪）場,ナンバープレート,足立区大谷田１丁目,35.7789329,139.8457646, 綾瀬警察署 大谷田交番,35.7761331,139.8434775
窃盗,部品ねらい,綾瀬,大谷田交番,131211,東京都,足立区,大谷田５丁目,2022/7/10,19,４階建て以上共同住宅,駐車（輪）場,ナンバープレート,足立区大谷田５丁目,35.7837548,139.8402285, 綾瀬警察署 大谷田交番,35.7761331,139.8434775
窃盗,部品ねらい,綾瀬,大谷田交番,131211,東京都,足立区,大谷田５丁目,2022/10/2,19,その他の住宅（３階建て以下共同住宅等）,駐車（輪）場,ナンバープレート,足立区大谷田５丁目,35.7837548,139.8402285, 綾瀬警察署 大谷田交番,35.7761331,139.8434775
窃盗,部品ねらい,綾瀬,大谷田交番,131211,東京都,足立区,谷中３丁目,2022/9/9,18,４階建て以上共同住宅,駐車（輪）場,ナンバープレート,足立区谷中３丁目,35.7789764,139.8347139, 綾瀬警察署 大谷田交番,35.7761331,139.8434775
窃盗,部品ねらい,綾瀬,大谷田交番,131211,東京都,足立区,谷中３丁目,2022/9/29,17,一戸建住宅,その他,その他,足立区谷中３丁目,35.7789764,139.8347139, 綾瀬警察署 大谷田交番,35.7761331,139.8434775
窃盗,部品ねらい,綾瀬,弘道交番,131211,東京都,足立区,青井４丁目,2020/1/20,16,４階建て以上共同住宅,駐車（輪）場,ナンバープレート,足立区青井４丁目,35.7757384,139.8205304, 綾瀬警察署 弘道交番,35.770701,139.810537
窃盗,部品ねらい,綾瀬,弘道交番,131211,東京都,足立区,弘道２丁目,2022/8/5,17,駐車（輪）場,駐車（輪）場,ナンバープレート,足立区弘道２丁目,35.7685918,139.8175263, 綾瀬警察署 弘道交番,35.770701,139.810537
窃盗,部品ねらい,綾瀬,東和交番,131211,東京都,足立区,東和４丁目,2022/9/15,18,道路上,その他,その他,足立区東和４丁目,35.7733011,139.8417842, 綾瀬警察署 東和交番,35.7689131,139.8415386
窃盗,部品ねらい,綾瀬,神明交番,131211,東京都,足立区,北加平町,2022/9/19,7,その他の住宅（３階建て以下共同住宅等）,その他,ナンバープレート,足立区北加平町,35.784545249999994,139.82862031448454, 綾瀬警察署 神明交番,35.7917124,139.8316794
窃盗,部品ねらい,綾瀬,神明交番,131211,東京都,足立区,神明２丁目,2022/2/4,16,駐車（輪）場,駐車（輪）場,ナンバープレート,足立区神明２丁目,35.7942506,139.8348212, 綾瀬警察署 神明交番,35.7917124,139.8316794
窃盗,部品ねらい,綾瀬,神明交番,131211,東京都,足立区,神明２丁目,2022/12/24,15,その他,駐車（輪）場,ナンバープレート,足立区神明２丁目,35.7942506,139.8348212, 綾瀬警察署 神明交番,35.7917124,139.8316794
窃盗,部品ねらい,綾瀬,神明交番,131211,東京都,足立区,辰沼２丁目,2017/5/1,不明,駐車（輪）場,駐車（輪）場,ナンバープレート,足立区辰沼２丁目,35.7888549,139.8347568, 綾瀬警察署 神明交番,35.7917124,139.8316794
窃盗,部品ねらい,綾瀬,神明交番,131211,東京都,足立区,六木１丁目,2022/7/4,5,一戸建住宅,その他,その他,足立区六木１丁目,35.7912221,139.8387694, 綾瀬警察署 神明交番,35.7917124,139.8316794
窃盗,部品ねらい,綾瀬,神明交番,131211,東京都,足立区,六木３丁目,2022/1/26,17,４階建て以上共同住宅,駐車（輪）場,その他,足立区六木３丁目,35.7965132,139.8421597, 綾瀬警察署 神明交番,35.7917124,139.8316794
窃盗,部品ねらい,綾瀬,綾瀬六丁目交番,131211,東京都,足立区,加平１丁目,2022/8/13,13,４階建て以上共同住宅,駐車（輪）場,その他,足立区加平１丁目,35.7761214,139.8272788, 綾瀬警察署 綾瀬六丁目交番,35.7688512,139.8259598
窃盗,部品ねらい,綾瀬,綾瀬駅東口交番,131211,東京都,足立区,東綾瀬２丁目,2022/4/21,8,４階建て以上共同住宅,駐車（輪）場,ナンバープレート,足立区東綾瀬２丁目,35.7676777,139.8327291, 綾瀬警察署 綾瀬駅東口交番,35.7627604,139.8278633
窃盗,部品ねらい,綾瀬,綾瀬駅東口交番,131211,東京都,足立区,東綾瀬２丁目,2022/9/26,19,４階建て以上共同住宅,駐車（輪）場,ナンバープレート,足立区東綾瀬２丁目,35.7676777,139.8327291, 綾瀬警察署 綾瀬駅東口交番,35.7627604,139.8278633
窃盗,部品ねらい,綾瀬,綾瀬駅東口交番,131211,東京都,足立区,東綾瀬２丁目,2022/10/24,22,４階建て以上共同住宅,駐車（輪）場,その他,足立区東綾瀬２丁目,35.7676777,139.8327291, 綾瀬警察署 綾瀬駅東口交番,35.7627604,139.8278633
窃盗,部品ねらい,綾瀬,綾瀬駅東口交番,131211,東京都,足立区,東綾瀬３丁目,2022/1/29,20,４階建て以上共同住宅,駐車（輪）場,その他,足立区東綾瀬３丁目,35.770237,139.8328364, 綾瀬警察署 綾瀬駅東口交番,35.7627604,139.8278633
窃盗,部品ねらい,綾瀬,綾瀬駅西口交番,131211,東京都,足立区,西綾瀬３丁目,2022/8/6,18,４階建て以上共同住宅,駐車（輪）場,ナンバープレート,足立区西綾瀬３丁目,35.7640762,139.8169334, 綾瀬警察署 綾瀬駅西口交番,35.7616666,139.8228475
窃盗,部品ねらい,綾瀬,足立駐在所,131211,東京都,足立区,足立２丁目,2022/4/4,11,駐車（輪）場,駐車（輪）場,ナンバープレート,足立区足立２丁目,35.7597141,139.8109711, 綾瀬警察署 足立駐在所,35.7643063,139.8117847
窃盗,部品ねらい,竹の塚,伊興町交番,131211,東京都,足立区,西竹の塚２丁目,2022/9/13,17,駐車（輪）場,駐車（輪）場,その他,足立区西竹の塚２丁目,35.7963957,139.7901141, 竹の塚警察署 伊興町交番,35.795238,139.7887666
窃盗,部品ねらい,竹の塚,保木間交番,131211,東京都,足立区,東保木間１丁目,2022/1/28,20,４階建て以上共同住宅,駐車（輪）場,ナンバープレート,足立区東保木間１丁目,35.7894815,139.8124489, 竹の塚警察署 保木間交番,35.7948232,139.8102664
窃盗,部品ねらい,竹の塚,保木間交番,131211,東京都,足立区,東保木間１丁目,2022/12/14,17,４階建て以上共同住宅,駐車（輪）場,その他,足立区東保木間１丁目,35.7894815,139.8124489, 竹の塚警察署 保木間交番,35.7948232,139.8102664
窃盗,部品ねらい,竹の塚,保木間交番,131211,東京都,足立区,東保木間２丁目,2022/3/24,14,その他の住宅（３階建て以下共同住宅等）,その他,その他,足立区東保木間２丁目,35.7934238,139.8131812, 竹の塚警察署 保木間交番,35.7948232,139.8102664
窃盗,部品ねらい,竹の塚,保木間交番,131211,東京都,足立区,保木間３丁目,2022/1/7,7,４階建て以上共同住宅,駐車（輪）場,その他,足立区保木間３丁目,35.7960606,139.8066258, 竹の塚警察署 保木間交番,35.7948232,139.8102664
窃盗,部品ねらい,竹の塚,入谷町交番,131211,東京都,足立区,入谷１丁目,2022/9/11,7,その他,駐車（輪）場,ナンバープレート,足立区入谷１丁目,35.8039618,139.7682273, 竹の塚警察署 入谷町交番,35.8021727,139.761817
窃盗,部品ねらい,竹の塚,入谷町交番,131211,東京都,足立区,入谷７丁目,2022/2/19,9,その他,駐車（輪）場,ナンバープレート,足立区入谷７丁目,35.8007684,139.7599232, 竹の塚警察署 入谷町交番,35.8021727,139.761817
窃盗,部品ねらい,竹の塚,入谷町交番,131211,東京都,足立区,入谷８丁目,2022/4/21,18,４階建て以上共同住宅,駐車（輪）場,その他,足立区入谷８丁目,35.804832,139.7569084, 竹の塚警察署 入谷町交番,35.8021727,139.761817
窃盗,部品ねらい,竹の塚,竹の塚駅前交番,131211,東京都,足立区,竹の塚１丁目,2022/2/9,20,４階建て以上共同住宅,その他,ナンバープレート,足立区竹の塚１丁目,35.7907347,139.7918415, 竹の塚警察署 竹の塚駅前交番,35.7937277,139.7922265
窃盗,部品ねらい,竹の塚,竹の塚駅前交番,131211,東京都,足立区,竹の塚３丁目,2022/10/7,7,４階建て以上共同住宅,駐車（輪）場,その他,足立区竹の塚３丁目,35.7912656,139.799974, 竹の塚警察署 竹の塚駅前交番,35.7937277,139.7922265
窃盗,部品ねらい,竹の塚,竹の塚駅前交番,131211,東京都,足立区,竹の塚５丁目,2022/5/25,14,４階建て以上共同住宅,その他,その他,足立区竹の塚５丁目,35.7967046,139.7962081, 竹の塚警察署 竹の塚駅前交番,35.7937277,139.7922265
窃盗,部品ねらい,竹の塚,花畑交番,131211,東京都,足立区,花畑２丁目,2022/8/30,21,その他の住宅（３階建て以下共同住宅等）,駐車（輪）場,その他,足立区花畑２丁目,35.8023782,139.8164427, 竹の塚警察署 花畑交番,35.7982154,139.8181088
窃盗,部品ねらい,竹の塚,花畑交番,131211,東京都,足立区,花畑２丁目,2022/11/12,15,その他,駐車（輪）場,その他,足立区花畑２丁目,35.8023782,139.8164427, 竹の塚警察署 花畑交番,35.7982154,139.8181088
窃盗,部品ねらい,竹の塚,花畑交番,131211,東京都,足立区,南花畑１丁目,2022/11/13,22,その他,駐車（輪）場,その他,足立区南花畑１丁目,35.7874189,139.8239744, 竹の塚警察署 花畑交番,35.7982154,139.8181088
窃盗,部品ねらい,竹の塚,花畑交番,131211,東京都,足立区,南花畑３丁目,2022/2/21,11,駐車（輪）場,駐車（輪）場,ナンバープレート,足立区南花畑３丁目,35.7913091,139.8238939, 竹の塚警察署 花畑交番,35.7982154,139.8181088
窃盗,部品ねらい,竹の塚,花畑交番,131211,東京都,足立区,南花畑４丁目,2022/1/8,18,駐車（輪）場,駐車（輪）場,その他,足立区南花畑４丁目,35.795891,139.8195273, 竹の塚警察署 花畑交番,35.7982154,139.8181088
窃盗,部品ねらい,竹の塚,花畑交番,131211,東京都,足立区,南花畑５丁目,2022/3/12,15,その他の住宅（３階建て以下共同住宅等）,駐車（輪）場,その他,足立区南花畑５丁目,35.7966872,139.8128271, 竹の塚警察署 花畑交番,35.7982154,139.8181088
窃盗,部品ねらい,竹の塚,花畑交番,131211,東京都,足立区,南花畑５丁目,2022/4/30,12,４階建て以上共同住宅,駐車（輪）場,ナンバープレート,足立区南花畑５丁目,35.7966872,139.8128271, 竹の塚警察署 花畑交番,35.7982154,139.8181088
窃盗,部品ねらい,竹の塚,西保木間交番,131211,東京都,足立区,西保木間４丁目,2022/6/19,17,４階建て以上共同住宅,駐車（輪）場,ナンバープレート,足立区西保木間４丁目,35.8037574,139.7963262, 竹の塚警察署 西保木間交番,35.7956601,139.8020189
窃盗,部品ねらい,竹の塚,西保木間交番,131211,東京都,足立区,花畑５丁目,2022/3/10,19,４階建て以上共同住宅,駐車（輪）場,ナンバープレート,足立区花畑５丁目,35.8074293,139.8073822, 竹の塚警察署 西保木間交番,35.7956601,139.8020189
窃盗,部品ねらい,竹の塚,西保木間交番,131211,東京都,足立区,花畑５丁目,2022/3/21,不明,４階建て以上共同住宅,駐車（輪）場,その他,足立区花畑５丁目,35.8074293,139.8073822, 竹の塚警察署 西保木間交番,35.7956601,139.8020189
窃盗,部品ねらい,竹の塚,西保木間交番,131211,東京都,足立区,花畑５丁目,2022/10/18,20,４階建て以上共同住宅,駐車（輪）場,その他,足立区花畑５丁目,35.8074293,139.8073822, 竹の塚警察署 西保木間交番,35.7956601,139.8020189
窃盗,部品ねらい,竹の塚,見沼代親水公園駅前交番,131211,東京都,足立区,舎人６丁目,2022/1/13,22,４階建て以上共同住宅,駐車（輪）場,その他,足立区舎人６丁目,35.8132282,139.764719, 竹の塚警察署 見沼代親水公園駅前交番,,
窃盗,部品ねらい,竹の塚,見沼代親水公園駅前交番,131211,東京都,足立区,古千谷本町２丁目,2022/10/29,12,一戸建住宅,その他,タイヤ・ホイール,足立区古千谷本町２丁目,35.8055803,139.775995, 竹の塚警察署 見沼代親水公園駅前交番,,
窃盗,部品ねらい,竹の塚,見沼代親水公園駅前交番,131211,東京都,足立区,古千谷本町２丁目,2022/11/15,5,その他の住宅（３階建て以下共同住宅等）,駐車（輪）場,ナンバープレート,足立区古千谷本町２丁目,35.8055803,139.775995, 竹の塚警察署 見沼代親水公園駅前交番,,
窃盗,部品ねらい,竹の塚,見沼代親水公園駅前交番,131211,東京都,足立区,古千谷本町２丁目,2022/11/19,15,駐車（輪）場,駐車（輪）場,ナンバープレート,足立区古千谷本町２丁目,35.8055803,139.775995, 竹の塚警察署 見沼代親水公園駅前交番,,
窃盗,部品ねらい,城東,亀戸交番,131083,東京都,江東区,亀戸７丁目,2022/4/9,20,４階建て以上共同住宅,駐車（輪）場,ナンバープレート,江東区亀戸７丁目,35.696879,139.836644, 城東警察署 亀戸交番,35.6971705,139.8405464
窃盗,部品ねらい,城東,亀戸交番,131083,東京都,江東区,亀戸７丁目,2022/10/21,17,その他の住宅（３階建て以下共同住宅等）,駐車（輪）場,その他,江東区亀戸７丁目,35.696879,139.836644, 城東警察署 亀戸交番,35.6971705,139.8405464
窃盗,部品ねらい,城東,亀戸駅前交番,131083,東京都,江東区,亀戸２丁目,2022/4/19,19,４階建て以上共同住宅,駐車（輪）場,その他,江東区亀戸２丁目,35.69942,139.822419, 城東警察署 亀戸駅前交番,35.696848,139.825345
窃盗,部品ねらい,城東,亀戸駅前交番,131083,東京都,江東区,亀戸４丁目,2022/10/31,18,その他,駐車（輪）場,ナンバープレート,江東区亀戸４丁目,35.702829,139.829153, 城東警察署 亀戸駅前交番,35.696848,139.825345
窃盗,部品ねらい,城東,亀戸駅前交番,131083,東京都,江東区,亀戸５丁目,2022/10/24,12,４階建て以上共同住宅,駐車（輪）場,その他,江東区亀戸５丁目,35.699212,139.829033, 城東警察署 亀戸駅前交番,35.696848,139.825345
窃盗,部品ねらい,城東,元八幡交番,131083,東京都,江東区,南砂７丁目,2022/9/1,0,４階建て以上共同住宅,駐車（輪）場,ナンバープレート,江東区南砂７丁目,35.668823,139.835551, 城東警察署 元八幡交番,35.668963,139.837733
窃盗,部品ねらい,城東,元八幡交番,131083,東京都,江東区,南砂７丁目,2022/10/28,14,４階建て以上共同住宅,駐車（輪）場,その他,江東区南砂７丁目,35.668823,139.835551, 城東警察署 元八幡交番,35.668963,139.837733
窃盗,部品ねらい,城東,元八幡交番,131083,東京都,江東区,南砂７丁目,2022/12/17,17,その他,駐車（輪）場,その他,江東区南砂７丁目,35.668823,139.835551, 城東警察署 元八幡交番,35.668963,139.837733
窃盗,部品ねらい,城東,北砂五丁目交番,131083,東京都,江東区,北砂１丁目,2022/10/6,14,その他,駐車（輪）場,ナンバープレート,江東区北砂１丁目,35.681445,139.823313, 城東警察署 北砂五丁目交番,35.6842049,139.8346646
窃盗,部品ねらい,城東,北砂五丁目交番,131083,東京都,江東区,北砂３丁目,2021/8/8,15,駐車（輪）場,駐車（輪）場,ナンバープレート,江東区北砂３丁目,35.682435,139.828917, 城東警察署 北砂五丁目交番,35.6842049,139.8346646
窃盗,部品ねらい,城東,北砂五丁目交番,131083,東京都,江東区,北砂５丁目,2021/4/14,17,４階建て以上共同住宅,その他,ナンバープレート,江東区北砂５丁目,35.682879,139.833083, 城東警察署 北砂五丁目交番,35.6842049,139.8346646
窃盗,部品ねらい,城東,北砂五丁目交番,131083,東京都,江東区,北砂５丁目,2022/5/7,18,４階建て以上共同住宅,その他,タイヤ・ホイール,江東区北砂５丁目,35.682879,139.833083, 城東警察署 北砂五丁目交番,35.6842049,139.8346646
窃盗,部品ねらい,城東,北砂五丁目交番,131083,東京都,江東区,北砂５丁目,2022/8/15,12,４階建て以上共同住宅,駐車（輪）場,ナンバープレート,江東区北砂５丁目,35.682879,139.833083, 城東警察署 北砂五丁目交番,35.6842049,139.8346646
窃盗,部品ねらい,城東,北砂五丁目交番,131083,東京都,江東区,北砂５丁目,2022/11/9,18,４階建て以上共同住宅,駐車（輪）場,その他,江東区北砂５丁目,35.682879,139.833083, 城東警察署 北砂五丁目交番,35.6842049,139.8346646
窃盗,部品ねらい,城東,北砂五丁目交番,131083,東京都,江東区,北砂５丁目,2022/11/25,19,４階建て以上共同住宅,駐車（輪）場,タイヤ・ホイール,江東区北砂５丁目,35.682879,139.833083, 城東警察署 北砂五丁目交番,35.6842049,139.8346646
窃盗,部品ねらい,城東,大島交番,131083,東京都,江東区,大島６丁目,2022/2/9,20,４階建て以上共同住宅,駐車（輪）場,その他,江東区大島６丁目,35.691935,139.834633, 城東警察署 大島交番,35.6898146,139.8337996
窃盗,部品ねらい,城東,天神橋交番,131083,東京都,江東区,亀戸３丁目,2022/6/29,23,４階建て以上共同住宅,駐車（輪）場,その他,江東区亀戸３丁目,35.704637,139.822325, 城東警察署 天神橋交番,35.701624,139.819484
窃盗,部品ねらい,城東,日曹橋交番,131083,東京都,江東区,南砂２丁目,2022/12/6,9,４階建て以上共同住宅,駐車（輪）場,その他,江東区南砂２丁目,35.672862,139.822903, 城東警察署 日曹橋交番,35.6696968,139.8260401
窃盗,部品ねらい,城東,番所橋交番,131083,東京都,江東区,東砂３丁目,2022/7/21,21,その他,駐車（輪）場,ナンバープレート,江東区東砂３丁目,35.680616,139.8429509, 城東警察署 番所橋交番,35.6837516,139.8447462
窃盗,部品ねらい,城東,葛西橋西交番,131083,東京都,江東区,東砂７丁目,2022/1/11,17,駐車（輪）場,駐車（輪）場,ナンバープレート,江東区東砂７丁目,35.67265,139.838844, 城東警察署 葛西橋西交番,35.6751888,139.8406531
窃盗,部品ねらい,城東,葛西橋西交番,131083,東京都,江東区,東砂７丁目,2022/9/15,7,その他の住宅（３階建て以下共同住宅等）,その他,その他,江東区東砂７丁目,35.67265,139.838844, 城東警察署 葛西橋西交番,35.6751888,139.8406531
窃盗,部品ねらい,城東,葛西橋西交番,131083,東京都,江東区,東砂７丁目,2022/9/17,17,その他,その他,ナンバープレート,江東区東砂７丁目,35.67265,139.838844, 城東警察署 葛西橋西交番,35.6751888,139.8406531
窃盗,部品ねらい,城東,進開橋交番,131083,東京都,江東区,大島４丁目,2021/12/18,17,４階建て以上共同住宅,駐車（輪）場,その他,江東区大島４丁目,35.687624,139.829499, 城東警察署 進開橋交番,35.6870453,139.8267049
窃盗,部品ねらい,本所,両国交番,131075,東京都,墨田区,千歳３丁目,2022/11/3,12,４階建て以上共同住宅,駐車（輪）場,その他,墨田区千歳３丁目,35.690419,139.796982, 本所警察署 両国交番,,
窃盗,部品ねらい,本所,横川交番,131075,東京都,墨田区,横川２丁目,2022/9/15,17,一戸建住宅,その他,その他,墨田区横川２丁目,35.704433,139.812169, 本所警察署 横川交番,35.704346,139.814568
窃盗,部品ねらい,本所,横網交番,131075,東京都,墨田区,本所３丁目,2022/7/13,20,道路上,その他,その他,墨田区本所３丁目,35.703686,139.80351, 本所警察署 横網交番,,
窃盗,部品ねらい,本所,江東橋交番,131075,東京都,墨田区,亀沢３丁目,2022/9/28,19,４階建て以上共同住宅,その他,その他,墨田区亀沢３丁目,35.697592,139.803986, 本所警察署 江東橋交番,35.6949499,139.8085755
窃盗,部品ねらい,本所,江東橋交番,131075,東京都,墨田区,江東橋５丁目,2022/11/3,21,４階建て以上共同住宅,駐車（輪）場,ナンバープレート,墨田区江東橋５丁目,35.690723,139.810394, 本所警察署 江東橋交番,35.6949499,139.8085755
窃盗,部品ねらい,本所,江東橋交番,131075,東京都,墨田区,緑４丁目,2022/4/28,17,４階建て以上共同住宅,駐車（輪）場,その他,墨田区緑４丁目,35.694486,139.807187, 本所警察署 江東橋交番,35.6949499,139.8085755
窃盗,部品ねらい,本所,錦糸町駅北口交番,131075,東京都,墨田区,錦糸１丁目,2022/8/11,22,４階建て以上共同住宅,駐車（輪）場,その他,墨田区錦糸１丁目,35.697911,139.810229, 本所警察署 錦糸町駅北口交番,35.697609099999994,139.81333909524795
窃盗,部品ねらい,本所,錦糸町駅南口交番,131075,東京都,墨田区,江東橋４丁目,2022/4/29,15,道路上,その他,その他,墨田区江東橋４丁目,35.695011,139.817372, 本所警察署 錦糸町駅南口交番,35.69598725,139.81479650833177
窃盗,部品ねらい,向島,四ツ木橋交番,131075,東京都,墨田区,八広６丁目,2022/3/20,22,一戸建住宅,その他,その他,墨田区八広６丁目,35.727513,139.829793, 向島警察署 四ツ木橋交番,35.7287531,139.8253921
窃盗,部品ねらい,向島,四ツ木橋交番,131075,東京都,墨田区,八広６丁目,2022/3/24,17,駐車（輪）場,駐車（輪）場,ナンバープレート,墨田区八広６丁目,35.727513,139.829793, 向島警察署 四ツ木橋交番,35.7287531,139.8253921
窃盗,部品ねらい,向島,堤通駐在所,131075,東京都,墨田区,堤通２丁目,2022/1/8,20,４階建て以上共同住宅,その他,その他,墨田区堤通２丁目,35.733962,139.814668, 向島警察署 堤通駐在所,35.7369969,139.8181591
窃盗,部品ねらい,向島,墨田三丁目交番,131075,東京都,墨田区,東向島４丁目,2022/9/10,1,その他,駐車（輪）場,その他,墨田区東向島４丁目,35.725348,139.817604, 向島警察署 墨田三丁目交番,35.7279334,139.820647
窃盗,部品ねらい,向島,小村井交番,131075,東京都,墨田区,立花１丁目,2022/3/11,18,駐車（輪）場,駐車（輪）場,その他,墨田区立花１丁目,35.705215,139.829096, 向島警察署 小村井交番,35.710273,139.8285649
窃盗,部品ねらい,向島,小村井交番,131075,東京都,墨田区,立花１丁目,2022/6/5,12,４階建て以上共同住宅,駐車（輪）場,その他,墨田区立花１丁目,35.705215,139.829096, 向島警察署 小村井交番,35.710273,139.8285649
窃盗,部品ねらい,向島,小村井交番,131075,東京都,墨田区,立花１丁目,2022/8/27,12,４階建て以上共同住宅,駐車（輪）場,その他,墨田区立花１丁目,35.705215,139.829096, 向島警察署 小村井交番,35.710273,139.8285649
窃盗,部品ねらい,向島,小村井交番,131075,東京都,墨田区,立花１丁目,2022/10/26,18,４階建て以上共同住宅,駐車（輪）場,その他,墨田区立花１丁目,35.705215,139.829096, 向島警察署 小村井交番,35.710273,139.8285649
窃盗,部品ねらい,向島,小村井交番,131075,東京都,墨田区,立花４丁目,2022/8/22,17,その他の住宅（３階建て以下共同住宅等）,駐車（輪）場,その他,墨田区立花４丁目,35.709118,139.833407, 向島警察署 小村井交番,35.710273,139.8285649
窃盗,部品ねらい,向島,小村井交番,131075,東京都,墨田区,文花１丁目,2022/2/12,18,４階建て以上共同住宅,駐車（輪）場,ナンバープレート,墨田区文花１丁目,35.709004,139.821865, 向島警察署 小村井交番,35.710273,139.8285649
窃盗,部品ねらい,向島,小村井交番,131075,東京都,墨田区,文花１丁目,2022/6/17,18,４階建て以上共同住宅,駐車（輪）場,その他,墨田区文花１丁目,35.709004,139.821865, 向島警察署 小村井交番,35.710273,139.8285649
窃盗,部品ねらい,向島,小村井交番,131075,東京都,墨田区,文花１丁目,2022/6/27,13,駐車（輪）場,駐車（輪）場,その他,墨田区文花１丁目,35.709004,139.821865, 向島警察署 小村井交番,35.710273,139.8285649
窃盗,部品ねらい,向島,小村井交番,131075,東京都,墨田区,文花１丁目,2022/7/25,22,４階建て以上共同住宅,その他,ナンバープレート,墨田区文花１丁目,35.709004,139.821865, 向島警察署 小村井交番,35.710273,139.8285649
窃盗,部品ねらい,向島,小村井交番,131075,東京都,墨田区,文花１丁目,2022/10/17,12,４階建て以上共同住宅,駐車（輪）場,その他,墨田区文花１丁目,35.709004,139.821865, 向島警察署 小村井交番,35.710273,139.8285649
窃盗,部品ねらい,向島,小村井交番,131075,東京都,墨田区,文花１丁目,2022/10/21,6,４階建て以上共同住宅,駐車（輪）場,その他,墨田区文花１丁目,35.709004,139.821865, 向島警察署 小村井交番,35.710273,139.8285649
窃盗,部品ねらい,向島,小村井交番,131075,東京都,墨田区,文花１丁目,2022/10/26,12,４階建て以上共同住宅,駐車（輪）場,その他,墨田区文花１丁目,35.709004,139.821865, 向島警察署 小村井交番,35.710273,139.8285649
窃盗,部品ねらい,向島,平井橋交番,131075,東京都,墨田区,立花６丁目,2022/2/26,12,４階建て以上共同住宅,駐車（輪）場,ナンバープレート,墨田区立花６丁目,35.710736,139.836197, 向島警察署 平井橋交番,35.7085293,139.837261
窃盗,部品ねらい,向島,東向島交番,131075,東京都,墨田区,東向島４丁目,2022/8/23,19,４階建て以上共同住宅,駐車（輪）場,その他,墨田区東向島４丁目,35.725348,139.817604, 向島警察署 東向島交番,35.7226977,139.8184075
窃盗,部品ねらい,向島,東向島交番,131075,東京都,墨田区,八広５丁目,2022/4/8,19,一戸建住宅,その他,その他,墨田区八広５丁目,35.724849,139.825855, 向島警察署 東向島交番,35.7226977,139.8184075
窃盗,部品ねらい,向島,白鬚橋交番,131075,東京都,墨田区,墨田１丁目,2022/10/15,不明,４階建て以上共同住宅,駐車（輪）場,その他,墨田区墨田１丁目,35.728561,139.816426, 向島警察署 白鬚橋交番,35.728513,139.813624
窃盗,部品ねらい,向島,白鬚橋交番,131075,東京都,墨田区,堤通１丁目,2022/5/26,11,駐車（輪）場,駐車（輪）場,ナンバープレート,墨田区堤通１丁目,35.724803,139.811252, 向島警察署 白鬚橋交番,35.728513,139.813624
窃盗,部品ねらい,向島,白鬚橋交番,131075,東京都,墨田区,堤通２丁目,2022/1/15,19,４階建て以上共同住宅,駐車（輪）場,その他,墨田区堤通２丁目,35.733962,139.814668, 向島警察署 白鬚橋交番,35.728513,139.813624
窃盗,部品ねらい,向島,白鬚橋交番,131075,東京都,墨田区,堤通２丁目,2022/9/2,17,４階建て以上共同住宅,駐車（輪）場,その他,墨田区堤通２丁目,35.733962,139.814668, 向島警察署 白鬚橋交番,35.728513,139.813624
窃盗,部品ねらい,向島,白鬚橋交番,131075,東京都,墨田区,東向島３丁目,2017/7/1,不明,４階建て以上共同住宅,駐車（輪）場,ナンバープレート,墨田区東向島３丁目,35.724075,139.814859, 向島警察署 白鬚橋交番,35.728513,139.813624
窃盗,部品ねらい,向島,鐘ケ淵駅前交番,131075,東京都,墨田区,墨田３丁目,2022/8/2,18,駐車（輪）場,駐車（輪）場,タイヤ・ホイール,墨田区墨田３丁目,35.730128,139.82101, 向島警察署 鐘ケ淵駅前交番,35.7331825,139.819667
窃盗,部品ねらい,亀有,お花茶屋交番,131229,東京都,葛飾区,お花茶屋３丁目,2017/10/1,不明,４階建て以上共同住宅,駐車（輪）場,ナンバープレート,葛飾区お花茶屋３丁目,35.754478,139.841775, 亀有警察署 お花茶屋交番,35.7503731,139.8396322
窃盗,部品ねらい,亀有,亀有駅南口交番,131229,東京都,葛飾区,亀有３丁目,2022/1/5,17,４階建て以上共同住宅,駐車（輪）場,その他,葛飾区亀有３丁目,35.765188,139.850309, 亀有警察署 亀有駅南口交番,35.7662206,139.8474092
窃盗,部品ねらい,亀有,亀有駅南口交番,131229,東京都,葛飾区,亀有３丁目,2022/1/18,5,駐車（輪）場,駐車（輪）場,その他,葛飾区亀有３丁目,35.765188,139.850309, 亀有警察署 亀有駅南口交番,35.7662206,139.8474092
窃盗,部品ねらい,亀有,亀有駅南口交番,131229,東京都,葛飾区,亀有３丁目,2022/5/9,3,道路上,その他,その他,葛飾区亀有３丁目,35.765188,139.850309, 亀有警察署 亀有駅南口交番,35.7662206,139.8474092
窃盗,部品ねらい,亀有,亀有駅南口交番,131229,東京都,葛飾区,亀有３丁目,2022/8/25,19,その他,駐車（輪）場,その他,葛飾区亀有３丁目,35.765188,139.850309, 亀有警察署 亀有駅南口交番,35.7662206,139.8474092
窃盗,部品ねらい,亀有,亀有駅南口交番,131229,東京都,葛飾区,亀有３丁目,2022/11/25,18,その他,駐車（輪）場,その他,葛飾区亀有３丁目,35.765188,139.850309, 亀有警察署 亀有駅南口交番,35.7662206,139.8474092
窃盗,部品ねらい,亀有,亀田橋駐在所,131229,東京都,葛飾区,高砂８丁目,2022/4/7,18,その他の住宅（３階建て以下共同住宅等）,駐車（輪）場,ナンバープレート,葛飾区高砂８丁目,35.754601,139.868069, 亀有警察署 亀田橋駐在所,35.7552073,139.8612746
窃盗,部品ねらい,亀有,南水元交番,131229,東京都,葛飾区,南水元３丁目,2015/1/1,不明,４階建て以上共同住宅,駐車（輪）場,ナンバープレート,葛飾区南水元３丁目,35.775004,139.864156, 亀有警察署 南水元交番,35.776117,139.866337
窃盗,部品ねらい,亀有,堀切七丁目交番,131229,東京都,葛飾区,東堀切２丁目,2022/7/30,17,４階建て以上共同住宅,駐車（輪）場,ナンバープレート,葛飾区東堀切２丁目,35.752216,139.835916, 亀有警察署 堀切七丁目交番,35.7539411,139.8302148
窃盗,部品ねらい,亀有,堀切七丁目交番,131229,東京都,葛飾区,堀切７丁目,2022/5/23,10,その他,駐車（輪）場,その他,葛飾区堀切７丁目,35.755142,139.831128, 亀有警察署 堀切七丁目交番,35.7539411,139.8302148
窃盗,部品ねらい,亀有,小菅交番,131229,東京都,葛飾区,小菅４丁目,2022/6/15,14,４階建て以上共同住宅,駐車（輪）場,その他,葛飾区小菅４丁目,35.758888,139.824712, 亀有警察署 小菅交番,35.7553736,139.8232923
窃盗,部品ねらい,亀有,柴又二丁目交番,131229,東京都,葛飾区,柴又２丁目,2022/4/20,13,４階建て以上共同住宅,駐車（輪）場,その他,葛飾区柴又２丁目,35.758391,139.869244, 亀有警察署 柴又二丁目交番,35.7584161,139.8705079
窃盗,部品ねらい,亀有,水元公園前交番,131229,東京都,葛飾区,東水元２丁目,2022/6/19,16,一戸建住宅,その他,ナンバープレート,葛飾区東水元２丁目,35.779838,139.870653, 亀有警察署 水元公園前交番,35.781005,139.866921
窃盗,部品ねらい,亀有,水元駐在所,131229,東京都,葛飾区,西水元２丁目,2022/3/24,18,駐車（輪）場,駐車（輪）場,なし,葛飾区西水元２丁目,35.785738,139.849615, 亀有警察署 水元駐在所,35.7808322,139.8529282
窃盗,部品ねらい,亀有,水元駐在所,131229,東京都,葛飾区,西水元２丁目,2022/3/26,17,駐車（輪）場,駐車（輪）場,その他,葛飾区西水元２丁目,35.785738,139.849615, 亀有警察署 水元駐在所,35.7808322,139.8529282
窃盗,部品ねらい,亀有,葛三橋交番,131229,東京都,葛飾区,東水元６丁目,2022/1/22,22,その他の住宅（３階建て以下共同住宅等）,その他,その他,葛飾区東水元６丁目,35.792454,139.86114, 亀有警察署 葛三橋交番,35.7932862,139.85977
窃盗,部品ねらい,亀有,葛三橋交番,131229,東京都,葛飾区,東水元６丁目,2022/7/10,17,その他の住宅（３階建て以下共同住宅等）,駐車（輪）場,その他,葛飾区東水元６丁目,35.792454,139.86114, 亀有警察署 葛三橋交番,35.7932862,139.85977
窃盗,部品ねらい,亀有,葛三橋交番,131229,東京都,葛飾区,東水元６丁目,2022/7/25,19,その他の住宅（３階建て以下共同住宅等）,駐車（輪）場,ナンバープレート,葛飾区東水元６丁目,35.792454,139.86114, 亀有警察署 葛三橋交番,35.7932862,139.85977
窃盗,部品ねらい,亀有,西亀有交番,131229,東京都,葛飾区,西亀有１丁目,2022/5/10,18,その他,その他,その他,葛飾区西亀有１丁目,35.757894,139.83973, 亀有警察署 西亀有交番,35.7590227,139.8335076
窃盗,部品ねらい,亀有,金町駅北口交番,131229,東京都,葛飾区,東金町４丁目,2022/10/28,14,４階建て以上共同住宅,その他,ナンバープレート,葛飾区東金町４丁目,35.774498,139.87549, 亀有警察署 金町駅北口交番,35.7701064,139.8702694
窃盗,部品ねらい,亀有,青戸交番,131229,東京都,葛飾区,亀有１丁目,2022/12/10,14,４階建て以上共同住宅,駐車（輪）場,その他,葛飾区亀有１丁目,35.758422,139.846323, 亀有警察署 青戸交番,35.7536774,139.8510482
窃盗,部品ねらい,葛飾,たつみ橋交番,131229,東京都,葛飾区,西新小岩１丁目,2022/11/16,6,４階建て以上共同住宅,その他,ナンバープレート,葛飾区西新小岩１丁目,35.715641,139.853795, 葛飾警察署 たつみ橋交番,,
窃盗,部品ねらい,葛飾,たつみ橋交番,131229,東京都,葛飾区,西新小岩３丁目,2022/3/25,20,駐車（輪）場,駐車（輪）場,その他,葛飾区西新小岩３丁目,35.720481,139.847128, 葛飾警察署 たつみ橋交番,,
窃盗,部品ねらい,葛飾,上平井交番,131229,東京都,葛飾区,東新小岩７丁目,2022/1/20,18,４階建て以上共同住宅,その他,その他,葛飾区東新小岩７丁目,35.724929,139.854294, 葛飾警察署 上平井交番,35.723433,139.8528816
窃盗,部品ねらい,葛飾,上平井交番,131229,東京都,葛飾区,東新小岩８丁目,2022/1/24,16,４階建て以上共同住宅,その他,その他,葛飾区東新小岩８丁目,35.727192,139.853289, 葛飾警察署 上平井交番,35.723433,139.8528816
窃盗,部品ねらい,葛飾,四ツ木駅前交番,131229,東京都,葛飾区,東四つ木２丁目,2022/12/1,19,駐車（輪）場,駐車（輪）場,ナンバープレート,葛飾区東四つ木２丁目,35.729732,139.844405, 葛飾警察署 四ツ木駅前交番,,
窃盗,部品ねらい,葛飾,堀切交番,131229,東京都,葛飾区,堀切１丁目,2022/6/9,6,一戸建住宅,その他,その他,葛飾区堀切１丁目,35.739525,139.827353, 葛飾警察署 堀切交番,35.7407525,139.830481
窃盗,部品ねらい,葛飾,奥戸交番,131229,東京都,葛飾区,奥戸３丁目,2022/3/9,12,その他,駐車（輪）場,その他,葛飾区奥戸３丁目,35.731765,139.861664, 葛飾警察署 奥戸交番,35.7343238,139.865247
窃盗,部品ねらい,葛飾,奥戸交番,131229,東京都,葛飾区,奥戸４丁目,2022/3/26,14,駐車（輪）場,駐車（輪）場,その他,葛飾区奥戸４丁目,35.728258,139.865868, 葛飾警察署 奥戸交番,35.7343238,139.865247
窃盗,部品ねらい,葛飾,奥戸交番,131229,東京都,葛飾区,奥戸４丁目,2022/11/21,20,道路上,その他,ナンバープレート,葛飾区奥戸４丁目,35.728258,139.865868, 葛飾警察署 奥戸交番,35.7343238,139.865247
窃盗,部品ねらい,葛飾,宝町交番,131229,東京都,葛飾区,四つ木５丁目,2022/6/19,12,４階建て以上共同住宅,駐車（輪）場,その他,葛飾区四つ木５丁目,35.742017,139.840078, 葛飾警察署 宝町交番,35.7468194,139.8366557
窃盗,部品ねらい,葛飾,平和橋交番,131229,東京都,葛飾区,東四つ木１丁目,2022/7/26,22,４階建て以上共同住宅,その他,その他,葛飾区東四つ木１丁目,35.7262776,139.8406279, 葛飾警察署 平和橋交番,35.7284048,139.8479926
窃盗,部品ねらい,葛飾,新小岩駅前交番,131229,東京都,葛飾区,新小岩１丁目,2022/11/3,12,道路上,その他,その他,葛飾区新小岩１丁目,35.714252,139.854932, 葛飾警察署 新小岩駅前交番,35.71658205,139.85864229144255
窃盗,部品ねらい,葛飾,新小岩駅前交番,131229,東京都,葛飾区,新小岩２丁目,2022/4/15,19,駐車（輪）場,駐車（輪）場,ナンバープレート,葛飾区新小岩２丁目,35.715976,139.862179, 葛飾警察署 新小岩駅前交番,35.71658205,139.85864229144255
窃盗,部品ねらい,葛飾,新小岩駅前交番,131229,東京都,葛飾区,新小岩２丁目,2022/4/28,11,道路上,その他,ナンバープレート,葛飾区新小岩２丁目,35.715976,139.862179, 葛飾警察署 新小岩駅前交番,35.71658205,139.85864229144255
窃盗,部品ねらい,葛飾,立石交番,131229,東京都,葛飾区,東立石３丁目,2022/6/30,16,道路上,その他,その他,葛飾区東立石３丁目,35.73537,139.844999, 葛飾警察署 立石交番,35.7366242,139.8454716
窃盗,部品ねらい,葛飾,立石駅前交番,131229,東京都,葛飾区,立石６丁目,2022/9/10,19,４階建て以上共同住宅,その他,ナンバープレート,葛飾区立石６丁目,35.744073,139.851199, 葛飾警察署 立石駅前交番,35.7388475,139.8490674
窃盗,部品ねらい,葛飾,細田交番,131229,東京都,葛飾区,細田５丁目,2022/9/10,1,駐車（輪）場,駐車（輪）場,その他,葛飾区細田５丁目,35.73909,139.875227, 葛飾警察署 細田交番,35.740142,139.8695527
窃盗,部品ねらい,葛飾,高砂駅前交番,131229,東京都,葛飾区,高砂５丁目,2022/12/21,13,その他,駐車（輪）場,その他,葛飾区高砂５丁目,35.751786,139.868698, 葛飾警察署 高砂駅前交番,35.7511165,139.868019
窃盗,部品ねらい,小松川,京葉通交番,131237,東京都,江戸川区,西一之江２丁目,2022/12/6,12,その他の住宅（３階建て以下共同住宅等）,駐車（輪）場,その他,江戸川区西一之江２丁目,35.700131,139.880016, 小松川警察署 京葉通交番,35.70321,139.873895
窃盗,部品ねらい,小松川,京葉通交番,131237,東京都,江戸川区,大杉３丁目,2022/5/22,19,その他,駐車（輪）場,ナンバープレート,江戸川区大杉３丁目,35.7049685,139.8825479, 小松川警察署 京葉通交番,35.70321,139.873895
窃盗,部品ねらい,小松川,今井交番,131237,東京都,江戸川区,一之江３丁目,2022/3/20,7,駐車（輪）場,駐車（輪）場,その他,江戸川区一之江３丁目,35.6887406,139.8845692, 小松川警察署 今井交番,35.6839121,139.8869888
窃盗,部品ねらい,小松川,今井交番,131237,東京都,江戸川区,一之江３丁目,2022/7/3,5,その他の住宅（３階建て以下共同住宅等）,駐車（輪）場,ナンバープレート,江戸川区一之江３丁目,35.6887406,139.8845692, 小松川警察署 今井交番,35.6839121,139.8869888
窃盗,部品ねらい,小松川,今井交番,131237,東京都,江戸川区,西瑞江４丁目,2022/10/20,8,４階建て以上共同住宅,駐車（輪）場,その他,江戸川区西瑞江４丁目,35.682233,139.8842031, 小松川警察署 今井交番,35.6839121,139.8869888
窃盗,部品ねらい,小松川,八蔵橋交番,131237,東京都,江戸川区,松島１丁目,2022/1/14,不明,その他,駐車（輪）場,ナンバープレート,江戸川区松島１丁目,35.7045227,139.8649821, 小松川警察署 八蔵橋交番,35.7082979,139.867753
窃盗,部品ねらい,小松川,南篠崎交番,131237,東京都,江戸川区,篠崎町４丁目,2022/10/5,18,駐車（輪）場,駐車（輪）場,その他,江戸川区篠崎町４丁目,35.6997061,139.9103125, 小松川警察署 南篠崎交番,35.693524,139.90868
窃盗,部品ねらい,小松川,南篠崎交番,131237,東京都,江戸川区,南篠崎町１丁目,2021/12/27,21,駐車（輪）場,駐車（輪）場,その他,江戸川区南篠崎町１丁目,35.6947511,139.9062516, 小松川警察署 南篠崎交番,35.693524,139.90868
窃盗,部品ねらい,小松川,南篠崎交番,131237,東京都,江戸川区,東篠崎１丁目,2022/4/22,20,４階建て以上共同住宅,駐車（輪）場,その他,江戸川区東篠崎１丁目,35.6982302,139.9162512, 小松川警察署 南篠崎交番,35.693524,139.90868
窃盗,部品ねらい,小松川,小松川四丁目交番,131237,東京都,江戸川区,平井２丁目,2022/10/28,11,一戸建住宅,駐車（輪）場,ナンバープレート,江戸川区平井２丁目,35.7014494,139.8452923, 小松川警察署 小松川四丁目交番,35.699792,139.850426
窃盗,部品ねらい,小松川,平井七丁目交番,131237,東京都,江戸川区,平井７丁目,2022/5/7,15,４階建て以上共同住宅,駐車（輪）場,その他,江戸川区平井７丁目,35.7148409,139.8378202, 小松川警察署 平井七丁目交番,35.7121136,139.8420423
窃盗,部品ねらい,小松川,平井駅前交番,131237,東京都,江戸川区,平井４丁目,2022/2/27,16,４階建て以上共同住宅,駐車（輪）場,ナンバープレート,江戸川区平井４丁目,35.7071958,139.8473581, 小松川警察署 平井駅前交番,35.70628605,139.8429350469908
窃盗,部品ねらい,小松川,平井駅前交番,131237,東京都,江戸川区,平井５丁目,2022/6/11,22,４階建て以上共同住宅,駐車（輪）場,その他,江戸川区平井５丁目,35.707582,139.842478, 小松川警察署 平井駅前交番,35.70628605,139.8429350469908
窃盗,部品ねらい,小松川,平井駅前交番,131237,東京都,江戸川区,平井５丁目,2022/6/24,6,駐車（輪）場,駐車（輪）場,ナンバープレート,江戸川区平井５丁目,35.707582,139.842478, 小松川警察署 平井駅前交番,35.70628605,139.8429350469908
窃盗,部品ねらい,小松川,東瑞江交番,131237,東京都,江戸川区,江戸川２丁目,2022/6/13,12,４階建て以上共同住宅,駐車（輪）場,ナンバープレート,江戸川区江戸川２丁目,35.685418,139.9023364, 小松川警察署 東瑞江交番,35.686047,139.897783
窃盗,部品ねらい,小松川,東瑞江交番,131237,東京都,江戸川区,江戸川３丁目,2022/10/8,13,４階建て以上共同住宅,駐車（輪）場,ナンバープレート,江戸川区江戸川３丁目,35.6843916,139.89278, 小松川警察署 東瑞江交番,35.686047,139.897783
窃盗,部品ねらい,小松川,東瑞江交番,131237,東京都,江戸川区,東瑞江２丁目,2022/1/12,16,４階建て以上共同住宅,駐車（輪）場,ナンバープレート,江戸川区東瑞江２丁目,35.6872975,139.8969342, 小松川警察署 東瑞江交番,35.686047,139.897783
窃盗,部品ねらい,小松川,松江交番,131237,東京都,江戸川区,西一之江３丁目,2022/3/26,17,駐車（輪）場,駐車（輪）場,その他,江戸川区西一之江３丁目,35.694425,139.87735, 小松川警察署 松江交番,35.6970122,139.8699934
窃盗,部品ねらい,小松川,松江交番,131237,東京都,江戸川区,東小松川１丁目,2022/4/3,10,駐車（輪）場,駐車（輪）場,ナンバープレート,江戸川区東小松川１丁目,35.700872,139.86634, 小松川警察署 松江交番,35.6970122,139.8699934
窃盗,部品ねらい,小松川,松江交番,131237,東京都,江戸川区,東小松川２丁目,2022/3/1,13,駐車（輪）場,駐車（輪）場,その他,江戸川区東小松川２丁目,35.6965299,139.8654717, 小松川警察署 松江交番,35.6970122,139.8699934
窃盗,部品ねらい,小松川,松江交番,131237,東京都,江戸川区,東小松川３丁目,2022/1/27,16,駐車（輪）場,駐車（輪）場,その他,江戸川区東小松川３丁目,35.693236,139.862044, 小松川警察署 松江交番,35.6970122,139.8699934
窃盗,部品ねらい,小松川,松江交番,131237,東京都,江戸川区,東小松川３丁目,2022/7/19,18,駐車（輪）場,駐車（輪）場,その他,江戸川区東小松川３丁目,35.693236,139.862044, 小松川警察署 松江交番,35.6970122,139.8699934
窃盗,部品ねらい,小松川,瑞江駅前交番,131237,東京都,江戸川区,東瑞江１丁目,2022/7/27,20,その他,その他,その他,江戸川区東瑞江１丁目,35.69041,139.899608, 小松川警察署 瑞江駅前交番,35.6927063,139.8977697368361
窃盗,部品ねらい,小松川,瑞江駅前交番,131237,東京都,江戸川区,瑞江２丁目,2022/4/24,10,駐車（輪）場,駐車（輪）場,その他,江戸川区瑞江２丁目,35.6952939,139.8968745, 小松川警察署 瑞江駅前交番,35.6927063,139.8977697368361
窃盗,部品ねらい,小松川,篠崎駅前交番,131237,東京都,江戸川区,篠崎町２丁目,2022/11/8,10,駐車（輪）場,駐車（輪）場,ナンバープレート,江戸川区篠崎町２丁目,35.706991,139.907932, 小松川警察署 篠崎駅前交番,35.7056975,139.9042265
窃盗,部品ねらい,小松川,篠崎駅前交番,131237,東京都,江戸川区,篠崎町２丁目,2022/11/17,6,駐車（輪）場,駐車（輪）場,ナンバープレート,江戸川区篠崎町２丁目,35.706991,139.907932, 小松川警察署 篠崎駅前交番,35.7056975,139.9042265
窃盗,部品ねらい,小松川,篠崎駅前交番,131237,東京都,江戸川区,篠崎町３丁目,2022/6/10,14,４階建て以上共同住宅,駐車（輪）場,その他,江戸川区篠崎町３丁目,35.7045058,139.9135669, 小松川警察署 篠崎駅前交番,35.7056975,139.9042265
窃盗,部品ねらい,小松川,篠崎駅前交番,131237,東京都,江戸川区,篠崎町５丁目,2022/6/27,18,その他,駐車（輪）場,その他,江戸川区篠崎町５丁目,35.7022064,139.9081723, 小松川警察署 篠崎駅前交番,35.7056975,139.9042265
窃盗,部品ねらい,小松川,篠崎駅前交番,131237,東京都,江戸川区,下篠崎町,2022/10/26,21,４階建て以上共同住宅,駐車（輪）場,その他,江戸川区下篠崎町,35.6986678,139.9132563, 小松川警察署 篠崎駅前交番,35.7056975,139.9042265
窃盗,部品ねらい,小松川,篠崎駅前交番,131237,東京都,江戸川区,瑞江１丁目,2022/9/22,11,その他,駐車（輪）場,その他,江戸川区瑞江１丁目,35.6993262,139.8954854, 小松川警察署 篠崎駅前交番,35.7056975,139.9042265
窃盗,部品ねらい,小岩,一里塚交番,131237,東京都,江戸川区,東小岩５丁目,2022/7/31,10,その他の住宅（３階建て以下共同住宅等）,駐車（輪）場,その他,江戸川区東小岩５丁目,35.7315171,139.888347, 小岩警察署 一里塚交番,35.7321105,139.8909224
窃盗,部品ねらい,小岩,上一色駐在所,131237,東京都,江戸川区,大杉５丁目,2022/2/12,13,駐車（輪）場,駐車（輪）場,ナンバープレート,江戸川区大杉５丁目,35.7101804,139.8778507, 小岩警察署 上一色駐在所,35.72344,139.873778
窃盗,部品ねらい,小岩,上一色駐在所,131237,東京都,江戸川区,上一色１丁目,2022/4/9,4,駐車（輪）場,駐車（輪）場,ナンバープレート,江戸川区上一色１丁目,35.7246096,139.8714758, 小岩警察署 上一色駐在所,35.72344,139.873778
窃盗,部品ねらい,小岩,上篠崎駐在所,131237,東京都,江戸川区,上篠崎４丁目,2022/4/4,16,その他の住宅（３階建て以下共同住宅等）,駐車（輪）場,ナンバープレート,江戸川区上篠崎４丁目,35.7085016,139.8992555, 小岩警察署 上篠崎駐在所,35.714155,139.902142
窃盗,部品ねらい,小岩,二枚橋交番,131237,東京都,江戸川区,南小岩４丁目,2022/8/18,14,４階建て以上共同住宅,駐車（輪）場,その他,江戸川区南小岩４丁目,35.722542,139.883413, 小岩警察署 二枚橋交番,35.7222944,139.8809503
窃盗,部品ねらい,小岩,二枚橋交番,131237,東京都,江戸川区,南小岩４丁目,2022/9/17,11,一戸建住宅,駐車（輪）場,その他,江戸川区南小岩４丁目,35.722542,139.883413, 小岩警察署 二枚橋交番,35.7222944,139.8809503
窃盗,部品ねらい,小岩,京成小岩駅前交番,131237,東京都,江戸川区,北小岩２丁目,2022/5/6,9,その他,駐車（輪）場,その他,江戸川区北小岩２丁目,35.739838,139.885646, 小岩警察署 京成小岩駅前交番,35.741382,139.8826344
窃盗,部品ねらい,小岩,京成小岩駅前交番,131237,東京都,江戸川区,北小岩２丁目,2022/12/11,17,駐車（輪）場,駐車（輪）場,その他,江戸川区北小岩２丁目,35.739838,139.885646, 小岩警察署 京成小岩駅前交番,35.741382,139.8826344
窃盗,部品ねらい,小岩,京成小岩駅前交番,131237,東京都,江戸川区,北小岩６丁目,2022/4/13,16,４階建て以上共同住宅,駐車（輪）場,その他,江戸川区北小岩６丁目,35.7442059,139.8853737, 小岩警察署 京成小岩駅前交番,35.741382,139.8826344
窃盗,部品ねらい,小岩,北小岩二丁目交番,131237,東京都,江戸川区,北小岩２丁目,2022/5/20,12,駐車（輪）場,駐車（輪）場,その他,江戸川区北小岩２丁目,35.739838,139.885646, 小岩警察署 北小岩二丁目交番,35.7363427,139.8848256
窃盗,部品ねらい,小岩,南小岩交番,131237,東京都,江戸川区,南小岩２丁目,2022/8/12,19,その他の住宅（３階建て以下共同住宅等）,その他,その他,江戸川区南小岩２丁目,35.720006,139.889455, 小岩警察署 南小岩交番,35.7209467,139.8903081
窃盗,部品ねらい,小岩,小岩駅前交番,131237,東京都,江戸川区,西小岩１丁目,2022/5/7,10,その他,駐車（輪）場,その他,江戸川区西小岩１丁目,35.732583,139.878189, 小岩警察署 小岩駅前交番,35.7330816,139.8819066
窃盗,部品ねらい,小岩,小岩駅前交番,131237,東京都,江戸川区,南小岩６丁目,2022/4/9,2,駐車（輪）場,駐車（輪）場,その他,江戸川区南小岩６丁目,35.729527,139.878707, 小岩警察署 小岩駅前交番,35.7330816,139.8819066
窃盗,部品ねらい,小岩,鹿骨交番,131237,東京都,江戸川区,鹿骨４丁目,2022/4/11,11,駐車（輪）場,駐車（輪）場,ナンバープレート,江戸川区鹿骨４丁目,35.7143529,139.8896343, 小岩警察署 鹿骨交番,35.710294,139.88931
窃盗,部品ねらい,小岩,鹿骨交番,131237,東京都,江戸川区,上篠崎３丁目,2022/3/18,16,駐車（輪）場,駐車（輪）場,その他,江戸川区上篠崎３丁目,35.7119224,139.899345, 小岩警察署 鹿骨交番,35.710294,139.88931
窃盗,部品ねらい,葛西,共栄橋交番,131237,東京都,江戸川区,中葛西３丁目,2022/10/16,17,４階建て以上共同住宅,駐車（輪）場,その他,江戸川区中葛西３丁目,35.6658464,139.8710968, 葛西警察署 共栄橋交番,35.667770399999995,139.8717700846705
窃盗,部品ねらい,葛西,共栄橋交番,131237,東京都,江戸川区,中葛西４丁目,2022/9/19,17,４階建て以上共同住宅,駐車（輪）場,その他,江戸川区中葛西４丁目,35.6663291,139.8670399, 葛西警察署 共栄橋交番,35.667770399999995,139.8717700846705
窃盗,部品ねらい,葛西,南葛西交番,131237,東京都,江戸川区,南葛西１丁目,2022/6/20,17,４階建て以上共同住宅,その他,その他,江戸川区南葛西１丁目,35.6541395,139.8689414, 葛西警察署 南葛西交番,35.6484223,139.87167429303327
窃盗,部品ねらい,葛西,南葛西交番,131237,東京都,江戸川区,南葛西３丁目,2022/2/23,13,駐車（輪）場,駐車（輪）場,その他,江戸川区南葛西３丁目,35.6501074,139.8689671, 葛西警察署 南葛西交番,35.6484223,139.87167429303327
窃盗,部品ねらい,葛西,南葛西交番,131237,東京都,江戸川区,南葛西４丁目,2022/4/10,12,その他,駐車（輪）場,その他,江戸川区南葛西４丁目,35.6495309,139.874178, 葛西警察署 南葛西交番,35.6484223,139.87167429303327
窃盗,部品ねらい,葛西,南葛西交番,131237,東京都,江戸川区,南葛西５丁目,2022/7/15,20,４階建て以上共同住宅,駐車（輪）場,その他,江戸川区南葛西５丁目,35.6456686,139.8729099, 葛西警察署 南葛西交番,35.6484223,139.87167429303327
窃盗,部品ねらい,葛西,南葛西交番,131237,東京都,江戸川区,南葛西６丁目,2022/8/30,18,４階建て以上共同住宅,駐車（輪）場,ナンバープレート,江戸川区南葛西６丁目,35.6477229,139.8778733, 葛西警察署 南葛西交番,35.6484223,139.87167429303327
窃盗,部品ねらい,葛西,南葛西交番,131237,東京都,江戸川区,南葛西７丁目,2021/11/30,不明,４階建て以上共同住宅,駐車（輪）場,タイヤ・ホイール,江戸川区南葛西７丁目,35.6475333,139.881607, 葛西警察署 南葛西交番,35.6484223,139.87167429303327
窃盗,部品ねらい,葛西,南葛西交番,131237,東京都,江戸川区,南葛西７丁目,2022/11/19,18,４階建て以上共同住宅,駐車（輪）場,その他,江戸川区南葛西７丁目,35.6475333,139.881607, 葛西警察署 南葛西交番,35.6484223,139.87167429303327
窃盗,部品ねらい,葛西,宇喜田駐在所,131237,東京都,江戸川区,宇喜田町,2022/9/3,18,その他の住宅（３階建て以下共同住宅等）,駐車（輪）場,その他,江戸川区宇喜田町,35.6762979,139.8631822, 葛西警察署 宇喜田駐在所,35.680045,139.86198
窃盗,部品ねらい,葛西,東葛西九丁目駐在所,131237,東京都,江戸川区,東葛西９丁目,2022/5/6,0,その他の住宅（３階建て以下共同住宅等）,駐車（輪）場,その他,江戸川区東葛西９丁目,35.6543988,139.8843764, 葛西警察署 東葛西九丁目駐在所,35.6562804,139.88210985
窃盗,部品ねらい,葛西,東葛西五丁目交番,131237,東京都,江戸川区,東葛西３丁目,2022/7/17,16,駐車（輪）場,駐車（輪）場,ナンバープレート,江戸川区東葛西３丁目,35.6682279,139.8842455, 葛西警察署 東葛西五丁目交番,35.66589895,139.8827055
窃盗,部品ねらい,葛西,江戸川六丁目交番,131237,東京都,江戸川区,江戸川５丁目,2022/5/25,22,４階建て以上共同住宅,駐車（輪）場,ナンバープレート,江戸川区江戸川５丁目,35.6752782,139.882797, 葛西警察署 江戸川六丁目交番,35.6774626,139.8792341
窃盗,部品ねらい,葛西,江戸川六丁目交番,131237,東京都,江戸川区,西瑞江５丁目,2022/12/4,19,一戸建住宅,その他,その他,江戸川区西瑞江５丁目,35.6795066,139.8804452, 葛西警察署 江戸川六丁目交番,35.6774626,139.8792341
窃盗,部品ねらい,葛西,清新町交番,131237,東京都,江戸川区,西葛西８丁目,2022/9/17,18,４階建て以上共同住宅,駐車（輪）場,その他,江戸川区西葛西８丁目,35.6562556,139.8614918, 葛西警察署 清新町交番,35.6573992,139.85536812759563
窃盗,部品ねらい,葛西,清新町交番,131237,東京都,江戸川区,西葛西８丁目,2022/9/19,14,４階建て以上共同住宅,駐車（輪）場,その他,江戸川区西葛西８丁目,35.6562556,139.8614918, 葛西警察署 清新町交番,35.6573992,139.85536812759563
窃盗,部品ねらい,葛西,清新町交番,131237,東京都,江戸川区,清新町１丁目,2022/6/9,23,４階建て以上共同住宅,駐車（輪）場,ナンバープレート,江戸川区清新町１丁目,35.6613584,139.8518492, 葛西警察署 清新町交番,35.6573992,139.85536812759563
窃盗,部品ねらい,葛西,清新町交番,131237,東京都,江戸川区,清新町１丁目,2022/8/9,13,４階建て以上共同住宅,駐車（輪）場,その他,江戸川区清新町１丁目,35.6613584,139.8518492, 葛西警察署 清新町交番,35.6573992,139.85536812759563
窃盗,部品ねらい,葛西,清新町交番,131237,東京都,江戸川区,清新町１丁目,2022/10/28,18,４階建て以上共同住宅,駐車（輪）場,その他,江戸川区清新町１丁目,35.6613584,139.8518492, 葛西警察署 清新町交番,35.6573992,139.85536812759563
窃盗,部品ねらい,葛西,船堀駅前交番,131237,東京都,江戸川区,二之江町,2022/3/21,14,駐車（輪）場,駐車（輪）場,その他,江戸川区二之江町,35.681814,139.873167, 葛西警察署 船堀駅前交番,35.6837041,139.8639433
窃盗,部品ねらい,葛西,船堀駅前交番,131237,東京都,江戸川区,船堀１丁目,2022/1/25,7,その他,駐車（輪）場,その他,江戸川区船堀１丁目,35.6864742,139.8599261, 葛西警察署 船堀駅前交番,35.6837041,139.8639433
窃盗,部品ねらい,葛西,船堀駅前交番,131237,東京都,江戸川区,船堀１丁目,2022/6/24,14,４階建て以上共同住宅,駐車（輪）場,その他,江戸川区船堀１丁目,35.6864742,139.8599261, 葛西警察署 船堀駅前交番,35.6837041,139.8639433
窃盗,部品ねらい,葛西,船堀駅前交番,131237,東京都,江戸川区,船堀１丁目,2022/8/6,18,４階建て以上共同住宅,駐車（輪）場,ナンバープレート,江戸川区船堀１丁目,35.6864742,139.8599261, 葛西警察署 船堀駅前交番,35.6837041,139.8639433
窃盗,部品ねらい,葛西,船堀駅前交番,131237,東京都,江戸川区,船堀１丁目,2022/11/17,8,その他,駐車（輪）場,その他,江戸川区船堀１丁目,35.6864742,139.8599261, 葛西警察署 船堀駅前交番,35.6837041,139.8639433
窃盗,部品ねらい,葛西,葛西橋東交番,131237,東京都,江戸川区,北葛西２丁目,2022/1/21,20,４階建て以上共同住宅,駐車（輪）場,その他,江戸川区北葛西２丁目,35.6755937,139.8551678, 葛西警察署 葛西橋東交番,,
窃盗,部品ねらい,葛西,葛西橋東交番,131237,東京都,江戸川区,北葛西２丁目,2022/3/5,16,駐車（輪）場,駐車（輪）場,その他,江戸川区北葛西２丁目,35.6755937,139.8551678, 葛西警察署 葛西橋東交番,,
窃盗,部品ねらい,葛西,葛西橋東交番,131237,東京都,江戸川区,北葛西２丁目,2022/11/12,19,４階建て以上共同住宅,その他,その他,江戸川区北葛西２丁目,35.6755937,139.8551678, 葛西警察署 葛西橋東交番,,
窃盗,部品ねらい,葛西,葛西橋東交番,131237,東京都,江戸川区,北葛西４丁目,2022/3/26,19,その他,駐車（輪）場,その他,江戸川区北葛西４丁目,35.6715372,139.86352, 葛西警察署 葛西橋東交番,,
窃盗,部品ねらい,葛西,葛西橋東交番,131237,東京都,江戸川区,北葛西４丁目,2022/11/5,13,４階建て以上共同住宅,駐車（輪）場,その他,江戸川区北葛西４丁目,35.6715372,139.86352, 葛西警察署 葛西橋東交番,,
窃盗,部品ねらい,葛西,葛西駅前交番,131237,東京都,江戸川区,東葛西５丁目,2022/9/15,18,４階建て以上共同住宅,駐車（輪）場,その他,江戸川区東葛西５丁目,35.6654597,139.8783186, 葛西警察署 葛西駅前交番,,
窃盗,部品ねらい,葛西,西葛西駅前交番,131237,東京都,江戸川区,西葛西４丁目,2022/9/17,15,４階建て以上共同住宅,駐車（輪）場,その他,江戸川区西葛西４丁目,35.6677401,139.863726, 葛西警察署 西葛西駅前交番,,
窃盗,部品ねらい,葛西,西葛西駅前交番,131237,東京都,江戸川区,西葛西５丁目,2022/10/29,21,４階建て以上共同住宅,その他,その他,江戸川区西葛西５丁目,35.6660709,139.8618311, 葛西警察署 西葛西駅前交番,,
窃盗,部品ねらい,葛西,西葛西駅前交番,131237,東京都,江戸川区,西葛西６丁目,2022/11/5,15,４階建て以上共同住宅,駐車（輪）場,その他,江戸川区西葛西６丁目,35.6633655,139.8608574, 葛西警察署 西葛西駅前交番,,
窃盗,部品ねらい,葛西,西葛西駅前交番,131237,東京都,江戸川区,西葛西７丁目,2022/8/29,22,４階建て以上共同住宅,駐車（輪）場,その他,江戸川区西葛西７丁目,35.6604813,139.8613081, 葛西警察署 西葛西駅前交番,,
窃盗,部品ねらい,葛西,西葛西駅前交番,131237,東京都,江戸川区,西葛西８丁目,2022/7/15,18,駐車（輪）場,駐車（輪）場,ナンバープレート,江戸川区西葛西８丁目,35.6562556,139.8614918, 葛西警察署 西葛西駅前交番,,
窃盗,部品ねらい,南大沢,みなみ野交番,132012,東京都,八王子市,片倉町,2022/7/21,18,その他,駐車（輪）場,ナンバープレート,八王子市片倉町,,, 南大沢警察署 みなみ野交番,,
窃盗,部品ねらい,南大沢,みなみ野交番,132012,東京都,八王子市,みなみ野１丁目,2022/7/30,18,４階建て以上共同住宅,駐車（輪）場,タイヤ・ホイール,八王子市みなみ野１丁目,,, 南大沢警察署 みなみ野交番,,
窃盗,部品ねらい,南大沢,みなみ野交番,132012,東京都,八王子市,みなみ野１丁目,2022/9/30,11,その他,駐車（輪）場,その他,八王子市みなみ野１丁目,,, 南大沢警察署 みなみ野交番,,
窃盗,部品ねらい,南大沢,みなみ野交番,132012,東京都,八王子市,七国１丁目,2022/2/5,18,その他の住宅（３階建て以下共同住宅等）,駐車（輪）場,ナンバープレート,八王子市七国１丁目,,, 南大沢警察署 みなみ野交番,,
窃盗,部品ねらい,南大沢,みなみ野交番,132012,東京都,八王子市,七国２丁目,2022/7/30,18,駐車（輪）場,駐車（輪）場,タイヤ・ホイール,八王子市七国２丁目,,, 南大沢警察署 みなみ野交番,,
窃盗,部品ねらい,南大沢,みなみ野交番,132012,東京都,八王子市,七国２丁目,2022/12/12,18,一戸建住宅,駐車（輪）場,ナンバープレート,八王子市七国２丁目,,, 南大沢警察署 みなみ野交番,,
窃盗,部品ねらい,南大沢,下柚木交番,132012,東京都,八王子市,下柚木３丁目,2022/7/29,12,４階建て以上共同住宅,駐車（輪）場,タイヤ・ホイール,八王子市下柚木３丁目,,, 南大沢警察署 下柚木交番,,
窃盗,部品ねらい,南大沢,下柚木交番,132012,東京都,八王子市,下柚木３丁目,2022/9/24,15,４階建て以上共同住宅,駐車（輪）場,ナンバープレート,八王子市下柚木３丁目,,, 南大沢警察署 下柚木交番,,
窃盗,部品ねらい,南大沢,北野駅前交番,132012,東京都,八王子市,北野町,2022/12/22,10,その他,駐車（輪）場,ナンバープレート,八王子市北野町,,, 南大沢警察署 北野駅前交番,,
窃盗,部品ねらい,南大沢,南大沢駅前交番,132012,東京都,八王子市,南大沢１丁目,2022/10/22,15,その他,駐車（輪）場,その他,八王子市南大沢１丁目,,, 南大沢警察署 南大沢駅前交番,,
窃盗,部品ねらい,南大沢,堀之内駅前交番,132012,東京都,八王子市,東中野,2022/6/30,11,その他,駐車（輪）場,ナンバープレート,八王子市東中野,,, 南大沢警察署 堀之内駅前交番,,
窃盗,部品ねらい,南大沢,堀之内駅前交番,132012,東京都,八王子市,別所１丁目,2022/6/3,20,４階建て以上共同住宅,駐車（輪）場,ナンバープレート,八王子市別所１丁目,,, 南大沢警察署 堀之内駅前交番,,
窃盗,部品ねらい,南大沢,堀之内駅前交番,132012,東京都,八王子市,堀之内３丁目,2022/4/21,17,その他,その他,タイヤ・ホイール,八王子市堀之内３丁目,,, 南大沢警察署 堀之内駅前交番,,
窃盗,部品ねらい,南大沢,堀之内駅前交番,132012,東京都,八王子市,堀之内３丁目,2022/8/29,6,駐車（輪）場,駐車（輪）場,その他,八王子市堀之内３丁目,,, 南大沢警察署 堀之内駅前交番,,
窃盗,部品ねらい,南大沢,大戸駐在所,132098,東京都,町田市,相原町,2022/5/6,23,駐車（輪）場,駐車（輪）場,タイヤ・ホイール,町田市相原町,35.6054106,139.3299887, 南大沢警察署 大戸駐在所,35.60938285,139.29851545
窃盗,部品ねらい,南大沢,小山駐在所,132098,東京都,町田市,小山町,2022/10/21,18,道路上,その他,ナンバープレート,町田市小山町,35.5956062,139.3770822, 南大沢警察署 小山駐在所,35.5959169,139.3718669
窃盗,部品ねらい,南大沢,相原駅前交番,132098,東京都,町田市,相原町,2022/8/23,17,その他,駐車（輪）場,タイヤ・ホイール,町田市相原町,35.6054106,139.3299887, 南大沢警察署 相原駅前交番,35.607092800000004,139.33191845816327
窃盗,部品ねらい,高尾,めじろ台交番,132012,東京都,八王子市,椚田町,2022/11/17,20,その他,駐車（輪）場,ナンバープレート,八王子市椚田町,,, 高尾警察署 めじろ台交番,,
窃盗,部品ねらい,高尾,めじろ台交番,132012,東京都,八王子市,めじろ台２丁目,2022/6/1,18,駐車（輪）場,駐車（輪）場,ナンバープレート,八王子市めじろ台２丁目,,, 高尾警察署 めじろ台交番,,
窃盗,部品ねらい,高尾,めじろ台交番,132012,東京都,八王子市,めじろ台２丁目,2022/11/20,16,その他の住宅（３階建て以下共同住宅等）,駐車（輪）場,その他,八王子市めじろ台２丁目,,, 高尾警察署 めじろ台交番,,
窃盗,部品ねらい,高尾,めじろ台交番,132012,東京都,八王子市,山田町,2022/11/17,19,その他の住宅（３階建て以下共同住宅等）,駐車（輪）場,ナンバープレート,八王子市山田町,,, 高尾警察署 めじろ台交番,,
窃盗,部品ねらい,高尾,並木町交番,132012,東京都,八王子市,高尾町,2022/11/17,12,その他,駐車（輪）場,その他,八王子市高尾町,,, 高尾警察署 並木町交番,,
窃盗,部品ねらい,高尾,並木町交番,132012,東京都,八王子市,山田町,2022/5/30,19,駐車（輪）場,駐車（輪）場,ナンバープレート,八王子市山田町,,, 高尾警察署 並木町交番,,
窃盗,部品ねらい,高尾,元八王子交番,132012,東京都,八王子市,横川町,2022/9/15,23,その他の住宅（３階建て以下共同住宅等）,駐車（輪）場,ナンバープレート,八王子市横川町,,, 高尾警察署 元八王子交番,35.66586985,139.2889428639305
窃盗,部品ねらい,高尾,寺田団地駐在所,132012,東京都,八王子市,寺田町,2022/5/10,7,一戸建住宅,駐車（輪）場,タイヤ・ホイール,八王子市寺田町,,, 高尾警察署 寺田団地駐在所,35.6231918,139.3070942
窃盗,部品ねらい,高尾,西寺方駐在所,132012,東京都,八王子市,大楽寺町,2022/3/27,8,その他,駐車（輪）場,その他,八王子市大楽寺町,,, 高尾警察署 西寺方駐在所,35.685000599999995,139.26704367433257
窃盗,部品ねらい,高尾,諏訪交番,132012,東京都,八王子市,泉町,2022/12/7,10,４階建て以上共同住宅,駐車（輪）場,ナンバープレート,八王子市泉町,,, 高尾警察署 諏訪交番,35.67533355,139.29081936367348
窃盗,部品ねらい,高尾,諏訪交番,132012,東京都,八王子市,諏訪町,2022/11/28,19,その他の住宅（３階建て以下共同住宅等）,駐車（輪）場,ナンバープレート,八王子市諏訪町,,, 高尾警察署 諏訪交番,35.67533355,139.29081936367348
窃盗,部品ねらい,高尾,諏訪交番,132012,東京都,八王子市,四谷町,2022/9/25,17,その他の住宅（３階建て以下共同住宅等）,駐車（輪）場,その他,八王子市四谷町,,, 高尾警察署 諏訪交番,35.67533355,139.29081936367348
窃盗,部品ねらい,高尾,長房町交番,132012,東京都,八王子市,長房町,2022/3/19,17,その他の住宅（３階建て以下共同住宅等）,駐車（輪）場,ナンバープレート,八王子市長房町,,, 高尾警察署 長房町交番,35.65535125,139.29572570279308
窃盗,部品ねらい,高尾,館ケ丘駐在所,132012,東京都,八王子市,館町,2021/12/8,20,４階建て以上共同住宅,駐車（輪）場,ナンバープレート,八王子市館町,,, 高尾警察署 館ケ丘駐在所,35.628121,139.287198
窃盗,部品ねらい,高尾,館ケ丘駐在所,132012,東京都,八王子市,館町,2022/6/2,9,その他の住宅（３階建て以下共同住宅等）,駐車（輪）場,ナンバープレート,八王子市館町,,, 高尾警察署 館ケ丘駐在所,35.628121,139.287198
窃盗,部品ねらい,高尾,館ケ丘駐在所,132012,東京都,八王子市,館町,2022/7/31,14,４階建て以上共同住宅,駐車（輪）場,ナンバープレート,八王子市館町,,, 高尾警察署 館ケ丘駐在所,35.628121,139.287198
窃盗,部品ねらい,高尾,館駐在所,132012,東京都,八王子市,館町,2022/5/21,21,４階建て以上共同住宅,駐車（輪）場,ナンバープレート,八王子市館町,,, 高尾警察署 館駐在所,35.636009,139.299558
窃盗,部品ねらい,高尾,館駐在所,132012,東京都,八王子市,館町,2022/8/4,18,４階建て以上共同住宅,駐車（輪）場,タイヤ・ホイール,八王子市館町,,, 高尾警察署 館駐在所,35.636009,139.299558
窃盗,部品ねらい,高尾,高尾駅前交番,132012,東京都,八王子市,狭間町,2022/6/28,10,その他,駐車（輪）場,その他,八王子市狭間町,,, 高尾警察署 高尾駅前交番,35.6431939,139.282152
窃盗,部品ねらい,高尾,高尾駅前交番,132012,東京都,八王子市,初沢町,2022/10/27,18,駐車（輪）場,駐車（輪）場,その他,八王子市初沢町,,, 高尾警察署 高尾駅前交番,35.6431939,139.282152
窃盗,部品ねらい,多摩中央,北貝取駐在所,132241,東京都,多摩市,貝取１丁目,2022/9/1,不明,その他,駐車（輪）場,ナンバープレート,多摩市貝取１丁目,35.626706,139.44015, 多摩中央警察署 北貝取駐在所,,
窃盗,部品ねらい,多摩中央,北貝取駐在所,132241,東京都,多摩市,貝取２丁目,2022/3/11,11,４階建て以上共同住宅,駐車（輪）場,ナンバープレート,多摩市貝取２丁目,35.620629,139.439992, 多摩中央警察署 北貝取駐在所,,
窃盗,部品ねらい,多摩中央,向陽台駐在所,132250,東京都,稲城市,向陽台３丁目,2022/9/1,14,その他,駐車（輪）場,その他,稲城市向陽台３丁目,35.638364,139.489022, 多摩中央警察署 向陽台駐在所,35.6398292,139.4872871
窃盗,部品ねらい,多摩中央,向陽台駐在所,132250,東京都,稲城市,向陽台４丁目,2022/4/22,20,４階建て以上共同住宅,駐車（輪）場,ナンバープレート,稲城市向陽台４丁目,35.640028,139.484687, 多摩中央警察署 向陽台駐在所,35.6398292,139.4872871
窃盗,部品ねらい,多摩中央,坂浜駐在所,132250,東京都,稲城市,坂浜,2022/3/7,8,その他,駐車（輪）場,ナンバープレート,稲城市坂浜,35.624406,139.487984, 多摩中央警察署 坂浜駐在所,35.627932,139.488737
窃盗,部品ねらい,多摩中央,多摩センター駅前交番,132241,東京都,多摩市,落合１丁目,2022/10/31,16,その他,駐車（輪）場,その他,多摩市落合１丁目,35.624877,139.427097, 多摩中央警察署 多摩センター駅前交番,,
窃盗,部品ねらい,多摩中央,多摩センター駅前交番,132241,東京都,多摩市,落合１丁目,2022/12/7,8,その他,駐車（輪）場,その他,多摩市落合１丁目,35.624877,139.427097, 多摩中央警察署 多摩センター駅前交番,,
窃盗,部品ねらい,多摩中央,多摩センター駅前交番,132241,東京都,多摩市,落合４丁目,2022/3/25,5,駐車（輪）場,駐車（輪）場,その他,多摩市落合４丁目,35.612698,139.430154, 多摩中央警察署 多摩センター駅前交番,,
窃盗,部品ねらい,多摩中央,大丸交番,132250,東京都,稲城市,大丸,2022/7/13,17,４階建て以上共同住宅,駐車（輪）場,その他,稲城市大丸,35.644584,139.477742, 多摩中央警察署 大丸交番,35.64792,139.4929595
窃盗,部品ねらい,多摩中央,大丸交番,132250,東京都,稲城市,大丸,2022/10/26,16,４階建て以上共同住宅,駐車（輪）場,その他,稲城市大丸,35.644584,139.477742, 多摩中央警察署 大丸交番,35.64792,139.4929595
窃盗,部品ねらい,多摩中央,大丸交番,132250,東京都,稲城市,大丸,2022/10/30,18,駐車（輪）場,駐車（輪）場,タイヤ・ホイール,稲城市大丸,35.644584,139.477742, 多摩中央警察署 大丸交番,35.64792,139.4929595
窃盗,部品ねらい,多摩中央,大丸交番,132250,東京都,稲城市,東長沼,2022/11/16,18,道路上,その他,その他,稲城市東長沼,35.634766,139.504256, 多摩中央警察署 大丸交番,35.64792,139.4929595
窃盗,部品ねらい,多摩中央,平尾交番,132250,東京都,稲城市,平尾３丁目,2022/7/2,8,その他の住宅（３階建て以下共同住宅等）,駐車（輪）場,その他,稲城市平尾３丁目,35.609868,139.487949, 多摩中央警察署 平尾交番,35.6090997,139.4886865
窃盗,部品ねらい,多摩中央,桜ケ丘駅前交番,132241,東京都,多摩市,一ノ宮１丁目,2022/11/1,18,４階建て以上共同住宅,駐車（輪）場,ナンバープレート,多摩市一ノ宮１丁目,35.65347,139.440664, 多摩中央警察署 桜ケ丘駅前交番,,
窃盗,部品ねらい,多摩中央,桜ケ丘駅前交番,132241,東京都,多摩市,関戸１丁目,2022/11/18,12,その他,駐車（輪）場,その他,多摩市関戸１丁目,35.652267,139.447572, 多摩中央警察署 桜ケ丘駅前交番,,
窃盗,部品ねらい,多摩中央,桜ケ丘駐在所,132241,東京都,多摩市,桜ケ丘４丁目,2022/5/4,20,その他,その他,ナンバープレート,多摩市桜ケ丘４丁目,35.643792,139.442887, 多摩中央警察署 桜ケ丘駐在所,,
窃盗,部品ねらい,多摩中央,永山四丁目交番,132241,東京都,多摩市,諏訪５丁目,2022/10/17,13,４階建て以上共同住宅,駐車（輪）場,その他,多摩市諏訪５丁目,35.621467,139.453821, 多摩中央警察署 永山四丁目交番,35.6202968,139.4518051
窃盗,部品ねらい,多摩中央,永山駅前交番,132241,東京都,多摩市,諏訪１丁目,2022/4/16,13,駐車（輪）場,駐車（輪）場,その他,多摩市諏訪１丁目,35.632185,139.450681, 多摩中央警察署 永山駅前交番,35.6298715,139.4478663
窃盗,部品ねらい,多摩中央,永山駅前交番,132241,東京都,多摩市,諏訪１丁目,2022/10/19,21,その他の住宅（３階建て以下共同住宅等）,駐車（輪）場,その他,多摩市諏訪１丁目,35.632185,139.450681, 多摩中央警察署 永山駅前交番,35.6298715,139.4478663
窃盗,部品ねらい,多摩中央,永山駅前交番,132241,東京都,多摩市,諏訪２丁目,2022/10/11,9,駐車（輪）場,駐車（輪）場,その他,多摩市諏訪２丁目,35.625948,139.451262, 多摩中央警察署 永山駅前交番,35.6298715,139.4478663
窃盗,部品ねらい,多摩中央,永山駅前交番,132241,東京都,多摩市,関戸６丁目,2022/11/21,7,その他,駐車（輪）場,ナンバープレート,多摩市関戸６丁目,35.638654,139.448513, 多摩中央警察署 永山駅前交番,35.6298715,139.4478663
窃盗,部品ねらい,多摩中央,矢野口交番,132250,東京都,稲城市,東長沼,2022/9/5,19,４階建て以上共同住宅,駐車（輪）場,その他,稲城市東長沼,35.634766,139.504256, 多摩中央警察署 矢野口交番,35.640337,139.5208
窃盗,部品ねらい,多摩中央,矢野口交番,132250,東京都,稲城市,矢野口,2022/3/27,21,４階建て以上共同住宅,駐車（輪）場,その他,稲城市矢野口,35.63386,139.514164, 多摩中央警察署 矢野口交番,35.640337,139.5208
窃盗,部品ねらい,多摩中央,貝取交番,132241,東京都,多摩市,豊ケ丘６丁目,2022/7/1,16,４階建て以上共同住宅,駐車（輪）場,その他,多摩市豊ケ丘６丁目,35.611599,139.435132, 多摩中央警察署 貝取交番,,
窃盗,部品ねらい,多摩中央,長峰駐在所,132250,東京都,稲城市,長峰３丁目,2020/12/1,12,４階建て以上共同住宅,駐車（輪）場,ナンバープレート,稲城市長峰３丁目,35.631393,139.479182, 多摩中央警察署 長峰駐在所,35.6311436,139.4850558
窃盗,部品ねらい,東大和,けやき通交番,132209,東京都,東大和市,清水６丁目,2022/6/1,18,駐車（輪）場,駐車（輪）場,タイヤ・ホイール,東大和市清水６丁目,35.746909,139.446816, 東大和警察署 けやき通交番,,
窃盗,部品ねらい,東大和,中藤交番,132233,東京都,武蔵村山市,三ツ藤２丁目,2022/8/8,19,一戸建住宅,駐車（輪）場,その他,武蔵村山市三ツ藤２丁目,35.75164,139.375813, 東大和警察署 中藤交番,35.753997,139.399184
窃盗,部品ねらい,東大和,中藤交番,132233,東京都,武蔵村山市,本町５丁目,2022/4/25,15,一戸建住宅,その他,その他,武蔵村山市本町５丁目,35.76296,139.384129, 東大和警察署 中藤交番,35.753997,139.399184
窃盗,部品ねらい,東大和,中藤交番,132233,東京都,武蔵村山市,本町５丁目,2022/7/5,22,一戸建住宅,駐車（輪）場,その他,武蔵村山市本町５丁目,35.76296,139.384129, 東大和警察署 中藤交番,35.753997,139.399184
窃盗,部品ねらい,東大和,南街交番,132209,東京都,東大和市,桜が丘１丁目,2022/12/7,10,駐車（輪）場,駐車（輪）場,その他,東大和市桜が丘１丁目,35.732685,139.431737, 東大和警察署 南街交番,35.7384094,139.4326239
窃盗,部品ねらい,東大和,南街交番,132209,東京都,東大和市,南街１丁目,2022/2/25,16,その他,その他,その他,東大和市南街１丁目,35.740507,139.432594, 東大和警察署 南街交番,35.7384094,139.4326239
窃盗,部品ねらい,東大和,南街交番,132209,東京都,東大和市,南街５丁目,2022/11/18,12,４階建て以上共同住宅,駐車（輪）場,その他,東大和市南街５丁目,35.736205,139.432353, 東大和警察署 南街交番,35.7384094,139.4326239
窃盗,部品ねらい,東大和,村山交番,132233,東京都,武蔵村山市,榎１丁目,2022/11/8,13,その他,駐車（輪）場,その他,武蔵村山市榎１丁目,35.74089,139.38802, 東大和警察署 村山交番,35.742466,139.407276
窃盗,部品ねらい,東大和,村山交番,132233,東京都,武蔵村山市,榎２丁目,2022/2/22,19,駐車（輪）場,駐車（輪）場,ナンバープレート,武蔵村山市榎２丁目,35.743619,139.390509, 東大和警察署 村山交番,35.742466,139.407276
窃盗,部品ねらい,東大和,村山交番,132233,東京都,武蔵村山市,大南２丁目,2022/2/28,11,その他の住宅（３階建て以下共同住宅等）,駐車（輪）場,ナンバープレート,武蔵村山市大南２丁目,35.739851,139.401984, 東大和警察署 村山交番,35.742466,139.407276
窃盗,部品ねらい,東大和,村山交番,132233,東京都,武蔵村山市,学園２丁目,2022/5/21,0,駐車（輪）場,駐車（輪）場,タイヤ・ホイール,武蔵村山市学園２丁目,35.747396,139.400108, 東大和警察署 村山交番,35.742466,139.407276
窃盗,部品ねらい,東大和,村山交番,132233,東京都,武蔵村山市,学園２丁目,2022/11/2,18,４階建て以上共同住宅,駐車（輪）場,その他,武蔵村山市学園２丁目,35.747396,139.400108, 東大和警察署 村山交番,35.742466,139.407276
窃盗,部品ねらい,東大和,村山交番,132233,東京都,武蔵村山市,学園３丁目,2022/6/28,17,駐車（輪）場,駐車（輪）場,ナンバープレート,武蔵村山市学園３丁目,35.744994,139.405027, 東大和警察署 村山交番,35.742466,139.407276
窃盗,部品ねらい,東大和,村山交番,132233,東京都,武蔵村山市,学園４丁目,2022/8/1,不明,その他の住宅（３階建て以下共同住宅等）,駐車（輪）場,ナンバープレート,武蔵村山市学園４丁目,35.744085,139.400418, 東大和警察署 村山交番,35.742466,139.407276
窃盗,部品ねらい,東大和,村山交番,132233,東京都,武蔵村山市,緑が丘,2022/4/11,18,４階建て以上共同住宅,駐車（輪）場,その他,武蔵村山市緑が丘,35.742924,139.407918, 東大和警察署 村山交番,35.742466,139.407276
窃盗,部品ねらい,東大和,村山交番,132233,東京都,武蔵村山市,緑が丘,2022/6/24,16,４階建て以上共同住宅,駐車（輪）場,その他,武蔵村山市緑が丘,35.742924,139.407918, 東大和警察署 村山交番,35.742466,139.407276
窃盗,部品ねらい,東大和,村山交番,132233,東京都,武蔵村山市,緑が丘,2022/9/19,23,４階建て以上共同住宅,駐車（輪）場,タイヤ・ホイール,武蔵村山市緑が丘,35.742924,139.407918, 東大和警察署 村山交番,35.742466,139.407276
窃盗,部品ねらい,東大和,村山交番,132233,東京都,武蔵村山市,緑が丘,2022/9/27,21,４階建て以上共同住宅,駐車（輪）場,ナンバープレート,武蔵村山市緑が丘,35.742924,139.407918, 東大和警察署 村山交番,35.742466,139.407276
窃盗,部品ねらい,東大和,村山交番,132233,東京都,武蔵村山市,緑が丘,2022/11/4,17,４階建て以上共同住宅,駐車（輪）場,その他,武蔵村山市緑が丘,35.742924,139.407918, 東大和警察署 村山交番,35.742466,139.407276
窃盗,部品ねらい,東大和,玉川上水駅前交番,132209,東京都,東大和市,桜が丘３丁目,2022/4/22,7,駐車（輪）場,駐車（輪）場,その他,東大和市桜が丘３丁目,35.732323,139.42344, 東大和警察署 玉川上水駅前交番,35.732187,139.418138
窃盗,部品ねらい,東大和,玉川上水駅前交番,132209,東京都,東大和市,桜が丘３丁目,2022/12/9,13,その他の住宅（３階建て以下共同住宅等）,駐車（輪）場,タイヤ・ホイール,東大和市桜が丘３丁目,35.732323,139.42344, 東大和警察署 玉川上水駅前交番,35.732187,139.418138
窃盗,部品ねらい,東大和,玉川上水駅前交番,132209,東京都,東大和市,立野３丁目,2022/9/17,23,４階建て以上共同住宅,駐車（輪）場,その他,東大和市立野３丁目,35.739465,139.423327, 東大和警察署 玉川上水駅前交番,35.732187,139.418138
窃盗,部品ねらい,東大和,玉川上水駅前交番,132209,東京都,東大和市,立野３丁目,2022/10/14,19,４階建て以上共同住宅,駐車（輪）場,タイヤ・ホイール,東大和市立野３丁目,35.739465,139.423327, 東大和警察署 玉川上水駅前交番,35.732187,139.418138
窃盗,部品ねらい,東大和,玉川上水駅前交番,132233,東京都,武蔵村山市,大南４丁目,2022/11/26,17,４階建て以上共同住宅,駐車（輪）場,ナンバープレート,武蔵村山市大南４丁目,35.734022,139.411833, 東大和警察署 玉川上水駅前交番,35.732187,139.418138
窃盗,部品ねらい,青梅,今井駐在所,132055,東京都,青梅市,藤橋１丁目,2022/7/31,10,駐車（輪）場,駐車（輪）場,ナンバープレート,青梅市藤橋１丁目,35.8106302,139.30186, 青梅警察署 今井駐在所,35.8059483,139.3110771
窃盗,部品ねらい,青梅,今寺駐在所,132055,東京都,青梅市,大門３丁目,2022/1/13,12,その他の住宅（３階建て以下共同住宅等）,駐車（輪）場,その他,青梅市大門３丁目,35.7937009,139.29498, 青梅警察署 今寺駐在所,35.7991862,139.2975384
窃盗,部品ねらい,青梅,友田駐在所,132055,東京都,青梅市,友田町５丁目,2022/2/17,20,一戸建住宅,駐車（輪）場,その他,青梅市友田町５丁目,35.7718986,139.2828908, 青梅警察署 友田駐在所,35.771477,139.2909013
窃盗,部品ねらい,青梅,新町交番,132055,東京都,青梅市,新町３丁目,2022/3/1,13,４階建て以上共同住宅,駐車（輪）場,ナンバープレート,青梅市新町３丁目,35.7813951,139.3026706, 青梅警察署 新町交番,35.7875771,139.301097
窃盗,部品ねらい,青梅,新町交番,132055,東京都,青梅市,新町７丁目,2022/3/13,13,駐車（輪）場,駐車（輪）場,ナンバープレート,青梅市新町７丁目,35.786278,139.31377, 青梅警察署 新町交番,35.7875771,139.301097
窃盗,部品ねらい,青梅,新町交番,132055,東京都,青梅市,新町８丁目,2022/6/20,16,駐車（輪）場,駐車（輪）場,ナンバープレート,青梅市新町８丁目,35.7822935,139.3137603, 青梅警察署 新町交番,35.7875771,139.301097
窃盗,部品ねらい,青梅,新町交番,132055,東京都,青梅市,新町９丁目,2022/6/4,13,一戸建住宅,駐車（輪）場,ナンバープレート,青梅市新町９丁目,35.7829247,139.3198279, 青梅警察署 新町交番,35.7875771,139.301097
窃盗,部品ねらい,青梅,新町交番,132055,東京都,青梅市,末広町１丁目,2022/3/7,16,その他,駐車（輪）場,ナンバープレート,青梅市末広町１丁目,35.7780823,139.3148962, 青梅警察署 新町交番,35.7875771,139.301097
窃盗,部品ねらい,青梅,新町交番,132055,東京都,青梅市,野上町３丁目,2022/4/2,11,４階建て以上共同住宅,駐車（輪）場,ナンバープレート,青梅市野上町３丁目,35.7898919,139.2909517, 青梅警察署 新町交番,35.7875771,139.301097
窃盗,部品ねらい,青梅,新町交番,132055,東京都,青梅市,藤橋２丁目,2022/6/10,22,一戸建住宅,駐車（輪）場,ナンバープレート,青梅市藤橋２丁目,35.8023206,139.303873, 青梅警察署 新町交番,35.7875771,139.301097
窃盗,部品ねらい,青梅,東青梅駅前交番,132055,東京都,青梅市,東青梅５丁目,2022/3/10,23,一戸建住宅,駐車（輪）場,ナンバープレート,青梅市東青梅５丁目,35.7893038,139.2807738, 青梅警察署 東青梅駅前交番,35.7900155,139.2719928
窃盗,部品ねらい,青梅,河辺駅前交番,132055,東京都,青梅市,河辺町７丁目,2022/4/27,19,一戸建住宅,その他,その他,青梅市河辺町７丁目,35.7822,139.292989, 青梅警察署 河辺駅前交番,35.784502,139.2849705
窃盗,部品ねらい,福生,下福生駐在所,132187,東京都,福生市,牛浜,2022/6/3,4,４階建て以上共同住宅,駐車（輪）場,その他,福生市牛浜,35.7347908,139.3342731, 福生警察署 下福生駐在所,35.733889,139.331058
窃盗,部品ねらい,福生,五ノ神駐在所,132276,東京都,羽村市,五ノ神,2022/4/21,21,駐車（輪）場,駐車（輪）場,ナンバープレート,羽村市五ノ神,35.770324,139.331755, 福生警察署 五ノ神駐在所,,
窃盗,部品ねらい,福生,南田園駐在所,132187,東京都,福生市,南田園３丁目,2022/6/19,9,駐車（輪）場,駐車（輪）場,ナンバープレート,福生市南田園３丁目,35.72983,139.3286894, 福生警察署 南田園駐在所,35.7254863,139.3314922
窃盗,部品ねらい,福生,小作駅前交番,132276,東京都,羽村市,栄町１丁目,2022/5/4,18,その他,駐車（輪）場,タイヤ・ホイール,羽村市栄町１丁目,35.7749059,139.306241, 福生警察署 小作駅前交番,35.776124,139.3023888
窃盗,部品ねらい,福生,小作駅前交番,132276,東京都,羽村市,小作台５丁目,2022/9/6,20,駐車（輪）場,駐車（輪）場,その他,羽村市小作台５丁目,35.7735592,139.3024006, 福生警察署 小作駅前交番,35.776124,139.3023888
窃盗,部品ねらい,福生,横田交番,132187,東京都,福生市,大字熊川,2022/4/28,22,駐車（輪）場,駐車（輪）場,その他,福生市大字熊川,35.7222012,139.3375935, 福生警察署 横田交番,35.742414,139.337579
窃盗,部品ねらい,福生,横田交番,132187,東京都,福生市,大字福生,2022/6/4,18,その他,その他,ナンバープレート,福生市大字福生,35.7410679,139.3215219, 福生警察署 横田交番,35.742414,139.337579
窃盗,部品ねらい,福生,武蔵野駐在所,133035,東京都,瑞穂町,むさし野２丁目,2022/3/16,13,その他,駐車（輪）場,ナンバープレート,瑞穂町むさし野２丁目,,, 福生警察署 武蔵野駐在所,35.762634,139.338939
窃盗,部品ねらい,福生,渕上駐在所,132284,東京都,あきる野市,引田,2022/6/24,7,駐車（輪）場,駐車（輪）場,その他,あきる野市引田,,, 福生警察署 渕上駐在所,35.725747,139.273668
窃盗,部品ねらい,福生,石畑上駐在所,133035,東京都,瑞穂町,大字石畑,2022/4/1,不明,その他の住宅（３階建て以下共同住宅等）,その他,ナンバープレート,瑞穂町大字石畑,35.76757,139.357872, 福生警察署 石畑上駐在所,35.7683397,139.3545292
窃盗,部品ねらい,福生,神明台交番,132276,東京都,羽村市,神明台２丁目,2022/2/26,15,駐車（輪）場,駐車（輪）場,ナンバープレート,羽村市神明台２丁目,35.7571048,139.3242094, 福生警察署 神明台交番,35.7550431,139.3208456
窃盗,部品ねらい,福生,福生駅前交番,132187,東京都,福生市,加美平４丁目,2022/6/20,21,４階建て以上共同住宅,駐車（輪）場,その他,福生市加美平４丁目,35.7532917,139.3249391, 福生警察署 福生駅前交番,35.7421447,139.3278343
窃盗,部品ねらい,福生,福生駅前交番,132187,東京都,福生市,本町,2022/11/21,0,４階建て以上共同住宅,駐車（輪）場,ナンバープレート,福生市本町,35.7400338,139.3282328, 福生警察署 福生駅前交番,35.7421447,139.3278343
窃盗,部品ねらい,福生,秋川駅前交番,132284,東京都,あきる野市,秋川４丁目,2022/7/30,19,その他の住宅（３階建て以下共同住宅等）,駐車（輪）場,その他,あきる野市秋川４丁目,,, 福生警察署 秋川駅前交番,35.7281008,139.2872654
窃盗,部品ねらい,福生,箱根ヶ崎駅前交番,133035,東京都,瑞穂町,大字箱根ケ崎,2022/6/23,16,駐車（輪）場,駐車（輪）場,その他,瑞穂町大字箱根ケ崎,35.7747133,139.3508353, 福生警察署 箱根ヶ崎駅前交番,35.7709946,139.346871
窃盗,部品ねらい,福生,箱根ヶ崎駅前交番,133035,東京都,瑞穂町,箱根ケ崎東松原,2022/4/24,20,４階建て以上共同住宅,駐車（輪）場,その他,瑞穂町箱根ケ崎東松原,35.772847,139.33934, 福生警察署 箱根ヶ崎駅前交番,35.7709946,139.346871
窃盗,部品ねらい,福生,箱根ヶ崎駅前交番,133035,東京都,瑞穂町,南平２丁目,2022/2/15,19,駐車（輪）場,駐車（輪）場,タイヤ・ホイール,瑞穂町南平２丁目,35.765702,139.33794, 福生警察署 箱根ヶ崎駅前交番,35.7709946,139.346871
窃盗,部品ねらい,福生,箱根ヶ崎駅前交番,133035,東京都,瑞穂町,南平２丁目,2022/12/17,6,その他の住宅（３階建て以下共同住宅等）,その他,その他,瑞穂町南平２丁目,35.765702,139.33794, 福生警察署 箱根ヶ崎駅前交番,35.7709946,139.346871
窃盗,部品ねらい,福生,羽村駅前交番,132276,東京都,羽村市,緑ヶ丘４丁目,2022/6/23,15,駐車（輪）場,駐車（輪）場,その他,羽村市緑ヶ丘４丁目,35.7685602,139.315465, 福生警察署 羽村駅前交番,35.7582695,139.3154904
窃盗,部品ねらい,福生,羽駐在所,132276,東京都,羽村市,羽中１丁目,2022/5/8,16,駐車（輪）場,駐車（輪）場,その他,羽村市羽中１丁目,35.7648559,139.3098852, 福生警察署 羽駐在所,35.762007,139.309978
窃盗,部品ねらい,福生,長岡駐在所,133035,東京都,瑞穂町,大字長岡下師岡,2022/6/26,15,その他,駐車（輪）場,その他,瑞穂町大字長岡下師岡,35.784051,139.323332, 福生警察署 長岡駐在所,35.777771,139.333189
窃盗,部品ねらい,福生,長岡駐在所,133035,東京都,瑞穂町,大字長岡長谷部,2022/6/30,19,その他,駐車（輪）場,ナンバープレート,瑞穂町大字長岡長谷部,35.7860019,139.3296438, 福生警察署 長岡駐在所,35.777771,139.333189
窃盗,部品ねらい,福生,長岡駐在所,133035,東京都,瑞穂町,長岡３丁目,2022/4/30,19,その他,駐車（輪）場,その他,瑞穂町長岡３丁目,35.7769,139.32339, 福生警察署 長岡駐在所,35.777771,139.333189
窃盗,部品ねらい,八王子,元横山交番,132012,東京都,八王子市,本町,2022/4/9,16,その他,駐車（輪）場,その他,八王子市本町,,, 八王子警察署 元横山交番,35.6634342,139.33303804364408
窃盗,部品ねらい,八王子,八王子駅北口交番,132012,東京都,八王子市,中町,2022/7/1,17,道路上,その他,その他,八王子市中町,,, 八王子警察署 八王子駅北口交番,,
窃盗,部品ねらい,八王子,八王子駅北口交番,132012,東京都,八王子市,南新町,2022/6/17,19,道路上,その他,ナンバープレート,八王子市南新町,,, 八王子警察署 八王子駅北口交番,,
窃盗,部品ねらい,八王子,八王子駅北口交番,132012,東京都,八王子市,明神町１丁目,2022/3/5,15,４階建て以上共同住宅,駐車（輪）場,ナンバープレート,八王子市明神町１丁目,,, 八王子警察署 八王子駅北口交番,,
窃盗,部品ねらい,八王子,八王子駅南口交番,132012,東京都,八王子市,子安町３丁目,2022/6/4,17,駐車（輪）場,駐車（輪）場,ナンバープレート,八王子市子安町３丁目,,, 八王子警察署 八王子駅南口交番,,
窃盗,部品ねらい,八王子,八王子駅南口交番,132012,東京都,八王子市,緑町,2022/3/26,15,一戸建住宅,その他,その他,八王子市緑町,35.6548655,139.3216688, 八王子警察署 八王子駅南口交番,,
窃盗,部品ねらい,八王子,八王子駅南口交番,132012,東京都,八王子市,万町,2022/6/4,12,その他の住宅（３階建て以下共同住宅等）,駐車（輪）場,ナンバープレート,八王子市万町,,, 八王子警察署 八王子駅南口交番,,
窃盗,部品ねらい,八王子,大和田交番,132012,東京都,八王子市,大和田町４丁目,2022/5/14,17,その他の住宅（３階建て以下共同住宅等）,駐車（輪）場,タイヤ・ホイール,八王子市大和田町４丁目,,, 八王子警察署 大和田交番,35.66212045,139.3482500855822
窃盗,部品ねらい,八王子,宮下駐在所,132012,東京都,八王子市,宮下町,2022/11/5,15,その他,駐車（輪）場,ナンバープレート,八王子市宮下町,,, 八王子警察署 宮下駐在所,35.704461,139.3090148
窃盗,部品ねらい,八王子,富士森交番,132012,東京都,八王子市,台町４丁目,2022/9/22,9,駐車（輪）場,駐車（輪）場,ナンバープレート,八王子市台町４丁目,35.6548655,139.3216688, 八王子警察署 富士森交番,35.6533502,139.32741068511234
窃盗,部品ねらい,八王子,富士森交番,132012,東京都,八王子市,緑町,2022/9/29,22,その他の住宅（３階建て以下共同住宅等）,駐車（輪）場,ナンバープレート,八王子市緑町,35.6548655,139.3216688, 八王子警察署 富士森交番,35.6533502,139.32741068511234
窃盗,部品ねらい,八王子,左入町駐在所,132012,東京都,八王子市,谷野町,2022/4/16,20,一戸建住宅,駐車（輪）場,ナンバープレート,八王子市谷野町,,, 八王子警察署 左入町駐在所,35.680150749999996,139.32798803560632
窃盗,部品ねらい,八王子,西八王子駅前交番,132012,東京都,八王子市,千人町４丁目,2022/5/27,11,駐車（輪）場,駐車（輪）場,ナンバープレート,八王子市千人町４丁目,35.65409,139.307084, 八王子警察署 西八王子駅前交番,35.65727475,139.3134195893445
窃盗,部品ねらい,町田,つくし野駅前交番,132098,東京都,町田市,つくし野１丁目,2022/11/8,19,その他の住宅（３階建て以下共同住宅等）,駐車（輪）場,タイヤ・ホイール,町田市つくし野１丁目,35.5290725,139.482607, 町田警察署 つくし野駅前交番,,
窃盗,部品ねらい,町田,つくし野駅前交番,132098,東京都,町田市,つくし野２丁目,2022/6/6,19,その他の住宅（３階建て以下共同住宅等）,駐車（輪）場,タイヤ・ホイール,町田市つくし野２丁目,35.5254881,139.4811586, 町田警察署 つくし野駅前交番,,
窃盗,部品ねらい,町田,つくし野駅前交番,132098,東京都,町田市,つくし野４丁目,2022/7/5,19,その他の住宅（３階建て以下共同住宅等）,駐車（輪）場,ナンバープレート,町田市つくし野４丁目,35.5245289,139.4851704, 町田警察署 つくし野駅前交番,,
窃盗,部品ねらい,町田,つくし野駅前交番,132098,東京都,町田市,南つくし野４丁目,2022/5/12,18,駐車（輪）場,駐車（輪）場,ナンバープレート,町田市南つくし野４丁目,35.522658,139.4770119, 町田警察署 つくし野駅前交番,,
窃盗,部品ねらい,町田,三輪駐在所,132098,東京都,町田市,三輪町,2022/4/22,19,駐車（輪）場,駐車（輪）場,タイヤ・ホイール,町田市三輪町,35.5746976,139.5004792, 町田警察署 三輪駐在所,35.5720647,139.4883448
窃盗,部品ねらい,町田,中町交番,132098,東京都,町田市,旭町１丁目,2022/12/12,9,その他,駐車（輪）場,その他,町田市旭町１丁目,35.5546586,139.4402776, 町田警察署 中町交番,35.5484196,139.4473429
窃盗,部品ねらい,町田,中町交番,132098,東京都,町田市,中町３丁目,2022/6/25,1,４階建て以上共同住宅,駐車（輪）場,ナンバープレート,町田市中町３丁目,35.5508249,139.449663, 町田警察署 中町交番,35.5484196,139.4473429
窃盗,部品ねらい,町田,南町田グランベリーパーク駅前交,132098,東京都,町田市,南町田５丁目,2022/7/30,22,その他の住宅（３階建て以下共同住宅等）,駐車（輪）場,その他,町田市南町田５丁目,35.5131887,139.4721067, 町田警察署 南町田グランベリーパーク駅前交,,
窃盗,部品ねらい,町田,小山田駐在所,132098,東京都,町田市,上小山田町,2022/11/3,22,その他の住宅（３階建て以下共同住宅等）,その他,ナンバープレート,町田市上小山田町,35.600225,139.396855, 町田警察署 小山田駐在所,35.589628,139.407189
窃盗,部品ねらい,町田,小山田駐在所,132098,東京都,町田市,下小山田町,2022/4/2,11,一戸建住宅,その他,その他,町田市下小山田町,35.597074,139.414532, 町田警察署 小山田駐在所,35.589628,139.407189
窃盗,部品ねらい,町田,小山田駐在所,132098,東京都,町田市,下小山田町,2022/4/9,18,一戸建住宅,駐車（輪）場,その他,町田市下小山田町,35.597074,139.414532, 町田警察署 小山田駐在所,35.589628,139.407189
窃盗,部品ねらい,町田,小山田駐在所,132098,東京都,町田市,下小山田町,2022/8/25,11,駐車（輪）場,駐車（輪）場,その他,町田市下小山田町,35.597074,139.414532, 町田警察署 小山田駐在所,35.589628,139.407189
窃盗,部品ねらい,町田,小山田駐在所,132098,東京都,町田市,小山田桜台２丁目,2022/3/7,15,その他の住宅（３階建て以下共同住宅等）,駐車（輪）場,その他,町田市小山田桜台２丁目,35.5908755,139.4009986, 町田警察署 小山田駐在所,35.589628,139.407189
窃盗,部品ねらい,町田,山崎交番,132098,東京都,町田市,山崎町,2022/3/12,20,４階建て以上共同住宅,駐車（輪）場,その他,町田市山崎町,35.5761816,139.435463, 町田警察署 山崎交番,35.5732947,139.4363015
窃盗,部品ねらい,町田,山崎交番,132098,東京都,町田市,山崎町,2022/4/4,19,４階建て以上共同住宅,駐車（輪）場,その他,町田市山崎町,35.5761816,139.435463, 町田警察署 山崎交番,35.5732947,139.4363015
窃盗,部品ねらい,町田,常盤駐在所,132098,東京都,町田市,矢部町,2022/6/13,10,その他,駐車（輪）場,その他,町田市矢部町,35.5793921,139.403928, 町田警察署 常盤駐在所,35.582841,139.403411
窃盗,部品ねらい,町田,忠生地区交番,132098,東京都,町田市,山崎町,2022/6/3,8,一戸建住宅,その他,ナンバープレート,町田市山崎町,35.5761816,139.435463, 町田警察署 忠生地区交番,35.573993,139.4222614
窃盗,部品ねらい,町田,忠生地区交番,132098,東京都,町田市,木曽東２丁目,2022/1/5,不明,４階建て以上共同住宅,駐車（輪）場,ナンバープレート,町田市木曽東２丁目,35.5583271,139.4237942, 町田警察署 忠生地区交番,35.573993,139.4222614
窃盗,部品ねらい,町田,忠生駐在所,132098,東京都,町田市,忠生３丁目,2022/5/17,18,その他の住宅（３階建て以下共同住宅等）,駐車（輪）場,ナンバープレート,町田市忠生３丁目,35.5774141,139.4170855, 町田警察署 忠生駐在所,35.5797251,139.4133519
窃盗,部品ねらい,町田,成瀬駅前交番,132098,東京都,町田市,南成瀬５丁目,2022/5/12,13,一戸建住宅,駐車（輪）場,ナンバープレート,町田市南成瀬５丁目,35.5359417,139.4764608, 町田警察署 成瀬駅前交番,35.5358317,139.4738859
窃盗,部品ねらい,町田,成瀬駅前交番,132098,東京都,町田市,成瀬が丘１丁目,2022/2/27,16,駐車（輪）場,駐車（輪）場,ナンバープレート,町田市成瀬が丘１丁目,35.5324208,139.4747522, 町田警察署 成瀬駅前交番,35.5358317,139.4738859
窃盗,部品ねらい,町田,成瀬駐在所,132098,東京都,町田市,成瀬４丁目,2022/4/21,14,駐車（輪）場,駐車（輪）場,タイヤ・ホイール,町田市成瀬４丁目,35.5437081,139.4782735, 町田警察署 成瀬駐在所,35.5433063,139.4752333
窃盗,部品ねらい,町田,成瀬駐在所,132098,東京都,町田市,成瀬７丁目,2022/6/3,17,４階建て以上共同住宅,駐車（輪）場,その他,町田市成瀬７丁目,35.5412698,139.4755083, 町田警察署 成瀬駐在所,35.5433063,139.4752333
窃盗,部品ねらい,町田,木曽交番,132098,東京都,町田市,木曽東２丁目,2022/12/9,17,４階建て以上共同住宅,駐車（輪）場,ナンバープレート,町田市木曽東２丁目,35.5583271,139.4237942, 町田警察署 木曽交番,35.5633867,139.4263994
窃盗,部品ねらい,町田,木曽交番,132098,東京都,町田市,木曽東３丁目,2018/1/1,不明,４階建て以上共同住宅,駐車（輪）場,ナンバープレート,町田市木曽東３丁目,35.5624478,139.4255022, 町田警察署 木曽交番,35.5633867,139.4263994
窃盗,部品ねらい,町田,木曽交番,132098,東京都,町田市,木曽東４丁目,2022/1/25,10,４階建て以上共同住宅,駐車（輪）場,その他,町田市木曽東４丁目,35.5648903,139.4292972, 町田警察署 木曽交番,35.5633867,139.4263994
窃盗,部品ねらい,町田,木曽交番,132098,東京都,町田市,木曽東４丁目,2022/2/28,18,４階建て以上共同住宅,駐車（輪）場,その他,町田市木曽東４丁目,35.5648903,139.4292972, 町田警察署 木曽交番,35.5633867,139.4263994
窃盗,部品ねらい,町田,木曽交番,132098,東京都,町田市,木曽東４丁目,2022/7/5,17,その他,駐車（輪）場,タイヤ・ホイール,町田市木曽東４丁目,35.5648903,139.4292972, 町田警察署 木曽交番,35.5633867,139.4263994
窃盗,部品ねらい,町田,木曽交番,132098,東京都,町田市,木曽東４丁目,2022/9/21,18,４階建て以上共同住宅,駐車（輪）場,タイヤ・ホイール,町田市木曽東４丁目,35.5648903,139.4292972, 町田警察署 木曽交番,35.5633867,139.4263994
窃盗,部品ねらい,町田,本町田交番,132098,東京都,町田市,本町田,2022/9/29,15,駐車（輪）場,駐車（輪）場,ナンバープレート,町田市本町田,35.5657183,139.4431519, 町田警察署 本町田交番,35.5596099,139.4481245
窃盗,部品ねらい,町田,玉川学園駐在所,132098,東京都,町田市,玉川学園５丁目,2022/2/12,21,駐車（輪）場,駐車（輪）場,ナンバープレート,町田市玉川学園５丁目,35.5679,139.4594564, 町田警察署 玉川学園駐在所,,
窃盗,部品ねらい,町田,玉川学園駐在所,132098,東京都,町田市,玉川学園５丁目,2022/7/10,1,駐車（輪）場,駐車（輪）場,ナンバープレート,町田市玉川学園５丁目,35.5679,139.4594564, 町田警察署 玉川学園駐在所,,
窃盗,部品ねらい,町田,玉川学園駐在所,132098,東京都,町田市,玉川学園８丁目,2022/4/1,0,その他の住宅（３階建て以下共同住宅等）,その他,その他,町田市玉川学園８丁目,35.5578985,139.4638377, 町田警察署 玉川学園駐在所,,
窃盗,部品ねらい,町田,町田駅前交番,132098,東京都,町田市,原町田６丁目,2022/12/20,5,駐車（輪）場,駐車（輪）場,その他,町田市原町田６丁目,35.544025,139.4474434, 町田警察署 町田駅前交番,35.5448208,139.4459565
窃盗,部品ねらい,町田,町田駅前交番,132098,東京都,町田市,森野１丁目,2022/8/21,18,４階建て以上共同住宅,駐車（輪）場,ナンバープレート,町田市森野１丁目,35.5451441,139.4423016, 町田警察署 町田駅前交番,35.5448208,139.4459565
窃盗,部品ねらい,町田,町田駅前交番,132098,東京都,町田市,森野１丁目,2022/11/13,9,４階建て以上共同住宅,その他,その他,町田市森野１丁目,35.5451441,139.4423016, 町田警察署 町田駅前交番,35.5448208,139.4459565
窃盗,部品ねらい,町田,藤の台団地交番,132098,東京都,町田市,金井ヶ丘５丁目,2022/5/18,23,その他の住宅（３階建て以下共同住宅等）,駐車（輪）場,ナンバープレート,町田市金井ヶ丘５丁目,35.5742719,139.4729892, 町田警察署 藤の台団地交番,35.571763,139.4556171
窃盗,部品ねらい,町田,藤の台団地交番,132098,東京都,町田市,藤の台１丁目,2022/8/18,23,４階建て以上共同住宅,駐車（輪）場,その他,町田市藤の台１丁目,35.5697742,139.4470461, 町田警察署 藤の台団地交番,35.571763,139.4556171
窃盗,部品ねらい,町田,藤の台団地交番,132098,東京都,町田市,藤の台１丁目,2022/12/6,12,４階建て以上共同住宅,駐車（輪）場,その他,町田市藤の台１丁目,35.5697742,139.4470461, 町田警察署 藤の台団地交番,35.571763,139.4556171
窃盗,部品ねらい,町田,藤の台団地交番,132098,東京都,町田市,藤の台１丁目,2022/12/7,1,４階建て以上共同住宅,駐車（輪）場,その他,町田市藤の台１丁目,35.5697742,139.4470461, 町田警察署 藤の台団地交番,35.571763,139.4556171
窃盗,部品ねらい,町田,金森交番,132098,東京都,町田市,金森２丁目,2022/7/4,14,その他の住宅（３階建て以下共同住宅等）,駐車（輪）場,その他,町田市金森２丁目,35.5331719,139.4586476, 町田警察署 金森交番,35.5363443,139.4563686
窃盗,部品ねらい,町田,金森交番,132098,東京都,町田市,金森７丁目,2022/7/12,17,４階建て以上共同住宅,駐車（輪）場,その他,町田市金森７丁目,35.5303064,139.456406, 町田警察署 金森交番,35.5363443,139.4563686
窃盗,部品ねらい,町田,金森交番,132098,東京都,町田市,金森７丁目,2022/11/16,9,駐車（輪）場,駐車（輪）場,ナンバープレート,町田市金森７丁目,35.5303064,139.456406, 町田警察署 金森交番,35.5363443,139.4563686
窃盗,部品ねらい,町田,金森交番,132098,東京都,町田市,金森東４丁目,2022/10/10,15,駐車（輪）場,駐車（輪）場,その他,町田市金森東４丁目,35.5282161,139.4674085, 町田警察署 金森交番,35.5363443,139.4563686
窃盗,部品ねらい,町田,鶴川駅前交番,132098,東京都,町田市,鶴川２丁目,2022/8/11,15,４階建て以上共同住宅,駐車（輪）場,その他,町田市鶴川２丁目,35.5890389,139.4731844, 町田警察署 鶴川駅前交番,35.5836702,139.4815488
窃盗,部品ねらい,町田,鶴川駅前交番,132098,東京都,町田市,鶴川４丁目,2022/7/21,15,一戸建住宅,その他,ナンバープレート,町田市鶴川４丁目,35.5940377,139.4608982, 町田警察署 鶴川駅前交番,35.5836702,139.4815488
窃盗,部品ねらい,町田,鶴川駅前交番,132098,東京都,町田市,金井ヶ丘４丁目,2022/5/19,21,その他の住宅（３階建て以下共同住宅等）,駐車（輪）場,ナンバープレート,町田市金井ヶ丘４丁目,35.5789787,139.4730265, 町田警察署 鶴川駅前交番,35.5836702,139.4815488
窃盗,部品ねらい,町田,鶴間交番,132098,東京都,町田市,小川２丁目,2021/12/27,17,その他の住宅（３階建て以下共同住宅等）,その他,ナンバープレート,町田市小川２丁目,35.530086,139.4720691, 町田警察署 鶴間交番,35.5207039,139.4712956
窃盗,部品ねらい,町田,鶴間交番,132098,東京都,町田市,鶴間８丁目,2021/9/9,22,その他,その他,ナンバープレート,町田市鶴間８丁目,35.5093344,139.476873, 町田警察署 鶴間交番,35.5207039,139.4712956
窃盗,部品ねらい,日野,多摩平交番,132128,東京都,日野市,多摩平２丁目,2022/8/10,12,４階建て以上共同住宅,駐車（輪）場,タイヤ・ホイール,日野市多摩平２丁目,35.66357,139.381696, 日野警察署 多摩平交番,35.6627174,139.3796939
窃盗,部品ねらい,日野,多摩平交番,132128,東京都,日野市,多摩平２丁目,2022/8/10,21,４階建て以上共同住宅,駐車（輪）場,タイヤ・ホイール,日野市多摩平２丁目,35.66357,139.381696, 日野警察署 多摩平交番,35.6627174,139.3796939
窃盗,部品ねらい,日野,多摩平交番,132128,東京都,日野市,日野本町５丁目,2022/9/30,13,駐車（輪）場,駐車（輪）場,ナンバープレート,日野市日野本町５丁目,35.684481,139.399098, 日野警察署 多摩平交番,35.6627174,139.3796939
窃盗,部品ねらい,日野,平山交番,132128,東京都,日野市,南平９丁目,2022/7/9,16,駐車（輪）場,駐車（輪）場,ナンバープレート,日野市南平９丁目,35.648872,139.392653, 日野警察署 平山交番,35.64812,139.386272
窃盗,部品ねらい,日野,日野駅前交番,132128,東京都,日野市,日野本町７丁目,2022/7/29,8,その他,その他,その他,日野市日野本町７丁目,35.679495,139.401491, 日野警察署 日野駅前交番,35.679413,139.3935724
窃盗,部品ねらい,日野,旭が丘駐在所,132128,東京都,日野市,旭が丘４丁目,2022/7/8,14,４階建て以上共同住宅,駐車（輪）場,その他,日野市旭が丘４丁目,35.654681,139.366208, 日野警察署 旭が丘駐在所,35.65740305,139.36418931604484
窃盗,部品ねらい,日野,滝合橋駐在所,132128,東京都,日野市,東平山２丁目,2022/8/14,21,駐車（輪）場,駐車（輪）場,その他,日野市東平山２丁目,35.651948,139.377502, 日野警察署 滝合橋駐在所,35.649203,139.376439
窃盗,部品ねらい,日野,百草園交番,132128,東京都,日野市,高幡,2022/5/9,17,駐車（輪）場,駐車（輪）場,その他,日野市高幡,35.662314,139.414086, 日野警察署 百草園交番,35.65662955,139.43196087876925
窃盗,部品ねらい,日野,高幡不動駅南口交番,132128,東京都,日野市,南平４丁目,2022/1/3,2,その他,駐車（輪）場,タイヤ・ホイール,日野市南平４丁目,35.660384,139.399964, 日野警察署 高幡不動駅南口交番,35.6621099,139.4129333
窃盗,部品ねらい,昭島,つつじが丘駐在所,132071,東京都,昭島市,つつじが丘２丁目,2022/11/27,12,４階建て以上共同住宅,駐車（輪）場,その他,昭島市つつじが丘２丁目,35.7160052,139.3685655, 昭島警察署 つつじが丘駐在所,,
窃盗,部品ねらい,昭島,つつじが丘駐在所,132071,東京都,昭島市,つつじが丘２丁目,2022/11/29,17,４階建て以上共同住宅,駐車（輪）場,その他,昭島市つつじが丘２丁目,35.7160052,139.3685655, 昭島警察署 つつじが丘駐在所,,
窃盗,部品ねらい,昭島,つつじが丘駐在所,132071,東京都,昭島市,つつじが丘２丁目,2022/11/29,22,４階建て以上共同住宅,駐車（輪）場,その他,昭島市つつじが丘２丁目,35.7160052,139.3685655, 昭島警察署 つつじが丘駐在所,,
窃盗,部品ねらい,昭島,つつじが丘駐在所,132071,東京都,昭島市,つつじが丘２丁目,2022/11/30,8,４階建て以上共同住宅,駐車（輪）場,その他,昭島市つつじが丘２丁目,35.7160052,139.3685655, 昭島警察署 つつじが丘駐在所,,
窃盗,部品ねらい,昭島,つつじが丘駐在所,132071,東京都,昭島市,つつじが丘２丁目,2022/11/30,14,４階建て以上共同住宅,駐車（輪）場,その他,昭島市つつじが丘２丁目,35.7160052,139.3685655, 昭島警察署 つつじが丘駐在所,,
窃盗,部品ねらい,昭島,つつじが丘駐在所,132071,東京都,昭島市,つつじが丘３丁目,2022/10/11,17,その他,駐車（輪）場,その他,昭島市つつじが丘３丁目,35.7126176,139.3677382, 昭島警察署 つつじが丘駐在所,,
窃盗,部品ねらい,昭島,つつじが丘駐在所,132071,東京都,昭島市,つつじが丘３丁目,2022/11/26,15,４階建て以上共同住宅,駐車（輪）場,その他,昭島市つつじが丘３丁目,35.7126176,139.3677382, 昭島警察署 つつじが丘駐在所,,
窃盗,部品ねらい,昭島,つつじが丘駐在所,132071,東京都,昭島市,つつじが丘３丁目,2022/11/30,11,４階建て以上共同住宅,駐車（輪）場,その他,昭島市つつじが丘３丁目,35.7126176,139.3677382, 昭島警察署 つつじが丘駐在所,,
窃盗,部品ねらい,昭島,つつじが丘駐在所,132071,東京都,昭島市,つつじが丘３丁目,2022/11/30,14,４階建て以上共同住宅,駐車（輪）場,その他,昭島市つつじが丘３丁目,35.7126176,139.3677382, 昭島警察署 つつじが丘駐在所,,
窃盗,部品ねらい,昭島,つつじが丘駐在所,132071,東京都,昭島市,つつじが丘３丁目,2022/11/30,18,４階建て以上共同住宅,駐車（輪）場,その他,昭島市つつじが丘３丁目,35.7126176,139.3677382, 昭島警察署 つつじが丘駐在所,,
窃盗,部品ねらい,昭島,中神駐在所,132071,東京都,昭島市,宮沢町,2022/11/24,13,４階建て以上共同住宅,駐車（輪）場,その他,昭島市宮沢町,35.7019141,139.3624071, 昭島警察署 中神駐在所,35.710477,139.3785505
窃盗,部品ねらい,昭島,中神駐在所,132071,東京都,昭島市,宮沢町,2022/11/28,8,４階建て以上共同住宅,駐車（輪）場,その他,昭島市宮沢町,35.7019141,139.3624071, 昭島警察署 中神駐在所,35.710477,139.3785505
窃盗,部品ねらい,昭島,中神駐在所,132071,東京都,昭島市,宮沢町,2022/11/30,9,４階建て以上共同住宅,駐車（輪）場,その他,昭島市宮沢町,35.7019141,139.3624071, 昭島警察署 中神駐在所,35.710477,139.3785505
窃盗,部品ねらい,昭島,中神駐在所,132071,東京都,昭島市,宮沢町,2022/11/30,16,４階建て以上共同住宅,駐車（輪）場,その他,昭島市宮沢町,35.7019141,139.3624071, 昭島警察署 中神駐在所,35.710477,139.3785505
窃盗,部品ねらい,昭島,中神駐在所,132071,東京都,昭島市,宮沢町,2022/12/8,1,４階建て以上共同住宅,駐車（輪）場,その他,昭島市宮沢町,35.7019141,139.3624071, 昭島警察署 中神駐在所,35.710477,139.3785505
窃盗,部品ねらい,昭島,多摩大橋交番,132071,東京都,昭島市,中神町２丁目,2022/5/19,19,その他,駐車（輪）場,ナンバープレート,昭島市中神町２丁目,35.699197,139.372757, 昭島警察署 多摩大橋交番,35.696781,139.375771
窃盗,部品ねらい,昭島,多摩大橋交番,132071,東京都,昭島市,福島町３丁目,2022/7/18,18,４階建て以上共同住宅,駐車（輪）場,ナンバープレート,昭島市福島町３丁目,35.6940048,139.3782089, 昭島警察署 多摩大橋交番,35.696781,139.375771
窃盗,部品ねらい,昭島,多摩大橋交番,132071,東京都,昭島市,宮沢町２丁目,2022/5/26,9,駐車（輪）場,駐車（輪）場,ナンバープレート,昭島市宮沢町２丁目,35.7004625,139.3633063, 昭島警察署 多摩大橋交番,35.696781,139.375771
窃盗,部品ねらい,昭島,大神駐在所,132071,東京都,昭島市,田中町３丁目,2022/7/23,18,駐車（輪）場,駐車（輪）場,その他,昭島市田中町３丁目,35.700785,139.350612, 昭島警察署 大神駐在所,35.699281,139.360745
窃盗,部品ねらい,昭島,大神駐在所,132071,東京都,昭島市,田中町３丁目,2022/9/1,0,４階建て以上共同住宅,駐車（輪）場,その他,昭島市田中町３丁目,35.700785,139.350612, 昭島警察署 大神駐在所,35.699281,139.360745
窃盗,部品ねらい,昭島,小荷田交番,132071,東京都,昭島市,拝島町３丁目,2022/1/3,15,４階建て以上共同住宅,駐車（輪）場,ナンバープレート,昭島市拝島町３丁目,35.712272,139.335858, 昭島警察署 小荷田交番,35.7141158,139.3381602
窃盗,部品ねらい,昭島,小荷田交番,132071,東京都,昭島市,拝島町３丁目,2022/9/28,15,４階建て以上共同住宅,駐車（輪）場,その他,昭島市拝島町３丁目,35.712272,139.335858, 昭島警察署 小荷田交番,35.7141158,139.3381602
窃盗,部品ねらい,昭島,小荷田交番,132071,東京都,昭島市,拝島町３丁目,2022/10/5,8,その他,その他,その他,昭島市拝島町３丁目,35.712272,139.335858, 昭島警察署 小荷田交番,35.7141158,139.3381602
窃盗,部品ねらい,昭島,拝島駅前交番,132071,東京都,昭島市,松原町４丁目,2022/11/18,8,駐車（輪）場,駐車（輪）場,その他,昭島市松原町４丁目,35.7188703,139.3438967, 昭島警察署 拝島駅前交番,35.7202672,139.3431157
窃盗,部品ねらい,昭島,拝島駅前交番,132071,東京都,昭島市,緑町２丁目,2022/4/18,16,その他の住宅（３階建て以下共同住宅等）,駐車（輪）場,ナンバープレート,昭島市緑町２丁目,35.712177,139.347723, 昭島警察署 拝島駅前交番,35.7202672,139.3431157
窃盗,部品ねらい,昭島,昭島駅前交番,132071,東京都,昭島市,田中町,2022/12/26,16,その他,駐車（輪）場,その他,昭島市田中町,35.7152973,139.3632475, 昭島警察署 昭島駅前交番,35.7135536,139.3605048
窃盗,部品ねらい,昭島,昭島駅前交番,132071,東京都,昭島市,つつじが丘２丁目,2022/12/2,16,４階建て以上共同住宅,駐車（輪）場,その他,昭島市つつじが丘２丁目,35.7160052,139.3685655, 昭島警察署 昭島駅前交番,35.7135536,139.3605048
窃盗,部品ねらい,昭島,東中神駅前交番,132071,東京都,昭島市,武蔵野２丁目,2022/6/3,19,駐車（輪）場,駐車（輪）場,タイヤ・ホイール,昭島市武蔵野２丁目,35.7218892,139.3761173, 昭島警察署 東中神駅前交番,35.706114,139.383659
窃盗,部品ねらい,昭島,東中神駅前交番,132071,東京都,昭島市,武蔵野３丁目,2022/11/26,16,４階建て以上共同住宅,駐車（輪）場,その他,昭島市武蔵野３丁目,35.7178027,139.3770012, 昭島警察署 東中神駅前交番,35.706114,139.383659
窃盗,部品ねらい,昭島,東中神駅前交番,132071,東京都,昭島市,武蔵野３丁目,2022/11/29,11,４階建て以上共同住宅,駐車（輪）場,その他,昭島市武蔵野３丁目,35.7178027,139.3770012, 昭島警察署 東中神駅前交番,35.706114,139.383659
窃盗,部品ねらい,昭島,東中神駅前交番,132071,東京都,昭島市,武蔵野３丁目,2022/11/30,22,４階建て以上共同住宅,駐車（輪）場,その他,昭島市武蔵野３丁目,35.7178027,139.3770012, 昭島警察署 東中神駅前交番,35.706114,139.383659
窃盗,部品ねらい,立川,一番町六丁目駐在所,132021,東京都,立川市,一番町６丁目,2021/12/24,22,４階建て以上共同住宅,駐車（輪）場,ナンバープレート,立川市一番町６丁目,35.734397,139.375039, 立川警察署 一番町六丁目駐在所,,
窃盗,部品ねらい,立川,国立駅前交番,132152,東京都,国立市,北２丁目,2022/12/1,10,駐車（輪）場,駐車（輪）場,その他,国立市北２丁目,35.700087,139.438355, 立川警察署 国立駅前交番,35.6989869,139.4470943
窃盗,部品ねらい,立川,天王橋交番,132021,東京都,立川市,上砂町１丁目,2022/7/6,11,４階建て以上共同住宅,駐車（輪）場,ナンバープレート,立川市上砂町１丁目,35.719746,139.391744, 立川警察署 天王橋交番,35.726667,139.38402
窃盗,部品ねらい,立川,天王橋交番,132021,東京都,立川市,上砂町１丁目,2022/9/16,17,４階建て以上共同住宅,駐車（輪）場,その他,立川市上砂町１丁目,35.719746,139.391744, 立川警察署 天王橋交番,35.726667,139.38402
窃盗,部品ねらい,立川,天王橋交番,132021,東京都,立川市,一番町３丁目,2022/7/4,12,駐車（輪）場,駐車（輪）場,ナンバープレート,立川市一番町３丁目,35.728772,139.378327, 立川警察署 天王橋交番,35.726667,139.38402
窃盗,部品ねらい,立川,天王橋交番,132021,東京都,立川市,一番町４丁目,2022/6/7,15,その他,駐車（輪）場,その他,立川市一番町４丁目,35.7305676,139.3822687, 立川警察署 天王橋交番,35.726667,139.38402
窃盗,部品ねらい,立川,天王橋交番,132021,東京都,立川市,西砂町１丁目,2022/4/28,22,駐車（輪）場,駐車（輪）場,その他,立川市西砂町１丁目,35.7273997,139.3698332, 立川警察署 天王橋交番,35.726667,139.38402
窃盗,部品ねらい,立川,天王橋交番,132021,東京都,立川市,西砂町３丁目,2022/2/22,19,駐車（輪）場,駐車（輪）場,ナンバープレート,立川市西砂町３丁目,35.728642,139.356196, 立川警察署 天王橋交番,35.726667,139.38402
窃盗,部品ねらい,立川,富士塚交番,132021,東京都,立川市,緑町,2022/9/25,10,その他,駐車（輪）場,その他,立川市緑町,35.7074626,139.4044158, 立川警察署 富士塚交番,35.7012918,139.3963347
窃盗,部品ねらい,立川,富士見町交番,132021,東京都,立川市,富士見町６丁目,2022/11/22,20,４階建て以上共同住宅,駐車（輪）場,その他,立川市富士見町６丁目,35.6923081,139.3914957, 立川警察署 富士見町交番,35.692615,139.392825
窃盗,部品ねらい,立川,東区駐在所,132152,東京都,国立市,東２丁目,2022/1/20,16,駐車（輪）場,駐車（輪）場,その他,国立市東２丁目,35.693477,139.449586, 立川警察署 東区駐在所,35.6936537,139.4525175
窃盗,部品ねらい,立川,砂川八番交番,132021,東京都,立川市,幸町６丁目,2022/6/1,8,駐車（輪）場,駐車（輪）場,その他,立川市幸町６丁目,35.729601,139.422007, 立川警察署 砂川八番交番,35.722696,139.422405
窃盗,部品ねらい,立川,砂川八番交番,132021,東京都,立川市,幸町６丁目,2022/6/10,8,駐車（輪）場,駐車（輪）場,その他,立川市幸町６丁目,35.729601,139.422007, 立川警察署 砂川八番交番,35.722696,139.422405
窃盗,部品ねらい,立川,砂川四番交番,132021,東京都,立川市,柏町１丁目,2022/2/15,17,駐車（輪）場,駐車（輪）場,ナンバープレート,立川市柏町１丁目,35.7196851,139.4138784, 立川警察署 砂川四番交番,35.723372,139.403092
窃盗,部品ねらい,立川,砂川四番交番,132021,東京都,立川市,柏町１丁目,2022/12/1,18,その他の住宅（３階建て以下共同住宅等）,駐車（輪）場,その他,立川市柏町１丁目,35.7196851,139.4138784, 立川警察署 砂川四番交番,35.723372,139.403092
窃盗,部品ねらい,立川,砂川四番交番,132021,東京都,立川市,柏町３丁目,2022/5/10,18,駐車（輪）場,駐車（輪）場,ナンバープレート,立川市柏町３丁目,35.7242159,139.414137, 立川警察署 砂川四番交番,35.723372,139.403092
窃盗,部品ねらい,立川,砂川四番交番,132021,東京都,立川市,柏町４丁目,2022/11/26,19,４階建て以上共同住宅,駐車（輪）場,タイヤ・ホイール,立川市柏町４丁目,35.7284161,139.4141151, 立川警察署 砂川四番交番,35.723372,139.403092
窃盗,部品ねらい,立川,砂川四番交番,132021,東京都,立川市,砂川町３丁目,2022/3/1,21,その他の住宅（３階建て以下共同住宅等）,駐車（輪）場,ナンバープレート,立川市砂川町３丁目,35.727318,139.397638, 立川警察署 砂川四番交番,35.723372,139.403092
窃盗,部品ねらい,立川,砂川四番交番,132021,東京都,立川市,砂川町７丁目,2022/4/29,0,駐車（輪）場,駐車（輪）場,その他,立川市砂川町７丁目,35.732055,139.406096, 立川警察署 砂川四番交番,35.723372,139.403092
窃盗,部品ねらい,立川,砂川四番交番,132021,東京都,立川市,砂川町８丁目,2022/3/13,11,駐車（輪）場,駐車（輪）場,ナンバープレート,立川市砂川町８丁目,35.7320232,139.3982914, 立川警察署 砂川四番交番,35.723372,139.403092
窃盗,部品ねらい,立川,立川駅北口交番,132021,東京都,立川市,曙町１丁目,2022/3/13,13,その他の住宅（３階建て以下共同住宅等）,駐車（輪）場,その他,立川市曙町１丁目,35.6994079,139.4090193, 立川警察署 立川駅北口交番,35.6985845,139.4139701
窃盗,部品ねらい,立川,立川駅北口交番,132021,東京都,立川市,曙町２丁目,2022/4/2,7,その他,駐車（輪）場,ナンバープレート,立川市曙町２丁目,35.7005665,139.4156758, 立川警察署 立川駅北口交番,35.6985845,139.4139701
窃盗,部品ねらい,立川,立川駅北口交番,132021,東京都,立川市,曙町２丁目,2022/4/11,11,その他,駐車（輪）場,その他,立川市曙町２丁目,35.7005665,139.4156758, 立川警察署 立川駅北口交番,35.6985845,139.4139701
窃盗,部品ねらい,立川,立川駅北口交番,132021,東京都,立川市,曙町２丁目,2022/6/12,12,駐車（輪）場,駐車（輪）場,その他,立川市曙町２丁目,35.7005665,139.4156758, 立川警察署 立川駅北口交番,35.6985845,139.4139701
窃盗,部品ねらい,立川,立川駅北口交番,132021,東京都,立川市,曙町２丁目,2022/10/15,20,駐車（輪）場,駐車（輪）場,その他,立川市曙町２丁目,35.7005665,139.4156758, 立川警察署 立川駅北口交番,35.6985845,139.4139701
窃盗,部品ねらい,立川,立川駅北口交番,132021,東京都,立川市,緑町,2022/12/3,15,４階建て以上共同住宅,駐車（輪）場,その他,立川市緑町,35.7074626,139.4044158, 立川警察署 立川駅北口交番,35.6985845,139.4139701
窃盗,部品ねらい,立川,立川駅南口交番,132021,東京都,立川市,柴崎町３丁目,2022/7/30,15,駐車（輪）場,駐車（輪）場,その他,立川市柴崎町３丁目,35.6945656,139.4122738, 立川警察署 立川駅南口交番,35.6968299,139.4127153
窃盗,部品ねらい,立川,立川駅南口交番,132021,東京都,立川市,柴崎町３丁目,2022/8/25,12,駐車（輪）場,駐車（輪）場,その他,立川市柴崎町３丁目,35.6945656,139.4122738, 立川警察署 立川駅南口交番,35.6968299,139.4127153
窃盗,部品ねらい,立川,立川駅南口交番,132021,東京都,立川市,柴崎町３丁目,2022/8/27,18,駐車（輪）場,駐車（輪）場,タイヤ・ホイール,立川市柴崎町３丁目,35.6945656,139.4122738, 立川警察署 立川駅南口交番,35.6968299,139.4127153
窃盗,部品ねらい,立川,羽衣町交番,132152,東京都,国立市,西２丁目,2022/2/28,18,その他の住宅（３階建て以下共同住宅等）,その他,その他,国立市西２丁目,35.692998,139.434839, 立川警察署 羽衣町交番,35.693311,139.42885
窃盗,部品ねらい,立川,若葉町駐在所,132021,東京都,立川市,若葉町１丁目,2022/11/15,11,４階建て以上共同住宅,駐車（輪）場,その他,立川市若葉町１丁目,35.718201,139.436346, 立川警察署 若葉町駐在所,35.719836,139.438154
窃盗,部品ねらい,立川,若葉町駐在所,132021,東京都,立川市,若葉町１丁目,2022/11/27,11,４階建て以上共同住宅,駐車（輪）場,その他,立川市若葉町１丁目,35.718201,139.436346, 立川警察署 若葉町駐在所,35.719836,139.438154
窃盗,部品ねらい,立川,谷保交番,132152,東京都,国立市,青柳２丁目,2022/7/8,21,道路上,その他,ナンバープレート,国立市青柳２丁目,35.682071,139.42348, 立川警察署 谷保交番,35.682193,139.438002
窃盗,部品ねらい,立川,谷保交番,132152,東京都,国立市,東４丁目,2022/8/5,23,駐車（輪）場,駐車（輪）場,タイヤ・ホイール,国立市東４丁目,35.688683,139.450428, 立川警察署 谷保交番,35.682193,139.438002
窃盗,部品ねらい,立川,谷保交番,132152,東京都,国立市,泉４丁目,2022/5/7,17,その他,その他,タイヤ・ホイール,国立市泉４丁目,35.677001,139.431626, 立川警察署 谷保交番,35.682193,139.438002
窃盗,部品ねらい,立川,錦町交番,132021,東京都,立川市,羽衣町３丁目,2022/6/21,17,駐車（輪）場,駐車（輪）場,その他,立川市羽衣町３丁目,35.6897909,139.4247766, 立川警察署 錦町交番,35.6958957,139.4193714
窃盗,部品ねらい,立川,高松町交番,132021,東京都,立川市,栄町６丁目,2022/8/2,14,４階建て以上共同住宅,駐車（輪）場,ナンバープレート,立川市栄町６丁目,35.7158154,139.4229081, 立川警察署 高松町交番,35.7054392,139.4191051
窃盗,部品ねらい,府中,中河原交番,132063,東京都,府中市,住吉町１丁目,2022/3/13,10,駐車（輪）場,駐車（輪）場,その他,府中市住吉町１丁目,35.6608637,139.4598092, 府中警察署 中河原交番,35.6599236,139.4577111
窃盗,部品ねらい,府中,中河原交番,132063,東京都,府中市,住吉町１丁目,2022/3/19,14,その他の住宅（３階建て以下共同住宅等）,駐車（輪）場,その他,府中市住吉町１丁目,35.6608637,139.4598092, 府中警察署 中河原交番,35.6599236,139.4577111
窃盗,部品ねらい,府中,中河原交番,132063,東京都,府中市,住吉町２丁目,2022/12/3,22,駐車（輪）場,駐車（輪）場,タイヤ・ホイール,府中市住吉町２丁目,35.6563779,139.4580819, 府中警察署 中河原交番,35.6599236,139.4577111
窃盗,部品ねらい,府中,中河原交番,132063,東京都,府中市,住吉町３丁目,2019/11/21,不明,４階建て以上共同住宅,駐車（輪）場,ナンバープレート,府中市住吉町３丁目,35.663938,139.454475, 府中警察署 中河原交番,35.6599236,139.4577111
窃盗,部品ねらい,府中,分梅駐在所,132063,東京都,府中市,本町４丁目,2022/8/25,5,その他の住宅（３階建て以下共同住宅等）,駐車（輪）場,その他,府中市本町４丁目,35.664619,139.469172, 府中警察署 分梅駐在所,35.665732,139.464515
窃盗,部品ねらい,府中,南町交番,132063,東京都,府中市,矢崎町５丁目,2022/8/9,11,その他,駐車（輪）場,ナンバープレート,府中市矢崎町５丁目,35.656518,139.477581, 府中警察署 南町交番,35.6571306,139.4635607
窃盗,部品ねらい,府中,南町交番,132063,東京都,府中市,矢崎町５丁目,2022/11/11,16,駐車（輪）場,駐車（輪）場,ナンバープレート,府中市矢崎町５丁目,35.656518,139.477581, 府中警察署 南町交番,35.6571306,139.4635607
窃盗,部品ねらい,府中,四谷駐在所,132063,東京都,府中市,四谷６丁目,2022/11/10,2,駐車（輪）場,駐車（輪）場,その他,府中市四谷６丁目,35.6706712,139.4338096, 府中警察署 四谷駐在所,,
窃盗,部品ねらい,府中,大国魂交番,132063,東京都,府中市,宮町１丁目,2022/3/31,23,駐車（輪）場,駐車（輪）場,その他,府中市宮町１丁目,35.6712082,139.4814698, 府中警察署 大国魂交番,35.669881,139.4795967
窃盗,部品ねらい,府中,是政交番,132063,東京都,府中市,是政３丁目,2022/4/15,18,その他の住宅（３階建て以下共同住宅等）,駐車（輪）場,その他,府中市是政３丁目,35.6591704,139.4855287, 府中警察署 是政交番,35.6575635,139.4874786
窃盗,部品ねらい,府中,東府中駅前交番,132063,東京都,府中市,若松町２丁目,2022/7/8,21,４階建て以上共同住宅,その他,その他,府中市若松町２丁目,35.671729,139.500014, 府中警察署 東府中駅前交番,35.6693414,139.4950672
窃盗,部品ねらい,府中,武蔵台交番,132063,東京都,府中市,武蔵台２丁目,2022/9/15,16,道路上,その他,その他,府中市武蔵台２丁目,35.691767,139.462904, 府中警察署 武蔵台交番,35.694673,139.463208
窃盗,部品ねらい,府中,白糸台交番,132063,東京都,府中市,白糸台１丁目,2022/7/29,8,一戸建住宅,駐車（輪）場,その他,府中市白糸台１丁目,35.668373,139.50723, 府中警察署 白糸台交番,35.6700766,139.50861903121552
窃盗,部品ねらい,府中,第五中学校前交番,132063,東京都,府中市,新町２丁目,2021/9/4,18,駐車（輪）場,駐車（輪）場,その他,府中市新町２丁目,35.687274,139.493285, 府中警察署 第五中学校前交番,35.6849018,139.4930637
窃盗,部品ねらい,府中,第五中学校前交番,132063,東京都,府中市,新町２丁目,2022/5/1,17,駐車（輪）場,駐車（輪）場,ナンバープレート,府中市新町２丁目,35.687274,139.493285, 府中警察署 第五中学校前交番,35.6849018,139.4930637
窃盗,部品ねらい,府中,西原町交番,132063,東京都,府中市,西府町１丁目,2022/4/23,13,その他,駐車（輪）場,ナンバープレート,府中市西府町１丁目,35.672492,139.454828, 府中警察署 西原町交番,35.6853506,139.4563269
窃盗,部品ねらい,府中,車返団地駐在所,132063,東京都,府中市,押立町１丁目,2022/11/4,18,４階建て以上共同住宅,駐車（輪）場,その他,府中市押立町１丁目,35.659439,139.509675, 府中警察署 車返団地駐在所,35.6618746,139.5133134
窃盗,部品ねらい,府中,和田駐在所,132241,東京都,多摩市,和田,2019/12/1,不明,その他の住宅（３階建て以下共同住宅等）,その他,ナンバープレート,多摩市和田,35.642935,139.427921, 府中警察署 和田駐在所,,
窃盗,部品ねらい,小金井,元町駐在所,132144,東京都,国分寺市,西元町３丁目,2022/4/28,17,一戸建住宅,その他,その他,国分寺市西元町３丁目,35.690884,139.472468, 小金井警察署 元町駐在所,35.693868,139.483568
窃盗,部品ねらい,小金井,国分寺駅北口交番,132144,東京都,国分寺市,本町４丁目,2022/1/14,17,駐車（輪）場,駐車（輪）場,その他,国分寺市本町４丁目,35.7026253,139.4773909, 小金井警察署 国分寺駅北口交番,,
窃盗,部品ねらい,小金井,国分寺駅南口交番,132144,東京都,国分寺市,南町２丁目,2021/12/28,17,４階建て以上共同住宅,駐車（輪）場,タイヤ・ホイール,国分寺市南町２丁目,35.698466,139.48398, 小金井警察署 国分寺駅南口交番,35.6996518,139.4801656
窃盗,部品ねらい,小金井,小金井公園前交番,132101,東京都,小金井市,緑町３丁目,2022/12/18,15,４階建て以上共同住宅,駐車（輪）場,その他,小金井市緑町３丁目,35.710277,139.515599, 小金井警察署 小金井公園前交番,35.7127857,139.5125459
窃盗,部品ねらい,小金井,新小金井交番,132101,東京都,小金井市,東町１丁目,2022/3/31,11,その他,駐車（輪）場,その他,小金井市東町１丁目,35.689477,139.523883, 小金井警察署 新小金井交番,35.69423,139.525203
窃盗,部品ねらい,小金井,本多交番,132101,東京都,小金井市,貫井北町５丁目,2022/1/28,20,その他の住宅（３階建て以下共同住宅等）,駐車（輪）場,その他,小金井市貫井北町５丁目,35.703559,139.489169, 小金井警察署 本多交番,35.7047,139.485789
窃盗,部品ねらい,小金井,東小金井駅前交番,132101,東京都,小金井市,東町４丁目,2022/11/1,11,道路上,その他,その他,小金井市東町４丁目,35.698033,139.524712, 小金井警察署 東小金井駅前交番,35.7020985,139.5248717
窃盗,部品ねらい,小金井,貫井南町交番,132101,東京都,小金井市,貫井南町５丁目,2022/1/31,16,４階建て以上共同住宅,駐車（輪）場,その他,小金井市貫井南町５丁目,35.6919602,139.4915362, 小金井警察署 貫井南町交番,35.69493,139.4961892
窃盗,部品ねらい,田無,ひばりが丘駅前交番,132292,東京都,西東京市,住吉町３丁目,2022/11/7,9,その他,駐車（輪）場,その他,西東京市住吉町３丁目,35.74952,139.547868, 田無警察署 ひばりが丘駅前交番,,
窃盗,部品ねらい,田無,ひばりが丘駅前交番,132292,東京都,西東京市,ひばりが丘北３丁目,2022/1/4,20,駐車（輪）場,駐車（輪）場,ナンバープレート,西東京市ひばりが丘北３丁目,35.7522854,139.5465568, 田無警察署 ひばりが丘駅前交番,,
窃盗,部品ねらい,田無,上の原交番,132225,東京都,東久留米市,上の原１丁目,2022/8/6,16,４階建て以上共同住宅,駐車（輪）場,その他,東久留米市上の原１丁目,35.770782,139.542373, 田無警察署 上の原交番,35.7687285,139.5427002
窃盗,部品ねらい,田無,下里駐在所,132225,東京都,東久留米市,下里４丁目,2022/10/23,15,４階建て以上共同住宅,駐車（輪）場,タイヤ・ホイール,東久留米市下里４丁目,35.753699,139.496259, 田無警察署 下里駐在所,35.75425,139.500008
窃盗,部品ねらい,田無,保谷駅前交番,132292,東京都,西東京市,下保谷４丁目,2022/10/8,9,駐車（輪）場,駐車（輪）場,その他,西東京市下保谷４丁目,35.750024,139.566125, 田無警察署 保谷駅前交番,35.7477019,139.5667777
窃盗,部品ねらい,田無,保谷駅前交番,132292,東京都,西東京市,下保谷４丁目,2022/11/14,11,駐車（輪）場,駐車（輪）場,その他,西東京市下保谷４丁目,35.750024,139.566125, 田無警察署 保谷駅前交番,35.7477019,139.5667777
窃盗,部品ねらい,田無,保谷駅前交番,132292,東京都,西東京市,東町２丁目,2022/9/22,17,４階建て以上共同住宅,駐車（輪）場,その他,西東京市東町２丁目,35.7460633,139.5613225, 田無警察署 保谷駅前交番,35.7477019,139.5667777
窃盗,部品ねらい,田無,前沢交番,132225,東京都,東久留米市,前沢２丁目,2022/2/2,22,４階建て以上共同住宅,駐車（輪）場,ナンバープレート,東久留米市前沢２丁目,35.744218,139.516936, 田無警察署 前沢交番,35.751001,139.510702
窃盗,部品ねらい,田無,南沢交番,132225,東京都,東久留米市,南沢３丁目,2022/6/22,23,駐車（輪）場,駐車（輪）場,その他,東久留米市南沢３丁目,35.751618,139.527602, 田無警察署 南沢交番,35.7593321,139.5272438
窃盗,部品ねらい,田無,東久留米駅前交番,132225,東京都,東久留米市,大門町２丁目,2022/5/8,12,４階建て以上共同住宅,駐車（輪）場,ナンバープレート,東久留米市大門町２丁目,35.763921,139.541236, 田無警察署 東久留米駅前交番,35.7608931,139.5351436
窃盗,部品ねらい,田無,東久留米駅前交番,132225,東京都,東久留米市,大門町２丁目,2022/5/8,14,４階建て以上共同住宅,駐車（輪）場,ナンバープレート,東久留米市大門町２丁目,35.763921,139.541236, 田無警察署 東久留米駅前交番,35.7608931,139.5351436
窃盗,部品ねらい,田無,東久留米駅前交番,132225,東京都,東久留米市,東本町,2022/5/6,20,その他,駐車（輪）場,その他,東久留米市東本町,35.762263,139.534126, 田無警察署 東久留米駅前交番,35.7608931,139.5351436
窃盗,部品ねらい,田無,東伏見交番,132292,東京都,西東京市,富士町１丁目,2022/2/13,11,その他の住宅（３階建て以下共同住宅等）,駐車（輪）場,その他,西東京市富士町１丁目,35.733653,139.560241, 田無警察署 東伏見交番,35.7285406,139.5641383
窃盗,部品ねらい,田無,泉町交番,132292,東京都,西東京市,保谷町１丁目,2022/5/23,22,一戸建住宅,その他,その他,西東京市保谷町１丁目,35.735148,139.5554144, 田無警察署 泉町交番,35.7376702,139.5536141
窃盗,部品ねらい,田無,泉町交番,132292,東京都,西東京市,保谷町６丁目,2022/1/8,13,４階建て以上共同住宅,駐車（輪）場,タイヤ・ホイール,西東京市保谷町６丁目,35.7345385,139.5526403, 田無警察署 泉町交番,35.7376702,139.5536141
窃盗,部品ねらい,田無,滝山交番,132225,東京都,東久留米市,滝山６丁目,2022/8/15,17,４階建て以上共同住宅,駐車（輪）場,ナンバープレート,東久留米市滝山６丁目,35.747731,139.503683, 田無警察署 滝山交番,35.746279,139.503758
窃盗,部品ねらい,田無,滝山交番,132225,東京都,東久留米市,弥生１丁目,2022/5/5,18,その他,その他,その他,東久留米市弥生１丁目,35.738211,139.50538, 田無警察署 滝山交番,35.746279,139.503758
窃盗,部品ねらい,田無,滝山交番,132225,東京都,東久留米市,弥生１丁目,2022/10/7,14,駐車（輪）場,駐車（輪）場,その他,東久留米市弥生１丁目,35.738211,139.50538, 田無警察署 滝山交番,35.746279,139.503758
窃盗,部品ねらい,田無,田無駅前交番,132292,東京都,西東京市,田無町４丁目,2022/1/18,7,駐車（輪）場,駐車（輪）場,その他,西東京市田無町４丁目,35.728455,139.5375842, 田無警察署 田無駅前交番,35.7275449,139.5404858
窃盗,部品ねらい,田無,田無駅前交番,132292,東京都,西東京市,南町３丁目,2022/5/20,18,４階建て以上共同住宅,駐車（輪）場,その他,西東京市南町３丁目,35.7248153,139.5433576, 田無警察署 田無駅前交番,35.7275449,139.5404858
窃盗,部品ねらい,東村山,下清戸駐在所,132217,東京都,清瀬市,下清戸１丁目,2022/10/20,16,一戸建住宅,駐車（輪）場,タイヤ・ホイール,清瀬市下清戸１丁目,35.780471,139.537326, 東村山警察署 下清戸駐在所,35.779081,139.536976
窃盗,部品ねらい,東村山,下清戸駐在所,132217,東京都,清瀬市,下清戸２丁目,2022/7/28,0,駐車（輪）場,駐車（輪）場,その他,清瀬市下清戸２丁目,35.786108,139.533568, 東村山警察署 下清戸駐在所,35.779081,139.536976
窃盗,部品ねらい,東村山,中清戸駐在所,132217,東京都,清瀬市,中清戸１丁目,2022/12/11,0,その他の住宅（３階建て以下共同住宅等）,駐車（輪）場,その他,清瀬市中清戸１丁目,35.776628,139.527721, 東村山警察署 中清戸駐在所,35.7788444,139.5252838
窃盗,部品ねらい,東村山,中里駐在所,132217,東京都,清瀬市,中里４丁目,2022/3/1,不明,４階建て以上共同住宅,駐車（輪）場,その他,清瀬市中里４丁目,35.786186,139.516665, 東村山警察署 中里駐在所,35.784568050000004,139.51650789602405
窃盗,部品ねらい,東村山,久米川駅前交番,132136,東京都,東村山市,栄町１丁目,2022/3/22,19,４階建て以上共同住宅,駐車（輪）場,その他,東村山市栄町１丁目,35.751641,139.475473, 東村山警察署 久米川駅前交番,35.7504295,139.4721763
窃盗,部品ねらい,東村山,久米川駅前交番,132136,東京都,東村山市,栄町１丁目,2022/9/30,17,４階建て以上共同住宅,駐車（輪）場,その他,東村山市栄町１丁目,35.751641,139.475473, 東村山警察署 久米川駅前交番,35.7504295,139.4721763
窃盗,部品ねらい,東村山,久米川駅前交番,132136,東京都,東村山市,栄町１丁目,2022/10/18,8,駐車（輪）場,駐車（輪）場,その他,東村山市栄町１丁目,35.751641,139.475473, 東村山警察署 久米川駅前交番,35.7504295,139.4721763
窃盗,部品ねらい,東村山,八坂交番,132136,東京都,東村山市,富士見町１丁目,2022/3/28,20,その他の住宅（３階建て以下共同住宅等）,駐車（輪）場,その他,東村山市富士見町１丁目,35.74186,139.458321, 東村山警察署 八坂交番,,
窃盗,部品ねらい,東村山,八坂交番,132136,東京都,東村山市,美住町１丁目,2022/11/14,19,４階建て以上共同住宅,駐車（輪）場,タイヤ・ホイール,東村山市美住町１丁目,35.749156,139.461426, 東村山警察署 八坂交番,,
窃盗,部品ねらい,東村山,旭が丘交番,132217,東京都,清瀬市,旭が丘２丁目,2019/3/28,13,４階建て以上共同住宅,駐車（輪）場,ナンバープレート,清瀬市旭が丘２丁目,35.794911,139.539624, 東村山警察署 旭が丘交番,,
窃盗,部品ねらい,東村山,旭が丘交番,132217,東京都,清瀬市,中里６丁目,2022/8/3,17,４階建て以上共同住宅,駐車（輪）場,その他,清瀬市中里６丁目,35.790833,139.527076, 東村山警察署 旭が丘交番,,
窃盗,部品ねらい,東村山,清瀬駅前交番,132217,東京都,清瀬市,元町２丁目,2022/9/3,14,その他の住宅（３階建て以下共同住宅等）,駐車（輪）場,その他,清瀬市元町２丁目,35.776578,139.515973, 東村山警察署 清瀬駅前交番,35.7723548,139.5197876
窃盗,部品ねらい,東村山,秋津駅前交番,132136,東京都,東村山市,秋津町５丁目,2022/3/23,21,駐車（輪）場,駐車（輪）場,ナンバープレート,東村山市秋津町５丁目,35.777994,139.492943, 東村山警察署 秋津駅前交番,35.77823495,139.49691383088364
窃盗,部品ねらい,東村山,竹丘駐在所,132217,東京都,清瀬市,竹丘２丁目,2022/10/8,21,４階建て以上共同住宅,駐車（輪）場,その他,清瀬市竹丘２丁目,35.76425,139.508309, 東村山警察署 竹丘駐在所,35.765194,139.511674
窃盗,部品ねらい,東村山,青葉駐在所,132136,東京都,東村山市,青葉町１丁目,2022/4/2,12,その他の住宅（３階建て以下共同住宅等）,駐車（輪）場,ナンバープレート,東村山市青葉町１丁目,35.760665,139.496419, 東村山警察署 青葉駐在所,35.760460699999996,139.4897004459979
窃盗,部品ねらい,武蔵野,三鷹駅北口交番,132039,東京都,武蔵野市,中町１丁目,2022/5/17,16,４階建て以上共同住宅,駐車（輪）場,その他,武蔵野市中町１丁目,35.7042255,139.5621875, 武蔵野警察署 三鷹駅北口交番,,
窃盗,部品ねらい,武蔵野,八幡宮西交番,132039,東京都,武蔵野市,吉祥寺本町１丁目,2022/12/10,14,駐車（輪）場,駐車（輪）場,その他,武蔵野市吉祥寺本町１丁目,35.705245,139.5810051, 武蔵野警察署 八幡宮西交番,,
窃盗,部品ねらい,武蔵野,八幡宮西交番,132039,東京都,武蔵野市,吉祥寺本町２丁目,2022/4/11,21,４階建て以上共同住宅,駐車（輪）場,その他,武蔵野市吉祥寺本町２丁目,35.7057807,139.5766713, 武蔵野警察署 八幡宮西交番,,
窃盗,部品ねらい,武蔵野,吉祥寺駅東口交番,132039,東京都,武蔵野市,吉祥寺本町１丁目,2022/5/5,17,道路上,その他,その他,武蔵野市吉祥寺本町１丁目,35.705245,139.5810051, 武蔵野警察署 吉祥寺駅東口交番,35.703302,139.5804688
窃盗,部品ねらい,武蔵野,吉祥寺駅東口交番,132039,東京都,武蔵野市,吉祥寺本町１丁目,2022/7/27,10,その他,駐車（輪）場,その他,武蔵野市吉祥寺本町１丁目,35.705245,139.5810051, 武蔵野警察署 吉祥寺駅東口交番,35.703302,139.5804688
窃盗,部品ねらい,武蔵野,東町駐在所,132039,東京都,武蔵野市,吉祥寺東町１丁目,2022/7/6,19,その他の住宅（３階建て以下共同住宅等）,駐車（輪）場,その他,武蔵野市吉祥寺東町１丁目,35.7066421,139.5839705, 武蔵野警察署 東町駐在所,35.708702,139.585419
窃盗,部品ねらい,武蔵野,桜堤交番,132039,東京都,武蔵野市,境５丁目,2022/10/1,20,４階建て以上共同住宅,駐車（輪）場,タイヤ・ホイール,武蔵野市境５丁目,35.7045628,139.5353092, 武蔵野警察署 桜堤交番,35.7092647,139.5331618
窃盗,部品ねらい,武蔵野,武蔵境駅前交番,132039,東京都,武蔵野市,境２丁目,2022/7/7,2,道路上,その他,その他,武蔵野市境２丁目,35.7043789,139.5412104, 武蔵野警察署 武蔵境駅前交番,,
窃盗,部品ねらい,武蔵野,緑町交番,132039,東京都,武蔵野市,西久保３丁目,2022/6/26,16,４階建て以上共同住宅,駐車（輪）場,その他,武蔵野市西久保３丁目,35.7115717,139.5600761, 武蔵野警察署 緑町交番,35.7197076,139.5680241
窃盗,部品ねらい,三鷹,万助橋駐在所,132047,東京都,三鷹市,下連雀２丁目,2022/4/30,19,その他の住宅（３階建て以下共同住宅等）,駐車（輪）場,ナンバープレート,三鷹市下連雀２丁目,,, 三鷹警察署 万助橋駐在所,35.6985784,139.570067
窃盗,部品ねらい,三鷹,万助橋駐在所,132047,東京都,三鷹市,下連雀２丁目,2022/5/1,15,その他,駐車（輪）場,ナンバープレート,三鷹市下連雀２丁目,,, 三鷹警察署 万助橋駐在所,35.6985784,139.570067
窃盗,部品ねらい,三鷹,三鷹駅前交番,132047,東京都,三鷹市,下連雀３丁目,2022/6/15,11,駐車（輪）場,駐車（輪）場,その他,三鷹市下連雀３丁目,,, 三鷹警察署 三鷹駅前交番,,
窃盗,部品ねらい,三鷹,上連雀交番,132047,東京都,三鷹市,上連雀９丁目,2022/3/29,8,その他の住宅（３階建て以下共同住宅等）,駐車（輪）場,ナンバープレート,三鷹市上連雀９丁目,,, 三鷹警察署 上連雀交番,35.69448,139.55159
窃盗,部品ねらい,三鷹,上連雀交番,132047,東京都,三鷹市,下連雀４丁目,2022/4/13,6,駐車（輪）場,駐車（輪）場,その他,三鷹市下連雀４丁目,,, 三鷹警察署 上連雀交番,35.69448,139.55159
窃盗,部品ねらい,三鷹,大沢交番,132047,東京都,三鷹市,大沢２丁目,2022/9/7,18,４階建て以上共同住宅,駐車（輪）場,その他,三鷹市大沢２丁目,,, 三鷹警察署 大沢交番,35.6810081,139.5388511
窃盗,部品ねらい,三鷹,新川交番,132047,東京都,三鷹市,新川３丁目,2022/1/19,15,その他の住宅（３階建て以下共同住宅等）,その他,その他,三鷹市新川３丁目,,, 三鷹警察署 新川交番,35.6809311,139.5703812
窃盗,部品ねらい,調布,つつじケ丘駅前交番,132080,東京都,調布市,西つつじケ丘４丁目,2022/7/4,16,４階建て以上共同住宅,駐車（輪）場,ナンバープレート,調布市西つつじケ丘４丁目,35.653368,139.575433, 調布警察署 つつじケ丘駅前交番,,
窃盗,部品ねらい,調布,京王多摩川駅前交番,132080,東京都,調布市,多摩川１丁目,2022/6/13,16,４階建て以上共同住宅,駐車（輪）場,タイヤ・ホイール,調布市多摩川１丁目,35.650181,139.528523, 調布警察署 京王多摩川駅前交番,35.644515,139.536816
窃盗,部品ねらい,調布,京王多摩川駅前交番,132080,東京都,調布市,多摩川５丁目,2022/2/19,14,４階建て以上共同住宅,駐車（輪）場,その他,調布市多摩川５丁目,35.642587,139.536897, 調布警察署 京王多摩川駅前交番,35.644515,139.536816
窃盗,部品ねらい,調布,京王多摩川駅前交番,132080,東京都,調布市,多摩川５丁目,2022/2/19,15,４階建て以上共同住宅,駐車（輪）場,その他,調布市多摩川５丁目,35.642587,139.536897, 調布警察署 京王多摩川駅前交番,35.644515,139.536816
窃盗,部品ねらい,調布,仙川交番,132080,東京都,調布市,緑ケ丘２丁目,2022/11/25,14,４階建て以上共同住宅,駐車（輪）場,その他,調布市緑ケ丘２丁目,35.668229,139.585631, 調布警察署 仙川交番,35.6621285,139.5853992
窃盗,部品ねらい,調布,和泉多摩川交番,132195,東京都,狛江市,中和泉３丁目,2022/10/23,1,その他の住宅（３階建て以下共同住宅等）,駐車（輪）場,ナンバープレート,狛江市中和泉３丁目,35.635612,139.570293, 調布警察署 和泉多摩川交番,,
窃盗,部品ねらい,調布,和泉多摩川交番,132195,東京都,狛江市,元和泉３丁目,2022/2/18,8,駐車（輪）場,駐車（輪）場,その他,狛江市元和泉３丁目,35.630411,139.567674, 調布警察署 和泉多摩川交番,,
窃盗,部品ねらい,調布,国領交番,132080,東京都,調布市,国領町３丁目,2022/12/16,18,４階建て以上共同住宅,駐車（輪）場,その他,調布市国領町３丁目,35.649614,139.560117, 調布警察署 国領交番,35.6505877,139.5573257
窃盗,部品ねらい,調布,国領交番,132080,東京都,調布市,国領町４丁目,2022/3/21,0,その他の住宅（３階建て以下共同住宅等）,その他,その他,調布市国領町４丁目,35.647558,139.558156, 調布警察署 国領交番,35.6505877,139.5573257
窃盗,部品ねらい,調布,多摩川住宅交番,132080,東京都,調布市,染地３丁目,2022/2/17,17,４階建て以上共同住宅,駐車（輪）場,その他,調布市染地３丁目,35.639561,139.558768, 調布警察署 多摩川住宅交番,35.6396581,139.5599114
窃盗,部品ねらい,調布,多摩川住宅交番,132080,東京都,調布市,染地３丁目,2022/2/18,17,４階建て以上共同住宅,駐車（輪）場,その他,調布市染地３丁目,35.639561,139.558768, 調布警察署 多摩川住宅交番,35.6396581,139.5599114
窃盗,部品ねらい,調布,多摩川住宅交番,132080,東京都,調布市,染地３丁目,2022/2/20,11,４階建て以上共同住宅,駐車（輪）場,その他,調布市染地３丁目,35.639561,139.558768, 調布警察署 多摩川住宅交番,35.6396581,139.5599114
窃盗,部品ねらい,調布,多摩川住宅交番,132080,東京都,調布市,染地３丁目,2022/2/20,17,４階建て以上共同住宅,駐車（輪）場,その他,調布市染地３丁目,35.639561,139.558768, 調布警察署 多摩川住宅交番,35.6396581,139.5599114
窃盗,部品ねらい,調布,多摩川住宅交番,132080,東京都,調布市,染地３丁目,2022/6/23,21,駐車（輪）場,駐車（輪）場,その他,調布市染地３丁目,35.639561,139.558768, 調布警察署 多摩川住宅交番,35.6396581,139.5599114
窃盗,部品ねらい,調布,多摩川住宅交番,132195,東京都,狛江市,西和泉１丁目,2022/12/14,18,４階建て以上共同住宅,駐車（輪）場,その他,狛江市西和泉１丁目,35.639977,139.564302, 調布警察署 多摩川住宅交番,35.6396581,139.5599114
窃盗,部品ねらい,調布,多摩川住宅交番,132195,東京都,狛江市,西和泉２丁目,2022/2/4,21,４階建て以上共同住宅,駐車（輪）場,ナンバープレート,狛江市西和泉２丁目,35.636873,139.563945, 調布警察署 多摩川住宅交番,35.6396581,139.5599114
窃盗,部品ねらい,調布,多摩川住宅交番,132195,東京都,狛江市,西和泉２丁目,2022/2/6,18,４階建て以上共同住宅,駐車（輪）場,ナンバープレート,狛江市西和泉２丁目,35.636873,139.563945, 調布警察署 多摩川住宅交番,35.6396581,139.5599114
窃盗,部品ねらい,調布,小覚交番,132195,東京都,狛江市,東野川４丁目,2022/12/1,16,駐車（輪）場,駐車（輪）場,ナンバープレート,狛江市東野川４丁目,35.64382,139.585193, 調布警察署 小覚交番,35.6465496,139.5781455
窃盗,部品ねらい,調布,岩戸交番,132195,東京都,狛江市,岩戸南３丁目,2022/5/27,19,一戸建住宅,駐車（輪）場,その他,狛江市岩戸南３丁目,35.629845,139.590956, 調布警察署 岩戸交番,,
窃盗,部品ねらい,調布,布田交番,132080,東京都,調布市,国領町５丁目,2022/7/10,12,一戸建住宅,駐車（輪）場,ナンバープレート,調布市国領町５丁目,35.647717,139.553352, 調布警察署 布田交番,35.6470197,139.5484284
窃盗,部品ねらい,調布,深大寺交番,132080,東京都,調布市,深大寺南町４丁目,2022/8/20,4,一戸建住宅,駐車（輪）場,その他,調布市深大寺南町４丁目,35.665005,139.555604, 調布警察署 深大寺交番,35.6657567,139.5530378
窃盗,部品ねらい,調布,深大寺交番,132080,東京都,調布市,深大寺元町２丁目,2022/10/13,15,駐車（輪）場,駐車（輪）場,ナンバープレート,調布市深大寺元町２丁目,35.663887,139.550292, 調布警察署 深大寺交番,35.6657567,139.5530378
窃盗,部品ねらい,調布,狛江交番,132195,東京都,狛江市,和泉本町３丁目,2022/2/18,13,その他の住宅（３階建て以下共同住宅等）,その他,その他,狛江市和泉本町３丁目,35.640935,139.573463, 調布警察署 狛江交番,35.6332289,139.5772353
窃盗,部品ねらい,調布,菊野台交番,132080,東京都,調布市,菊野台１丁目,2022/5/6,21,一戸建住宅,その他,ナンバープレート,調布市菊野台１丁目,35.655546,139.566985, 調布警察署 菊野台交番,,
窃盗,部品ねらい,調布,菊野台交番,132080,東京都,調布市,菊野台３丁目,2022/2/18,13,その他,駐車（輪）場,その他,調布市菊野台３丁目,35.652595,139.571144, 調布警察署 菊野台交番,,
窃盗,部品ねらい,調布,調布駅前交番,132080,東京都,調布市,多摩川５丁目,2022/2/20,17,４階建て以上共同住宅,駐車（輪）場,その他,調布市多摩川５丁目,35.642587,139.536897, 調布警察署 調布駅前交番,,
窃盗,部品ねらい,調布,電気通信大学前交番,132080,東京都,調布市,富士見町２丁目,2022/9/25,16,その他,その他,その他,調布市富士見町２丁目,35.658915,139.540462, 調布警察署 電気通信大学前交番,35.6567083,139.5399663
窃盗,部品ねらい,小平,上宿交番,132110,東京都,小平市,小川町１丁目,2022/4/11,8,その他,駐車（輪）場,その他,小平市小川町１丁目,35.7291986,139.450032, 小平警察署 上宿交番,35.731399,139.44612
窃盗,部品ねらい,小平,上宿交番,132110,東京都,小平市,小川町１丁目,2022/6/15,8,その他,駐車（輪）場,ナンバープレート,小平市小川町１丁目,35.7291986,139.450032, 小平警察署 上宿交番,35.731399,139.44612
窃盗,部品ねらい,小平,喜平橋駐在所,132110,東京都,小平市,御幸町,2022/8/31,8,４階建て以上共同住宅,駐車（輪）場,その他,小平市御幸町,35.716175,139.503869, 小平警察署 喜平橋駐在所,,
窃盗,部品ねらい,小平,大沼町交番,132110,東京都,小平市,大沼町４丁目,2022/5/6,16,その他,その他,ナンバープレート,小平市大沼町４丁目,35.7430029,139.5003142, 小平警察署 大沼町交番,35.741529,139.501286
窃盗,部品ねらい,小平,大沼町交番,132110,東京都,小平市,大沼町７丁目,2021/11/28,14,４階建て以上共同住宅,駐車（輪）場,その他,小平市大沼町７丁目,35.7352282,139.4976147, 小平警察署 大沼町交番,35.741529,139.501286
窃盗,部品ねらい,小平,学園東交番,132110,東京都,小平市,喜平町３丁目,2022/10/8,16,４階建て以上共同住宅,駐車（輪）場,ナンバープレート,小平市喜平町３丁目,35.719768,139.490209, 小平警察署 学園東交番,35.7218291,139.4881647
窃盗,部品ねらい,小平,小川駅前交番,132110,東京都,小平市,小川西町１丁目,2022/3/22,8,その他,駐車（輪）場,その他,小平市小川西町１丁目,35.7358324,139.4540875, 小平警察署 小川駅前交番,35.7373073,139.4632372
窃盗,部品ねらい,小平,小川駅前交番,132110,東京都,小平市,小川町２丁目,2022/10/21,13,駐車（輪）場,駐車（輪）場,タイヤ・ホイール,小平市小川町２丁目,35.729178,139.472827, 小平警察署 小川駅前交番,35.7373073,139.4632372
窃盗,部品ねらい,小平,小川駅前交番,132110,東京都,小平市,美園町１丁目,2022/3/6,17,道路上,その他,その他,小平市美園町１丁目,35.736051,139.488524, 小平警察署 小川駅前交番,35.7373073,139.4632372
窃盗,部品ねらい,小平,小平駅前交番,132110,東京都,小平市,美園町１丁目,2022/2/26,17,４階建て以上共同住宅,駐車（輪）場,その他,小平市美園町１丁目,35.736051,139.488524, 小平警察署 小平駅前交番,35.7370531,139.4877892
窃盗,部品ねらい,小平,鷹の台駅前交番,132110,東京都,小平市,上水本町３丁目,2022/11/25,16,４階建て以上共同住宅,駐車（輪）場,ナンバープレート,小平市上水本町３丁目,35.71638,139.469929, 小平警察署 鷹の台駅前交番,35.7230478,139.4610095
