罪名,手口,管轄警察署（発生地）,管轄交番・駐在所（発生地）,市区町村コード（発生地）,都道府県（発生地）,市区町村（発生地）,町丁目（発生地）,発生年月日（始期）,発生時（始期）,発生場所,発生場所の詳細,施錠関係,盗難防止装置の有無,現金以外の主な被害品,name,latitude,longitude,police_office_name,police_office_latitude,police_office_longitude
窃盗,オートバイ盗,中央,本町交番,131024,東京都,中央区,日本橋本町４丁目,2022/10/18,7,道路上,その他,キーあり,なし,自動二輪（50cc超）,中央区日本橋本町４丁目,35.690183,139.775106, 中央警察署 本町交番,35.690625,139.774905
窃盗,オートバイ盗,深川,東陽交番,131083,東京都,江東区,東陽３丁目,2022/10/17,21,道路上,その他,キーあり,なし,自動二輪（50cc超）,江東区東陽３丁目,35.669582,139.812579, 深川警察署 東陽交番,35.669157,139.812152
窃盗,オートバイ盗,深川,枝川交番,131083,東京都,江東区,枝川１丁目,2022/6/19,3,道路上,その他,キーあり,なし,原動機付自転車（50cc以下）,江東区枝川１丁目,35.656617,139.803432, 深川警察署 枝川交番,35.6582564,139.8025688
窃盗,オートバイ盗,深川,枝川交番,131083,東京都,江東区,潮見１丁目,2022/10/21,14,４階建て以上共同住宅,駐車（輪）場,キーなし,なし,自動二輪（50cc超）,江東区潮見１丁目,35.65574,139.811361, 深川警察署 枝川交番,35.6582564,139.8025688
窃盗,オートバイ盗,深川,枝川交番,131083,東京都,江東区,潮見１丁目,2022/12/4,18,４階建て以上共同住宅,駐車（輪）場,キーなし,なし,自動二輪（50cc超）,江東区潮見１丁目,35.65574,139.811361, 深川警察署 枝川交番,35.6582564,139.8025688
窃盗,オートバイ盗,深川,豊洲交番,131083,東京都,江東区,豊洲３丁目,2022/7/22,18,４階建て以上共同住宅,駐車（輪）場,キーなし,なし,原動機付自転車（50cc以下）,江東区豊洲３丁目,35.658936,139.79692, 深川警察署 豊洲交番,,
窃盗,オートバイ盗,深川,門前仲町交番,131083,東京都,江東区,富岡１丁目,2022/5/15,14,一戸建住宅,駐車（輪）場,キーなし,なし,原動機付自転車（50cc以下）,江東区富岡１丁目,35.671463,139.798098, 深川警察署 門前仲町交番,35.672684,139.794876
窃盗,オートバイ盗,深川,門前仲町交番,131083,東京都,江東区,牡丹１丁目,2022/9/12,18,その他の住宅（３階建て以下共同住宅等）,駐車（輪）場,キーあり,なし,原動機付自転車（50cc以下）,江東区牡丹１丁目,35.670547,139.793901, 深川警察署 門前仲町交番,35.672684,139.794876
窃盗,オートバイ盗,深川,門前仲町交番,131083,東京都,江東区,牡丹１丁目,2022/10/8,15,道路上,その他,キーなし,なし,自動二輪（50cc超）,江東区牡丹１丁目,35.670547,139.793901, 深川警察署 門前仲町交番,35.672684,139.794876
窃盗,オートバイ盗,深川,門前仲町交番,131083,東京都,江東区,牡丹１丁目,2022/10/9,1,道路上,その他,キーあり,なし,原動機付自転車（50cc以下）,江東区牡丹１丁目,35.670547,139.793901, 深川警察署 門前仲町交番,35.672684,139.794876
窃盗,オートバイ盗,麹町,麹町四丁目交番,131016,東京都,千代田区,紀尾井町,2022/7/19,12,道路上,その他,キーあり,なし,自動二輪（50cc超）,千代田区紀尾井町,35.681411,139.73495, 麹町警察署 麹町四丁目交番,35.6835474,139.7380421
窃盗,オートバイ盗,月島,勝どき橋交番,131024,東京都,中央区,勝どき２丁目,2022/11/17,20,道路上,その他,キーなし,なし,原動機付自転車（50cc以下）,中央区勝どき２丁目,35.658107,139.779061, 月島警察署 勝どき橋交番,35.6604606,139.7768646
窃盗,オートバイ盗,月島,晴海三丁目交番,131024,東京都,中央区,晴海３丁目,2022/2/1,0,４階建て以上共同住宅,駐車（輪）場,キーなし,なし,原動機付自転車（50cc以下）,中央区晴海３丁目,35.655037,139.778983, 月島警察署 晴海三丁目交番,35.6557004,139.7818254
窃盗,オートバイ盗,愛宕,新橋駅前交番,131032,東京都,港区,新橋２丁目,2022/11/2,17,道路上,その他,キーなし,なし,原動機付自転車（50cc以下）,港区新橋２丁目,35.6668663,139.7574154, 愛宕警察署 新橋駅前交番,35.6667614,139.7576673
窃盗,オートバイ盗,愛宕,浜松町交番,131032,東京都,港区,浜松町２丁目,2022/11/12,22,その他,駐車（輪）場,キーなし,なし,なし,港区浜松町２丁目,35.6548423,139.7564095, 愛宕警察署 浜松町交番,35.653373349999995,139.7544692760219
窃盗,オートバイ盗,三田,亀塚公園前交番,131032,東京都,港区,三田３丁目,2021/10/17,14,道路上,その他,キーなし,なし,自動二輪（50cc超）,港区三田３丁目,35.6439554,139.743205, 三田警察署 亀塚公園前交番,,
窃盗,オートバイ盗,三田,芝四丁目交番,131032,東京都,港区,芝４丁目,2022/7/12,22,道路上,その他,キーあり,なし,原動機付自転車（50cc以下）,港区芝４丁目,35.6483485,139.7511363, 三田警察署 芝四丁目交番,35.64908135,139.75267435004596
窃盗,オートバイ盗,高輪,品川駅港南口交番,131032,東京都,港区,港南３丁目,2022/5/22,12,４階建て以上共同住宅,駐車（輪）場,キーなし,なし,原動機付自転車（50cc以下）,港区港南３丁目,35.6336992,139.751088, 高輪警察署 品川駅港南口交番,,
窃盗,オートバイ盗,麻布,西麻布交番,131032,東京都,港区,西麻布２丁目,2022/1/21,7,駐車（輪）場,駐車（輪）場,キーなし,なし,自動二輪（50cc超）,港区西麻布２丁目,35.661876,139.7206181, 麻布警察署 西麻布交番,35.659572,139.723771
窃盗,オートバイ盗,赤坂,表参道交番,131032,東京都,港区,南青山２丁目,2022/6/8,16,駐車（輪）場,駐車（輪）場,キーあり,あり,原動機付自転車（50cc以下）,港区南青山２丁目,35.6672683,139.7222596, 赤坂警察署 表参道交番,35.66546,139.712355
窃盗,オートバイ盗,赤坂,赤坂見附交番,131032,東京都,港区,元赤坂１丁目,2022/2/1,0,４階建て以上共同住宅,駐車（輪）場,キーあり,なし,自動二輪（50cc超）,港区元赤坂１丁目,35.6774657,139.7344476, 赤坂警察署 赤坂見附交番,35.67768365,139.7366189
窃盗,オートバイ盗,東京湾岸,お台場海浜公園駅前交番,131032,東京都,港区,台場１丁目,2022/6/27,11,その他,駐車（輪）場,キーなし,なし,自動二輪（50cc超）,港区台場１丁目,35.6308488,139.7783151, 東京湾岸警察署 お台場海浜公園駅前交番,,
窃盗,オートバイ盗,東京湾岸,大田市場前交番,131113,東京都,大田区,城南島４丁目,2022/2/2,14,道路上,その他,キーあり,なし,自動二輪（50cc超）,大田区城南島４丁目,35.5801953,139.7835293, 東京湾岸警察署 大田市場前交番,35.5786287,139.7578468
窃盗,オートバイ盗,東京湾岸,新木場駅前交番,131083,東京都,江東区,新木場３丁目,2022/10/9,17,駐車（輪）場,駐車（輪）場,キーなし,あり,原動機付自転車（50cc以下）,江東区新木場３丁目,35.635637,139.835057, 東京湾岸警察署 新木場駅前交番,35.6457077,139.8259728
窃盗,オートバイ盗,東京湾岸,新木場駅前交番,131083,東京都,江東区,夢の島３丁目,2022/9/6,8,その他,駐車（輪）場,キーあり,なし,原動機付自転車（50cc以下）,江東区夢の島３丁目,35.651447,139.833841, 東京湾岸警察署 新木場駅前交番,35.6457077,139.8259728
窃盗,オートバイ盗,東京湾岸,新木場駅前交番,131083,東京都,江東区,夢の島３丁目,2022/9/11,10,その他,駐車（輪）場,キーなし,なし,原動機付自転車（50cc以下）,江東区夢の島３丁目,35.651447,139.833841, 東京湾岸警察署 新木場駅前交番,35.6457077,139.8259728
窃盗,オートバイ盗,東京湾岸,新木場駅前交番,131083,東京都,江東区,夢の島３丁目,2022/9/11,10,その他,駐車（輪）場,キーなし,なし,原動機付自転車（50cc以下）,江東区夢の島３丁目,35.651447,139.833841, 東京湾岸警察署 新木場駅前交番,35.6457077,139.8259728
窃盗,オートバイ盗,東京湾岸,新木場駅前交番,131083,東京都,江東区,夢の島３丁目,2022/9/11,14,その他,駐車（輪）場,キーあり,なし,原動機付自転車（50cc以下）,江東区夢の島３丁目,35.651447,139.833841, 東京湾岸警察署 新木場駅前交番,35.6457077,139.8259728
窃盗,オートバイ盗,東京湾岸,新木場駅前交番,131083,東京都,江東区,夢の島３丁目,2022/9/12,21,その他,駐車（輪）場,キーあり,なし,原動機付自転車（50cc以下）,江東区夢の島３丁目,35.651447,139.833841, 東京湾岸警察署 新木場駅前交番,35.6457077,139.8259728
窃盗,オートバイ盗,東京湾岸,新木場駅前交番,131083,東京都,江東区,夢の島３丁目,2022/10/9,17,駐車（輪）場,駐車（輪）場,キーなし,あり,原動機付自転車（50cc以下）,江東区夢の島３丁目,35.651447,139.833841, 東京湾岸警察署 新木場駅前交番,35.6457077,139.8259728
窃盗,オートバイ盗,東京湾岸,新木場駅前交番,131083,東京都,江東区,夢の島３丁目,2022/12/10,15,その他,駐車（輪）場,キーなし,なし,原動機付自転車（50cc以下）,江東区夢の島３丁目,35.651447,139.833841, 東京湾岸警察署 新木場駅前交番,35.6457077,139.8259728
窃盗,オートバイ盗,東京湾岸,辰巳交番,131083,東京都,江東区,辰巳２丁目,2022/11/26,17,４階建て以上共同住宅,駐車（輪）場,キーなし,なし,自動二輪（50cc超）,江東区辰巳２丁目,35.6499996,139.8154971, 東京湾岸警察署 辰巳交番,35.649427,139.8116273
窃盗,オートバイ盗,東京湾岸,都橋交番,131083,東京都,江東区,有明４丁目,2022/1/19,12,その他,駐車（輪）場,キーなし,なし,原動機付自転車（50cc以下）,江東区有明４丁目,35.620798,139.792118, 東京湾岸警察署 都橋交番,,
窃盗,オートバイ盗,東京湾岸,都橋交番,131083,東京都,江東区,東雲２丁目,2021/12/27,18,４階建て以上共同住宅,駐車（輪）場,キーなし,なし,原動機付自転車（50cc以下）,江東区東雲２丁目,35.640503,139.802348, 東京湾岸警察署 都橋交番,,
窃盗,オートバイ盗,東京湾岸,都橋交番,131083,東京都,江東区,東雲２丁目,2022/7/7,17,４階建て以上共同住宅,駐車（輪）場,キーなし,なし,自動二輪（50cc超）,江東区東雲２丁目,35.640503,139.802348, 東京湾岸警察署 都橋交番,,
窃盗,オートバイ盗,東京湾岸,都橋交番,131083,東京都,江東区,東雲２丁目,2022/8/9,18,４階建て以上共同住宅,駐車（輪）場,キーなし,なし,自動二輪（50cc超）,江東区東雲２丁目,35.640503,139.802348, 東京湾岸警察署 都橋交番,,
窃盗,オートバイ盗,品川,三ツ木交番,131091,東京都,品川区,西品川３丁目,不明,不明,４階建て以上共同住宅,駐車（輪）場,キーなし,なし,自動二輪（50cc超）,品川区西品川３丁目,35.6159707,139.7266759, 品川警察署 三ツ木交番,,
窃盗,オートバイ盗,品川,天王洲交番,131091,東京都,品川区,東品川４丁目,2022/3/13,19,４階建て以上共同住宅,駐車（輪）場,キーなし,なし,自動二輪（50cc超）,品川区東品川４丁目,35.6095108,139.7486177, 品川警察署 天王洲交番,35.622105,139.750548
窃盗,オートバイ盗,品川,御殿山交番,131091,東京都,品川区,北品川５丁目,2022/5/11,14,道路上,その他,キーあり,なし,自動二輪（50cc超）,品川区北品川５丁目,35.6214881,139.7326747, 品川警察署 御殿山交番,35.6231877,139.7351861
窃盗,オートバイ盗,品川,青物横丁駅前交番,131091,東京都,品川区,南品川５丁目,2022/9/20,16,一戸建住宅,その他,キーなし,なし,自動二輪（50cc超）,品川区南品川５丁目,35.6098825,139.7409412, 品川警察署 青物横丁駅前交番,,
窃盗,オートバイ盗,大井,八潮団地交番,131091,東京都,品川区,八潮５丁目,2020/8/2,0,４階建て以上共同住宅,駐車（輪）場,キーあり,なし,自動二輪（50cc超）,品川区八潮５丁目,35.6012413,139.7525901, 大井警察署 八潮団地交番,,
窃盗,オートバイ盗,大井,八潮団地交番,131091,東京都,品川区,八潮５丁目,2022/6/5,22,その他,駐車（輪）場,キーあり,なし,原動機付自転車（50cc以下）,品川区八潮５丁目,35.6012413,139.7525901, 大井警察署 八潮団地交番,,
窃盗,オートバイ盗,大井,八潮団地交番,131091,東京都,品川区,八潮５丁目,2022/6/11,17,４階建て以上共同住宅,駐車（輪）場,キーなし,なし,原動機付自転車（50cc以下）,品川区八潮５丁目,35.6012413,139.7525901, 大井警察署 八潮団地交番,,
窃盗,オートバイ盗,大井,大井町駅前交番,131091,東京都,品川区,東大井５丁目,2022/5/8,15,道路上,その他,キーなし,あり,自動二輪（50cc超）,品川区東大井５丁目,35.6064611,139.7370252, 大井警察署 大井町駅前交番,35.606158,139.734639
窃盗,オートバイ盗,大崎,五反田駅前交番,131091,東京都,品川区,西五反田２丁目,2022/1/18,17,その他,駐車（輪）場,キーあり,なし,原動機付自転車（50cc以下）,品川区西五反田２丁目,35.6264319,139.721628, 大崎警察署 五反田駅前交番,,
窃盗,オートバイ盗,荏原,武蔵小山交番,131091,東京都,品川区,小山２丁目,2021/11/30,14,その他,駐車（輪）場,キーなし,あり,原動機付自転車（50cc以下）,品川区小山２丁目,35.6209387,139.7088419, 荏原警察署 武蔵小山交番,35.6196516,139.7029386
窃盗,オートバイ盗,大森,大森西交番,131113,東京都,大田区,大森西２丁目,2022/4/25,16,一戸建住宅,駐車（輪）場,キーなし,あり,自動二輪（50cc超）,大田区大森西２丁目,35.5772208,139.7308977, 大森警察署 大森西交番,35.56984625,139.7234714109598
窃盗,オートバイ盗,大森,大森西交番,131113,東京都,大田区,大森西５丁目,2022/5/21,18,その他,その他,キーなし,あり,自動二輪（50cc超）,大田区大森西５丁目,35.5707404,139.7280103, 大森警察署 大森西交番,35.56984625,139.7234714109598
窃盗,オートバイ盗,大森,大森駅前交番,131113,東京都,大田区,大森北１丁目,2022/4/2,8,その他の住宅（３階建て以下共同住宅等）,その他,キーなし,あり,自動二輪（50cc超）,大田区大森北１丁目,35.5872258,139.7296974, 大森警察署 大森駅前交番,35.588659,139.7286341
窃盗,オートバイ盗,大森,大森駅前交番,131113,東京都,大田区,大森北１丁目,2022/7/7,23,道路上,その他,キーあり,なし,原動機付自転車（50cc以下）,大田区大森北１丁目,35.5872258,139.7296974, 大森警察署 大森駅前交番,35.588659,139.7286341
窃盗,オートバイ盗,大森,大森駅前交番,131113,東京都,大田区,大森北１丁目,2022/9/12,22,道路上,その他,キーあり,なし,自動二輪（50cc超）,大田区大森北１丁目,35.5872258,139.7296974, 大森警察署 大森駅前交番,35.588659,139.7286341
窃盗,オートバイ盗,大森,大森駅前交番,131113,東京都,大田区,大森北１丁目,2022/9/29,5,その他,その他,キーなし,なし,自動二輪（50cc超）,大田区大森北１丁目,35.5872258,139.7296974, 大森警察署 大森駅前交番,35.588659,139.7286341
窃盗,オートバイ盗,大森,山王交番,131113,東京都,大田区,山王３丁目,2022/1/25,7,その他,駐車（輪）場,キーなし,なし,自動二輪（50cc超）,大田区山王３丁目,35.5840651,139.7228846, 大森警察署 山王交番,35.59114,139.7261355
窃盗,オートバイ盗,大森,山王交番,131113,東京都,大田区,山王３丁目,2022/9/29,20,その他,駐車（輪）場,キーあり,なし,原動機付自転車（50cc以下）,大田区山王３丁目,35.5840651,139.7228846, 大森警察署 山王交番,35.59114,139.7261355
窃盗,オートバイ盗,大森,森ケ崎交番,131113,東京都,大田区,大森東３丁目,2022/9/20,6,その他の住宅（３階建て以下共同住宅等）,駐車（輪）場,キーあり,なし,自動二輪（50cc超）,大田区大森東３丁目,35.5718399,139.7404423, 大森警察署 森ケ崎交番,35.5636528,139.7443903363457
窃盗,オートバイ盗,大森,森ケ崎交番,131113,東京都,大田区,大森南２丁目,2022/6/19,15,その他の住宅（３階建て以下共同住宅等）,駐車（輪）場,キーなし,なし,自動二輪（50cc超）,大田区大森南２丁目,35.5624942,139.7437254, 大森警察署 森ケ崎交番,35.5636528,139.7443903363457
窃盗,オートバイ盗,大森,谷戸交番,131113,東京都,大田区,大森中２丁目,2022/9/21,14,一戸建住宅,その他,キーあり,なし,原動機付自転車（50cc以下）,大田区大森中２丁目,35.5674546,139.7328544, 大森警察署 谷戸交番,35.5689439,139.7297196
窃盗,オートバイ盗,大森,谷戸交番,131113,東京都,大田区,大森西３丁目,2022/5/27,19,一戸建住宅,その他,キーなし,なし,原動機付自転車（50cc以下）,大田区大森西３丁目,35.5734358,139.7295043, 大森警察署 谷戸交番,35.5689439,139.7297196
窃盗,オートバイ盗,蒲田,京急蒲田駅前交番,131113,東京都,大田区,蒲田３丁目,2020/6/1,18,その他の住宅（３階建て以下共同住宅等）,その他,キーなし,なし,原動機付自転車（50cc以下）,大田区蒲田３丁目,35.563415,139.7240902, 蒲田警察署 京急蒲田駅前交番,35.5613565,139.7241575
窃盗,オートバイ盗,蒲田,京急蒲田駅前交番,131113,東京都,大田区,東蒲田２丁目,2022/11/20,13,道路上,その他,キーあり,なし,自動二輪（50cc超）,大田区東蒲田２丁目,35.5618091,139.7280009, 蒲田警察署 京急蒲田駅前交番,35.5613565,139.7241575
窃盗,オートバイ盗,蒲田,大鳥居交番,131113,東京都,大田区,羽田３丁目,2022/1/3,12,その他の住宅（３階建て以下共同住宅等）,その他,キーなし,なし,自動二輪（50cc超）,大田区羽田３丁目,35.5463758,139.7451845, 蒲田警察署 大鳥居交番,35.55216325,139.74082654388621
窃盗,オートバイ盗,蒲田,大鳥居交番,131113,東京都,大田区,羽田３丁目,2022/8/19,19,その他の住宅（３階建て以下共同住宅等）,駐車（輪）場,キーなし,なし,自動二輪（50cc超）,大田区羽田３丁目,35.5463758,139.7451845, 蒲田警察署 大鳥居交番,35.55216325,139.74082654388621
窃盗,オートバイ盗,蒲田,日の出通交番,131113,東京都,大田区,西糀谷４丁目,2022/5/24,18,道路上,その他,キーあり,なし,原動機付自転車（50cc以下）,大田区西糀谷４丁目,35.5549236,139.7309165, 蒲田警察署 日の出通交番,,
窃盗,オートバイ盗,蒲田,本羽田交番,131113,東京都,大田区,本羽田１丁目,2022/5/4,9,その他の住宅（３階建て以下共同住宅等）,駐車（輪）場,キーあり,なし,自動二輪（50cc超）,大田区本羽田１丁目,35.546668249999996,139.7279890059889, 蒲田警察署 本羽田交番,35.5482983,139.7297345
窃盗,オートバイ盗,蒲田,本羽田交番,131113,東京都,大田区,本羽田２丁目,2020/12/15,17,駐車（輪）場,駐車（輪）場,キーなし,なし,自動二輪（50cc超）,大田区本羽田２丁目,35.54532475,139.73190075082107, 蒲田警察署 本羽田交番,35.5482983,139.7297345
窃盗,オートバイ盗,蒲田,本羽田交番,131113,東京都,大田区,本羽田２丁目,2022/3/14,19,その他の住宅（３階建て以下共同住宅等）,その他,キーなし,なし,原動機付自転車（50cc以下）,大田区本羽田２丁目,35.54532475,139.73190075082107, 蒲田警察署 本羽田交番,35.5482983,139.7297345
窃盗,オートバイ盗,蒲田,東六郷交番,131113,東京都,大田区,仲六郷４丁目,2022/5/23,1,一戸建住宅,駐車（輪）場,キーなし,なし,自動二輪（50cc超）,大田区仲六郷４丁目,35.5408738,139.7080185, 蒲田警察署 東六郷交番,35.5456479,139.7131334
窃盗,オートバイ盗,蒲田,東六郷交番,131113,東京都,大田区,仲六郷４丁目,2022/7/27,20,その他,その他,キーなし,なし,自動二輪（50cc超）,大田区仲六郷４丁目,35.5408738,139.7080185, 蒲田警察署 東六郷交番,35.5456479,139.7131334
窃盗,オートバイ盗,蒲田,東六郷交番,131113,東京都,大田区,南六郷２丁目,2022/7/31,17,４階建て以上共同住宅,その他,キーなし,なし,原動機付自転車（50cc以下）,大田区南六郷２丁目,35.5450085,139.7207683, 蒲田警察署 東六郷交番,35.5456479,139.7131334
窃盗,オートバイ盗,蒲田,東六郷交番,131113,東京都,大田区,南六郷２丁目,2022/11/7,20,４階建て以上共同住宅,駐車（輪）場,キーなし,なし,自動二輪（50cc超）,大田区南六郷２丁目,35.5450085,139.7207683, 蒲田警察署 東六郷交番,35.5456479,139.7131334
窃盗,オートバイ盗,蒲田,蒲田駅東口交番,131113,東京都,大田区,蒲田５丁目,2022/1/12,20,その他,駐車（輪）場,キーあり,あり,原動機付自転車（50cc以下）,大田区蒲田５丁目,35.5618058,139.7189189, 蒲田警察署 蒲田駅東口交番,35.562722,139.716692
窃盗,オートバイ盗,蒲田,蒲田駅東口交番,131113,東京都,大田区,蒲田本町１丁目,2022/12/12,17,４階建て以上共同住宅,駐車（輪）場,キーなし,なし,原動機付自転車（50cc以下）,大田区蒲田本町１丁目,35.5574407,139.7157338, 蒲田警察署 蒲田駅東口交番,35.562722,139.716692
窃盗,オートバイ盗,蒲田,蒲田駅西口交番,131113,東京都,大田区,西蒲田５丁目,2022/9/29,13,道路上,その他,キーあり,なし,原動機付自転車（50cc以下）,大田区西蒲田５丁目,35.5657823,139.7152604, 蒲田警察署 蒲田駅西口交番,35.562417,139.715525
窃盗,オートバイ盗,蒲田,蒲田駅西口交番,131113,東京都,大田区,西蒲田５丁目,2022/12/7,20,道路上,その他,キーなし,なし,原動機付自転車（50cc以下）,大田区西蒲田５丁目,35.5657823,139.7152604, 蒲田警察署 蒲田駅西口交番,35.562417,139.715525
窃盗,オートバイ盗,蒲田,蒲田駅西口交番,131113,東京都,大田区,西蒲田７丁目,2022/10/8,23,道路上,その他,キーなし,なし,自動二輪（50cc超）,大田区西蒲田７丁目,35.5629644,139.7128102, 蒲田警察署 蒲田駅西口交番,35.562417,139.715525
窃盗,オートバイ盗,蒲田,蒲田駅西口交番,131113,東京都,大田区,西蒲田７丁目,2022/10/11,10,道路上,その他,キーなし,なし,自動二輪（50cc超）,大田区西蒲田７丁目,35.5629644,139.7128102, 蒲田警察署 蒲田駅西口交番,35.562417,139.715525
窃盗,オートバイ盗,蒲田,蒲田駅西口交番,131113,東京都,大田区,東蒲田１丁目,2022/10/26,16,道路上,その他,キーあり,なし,原動機付自転車（50cc以下）,大田区東蒲田１丁目,35.564963,139.7295392, 蒲田警察署 蒲田駅西口交番,35.562417,139.715525
窃盗,オートバイ盗,蒲田,西六郷交番,131113,東京都,大田区,西六郷１丁目,2022/5/5,15,４階建て以上共同住宅,駐車（輪）場,キーあり,なし,自動二輪（50cc超）,大田区西六郷１丁目,35.5540846,139.7081995, 蒲田警察署 西六郷交番,35.5493615,139.7070035
窃盗,オートバイ盗,蒲田,西六郷交番,131113,東京都,大田区,西六郷１丁目,2022/9/15,17,４階建て以上共同住宅,駐車（輪）場,キーあり,なし,原動機付自転車（50cc以下）,大田区西六郷１丁目,35.5540846,139.7081995, 蒲田警察署 西六郷交番,35.5493615,139.7070035
窃盗,オートバイ盗,蒲田,西六郷交番,131113,東京都,大田区,西六郷３丁目,2022/2/3,17,道路上,その他,キーあり,なし,自動二輪（50cc超）,大田区西六郷３丁目,35.5463823,139.7046187, 蒲田警察署 西六郷交番,35.5493615,139.7070035
窃盗,オートバイ盗,蒲田,西蒲田交番,131113,東京都,大田区,大森西７丁目,2022/9/10,3,その他,その他,キーなし,なし,原動機付自転車（50cc以下）,大田区大森西７丁目,35.5699451,139.7217058, 蒲田警察署 西蒲田交番,35.569527,139.716525
窃盗,オートバイ盗,蒲田,西蒲田交番,131113,東京都,大田区,西蒲田４丁目,2022/12/10,17,４階建て以上共同住宅,駐車（輪）場,キーなし,なし,自動二輪（50cc超）,大田区西蒲田４丁目,35.5687964,139.7156762, 蒲田警察署 西蒲田交番,35.569527,139.716525
窃盗,オートバイ盗,蒲田,雑色交番,131113,東京都,大田区,仲六郷２丁目,2022/1/15,21,一戸建住宅,駐車（輪）場,キーなし,なし,自動二輪（50cc超）,大田区仲六郷２丁目,35.5506444,139.7138462, 蒲田警察署 雑色交番,35.5489801,139.7156342
窃盗,オートバイ盗,池上,ガス橋交番,131113,東京都,大田区,下丸子４丁目,2022/8/6,1,４階建て以上共同住宅,駐車（輪）場,キーあり,なし,自動二輪（50cc超）,大田区下丸子４丁目,35.5692895,139.6795025, 池上警察署 ガス橋交番,,
窃盗,オートバイ盗,池上,ガス橋交番,131113,東京都,大田区,矢口２丁目,2022/6/5,14,４階建て以上共同住宅,駐車（輪）場,キーなし,あり,自動二輪（50cc超）,大田区矢口２丁目,35.5628837,139.6932717, 池上警察署 ガス橋交番,,
窃盗,オートバイ盗,池上,ガス橋交番,131113,東京都,大田区,矢口２丁目,2022/11/25,18,道路上,その他,キーあり,なし,自動二輪（50cc超）,大田区矢口２丁目,35.5628837,139.6932717, 池上警察署 ガス橋交番,,
窃盗,オートバイ盗,池上,市野倉交番,131113,東京都,大田区,中央６丁目,2022/4/9,0,その他の住宅（３階建て以下共同住宅等）,その他,キーなし,なし,原動機付自転車（50cc以下）,大田区中央６丁目,35.5778655,139.7129966, 池上警察署 市野倉交番,35.579239799999996,139.71330022233897
窃盗,オートバイ盗,池上,市野倉交番,131113,東京都,大田区,中央７丁目,2021/12/30,6,その他の住宅（３階建て以下共同住宅等）,駐車（輪）場,キーなし,なし,自動二輪（50cc超）,大田区中央７丁目,35.5758759,139.7152913, 池上警察署 市野倉交番,35.579239799999996,139.71330022233897
窃盗,オートバイ盗,池上,市野倉交番,131113,東京都,大田区,中央７丁目,2022/11/25,6,一戸建住宅,その他,キーあり,なし,原動機付自転車（50cc以下）,大田区中央７丁目,35.5758759,139.7152913, 池上警察署 市野倉交番,35.579239799999996,139.71330022233897
窃盗,オートバイ盗,池上,池上駅前交番,131113,東京都,大田区,池上６丁目,2022/8/16,8,道路上,その他,キーなし,なし,原動機付自転車（50cc以下）,大田区池上６丁目,35.5699844,139.7041842, 池上警察署 池上駅前交番,,
窃盗,オートバイ盗,池上,蓮沼交番,131113,東京都,大田区,西蒲田３丁目,2022/5/29,17,その他,駐車（輪）場,キーなし,なし,自動二輪（50cc超）,大田区西蒲田３丁目,35.5678812,139.7089773, 池上警察署 蓮沼交番,35.564591,139.7087723
窃盗,オートバイ盗,池上,蓮沼交番,131113,東京都,大田区,西蒲田６丁目,2022/10/10,16,道路上,その他,キーなし,なし,自動二輪（50cc超）,大田区西蒲田６丁目,35.5660037,139.7104713, 池上警察署 蓮沼交番,35.564591,139.7087723
窃盗,オートバイ盗,池上,西馬込交番,131113,東京都,大田区,西馬込１丁目,2022/5/7,16,道路上,その他,キーなし,なし,原動機付自転車（50cc以下）,大田区西馬込１丁目,35.5905554,139.7055039, 池上警察署 西馬込交番,35.5869344,139.7057815
窃盗,オートバイ盗,池上,西馬込交番,131113,東京都,大田区,西馬込２丁目,2022/7/14,16,その他の住宅（３階建て以下共同住宅等）,駐車（輪）場,キーなし,なし,自動二輪（50cc超）,大田区西馬込２丁目,35.5866467,139.7042312, 池上警察署 西馬込交番,35.5869344,139.7057815
窃盗,オートバイ盗,池上,西馬込交番,131113,東京都,大田区,南馬込１丁目,2021/12/24,7,一戸建住宅,駐車（輪）場,キーなし,なし,自動二輪（50cc超）,大田区南馬込１丁目,35.5917638,139.7139837, 池上警察署 西馬込交番,35.5869344,139.7057815
窃盗,オートバイ盗,東京空港,第３ターミナル交番,131113,東京都,大田区,羽田空港３丁目,2022/5/24,8,その他,その他,キーあり,なし,自動二輪（50cc超）,大田区羽田空港３丁目,35.5440559,139.786874, 東京空港警察署 第３ターミナル交番,,
窃盗,オートバイ盗,世田谷,三宿交番,131121,東京都,世田谷区,下馬２丁目,2022/8/1,17,４階建て以上共同住宅,駐車（輪）場,キーなし,なし,自動二輪（50cc超）,世田谷区下馬２丁目,35.6410628,139.6762383, 世田谷警察署 三宿交番,35.6451493,139.6792414
窃盗,オートバイ盗,世田谷,下馬四丁目交番,131121,東京都,世田谷区,下馬５丁目,2022/3/5,23,４階建て以上共同住宅,駐車（輪）場,キーなし,なし,原動機付自転車（50cc以下）,世田谷区下馬５丁目,35.6362813,139.6830967, 世田谷警察署 下馬四丁目交番,35.6359561,139.6789311
窃盗,オートバイ盗,世田谷,桜丘交番,131121,東京都,世田谷区,桜丘４丁目,2022/1/5,8,駐車（輪）場,駐車（輪）場,キーなし,なし,原動機付自転車（50cc以下）,世田谷区桜丘４丁目,35.6401779,139.6224171, 世田谷警察署 桜丘交番,35.6455607,139.6225515
窃盗,オートバイ盗,世田谷,若林交番,131121,東京都,世田谷区,若林１丁目,2022/6/24,20,その他の住宅（３階建て以下共同住宅等）,駐車（輪）場,キーなし,なし,原動機付自転車（50cc以下）,世田谷区若林１丁目,35.6450409,139.6636789, 世田谷警察署 若林交番,35.642295,139.660582
窃盗,オートバイ盗,北沢,宮前橋交番,131121,東京都,世田谷区,梅丘１丁目,2022/6/18,18,一戸建住宅,その他,キーあり,なし,原動機付自転車（50cc以下）,世田谷区梅丘１丁目,35.6545807,139.652887, 北沢警察署 宮前橋交番,35.6558809,139.6597884
窃盗,オートバイ盗,北沢,宮前橋交番,131121,東京都,世田谷区,代田４丁目,2022/8/10,23,駐車（輪）場,駐車（輪）場,キーなし,なし,原動機付自転車（50cc以下）,世田谷区代田４丁目,35.6595257,139.6577176, 北沢警察署 宮前橋交番,35.6558809,139.6597884
窃盗,オートバイ盗,北沢,明大前駅前交番,131121,東京都,世田谷区,松原２丁目,2022/7/18,7,道路上,その他,キーあり,なし,自動二輪（50cc超）,世田谷区松原２丁目,35.6666473,139.6486799, 北沢警察署 明大前駅前交番,,
窃盗,オートバイ盗,北沢,淡島通交番,131121,東京都,世田谷区,梅丘１丁目,2022/10/8,23,道路上,その他,キーなし,なし,原動機付自転車（50cc以下）,世田谷区梅丘１丁目,35.6545807,139.652887, 北沢警察署 淡島通交番,,
窃盗,オートバイ盗,北沢,経堂駅前交番,131121,東京都,世田谷区,宮坂３丁目,2022/2/19,12,その他の住宅（３階建て以下共同住宅等）,駐車（輪）場,キーあり,なし,原動機付自転車（50cc以下）,世田谷区宮坂３丁目,35.6543257,139.6354151, 北沢警察署 経堂駅前交番,35.651571,139.637223
窃盗,オートバイ盗,玉川,深沢交番,131121,東京都,世田谷区,深沢５丁目,2022/11/28,22,道路上,その他,キーあり,なし,自動二輪（50cc超）,世田谷区深沢５丁目,35.6187365,139.6495798, 玉川警察署 深沢交番,35.620908,139.653389
窃盗,オートバイ盗,玉川,瀬田交番,131121,東京都,世田谷区,瀬田４丁目,2022/1/10,7,その他の住宅（３階建て以下共同住宅等）,駐車（輪）場,キーあり,なし,自動二輪（50cc超）,世田谷区瀬田４丁目,35.6201603,139.6265531, 玉川警察署 瀬田交番,35.6201597,139.6305444
窃盗,オートバイ盗,玉川,瀬田交番,131121,東京都,世田谷区,瀬田５丁目,2022/8/12,19,４階建て以上共同住宅,駐車（輪）場,キーなし,なし,自動二輪（50cc超）,世田谷区瀬田５丁目,35.6248022,139.6251033, 玉川警察署 瀬田交番,35.6201597,139.6305444
窃盗,オートバイ盗,玉川,馬事公苑前駐在所,131121,東京都,世田谷区,上用賀４丁目,2021/1/1,16,その他の住宅（３階建て以下共同住宅等）,駐車（輪）場,キーあり,なし,原動機付自転車（50cc以下）,世田谷区上用賀４丁目,35.6363587,139.6291977, 玉川警察署 馬事公苑前駐在所,,
窃盗,オートバイ盗,成城,上北沢駅前交番,131121,東京都,世田谷区,上北沢５丁目,2022/5/17,13,４階建て以上共同住宅,駐車（輪）場,キーなし,なし,自動二輪（50cc超）,世田谷区上北沢５丁目,35.6736533,139.6166282, 成城警察署 上北沢駅前交番,35.6686489,139.6231928
窃盗,オートバイ盗,成城,千歳台交番,131121,東京都,世田谷区,千歳台４丁目,2022/2/20,12,道路上,その他,キーなし,なし,自動二輪（50cc超）,世田谷区千歳台４丁目,35.6566076,139.6138018, 成城警察署 千歳台交番,35.658237,139.6092004
窃盗,オートバイ盗,成城,喜多見駐在所,131121,東京都,世田谷区,喜多見２丁目,2022/2/28,12,４階建て以上共同住宅,駐車（輪）場,キーなし,なし,自動二輪（50cc超）,世田谷区喜多見２丁目,35.6215296,139.5918801, 成城警察署 喜多見駐在所,35.62724,139.599727
窃盗,オートバイ盗,成城,大蔵二丁目交番,131121,東京都,世田谷区,砧２丁目,2022/7/18,1,その他の住宅（３階建て以下共同住宅等）,駐車（輪）場,キーなし,なし,自動二輪（50cc超）,世田谷区砧２丁目,35.6430737,139.6173155, 成城警察署 大蔵二丁目交番,,
窃盗,オートバイ盗,成城,烏山交番,131121,東京都,世田谷区,南烏山６丁目,2022/9/18,2,４階建て以上共同住宅,その他,キーあり,なし,原動機付自転車（50cc以下）,世田谷区南烏山６丁目,35.6692621,139.5977944, 成城警察署 烏山交番,35.6698295,139.60069322686184
窃盗,オートバイ盗,成城,祖師谷大蔵交番,131121,東京都,世田谷区,祖師谷１丁目,2022/8/20,0,一戸建住宅,その他,キーなし,なし,自動二輪（50cc超）,世田谷区祖師谷１丁目,35.6451302,139.6116561, 成城警察署 祖師谷大蔵交番,35.642849,139.608948
窃盗,オートバイ盗,目黒,三田交番,131105,東京都,目黒区,三田１丁目,2022/9/6,8,４階建て以上共同住宅,駐車（輪）場,キーあり,なし,自動二輪（50cc超）,目黒区三田１丁目,35.6404438,139.7138938, 目黒警察署 三田交番,,
窃盗,オートバイ盗,目黒,中目黒駅前交番,131105,東京都,目黒区,中目黒３丁目,2022/9/20,20,駐車（輪）場,駐車（輪）場,キーなし,なし,自動二輪（50cc超）,目黒区中目黒３丁目,35.6397964,139.7007081, 目黒警察署 中目黒駅前交番,35.6437034,139.7002033
窃盗,オートバイ盗,目黒,油面交番,131105,東京都,目黒区,中町２丁目,2022/10/19,0,その他の住宅（３階建て以下共同住宅等）,駐車（輪）場,キーなし,なし,原動機付自転車（50cc以下）,目黒区中町２丁目,35.6333351,139.694244, 目黒警察署 油面交番,35.6307031,139.701278
窃盗,オートバイ盗,碑文谷,学芸大学駅前交番,131105,東京都,目黒区,鷹番２丁目,2022/10/4,17,道路上,その他,キーあり,なし,自動二輪（50cc超）,目黒区鷹番２丁目,35.6289772,139.6878804, 碑文谷警察署 学芸大学駅前交番,35.6288802,139.6852299
窃盗,オートバイ盗,碑文谷,学芸大学駅前交番,131105,東京都,目黒区,鷹番２丁目,2022/11/25,9,道路上,その他,キーなし,なし,自動二輪（50cc超）,目黒区鷹番２丁目,35.6289772,139.6878804, 碑文谷警察署 学芸大学駅前交番,35.6288802,139.6852299
窃盗,オートバイ盗,碑文谷,本町二丁目交番,131105,東京都,目黒区,目黒本町２丁目,2022/2/26,16,その他の住宅（３階建て以下共同住宅等）,駐車（輪）場,キーなし,なし,自動二輪（50cc超）,目黒区目黒本町２丁目,35.6249297,139.6926159, 碑文谷警察署 本町二丁目交番,35.627492,139.693219
窃盗,オートバイ盗,渋谷,代官山交番,131130,東京都,渋谷区,代官山町,2022/9/1,17,道路上,その他,キーあり,なし,自動二輪（50cc超）,渋谷区代官山町,35.6507318,139.7046751, 渋谷警察署 代官山交番,35.647257,139.701771
窃盗,オートバイ盗,渋谷,宇田川交番,131130,東京都,渋谷区,道玄坂２丁目,2022/11/13,12,道路上,その他,キーあり,なし,自動二輪（50cc超）,渋谷区道玄坂２丁目,35.6593786,139.6987796, 渋谷警察署 宇田川交番,,
窃盗,オートバイ盗,渋谷,恵比寿駅前交番,131130,東京都,渋谷区,恵比寿南１丁目,2022/7/15,18,その他,駐車（輪）場,キーなし,なし,原動機付自転車（50cc以下）,渋谷区恵比寿南１丁目,35.644897,139.7104955, 渋谷警察署 恵比寿駅前交番,35.6475396,139.70942886236617
窃盗,オートバイ盗,渋谷,渋谷駅前交番,131130,東京都,渋谷区,道玄坂１丁目,2022/1/19,6,道路上,その他,キーあり,なし,自動二輪（50cc超）,渋谷区道玄坂１丁目,35.6572608,139.6987943, 渋谷警察署 渋谷駅前交番,35.6593164,139.7010358
窃盗,オートバイ盗,原宿,千駄ケ谷五丁目交番,131130,東京都,渋谷区,千駄ヶ谷５丁目,2019/8/1,不明,４階建て以上共同住宅,駐車（輪）場,キーなし,なし,自動二輪（50cc超）,渋谷区千駄ヶ谷５丁目,35.6853003,139.7038168, 原宿警察署 千駄ケ谷五丁目交番,,
窃盗,オートバイ盗,原宿,千駄ケ谷五丁目交番,131130,東京都,渋谷区,千駄ヶ谷５丁目,2022/12/1,10,４階建て以上共同住宅,駐車（輪）場,キーなし,なし,原動機付自転車（50cc以下）,渋谷区千駄ヶ谷５丁目,35.6853003,139.7038168, 原宿警察署 千駄ケ谷五丁目交番,,
窃盗,オートバイ盗,原宿,神宮前交番,131130,東京都,渋谷区,神宮前３丁目,2022/2/26,17,その他の住宅（３階建て以下共同住宅等）,駐車（輪）場,キーなし,なし,自動二輪（50cc超）,渋谷区神宮前３丁目,35.6704333,139.7107597, 原宿警察署 神宮前交番,35.6679213,139.7071328
窃盗,オートバイ盗,代々木,不動前交番,131130,東京都,渋谷区,本町５丁目,2020/1/1,不明,道路上,その他,キーあり,あり,自動二輪（50cc超）,渋谷区本町５丁目,35.6839757,139.6764904, 代々木警察署 不動前交番,35.682957,139.680246
窃盗,オートバイ盗,代々木,代々木上原駅前交番,131130,東京都,渋谷区,上原２丁目,2015/7/1,0,道路上,その他,キーなし,なし,自動二輪（50cc超）,渋谷区上原２丁目,35.6654553,139.6820158, 代々木警察署 代々木上原駅前交番,,
窃盗,オートバイ盗,代々木,代々木公園交番,131130,東京都,渋谷区,富ヶ谷１丁目,2022/10/27,5,４階建て以上共同住宅,駐車（輪）場,キーなし,なし,原動機付自転車（50cc以下）,渋谷区富ヶ谷１丁目,35.6672759,139.6905009, 代々木警察署 代々木公園交番,35.6676893,139.6921258
窃盗,オートバイ盗,代々木,笹塚交番,131130,東京都,渋谷区,笹塚２丁目,2017/8/1,不明,道路上,その他,キーあり,なし,自動二輪（50cc超）,渋谷区笹塚２丁目,35.6751474,139.6673173, 代々木警察署 笹塚交番,35.6746433,139.6673055
窃盗,オートバイ盗,牛込,河田町交番,131041,東京都,新宿区,戸山２丁目,2022/4/29,17,４階建て以上共同住宅,駐車（輪）場,キーなし,なし,原動機付自転車（50cc以下）,新宿区戸山２丁目,35.7027281,139.7124629, 牛込警察署 河田町交番,35.6987267,139.7173304
窃盗,オートバイ盗,牛込,河田町交番,131041,東京都,新宿区,河田町,2022/10/21,21,その他,駐車（輪）場,キーあり,なし,原動機付自転車（50cc以下）,新宿区河田町,35.6967217,139.7196954, 牛込警察署 河田町交番,35.6987267,139.7173304
窃盗,オートバイ盗,新宿,北新宿一丁目交番,131041,東京都,新宿区,北新宿１丁目,2022/4/29,22,４階建て以上共同住宅,駐車（輪）場,キーあり,なし,原動機付自転車（50cc以下）,新宿区北新宿１丁目,35.6994903,139.6943499, 新宿警察署 北新宿一丁目交番,35.6971287,139.6907732
窃盗,オートバイ盗,新宿,大久保交番,131041,東京都,新宿区,大久保３丁目,2022/2/27,13,その他,その他,キーあり,なし,自動二輪（50cc超）,新宿区大久保３丁目,35.7067455,139.7057185, 新宿警察署 大久保交番,,
窃盗,オートバイ盗,新宿,成子坂交番,131041,東京都,新宿区,西新宿７丁目,2022/11/12,8,道路上,その他,キーなし,なし,原動機付自転車（50cc以下）,新宿区西新宿７丁目,35.6955705,139.6977013, 新宿警察署 成子坂交番,35.6945091,139.6919329
窃盗,オートバイ盗,新宿,新宿駅西口交番,131041,東京都,新宿区,西新宿１丁目,2021/12/18,9,道路上,その他,キーなし,なし,自動二輪（50cc超）,新宿区西新宿１丁目,35.6903697,139.697924, 新宿警察署 新宿駅西口交番,35.690523,139.699392
窃盗,オートバイ盗,新宿,歌舞伎町交番,131041,東京都,新宿区,歌舞伎町１丁目,2022/7/22,9,その他,駐車（輪）場,キーあり,なし,原動機付自転車（50cc以下）,新宿区歌舞伎町１丁目,35.6953799,139.7017233, 新宿警察署 歌舞伎町交番,35.696151,139.701632
窃盗,オートバイ盗,新宿,歌舞伎町交番,131041,東京都,新宿区,歌舞伎町２丁目,2022/6/2,17,道路上,その他,キーあり,なし,原動機付自転車（50cc以下）,新宿区歌舞伎町２丁目,35.696554,139.7043747, 新宿警察署 歌舞伎町交番,35.696151,139.701632
窃盗,オートバイ盗,新宿,歌舞伎町交番,131041,東京都,新宿区,歌舞伎町２丁目,2022/8/13,2,道路上,その他,キーあり,なし,自動二輪（50cc超）,新宿区歌舞伎町２丁目,35.696554,139.7043747, 新宿警察署 歌舞伎町交番,35.696151,139.701632
窃盗,オートバイ盗,新宿,淀橋市場前交番,131041,東京都,新宿区,百人町３丁目,2022/7/27,16,４階建て以上共同住宅,駐車（輪）場,キーなし,なし,自動二輪（50cc超）,新宿区百人町３丁目,35.7059723,139.6983558, 新宿警察署 淀橋市場前交番,35.7064252,139.6945035
窃盗,オートバイ盗,新宿,百人町交番,131041,東京都,新宿区,百人町１丁目,2022/9/20,11,４階建て以上共同住宅,駐車（輪）場,キーなし,なし,自動二輪（50cc超）,新宿区百人町１丁目,35.6999128,139.6997412, 新宿警察署 百人町交番,35.7014352,139.6994381
窃盗,オートバイ盗,新宿,百人町交番,131041,東京都,新宿区,百人町２丁目,2022/11/29,2,道路上,その他,キーなし,なし,原動機付自転車（50cc以下）,新宿区百人町２丁目,35.703008,139.6992999, 新宿警察署 百人町交番,35.7014352,139.6994381
窃盗,オートバイ盗,新宿,西新宿三丁目交番,131041,東京都,新宿区,西新宿３丁目,2022/7/13,8,駐車（輪）場,駐車（輪）場,キーなし,なし,自動二輪（50cc超）,新宿区西新宿３丁目,35.6844245,139.6897003, 新宿警察署 西新宿三丁目交番,35.6848984,139.691498
窃盗,オートバイ盗,戸塚,下落合三丁目駐在所,131041,東京都,新宿区,下落合２丁目,2022/8/17,16,道路上,その他,キーあり,なし,原動機付自転車（50cc以下）,新宿区下落合２丁目,35.7181214,139.7030711, 戸塚警察署 下落合三丁目駐在所,35.720342,139.704298
窃盗,オートバイ盗,戸塚,西落合交番,131041,東京都,新宿区,西落合２丁目,2021/10/19,20,その他の住宅（３階建て以下共同住宅等）,その他,キーなし,なし,自動二輪（50cc超）,新宿区西落合２丁目,35.720838,139.6769303, 戸塚警察署 西落合交番,35.7230635,139.6795051
窃盗,オートバイ盗,戸塚,高田馬場駅前交番,131041,東京都,新宿区,高田馬場３丁目,2022/4/5,15,その他,その他,キーなし,なし,自動二輪（50cc超）,新宿区高田馬場３丁目,35.713485,139.6976075, 戸塚警察署 高田馬場駅前交番,35.7129424,139.7042877
窃盗,オートバイ盗,四谷,四谷三丁目交番,131041,東京都,新宿区,四谷４丁目,2021/12/28,20,その他,その他,キーなし,なし,原動機付自転車（50cc以下）,新宿区四谷４丁目,35.68813855,139.71482240101713, 四谷警察署 四谷三丁目交番,,
窃盗,オートバイ盗,四谷,四谷三丁目交番,131041,東京都,新宿区,四谷４丁目,2022/8/7,17,道路上,その他,キーなし,なし,原動機付自転車（50cc以下）,新宿区四谷４丁目,35.68813855,139.71482240101713, 四谷警察署 四谷三丁目交番,,
窃盗,オートバイ盗,四谷,四谷見附交番,131041,東京都,新宿区,四谷本塩町,2022/5/1,8,その他,その他,キーなし,なし,原動機付自転車（50cc以下）,新宿区四谷本塩町,35.689043,139.7301896, 四谷警察署 四谷見附交番,,
窃盗,オートバイ盗,四谷,御苑大通交番,131041,東京都,新宿区,新宿２丁目,2022/3/22,16,その他,駐車（輪）場,キーあり,なし,原動機付自転車（50cc以下）,新宿区新宿２丁目,35.69008885,139.70831180173946, 四谷警察署 御苑大通交番,35.6918454,139.7072899
窃盗,オートバイ盗,四谷,御苑大通交番,131041,東京都,新宿区,新宿２丁目,2022/9/21,21,道路上,その他,キーあり,なし,原動機付自転車（50cc以下）,新宿区新宿２丁目,35.69008885,139.70831180173946, 四谷警察署 御苑大通交番,35.6918454,139.7072899
窃盗,オートバイ盗,中野,中央五丁目交番,131148,東京都,中野区,本町６丁目,2022/1/24,4,道路上,その他,キーなし,なし,自動二輪（50cc超）,中野区本町６丁目,35.6956282,139.6647303, 中野警察署 中央五丁目交番,35.6975678,139.6645609
窃盗,オートバイ盗,中野,鍋屋横丁交番,131148,東京都,中野区,中央２丁目,2022/4/7,13,一戸建住宅,その他,キーなし,なし,自動二輪（50cc超）,中野区中央２丁目,35.6994511,139.6799424, 中野警察署 鍋屋横丁交番,35.6976865,139.672008
窃盗,オートバイ盗,野方,江原町交番,131148,東京都,中野区,江原町３丁目,2022/2/25,17,道路上,その他,キーなし,なし,自動二輪（50cc超）,中野区江原町３丁目,35.7316252,139.674979, 野方警察署 江原町交番,35.7311045,139.6745912
窃盗,オートバイ盗,野方,江古田四丁目交番,131148,東京都,中野区,江原町２丁目,2021/7/1,9,一戸建住宅,駐車（輪）場,キーなし,なし,自動二輪（50cc超）,中野区江原町２丁目,35.7300553,139.6701027, 野方警察署 江古田四丁目交番,35.7239934,139.6656662
窃盗,オートバイ盗,野方,沼袋交番,131148,東京都,中野区,沼袋３丁目,2022/9/12,21,４階建て以上共同住宅,その他,キーなし,なし,自動二輪（50cc超）,中野区沼袋３丁目,35.7182445,139.6608934, 野方警察署 沼袋交番,,
窃盗,オートバイ盗,野方,薬師駅前交番,131148,東京都,中野区,新井２丁目,2022/5/11,23,その他の住宅（３階建て以下共同住宅等）,その他,キーあり,なし,原動機付自転車（50cc以下）,中野区新井２丁目,35.7120259,139.6632497, 野方警察署 薬師駅前交番,35.7161385,139.6714017
窃盗,オートバイ盗,野方,薬師駅前交番,131148,東京都,中野区,上高田４丁目,2022/3/13,16,４階建て以上共同住宅,駐車（輪）場,キーなし,なし,原動機付自転車（50cc以下）,中野区上高田４丁目,35.7134905,139.6787891, 野方警察署 薬師駅前交番,35.7161385,139.6714017
窃盗,オートバイ盗,野方,野方一丁目交番,131148,東京都,中野区,大和町１丁目,2022/7/2,21,道路上,その他,キーあり,なし,原動機付自転車（50cc以下）,中野区大和町１丁目,35.7115718,139.652364, 野方警察署 野方一丁目交番,35.7113334,139.65422
窃盗,オートバイ盗,野方,野方一丁目交番,131148,東京都,中野区,大和町１丁目,2022/10/8,16,その他の住宅（３階建て以下共同住宅等）,駐車（輪）場,キーあり,なし,自動二輪（50cc超）,中野区大和町１丁目,35.7115718,139.652364, 野方警察署 野方一丁目交番,35.7113334,139.65422
窃盗,オートバイ盗,野方,鷺宮六丁目交番,131148,東京都,中野区,上鷺宮５丁目,2016/7/1,不明,道路上,その他,キーなし,なし,自動二輪（50cc超）,中野区上鷺宮５丁目,35.7301675,139.6280618, 野方警察署 鷺宮六丁目交番,35.7272115,139.6274434
窃盗,オートバイ盗,野方,鷺宮駅前交番,131148,東京都,中野区,白鷺２丁目,2022/8/1,13,道路上,その他,キーなし,なし,原動機付自転車（50cc以下）,中野区白鷺２丁目,35.719538,139.6342738, 野方警察署 鷺宮駅前交番,35.7227709,139.6379832
窃盗,オートバイ盗,杉並,和田本町交番,131156,東京都,杉並区,和田２丁目,2022/7/23,9,その他の住宅（３階建て以下共同住宅等）,駐車（輪）場,キーなし,なし,自動二輪（50cc超）,杉並区和田２丁目,35.689886,139.6578799, 杉並警察署 和田本町交番,35.6902841,139.6647749
窃盗,オートバイ盗,杉並,成宗交番,131156,東京都,杉並区,成田東５丁目,2020/4/1,不明,４階建て以上共同住宅,駐車（輪）場,キーなし,なし,原動機付自転車（50cc以下）,杉並区成田東５丁目,35.6992332,139.6321911, 杉並警察署 成宗交番,35.7025967,139.6289299
窃盗,オートバイ盗,杉並,成田交番,131156,東京都,杉並区,成田東１丁目,2022/7/16,23,一戸建住宅,その他,キーあり,なし,自動二輪（50cc超）,杉並区成田東１丁目,35.6903119,139.638745, 杉並警察署 成田交番,35.6925406,139.6383694
窃盗,オートバイ盗,杉並,成田交番,131156,東京都,杉並区,松ノ木１丁目,2022/7/17,21,その他の住宅（３階建て以下共同住宅等）,その他,キーなし,なし,原動機付自転車（50cc以下）,杉並区松ノ木１丁目,35.6874309,139.6432096, 杉並警察署 成田交番,35.6925406,139.6383694
窃盗,オートバイ盗,杉並,新高円寺駅前交番,131156,東京都,杉並区,梅里２丁目,2022/12/2,16,その他の住宅（３階建て以下共同住宅等）,駐車（輪）場,キーなし,なし,自動二輪（50cc超）,杉並区梅里２丁目,35.6964418,139.6439992, 杉並警察署 新高円寺駅前交番,35.698002,139.6490257
窃盗,オートバイ盗,杉並,新高円寺駅前交番,131156,東京都,杉並区,高円寺南３丁目,2022/9/16,18,道路上,その他,キーなし,なし,原動機付自転車（50cc以下）,杉並区高円寺南３丁目,35.7014789,139.6462284, 杉並警察署 新高円寺駅前交番,35.698002,139.6490257
窃盗,オートバイ盗,杉並,阿佐谷北交番,131156,東京都,杉並区,阿佐谷北４丁目,2022/9/11,10,その他の住宅（３階建て以下共同住宅等）,その他,キーなし,なし,自動二輪（50cc超）,杉並区阿佐谷北４丁目,35.7118484,139.6371639, 杉並警察署 阿佐谷北交番,35.7129505,139.6381265
窃盗,オートバイ盗,杉並,高円寺駅前交番,131156,東京都,杉並区,高円寺北２丁目,2022/4/7,12,その他,駐車（輪）場,キーなし,なし,原動機付自転車（50cc以下）,杉並区高円寺北２丁目,35.7074947,139.652781, 杉並警察署 高円寺駅前交番,35.7055907,139.6503542
窃盗,オートバイ盗,杉並,高円寺駅前交番,131156,東京都,杉並区,高円寺南３丁目,2022/12/21,19,その他の住宅（３階建て以下共同住宅等）,駐車（輪）場,キーなし,なし,原動機付自転車（50cc以下）,杉並区高円寺南３丁目,35.7014789,139.6462284, 杉並警察署 高円寺駅前交番,35.7055907,139.6503542
窃盗,オートバイ盗,高井戸,下高井戸交番,131156,東京都,杉並区,下高井戸２丁目,2019/4/1,不明,４階建て以上共同住宅,駐車（輪）場,キーなし,なし,自動二輪（50cc超）,杉並区下高井戸２丁目,35.6699529,139.6391433, 高井戸警察署 下高井戸交番,35.6671838,139.6389621
窃盗,オートバイ盗,高井戸,方南交番,131156,東京都,杉並区,方南２丁目,2022/8/18,11,その他の住宅（３階建て以下共同住宅等）,駐車（輪）場,キーあり,なし,原動機付自転車（50cc以下）,杉並区方南２丁目,35.6833896,139.6587101, 高井戸警察署 方南交番,35.681179,139.657276
窃盗,オートバイ盗,高井戸,泉南交番,131156,東京都,杉並区,方南１丁目,2022/5/12,11,一戸建住宅,駐車（輪）場,キーあり,なし,自動二輪（50cc超）,杉並区方南１丁目,35.6763698,139.6618053, 高井戸警察署 泉南交番,35.6755147,139.6581937
窃盗,オートバイ盗,高井戸,泉南交番,131156,東京都,杉並区,方南１丁目,2022/7/30,13,道路上,その他,キーあり,なし,自動二輪（50cc超）,杉並区方南１丁目,35.6763698,139.6618053, 高井戸警察署 泉南交番,35.6755147,139.6581937
窃盗,オートバイ盗,荻窪,西荻窪交番,131156,東京都,杉並区,西荻南４丁目,2022/6/30,16,道路上,その他,キーあり,なし,原動機付自転車（50cc以下）,杉並区西荻南４丁目,35.7011293,139.6058317, 荻窪警察署 西荻窪交番,35.7040654,139.5997564
窃盗,オートバイ盗,大塚,江戸川橋交番,131059,東京都,文京区,水道２丁目,2022/5/10,16,道路上,その他,キーあり,なし,自動二輪（50cc超）,文京区水道２丁目,35.7097979,139.7374128, 大塚警察署 江戸川橋交番,,
窃盗,オートバイ盗,本富士,天神町交番,131059,東京都,文京区,湯島４丁目,2022/5/20,10,その他,駐車（輪）場,キーあり,なし,原動機付自転車（50cc以下）,文京区湯島４丁目,35.7089474,139.7659555, 本富士警察署 天神町交番,35.70722015,139.76980070000002
窃盗,オートバイ盗,本富士,天神町交番,131059,東京都,文京区,湯島４丁目,2022/6/25,21,その他,その他,キーあり,なし,原動機付自転車（50cc以下）,文京区湯島４丁目,35.7089474,139.7659555, 本富士警察署 天神町交番,35.70722015,139.76980070000002
窃盗,オートバイ盗,本富士,弥生町交番,131059,東京都,文京区,西片１丁目,2022/4/10,0,４階建て以上共同住宅,駐車（輪）場,キーあり,なし,原動機付自転車（50cc以下）,文京区西片１丁目,35.7131191,139.754941, 本富士警察署 弥生町交番,35.715539,139.758988
窃盗,オートバイ盗,本富士,弥生町交番,131059,東京都,文京区,向丘２丁目,2022/3/12,16,道路上,その他,キーあり,なし,自動二輪（50cc超）,文京区向丘２丁目,35.7215948,139.7572759, 本富士警察署 弥生町交番,35.715539,139.758988
窃盗,オートバイ盗,駒込,上富士前交番,131059,東京都,文京区,本駒込５丁目,2022/10/10,13,４階建て以上共同住宅,その他,キーあり,なし,原動機付自転車（50cc以下）,文京区本駒込５丁目,35.7327519,139.7523621, 駒込警察署 上富士前交番,35.732313,139.7496294
窃盗,オートバイ盗,駒込,団子坂交番,131059,東京都,文京区,千駄木２丁目,2022/8/19,13,道路上,その他,キーあり,なし,自動二輪（50cc超）,文京区千駄木２丁目,35.7229274,139.7624499, 駒込警察署 団子坂交番,35.7271271,139.7635955
窃盗,オートバイ盗,巣鴨,サンシャイン前交番,131164,東京都,豊島区,東池袋３丁目,2022/8/14,12,４階建て以上共同住宅,その他,キーあり,なし,自動二輪（50cc超）,豊島区東池袋３丁目,35.7305365,139.7195587, 巣鴨警察署 サンシャイン前交番,35.7301679,139.7190727
窃盗,オートバイ盗,巣鴨,巣鴨駅前交番,131164,東京都,豊島区,巣鴨１丁目,2022/1/13,19,その他,その他,キーなし,なし,自動二輪（50cc超）,豊島区巣鴨１丁目,35.7328543,139.7410485, 巣鴨警察署 巣鴨駅前交番,35.7336573,139.7388378
窃盗,オートバイ盗,巣鴨,庚申塚交番,131164,東京都,豊島区,西巣鴨４丁目,2022/5/14,19,駐車（輪）場,駐車（輪）場,キーあり,なし,自動二輪（50cc超）,豊島区西巣鴨４丁目,35.7431706,139.7306469, 巣鴨警察署 庚申塚交番,,
窃盗,オートバイ盗,池袋,池袋二又交番,131164,東京都,豊島区,池袋２丁目,2022/9/14,12,その他,駐車（輪）場,キーなし,なし,自動二輪（50cc超）,豊島区池袋２丁目,35.7340006,139.7088419, 池袋警察署 池袋二又交番,35.7316561,139.7068437
窃盗,オートバイ盗,池袋,池袋本町交番,131164,東京都,豊島区,池袋本町１丁目,2022/5/5,20,４階建て以上共同住宅,駐車（輪）場,キーあり,なし,自動二輪（50cc超）,豊島区池袋本町１丁目,35.7393151,139.7143974, 池袋警察署 池袋本町交番,35.7427548,139.7113705
窃盗,オートバイ盗,池袋,池袋駅東口交番,131164,東京都,豊島区,池袋１丁目,2022/4/21,17,その他の住宅（３階建て以下共同住宅等）,その他,キーなし,あり,自動二輪（50cc超）,豊島区池袋１丁目,35.7353418,139.712947, 池袋警察署 池袋駅東口交番,,
窃盗,オートバイ盗,池袋,池袋駅西口交番,131164,東京都,豊島区,西池袋３丁目,2022/6/30,21,４階建て以上共同住宅,駐車（輪）場,キーなし,なし,原動機付自転車（50cc以下）,豊島区西池袋３丁目,35.7291561,139.7044431, 池袋警察署 池袋駅西口交番,,
窃盗,オートバイ盗,目白,千川交番,131164,東京都,豊島区,要町２丁目,2022/5/24,20,その他の住宅（３階建て以下共同住宅等）,駐車（輪）場,キーなし,なし,原動機付自転車（50cc以下）,豊島区要町２丁目,35.7350674,139.6939208, 目白警察署 千川交番,35.736918,139.6909845
窃盗,オートバイ盗,目白,千川交番,131164,東京都,豊島区,千川２丁目,2022/2/2,11,道路上,その他,キーあり,なし,原動機付自転車（50cc以下）,豊島区千川２丁目,35.7414987,139.6924576, 目白警察署 千川交番,35.736918,139.6909845
窃盗,オートバイ盗,目白,東長崎駅前交番,131164,東京都,豊島区,南長崎５丁目,2022/12/15,18,道路上,その他,キーあり,なし,原動機付自転車（50cc以下）,豊島区南長崎５丁目,35.727915,139.6825777, 目白警察署 東長崎駅前交番,35.7299532,139.6829118
窃盗,オートバイ盗,滝野川,板橋駅東口交番,131172,東京都,北区,滝野川３丁目,2022/8/15,7,４階建て以上共同住宅,駐車（輪）場,キーなし,なし,自動二輪（50cc超）,北区滝野川３丁目,35.748593,139.728979, 滝野川警察署 板橋駅東口交番,35.7456114,139.720103
窃盗,オートバイ盗,滝野川,板橋駅東口交番,131172,東京都,北区,滝野川７丁目,2022/10/10,10,４階建て以上共同住宅,駐車（輪）場,キーなし,なし,自動二輪（50cc超）,北区滝野川７丁目,35.743117,139.7219064, 滝野川警察署 板橋駅東口交番,35.7456114,139.720103
窃盗,オートバイ盗,滝野川,田端高台交番,131172,東京都,北区,田端１丁目,2022/10/27,11,４階建て以上共同住宅,駐車（輪）場,キーなし,なし,自動二輪（50cc超）,北区田端１丁目,35.734927,139.761553, 滝野川警察署 田端高台交番,35.7383538,139.7584896
窃盗,オートバイ盗,王子,十条仲原交番,131172,東京都,北区,東十条５丁目,2022/8/10,15,一戸建住宅,駐車（輪）場,キーあり,なし,原動機付自転車（50cc以下）,北区東十条５丁目,35.7685924,139.7260932, 王子警察署 十条仲原交番,35.765446,139.719275
窃盗,オートバイ盗,王子,王子五丁目交番,131172,東京都,北区,豊島５丁目,2022/10/9,18,４階建て以上共同住宅,駐車（輪）場,キーあり,なし,自動二輪（50cc超）,北区豊島５丁目,35.7663583,139.754694, 王子警察署 王子五丁目交番,35.766171,139.735238
窃盗,オートバイ盗,王子,王子五丁目交番,131172,東京都,北区,豊島５丁目,2022/10/18,21,４階建て以上共同住宅,駐車（輪）場,キーあり,なし,原動機付自転車（50cc以下）,北区豊島５丁目,35.7663583,139.754694, 王子警察署 王子五丁目交番,35.766171,139.735238
窃盗,オートバイ盗,王子,王子五丁目交番,131172,東京都,北区,豊島５丁目,2022/10/23,18,４階建て以上共同住宅,駐車（輪）場,キーなし,なし,自動二輪（50cc超）,北区豊島５丁目,35.7663583,139.754694, 王子警察署 王子五丁目交番,35.766171,139.735238
窃盗,オートバイ盗,王子,王子五丁目交番,131172,東京都,北区,豊島５丁目,2022/11/4,22,４階建て以上共同住宅,駐車（輪）場,キーあり,なし,自動二輪（50cc超）,北区豊島５丁目,35.7663583,139.754694, 王子警察署 王子五丁目交番,35.766171,139.735238
窃盗,オートバイ盗,王子,王子五丁目交番,131172,東京都,北区,豊島５丁目,2022/11/11,18,４階建て以上共同住宅,駐車（輪）場,キーなし,なし,自動二輪（50cc超）,北区豊島５丁目,35.7663583,139.754694, 王子警察署 王子五丁目交番,35.766171,139.735238
窃盗,オートバイ盗,王子,豊島五丁目駐在所,131172,東京都,北区,豊島５丁目,2022/11/6,12,４階建て以上共同住宅,駐車（輪）場,キーあり,なし,自動二輪（50cc超）,北区豊島５丁目,35.7663583,139.754694, 王子警察署 豊島五丁目駐在所,35.764379,139.749669
窃盗,オートバイ盗,赤羽,宮堀交番,131172,東京都,北区,神谷１丁目,2022/6/23,21,４階建て以上共同住宅,駐車（輪）場,キーなし,なし,原動機付自転車（50cc以下）,北区神谷１丁目,35.7685793,139.7341073, 赤羽警察署 宮堀交番,35.7698269,139.7344397
窃盗,オートバイ盗,赤羽,宮堀交番,131172,東京都,北区,神谷３丁目,2022/4/17,19,道路上,その他,キーあり,なし,自動二輪（50cc超）,北区神谷３丁目,35.7720736,139.7328563, 赤羽警察署 宮堀交番,35.7698269,139.7344397
窃盗,オートバイ盗,赤羽,宮堀交番,131172,東京都,北区,神谷３丁目,2022/8/11,13,４階建て以上共同住宅,駐車（輪）場,キーなし,なし,原動機付自転車（50cc以下）,北区神谷３丁目,35.7720736,139.7328563, 赤羽警察署 宮堀交番,35.7698269,139.7344397
窃盗,オートバイ盗,赤羽,岩淵交番,131172,東京都,北区,赤羽１丁目,2022/10/27,21,４階建て以上共同住宅,その他,キーなし,なし,原動機付自転車（50cc以下）,北区赤羽１丁目,35.7806673,139.7206438, 赤羽警察署 岩淵交番,35.7867454,139.7223784
窃盗,オートバイ盗,赤羽,志茂四丁目交番,131172,東京都,北区,志茂２丁目,2022/2/27,22,道路上,その他,キーあり,なし,自動二輪（50cc超）,北区志茂２丁目,35.779468,139.728773, 赤羽警察署 志茂四丁目交番,35.7804928,139.7304924
窃盗,オートバイ盗,赤羽,志茂四丁目交番,131172,東京都,北区,志茂２丁目,2022/3/14,15,駐車（輪）場,駐車（輪）場,キーあり,なし,自動二輪（50cc超）,北区志茂２丁目,35.779468,139.728773, 赤羽警察署 志茂四丁目交番,35.7804928,139.7304924
窃盗,オートバイ盗,赤羽,志茂四丁目交番,131172,東京都,北区,志茂４丁目,2022/3/5,18,その他の住宅（３階建て以下共同住宅等）,その他,キーなし,なし,原動機付自転車（50cc以下）,北区志茂４丁目,35.78286,139.734812, 赤羽警察署 志茂四丁目交番,35.7804928,139.7304924
窃盗,オートバイ盗,赤羽,志茂四丁目交番,131172,東京都,北区,志茂４丁目,2022/5/13,14,道路上,その他,キーなし,なし,自動二輪（50cc超）,北区志茂４丁目,35.78286,139.734812, 赤羽警察署 志茂四丁目交番,35.7804928,139.7304924
窃盗,オートバイ盗,赤羽,浮間交番,131172,東京都,北区,浮間１丁目,2022/7/8,12,その他の住宅（３階建て以下共同住宅等）,駐車（輪）場,キーあり,なし,自動二輪（50cc超）,北区浮間１丁目,35.7910055,139.7061186, 赤羽警察署 浮間交番,35.7898038,139.6972592
窃盗,オートバイ盗,赤羽,浮間交番,131172,東京都,北区,浮間２丁目,2022/1/6,6,その他の住宅（３階建て以下共同住宅等）,駐車（輪）場,キーあり,なし,自動二輪（50cc超）,北区浮間２丁目,35.7946482,139.6974139, 赤羽警察署 浮間交番,35.7898038,139.6972592
窃盗,オートバイ盗,赤羽,浮間交番,131172,東京都,北区,浮間２丁目,2022/8/23,22,４階建て以上共同住宅,駐車（輪）場,キーなし,なし,自動二輪（50cc超）,北区浮間２丁目,35.7946482,139.6974139, 赤羽警察署 浮間交番,35.7898038,139.6972592
窃盗,オートバイ盗,赤羽,浮間交番,131172,東京都,北区,浮間３丁目,2022/1/25,16,その他,その他,キーなし,なし,原動機付自転車（50cc以下）,北区浮間３丁目,35.7862749,139.7020311, 赤羽警察署 浮間交番,35.7898038,139.6972592
窃盗,オートバイ盗,赤羽,赤羽駅前交番,131172,東京都,北区,赤羽１丁目,2022/4/9,6,道路上,その他,キーなし,なし,自動二輪（50cc超）,北区赤羽１丁目,35.7806673,139.7206438, 赤羽警察署 赤羽駅前交番,35.778420499999996,139.72107649136842
窃盗,オートバイ盗,赤羽,赤羽駅前交番,131172,東京都,北区,赤羽北３丁目,2022/12/12,21,４階建て以上共同住宅,駐車（輪）場,キーあり,なし,原動機付自転車（50cc以下）,北区赤羽北３丁目,35.7811962,139.705137, 赤羽警察署 赤羽駅前交番,35.778420499999996,139.72107649136842
窃盗,オートバイ盗,赤羽,赤羽駅前交番,131172,東京都,北区,赤羽南１丁目,2022/9/10,15,その他,駐車（輪）場,キーなし,なし,原動機付自転車（50cc以下）,北区赤羽南１丁目,35.7765099,139.7237923, 赤羽警察署 赤羽駅前交番,35.778420499999996,139.72107649136842
窃盗,オートバイ盗,赤羽,赤羽駅前交番,131172,東京都,北区,赤羽南２丁目,2022/12/2,15,その他,駐車（輪）場,キーあり,なし,自動二輪（50cc超）,北区赤羽南２丁目,35.7735788,139.7238979, 赤羽警察署 赤羽駅前交番,35.778420499999996,139.72107649136842
窃盗,オートバイ盗,板橋,上板橋駅前交番,131199,東京都,板橋区,上板橋２丁目,2022/10/24,23,４階建て以上共同住宅,駐車（輪）場,キーなし,なし,原動機付自転車（50cc以下）,板橋区上板橋２丁目,35.7639866,139.672853, 板橋警察署 上板橋駅前交番,35.763517,139.6770326
窃盗,オートバイ盗,板橋,上板橋駅前交番,131199,東京都,板橋区,東新町１丁目,2022/10/3,0,道路上,その他,キーあり,なし,原動機付自転車（50cc以下）,板橋区東新町１丁目,35.758986,139.681318, 板橋警察署 上板橋駅前交番,35.763517,139.6770326
窃盗,オートバイ盗,板橋,上板橋駅前交番,131199,東京都,板橋区,常盤台４丁目,2022/1/4,17,その他,駐車（輪）場,キーあり,なし,原動機付自転車（50cc以下）,板橋区常盤台４丁目,35.763645,139.679446, 板橋警察署 上板橋駅前交番,35.763517,139.6770326
窃盗,オートバイ盗,板橋,中板橋交番,131199,東京都,板橋区,双葉町,2022/10/5,14,その他の住宅（３階建て以下共同住宅等）,駐車（輪）場,キーなし,なし,自動二輪（50cc超）,板橋区双葉町,35.757975,139.698913, 板橋警察署 中板橋交番,35.755783,139.695797
窃盗,オートバイ盗,板橋,中板橋交番,131199,東京都,板橋区,弥生町,2022/9/30,7,その他,駐車（輪）場,キーあり,なし,自動二輪（50cc超）,板橋区弥生町,35.7535975,139.6928227, 板橋警察署 中板橋交番,35.755783,139.695797
窃盗,オートバイ盗,板橋,大谷口交番,131199,東京都,板橋区,大山東町,2022/9/2,20,道路上,その他,キーあり,なし,自動二輪（50cc超）,板橋区大山東町,35.749059,139.705155, 板橋警察署 大谷口交番,35.7461162,139.6911159
窃盗,オートバイ盗,板橋,平尾交番,131199,東京都,板橋区,板橋４丁目,2022/5/23,0,４階建て以上共同住宅,駐車（輪）場,キーなし,なし,自動二輪（50cc超）,板橋区板橋４丁目,35.7508082,139.718925, 板橋警察署 平尾交番,35.74906,139.7155152
窃盗,オートバイ盗,板橋,桜川三丁目駐在所,131199,東京都,板橋区,桜川３丁目,2022/8/15,16,道路上,その他,キーあり,なし,自動二輪（50cc超）,板橋区桜川３丁目,35.760125,139.67417, 板橋警察署 桜川三丁目駐在所,35.757504,139.676243
窃盗,オートバイ盗,板橋,茂呂交番,131199,東京都,板橋区,小茂根１丁目,2022/8/5,22,道路上,その他,キーなし,なし,自動二輪（50cc超）,板橋区小茂根１丁目,35.746066,139.6798779, 板橋警察署 茂呂交番,35.7477053,139.6775504
窃盗,オートバイ盗,板橋,養育院前交番,131199,東京都,板橋区,大山金井町,2022/3/12,12,道路上,その他,キーなし,なし,自動二輪（50cc超）,板橋区大山金井町,35.746218150000004,139.70517910021468, 板橋警察署 養育院前交番,35.7498544,139.7017064
窃盗,オートバイ盗,板橋,養育院前交番,131199,東京都,板橋区,氷川町,2022/10/14,18,道路上,その他,キーあり,なし,自動二輪（50cc超）,板橋区氷川町,35.7539866,139.7064835, 板橋警察署 養育院前交番,35.7498544,139.7017064
窃盗,オートバイ盗,志村,中台交番,131199,東京都,板橋区,中台１丁目,2022/7/7,23,その他,その他,キーあり,なし,自動二輪（50cc超）,板橋区中台１丁目,35.7670423,139.6789899, 志村警察署 中台交番,35.7687595,139.6764025
窃盗,オートバイ盗,志村,前野町交番,131199,東京都,板橋区,前野町１丁目,2022/8/30,19,４階建て以上共同住宅,駐車（輪）場,キーなし,なし,自動二輪（50cc超）,板橋区前野町１丁目,35.7651255,139.695542, 志村警察署 前野町交番,35.7662213,139.6951023
窃盗,オートバイ盗,志村,前野町交番,131199,東京都,板橋区,前野町３丁目,2022/9/2,20,一戸建住宅,その他,キーなし,あり,自動二輪（50cc超）,板橋区前野町３丁目,35.7689593,139.6924309, 志村警察署 前野町交番,35.7662213,139.6951023
窃盗,オートバイ盗,志村,坂上交番,131199,東京都,板橋区,志村１丁目,2020/3/14,13,その他の住宅（３階建て以下共同住宅等）,その他,キーあり,なし,自動二輪（50cc超）,板橋区志村１丁目,35.7733431,139.6963995, 志村警察署 坂上交番,35.7765479,139.694403
窃盗,オートバイ盗,志村,坂下交番,131199,東京都,板橋区,舟渡３丁目,2022/9/26,8,道路上,その他,キーあり,なし,自動二輪（50cc超）,板橋区舟渡３丁目,35.7957332,139.6827958, 志村警察署 坂下交番,35.7878838,139.6847005
窃盗,オートバイ盗,志村,小豆沢交番,131199,東京都,板橋区,小豆沢３丁目,2022/8/11,8,道路上,その他,キーなし,なし,自動二輪（50cc超）,板橋区小豆沢３丁目,35.778658,139.695487, 志村警察署 小豆沢交番,35.774503,139.701685
窃盗,オートバイ盗,志村,蓮根交番,131199,東京都,板橋区,蓮根１丁目,2022/4/20,12,一戸建住宅,その他,キーなし,なし,自動二輪（50cc超）,板橋区蓮根１丁目,35.778812,139.6770062, 志村警察署 蓮根交番,35.7803525,139.6763857
窃盗,オートバイ盗,志村,蓮根交番,131199,東京都,板橋区,蓮根３丁目,2022/4/5,20,一戸建住宅,駐車（輪）場,キーなし,あり,自動二輪（50cc超）,板橋区蓮根３丁目,35.7885949,139.676396, 志村警察署 蓮根交番,35.7803525,139.6763857
窃盗,オートバイ盗,志村,西台交番,131199,東京都,板橋区,西台１丁目,2022/9/25,不明,その他,駐車（輪）場,キーなし,なし,原動機付自転車（50cc以下）,板橋区西台１丁目,35.7750136,139.6732028, 志村警察署 西台交番,35.773857,139.6704014
窃盗,オートバイ盗,志村,西台交番,131199,東京都,板橋区,西台２丁目,2022/2/15,15,道路上,その他,キーなし,なし,自動二輪（50cc超）,板橋区西台２丁目,35.7787642,139.6692417, 志村警察署 西台交番,35.773857,139.6704014
窃盗,オートバイ盗,志村,西台交番,131199,東京都,板橋区,西台２丁目,2022/4/1,9,４階建て以上共同住宅,駐車（輪）場,キーあり,なし,自動二輪（50cc超）,板橋区西台２丁目,35.7787642,139.6692417, 志村警察署 西台交番,35.773857,139.6704014
窃盗,オートバイ盗,志村,西台交番,131199,東京都,板橋区,西台４丁目,2022/12/21,8,４階建て以上共同住宅,その他,キーなし,なし,自動二輪（50cc超）,板橋区西台４丁目,35.7699551,139.6679871, 志村警察署 西台交番,35.773857,139.6704014
窃盗,オートバイ盗,練馬,桜台交番,131202,東京都,練馬区,桜台１丁目,2022/6/30,23,その他の住宅（３階建て以下共同住宅等）,駐車（輪）場,キーなし,なし,原動機付自転車（50cc以下）,練馬区桜台１丁目,35.7399544,139.6644633, 練馬警察署 桜台交番,35.7387549,139.6613344
窃盗,オートバイ盗,練馬,羽沢交番,131202,東京都,練馬区,氷川台３丁目,2020/1/23,16,道路上,その他,キーなし,あり,原動機付自転車（50cc以下）,練馬区氷川台３丁目,35.7514847,139.6693884, 練馬警察署 羽沢交番,35.741872,139.6694681
窃盗,オートバイ盗,練馬,豊玉交番,131202,東京都,練馬区,豊玉上２丁目,2022/10/10,3,４階建て以上共同住宅,駐車（輪）場,キーあり,なし,原動機付自転車（50cc以下）,練馬区豊玉上２丁目,35.737191,139.661438, 練馬警察署 豊玉交番,35.73506,139.6624622
窃盗,オートバイ盗,石神井,大泉学園交番,131202,東京都,練馬区,大泉学園町８丁目,2022/8/13,21,一戸建住宅,その他,キーなし,なし,自動二輪（50cc超）,練馬区大泉学園町８丁目,35.7722164,139.5935055, 石神井警察署 大泉学園交番,35.7679361,139.587336
窃盗,オートバイ盗,石神井,富士街道交番,131202,東京都,練馬区,石神井台６丁目,2022/2/19,21,４階建て以上共同住宅,駐車（輪）場,キーあり,なし,原動機付自転車（50cc以下）,練馬区石神井台６丁目,35.7397344,139.5849421, 石神井警察署 富士街道交番,35.7377999,139.5827691
窃盗,オートバイ盗,石神井,武蔵関駅前交番,131202,東京都,練馬区,関町北１丁目,2022/8/19,13,４階建て以上共同住宅,駐車（輪）場,キーなし,なし,自動二輪（50cc超）,練馬区関町北１丁目,35.7253397,139.578945, 石神井警察署 武蔵関駅前交番,35.7272969,139.5767125
窃盗,オートバイ盗,石神井,石神井公園駅前交番,131202,東京都,練馬区,石神井町８丁目,2022/11/5,15,道路上,その他,キーあり,なし,原動機付自転車（50cc以下）,練馬区石神井町８丁目,35.747406,139.599248, 石神井警察署 石神井公園駅前交番,,
窃盗,オートバイ盗,高島平,下赤塚交番,131199,東京都,板橋区,赤塚２丁目,2022/5/24,18,その他,その他,キーあり,なし,自動二輪（50cc超）,板橋区赤塚２丁目,35.7738897,139.6408934, 高島平警察署 下赤塚交番,35.7706482,139.6456964
窃盗,オートバイ盗,高島平,下赤塚交番,131199,東京都,板橋区,赤塚新町３丁目,2022/3/31,14,その他,その他,キーあり,なし,原動機付自転車（50cc以下）,板橋区赤塚新町３丁目,35.7709715,139.6371411, 高島平警察署 下赤塚交番,35.7706482,139.6456964
窃盗,オートバイ盗,高島平,北野交番,131199,東京都,板橋区,徳丸１丁目,2022/6/26,20,４階建て以上共同住宅,駐車（輪）場,キーなし,なし,自動二輪（50cc超）,板橋区徳丸１丁目,35.7717851,139.6659209, 高島平警察署 北野交番,35.7690973,139.6617344
窃盗,オートバイ盗,高島平,北野交番,131199,東京都,板橋区,徳丸２丁目,2022/10/18,21,道路上,その他,キーなし,なし,原動機付自転車（50cc以下）,板橋区徳丸２丁目,35.7720778,139.6617347, 高島平警察署 北野交番,35.7690973,139.6617344
窃盗,オートバイ盗,高島平,北野交番,131199,東京都,板橋区,徳丸２丁目,2022/12/5,16,その他,駐車（輪）場,キーあり,なし,原動機付自転車（50cc以下）,板橋区徳丸２丁目,35.7720778,139.6617347, 高島平警察署 北野交番,35.7690973,139.6617344
窃盗,オートバイ盗,高島平,北野交番,131199,東京都,板橋区,徳丸２丁目,2022/12/14,10,その他,駐車（輪）場,キーなし,なし,自動二輪（50cc超）,板橋区徳丸２丁目,35.7720778,139.6617347, 高島平警察署 北野交番,35.7690973,139.6617344
窃盗,オートバイ盗,高島平,北野交番,131199,東京都,板橋区,徳丸５丁目,2022/1/29,17,一戸建住宅,駐車（輪）場,キーなし,あり,自動二輪（50cc超）,板橋区徳丸５丁目,35.7777827,139.6567248, 高島平警察署 北野交番,35.7690973,139.6617344
窃盗,オートバイ盗,高島平,北野交番,131199,東京都,板橋区,徳丸７丁目,2022/8/16,16,４階建て以上共同住宅,駐車（輪）場,キーあり,なし,原動機付自転車（50cc以下）,板橋区徳丸７丁目,35.7809845,139.6618073, 高島平警察署 北野交番,35.7690973,139.6617344
窃盗,オートバイ盗,高島平,成増駅前交番,131199,東京都,板橋区,成増２丁目,2022/1/4,14,４階建て以上共同住宅,駐車（輪）場,キーあり,なし,自動二輪（50cc超）,板橋区成増２丁目,35.7779895,139.6307728, 高島平警察署 成増駅前交番,35.7770465,139.6325992
窃盗,オートバイ盗,高島平,成増駅前交番,131199,東京都,板橋区,成増２丁目,2022/2/13,9,４階建て以上共同住宅,その他,キーあり,なし,自動二輪（50cc超）,板橋区成増２丁目,35.7779895,139.6307728, 高島平警察署 成増駅前交番,35.7770465,139.6325992
窃盗,オートバイ盗,高島平,成増駅前交番,131199,東京都,板橋区,成増２丁目,2022/4/26,20,駐車（輪）場,駐車（輪）場,キーあり,なし,原動機付自転車（50cc以下）,板橋区成増２丁目,35.7779895,139.6307728, 高島平警察署 成増駅前交番,35.7770465,139.6325992
窃盗,オートバイ盗,高島平,新河岸交番,131199,東京都,板橋区,新河岸１丁目,2022/7/3,18,４階建て以上共同住宅,駐車（輪）場,キーあり,なし,原動機付自転車（50cc以下）,板橋区新河岸１丁目,35.7960717,139.6677515, 高島平警察署 新河岸交番,35.7950655,139.663917
窃盗,オートバイ盗,高島平,松月院前交番,131199,東京都,板橋区,赤塚５丁目,2022/6/21,0,４階建て以上共同住宅,駐車（輪）場,キーあり,なし,原動機付自転車（50cc以下）,板橋区赤塚５丁目,35.7818427,139.6429648, 高島平警察署 松月院前交番,35.7800981,139.6475363
窃盗,オートバイ盗,高島平,高島平駅前交番,131199,東京都,板橋区,高島平２丁目,2022/11/21,18,道路上,その他,キーなし,なし,原動機付自転車（50cc以下）,板橋区高島平２丁目,35.7852516,139.6627054, 高島平警察署 高島平駅前交番,35.7884192,139.660177
窃盗,オートバイ盗,高島平,高島平駅前交番,131199,東京都,板橋区,高島平３丁目,2021/9/18,0,４階建て以上共同住宅,その他,キーなし,なし,自動二輪（50cc超）,板橋区高島平３丁目,35.7866641,139.6556645, 高島平警察署 高島平駅前交番,35.7884192,139.660177
窃盗,オートバイ盗,光が丘,三原台交番,131202,東京都,練馬区,土支田３丁目,2022/10/27,16,駐車（輪）場,駐車（輪）場,キーあり,なし,原動機付自転車（50cc以下）,練馬区土支田３丁目,35.760551,139.609127, 光が丘警察署 三原台交番,35.7546072,139.6078273
窃盗,オートバイ盗,光が丘,三原台交番,131202,東京都,練馬区,三原台１丁目,2022/11/15,17,その他,その他,キーなし,なし,原動機付自転車（50cc以下）,練馬区三原台１丁目,35.7528058,139.6045831, 光が丘警察署 三原台交番,35.7546072,139.6078273
窃盗,オートバイ盗,光が丘,光が丘三丁目交番,131202,東京都,練馬区,光が丘３丁目,2022/3/5,15,４階建て以上共同住宅,駐車（輪）場,キーなし,なし,自動二輪（50cc超）,練馬区光が丘３丁目,35.756237,139.629267, 光が丘警察署 光が丘三丁目交番,35.7539245,139.6268331
窃盗,オートバイ盗,光が丘,光が丘三丁目交番,131202,東京都,練馬区,光が丘５丁目,2022/4/19,10,その他,駐車（輪）場,キーあり,なし,原動機付自転車（50cc以下）,練馬区光が丘５丁目,35.761495,139.627156, 光が丘警察署 光が丘三丁目交番,35.7539245,139.6268331
窃盗,オートバイ盗,光が丘,光が丘三丁目交番,131202,東京都,練馬区,光が丘７丁目,2022/9/8,19,４階建て以上共同住宅,駐車（輪）場,キーなし,なし,原動機付自転車（50cc以下）,練馬区光が丘７丁目,35.75601,139.623931, 光が丘警察署 光が丘三丁目交番,35.7539245,139.6268331
窃盗,オートバイ盗,光が丘,北町交番,131202,東京都,練馬区,北町１丁目,2022/1/25,22,その他の住宅（３階建て以下共同住宅等）,駐車（輪）場,キーなし,なし,自動二輪（50cc超）,練馬区北町１丁目,35.7651329,139.6666486, 光が丘警察署 北町交番,35.7643683,139.6636171
窃盗,オートバイ盗,光が丘,北町交番,131202,東京都,練馬区,北町６丁目,2022/2/28,16,その他,駐車（輪）場,キーなし,あり,原動機付自転車（50cc以下）,練馬区北町６丁目,35.7590977,139.6518929, 光が丘警察署 北町交番,35.7643683,139.6636171
窃盗,オートバイ盗,光が丘,土支田交番,131202,東京都,練馬区,土支田１丁目,2022/2/26,21,４階建て以上共同住宅,駐車（輪）場,キーなし,なし,原動機付自転車（50cc以下）,練馬区土支田１丁目,35.7630159,139.6179166, 光が丘警察署 土支田交番,35.7666137,139.6199133
窃盗,オートバイ盗,光が丘,土支田交番,131202,東京都,練馬区,土支田４丁目,2022/7/24,3,その他の住宅（３階建て以下共同住宅等）,その他,キーなし,なし,自動二輪（50cc超）,練馬区土支田４丁目,35.7675894,139.6141984, 光が丘警察署 土支田交番,35.7666137,139.6199133
窃盗,オートバイ盗,光が丘,田柄交番,131202,東京都,練馬区,北町７丁目,2022/12/14,7,その他の住宅（３階建て以下共同住宅等）,駐車（輪）場,キーなし,なし,自動二輪（50cc超）,練馬区北町７丁目,35.76191,139.652612, 光が丘警察署 田柄交番,35.7663116,139.6414547
窃盗,オートバイ盗,光が丘,田柄交番,131202,東京都,練馬区,田柄２丁目,2022/4/18,14,４階建て以上共同住宅,その他,キーあり,なし,自動二輪（50cc超）,練馬区田柄２丁目,35.766462,139.644787, 光が丘警察署 田柄交番,35.7663116,139.6414547
窃盗,オートバイ盗,上野,公園前交番,131067,東京都,台東区,上野４丁目,2022/10/17,5,道路上,その他,キーなし,なし,原動機付自転車（50cc以下）,台東区上野４丁目,35.7093732,139.7742663, 上野警察署 公園前交番,35.71087295,139.77378686466997
窃盗,オートバイ盗,上野,稲荷町交番,131067,東京都,台東区,東上野４丁目,2022/11/24,9,その他,その他,キーなし,なし,自動二輪（50cc超）,台東区東上野４丁目,35.7139304,139.7809356, 上野警察署 稲荷町交番,35.71150765,139.7826375
窃盗,オートバイ盗,下谷,入谷東交番,131067,東京都,台東区,入谷１丁目,2022/9/17,21,道路上,その他,キーなし,なし,自動二輪（50cc超）,台東区入谷１丁目,35.7205441,139.7862263, 下谷警察署 入谷東交番,35.7182545,139.7883996
窃盗,オートバイ盗,下谷,入谷東交番,131067,東京都,台東区,入谷２丁目,2022/10/5,23,道路上,その他,キーあり,なし,原動機付自転車（50cc以下）,台東区入谷２丁目,35.7203688,139.7887154, 下谷警察署 入谷東交番,35.7182545,139.7883996
窃盗,オートバイ盗,下谷,入谷東交番,131067,東京都,台東区,松が谷４丁目,2022/3/5,21,道路上,その他,キーなし,なし,原動機付自転車（50cc以下）,台東区松が谷４丁目,35.7179352,139.7880287, 下谷警察署 入谷東交番,35.7182545,139.7883996
窃盗,オートバイ盗,下谷,入谷東交番,131067,東京都,台東区,竜泉１丁目,2022/9/30,18,道路上,その他,キーなし,なし,原動機付自転車（50cc以下）,台東区竜泉１丁目,35.7234577,139.7893551, 下谷警察署 入谷東交番,35.7182545,139.7883996
窃盗,オートバイ盗,下谷,鶯谷駅前交番,131067,東京都,台東区,根岸２丁目,2022/4/26,3,道路上,その他,キーあり,なし,原動機付自転車（50cc以下）,台東区根岸２丁目,35.7248578,139.7762284, 下谷警察署 鶯谷駅前交番,35.7228986,139.7778544
窃盗,オートバイ盗,浅草,公園六区交番,131067,東京都,台東区,浅草１丁目,2022/6/10,14,その他,駐車（輪）場,キーあり,なし,自動二輪（50cc超）,台東区浅草１丁目,35.7123144,139.7952171, 浅草警察署 公園六区交番,35.7137827,139.7934642
窃盗,オートバイ盗,浅草,公園六区交番,131067,東京都,台東区,浅草１丁目,2022/10/7,1,道路上,その他,キーなし,なし,自動二輪（50cc超）,台東区浅草１丁目,35.7123144,139.7952171, 浅草警察署 公園六区交番,35.7137827,139.7934642
窃盗,オートバイ盗,浅草,聖天町交番,131067,東京都,台東区,浅草４丁目,2022/6/29,13,道路上,その他,キーあり,あり,原動機付自転車（50cc以下）,台東区浅草４丁目,35.718839,139.7965783, 浅草警察署 聖天町交番,35.715596,139.802013
窃盗,オートバイ盗,浅草,聖天町交番,131067,東京都,台東区,浅草５丁目,2022/8/23,16,道路上,その他,キーなし,なし,自動二輪（50cc超）,台東区浅草５丁目,35.7210602,139.7976485, 浅草警察署 聖天町交番,35.715596,139.802013
窃盗,オートバイ盗,浅草,西浅草三丁目交番,131067,東京都,台東区,浅草３丁目,2022/5/10,21,道路上,その他,キーなし,なし,自動二輪（50cc超）,台東区浅草３丁目,35.7173102,139.7961143, 浅草警察署 西浅草三丁目交番,35.7171625,139.7924136
窃盗,オートバイ盗,蔵前,菊屋橋交番,131067,東京都,台東区,寿２丁目,2022/11/27,18,道路上,その他,キーあり,なし,原動機付自転車（50cc以下）,台東区寿２丁目,35.7091881,139.7899827, 蔵前警察署 菊屋橋交番,35.711679,139.791736
窃盗,オートバイ盗,尾久,赤土交番,131181,東京都,荒川区,東尾久３丁目,2021/12/24,16,その他,駐車（輪）場,キーなし,なし,原動機付自転車（50cc以下）,荒川区東尾久３丁目,35.746272,139.7712, 尾久警察署 赤土交番,,
窃盗,オートバイ盗,南千住,天王前交番,131181,東京都,荒川区,南千住１丁目,2020/8/15,10,その他,駐車（輪）場,キーあり,なし,原動機付自転車（50cc以下）,荒川区南千住１丁目,35.733545,139.791091, 南千住警察署 天王前交番,35.736827,139.796398
窃盗,オートバイ盗,荒川,荒川五丁目交番,131181,東京都,荒川区,荒川２丁目,2022/1/18,15,一戸建住宅,駐車（輪）場,キーあり,なし,自動二輪（50cc超）,荒川区荒川２丁目,35.737567,139.78324, 荒川警察署 荒川五丁目交番,35.7374021,139.7766867
窃盗,オートバイ盗,千住,旭町交番,131211,東京都,足立区,千住東２丁目,2022/11/16,23,４階建て以上共同住宅,駐車（輪）場,キーなし,なし,原動機付自転車（50cc以下）,足立区千住東２丁目,35.7457112,139.8081493, 千住警察署 旭町交番,35.746704,139.809733
窃盗,オートバイ盗,千住,曙町交番,131211,東京都,足立区,千住曙町,2022/8/7,21,その他,駐車（輪）場,キーあり,なし,自動二輪（50cc超）,足立区千住曙町,35.74224245,139.814166505709, 千住警察署 曙町交番,35.743177,139.812011
窃盗,オートバイ盗,千住,曙町交番,131211,東京都,足立区,千住曙町,2022/8/8,12,その他,駐車（輪）場,キーあり,なし,自動二輪（50cc超）,足立区千住曙町,35.74224245,139.814166505709, 千住警察署 曙町交番,35.743177,139.812011
窃盗,オートバイ盗,千住,曙町交番,131211,東京都,足立区,千住曙町,2022/8/8,12,その他,駐車（輪）場,キーあり,なし,自動二輪（50cc超）,足立区千住曙町,35.74224245,139.814166505709, 千住警察署 曙町交番,35.743177,139.812011
窃盗,オートバイ盗,西新井,大師前交番,131211,東京都,足立区,西新井本町２丁目,2022/10/22,21,４階建て以上共同住宅,駐車（輪）場,キーなし,なし,自動二輪（50cc超）,足立区西新井本町２丁目,35.7767394,139.7726154, 西新井警察署 大師前交番,35.7782571,139.7810109
窃盗,オートバイ盗,西新井,大師前交番,131211,東京都,足立区,西新井本町５丁目,2022/4/5,18,その他の住宅（３階建て以下共同住宅等）,駐車（輪）場,キーなし,なし,自動二輪（50cc超）,足立区西新井本町５丁目,35.7740932,139.7833443, 西新井警察署 大師前交番,35.7782571,139.7810109
窃盗,オートバイ盗,西新井,大師前交番,131211,東京都,足立区,西新井本町５丁目,2022/10/25,0,道路上,その他,キーなし,なし,自動二輪（50cc超）,足立区西新井本町５丁目,35.7740932,139.7833443, 西新井警察署 大師前交番,35.7782571,139.7810109
窃盗,オートバイ盗,西新井,大師前交番,131211,東京都,足立区,西新井本町５丁目,2022/11/1,19,道路上,その他,キーなし,なし,自動二輪（50cc超）,足立区西新井本町５丁目,35.7740932,139.7833443, 西新井警察署 大師前交番,35.7782571,139.7810109
窃盗,オートバイ盗,西新井,宮城交番,131211,東京都,足立区,宮城１丁目,2022/5/19,17,道路上,その他,キーあり,なし,自動二輪（50cc超）,足立区宮城１丁目,35.7586759,139.7552132, 西新井警察署 宮城交番,35.7622169,139.7557851
窃盗,オートバイ盗,西新井,宮城交番,131211,東京都,足立区,宮城２丁目,2022/10/2,10,一戸建住宅,駐車（輪）場,キーなし,あり,自動二輪（50cc超）,足立区宮城２丁目,35.7603823,139.7521126, 西新井警察署 宮城交番,35.7622169,139.7557851
窃盗,オートバイ盗,西新井,島根交番,131211,東京都,足立区,栗原１丁目,2022/11/2,22,４階建て以上共同住宅,駐車（輪）場,キーなし,なし,自動二輪（50cc超）,足立区栗原１丁目,35.780517,139.7890413, 西新井警察署 島根交番,35.7820463,139.7978116
窃盗,オートバイ盗,西新井,島根交番,131211,東京都,足立区,栗原２丁目,2021/12/29,0,４階建て以上共同住宅,駐車（輪）場,キーなし,なし,原動機付自転車（50cc以下）,足立区栗原２丁目,35.7837809,139.788655, 西新井警察署 島根交番,35.7820463,139.7978116
窃盗,オートバイ盗,西新井,島根交番,131211,東京都,足立区,島根２丁目,2022/2/26,18,４階建て以上共同住宅,駐車（輪）場,キーなし,あり,自動二輪（50cc超）,足立区島根２丁目,35.7837134,139.8012023, 西新井警察署 島根交番,35.7820463,139.7978116
窃盗,オートバイ盗,西新井,島根交番,131211,東京都,足立区,島根２丁目,2022/3/5,11,４階建て以上共同住宅,その他,キーなし,なし,自動二輪（50cc超）,足立区島根２丁目,35.7837134,139.8012023, 西新井警察署 島根交番,35.7820463,139.7978116
窃盗,オートバイ盗,西新井,島根交番,131211,東京都,足立区,六月２丁目,2022/9/26,18,４階建て以上共同住宅,駐車（輪）場,キーなし,なし,自動二輪（50cc超）,足立区六月２丁目,35.7864751,139.7950531, 西新井警察署 島根交番,35.7820463,139.7978116
窃盗,オートバイ盗,西新井,島根交番,131211,東京都,足立区,六月３丁目,2021/12/17,17,その他の住宅（３階建て以下共同住宅等）,その他,キーなし,なし,自動二輪（50cc超）,足立区六月３丁目,35.7862575,139.7900534, 西新井警察署 島根交番,35.7820463,139.7978116
窃盗,オートバイ盗,西新井,扇交番,131211,東京都,足立区,扇２丁目,2022/5/29,1,駐車（輪）場,駐車（輪）場,キーなし,なし,自動二輪（50cc超）,足立区扇２丁目,35.7658583,139.7690749, 西新井警察署 扇交番,35.7680423,139.7700087
窃盗,オートバイ盗,西新井,新田駐在所,131211,東京都,足立区,新田３丁目,2019/5/1,不明,４階建て以上共同住宅,駐車（輪）場,キーなし,なし,自動二輪（50cc超）,足立区新田３丁目,35.7689922,139.7483253, 西新井警察署 新田駐在所,,
窃盗,オートバイ盗,西新井,新田駐在所,131211,東京都,足立区,新田３丁目,2021/8/21,不明,４階建て以上共同住宅,駐車（輪）場,キーなし,なし,自動二輪（50cc超）,足立区新田３丁目,35.7689922,139.7483253, 西新井警察署 新田駐在所,,
窃盗,オートバイ盗,西新井,新田駐在所,131211,東京都,足立区,新田３丁目,2022/10/19,19,４階建て以上共同住宅,駐車（輪）場,キーなし,なし,自動二輪（50cc超）,足立区新田３丁目,35.7689922,139.7483253, 西新井警察署 新田駐在所,,
窃盗,オートバイ盗,西新井,本木交番,131211,東京都,足立区,興野２丁目,2022/1/21,20,一戸建住宅,駐車（輪）場,キーあり,なし,自動二輪（50cc超）,足立区興野２丁目,35.7692316,139.7777116, 西新井警察署 本木交番,35.7641012,139.7826169
窃盗,オートバイ盗,西新井,本木交番,131211,東京都,足立区,興野２丁目,2022/12/27,12,道路上,その他,キーなし,なし,原動機付自転車（50cc以下）,足立区興野２丁目,35.7692316,139.7777116, 西新井警察署 本木交番,35.7641012,139.7826169
窃盗,オートバイ盗,西新井,梅田一丁目交番,131211,東京都,足立区,梅田３丁目,2022/1/21,14,その他の住宅（３階建て以下共同住宅等）,駐車（輪）場,キーなし,あり,自動二輪（50cc超）,足立区梅田３丁目,35.7642363,139.7968357, 西新井警察署 梅田一丁目交番,35.763422,139.80356
窃盗,オートバイ盗,西新井,梅田一丁目交番,131211,東京都,足立区,梅田４丁目,2022/9/10,17,一戸建住宅,その他,キーあり,なし,自動二輪（50cc超）,足立区梅田４丁目,35.7641432,139.7932094, 西新井警察署 梅田一丁目交番,35.763422,139.80356
窃盗,オートバイ盗,西新井,梅田七丁目交番,131211,東京都,足立区,梅島１丁目,2022/9/30,17,道路上,その他,キーあり,なし,自動二輪（50cc超）,足立区梅島１丁目,35.7736928,139.8005318, 西新井警察署 梅田七丁目交番,35.7698499,139.7978219
窃盗,オートバイ盗,西新井,江北交番,131211,東京都,足立区,江北１丁目,2022/10/2,21,その他,駐車（輪）場,キーなし,なし,自動二輪（50cc超）,足立区江北１丁目,35.769804,139.768329, 西新井警察署 江北交番,35.7688712,139.7619409
窃盗,オートバイ盗,西新井,江北交番,131211,東京都,足立区,江北１丁目,2022/10/14,15,４階建て以上共同住宅,駐車（輪）場,キーなし,なし,自動二輪（50cc超）,足立区江北１丁目,35.769804,139.768329, 西新井警察署 江北交番,35.7688712,139.7619409
窃盗,オートバイ盗,西新井,江北交番,131211,東京都,足立区,江北２丁目,2022/10/21,19,４階建て以上共同住宅,駐車（輪）場,キーなし,なし,自動二輪（50cc超）,足立区江北２丁目,35.7681888,139.7632889, 西新井警察署 江北交番,35.7688712,139.7619409
窃盗,オートバイ盗,西新井,江北交番,131211,東京都,足立区,江北３丁目,2022/4/16,14,一戸建住宅,駐車（輪）場,キーあり,なし,自動二輪（50cc超）,足立区江北３丁目,35.7738691,139.7623945, 西新井警察署 江北交番,35.7688712,139.7619409
窃盗,オートバイ盗,西新井,江北交番,131211,東京都,足立区,江北３丁目,2022/10/14,18,その他の住宅（３階建て以下共同住宅等）,駐車（輪）場,キーなし,なし,自動二輪（50cc超）,足立区江北３丁目,35.7738691,139.7623945, 西新井警察署 江北交番,35.7688712,139.7619409
窃盗,オートバイ盗,西新井,江北交番,131211,東京都,足立区,江北３丁目,2022/10/22,15,その他,駐車（輪）場,キーなし,なし,自動二輪（50cc超）,足立区江北３丁目,35.7738691,139.7623945, 西新井警察署 江北交番,35.7688712,139.7619409
窃盗,オートバイ盗,西新井,江北交番,131211,東京都,足立区,江北４丁目,2022/7/8,19,４階建て以上共同住宅,駐車（輪）場,キーなし,あり,自動二輪（50cc超）,足立区江北４丁目,35.7727502,139.766904, 西新井警察署 江北交番,35.7688712,139.7619409
窃盗,オートバイ盗,西新井,江北交番,131211,東京都,足立区,江北４丁目,2022/10/22,16,４階建て以上共同住宅,駐車（輪）場,キーなし,あり,自動二輪（50cc超）,足立区江北４丁目,35.7727502,139.766904, 西新井警察署 江北交番,35.7688712,139.7619409
窃盗,オートバイ盗,西新井,皿沼交番,131211,東京都,足立区,皿沼１丁目,2022/9/8,6,４階建て以上共同住宅,駐車（輪）場,キーあり,なし,原動機付自転車（50cc以下）,足立区皿沼１丁目,35.793395,139.762847, 西新井警察署 皿沼交番,35.7890614,139.7622666
窃盗,オートバイ盗,西新井,西新井五丁目交番,131211,東京都,足立区,西新井２丁目,2022/4/27,17,４階建て以上共同住宅,その他,キーなし,なし,自動二輪（50cc超）,足立区西新井２丁目,35.7843135,139.7814313, 西新井警察署 西新井五丁目交番,35.7860023,139.7791691
窃盗,オートバイ盗,西新井,西新井駅前交番,131211,東京都,足立区,西新井栄町１丁目,2022/8/30,12,その他,駐車（輪）場,キーあり,なし,原動機付自転車（50cc以下）,足立区西新井栄町１丁目,35.7740149,139.7894061, 西新井警察署 西新井駅前交番,35.7768722,139.7898379
窃盗,オートバイ盗,西新井,関原三丁目交番,131211,東京都,足立区,関原１丁目,2022/7/20,22,一戸建住宅,駐車（輪）場,キーなし,なし,自動二輪（50cc超）,足立区関原１丁目,35.7634903,139.7893202, 西新井警察署 関原三丁目交番,35.7696305,139.7887628
窃盗,オートバイ盗,西新井,関原三丁目交番,131211,東京都,足立区,関原３丁目,2022/10/20,20,駐車（輪）場,駐車（輪）場,キーなし,なし,自動二輪（50cc超）,足立区関原３丁目,35.7709682,139.7884297, 西新井警察署 関原三丁目交番,35.7696305,139.7887628
窃盗,オートバイ盗,西新井,鹿浜交番,131211,東京都,足立区,鹿浜３丁目,2022/10/22,23,駐車（輪）場,駐車（輪）場,キーなし,あり,自動二輪（50cc超）,足立区鹿浜３丁目,35.7811177,139.7534284, 西新井警察署 鹿浜交番,35.7787755,139.7507655
窃盗,オートバイ盗,綾瀬,一ツ家交番,131211,東京都,足立区,六町１丁目,2022/1/21,17,４階建て以上共同住宅,駐車（輪）場,キーなし,なし,自動二輪（50cc超）,足立区六町１丁目,35.7823448,139.8224938, 綾瀬警察署 一ツ家交番,,
窃盗,オートバイ盗,綾瀬,中央本町交番,131211,東京都,足立区,平野１丁目,2022/5/19,21,その他の住宅（３階建て以下共同住宅等）,駐車（輪）場,キーあり,あり,自動二輪（50cc超）,足立区平野１丁目,35.7804648,139.8053706, 綾瀬警察署 中央本町交番,35.7749739,139.8034744
窃盗,オートバイ盗,綾瀬,五反野駅前交番,131211,東京都,足立区,足立１丁目,2022/1/25,8,その他の住宅（３階建て以下共同住宅等）,その他,キーなし,あり,自動二輪（50cc超）,足立区足立１丁目,35.7627329,139.8064327, 綾瀬警察署 五反野駅前交番,,
窃盗,オートバイ盗,綾瀬,大谷田交番,131211,東京都,足立区,大谷田２丁目,2022/9/17,20,４階建て以上共同住宅,駐車（輪）場,キーなし,なし,原動機付自転車（50cc以下）,足立区大谷田２丁目,35.7830585,139.8445201, 綾瀬警察署 大谷田交番,35.7761331,139.8434775
窃盗,オートバイ盗,綾瀬,大谷田交番,131211,東京都,足立区,大谷田３丁目,2022/1/9,19,駐車（輪）場,駐車（輪）場,キーなし,なし,自動二輪（50cc超）,足立区大谷田３丁目,35.7787936,139.8414302, 綾瀬警察署 大谷田交番,35.7761331,139.8434775
窃盗,オートバイ盗,綾瀬,大谷田交番,131211,東京都,足立区,大谷田４丁目,2022/12/21,18,４階建て以上共同住宅,駐車（輪）場,キーなし,なし,自動二輪（50cc超）,足立区大谷田４丁目,35.7797772,139.838233, 綾瀬警察署 大谷田交番,35.7761331,139.8434775
窃盗,オートバイ盗,綾瀬,大谷田交番,131211,東京都,足立区,佐野１丁目,2022/11/29,20,一戸建住宅,駐車（輪）場,キーなし,なし,自動二輪（50cc超）,足立区佐野１丁目,35.7869402,139.8428464, 綾瀬警察署 大谷田交番,35.7761331,139.8434775
窃盗,オートバイ盗,綾瀬,大谷田交番,131211,東京都,足立区,佐野２丁目,2022/9/22,12,その他の住宅（３階建て以下共同住宅等）,駐車（輪）場,キーなし,なし,自動二輪（50cc超）,足立区佐野２丁目,35.7873405,139.8387855, 綾瀬警察署 大谷田交番,35.7761331,139.8434775
窃盗,オートバイ盗,綾瀬,大谷田交番,131211,東京都,足立区,佐野２丁目,2022/9/22,20,４階建て以上共同住宅,駐車（輪）場,キーなし,あり,自動二輪（50cc超）,足立区佐野２丁目,35.7873405,139.8387855, 綾瀬警察署 大谷田交番,35.7761331,139.8434775
窃盗,オートバイ盗,綾瀬,大谷田交番,131211,東京都,足立区,佐野２丁目,2022/11/29,19,その他の住宅（３階建て以下共同住宅等）,駐車（輪）場,キーなし,なし,自動二輪（50cc超）,足立区佐野２丁目,35.7873405,139.8387855, 綾瀬警察署 大谷田交番,35.7761331,139.8434775
窃盗,オートバイ盗,綾瀬,弘道交番,131211,東京都,足立区,弘道２丁目,2022/9/28,18,４階建て以上共同住宅,駐車（輪）場,キーなし,なし,自動二輪（50cc超）,足立区弘道２丁目,35.7685918,139.8175263, 綾瀬警察署 弘道交番,35.770701,139.810537
窃盗,オートバイ盗,綾瀬,神明交番,131211,東京都,足立区,神明３丁目,2022/11/24,19,一戸建住宅,その他,キーなし,あり,自動二輪（50cc超）,足立区神明３丁目,35.7984624,139.8365807, 綾瀬警察署 神明交番,35.7917124,139.8316794
窃盗,オートバイ盗,綾瀬,神明交番,131211,東京都,足立区,神明南２丁目,2022/3/14,7,駐車（輪）場,駐車（輪）場,キーなし,なし,自動二輪（50cc超）,足立区神明南２丁目,35.789116,139.8322034, 綾瀬警察署 神明交番,35.7917124,139.8316794
窃盗,オートバイ盗,綾瀬,神明交番,131211,東京都,足立区,辰沼１丁目,2022/9/26,18,駐車（輪）場,駐車（輪）場,キーなし,なし,自動二輪（50cc超）,足立区辰沼１丁目,35.7858871,139.8348856, 綾瀬警察署 神明交番,35.7917124,139.8316794
窃盗,オートバイ盗,綾瀬,神明交番,131211,東京都,足立区,六木１丁目,2022/11/26,19,４階建て以上共同住宅,駐車（輪）場,キーなし,なし,原動機付自転車（50cc以下）,足立区六木１丁目,35.7912221,139.8387694, 綾瀬警察署 神明交番,35.7917124,139.8316794
窃盗,オートバイ盗,綾瀬,神明交番,131211,東京都,足立区,六木３丁目,2022/3/4,8,４階建て以上共同住宅,駐車（輪）場,キーあり,なし,自動二輪（50cc超）,足立区六木３丁目,35.7965132,139.8421597, 綾瀬警察署 神明交番,35.7917124,139.8316794
窃盗,オートバイ盗,綾瀬,綾瀬六丁目交番,131211,東京都,足立区,東和５丁目,2022/6/1,19,その他の住宅（３階建て以下共同住宅等）,駐車（輪）場,キーなし,あり,自動二輪（50cc超）,足立区東和５丁目,35.7754512,139.8381471, 綾瀬警察署 綾瀬六丁目交番,35.7688512,139.8259598
窃盗,オートバイ盗,綾瀬,綾瀬六丁目交番,131211,東京都,足立区,東綾瀬３丁目,2022/7/19,21,駐車（輪）場,駐車（輪）場,キーなし,なし,自動二輪（50cc超）,足立区東綾瀬３丁目,35.770237,139.8328364, 綾瀬警察署 綾瀬六丁目交番,35.7688512,139.8259598
窃盗,オートバイ盗,綾瀬,綾瀬六丁目交番,131211,東京都,足立区,東綾瀬３丁目,2022/8/1,17,その他の住宅（３階建て以下共同住宅等）,駐車（輪）場,キーなし,なし,自動二輪（50cc超）,足立区東綾瀬３丁目,35.770237,139.8328364, 綾瀬警察署 綾瀬六丁目交番,35.7688512,139.8259598
窃盗,オートバイ盗,綾瀬,綾瀬六丁目交番,131211,東京都,足立区,谷中１丁目,2022/7/23,20,駐車（輪）場,駐車（輪）場,キーなし,なし,自動二輪（50cc超）,足立区谷中１丁目,35.7733621,139.8330831, 綾瀬警察署 綾瀬六丁目交番,35.7688512,139.8259598
窃盗,オートバイ盗,綾瀬,綾瀬六丁目交番,131211,東京都,足立区,谷中２丁目,2022/1/13,4,道路上,その他,キーあり,なし,原動機付自転車（50cc以下）,足立区谷中２丁目,35.7761649,139.8332441, 綾瀬警察署 綾瀬六丁目交番,35.7688512,139.8259598
窃盗,オートバイ盗,綾瀬,綾瀬六丁目交番,131211,東京都,足立区,谷中２丁目,2022/6/29,17,４階建て以上共同住宅,駐車（輪）場,キーなし,なし,自動二輪（50cc超）,足立区谷中２丁目,35.7761649,139.8332441, 綾瀬警察署 綾瀬六丁目交番,35.7688512,139.8259598
窃盗,オートバイ盗,綾瀬,綾瀬六丁目交番,131211,東京都,足立区,谷中２丁目,2022/7/5,8,４階建て以上共同住宅,駐車（輪）場,キーあり,あり,自動二輪（50cc超）,足立区谷中２丁目,35.7761649,139.8332441, 綾瀬警察署 綾瀬六丁目交番,35.7688512,139.8259598
窃盗,オートバイ盗,綾瀬,綾瀬駅東口交番,131211,東京都,足立区,綾瀬３丁目,2022/11/10,12,駐車（輪）場,駐車（輪）場,キーなし,なし,原動機付自転車（50cc以下）,足立区綾瀬３丁目,35.7646808,139.8263052, 綾瀬警察署 綾瀬駅東口交番,35.7627604,139.8278633
窃盗,オートバイ盗,綾瀬,綾瀬駅東口交番,131211,東京都,足立区,東綾瀬２丁目,2022/8/4,1,その他の住宅（３階建て以下共同住宅等）,駐車（輪）場,キーなし,あり,自動二輪（50cc超）,足立区東綾瀬２丁目,35.7676777,139.8327291, 綾瀬警察署 綾瀬駅東口交番,35.7627604,139.8278633
窃盗,オートバイ盗,綾瀬,綾瀬駅西口交番,131211,東京都,足立区,足立２丁目,2022/12/2,23,４階建て以上共同住宅,駐車（輪）場,キーなし,なし,自動二輪（50cc超）,足立区足立２丁目,35.7597141,139.8109711, 綾瀬警察署 綾瀬駅西口交番,35.7616666,139.8228475
窃盗,オートバイ盗,綾瀬,綾瀬駅西口交番,131211,東京都,足立区,綾瀬１丁目,2022/11/24,18,その他,駐車（輪）場,キーあり,なし,原動機付自転車（50cc以下）,足立区綾瀬１丁目,35.7593027,139.8221826, 綾瀬警察署 綾瀬駅西口交番,35.7616666,139.8228475
窃盗,オートバイ盗,竹の塚,伊興町交番,131211,東京都,足立区,竹の塚５丁目,2022/8/24,17,４階建て以上共同住宅,駐車（輪）場,キーなし,あり,自動二輪（50cc超）,足立区竹の塚５丁目,35.7967046,139.7962081, 竹の塚警察署 伊興町交番,35.795238,139.7887666
窃盗,オートバイ盗,竹の塚,伊興町交番,131211,東京都,足立区,伊興１丁目,2022/2/10,17,４階建て以上共同住宅,駐車（輪）場,キーなし,なし,自動二輪（50cc超）,足立区伊興１丁目,35.790169,139.7848999, 竹の塚警察署 伊興町交番,35.795238,139.7887666
窃盗,オートバイ盗,竹の塚,伊興町交番,131211,東京都,足立区,西竹の塚２丁目,2022/8/11,6,駐車（輪）場,駐車（輪）場,キーあり,なし,原動機付自転車（50cc以下）,足立区西竹の塚２丁目,35.7963957,139.7901141, 竹の塚警察署 伊興町交番,35.795238,139.7887666
窃盗,オートバイ盗,竹の塚,伊興町交番,131211,東京都,足立区,東伊興３丁目,2022/9/27,18,道路上,その他,キーなし,なし,自動二輪（50cc超）,足立区東伊興３丁目,35.8011948,139.791584, 竹の塚警察署 伊興町交番,35.795238,139.7887666
窃盗,オートバイ盗,竹の塚,保木間交番,131211,東京都,足立区,東保木間２丁目,2022/11/9,18,その他,駐車（輪）場,キーあり,なし,原動機付自転車（50cc以下）,足立区東保木間２丁目,35.7934238,139.8131812, 竹の塚警察署 保木間交番,35.7948232,139.8102664
窃盗,オートバイ盗,竹の塚,保木間交番,131211,東京都,足立区,東保木間２丁目,2022/12/5,14,その他,駐車（輪）場,キーなし,なし,自動二輪（50cc超）,足立区東保木間２丁目,35.7934238,139.8131812, 竹の塚警察署 保木間交番,35.7948232,139.8102664
窃盗,オートバイ盗,竹の塚,保木間交番,131211,東京都,足立区,保木間１丁目,2022/8/5,12,４階建て以上共同住宅,その他,キーあり,なし,自動二輪（50cc超）,足立区保木間１丁目,35.790404,139.804995, 竹の塚警察署 保木間交番,35.7948232,139.8102664
窃盗,オートバイ盗,竹の塚,保木間交番,131211,東京都,足立区,保木間１丁目,2022/11/11,20,その他,駐車（輪）場,キーあり,なし,原動機付自転車（50cc以下）,足立区保木間１丁目,35.790404,139.804995, 竹の塚警察署 保木間交番,35.7948232,139.8102664
窃盗,オートバイ盗,竹の塚,保木間交番,131211,東京都,足立区,保木間３丁目,2022/3/2,16,４階建て以上共同住宅,駐車（輪）場,キーあり,なし,原動機付自転車（50cc以下）,足立区保木間３丁目,35.7960606,139.8066258, 竹の塚警察署 保木間交番,35.7948232,139.8102664
窃盗,オートバイ盗,竹の塚,保木間交番,131211,東京都,足立区,保木間３丁目,2022/11/14,21,一戸建住宅,その他,キーあり,なし,原動機付自転車（50cc以下）,足立区保木間３丁目,35.7960606,139.8066258, 竹の塚警察署 保木間交番,35.7948232,139.8102664
窃盗,オートバイ盗,竹の塚,入谷町交番,131211,東京都,足立区,入谷７丁目,2022/9/13,13,道路上,その他,キーあり,なし,原動機付自転車（50cc以下）,足立区入谷７丁目,35.8007684,139.7599232, 竹の塚警察署 入谷町交番,35.8021727,139.761817
窃盗,オートバイ盗,竹の塚,入谷町交番,131211,東京都,足立区,入谷９丁目,2022/1/19,19,４階建て以上共同住宅,駐車（輪）場,キーなし,なし,原動機付自転車（50cc以下）,足立区入谷９丁目,35.8087735,139.7551274, 竹の塚警察署 入谷町交番,35.8021727,139.761817
窃盗,オートバイ盗,竹の塚,古千谷駐在所,131211,東京都,足立区,西伊興２丁目,2022/7/21,22,４階建て以上共同住宅,その他,キーなし,あり,自動二輪（50cc超）,足立区西伊興２丁目,35.7939721,139.7765636, 竹の塚警察署 古千谷駐在所,35.7996198,139.7766353
窃盗,オートバイ盗,竹の塚,古千谷駐在所,131211,東京都,足立区,古千谷本町２丁目,2022/5/23,21,その他の住宅（３階建て以下共同住宅等）,その他,キーなし,なし,自動二輪（50cc超）,足立区古千谷本町２丁目,35.8055803,139.775995, 竹の塚警察署 古千谷駐在所,35.7996198,139.7766353
窃盗,オートバイ盗,竹の塚,古千谷駐在所,131211,東京都,足立区,古千谷本町３丁目,2022/6/9,17,一戸建住宅,その他,キーあり,なし,自動二輪（50cc超）,足立区古千谷本町３丁目,35.8080427,139.7759306, 竹の塚警察署 古千谷駐在所,35.7996198,139.7766353
窃盗,オートバイ盗,竹の塚,竹の塚駅前交番,131211,東京都,足立区,竹の塚４丁目,2022/11/15,13,４階建て以上共同住宅,その他,キーなし,あり,原動機付自転車（50cc以下）,足立区竹の塚４丁目,35.7939677,139.8004997, 竹の塚警察署 竹の塚駅前交番,35.7937277,139.7922265
窃盗,オートバイ盗,竹の塚,竹の塚駅前交番,131211,東京都,足立区,竹の塚６丁目,2021/12/29,16,その他,その他,キーあり,なし,原動機付自転車（50cc以下）,足立区竹の塚６丁目,35.7954167,139.7927642, 竹の塚警察署 竹の塚駅前交番,35.7937277,139.7922265
窃盗,オートバイ盗,竹の塚,竹の塚駅前交番,131211,東京都,足立区,竹の塚７丁目,2022/6/4,14,４階建て以上共同住宅,駐車（輪）場,キーあり,なし,自動二輪（50cc超）,足立区竹の塚７丁目,35.798941,139.7949958, 竹の塚警察署 竹の塚駅前交番,35.7937277,139.7922265
窃盗,オートバイ盗,竹の塚,花畑交番,131211,東京都,足立区,花畑３丁目,2022/12/15,4,その他,その他,キーあり,なし,原動機付自転車（50cc以下）,足立区花畑３丁目,35.8031526,139.8117864, 竹の塚警察署 花畑交番,35.7982154,139.8181088
窃盗,オートバイ盗,竹の塚,花畑交番,131211,東京都,足立区,南花畑４丁目,2022/7/10,21,道路上,その他,キーなし,なし,原動機付自転車（50cc以下）,足立区南花畑４丁目,35.795891,139.8195273, 竹の塚警察署 花畑交番,35.7982154,139.8181088
窃盗,オートバイ盗,竹の塚,花畑交番,131211,東京都,足立区,南花畑４丁目,2022/9/5,17,道路上,その他,キーなし,なし,自動二輪（50cc超）,足立区南花畑４丁目,35.795891,139.8195273, 竹の塚警察署 花畑交番,35.7982154,139.8181088
窃盗,オートバイ盗,竹の塚,花畑交番,131211,東京都,足立区,南花畑５丁目,2022/10/1,0,４階建て以上共同住宅,駐車（輪）場,キーなし,なし,原動機付自転車（50cc以下）,足立区南花畑５丁目,35.7966872,139.8128271, 竹の塚警察署 花畑交番,35.7982154,139.8181088
窃盗,オートバイ盗,竹の塚,花畑北駐在所,131211,東京都,足立区,花畑５丁目,2022/2/18,20,その他,駐車（輪）場,キーあり,なし,自動二輪（50cc超）,足立区花畑５丁目,35.8074293,139.8073822, 竹の塚警察署 花畑北駐在所,35.8109983,139.821286
窃盗,オートバイ盗,竹の塚,西保木間交番,131211,東京都,足立区,西保木間３丁目,2022/6/9,17,４階建て以上共同住宅,駐車（輪）場,キーなし,なし,自動二輪（50cc超）,足立区西保木間３丁目,35.804249,139.7999418, 竹の塚警察署 西保木間交番,35.7956601,139.8020189
窃盗,オートバイ盗,竹の塚,見沼代親水公園駅前交番,131211,東京都,足立区,舎人５丁目,2022/9/21,23,道路上,その他,キーあり,なし,原動機付自転車（50cc以下）,足立区舎人５丁目,35.8128889,139.7676051, 竹の塚警察署 見沼代親水公園駅前交番,,
窃盗,オートバイ盗,竹の塚,見沼代親水公園駅前交番,131211,東京都,足立区,花畑８丁目,2022/8/9,22,４階建て以上共同住宅,駐車（輪）場,キーなし,なし,自動二輪（50cc超）,足立区花畑８丁目,35.811659,139.822854, 竹の塚警察署 見沼代親水公園駅前交番,,
窃盗,オートバイ盗,竹の塚,見沼代親水公園駅前交番,131211,東京都,足立区,古千谷本町２丁目,2022/12/11,21,道路上,その他,キーあり,なし,原動機付自転車（50cc以下）,足立区古千谷本町２丁目,35.8055803,139.775995, 竹の塚警察署 見沼代親水公園駅前交番,,
窃盗,オートバイ盗,竹の塚,見沼代親水公園駅前交番,131211,東京都,足立区,古千谷本町４丁目,2022/8/31,13,一戸建住宅,駐車（輪）場,キーなし,なし,自動二輪（50cc超）,足立区古千谷本町４丁目,35.8064907,139.7801688, 竹の塚警察署 見沼代親水公園駅前交番,,
窃盗,オートバイ盗,城東,北砂五丁目交番,131083,東京都,江東区,北砂５丁目,2021/12/1,不明,４階建て以上共同住宅,駐車（輪）場,キーなし,なし,自動二輪（50cc超）,江東区北砂５丁目,35.682879,139.833083, 城東警察署 北砂五丁目交番,35.6842049,139.8346646
窃盗,オートバイ盗,城東,北砂五丁目交番,131083,東京都,江東区,北砂５丁目,2022/2/19,22,一戸建住宅,駐車（輪）場,キーなし,あり,自動二輪（50cc超）,江東区北砂５丁目,35.682879,139.833083, 城東警察署 北砂五丁目交番,35.6842049,139.8346646
窃盗,オートバイ盗,城東,北砂五丁目交番,131083,東京都,江東区,北砂５丁目,2022/8/9,23,４階建て以上共同住宅,駐車（輪）場,キーあり,なし,自動二輪（50cc超）,江東区北砂５丁目,35.682879,139.833083, 城東警察署 北砂五丁目交番,35.6842049,139.8346646
窃盗,オートバイ盗,城東,大島交番,131083,東京都,江東区,大島６丁目,2022/9/7,16,４階建て以上共同住宅,駐車（輪）場,キーなし,あり,自動二輪（50cc超）,江東区大島６丁目,35.691935,139.834633, 城東警察署 大島交番,35.6898146,139.8337996
窃盗,オートバイ盗,城東,天神橋交番,131083,東京都,江東区,亀戸２丁目,2022/4/24,8,一戸建住宅,駐車（輪）場,キーあり,なし,原動機付自転車（50cc以下）,江東区亀戸２丁目,35.69942,139.822419, 城東警察署 天神橋交番,35.701624,139.819484
窃盗,オートバイ盗,城東,天神橋交番,131083,東京都,江東区,亀戸３丁目,2021/2/1,23,４階建て以上共同住宅,駐車（輪）場,キーあり,なし,原動機付自転車（50cc以下）,江東区亀戸３丁目,35.704637,139.822325, 城東警察署 天神橋交番,35.701624,139.819484
窃盗,オートバイ盗,城東,天神橋交番,131083,東京都,江東区,亀戸３丁目,2022/2/24,18,一戸建住宅,駐車（輪）場,キーあり,あり,自動二輪（50cc超）,江東区亀戸３丁目,35.704637,139.822325, 城東警察署 天神橋交番,35.701624,139.819484
窃盗,オートバイ盗,城東,日曹橋交番,131083,東京都,江東区,南砂２丁目,2022/9/15,15,４階建て以上共同住宅,駐車（輪）場,キーなし,なし,原動機付自転車（50cc以下）,江東区南砂２丁目,35.672862,139.822903, 城東警察署 日曹橋交番,35.6696968,139.8260401
窃盗,オートバイ盗,城東,日曹橋交番,131083,東京都,江東区,南砂２丁目,2022/10/12,12,４階建て以上共同住宅,駐車（輪）場,キーなし,なし,原動機付自転車（50cc以下）,江東区南砂２丁目,35.672862,139.822903, 城東警察署 日曹橋交番,35.6696968,139.8260401
窃盗,オートバイ盗,城東,日曹橋交番,131083,東京都,江東区,南砂２丁目,2022/11/25,16,４階建て以上共同住宅,駐車（輪）場,キーなし,なし,原動機付自転車（50cc以下）,江東区南砂２丁目,35.672862,139.822903, 城東警察署 日曹橋交番,35.6696968,139.8260401
窃盗,オートバイ盗,城東,番所橋交番,131083,東京都,江東区,北砂６丁目,2022/9/11,20,４階建て以上共同住宅,駐車（輪）場,キーなし,なし,自動二輪（50cc超）,江東区北砂６丁目,35.683105,139.837393, 城東警察署 番所橋交番,35.6837516,139.8447462
窃盗,オートバイ盗,城東,葛西橋西交番,131083,東京都,江東区,東砂６丁目,2022/8/31,11,駐車（輪）場,駐車（輪）場,キーあり,なし,自動二輪（50cc超）,江東区東砂６丁目,35.672298,139.843767, 城東警察署 葛西橋西交番,35.6751888,139.8406531
窃盗,オートバイ盗,城東,葛西橋西交番,131083,東京都,江東区,東砂６丁目,2022/11/20,17,一戸建住宅,駐車（輪）場,キーなし,なし,原動機付自転車（50cc以下）,江東区東砂６丁目,35.672298,139.843767, 城東警察署 葛西橋西交番,35.6751888,139.8406531
窃盗,オートバイ盗,城東,葛西橋西交番,131083,東京都,江東区,東砂７丁目,2021/12/30,0,道路上,その他,キーなし,なし,原動機付自転車（50cc以下）,江東区東砂７丁目,35.67265,139.838844, 城東警察署 葛西橋西交番,35.6751888,139.8406531
窃盗,オートバイ盗,城東,葛西橋西交番,131083,東京都,江東区,南砂５丁目,2022/2/23,5,４階建て以上共同住宅,駐車（輪）場,キーなし,なし,原動機付自転車（50cc以下）,江東区南砂５丁目,35.675323,139.831974, 城東警察署 葛西橋西交番,35.6751888,139.8406531
窃盗,オートバイ盗,城東,葛西橋西交番,131083,東京都,江東区,南砂６丁目,2022/2/11,21,その他,駐車（輪）場,キーなし,あり,自動二輪（50cc超）,江東区南砂６丁目,35.671933,139.83502, 城東警察署 葛西橋西交番,35.6751888,139.8406531
窃盗,オートバイ盗,城東,進開橋交番,131083,東京都,江東区,大島４丁目,2022/2/25,13,４階建て以上共同住宅,その他,キーなし,なし,自動二輪（50cc超）,江東区大島４丁目,35.687624,139.829499, 城東警察署 進開橋交番,35.6870453,139.8267049
窃盗,オートバイ盗,本所,押上駅前交番,131075,東京都,墨田区,押上１丁目,2022/5/5,8,道路上,その他,キーあり,なし,原動機付自転車（50cc以下）,墨田区押上１丁目,35.710776,139.813826, 本所警察署 押上駅前交番,,
窃盗,オートバイ盗,本所,押上駅前交番,131075,東京都,墨田区,押上２丁目,2022/8/26,4,道路上,その他,キーなし,あり,自動二輪（50cc超）,墨田区押上２丁目,35.7131023,139.8129999, 本所警察署 押上駅前交番,,
窃盗,オートバイ盗,本所,横川交番,131075,東京都,墨田区,横川２丁目,2019/3/15,0,道路上,その他,キーなし,なし,自動二輪（50cc超）,墨田区横川２丁目,35.704433,139.812169, 本所警察署 横川交番,35.704346,139.814568
窃盗,オートバイ盗,本所,菊川二丁目交番,131075,東京都,墨田区,菊川２丁目,2022/11/29,21,４階建て以上共同住宅,駐車（輪）場,キーなし,なし,原動機付自転車（50cc以下）,墨田区菊川２丁目,35.688963,139.805114, 本所警察署 菊川二丁目交番,35.689904,139.805626
窃盗,オートバイ盗,本所,言問交番,131075,東京都,墨田区,向島１丁目,2022/2/25,12,その他,その他,キーあり,なし,自動二輪（50cc超）,墨田区向島１丁目,35.711774,139.804612, 本所警察署 言問交番,,
窃盗,オートバイ盗,本所,白鬚橋交番,131075,東京都,墨田区,堤通２丁目,2022/6/18,21,４階建て以上共同住宅,駐車（輪）場,キーあり,なし,原動機付自転車（50cc以下）,墨田区堤通２丁目,35.733962,139.814668, 本所警察署 白鬚橋交番,,
窃盗,オートバイ盗,向島,京島交番,131075,東京都,墨田区,押上３丁目,2022/6/20,15,その他,その他,キーあり,なし,自動二輪（50cc超）,墨田区押上３丁目,35.711901,139.819652, 向島警察署 京島交番,,
窃盗,オートバイ盗,向島,京島交番,131075,東京都,墨田区,押上３丁目,2022/7/26,20,その他,その他,キーあり,なし,自動二輪（50cc超）,墨田区押上３丁目,35.711901,139.819652, 向島警察署 京島交番,,
窃盗,オートバイ盗,向島,京島交番,131075,東京都,墨田区,文花１丁目,2022/2/20,16,４階建て以上共同住宅,駐車（輪）場,キーなし,なし,自動二輪（50cc超）,墨田区文花１丁目,35.709004,139.821865, 向島警察署 京島交番,,
窃盗,オートバイ盗,向島,八広四丁目交番,131075,東京都,墨田区,東墨田２丁目,2022/6/23,9,その他,駐車（輪）場,キーあり,なし,原動機付自転車（50cc以下）,墨田区東墨田２丁目,35.722275,139.83245, 向島警察署 八広四丁目交番,35.7226022,139.8265568
窃盗,オートバイ盗,向島,八広四丁目交番,131075,東京都,墨田区,東向島２丁目,2022/4/19,9,その他,駐車（輪）場,キーあり,なし,原動機付自転車（50cc以下）,墨田区東向島２丁目,35.718943,139.816621, 向島警察署 八広四丁目交番,35.7226022,139.8265568
窃盗,オートバイ盗,向島,八広四丁目交番,131075,東京都,墨田区,八広４丁目,2022/4/25,20,その他,その他,キーなし,なし,原動機付自転車（50cc以下）,墨田区八広４丁目,35.723057,139.828893, 向島警察署 八広四丁目交番,35.7226022,139.8265568
窃盗,オートバイ盗,向島,四ツ木橋交番,131075,東京都,墨田区,八広６丁目,2022/8/22,9,４階建て以上共同住宅,駐車（輪）場,キーなし,あり,自動二輪（50cc超）,墨田区八広６丁目,35.727513,139.829793, 向島警察署 四ツ木橋交番,35.7287531,139.8253921
窃盗,オートバイ盗,向島,堤通駐在所,131075,東京都,墨田区,堤通２丁目,2022/3/19,21,４階建て以上共同住宅,その他,キーなし,なし,自動二輪（50cc超）,墨田区堤通２丁目,35.733962,139.814668, 向島警察署 堤通駐在所,35.7369969,139.8181591
窃盗,オートバイ盗,向島,堤通駐在所,131075,東京都,墨田区,堤通２丁目,2022/6/29,17,４階建て以上共同住宅,駐車（輪）場,キーなし,あり,自動二輪（50cc超）,墨田区堤通２丁目,35.733962,139.814668, 向島警察署 堤通駐在所,35.7369969,139.8181591
窃盗,オートバイ盗,向島,小村井交番,131075,東京都,墨田区,立花１丁目,2022/7/7,17,４階建て以上共同住宅,駐車（輪）場,キーあり,なし,自動二輪（50cc超）,墨田区立花１丁目,35.705215,139.829096, 向島警察署 小村井交番,35.710273,139.8285649
窃盗,オートバイ盗,向島,小村井交番,131075,東京都,墨田区,立花１丁目,2022/7/8,19,４階建て以上共同住宅,駐車（輪）場,キーなし,なし,自動二輪（50cc超）,墨田区立花１丁目,35.705215,139.829096, 向島警察署 小村井交番,35.710273,139.8285649
窃盗,オートバイ盗,向島,小村井交番,131075,東京都,墨田区,立花１丁目,2022/8/5,7,４階建て以上共同住宅,その他,キーなし,なし,原動機付自転車（50cc以下）,墨田区立花１丁目,35.705215,139.829096, 向島警察署 小村井交番,35.710273,139.8285649
窃盗,オートバイ盗,向島,小村井交番,131075,東京都,墨田区,文花１丁目,2022/6/20,17,４階建て以上共同住宅,駐車（輪）場,キーなし,なし,自動二輪（50cc超）,墨田区文花１丁目,35.709004,139.821865, 向島警察署 小村井交番,35.710273,139.8285649
窃盗,オートバイ盗,向島,小村井交番,131075,東京都,墨田区,文花１丁目,2022/12/11,19,４階建て以上共同住宅,駐車（輪）場,キーなし,なし,自動二輪（50cc超）,墨田区文花１丁目,35.709004,139.821865, 向島警察署 小村井交番,35.710273,139.8285649
窃盗,オートバイ盗,向島,白鬚橋交番,131075,東京都,墨田区,堤通２丁目,2021/3/1,不明,４階建て以上共同住宅,駐車（輪）場,キーなし,なし,自動二輪（50cc超）,墨田区堤通２丁目,35.733962,139.814668, 向島警察署 白鬚橋交番,35.728513,139.813624
窃盗,オートバイ盗,向島,白鬚橋交番,131075,東京都,墨田区,堤通２丁目,2022/12/9,22,４階建て以上共同住宅,その他,キーなし,なし,自動二輪（50cc超）,墨田区堤通２丁目,35.733962,139.814668, 向島警察署 白鬚橋交番,35.728513,139.813624
窃盗,オートバイ盗,向島,鐘ケ淵駅前交番,131075,東京都,墨田区,墨田２丁目,2022/3/30,7,道路上,その他,キーなし,なし,自動二輪（50cc超）,墨田区墨田２丁目,35.731596,139.816982, 向島警察署 鐘ケ淵駅前交番,35.7331825,139.819667
窃盗,オートバイ盗,向島,鐘ケ淵駅前交番,131075,東京都,墨田区,墨田３丁目,2022/10/26,22,道路上,その他,キーあり,なし,原動機付自転車（50cc以下）,墨田区墨田３丁目,35.730128,139.82101, 向島警察署 鐘ケ淵駅前交番,35.7331825,139.819667
窃盗,オートバイ盗,亀有,亀有駅南口交番,131229,東京都,葛飾区,亀有２丁目,2022/12/17,22,その他の住宅（３階建て以下共同住宅等）,駐車（輪）場,キーなし,なし,自動二輪（50cc超）,葛飾区亀有２丁目,35.759915,139.849936, 亀有警察署 亀有駅南口交番,35.7662206,139.8474092
窃盗,オートバイ盗,亀有,亀有駅南口交番,131229,東京都,葛飾区,亀有３丁目,2021/12/22,15,その他,駐車（輪）場,キーなし,あり,自動二輪（50cc超）,葛飾区亀有３丁目,35.765188,139.850309, 亀有警察署 亀有駅南口交番,35.7662206,139.8474092
窃盗,オートバイ盗,亀有,亀有駅南口交番,131229,東京都,葛飾区,亀有３丁目,2022/4/8,5,駐車（輪）場,駐車（輪）場,キーなし,なし,原動機付自転車（50cc以下）,葛飾区亀有３丁目,35.765188,139.850309, 亀有警察署 亀有駅南口交番,35.7662206,139.8474092
窃盗,オートバイ盗,亀有,南水元交番,131229,東京都,葛飾区,南水元４丁目,2022/11/30,11,その他の住宅（３階建て以下共同住宅等）,駐車（輪）場,キーなし,なし,自動二輪（50cc超）,葛飾区南水元４丁目,35.77857,139.863479, 亀有警察署 南水元交番,35.776117,139.866337
窃盗,オートバイ盗,亀有,柴又交番,131229,東京都,葛飾区,柴又５丁目,2022/1/20,19,一戸建住宅,駐車（輪）場,キーなし,なし,自動二輪（50cc超）,葛飾区柴又５丁目,35.75232,139.883492, 亀有警察署 柴又交番,35.7562071,139.8769165
窃盗,オートバイ盗,亀有,柴又交番,131229,東京都,葛飾区,柴又５丁目,2022/1/20,21,一戸建住宅,その他,キーあり,なし,自動二輪（50cc超）,葛飾区柴又５丁目,35.75232,139.883492, 亀有警察署 柴又交番,35.7562071,139.8769165
窃盗,オートバイ盗,亀有,柴又交番,131229,東京都,葛飾区,柴又５丁目,2022/3/5,13,道路上,その他,キーなし,あり,自動二輪（50cc超）,葛飾区柴又５丁目,35.75232,139.883492, 亀有警察署 柴又交番,35.7562071,139.8769165
窃盗,オートバイ盗,亀有,水元公園前交番,131229,東京都,葛飾区,東水元１丁目,2022/11/22,18,その他の住宅（３階建て以下共同住宅等）,駐車（輪）場,キーなし,なし,自動二輪（50cc超）,葛飾区東水元１丁目,35.777122,139.868832, 亀有警察署 水元公園前交番,35.781005,139.866921
窃盗,オートバイ盗,亀有,水元公園前交番,131229,東京都,葛飾区,東水元２丁目,2022/5/14,19,駐車（輪）場,駐車（輪）場,キーなし,なし,自動二輪（50cc超）,葛飾区東水元２丁目,35.779838,139.870653, 亀有警察署 水元公園前交番,35.781005,139.866921
窃盗,オートバイ盗,亀有,水元公園前交番,131229,東京都,葛飾区,東水元２丁目,2022/5/14,21,道路上,その他,キーなし,なし,自動二輪（50cc超）,葛飾区東水元２丁目,35.779838,139.870653, 亀有警察署 水元公園前交番,35.781005,139.866921
窃盗,オートバイ盗,亀有,葛三橋交番,131229,東京都,葛飾区,西水元５丁目,2022/9/16,19,４階建て以上共同住宅,駐車（輪）場,キーなし,あり,自動二輪（50cc超）,葛飾区西水元５丁目,35.786321,139.854239, 亀有警察署 葛三橋交番,35.7932862,139.85977
窃盗,オートバイ盗,亀有,葛三橋交番,131229,東京都,葛飾区,東水元６丁目,2022/3/30,0,一戸建住宅,駐車（輪）場,キーあり,あり,自動二輪（50cc超）,葛飾区東水元６丁目,35.792454,139.86114, 亀有警察署 葛三橋交番,35.7932862,139.85977
窃盗,オートバイ盗,亀有,葛三橋交番,131229,東京都,葛飾区,水元２丁目,2022/7/10,20,一戸建住宅,その他,キーなし,なし,自動二輪（50cc超）,葛飾区水元２丁目,35.785872,139.8580182, 亀有警察署 葛三橋交番,35.7932862,139.85977
窃盗,オートバイ盗,亀有,葛三橋交番,131229,東京都,葛飾区,水元４丁目,2022/9/19,17,一戸建住宅,その他,キーなし,なし,自動二輪（50cc超）,葛飾区水元４丁目,35.786591,139.862399, 亀有警察署 葛三橋交番,35.7932862,139.85977
窃盗,オートバイ盗,亀有,葛三橋交番,131229,東京都,葛飾区,水元５丁目,2022/7/31,18,その他,その他,キーあり,なし,自動二輪（50cc超）,葛飾区水元５丁目,35.790214,139.860256, 亀有警察署 葛三橋交番,35.7932862,139.85977
窃盗,オートバイ盗,亀有,葛三橋交番,131229,東京都,葛飾区,水元５丁目,2022/9/30,17,その他の住宅（３階建て以下共同住宅等）,駐車（輪）場,キーなし,あり,自動二輪（50cc超）,葛飾区水元５丁目,35.790214,139.860256, 亀有警察署 葛三橋交番,35.7932862,139.85977
窃盗,オートバイ盗,亀有,西亀有交番,131229,東京都,葛飾区,亀有４丁目,2022/2/12,14,その他,駐車（輪）場,キーあり,なし,原動機付自転車（50cc以下）,葛飾区亀有４丁目,35.761531,139.844073, 亀有警察署 西亀有交番,35.7590227,139.8335076
窃盗,オートバイ盗,亀有,西水元駐在所,131229,東京都,葛飾区,西水元５丁目,2022/8/2,16,その他の住宅（３階建て以下共同住宅等）,駐車（輪）場,キーなし,なし,自動二輪（50cc超）,葛飾区西水元５丁目,35.786321,139.854239, 亀有警察署 西水元駐在所,35.7890393,139.8573009
窃盗,オートバイ盗,亀有,西水元駐在所,131229,東京都,葛飾区,西水元５丁目,2022/8/2,19,４階建て以上共同住宅,その他,キーなし,あり,自動二輪（50cc超）,葛飾区西水元５丁目,35.786321,139.854239, 亀有警察署 西水元駐在所,35.7890393,139.8573009
窃盗,オートバイ盗,亀有,金町駅北口交番,131229,東京都,葛飾区,東金町４丁目,2022/7/17,11,その他の住宅（３階建て以下共同住宅等）,駐車（輪）場,キーあり,なし,自動二輪（50cc超）,葛飾区東金町４丁目,35.774498,139.87549, 亀有警察署 金町駅北口交番,35.7701064,139.8702694
窃盗,オートバイ盗,亀有,金町駅北口交番,131229,東京都,葛飾区,東金町４丁目,2022/8/26,21,その他の住宅（３階建て以下共同住宅等）,駐車（輪）場,キーあり,なし,自動二輪（50cc超）,葛飾区東金町４丁目,35.774498,139.87549, 亀有警察署 金町駅北口交番,35.7701064,139.8702694
窃盗,オートバイ盗,亀有,堀切駅前交番,131229,東京都,葛飾区,堀切４丁目,2022/12/3,6,道路上,その他,キーなし,なし,自動二輪（50cc超）,葛飾区堀切４丁目,35.747278,139.822722, 亀有警察署 堀切駅前交番,,
窃盗,オートバイ盗,葛飾,たつみ橋交番,131229,東京都,葛飾区,西新小岩３丁目,2022/3/7,15,その他,その他,キーあり,なし,原動機付自転車（50cc以下）,葛飾区西新小岩３丁目,35.720481,139.847128, 葛飾警察署 たつみ橋交番,,
窃盗,オートバイ盗,葛飾,たつみ橋交番,131229,東京都,葛飾区,東新小岩３丁目,2019/8/16,20,４階建て以上共同住宅,その他,キーあり,なし,自動二輪（50cc超）,葛飾区東新小岩３丁目,35.722981,139.860992, 葛飾警察署 たつみ橋交番,,
窃盗,オートバイ盗,葛飾,四ツ木交番,131229,東京都,葛飾区,四つ木１丁目,2022/8/7,19,駐車（輪）場,駐車（輪）場,キーなし,なし,自動二輪（50cc超）,葛飾区四つ木１丁目,35.732958,139.833459, 葛飾警察署 四ツ木交番,35.7354203,139.8334653
窃盗,オートバイ盗,葛飾,奥戸交番,131229,東京都,葛飾区,奥戸６丁目,2022/4/18,18,４階建て以上共同住宅,その他,キーなし,なし,自動二輪（50cc超）,葛飾区奥戸６丁目,35.731258,139.870203, 葛飾警察署 奥戸交番,35.7343238,139.865247
窃盗,オートバイ盗,葛飾,宝町交番,131229,東京都,葛飾区,宝町２丁目,2022/9/15,11,道路上,その他,キーなし,なし,自動二輪（50cc超）,葛飾区宝町２丁目,35.745974,139.836842, 葛飾警察署 宝町交番,35.7468194,139.8366557
窃盗,オートバイ盗,葛飾,小松橋交番,131229,東京都,葛飾区,奥戸５丁目,2021/11/5,15,４階建て以上共同住宅,その他,キーなし,なし,自動二輪（50cc超）,葛飾区奥戸５丁目,35.73217,139.865921, 葛飾警察署 小松橋交番,35.7200947,139.8666376
窃盗,オートバイ盗,葛飾,立石駅前交番,131229,東京都,葛飾区,立石２丁目,2022/5/19,14,一戸建住宅,その他,キーあり,なし,原動機付自転車（50cc以下）,葛飾区立石２丁目,35.738666,139.840327, 葛飾警察署 立石駅前交番,35.7388475,139.8490674
窃盗,オートバイ盗,葛飾,細田交番,131229,東京都,葛飾区,東新小岩１丁目,2022/7/6,22,４階建て以上共同住宅,その他,キーなし,なし,自動二輪（50cc超）,葛飾区東新小岩１丁目,35.72061,139.861353, 葛飾警察署 細田交番,35.740142,139.8695527
窃盗,オートバイ盗,小松川,今井交番,131237,東京都,江戸川区,西瑞江３丁目,2022/3/31,18,その他の住宅（３階建て以下共同住宅等）,駐車（輪）場,キーなし,なし,原動機付自転車（50cc以下）,江戸川区西瑞江３丁目,35.6885072,139.890436, 小松川警察署 今井交番,35.6839121,139.8869888
窃盗,オートバイ盗,小松川,南篠崎交番,131237,東京都,江戸川区,篠崎町４丁目,2022/12/23,10,その他,駐車（輪）場,キーあり,なし,原動機付自転車（50cc以下）,江戸川区篠崎町４丁目,35.6997061,139.9103125, 小松川警察署 南篠崎交番,35.693524,139.90868
窃盗,オートバイ盗,小松川,小松川一丁目交番,131237,東京都,江戸川区,小松川１丁目,2022/2/21,21,４階建て以上共同住宅,駐車（輪）場,キーなし,あり,自動二輪（50cc超）,江戸川区小松川１丁目,35.688052,139.850711, 小松川警察署 小松川一丁目交番,35.6893507,139.8497681
窃盗,オートバイ盗,小松川,小松川一丁目交番,131237,東京都,江戸川区,小松川２丁目,2019/10/1,不明,その他の住宅（３階建て以下共同住宅等）,駐車（輪）場,キーなし,なし,原動機付自転車（50cc以下）,江戸川区小松川２丁目,35.695844,139.852701, 小松川警察署 小松川一丁目交番,35.6893507,139.8497681
窃盗,オートバイ盗,小松川,小松川一丁目交番,131237,東京都,江戸川区,小松川２丁目,2022/7/7,17,４階建て以上共同住宅,駐車（輪）場,キーなし,なし,原動機付自転車（50cc以下）,江戸川区小松川２丁目,35.695844,139.852701, 小松川警察署 小松川一丁目交番,35.6893507,139.8497681
窃盗,オートバイ盗,小松川,小松川四丁目交番,131237,東京都,江戸川区,平井１丁目,2022/8/8,20,４階建て以上共同住宅,駐車（輪）場,キーなし,なし,自動二輪（50cc超）,江戸川区平井１丁目,35.7040905,139.85139, 小松川警察署 小松川四丁目交番,35.699792,139.850426
窃盗,オートバイ盗,小松川,小松川四丁目交番,131237,東京都,江戸川区,平井２丁目,2022/4/22,18,駐車（輪）場,駐車（輪）場,キーなし,なし,自動二輪（50cc超）,江戸川区平井２丁目,35.7014494,139.8452923, 小松川警察署 小松川四丁目交番,35.699792,139.850426
窃盗,オートバイ盗,小松川,平井七丁目交番,131237,東京都,江戸川区,平井７丁目,2022/6/27,19,４階建て以上共同住宅,駐車（輪）場,キーなし,なし,原動機付自転車（50cc以下）,江戸川区平井７丁目,35.7148409,139.8378202, 小松川警察署 平井七丁目交番,35.7121136,139.8420423
窃盗,オートバイ盗,小松川,平井駅前交番,131237,東京都,江戸川区,平井４丁目,2016/12/1,不明,４階建て以上共同住宅,駐車（輪）場,キーなし,あり,自動二輪（50cc超）,江戸川区平井４丁目,35.7071958,139.8473581, 小松川警察署 平井駅前交番,35.70628605,139.8429350469908
窃盗,オートバイ盗,小松川,松島四丁目交番,131237,東京都,江戸川区,松島３丁目,2022/9/1,14,道路上,その他,キーあり,なし,原動機付自転車（50cc以下）,江戸川区松島３丁目,35.7107533,139.8620811, 小松川警察署 松島四丁目交番,35.7116563,139.8596166
窃盗,オートバイ盗,小松川,椿町駐在所,131237,東京都,江戸川区,春江町２丁目,2022/12/19,19,その他,駐車（輪）場,キーあり,なし,原動機付自転車（50cc以下）,江戸川区春江町２丁目,35.699917,139.888895, 小松川警察署 椿町駐在所,35.698842,139.8903386
窃盗,オートバイ盗,小松川,篠崎駅前交番,131237,東京都,江戸川区,篠崎町４丁目,2022/1/10,3,その他の住宅（３階建て以下共同住宅等）,駐車（輪）場,キーなし,なし,原動機付自転車（50cc以下）,江戸川区篠崎町４丁目,35.6997061,139.9103125, 小松川警察署 篠崎駅前交番,35.7056975,139.9042265
窃盗,オートバイ盗,小松川,篠崎駅前交番,131237,東京都,江戸川区,篠崎町７丁目,2022/12/26,15,道路上,その他,キーあり,なし,なし,江戸川区篠崎町７丁目,35.7048555,139.9020794, 小松川警察署 篠崎駅前交番,35.7056975,139.9042265
窃盗,オートバイ盗,小松川,篠崎駅前交番,131237,東京都,江戸川区,新堀１丁目,2022/1/7,22,その他,駐車（輪）場,キーあり,なし,自動二輪（50cc超）,江戸川区新堀１丁目,35.704745,139.8868751, 小松川警察署 篠崎駅前交番,35.7056975,139.9042265
窃盗,オートバイ盗,小松川,篠崎駅前交番,131237,東京都,江戸川区,谷河内１丁目,2022/10/30,20,道路上,その他,キーあり,なし,原動機付自転車（50cc以下）,江戸川区谷河内１丁目,35.703278,139.895235, 小松川警察署 篠崎駅前交番,35.7056975,139.9042265
窃盗,オートバイ盗,小岩,一里塚交番,131237,東京都,江戸川区,東小岩２丁目,2022/1/25,13,駐車（輪）場,駐車（輪）場,キーなし,なし,原動機付自転車（50cc以下）,江戸川区東小岩２丁目,35.726367,139.894498, 小岩警察署 一里塚交番,35.7321105,139.8909224
窃盗,オートバイ盗,小岩,一里塚交番,131237,東京都,江戸川区,東小岩２丁目,2022/9/9,13,駐車（輪）場,駐車（輪）場,キーなし,なし,自動二輪（50cc超）,江戸川区東小岩２丁目,35.726367,139.894498, 小岩警察署 一里塚交番,35.7321105,139.8909224
窃盗,オートバイ盗,小岩,北小岩二丁目交番,131237,東京都,江戸川区,北小岩３丁目,2022/6/10,14,その他,駐車（輪）場,キーあり,なし,原動機付自転車（50cc以下）,江戸川区北小岩３丁目,35.7371308,139.8946274, 小岩警察署 北小岩二丁目交番,35.7363427,139.8848256
窃盗,オートバイ盗,小岩,北小岩駐在所,131237,東京都,江戸川区,北小岩８丁目,2021/1/15,不明,道路上,その他,キーなし,なし,自動二輪（50cc超）,江戸川区北小岩８丁目,35.7485556,139.8872022, 小岩警察署 北小岩駐在所,35.7421769,139.8886395
窃盗,オートバイ盗,小岩,北小岩駐在所,131237,東京都,江戸川区,北小岩８丁目,2022/1/20,19,一戸建住宅,駐車（輪）場,キーあり,なし,自動二輪（50cc超）,江戸川区北小岩８丁目,35.7485556,139.8872022, 小岩警察署 北小岩駐在所,35.7421769,139.8886395
窃盗,オートバイ盗,小岩,南小岩交番,131237,東京都,江戸川区,南小岩２丁目,2022/4/25,16,その他の住宅（３階建て以下共同住宅等）,駐車（輪）場,キーなし,なし,自動二輪（50cc超）,江戸川区南小岩２丁目,35.720006,139.889455, 小岩警察署 南小岩交番,35.7209467,139.8903081
窃盗,オートバイ盗,小岩,小岩駅前交番,131237,東京都,江戸川区,南小岩６丁目,2022/1/17,19,駐車（輪）場,駐車（輪）場,キーなし,なし,原動機付自転車（50cc以下）,江戸川区南小岩６丁目,35.729527,139.878707, 小岩警察署 小岩駅前交番,35.7330816,139.8819066
窃盗,オートバイ盗,小岩,小岩駅前交番,131237,東京都,江戸川区,南小岩６丁目,2022/6/7,9,４階建て以上共同住宅,駐車（輪）場,キーなし,なし,原動機付自転車（50cc以下）,江戸川区南小岩６丁目,35.729527,139.878707, 小岩警察署 小岩駅前交番,35.7330816,139.8819066
窃盗,オートバイ盗,小岩,鹿骨交番,131237,東京都,江戸川区,鹿骨２丁目,2017/1/10,不明,道路上,その他,キーなし,なし,自動二輪（50cc超）,江戸川区鹿骨２丁目,35.7071043,139.8933177, 小岩警察署 鹿骨交番,35.710294,139.88931
窃盗,オートバイ盗,葛西,共栄橋交番,131237,東京都,江戸川区,中葛西１丁目,2019/8/31,16,４階建て以上共同住宅,駐車（輪）場,キーなし,なし,原動機付自転車（50cc以下）,江戸川区中葛西１丁目,35.6713985,139.8694551, 葛西警察署 共栄橋交番,35.667770399999995,139.8717700846705
窃盗,オートバイ盗,葛西,共栄橋交番,131237,東京都,江戸川区,中葛西３丁目,2022/12/9,8,その他,駐車（輪）場,キーあり,なし,自動二輪（50cc超）,江戸川区中葛西３丁目,35.6658464,139.8710968, 葛西警察署 共栄橋交番,35.667770399999995,139.8717700846705
窃盗,オートバイ盗,葛西,南葛西交番,131237,東京都,江戸川区,南葛西２丁目,2022/9/29,19,その他の住宅（３階建て以下共同住宅等）,その他,キーなし,なし,自動二輪（50cc超）,江戸川区南葛西２丁目,35.6537733,139.8753655, 葛西警察署 南葛西交番,35.6484223,139.87167429303327
窃盗,オートバイ盗,葛西,南葛西交番,131237,東京都,江戸川区,南葛西４丁目,2022/7/20,12,その他,駐車（輪）場,キーあり,なし,原動機付自転車（50cc以下）,江戸川区南葛西４丁目,35.6495309,139.874178, 葛西警察署 南葛西交番,35.6484223,139.87167429303327
窃盗,オートバイ盗,葛西,南葛西交番,131237,東京都,江戸川区,南葛西５丁目,2022/12/2,21,４階建て以上共同住宅,駐車（輪）場,キーなし,なし,自動二輪（50cc超）,江戸川区南葛西５丁目,35.6456686,139.8729099, 葛西警察署 南葛西交番,35.6484223,139.87167429303327
窃盗,オートバイ盗,葛西,南葛西交番,131237,東京都,江戸川区,南葛西７丁目,2022/2/23,16,４階建て以上共同住宅,駐車（輪）場,キーなし,なし,自動二輪（50cc超）,江戸川区南葛西７丁目,35.6475333,139.881607, 葛西警察署 南葛西交番,35.6484223,139.87167429303327
窃盗,オートバイ盗,葛西,南葛西交番,131237,東京都,江戸川区,南葛西７丁目,2022/4/22,21,４階建て以上共同住宅,駐車（輪）場,キーなし,なし,自動二輪（50cc超）,江戸川区南葛西７丁目,35.6475333,139.881607, 葛西警察署 南葛西交番,35.6484223,139.87167429303327
窃盗,オートバイ盗,葛西,東葛西五丁目交番,131237,東京都,江戸川区,東葛西１丁目,2022/11/25,20,その他の住宅（３階建て以下共同住宅等）,駐車（輪）場,キーなし,なし,自動二輪（50cc超）,江戸川区東葛西１丁目,35.671029,139.8799276, 葛西警察署 東葛西五丁目交番,35.66589895,139.8827055
窃盗,オートバイ盗,葛西,東葛西五丁目交番,131237,東京都,江戸川区,東葛西４丁目,2022/11/24,5,４階建て以上共同住宅,駐車（輪）場,キーなし,あり,自動二輪（50cc超）,江戸川区東葛西４丁目,35.6622018,139.8847988, 葛西警察署 東葛西五丁目交番,35.66589895,139.8827055
窃盗,オートバイ盗,葛西,東葛西五丁目交番,131237,東京都,江戸川区,東葛西４丁目,2022/11/30,7,４階建て以上共同住宅,駐車（輪）場,キーなし,なし,自動二輪（50cc超）,江戸川区東葛西４丁目,35.6622018,139.8847988, 葛西警察署 東葛西五丁目交番,35.66589895,139.8827055
窃盗,オートバイ盗,葛西,江戸川六丁目交番,131237,東京都,江戸川区,江戸川６丁目,2022/9/25,22,４階建て以上共同住宅,駐車（輪）場,キーなし,なし,自動二輪（50cc超）,江戸川区江戸川６丁目,35.675602,139.8765432, 葛西警察署 江戸川六丁目交番,35.6774626,139.8792341
窃盗,オートバイ盗,葛西,清新町交番,131237,東京都,江戸川区,清新町１丁目,2021/1/1,0,４階建て以上共同住宅,駐車（輪）場,キーなし,なし,原動機付自転車（50cc以下）,江戸川区清新町１丁目,35.6613584,139.8518492, 葛西警察署 清新町交番,35.6573992,139.85536812759563
窃盗,オートバイ盗,葛西,清新町交番,131237,東京都,江戸川区,清新町２丁目,2021/4/1,20,４階建て以上共同住宅,駐車（輪）場,キーなし,なし,原動機付自転車（50cc以下）,江戸川区清新町２丁目,35.6559854,139.8546307, 葛西警察署 清新町交番,35.6573992,139.85536812759563
窃盗,オートバイ盗,葛西,清新町交番,131237,東京都,江戸川区,清新町２丁目,2022/2/21,18,４階建て以上共同住宅,駐車（輪）場,キーなし,なし,自動二輪（50cc超）,江戸川区清新町２丁目,35.6559854,139.8546307, 葛西警察署 清新町交番,35.6573992,139.85536812759563
窃盗,オートバイ盗,葛西,臨海公園交番,131237,東京都,江戸川区,臨海町６丁目,2022/9/20,22,その他,駐車（輪）場,キーあり,なし,自動二輪（50cc超）,江戸川区臨海町６丁目,35.642617,139.8599441, 葛西警察署 臨海公園交番,35.64385285,139.86149732977663
窃盗,オートバイ盗,葛西,臨海公園交番,131237,東京都,江戸川区,臨海町６丁目,2022/9/20,22,その他,駐車（輪）場,キーあり,なし,自動二輪（50cc超）,江戸川区臨海町６丁目,35.642617,139.8599441, 葛西警察署 臨海公園交番,35.64385285,139.86149732977663
窃盗,オートバイ盗,葛西,臨海公園交番,131237,東京都,江戸川区,臨海町６丁目,2022/11/12,17,その他,駐車（輪）場,キーあり,なし,自動二輪（50cc超）,江戸川区臨海町６丁目,35.642617,139.8599441, 葛西警察署 臨海公園交番,35.64385285,139.86149732977663
窃盗,オートバイ盗,葛西,船堀駅前交番,131237,東京都,江戸川区,一之江町,2022/5/27,15,４階建て以上共同住宅,駐車（輪）場,キーなし,なし,自動二輪（50cc超）,江戸川区一之江町,35.6836213,139.8734063, 葛西警察署 船堀駅前交番,35.6837041,139.8639433
窃盗,オートバイ盗,葛西,船堀駅前交番,131237,東京都,江戸川区,船堀１丁目,2022/5/1,22,４階建て以上共同住宅,駐車（輪）場,キーあり,あり,自動二輪（50cc超）,江戸川区船堀１丁目,35.6864742,139.8599261, 葛西警察署 船堀駅前交番,35.6837041,139.8639433
窃盗,オートバイ盗,葛西,船堀駅前交番,131237,東京都,江戸川区,船堀１丁目,2022/7/20,21,４階建て以上共同住宅,駐車（輪）場,キーなし,あり,自動二輪（50cc超）,江戸川区船堀１丁目,35.6864742,139.8599261, 葛西警察署 船堀駅前交番,35.6837041,139.8639433
窃盗,オートバイ盗,葛西,船堀駅前交番,131237,東京都,江戸川区,船堀１丁目,2022/8/8,14,その他,駐車（輪）場,キーあり,なし,原動機付自転車（50cc以下）,江戸川区船堀１丁目,35.6864742,139.8599261, 葛西警察署 船堀駅前交番,35.6837041,139.8639433
窃盗,オートバイ盗,葛西,船堀駅前交番,131237,東京都,江戸川区,船堀１丁目,2022/9/2,19,その他,駐車（輪）場,キーあり,なし,自動二輪（50cc超）,江戸川区船堀１丁目,35.6864742,139.8599261, 葛西警察署 船堀駅前交番,35.6837041,139.8639433
窃盗,オートバイ盗,葛西,船堀駅前交番,131237,東京都,江戸川区,船堀１丁目,2022/10/11,9,その他,駐車（輪）場,キーあり,なし,原動機付自転車（50cc以下）,江戸川区船堀１丁目,35.6864742,139.8599261, 葛西警察署 船堀駅前交番,35.6837041,139.8639433
窃盗,オートバイ盗,葛西,船堀駅前交番,131237,東京都,江戸川区,船堀１丁目,2022/10/22,9,その他,駐車（輪）場,キーあり,あり,自動二輪（50cc超）,江戸川区船堀１丁目,35.6864742,139.8599261, 葛西警察署 船堀駅前交番,35.6837041,139.8639433
窃盗,オートバイ盗,葛西,葛西橋東交番,131237,東京都,江戸川区,北葛西４丁目,2022/8/22,21,道路上,その他,キーあり,なし,原動機付自転車（50cc以下）,江戸川区北葛西４丁目,35.6715372,139.86352, 葛西警察署 葛西橋東交番,,
窃盗,オートバイ盗,葛西,葛西橋東交番,131237,東京都,江戸川区,西葛西１丁目,2022/10/2,17,一戸建住宅,駐車（輪）場,キーなし,なし,自動二輪（50cc超）,江戸川区西葛西１丁目,35.6722321,139.852666, 葛西警察署 葛西橋東交番,,
窃盗,オートバイ盗,葛西,葛西駅前交番,131237,東京都,江戸川区,中葛西７丁目,2022/1/18,1,道路上,その他,キーなし,あり,自動二輪（50cc超）,江戸川区中葛西７丁目,35.656637,139.8664632, 葛西警察署 葛西駅前交番,,
窃盗,オートバイ盗,葛西,西葛西駅前交番,131237,東京都,江戸川区,西葛西２丁目,2022/11/1,16,４階建て以上共同住宅,駐車（輪）場,キーなし,なし,自動二輪（50cc超）,江戸川区西葛西２丁目,35.6680691,139.8533379, 葛西警察署 西葛西駅前交番,,
窃盗,オートバイ盗,葛西,西葛西駅前交番,131237,東京都,江戸川区,西葛西３丁目,2022/10/20,21,道路上,その他,キーあり,なし,原動機付自転車（50cc以下）,江戸川区西葛西３丁目,35.6674208,139.8580746, 葛西警察署 西葛西駅前交番,,
窃盗,オートバイ盗,葛西,西葛西駅前交番,131237,東京都,江戸川区,西葛西５丁目,2022/11/20,22,４階建て以上共同住宅,駐車（輪）場,キーあり,なし,原動機付自転車（50cc以下）,江戸川区西葛西５丁目,35.6660709,139.8618311, 葛西警察署 西葛西駅前交番,,
窃盗,オートバイ盗,南大沢,みなみ野交番,132012,東京都,八王子市,片倉町,2022/1/29,18,その他の住宅（３階建て以下共同住宅等）,駐車（輪）場,キーなし,あり,自動二輪（50cc超）,八王子市片倉町,,, 南大沢警察署 みなみ野交番,,
窃盗,オートバイ盗,南大沢,みなみ野交番,132012,東京都,八王子市,片倉町,2022/8/24,14,その他の住宅（３階建て以下共同住宅等）,駐車（輪）場,キーなし,なし,原動機付自転車（50cc以下）,八王子市片倉町,,, 南大沢警察署 みなみ野交番,,
窃盗,オートバイ盗,南大沢,上柚木駐在所,132012,東京都,八王子市,上柚木,2021/3/1,不明,４階建て以上共同住宅,駐車（輪）場,キーなし,なし,原動機付自転車（50cc以下）,八王子市上柚木,,, 南大沢警察署 上柚木駐在所,,
窃盗,オートバイ盗,南大沢,下柚木交番,132012,東京都,八王子市,越野,2021/8/17,16,その他の住宅（３階建て以下共同住宅等）,駐車（輪）場,キーなし,なし,原動機付自転車（50cc以下）,八王子市越野,,, 南大沢警察署 下柚木交番,,
窃盗,オートバイ盗,南大沢,北野駅前交番,132012,東京都,八王子市,打越町,2022/7/13,12,その他の住宅（３階建て以下共同住宅等）,駐車（輪）場,キーなし,なし,原動機付自転車（50cc以下）,八王子市打越町,,, 南大沢警察署 北野駅前交番,,
窃盗,オートバイ盗,南大沢,北野駅前交番,132012,東京都,八王子市,北野町,2022/3/26,12,４階建て以上共同住宅,駐車（輪）場,キーなし,なし,自動二輪（50cc超）,八王子市北野町,,, 南大沢警察署 北野駅前交番,,
窃盗,オートバイ盗,南大沢,北野駅前交番,132012,東京都,八王子市,北野町,2022/12/6,15,道路上,その他,キーあり,なし,自動二輪（50cc超）,八王子市北野町,,, 南大沢警察署 北野駅前交番,,
窃盗,オートバイ盗,南大沢,南大沢駅前交番,132012,東京都,八王子市,南大沢２丁目,2022/9/4,0,道路上,その他,キーあり,なし,原動機付自転車（50cc以下）,八王子市南大沢２丁目,,, 南大沢警察署 南大沢駅前交番,,
窃盗,オートバイ盗,南大沢,堀之内駅前交番,132012,東京都,八王子市,大塚,2022/6/30,23,その他の住宅（３階建て以下共同住宅等）,駐車（輪）場,キーなし,なし,原動機付自転車（50cc以下）,八王子市大塚,,, 南大沢警察署 堀之内駅前交番,,
窃盗,オートバイ盗,南大沢,堀之内駅前交番,132012,東京都,八王子市,別所２丁目,2021/3/1,12,４階建て以上共同住宅,駐車（輪）場,キーあり,なし,自動二輪（50cc超）,八王子市別所２丁目,,, 南大沢警察署 堀之内駅前交番,,
窃盗,オートバイ盗,南大沢,堀之内駅前交番,132012,東京都,八王子市,堀之内２丁目,2022/10/20,8,４階建て以上共同住宅,駐車（輪）場,キーあり,なし,原動機付自転車（50cc以下）,八王子市堀之内２丁目,,, 南大沢警察署 堀之内駅前交番,,
窃盗,オートバイ盗,南大沢,大戸駐在所,132098,東京都,町田市,相原町,2022/8/11,21,４階建て以上共同住宅,駐車（輪）場,キーなし,なし,原動機付自転車（50cc以下）,町田市相原町,35.6054106,139.3299887, 南大沢警察署 大戸駐在所,35.60938285,139.29851545
窃盗,オートバイ盗,南大沢,大戸駐在所,132098,東京都,町田市,相原町,2022/12/1,9,その他,駐車（輪）場,キーあり,なし,原動機付自転車（50cc以下）,町田市相原町,35.6054106,139.3299887, 南大沢警察署 大戸駐在所,35.60938285,139.29851545
窃盗,オートバイ盗,南大沢,小山駐在所,132098,東京都,町田市,小山町,2022/10/21,10,その他の住宅（３階建て以下共同住宅等）,駐車（輪）場,キーあり,なし,原動機付自転車（50cc以下）,町田市小山町,35.5956062,139.3770822, 南大沢警察署 小山駐在所,35.5959169,139.3718669
窃盗,オートバイ盗,南大沢,小山駐在所,132098,東京都,町田市,小山町,2022/11/6,2,その他,その他,キーなし,なし,自動二輪（50cc超）,町田市小山町,35.5956062,139.3770822, 南大沢警察署 小山駐在所,35.5959169,139.3718669
窃盗,オートバイ盗,南大沢,小比企駐在所,132012,東京都,八王子市,小比企町,2022/5/17,16,その他の住宅（３階建て以下共同住宅等）,その他,キーあり,なし,自動二輪（50cc超）,八王子市小比企町,,, 南大沢警察署 小比企駐在所,,
窃盗,オートバイ盗,南大沢,松が谷交番,132012,東京都,八王子市,大塚,2022/7/11,9,その他の住宅（３階建て以下共同住宅等）,駐車（輪）場,キーなし,なし,原動機付自転車（50cc以下）,八王子市大塚,,, 南大沢警察署 松が谷交番,,
窃盗,オートバイ盗,南大沢,相原駅前交番,132098,東京都,町田市,相原町,2022/7/17,17,４階建て以上共同住宅,駐車（輪）場,キーなし,なし,原動機付自転車（50cc以下）,町田市相原町,35.6054106,139.3299887, 南大沢警察署 相原駅前交番,35.607092800000004,139.33191845816327
窃盗,オートバイ盗,南大沢,高嶺交番,132012,東京都,八王子市,片倉町,2022/3/5,18,その他の住宅（３階建て以下共同住宅等）,駐車（輪）場,キーなし,なし,原動機付自転車（50cc以下）,八王子市片倉町,,, 南大沢警察署 高嶺交番,35.627737749999994,139.34880344544945
窃盗,オートバイ盗,南大沢,高嶺交番,132012,東京都,八王子市,片倉町,2022/7/23,17,駐車（輪）場,駐車（輪）場,キーなし,なし,自動二輪（50cc超）,八王子市片倉町,,, 南大沢警察署 高嶺交番,35.627737749999994,139.34880344544945
窃盗,オートバイ盗,高尾,めじろ台交番,132012,東京都,八王子市,椚田町,2021/10/20,17,４階建て以上共同住宅,駐車（輪）場,キーなし,なし,自動二輪（50cc超）,八王子市椚田町,,, 高尾警察署 めじろ台交番,,
窃盗,オートバイ盗,高尾,めじろ台交番,132012,東京都,八王子市,椚田町,2022/5/15,21,その他の住宅（３階建て以下共同住宅等）,駐車（輪）場,キーなし,なし,自動二輪（50cc超）,八王子市椚田町,,, 高尾警察署 めじろ台交番,,
窃盗,オートバイ盗,高尾,めじろ台交番,132012,東京都,八王子市,椚田町,2022/10/27,7,その他の住宅（３階建て以下共同住宅等）,駐車（輪）場,キーなし,なし,原動機付自転車（50cc以下）,八王子市椚田町,,, 高尾警察署 めじろ台交番,,
窃盗,オートバイ盗,高尾,めじろ台交番,132012,東京都,八王子市,めじろ台２丁目,2022/3/11,2,その他の住宅（３階建て以下共同住宅等）,駐車（輪）場,キーなし,なし,原動機付自転車（50cc以下）,八王子市めじろ台２丁目,,, 高尾警察署 めじろ台交番,,
窃盗,オートバイ盗,高尾,めじろ台交番,132012,東京都,八王子市,山田町,2022/8/26,19,４階建て以上共同住宅,駐車（輪）場,キーなし,なし,自動二輪（50cc超）,八王子市山田町,,, 高尾警察署 めじろ台交番,,
窃盗,オートバイ盗,高尾,諏訪交番,132012,東京都,八王子市,上壱分方町,2022/2/5,23,一戸建住宅,駐車（輪）場,キーなし,なし,自動二輪（50cc超）,八王子市上壱分方町,,, 高尾警察署 諏訪交番,35.67533355,139.29081936367348
窃盗,オートバイ盗,高尾,諏訪交番,132012,東京都,八王子市,諏訪町,2022/5/18,22,その他の住宅（３階建て以下共同住宅等）,駐車（輪）場,キーなし,なし,自動二輪（50cc超）,八王子市諏訪町,,, 高尾警察署 諏訪交番,35.67533355,139.29081936367348
窃盗,オートバイ盗,高尾,諏訪交番,132012,東京都,八王子市,大楽寺町,2022/3/25,6,その他の住宅（３階建て以下共同住宅等）,駐車（輪）場,キーなし,なし,原動機付自転車（50cc以下）,八王子市大楽寺町,,, 高尾警察署 諏訪交番,35.67533355,139.29081936367348
窃盗,オートバイ盗,高尾,諏訪交番,132012,東京都,八王子市,弐分方町,2022/10/29,6,その他,駐車（輪）場,キーあり,なし,原動機付自転車（50cc以下）,八王子市弐分方町,,, 高尾警察署 諏訪交番,35.67533355,139.29081936367348
窃盗,オートバイ盗,高尾,長房町交番,132012,東京都,八王子市,長房町,2022/6/3,21,その他の住宅（３階建て以下共同住宅等）,駐車（輪）場,キーなし,なし,自動二輪（50cc超）,八王子市長房町,,, 高尾警察署 長房町交番,35.65535125,139.29572570279308
窃盗,オートバイ盗,高尾,長房町交番,132012,東京都,八王子市,長房町,2022/10/21,22,一戸建住宅,駐車（輪）場,キーあり,なし,原動機付自転車（50cc以下）,八王子市長房町,,, 高尾警察署 長房町交番,35.65535125,139.29572570279308
窃盗,オートバイ盗,高尾,館駐在所,132012,東京都,八王子市,館町,2022/5/25,18,４階建て以上共同住宅,駐車（輪）場,キーなし,なし,自動二輪（50cc超）,八王子市館町,,, 高尾警察署 館駐在所,35.636009,139.299558
窃盗,オートバイ盗,多摩中央,向陽台駐在所,132250,東京都,稲城市,向陽台６丁目,2022/6/24,22,４階建て以上共同住宅,駐車（輪）場,キーなし,なし,自動二輪（50cc超）,稲城市向陽台６丁目,35.643117,139.491824, 多摩中央警察署 向陽台駐在所,35.6398292,139.4872871
窃盗,オートバイ盗,多摩中央,多摩センター駅前交番,132241,東京都,多摩市,落合１丁目,2022/6/15,14,その他,駐車（輪）場,キーなし,なし,自動二輪（50cc超）,多摩市落合１丁目,35.624877,139.427097, 多摩中央警察署 多摩センター駅前交番,,
窃盗,オートバイ盗,多摩中央,多摩センター駅前交番,132241,東京都,多摩市,落合３丁目,2022/10/13,11,４階建て以上共同住宅,駐車（輪）場,キーなし,なし,原動機付自転車（50cc以下）,多摩市落合３丁目,35.619155,139.430218, 多摩中央警察署 多摩センター駅前交番,,
窃盗,オートバイ盗,多摩中央,大丸交番,132250,東京都,稲城市,大丸,2022/7/24,9,４階建て以上共同住宅,駐車（輪）場,キーなし,なし,原動機付自転車（50cc以下）,稲城市大丸,35.644584,139.477742, 多摩中央警察署 大丸交番,35.64792,139.4929595
窃盗,オートバイ盗,多摩中央,大丸交番,132250,東京都,稲城市,大丸,2022/10/4,18,４階建て以上共同住宅,駐車（輪）場,キーなし,なし,自動二輪（50cc超）,稲城市大丸,35.644584,139.477742, 多摩中央警察署 大丸交番,35.64792,139.4929595
窃盗,オートバイ盗,多摩中央,大丸交番,132250,東京都,稲城市,大丸,2022/10/23,3,その他の住宅（３階建て以下共同住宅等）,駐車（輪）場,キーあり,あり,自動二輪（50cc超）,稲城市大丸,35.644584,139.477742, 多摩中央警察署 大丸交番,35.64792,139.4929595
窃盗,オートバイ盗,多摩中央,平尾交番,132250,東京都,稲城市,平尾１丁目,2022/7/23,20,その他の住宅（３階建て以下共同住宅等）,駐車（輪）場,キーなし,なし,自動二輪（50cc超）,稲城市平尾１丁目,35.612778,139.492132, 多摩中央警察署 平尾交番,35.6090997,139.4886865
窃盗,オートバイ盗,多摩中央,愛宕交番,132241,東京都,多摩市,愛宕２丁目,2022/10/11,8,４階建て以上共同住宅,駐車（輪）場,キーなし,なし,自動二輪（50cc超）,多摩市愛宕２丁目,35.634622,139.439289, 多摩中央警察署 愛宕交番,,
窃盗,オートバイ盗,多摩中央,愛宕交番,132241,東京都,多摩市,和田,2022/2/19,22,一戸建住宅,駐車（輪）場,キーなし,なし,自動二輪（50cc超）,多摩市和田,35.642935,139.427921, 多摩中央警察署 愛宕交番,,
窃盗,オートバイ盗,多摩中央,桜ケ丘駅前交番,132241,東京都,多摩市,和田,2021/11/10,20,４階建て以上共同住宅,駐車（輪）場,キーなし,なし,自動二輪（50cc超）,多摩市和田,35.642935,139.427921, 多摩中央警察署 桜ケ丘駅前交番,,
窃盗,オートバイ盗,多摩中央,永山駅前交番,132241,東京都,多摩市,諏訪１丁目,2022/6/20,8,その他の住宅（３階建て以下共同住宅等）,駐車（輪）場,キーなし,なし,原動機付自転車（50cc以下）,多摩市諏訪１丁目,35.632185,139.450681, 多摩中央警察署 永山駅前交番,35.6298715,139.4478663
窃盗,オートバイ盗,多摩中央,永山駅前交番,132241,東京都,多摩市,永山１丁目,2022/3/7,14,道路上,その他,キーなし,なし,原動機付自転車（50cc以下）,多摩市永山１丁目,35.631485,139.445637, 多摩中央警察署 永山駅前交番,35.6298715,139.4478663
窃盗,オートバイ盗,多摩中央,永山駅前交番,132241,東京都,多摩市,永山１丁目,2022/3/27,8,駐車（輪）場,駐車（輪）場,キーなし,なし,原動機付自転車（50cc以下）,多摩市永山１丁目,35.631485,139.445637, 多摩中央警察署 永山駅前交番,35.6298715,139.4478663
窃盗,オートバイ盗,多摩中央,永山駅前交番,132241,東京都,多摩市,永山１丁目,2022/5/16,8,その他の住宅（３階建て以下共同住宅等）,駐車（輪）場,キーなし,なし,原動機付自転車（50cc以下）,多摩市永山１丁目,35.631485,139.445637, 多摩中央警察署 永山駅前交番,35.6298715,139.4478663
窃盗,オートバイ盗,多摩中央,落合六丁目駐在所,132241,東京都,多摩市,南野３丁目,2022/7/29,23,一戸建住宅,駐車（輪）場,キーなし,なし,自動二輪（50cc超）,多摩市南野３丁目,35.609331,139.421194, 多摩中央警察署 落合六丁目駐在所,35.6119239,139.4244175
窃盗,オートバイ盗,多摩中央,貝取交番,132241,東京都,多摩市,貝取３丁目,不明,不明,４階建て以上共同住宅,駐車（輪）場,キーなし,なし,自動二輪（50cc超）,多摩市貝取３丁目,35.616718,139.441297, 多摩中央警察署 貝取交番,,
窃盗,オートバイ盗,多摩中央,長峰駐在所,132250,東京都,稲城市,長峰１丁目,2022/4/29,17,その他,駐車（輪）場,キーなし,なし,自動二輪（50cc超）,稲城市長峰１丁目,35.631883,139.487495, 多摩中央警察署 長峰駐在所,35.6311436,139.4850558
窃盗,オートバイ盗,東大和,けやき通交番,132209,東京都,東大和市,清水５丁目,2022/7/6,1,一戸建住宅,駐車（輪）場,キーなし,なし,自動二輪（50cc超）,東大和市清水５丁目,35.749136,139.443462, 東大和警察署 けやき通交番,,
窃盗,オートバイ盗,東大和,けやき通交番,132209,東京都,東大和市,向原１丁目,2018/3/1,不明,その他,駐車（輪）場,キーあり,なし,自動二輪（50cc超）,東大和市向原１丁目,35.740895,139.442334, 東大和警察署 けやき通交番,,
窃盗,オートバイ盗,東大和,三ツ木交番,132233,東京都,武蔵村山市,残堀４丁目,2022/5/10,7,一戸建住宅,駐車（輪）場,キーなし,なし,原動機付自転車（50cc以下）,武蔵村山市残堀４丁目,35.749426,139.367815, 東大和警察署 三ツ木交番,,
窃盗,オートバイ盗,東大和,三ツ木交番,132233,東京都,武蔵村山市,残堀４丁目,2022/9/22,17,その他,その他,キーなし,なし,自動二輪（50cc超）,武蔵村山市残堀４丁目,35.749426,139.367815, 東大和警察署 三ツ木交番,,
窃盗,オートバイ盗,東大和,三ツ木交番,132233,東京都,武蔵村山市,残堀５丁目,2022/5/30,7,その他,駐車（輪）場,キーあり,なし,原動機付自転車（50cc以下）,武蔵村山市残堀５丁目,35.752382,139.369676, 東大和警察署 三ツ木交番,,
窃盗,オートバイ盗,東大和,三ツ木交番,132233,東京都,武蔵村山市,中原１丁目,2022/6/17,21,一戸建住宅,駐車（輪）場,キーなし,なし,自動二輪（50cc超）,武蔵村山市中原１丁目,35.755881,139.365178, 東大和警察署 三ツ木交番,,
窃盗,オートバイ盗,東大和,中藤交番,132233,東京都,武蔵村山市,三ツ藤１丁目,2022/6/17,20,一戸建住宅,駐車（輪）場,キーなし,なし,自動二輪（50cc超）,武蔵村山市三ツ藤１丁目,35.750018,139.379996, 東大和警察署 中藤交番,35.753997,139.399184
窃盗,オートバイ盗,東大和,中藤交番,132233,東京都,武蔵村山市,三ツ藤１丁目,2022/7/11,17,その他,駐車（輪）場,キーあり,なし,自動二輪（50cc超）,武蔵村山市三ツ藤１丁目,35.750018,139.379996, 東大和警察署 中藤交番,35.753997,139.399184
窃盗,オートバイ盗,東大和,中藤交番,132233,東京都,武蔵村山市,神明３丁目,2022/4/29,18,一戸建住宅,駐車（輪）場,キーなし,なし,自動二輪（50cc超）,武蔵村山市神明３丁目,35.751743,139.40582, 東大和警察署 中藤交番,35.753997,139.399184
窃盗,オートバイ盗,東大和,中藤交番,132233,東京都,武蔵村山市,中藤１丁目,2022/9/1,23,一戸建住宅,駐車（輪）場,キーなし,なし,自動二輪（50cc超）,武蔵村山市中藤１丁目,35.756015,139.398608, 東大和警察署 中藤交番,35.753997,139.399184
窃盗,オートバイ盗,東大和,中藤交番,132233,東京都,武蔵村山市,本町２丁目,2022/4/19,20,その他の住宅（３階建て以下共同住宅等）,その他,キーあり,なし,原動機付自転車（50cc以下）,武蔵村山市本町２丁目,35.755136,139.381655, 東大和警察署 中藤交番,35.753997,139.399184
窃盗,オートバイ盗,東大和,中藤交番,132233,東京都,武蔵村山市,本町２丁目,2022/9/2,6,一戸建住宅,駐車（輪）場,キーなし,なし,自動二輪（50cc超）,武蔵村山市本町２丁目,35.755136,139.381655, 東大和警察署 中藤交番,35.753997,139.399184
窃盗,オートバイ盗,東大和,奈良橋交番,132209,東京都,東大和市,奈良橋３丁目,2021/12/25,13,一戸建住宅,その他,キーなし,なし,自動二輪（50cc超）,東大和市奈良橋３丁目,35.751475,139.429959, 東大和警察署 奈良橋交番,,
窃盗,オートバイ盗,東大和,村山交番,132233,東京都,武蔵村山市,榎１丁目,2022/4/17,17,その他,駐車（輪）場,キーあり,なし,原動機付自転車（50cc以下）,武蔵村山市榎１丁目,35.74089,139.38802, 東大和警察署 村山交番,35.742466,139.407276
窃盗,オートバイ盗,東大和,村山交番,132233,東京都,武蔵村山市,大南１丁目,2022/9/8,19,一戸建住宅,駐車（輪）場,キーなし,なし,自動二輪（50cc超）,武蔵村山市大南１丁目,35.738599,139.397063, 東大和警察署 村山交番,35.742466,139.407276
窃盗,オートバイ盗,東大和,村山交番,132233,東京都,武蔵村山市,緑が丘,2022/4/8,11,４階建て以上共同住宅,駐車（輪）場,キーあり,なし,原動機付自転車（50cc以下）,武蔵村山市緑が丘,35.742924,139.407918, 東大和警察署 村山交番,35.742466,139.407276
窃盗,オートバイ盗,東大和,村山交番,132233,東京都,武蔵村山市,緑が丘,2022/6/23,15,４階建て以上共同住宅,駐車（輪）場,キーあり,なし,自動二輪（50cc超）,武蔵村山市緑が丘,35.742924,139.407918, 東大和警察署 村山交番,35.742466,139.407276
窃盗,オートバイ盗,東大和,村山交番,132233,東京都,武蔵村山市,緑が丘,2022/6/29,16,４階建て以上共同住宅,駐車（輪）場,キーなし,なし,自動二輪（50cc超）,武蔵村山市緑が丘,35.742924,139.407918, 東大和警察署 村山交番,35.742466,139.407276
窃盗,オートバイ盗,東大和,村山交番,132233,東京都,武蔵村山市,緑が丘,2022/8/30,8,４階建て以上共同住宅,駐車（輪）場,キーなし,なし,自動二輪（50cc超）,武蔵村山市緑が丘,35.742924,139.407918, 東大和警察署 村山交番,35.742466,139.407276
窃盗,オートバイ盗,東大和,村山交番,132233,東京都,武蔵村山市,緑が丘,2022/9/11,7,４階建て以上共同住宅,駐車（輪）場,キーなし,なし,自動二輪（50cc超）,武蔵村山市緑が丘,35.742924,139.407918, 東大和警察署 村山交番,35.742466,139.407276
窃盗,オートバイ盗,東大和,村山貯水池駐在所,132209,東京都,東大和市,多摩湖２丁目,2022/12/3,13,一戸建住宅,駐車（輪）場,キーなし,なし,自動二輪（50cc超）,東大和市多摩湖２丁目,35.766714,139.42421, 東大和警察署 村山貯水池駐在所,35.759581,139.439374
窃盗,オートバイ盗,東大和,残堀駐在所,132233,東京都,武蔵村山市,伊奈平３丁目,2022/2/4,10,その他,駐車（輪）場,キーあり,なし,原動機付自転車（50cc以下）,武蔵村山市伊奈平３丁目,35.735481,139.38063, 東大和警察署 残堀駐在所,35.743331,139.371715
窃盗,オートバイ盗,東大和,残堀駐在所,132233,東京都,武蔵村山市,伊奈平５丁目,2022/10/31,17,その他,駐車（輪）場,キーあり,なし,原動機付自転車（50cc以下）,武蔵村山市伊奈平５丁目,35.740251,139.373562, 東大和警察署 残堀駐在所,35.743331,139.371715
窃盗,オートバイ盗,東大和,残堀駐在所,132233,東京都,武蔵村山市,伊奈平５丁目,2022/11/1,0,その他,駐車（輪）場,キーあり,なし,原動機付自転車（50cc以下）,武蔵村山市伊奈平５丁目,35.740251,139.373562, 東大和警察署 残堀駐在所,35.743331,139.371715
窃盗,オートバイ盗,東大和,玉川上水駅前交番,132233,東京都,武蔵村山市,大南４丁目,2022/8/13,12,一戸建住宅,駐車（輪）場,キーなし,なし,原動機付自転車（50cc以下）,武蔵村山市大南４丁目,35.734022,139.411833, 東大和警察署 玉川上水駅前交番,35.732187,139.418138
窃盗,オートバイ盗,東大和,芋窪駐在所,132209,東京都,東大和市,芋窪６丁目,2022/7/30,20,その他,その他,キーなし,なし,自動二輪（50cc超）,東大和市芋窪６丁目,35.750076,139.410106, 東大和警察署 芋窪駐在所,35.755831,139.413127
窃盗,オートバイ盗,青梅,下長淵駐在所,132055,東京都,青梅市,友田町１丁目,2022/10/4,20,一戸建住宅,駐車（輪）場,キーあり,なし,原動機付自転車（50cc以下）,青梅市友田町１丁目,35.7620283,139.2878631, 青梅警察署 下長淵駐在所,35.7774461,139.2754918
窃盗,オートバイ盗,青梅,友田駐在所,132055,東京都,青梅市,友田町５丁目,2022/8/3,23,駐車（輪）場,駐車（輪）場,キーなし,なし,自動二輪（50cc超）,青梅市友田町５丁目,35.7718986,139.2828908, 青梅警察署 友田駐在所,35.771477,139.2909013
窃盗,オートバイ盗,青梅,大門駐在所,132055,東京都,青梅市,塩船,2021/12/14,16,駐車（輪）場,駐車（輪）場,キーなし,なし,自動二輪（50cc超）,青梅市塩船,35.8041884,139.2813864, 青梅警察署 大門駐在所,35.8002231,139.2874954
窃盗,オートバイ盗,青梅,新町交番,132055,東京都,青梅市,新町２丁目,2022/9/13,15,一戸建住宅,駐車（輪）場,キーあり,なし,自動二輪（50cc超）,青梅市新町２丁目,35.7884073,139.3001395, 青梅警察署 新町交番,35.7875771,139.301097
窃盗,オートバイ盗,青梅,新町交番,132055,東京都,青梅市,新町３丁目,2022/7/26,8,その他の住宅（３階建て以下共同住宅等）,駐車（輪）場,キーなし,なし,原動機付自転車（50cc以下）,青梅市新町３丁目,35.7813951,139.3026706, 青梅警察署 新町交番,35.7875771,139.301097
窃盗,オートバイ盗,青梅,新町交番,132055,東京都,青梅市,新町３丁目,2022/11/21,6,駐車（輪）場,駐車（輪）場,キーなし,なし,原動機付自転車（50cc以下）,青梅市新町３丁目,35.7813951,139.3026706, 青梅警察署 新町交番,35.7875771,139.301097
窃盗,オートバイ盗,青梅,新町交番,132055,東京都,青梅市,新町４丁目,2022/3/5,20,その他の住宅（３階建て以下共同住宅等）,駐車（輪）場,キーなし,なし,原動機付自転車（50cc以下）,青梅市新町４丁目,35.7850971,139.3057829, 青梅警察署 新町交番,35.7875771,139.301097
窃盗,オートバイ盗,青梅,新町交番,132055,東京都,青梅市,新町７丁目,2022/12/9,20,一戸建住宅,駐車（輪）場,キーあり,なし,原動機付自転車（50cc以下）,青梅市新町７丁目,35.786278,139.31377, 青梅警察署 新町交番,35.7875771,139.301097
窃盗,オートバイ盗,青梅,新町交番,132055,東京都,青梅市,新町９丁目,2022/9/4,16,駐車（輪）場,駐車（輪）場,キーあり,なし,原動機付自転車（50cc以下）,青梅市新町９丁目,35.7829247,139.3198279, 青梅警察署 新町交番,35.7875771,139.301097
窃盗,オートバイ盗,青梅,新町交番,132055,東京都,青梅市,新町９丁目,2022/12/25,16,その他,駐車（輪）場,キーあり,なし,原動機付自転車（50cc以下）,青梅市新町９丁目,35.7829247,139.3198279, 青梅警察署 新町交番,35.7875771,139.301097
窃盗,オートバイ盗,青梅,日向和田駐在所,132055,東京都,青梅市,日向和田３丁目,2022/6/19,19,駐車（輪）場,駐車（輪）場,キーあり,なし,原動機付自転車（50cc以下）,青梅市日向和田３丁目,35.7863377,139.2304318, 青梅警察署 日向和田駐在所,35.783629,139.235725
窃盗,オートバイ盗,青梅,東青梅駅前交番,132055,東京都,青梅市,東青梅２丁目,2019/9/15,不明,駐車（輪）場,駐車（輪）場,キーなし,なし,原動機付自転車（50cc以下）,青梅市東青梅２丁目,35.7908826,139.2728665, 青梅警察署 東青梅駅前交番,35.7900155,139.2719928
窃盗,オートバイ盗,青梅,畑中駐在所,132055,東京都,青梅市,畑中１丁目,2022/7/10,15,４階建て以上共同住宅,駐車（輪）場,キーなし,なし,原動機付自転車（50cc以下）,青梅市畑中１丁目,35.781583,139.246175, 青梅警察署 畑中駐在所,35.779101,139.235031
窃盗,オートバイ盗,青梅,青梅駅前交番,132055,東京都,青梅市,天ヶ瀬町,2022/1/24,19,一戸建住宅,駐車（輪）場,キーなし,なし,原動機付自転車（50cc以下）,青梅市天ヶ瀬町,35.7883594,139.249335, 青梅警察署 青梅駅前交番,35.7902304,139.2579022
窃盗,オートバイ盗,青梅,青梅駅前交番,132055,東京都,青梅市,本町,2022/1/26,17,４階建て以上共同住宅,駐車（輪）場,キーなし,なし,原動機付自転車（50cc以下）,青梅市本町,35.7894984,139.2592824, 青梅警察署 青梅駅前交番,35.7902304,139.2579022
窃盗,オートバイ盗,五日市,堀口橋駐在所,133051,東京都,日の出町,大字大久野,2022/2/27,3,その他の住宅（３階建て以下共同住宅等）,駐車（輪）場,キーなし,あり,原動機付自転車（50cc以下）,日の出町大字大久野,,, 五日市警察署 堀口橋駐在所,35.74478935,139.23423055079067
窃盗,オートバイ盗,五日市,堀口橋駐在所,133051,東京都,日の出町,大字大久野,2022/3/23,10,駐車（輪）場,駐車（輪）場,キーなし,あり,原動機付自転車（50cc以下）,日の出町大字大久野,,, 五日市警察署 堀口橋駐在所,35.74478935,139.23423055079067
窃盗,オートバイ盗,五日市,平井駐在所,133051,東京都,日の出町,大字平井,2022/2/17,22,一戸建住宅,駐車（輪）場,キーなし,なし,原動機付自転車（50cc以下）,日の出町大字平井,,, 五日市警察署 平井駐在所,35.740718,139.268112
窃盗,オートバイ盗,福生,下福生駐在所,132187,東京都,福生市,牛浜,2022/10/1,0,その他の住宅（３階建て以下共同住宅等）,駐車（輪）場,キーなし,なし,原動機付自転車（50cc以下）,福生市牛浜,35.7347908,139.3342731, 福生警察署 下福生駐在所,35.733889,139.331058
窃盗,オートバイ盗,福生,二宮駐在所,132284,東京都,あきる野市,野辺,2022/1/4,5,駐車（輪）場,駐車（輪）場,キーあり,なし,自動二輪（50cc超）,あきる野市野辺,,, 福生警察署 二宮駐在所,,
窃盗,オートバイ盗,福生,五ノ神駐在所,132276,東京都,羽村市,神明台２丁目,2022/2/24,7,４階建て以上共同住宅,駐車（輪）場,キーなし,なし,自動二輪（50cc超）,羽村市神明台２丁目,35.7571048,139.3242094, 福生警察署 五ノ神駐在所,,
窃盗,オートバイ盗,福生,五ノ神駐在所,132276,東京都,羽村市,神明台３丁目,2022/7/23,15,４階建て以上共同住宅,駐車（輪）場,キーなし,なし,自動二輪（50cc超）,羽村市神明台３丁目,35.7611608,139.3278152, 福生警察署 五ノ神駐在所,,
窃盗,オートバイ盗,福生,内出交番,132187,東京都,福生市,大字熊川,2022/8/16,8,その他,駐車（輪）場,キーなし,なし,原動機付自転車（50cc以下）,福生市大字熊川,35.7222012,139.3375935, 福生警察署 内出交番,35.7198024,139.3352425
窃盗,オートバイ盗,福生,小作駅前交番,132276,東京都,羽村市,栄町１丁目,2022/9/17,8,その他,駐車（輪）場,キーなし,なし,自動二輪（50cc超）,羽村市栄町１丁目,35.7749059,139.306241, 福生警察署 小作駅前交番,35.776124,139.3023888
窃盗,オートバイ盗,福生,小作駅前交番,132276,東京都,羽村市,栄町２丁目,2022/7/12,9,その他,駐車（輪）場,キーあり,なし,原動機付自転車（50cc以下）,羽村市栄町２丁目,35.7715485,139.3103148, 福生警察署 小作駅前交番,35.776124,139.3023888
窃盗,オートバイ盗,福生,小作駅前交番,132276,東京都,羽村市,小作台２丁目,2022/6/3,11,駐車（輪）場,駐車（輪）場,キーあり,なし,原動機付自転車（50cc以下）,羽村市小作台２丁目,35.7797122,139.2980781, 福生警察署 小作駅前交番,35.776124,139.3023888
窃盗,オートバイ盗,福生,小作駅前交番,132276,東京都,羽村市,小作台２丁目,2022/11/1,15,駐車（輪）場,駐車（輪）場,キーあり,なし,原動機付自転車（50cc以下）,羽村市小作台２丁目,35.7797122,139.2980781, 福生警察署 小作駅前交番,35.776124,139.3023888
窃盗,オートバイ盗,福生,小川駐在所,132284,東京都,あきる野市,小川,2022/2/1,22,一戸建住宅,その他,キーなし,なし,原動機付自転車（50cc以下）,あきる野市小川,,, 福生警察署 小川駐在所,35.7204393,139.31818553728857
窃盗,オートバイ盗,福生,横田交番,132187,東京都,福生市,大字熊川,2020/9/1,不明,一戸建住宅,駐車（輪）場,キーなし,なし,自動二輪（50cc超）,福生市大字熊川,35.7222012,139.3375935, 福生警察署 横田交番,35.742414,139.337579
窃盗,オートバイ盗,福生,横田交番,132187,東京都,福生市,大字熊川,2022/12/2,13,その他の住宅（３階建て以下共同住宅等）,その他,キーなし,なし,原動機付自転車（50cc以下）,福生市大字熊川,35.7222012,139.3375935, 福生警察署 横田交番,35.742414,139.337579
窃盗,オートバイ盗,福生,横田交番,132187,東京都,福生市,武蔵野台１丁目,2022/1/13,8,その他の住宅（３階建て以下共同住宅等）,その他,キーなし,なし,原動機付自転車（50cc以下）,福生市武蔵野台１丁目,35.7486469,139.3328186, 福生警察署 横田交番,35.742414,139.337579
窃盗,オートバイ盗,福生,武蔵野駐在所,133035,東京都,瑞穂町,むさし野１丁目,2022/2/26,13,４階建て以上共同住宅,駐車（輪）場,キーなし,なし,原動機付自転車（50cc以下）,瑞穂町むさし野１丁目,,, 福生警察署 武蔵野駐在所,35.762634,139.338939
窃盗,オートバイ盗,福生,武蔵野駐在所,133035,東京都,瑞穂町,むさし野１丁目,2022/10/27,1,４階建て以上共同住宅,駐車（輪）場,キーなし,なし,原動機付自転車（50cc以下）,瑞穂町むさし野１丁目,,, 福生警察署 武蔵野駐在所,35.762634,139.338939
窃盗,オートバイ盗,福生,神明台交番,132276,東京都,羽村市,双葉町２丁目,2022/2/20,19,その他の住宅（３階建て以下共同住宅等）,駐車（輪）場,キーなし,なし,自動二輪（50cc超）,羽村市双葉町２丁目,35.7588603,139.3348537, 福生警察署 神明台交番,35.7550431,139.3208456
窃盗,オートバイ盗,福生,福生駅前交番,132187,東京都,福生市,加美平１丁目,2022/12/7,18,一戸建住宅,その他,キーあり,なし,自動二輪（50cc超）,福生市加美平１丁目,35.750044,139.326164, 福生警察署 福生駅前交番,35.7421447,139.3278343
窃盗,オートバイ盗,福生,福生駅前交番,132187,東京都,福生市,加美平２丁目,2022/1/17,8,その他の住宅（３階建て以下共同住宅等）,駐車（輪）場,キーなし,なし,原動機付自転車（50cc以下）,福生市加美平２丁目,35.749089,139.323956, 福生警察署 福生駅前交番,35.7421447,139.3278343
窃盗,オートバイ盗,福生,福生駅前交番,132187,東京都,福生市,加美平４丁目,2021/11/1,不明,４階建て以上共同住宅,駐車（輪）場,キーなし,あり,原動機付自転車（50cc以下）,福生市加美平４丁目,35.7532917,139.3249391, 福生警察署 福生駅前交番,35.7421447,139.3278343
窃盗,オートバイ盗,福生,秋川駅前交番,132284,東京都,あきる野市,雨間,2022/2/20,15,一戸建住宅,駐車（輪）場,キーなし,なし,原動機付自転車（50cc以下）,あきる野市雨間,,, 福生警察署 秋川駅前交番,35.7281008,139.2872654
窃盗,オートバイ盗,福生,箱根ヶ崎駅前交番,133035,東京都,瑞穂町,南平２丁目,2022/2/15,1,駐車（輪）場,駐車（輪）場,キーなし,なし,原動機付自転車（50cc以下）,瑞穂町南平２丁目,35.765702,139.33794, 福生警察署 箱根ヶ崎駅前交番,35.7709946,139.346871
窃盗,オートバイ盗,福生,箱根ヶ崎駅前交番,133035,東京都,瑞穂町,南平２丁目,2022/5/10,20,その他の住宅（３階建て以下共同住宅等）,その他,キーあり,なし,自動二輪（50cc超）,瑞穂町南平２丁目,35.765702,139.33794, 福生警察署 箱根ヶ崎駅前交番,35.7709946,139.346871
窃盗,オートバイ盗,福生,野辺駐在所,132284,東京都,あきる野市,野辺,2022/2/5,19,その他の住宅（３階建て以下共同住宅等）,その他,キーなし,あり,原動機付自転車（50cc以下）,あきる野市野辺,,, 福生警察署 野辺駐在所,35.723638,139.306332
窃盗,オートバイ盗,福生,野辺駐在所,132284,東京都,あきる野市,野辺,2022/4/2,10,駐車（輪）場,駐車（輪）場,キーあり,なし,自動二輪（50cc超）,あきる野市野辺,,, 福生警察署 野辺駐在所,35.723638,139.306332
窃盗,オートバイ盗,福生,野辺駐在所,132284,東京都,あきる野市,野辺,2022/9/30,7,その他の住宅（３階建て以下共同住宅等）,駐車（輪）場,キーなし,なし,原動機付自転車（50cc以下）,あきる野市野辺,,, 福生警察署 野辺駐在所,35.723638,139.306332
窃盗,オートバイ盗,福生,長岡駐在所,133035,東京都,瑞穂町,長岡４丁目,2022/8/31,21,その他の住宅（３階建て以下共同住宅等）,その他,キーなし,なし,自動二輪（50cc超）,瑞穂町長岡４丁目,35.7786675,139.3266015, 福生警察署 長岡駐在所,35.777771,139.333189
窃盗,オートバイ盗,八王子,八王子駅北口交番,132012,東京都,八王子市,旭町,2022/1/22,6,駐車（輪）場,駐車（輪）場,キーなし,なし,原動機付自転車（50cc以下）,八王子市旭町,35.6564149,139.3425292, 八王子警察署 八王子駅北口交番,,
窃盗,オートバイ盗,八王子,八王子駅北口交番,132012,東京都,八王子市,東町,2022/1/26,18,道路上,その他,キーなし,なし,原動機付自転車（50cc以下）,八王子市東町,35.626300549999996,139.32004835388557, 八王子警察署 八王子駅北口交番,,
窃盗,オートバイ盗,八王子,八王子駅北口交番,132012,東京都,八王子市,東町,2022/8/10,12,その他,駐車（輪）場,キーなし,なし,自動二輪（50cc超）,八王子市東町,35.626300549999996,139.32004835388557, 八王子警察署 八王子駅北口交番,,
窃盗,オートバイ盗,八王子,八王子駅北口交番,132012,東京都,八王子市,東町,2022/11/9,19,その他,駐車（輪）場,キーなし,なし,自動二輪（50cc超）,八王子市東町,35.626300549999996,139.32004835388557, 八王子警察署 八王子駅北口交番,,
窃盗,オートバイ盗,八王子,八王子駅北口交番,132012,東京都,八王子市,横山町,2022/12/9,18,道路上,その他,キーなし,なし,原動機付自転車（50cc以下）,八王子市横山町,35.6564149,139.3425292, 八王子警察署 八王子駅北口交番,,
窃盗,オートバイ盗,八王子,八王子駅南口交番,132012,東京都,八王子市,子安町１丁目,2021/8/8,16,その他の住宅（３階建て以下共同住宅等）,駐車（輪）場,キーなし,なし,原動機付自転車（50cc以下）,八王子市子安町１丁目,,, 八王子警察署 八王子駅南口交番,,
窃盗,オートバイ盗,八王子,八王子駅南口交番,132012,東京都,八王子市,万町,2022/5/31,16,一戸建住宅,駐車（輪）場,キーなし,なし,自動二輪（50cc超）,八王子市万町,,, 八王子警察署 八王子駅南口交番,,
窃盗,オートバイ盗,八王子,北八王子交番,132012,東京都,八王子市,高倉町,2022/7/8,21,その他の住宅（３階建て以下共同住宅等）,駐車（輪）場,キーなし,なし,原動機付自転車（50cc以下）,八王子市高倉町,,, 八王子警察署 北八王子交番,35.6694628,139.35998324746674
窃盗,オートバイ盗,八王子,大和田交番,132012,東京都,八王子市,大和田町７丁目,2022/12/21,22,その他の住宅（３階建て以下共同住宅等）,駐車（輪）場,キーなし,なし,原動機付自転車（50cc以下）,八王子市大和田町７丁目,,, 八王子警察署 大和田交番,35.66212045,139.3482500855822
窃盗,オートバイ盗,八王子,宮下駐在所,132012,東京都,八王子市,宮下町,2022/4/17,17,その他の住宅（３階建て以下共同住宅等）,駐車（輪）場,キーなし,なし,原動機付自転車（50cc以下）,八王子市宮下町,,, 八王子警察署 宮下駐在所,35.704461,139.3090148
窃盗,オートバイ盗,八王子,富士森交番,132012,東京都,八王子市,緑町,2022/5/28,14,４階建て以上共同住宅,駐車（輪）場,キーなし,なし,原動機付自転車（50cc以下）,八王子市緑町,35.6548655,139.3216688, 八王子警察署 富士森交番,35.6533502,139.32741068511234
窃盗,オートバイ盗,八王子,小宮町駐在所,132012,東京都,八王子市,小宮町,2022/6/22,16,その他の住宅（３階建て以下共同住宅等）,駐車（輪）場,キーなし,なし,原動機付自転車（50cc以下）,八王子市小宮町,,, 八王子警察署 小宮町駐在所,35.68531,139.3708
窃盗,オートバイ盗,八王子,左入町駐在所,132012,東京都,八王子市,左入町,2022/12/8,20,その他,駐車（輪）場,キーあり,なし,原動機付自転車（50cc以下）,八王子市左入町,,, 八王子警察署 左入町駐在所,35.680150749999996,139.32798803560632
窃盗,オートバイ盗,八王子,犬目交番,132012,東京都,八王子市,楢原町,2022/2/28,16,その他の住宅（３階建て以下共同住宅等）,駐車（輪）場,キーなし,なし,原動機付自転車（50cc以下）,八王子市楢原町,,, 八王子警察署 犬目交番,35.6894572,139.30495915425627
窃盗,オートバイ盗,八王子,犬目交番,132012,東京都,八王子市,楢原町,2022/8/15,21,一戸建住宅,駐車（輪）場,キーなし,あり,自動二輪（50cc超）,八王子市楢原町,,, 八王子警察署 犬目交番,35.6894572,139.30495915425627
窃盗,オートバイ盗,八王子,犬目交番,132012,東京都,八王子市,楢原町,2022/10/1,19,一戸建住宅,駐車（輪）場,キーなし,なし,自動二輪（50cc超）,八王子市楢原町,,, 八王子警察署 犬目交番,35.6894572,139.30495915425627
窃盗,オートバイ盗,八王子,稲荷坂交番,132012,東京都,八王子市,中野山王３丁目,2022/5/19,22,４階建て以上共同住宅,駐車（輪）場,キーなし,なし,原動機付自転車（50cc以下）,八王子市中野山王３丁目,,, 八王子警察署 稲荷坂交番,35.6710902,139.331339
窃盗,オートバイ盗,八王子,西八王子駅前交番,132012,東京都,八王子市,台町４丁目,2022/7/24,13,その他,駐車（輪）場,キーあり,なし,原動機付自転車（50cc以下）,八王子市台町４丁目,35.6548655,139.3216688, 八王子警察署 西八王子駅前交番,35.65727475,139.3134195893445
窃盗,オートバイ盗,町田,つくし野駅前交番,132098,東京都,町田市,小川１丁目,2022/8/7,22,その他の住宅（３階建て以下共同住宅等）,駐車（輪）場,キーなし,なし,原動機付自転車（50cc以下）,町田市小川１丁目,35.5284898,139.4752914, 町田警察署 つくし野駅前交番,,
窃盗,オートバイ盗,町田,つくし野駅前交番,132098,東京都,町田市,つくし野１丁目,2022/5/20,8,道路上,その他,キーなし,なし,原動機付自転車（50cc以下）,町田市つくし野１丁目,35.5290725,139.482607, 町田警察署 つくし野駅前交番,,
窃盗,オートバイ盗,町田,三輪駐在所,132098,東京都,町田市,三輪町,2022/7/26,8,その他の住宅（３階建て以下共同住宅等）,駐車（輪）場,キーなし,なし,原動機付自転車（50cc以下）,町田市三輪町,35.5746976,139.5004792, 町田警察署 三輪駐在所,35.5720647,139.4883448
窃盗,オートバイ盗,町田,中町交番,132098,東京都,町田市,中町１丁目,2022/3/10,9,その他,駐車（輪）場,キーなし,なし,原動機付自転車（50cc以下）,町田市中町１丁目,35.5482596,139.4463233, 町田警察署 中町交番,35.5484196,139.4473429
窃盗,オートバイ盗,町田,中町交番,132098,東京都,町田市,中町４丁目,2022/6/1,0,４階建て以上共同住宅,駐車（輪）場,キーなし,なし,原動機付自転車（50cc以下）,町田市中町４丁目,35.5546085,139.4471113, 町田警察署 中町交番,35.5484196,139.4473429
窃盗,オートバイ盗,町田,中町交番,132098,東京都,町田市,森野４丁目,2021/11/1,0,４階建て以上共同住宅,駐車（輪）場,キーなし,なし,原動機付自転車（50cc以下）,町田市森野４丁目,35.5545509,139.4320536, 町田警察署 中町交番,35.5484196,139.4473429
窃盗,オートバイ盗,町田,南大谷駐在所,132098,東京都,町田市,南大谷,2022/8/5,7,一戸建住宅,駐車（輪）場,キーなし,あり,自動二輪（50cc超）,町田市南大谷,35.5529566,139.4593666, 町田警察署 南大谷駐在所,35.5544245,139.4575893
窃盗,オートバイ盗,町田,南町田グランベリーパーク駅前交,132098,東京都,町田市,鶴間８丁目,2022/9/1,18,駐車（輪）場,駐車（輪）場,キーなし,なし,自動二輪（50cc超）,町田市鶴間８丁目,35.5093344,139.476873, 町田警察署 南町田グランベリーパーク駅前交,,
窃盗,オートバイ盗,町田,原町田交番,132098,東京都,町田市,原町田１丁目,2022/4/29,12,４階建て以上共同住宅,駐車（輪）場,キーなし,なし,原動機付自転車（50cc以下）,町田市原町田１丁目,35.5391797,139.4490241, 町田警察署 原町田交番,35.542314,139.4456066
窃盗,オートバイ盗,町田,原町田交番,132098,東京都,町田市,原町田１丁目,2022/5/9,19,道路上,その他,キーあり,なし,原動機付自転車（50cc以下）,町田市原町田１丁目,35.5391797,139.4490241, 町田警察署 原町田交番,35.542314,139.4456066
窃盗,オートバイ盗,町田,原町田交番,132098,東京都,町田市,原町田４丁目,2022/11/9,15,その他,駐車（輪）場,キーあり,なし,自動二輪（50cc超）,町田市原町田４丁目,35.5435458,139.4524706, 町田警察署 原町田交番,35.542314,139.4456066
窃盗,オートバイ盗,町田,原町田交番,132098,東京都,町田市,森野１丁目,2022/8/8,16,駐車（輪）場,駐車（輪）場,キーなし,なし,原動機付自転車（50cc以下）,町田市森野１丁目,35.5451441,139.4423016, 町田警察署 原町田交番,35.542314,139.4456066
窃盗,オートバイ盗,町田,原町田交番,132098,東京都,町田市,木曽東２丁目,2022/11/28,16,４階建て以上共同住宅,駐車（輪）場,キーなし,なし,原動機付自転車（50cc以下）,町田市木曽東２丁目,35.5583271,139.4237942, 町田警察署 原町田交番,35.542314,139.4456066
窃盗,オートバイ盗,町田,大蔵駐在所,132098,東京都,町田市,大蔵町,2021/12/7,0,その他の住宅（３階建て以下共同住宅等）,駐車（輪）場,キーあり,なし,自動二輪（50cc超）,町田市大蔵町,35.589,139.464543, 町田警察署 大蔵駐在所,35.5844448,139.4711594
窃盗,オートバイ盗,町田,小山田駐在所,132098,東京都,町田市,金森東１丁目,2021/4/1,不明,４階建て以上共同住宅,駐車（輪）場,キーなし,なし,原動機付自転車（50cc以下）,町田市金森東１丁目,35.5359437,139.4608383, 町田警察署 小山田駐在所,35.589628,139.407189
窃盗,オートバイ盗,町田,山崎交番,132098,東京都,町田市,山崎町,2022/4/20,22,４階建て以上共同住宅,駐車（輪）場,キーなし,なし,自動二輪（50cc超）,町田市山崎町,35.5761816,139.435463, 町田警察署 山崎交番,35.5732947,139.4363015
窃盗,オートバイ盗,町田,山崎交番,132098,東京都,町田市,山崎町,2022/6/5,19,４階建て以上共同住宅,駐車（輪）場,キーなし,なし,原動機付自転車（50cc以下）,町田市山崎町,35.5761816,139.435463, 町田警察署 山崎交番,35.5732947,139.4363015
窃盗,オートバイ盗,町田,常盤駐在所,132098,東京都,町田市,常盤町,2020/4/1,8,一戸建住宅,駐車（輪）場,キーなし,なし,原動機付自転車（50cc以下）,町田市常盤町,35.58658,139.397736, 町田警察署 常盤駐在所,35.582841,139.403411
窃盗,オートバイ盗,町田,常盤駐在所,132098,東京都,町田市,常盤町,2022/12/22,18,その他の住宅（３階建て以下共同住宅等）,駐車（輪）場,キーあり,なし,原動機付自転車（50cc以下）,町田市常盤町,35.58658,139.397736, 町田警察署 常盤駐在所,35.582841,139.403411
窃盗,オートバイ盗,町田,忠生地区交番,132098,東京都,町田市,忠生４丁目,2022/9/20,19,４階建て以上共同住宅,駐車（輪）場,キーなし,なし,原動機付自転車（50cc以下）,町田市忠生４丁目,35.580454,139.4090082, 町田警察署 忠生地区交番,35.573993,139.4222614
窃盗,オートバイ盗,町田,忠生地区交番,132098,東京都,町田市,忠生４丁目,2022/12/20,17,４階建て以上共同住宅,駐車（輪）場,キーなし,なし,原動機付自転車（50cc以下）,町田市忠生４丁目,35.580454,139.4090082, 町田警察署 忠生地区交番,35.573993,139.4222614
窃盗,オートバイ盗,町田,忠生地区交番,132098,東京都,町田市,常盤町,2022/9/25,11,その他の住宅（３階建て以下共同住宅等）,駐車（輪）場,キーなし,なし,原動機付自転車（50cc以下）,町田市常盤町,35.58658,139.397736, 町田警察署 忠生地区交番,35.573993,139.4222614
窃盗,オートバイ盗,町田,忠生地区交番,132098,東京都,町田市,山崎町,2022/9/9,0,一戸建住宅,駐車（輪）場,キーあり,あり,自動二輪（50cc超）,町田市山崎町,35.5761816,139.435463, 町田警察署 忠生地区交番,35.573993,139.4222614
窃盗,オートバイ盗,町田,成瀬駅前交番,132098,東京都,町田市,小川３丁目,2022/1/16,22,一戸建住宅,駐車（輪）場,キーなし,なし,原動機付自転車（50cc以下）,町田市小川３丁目,35.5265819,139.4702852, 町田警察署 成瀬駅前交番,35.5358317,139.4738859
窃盗,オートバイ盗,町田,成瀬駅前交番,132098,東京都,町田市,成瀬３丁目,2022/6/12,13,一戸建住宅,駐車（輪）場,キーなし,なし,原動機付自転車（50cc以下）,町田市成瀬３丁目,35.5479365,139.48082, 町田警察署 成瀬駅前交番,35.5358317,139.4738859
窃盗,オートバイ盗,町田,成瀬駅前交番,132098,東京都,町田市,成瀬６丁目,2022/2/11,19,一戸建住宅,駐車（輪）場,キーなし,なし,原動機付自転車（50cc以下）,町田市成瀬６丁目,35.5372086,139.481378, 町田警察署 成瀬駅前交番,35.5358317,139.4738859
窃盗,オートバイ盗,町田,成瀬駅前交番,132098,東京都,町田市,成瀬台１丁目,2022/5/5,22,一戸建住宅,駐車（輪）場,キーなし,なし,原動機付自転車（50cc以下）,町田市成瀬台１丁目,35.5513977,139.4743928, 町田警察署 成瀬駅前交番,35.5358317,139.4738859
窃盗,オートバイ盗,町田,成瀬駐在所,132098,東京都,町田市,成瀬１丁目,2022/3/12,19,その他の住宅（３階建て以下共同住宅等）,駐車（輪）場,キーあり,なし,自動二輪（50cc超）,町田市成瀬１丁目,35.5466835,139.4745274, 町田警察署 成瀬駐在所,35.5433063,139.4752333
窃盗,オートバイ盗,町田,成瀬駐在所,132098,東京都,町田市,成瀬２丁目,2022/5/25,18,一戸建住宅,駐車（輪）場,キーなし,なし,原動機付自転車（50cc以下）,町田市成瀬２丁目,35.5474585,139.4778683, 町田警察署 成瀬駐在所,35.5433063,139.4752333
窃盗,オートバイ盗,町田,成瀬駐在所,132098,東京都,町田市,成瀬３丁目,2022/6/23,18,一戸建住宅,駐車（輪）場,キーなし,なし,自動二輪（50cc超）,町田市成瀬３丁目,35.5479365,139.48082, 町田警察署 成瀬駐在所,35.5433063,139.4752333
窃盗,オートバイ盗,町田,成瀬駐在所,132098,東京都,町田市,成瀬４丁目,2022/2/23,13,一戸建住宅,駐車（輪）場,キーなし,なし,自動二輪（50cc超）,町田市成瀬４丁目,35.5437081,139.4782735, 町田警察署 成瀬駐在所,35.5433063,139.4752333
窃盗,オートバイ盗,町田,成瀬駐在所,132098,東京都,町田市,成瀬４丁目,2022/2/23,16,一戸建住宅,駐車（輪）場,キーなし,なし,原動機付自転車（50cc以下）,町田市成瀬４丁目,35.5437081,139.4782735, 町田警察署 成瀬駐在所,35.5433063,139.4752333
窃盗,オートバイ盗,町田,成瀬駐在所,132098,東京都,町田市,成瀬４丁目,2022/3/10,23,道路上,その他,キーなし,なし,原動機付自転車（50cc以下）,町田市成瀬４丁目,35.5437081,139.4782735, 町田警察署 成瀬駐在所,35.5433063,139.4752333
窃盗,オートバイ盗,町田,成瀬駐在所,132098,東京都,町田市,西成瀬２丁目,2022/6/7,18,一戸建住宅,駐車（輪）場,キーなし,なし,原動機付自転車（50cc以下）,町田市西成瀬２丁目,35.5467558,139.4711509, 町田警察署 成瀬駐在所,35.5433063,139.4752333
窃盗,オートバイ盗,町田,木曽交番,132098,東京都,町田市,本町田,2022/12/12,20,４階建て以上共同住宅,駐車（輪）場,キーなし,なし,自動二輪（50cc超）,町田市本町田,35.5657183,139.4431519, 町田警察署 木曽交番,35.5633867,139.4263994
窃盗,オートバイ盗,町田,木曽交番,132098,東京都,町田市,木曽東２丁目,2022/8/12,0,駐車（輪）場,駐車（輪）場,キーなし,なし,自動二輪（50cc超）,町田市木曽東２丁目,35.5583271,139.4237942, 町田警察署 木曽交番,35.5633867,139.4263994
窃盗,オートバイ盗,町田,木曽交番,132098,東京都,町田市,木曽東４丁目,2022/1/14,22,４階建て以上共同住宅,駐車（輪）場,キーなし,なし,自動二輪（50cc超）,町田市木曽東４丁目,35.5648903,139.4292972, 町田警察署 木曽交番,35.5633867,139.4263994
窃盗,オートバイ盗,町田,木曽交番,132098,東京都,町田市,木曽東４丁目,2022/8/30,不明,４階建て以上共同住宅,駐車（輪）場,キーあり,なし,自動二輪（50cc超）,町田市木曽東４丁目,35.5648903,139.4292972, 町田警察署 木曽交番,35.5633867,139.4263994
窃盗,オートバイ盗,町田,木曽交番,132098,東京都,町田市,木曽東４丁目,2022/10/2,22,一戸建住宅,駐車（輪）場,キーあり,なし,自動二輪（50cc超）,町田市木曽東４丁目,35.5648903,139.4292972, 町田警察署 木曽交番,35.5633867,139.4263994
窃盗,オートバイ盗,町田,本町田交番,132098,東京都,町田市,本町田,2021/12/25,20,４階建て以上共同住宅,駐車（輪）場,キーなし,なし,自動二輪（50cc超）,町田市本町田,35.5657183,139.4431519, 町田警察署 本町田交番,35.5596099,139.4481245
窃盗,オートバイ盗,町田,本町田交番,132098,東京都,町田市,本町田,2022/1/15,8,４階建て以上共同住宅,駐車（輪）場,キーなし,なし,原動機付自転車（50cc以下）,町田市本町田,35.5657183,139.4431519, 町田警察署 本町田交番,35.5596099,139.4481245
窃盗,オートバイ盗,町田,本町田交番,132098,東京都,町田市,本町田,2022/1/15,22,その他の住宅（３階建て以下共同住宅等）,駐車（輪）場,キーなし,なし,原動機付自転車（50cc以下）,町田市本町田,35.5657183,139.4431519, 町田警察署 本町田交番,35.5596099,139.4481245
窃盗,オートバイ盗,町田,本町田交番,132098,東京都,町田市,本町田,2022/1/27,18,４階建て以上共同住宅,駐車（輪）場,キーなし,なし,原動機付自転車（50cc以下）,町田市本町田,35.5657183,139.4431519, 町田警察署 本町田交番,35.5596099,139.4481245
窃盗,オートバイ盗,町田,町田駅前交番,132098,東京都,町田市,原町田５丁目,2022/3/30,14,その他の住宅（３階建て以下共同住宅等）,駐車（輪）場,キーなし,なし,自動二輪（50cc超）,町田市原町田５丁目,35.5462891,139.450585, 町田警察署 町田駅前交番,35.5448208,139.4459565
窃盗,オートバイ盗,町田,町田駅前交番,132098,東京都,町田市,原町田６丁目,2022/5/15,14,道路上,その他,キーなし,なし,自動二輪（50cc超）,町田市原町田６丁目,35.544025,139.4474434, 町田警察署 町田駅前交番,35.5448208,139.4459565
窃盗,オートバイ盗,町田,町田駅前交番,132098,東京都,町田市,森野１丁目,2022/4/29,15,駐車（輪）場,駐車（輪）場,キーあり,なし,原動機付自転車（50cc以下）,町田市森野１丁目,35.5451441,139.4423016, 町田警察署 町田駅前交番,35.5448208,139.4459565
窃盗,オートバイ盗,町田,町田駅前交番,132098,東京都,町田市,森野１丁目,2022/5/11,9,その他,駐車（輪）場,キーなし,なし,原動機付自転車（50cc以下）,町田市森野１丁目,35.5451441,139.4423016, 町田警察署 町田駅前交番,35.5448208,139.4459565
窃盗,オートバイ盗,町田,町田駅前交番,132098,東京都,町田市,森野１丁目,2022/5/27,7,駐車（輪）場,駐車（輪）場,キーなし,なし,原動機付自転車（50cc以下）,町田市森野１丁目,35.5451441,139.4423016, 町田警察署 町田駅前交番,35.5448208,139.4459565
窃盗,オートバイ盗,町田,町田駅前交番,132098,東京都,町田市,森野１丁目,2022/6/10,9,駐車（輪）場,駐車（輪）場,キーなし,なし,原動機付自転車（50cc以下）,町田市森野１丁目,35.5451441,139.4423016, 町田警察署 町田駅前交番,35.5448208,139.4459565
窃盗,オートバイ盗,町田,町田駅前交番,132098,東京都,町田市,森野１丁目,2022/10/1,22,駐車（輪）場,駐車（輪）場,キーあり,なし,原動機付自転車（50cc以下）,町田市森野１丁目,35.5451441,139.4423016, 町田警察署 町田駅前交番,35.5448208,139.4459565
窃盗,オートバイ盗,町田,町田駅前交番,132098,東京都,町田市,森野２丁目,2022/8/1,10,４階建て以上共同住宅,駐車（輪）場,キーなし,なし,自動二輪（50cc超）,町田市森野２丁目,35.5482469,139.4402749, 町田警察署 町田駅前交番,35.5448208,139.4459565
窃盗,オートバイ盗,町田,真光寺駐在所,132098,東京都,町田市,真光寺３丁目,2022/6/22,14,道路上,その他,キーあり,なし,自動二輪（50cc超）,町田市真光寺３丁目,35.5981096,139.4673875, 町田警察署 真光寺駐在所,35.6026231,139.4683992
窃盗,オートバイ盗,町田,藤の台団地交番,132098,東京都,町田市,藤の台１丁目,2022/6/17,15,その他の住宅（３階建て以下共同住宅等）,駐車（輪）場,キーなし,なし,自動二輪（50cc超）,町田市藤の台１丁目,35.5697742,139.4470461, 町田警察署 藤の台団地交番,35.571763,139.4556171
窃盗,オートバイ盗,町田,藤の台団地交番,132098,東京都,町田市,藤の台１丁目,2022/11/1,12,４階建て以上共同住宅,駐車（輪）場,キーなし,なし,自動二輪（50cc超）,町田市藤の台１丁目,35.5697742,139.4470461, 町田警察署 藤の台団地交番,35.571763,139.4556171
窃盗,オートバイ盗,町田,金森交番,132098,東京都,町田市,金森１丁目,2022/12/18,8,その他の住宅（３階建て以下共同住宅等）,駐車（輪）場,キーなし,あり,自動二輪（50cc超）,町田市金森１丁目,35.5364706,139.4519975, 町田警察署 金森交番,35.5363443,139.4563686
窃盗,オートバイ盗,町田,金森交番,132098,東京都,町田市,金森２丁目,2022/4/10,1,その他,駐車（輪）場,キーなし,なし,自動二輪（50cc超）,町田市金森２丁目,35.5331719,139.4586476, 町田警察署 金森交番,35.5363443,139.4563686
窃盗,オートバイ盗,町田,金森交番,132098,東京都,町田市,金森３丁目,2022/11/1,22,その他の住宅（３階建て以下共同住宅等）,駐車（輪）場,キーあり,なし,原動機付自転車（50cc以下）,町田市金森３丁目,35.5269619,139.461104, 町田警察署 金森交番,35.5363443,139.4563686
窃盗,オートバイ盗,町田,金森交番,132098,東京都,町田市,金森東４丁目,2022/10/14,12,その他,駐車（輪）場,キーなし,なし,自動二輪（50cc超）,町田市金森東４丁目,35.5282161,139.4674085, 町田警察署 金森交番,35.5363443,139.4563686
窃盗,オートバイ盗,町田,高ヶ坂駐在所,132098,東京都,町田市,高ヶ坂２丁目,2022/9/18,14,駐車（輪）場,駐車（輪）場,キーなし,なし,原動機付自転車（50cc以下）,町田市高ヶ坂２丁目,35.5427576,139.4574424, 町田警察署 高ヶ坂駐在所,35.5421564,139.4606797
窃盗,オートバイ盗,町田,鶴川交番,132098,東京都,町田市,金井２丁目,2022/2/14,18,一戸建住宅,駐車（輪）場,キーなし,なし,自動二輪（50cc超）,町田市金井２丁目,35.5746052,139.4570363, 町田警察署 鶴川交番,35.59058795,139.46886627884328
窃盗,オートバイ盗,町田,鶴間交番,132098,東京都,町田市,小川６丁目,2022/12/10,19,その他の住宅（３階建て以下共同住宅等）,駐車（輪）場,キーなし,なし,原動機付自転車（50cc以下）,町田市小川６丁目,35.5201175,139.4731746, 町田警察署 鶴間交番,35.5207039,139.4712956
窃盗,オートバイ盗,町田,鶴間交番,132098,東京都,町田市,鶴間３丁目,2022/12/2,19,その他,駐車（輪）場,キーあり,なし,原動機付自転車（50cc以下）,町田市鶴間３丁目,35.5095318,139.4703551, 町田警察署 鶴間交番,35.5207039,139.4712956
窃盗,オートバイ盗,日野,多摩動物公園前交番,132128,東京都,日野市,程久保５丁目,2022/9/30,12,その他の住宅（３階建て以下共同住宅等）,駐車（輪）場,キーなし,なし,原動機付自転車（50cc以下）,日野市程久保５丁目,35.641988,139.393904, 日野警察署 多摩動物公園前交番,,
窃盗,オートバイ盗,日野,多摩平交番,132128,東京都,日野市,多摩平３丁目,2022/3/20,13,その他の住宅（３階建て以下共同住宅等）,駐車（輪）場,キーあり,なし,自動二輪（50cc超）,日野市多摩平３丁目,35.664338,139.375645, 日野警察署 多摩平交番,35.6627174,139.3796939
窃盗,オートバイ盗,日野,平山交番,132128,東京都,日野市,南平５丁目,2022/9/16,21,４階建て以上共同住宅,駐車（輪）場,キーなし,なし,原動機付自転車（50cc以下）,日野市南平５丁目,35.661232,139.397537, 日野警察署 平山交番,35.64812,139.386272
窃盗,オートバイ盗,日野,百草団地交番,132128,東京都,日野市,大字日野,2022/5/1,不明,４階建て以上共同住宅,駐車（輪）場,キーなし,なし,自動二輪（50cc超）,日野市大字日野,35.677208,139.409696, 日野警察署 百草団地交番,35.650163,139.41869259999999
窃盗,オートバイ盗,日野,百草団地交番,132128,東京都,日野市,程久保,2022/8/11,23,４階建て以上共同住宅,駐車（輪）場,キーなし,なし,自動二輪（50cc超）,日野市程久保,35.650187,139.413341, 日野警察署 百草団地交番,35.650163,139.41869259999999
窃盗,オートバイ盗,日野,百草団地交番,132128,東京都,日野市,百草,2022/2/9,17,４階建て以上共同住宅,駐車（輪）場,キーなし,なし,自動二輪（50cc超）,日野市百草,35.650001,139.425238, 日野警察署 百草団地交番,35.650163,139.41869259999999
窃盗,オートバイ盗,日野,百草園交番,132128,東京都,日野市,落川,2022/1/5,7,一戸建住宅,駐車（輪）場,キーなし,なし,原動機付自転車（50cc以下）,日野市落川,35.658368,139.429822, 日野警察署 百草園交番,35.65662955,139.43196087876925
窃盗,オートバイ盗,日野,百草園交番,132128,東京都,日野市,落川,2022/9/22,21,その他の住宅（３階建て以下共同住宅等）,その他,キーなし,なし,自動二輪（50cc超）,日野市落川,35.658368,139.429822, 日野警察署 百草園交番,35.65662955,139.43196087876925
窃盗,オートバイ盗,日野,百草園交番,132128,東京都,日野市,三沢１丁目,2017/1/15,8,その他の住宅（３階建て以下共同住宅等）,その他,キーなし,なし,原動機付自転車（50cc以下）,日野市三沢１丁目,35.659783,139.420843, 日野警察署 百草園交番,35.65662955,139.43196087876925
窃盗,オートバイ盗,日野,百草園交番,132128,東京都,日野市,新井１丁目,2022/10/12,16,その他の住宅（３階建て以下共同住宅等）,駐車（輪）場,キーなし,なし,原動機付自転車（50cc以下）,日野市新井１丁目,35.6632329,139.4242208, 日野警察署 百草園交番,35.65662955,139.43196087876925
窃盗,オートバイ盗,日野,高幡不動駅南口交番,132128,東京都,日野市,高幡,2022/10/3,7,その他,駐車（輪）場,キーあり,なし,原動機付自転車（50cc以下）,日野市高幡,35.662314,139.414086, 日野警察署 高幡不動駅南口交番,35.6621099,139.4129333
窃盗,オートバイ盗,昭島,中神駐在所,132071,東京都,昭島市,中神町,2022/6/11,19,その他,駐車（輪）場,キーなし,なし,自動二輪（50cc超）,昭島市中神町,35.711499,139.3767214, 昭島警察署 中神駐在所,35.710477,139.3785505
窃盗,オートバイ盗,昭島,堀向駐在所,132071,東京都,昭島市,田中町,2022/3/8,18,その他,駐車（輪）場,キーあり,なし,原動機付自転車（50cc以下）,昭島市田中町,35.7152973,139.3632475, 昭島警察署 堀向駐在所,,
窃盗,オートバイ盗,昭島,堀向駐在所,132071,東京都,昭島市,美堀町２丁目,2022/11/5,18,その他の住宅（３階建て以下共同住宅等）,その他,キーなし,なし,原動機付自転車（50cc以下）,昭島市美堀町２丁目,35.7230377,139.3610333, 昭島警察署 堀向駐在所,,
窃盗,オートバイ盗,昭島,多摩大橋交番,132071,東京都,昭島市,宮沢町２丁目,2022/1/29,22,その他の住宅（３階建て以下共同住宅等）,駐車（輪）場,キーなし,あり,自動二輪（50cc超）,昭島市宮沢町２丁目,35.7004625,139.3633063, 昭島警察署 多摩大橋交番,35.696781,139.375771
窃盗,オートバイ盗,昭島,大神駐在所,132071,東京都,昭島市,田中町３丁目,2022/9/30,8,道路上,その他,キーあり,なし,原動機付自転車（50cc以下）,昭島市田中町３丁目,35.700785,139.350612, 昭島警察署 大神駐在所,35.699281,139.360745
窃盗,オートバイ盗,昭島,小荷田交番,132071,東京都,昭島市,拝島町３丁目,2022/10/25,19,４階建て以上共同住宅,駐車（輪）場,キーなし,なし,原動機付自転車（50cc以下）,昭島市拝島町３丁目,35.712272,139.335858, 昭島警察署 小荷田交番,35.7141158,139.3381602
窃盗,オートバイ盗,昭島,拝島駅前交番,132071,東京都,昭島市,松原町１丁目,2022/10/21,19,４階建て以上共同住宅,駐車（輪）場,キーなし,なし,原動機付自転車（50cc以下）,昭島市松原町１丁目,35.713303,139.356068, 昭島警察署 拝島駅前交番,35.7202672,139.3431157
窃盗,オートバイ盗,昭島,拝島駅前交番,132071,東京都,昭島市,松原町４丁目,2022/6/22,9,駐車（輪）場,駐車（輪）場,キーなし,なし,原動機付自転車（50cc以下）,昭島市松原町４丁目,35.7188703,139.3438967, 昭島警察署 拝島駅前交番,35.7202672,139.3431157
窃盗,オートバイ盗,昭島,昭島駅前交番,132071,東京都,昭島市,昭和町２丁目,2022/12/9,18,道路上,その他,キーあり,なし,原動機付自転車（50cc以下）,昭島市昭和町２丁目,35.71292,139.360379, 昭島警察署 昭島駅前交番,35.7135536,139.3605048
窃盗,オートバイ盗,昭島,玉川駐在所,132071,東京都,昭島市,朝日町３丁目,2022/5/30,5,道路上,その他,キーなし,なし,原動機付自転車（50cc以下）,昭島市朝日町３丁目,35.7067602,139.373947, 昭島警察署 玉川駐在所,35.704515,139.375566
窃盗,オートバイ盗,立川,天王橋交番,132021,東京都,立川市,上砂町１丁目,2016/12/19,7,４階建て以上共同住宅,駐車（輪）場,キーなし,なし,原動機付自転車（50cc以下）,立川市上砂町１丁目,35.719746,139.391744, 立川警察署 天王橋交番,35.726667,139.38402
窃盗,オートバイ盗,立川,天王橋交番,132021,東京都,立川市,西砂町１丁目,2022/6/10,7,駐車（輪）場,駐車（輪）場,キーなし,なし,原動機付自転車（50cc以下）,立川市西砂町１丁目,35.7273997,139.3698332, 立川警察署 天王橋交番,35.726667,139.38402
窃盗,オートバイ盗,立川,砂川八番交番,132021,東京都,立川市,幸町４丁目,2022/12/7,8,４階建て以上共同住宅,駐車（輪）場,キーなし,なし,原動機付自転車（50cc以下）,立川市幸町４丁目,35.725207,139.4297137, 立川警察署 砂川八番交番,35.722696,139.422405
窃盗,オートバイ盗,立川,砂川八番交番,132021,東京都,立川市,若葉町４丁目,2022/12/5,6,４階建て以上共同住宅,駐車（輪）場,キーなし,なし,原動機付自転車（50cc以下）,立川市若葉町４丁目,35.7237998,139.4368816, 立川警察署 砂川八番交番,35.722696,139.422405
窃盗,オートバイ盗,立川,砂川四番交番,132021,東京都,立川市,砂川町２丁目,2022/10/6,9,その他,その他,キーなし,なし,自動二輪（50cc超）,立川市砂川町２丁目,35.722839,139.398093, 立川警察署 砂川四番交番,35.723372,139.403092
窃盗,オートバイ盗,立川,立川駅北口交番,132021,東京都,立川市,緑町,2022/2/20,16,その他,駐車（輪）場,キーあり,あり,自動二輪（50cc超）,立川市緑町,35.7074626,139.4044158, 立川警察署 立川駅北口交番,35.6985845,139.4139701
窃盗,オートバイ盗,立川,若葉町駐在所,132021,東京都,立川市,若葉町４丁目,2022/7/8,16,４階建て以上共同住宅,駐車（輪）場,キーなし,なし,原動機付自転車（50cc以下）,立川市若葉町４丁目,35.7237998,139.4368816, 立川警察署 若葉町駐在所,35.719836,139.438154
窃盗,オートバイ盗,府中,中河原交番,132063,東京都,府中市,住吉町３丁目,2022/6/17,8,その他の住宅（３階建て以下共同住宅等）,駐車（輪）場,キーなし,あり,原動機付自転車（50cc以下）,府中市住吉町３丁目,35.663938,139.454475, 府中警察署 中河原交番,35.6599236,139.4577111
窃盗,オートバイ盗,府中,南町交番,132063,東京都,府中市,是政６丁目,2022/9/28,23,一戸建住宅,その他,キーなし,なし,自動二輪（50cc超）,府中市是政６丁目,35.653995,139.47823, 府中警察署 南町交番,35.6571306,139.4635607
窃盗,オートバイ盗,府中,大国魂交番,132063,東京都,府中市,八幡町２丁目,2022/3/17,9,その他,駐車（輪）場,キーあり,あり,自動二輪（50cc超）,府中市八幡町２丁目,35.6695789,139.4878532, 府中警察署 大国魂交番,35.669881,139.4795967
窃盗,オートバイ盗,府中,大国魂交番,132063,東京都,府中市,府中町２丁目,2022/1/9,9,駐車（輪）場,駐車（輪）場,キーなし,なし,原動機付自転車（50cc以下）,府中市府中町２丁目,35.6746615,139.4831446, 府中警察署 大国魂交番,35.669881,139.4795967
窃盗,オートバイ盗,府中,大国魂交番,132063,東京都,府中市,府中町２丁目,2022/8/8,13,駐車（輪）場,駐車（輪）場,キーあり,なし,自動二輪（50cc超）,府中市府中町２丁目,35.6746615,139.4831446, 府中警察署 大国魂交番,35.669881,139.4795967
窃盗,オートバイ盗,府中,大国魂交番,132063,東京都,府中市,本町１丁目,2022/5/3,9,駐車（輪）場,駐車（輪）場,キーあり,なし,自動二輪（50cc超）,府中市本町１丁目,35.666471,139.477994, 府中警察署 大国魂交番,35.669881,139.4795967
窃盗,オートバイ盗,府中,大国魂交番,132063,東京都,府中市,宮町１丁目,2022/12/1,23,駐車（輪）場,駐車（輪）場,キーなし,なし,原動機付自転車（50cc以下）,府中市宮町１丁目,35.6712082,139.4814698, 府中警察署 大国魂交番,35.669881,139.4795967
窃盗,オートバイ盗,府中,是政交番,132063,東京都,府中市,小柳町４丁目,2022/9/28,16,その他の住宅（３階建て以下共同住宅等）,駐車（輪）場,キーなし,なし,自動二輪（50cc超）,府中市小柳町４丁目,35.6580501,139.5029484, 府中警察署 是政交番,35.6575635,139.4874786
窃盗,オートバイ盗,府中,本宿交番,132063,東京都,府中市,日新町３丁目,2021/8/21,不明,その他の住宅（３階建て以下共同住宅等）,駐車（輪）場,キーなし,なし,原動機付自転車（50cc以下）,府中市日新町３丁目,35.668984,139.44924, 府中警察署 本宿交番,35.6732682,139.4588436
窃盗,オートバイ盗,府中,本宿交番,132063,東京都,府中市,日新町３丁目,2022/7/20,17,その他の住宅（３階建て以下共同住宅等）,駐車（輪）場,キーなし,なし,自動二輪（50cc超）,府中市日新町３丁目,35.668984,139.44924, 府中警察署 本宿交番,35.6732682,139.4588436
窃盗,オートバイ盗,府中,本宿交番,132063,東京都,府中市,本宿町１丁目,2020/8/1,0,駐車（輪）場,駐車（輪）場,キーあり,なし,原動機付自転車（50cc以下）,府中市本宿町１丁目,35.6704804,139.4593199, 府中警察署 本宿交番,35.6732682,139.4588436
窃盗,オートバイ盗,府中,栄町交番,132063,東京都,府中市,栄町３丁目,2022/9/24,22,４階建て以上共同住宅,駐車（輪）場,キーあり,なし,自動二輪（50cc超）,府中市栄町３丁目,35.6875853,139.4723437, 府中警察署 栄町交番,35.688507,139.479901
窃盗,オートバイ盗,府中,美好町交番,132063,東京都,府中市,片町１丁目,2022/6/3,7,駐車（輪）場,駐車（輪）場,キーなし,なし,原動機付自転車（50cc以下）,府中市片町１丁目,35.6714834,139.4714211, 府中警察署 美好町交番,35.672925,139.466042
窃盗,オートバイ盗,小金井,国分寺駅北口交番,132144,東京都,国分寺市,東恋ヶ窪２丁目,2022/10/20,18,その他,駐車（輪）場,キーなし,なし,自動二輪（50cc超）,国分寺市東恋ヶ窪２丁目,35.7082047,139.4758123, 小金井警察署 国分寺駅北口交番,,
窃盗,オートバイ盗,小金井,本多交番,132101,東京都,小金井市,貫井北町４丁目,2022/4/8,12,道路上,その他,キーなし,なし,原動機付自転車（50cc以下）,小金井市貫井北町４丁目,35.706235,139.491865, 小金井警察署 本多交番,35.7047,139.485789
窃盗,オートバイ盗,小金井,西国分寺駅前交番,132101,東京都,小金井市,本町６丁目,2022/1/4,22,道路上,その他,キーなし,なし,原動機付自転車（50cc以下）,小金井市本町６丁目,35.6998863,139.5032059, 小金井警察署 西国分寺駅前交番,35.6994984,139.4667961
窃盗,オートバイ盗,小金井,西国分寺駅前交番,132144,東京都,国分寺市,西恋ヶ窪３丁目,2022/11/7,19,４階建て以上共同住宅,その他,キーなし,なし,原動機付自転車（50cc以下）,国分寺市西恋ヶ窪３丁目,35.7045405,139.4644637, 小金井警察署 西国分寺駅前交番,35.6994984,139.4667961
窃盗,オートバイ盗,小金井,西町交番,132144,東京都,国分寺市,西町５丁目,2022/9/15,19,４階建て以上共同住宅,駐車（輪）場,キーなし,なし,原動機付自転車（50cc以下）,国分寺市西町５丁目,35.7169085,139.4331558, 小金井警察署 西町交番,35.712753,139.437543
窃盗,オートバイ盗,田無,ひばりが丘団地交番,132225,東京都,東久留米市,南町４丁目,2022/12/24,19,４階建て以上共同住宅,駐車（輪）場,キーなし,なし,自動二輪（50cc超）,東久留米市南町４丁目,35.744789,139.521748, 田無警察署 ひばりが丘団地交番,,
窃盗,オートバイ盗,田無,ひばりが丘駅前交番,132292,東京都,西東京市,ひばりが丘３丁目,2022/9/21,17,４階建て以上共同住宅,駐車（輪）場,キーなし,なし,自動二輪（50cc超）,西東京市ひばりが丘３丁目,35.7446167,139.5353396, 田無警察署 ひばりが丘駅前交番,,
窃盗,オートバイ盗,田無,ひばりが丘駅前交番,132292,東京都,西東京市,ひばりが丘北４丁目,2022/12/15,20,その他,駐車（輪）場,キーなし,なし,原動機付自転車（50cc以下）,西東京市ひばりが丘北４丁目,35.753444,139.54453, 田無警察署 ひばりが丘駅前交番,,
窃盗,オートバイ盗,田無,ひばりが丘駅前交番,132292,東京都,西東京市,谷戸町１丁目,2022/12/16,21,その他の住宅（３階建て以下共同住宅等）,駐車（輪）場,キーなし,なし,自動二輪（50cc超）,西東京市谷戸町１丁目,35.7414117,139.545413, 田無警察署 ひばりが丘駅前交番,,
窃盗,オートバイ盗,田無,上の原交番,132225,東京都,東久留米市,上の原２丁目,2022/2/14,13,その他,駐車（輪）場,キーあり,なし,原動機付自転車（50cc以下）,東久留米市上の原２丁目,35.771809,139.545799, 田無警察署 上の原交番,35.7687285,139.5427002
窃盗,オートバイ盗,田無,下里駐在所,132225,東京都,東久留米市,下里４丁目,2021/4/10,7,４階建て以上共同住宅,駐車（輪）場,キーなし,なし,自動二輪（50cc超）,東久留米市下里４丁目,35.753699,139.496259, 田無警察署 下里駐在所,35.75425,139.500008
窃盗,オートバイ盗,田無,下里駐在所,132225,東京都,東久留米市,下里４丁目,2022/1/19,20,４階建て以上共同住宅,駐車（輪）場,キーあり,なし,自動二輪（50cc超）,東久留米市下里４丁目,35.753699,139.496259, 田無警察署 下里駐在所,35.75425,139.500008
窃盗,オートバイ盗,田無,保谷駅前交番,132292,東京都,西東京市,東町２丁目,2022/11/13,17,４階建て以上共同住宅,駐車（輪）場,キーなし,なし,原動機付自転車（50cc以下）,西東京市東町２丁目,35.7460633,139.5613225, 田無警察署 保谷駅前交番,35.7477019,139.5667777
窃盗,オートバイ盗,田無,前沢交番,132225,東京都,東久留米市,前沢３丁目,2022/7/29,1,その他,駐車（輪）場,キーなし,なし,原動機付自転車（50cc以下）,東久留米市前沢３丁目,35.741177,139.516755, 田無警察署 前沢交番,35.751001,139.510702
窃盗,オートバイ盗,田無,前沢交番,132225,東京都,東久留米市,南沢４丁目,2022/12/24,11,４階建て以上共同住宅,駐車（輪）場,キーなし,なし,自動二輪（50cc超）,東久留米市南沢４丁目,35.747885,139.528101, 田無警察署 前沢交番,35.751001,139.510702
窃盗,オートバイ盗,田無,南沢交番,132225,東京都,東久留米市,幸町１丁目,2022/6/13,11,４階建て以上共同住宅,駐車（輪）場,キーあり,なし,原動機付自転車（50cc以下）,東久留米市幸町１丁目,35.760505,139.524723, 田無警察署 南沢交番,35.7593321,139.5272438
窃盗,オートバイ盗,田無,東久留米駅前交番,132225,東京都,東久留米市,浅間町２丁目,2022/2/12,10,一戸建住宅,駐車（輪）場,キーなし,なし,原動機付自転車（50cc以下）,東久留米市浅間町２丁目,35.759358,139.542706, 田無警察署 東久留米駅前交番,35.7608931,139.5351436
窃盗,オートバイ盗,田無,東久留米駅前交番,132225,東京都,東久留米市,中央町３丁目,2022/2/12,0,その他,駐車（輪）場,キーなし,なし,原動機付自転車（50cc以下）,東久留米市中央町３丁目,35.751192,139.522259, 田無警察署 東久留米駅前交番,35.7608931,139.5351436
窃盗,オートバイ盗,田無,東久留米駅前交番,132225,東京都,東久留米市,本町１丁目,2022/3/16,7,駐車（輪）場,駐車（輪）場,キーあり,なし,原動機付自転車（50cc以下）,東久留米市本町１丁目,35.759085,139.533352, 田無警察署 東久留米駅前交番,35.7608931,139.5351436
窃盗,オートバイ盗,田無,東伏見交番,132292,東京都,西東京市,東町３丁目,2022/8/26,8,その他,駐車（輪）場,キーなし,なし,原動機付自転車（50cc以下）,西東京市東町３丁目,35.74618,139.564966, 田無警察署 東伏見交番,35.7285406,139.5641383
窃盗,オートバイ盗,田無,東伏見交番,132292,東京都,西東京市,富士町１丁目,2022/6/25,18,４階建て以上共同住宅,駐車（輪）場,キーなし,なし,自動二輪（50cc超）,西東京市富士町１丁目,35.733653,139.560241, 田無警察署 東伏見交番,35.7285406,139.5641383
窃盗,オートバイ盗,田無,滝山交番,132225,東京都,東久留米市,滝山６丁目,2018/7/10,21,４階建て以上共同住宅,駐車（輪）場,キーなし,なし,原動機付自転車（50cc以下）,東久留米市滝山６丁目,35.747731,139.503683, 田無警察署 滝山交番,35.746279,139.503758
窃盗,オートバイ盗,田無,滝山交番,132225,東京都,東久留米市,滝山６丁目,2022/12/17,16,４階建て以上共同住宅,駐車（輪）場,キーなし,なし,原動機付自転車（50cc以下）,東久留米市滝山６丁目,35.747731,139.503683, 田無警察署 滝山交番,35.746279,139.503758
窃盗,オートバイ盗,田無,滝山交番,132225,東京都,東久留米市,前沢２丁目,2022/1/28,15,４階建て以上共同住宅,駐車（輪）場,キーなし,なし,原動機付自転車（50cc以下）,東久留米市前沢２丁目,35.744218,139.516936, 田無警察署 滝山交番,35.746279,139.503758
窃盗,オートバイ盗,田無,滝山交番,132225,東京都,東久留米市,前沢４丁目,2022/9/11,19,その他,駐車（輪）場,キーあり,なし,自動二輪（50cc超）,東久留米市前沢４丁目,35.744745,139.512264, 田無警察署 滝山交番,35.746279,139.503758
窃盗,オートバイ盗,田無,田無駅前交番,132292,東京都,西東京市,芝久保町２丁目,2022/11/30,4,４階建て以上共同住宅,駐車（輪）場,キーなし,なし,自動二輪（50cc超）,西東京市芝久保町２丁目,35.72731,139.527935, 田無警察署 田無駅前交番,35.7275449,139.5404858
窃盗,オートバイ盗,田無,田無駅前交番,132292,東京都,西東京市,芝久保町５丁目,2022/8/31,16,一戸建住宅,その他,キーあり,なし,原動機付自転車（50cc以下）,西東京市芝久保町５丁目,35.732881,139.525281, 田無警察署 田無駅前交番,35.7275449,139.5404858
窃盗,オートバイ盗,田無,田無駅前交番,132292,東京都,西東京市,田無町７丁目,2022/11/5,16,４階建て以上共同住宅,駐車（輪）場,キーあり,なし,自動二輪（50cc超）,西東京市田無町７丁目,35.7319061,139.5333208, 田無警察署 田無駅前交番,35.7275449,139.5404858
窃盗,オートバイ盗,東村山,久米川駅前交番,132136,東京都,東村山市,栄町２丁目,2022/2/6,11,４階建て以上共同住宅,駐車（輪）場,キーあり,なし,原動機付自転車（50cc以下）,東村山市栄町２丁目,35.74883,139.470588, 東村山警察署 久米川駅前交番,35.7504295,139.4721763
窃盗,オートバイ盗,東村山,久米川駐在所,132136,東京都,東村山市,久米川町３丁目,2022/11/11,8,その他,駐車（輪）場,キーあり,なし,原動機付自転車（50cc以下）,東村山市久米川町３丁目,35.763904,139.475685, 東村山警察署 久米川駐在所,35.768065,139.4724105
窃盗,オートバイ盗,東村山,久米川駐在所,132136,東京都,東村山市,久米川町４丁目,2022/8/22,17,その他,駐車（輪）場,キーあり,なし,原動機付自転車（50cc以下）,東村山市久米川町４丁目,35.764251,139.470419, 東村山警察署 久米川駐在所,35.768065,139.4724105
窃盗,オートバイ盗,東村山,廻田駐在所,132136,東京都,東村山市,多摩湖町４丁目,2022/4/7,1,一戸建住宅,駐車（輪）場,キーなし,なし,自動二輪（50cc超）,東村山市多摩湖町４丁目,35.766737,139.448683, 東村山警察署 廻田駐在所,35.758512100000004,139.4504761549547
窃盗,オートバイ盗,東村山,旭が丘交番,132217,東京都,清瀬市,旭が丘３丁目,2022/5/5,19,一戸建住宅,駐車（輪）場,キーなし,なし,自動二輪（50cc超）,清瀬市旭が丘３丁目,35.796907,139.538466, 東村山警察署 旭が丘交番,,
窃盗,オートバイ盗,東村山,東村山駅前交番,132136,東京都,東村山市,恩多町３丁目,2022/1/6,20,その他の住宅（３階建て以下共同住宅等）,その他,キーなし,なし,自動二輪（50cc超）,東村山市恩多町３丁目,35.753567,139.481549, 東村山警察署 東村山駅前交番,35.75965585,139.46639088436842
窃盗,オートバイ盗,東村山,東村山駅前交番,132136,東京都,東村山市,諏訪町１丁目,2022/12/6,20,４階建て以上共同住宅,駐車（輪）場,キーあり,なし,原動機付自転車（50cc以下）,東村山市諏訪町１丁目,35.768257,139.467353, 東村山警察署 東村山駅前交番,35.75965585,139.46639088436842
窃盗,オートバイ盗,東村山,東村山駅前交番,132136,東京都,東村山市,本町２丁目,2022/11/14,0,道路上,その他,キーあり,なし,原動機付自転車（50cc以下）,東村山市本町２丁目,35.761434,139.467336, 東村山警察署 東村山駅前交番,35.75965585,139.46639088436842
窃盗,オートバイ盗,東村山,清瀬駅前交番,132217,東京都,清瀬市,松山１丁目,2022/7/24,19,道路上,その他,キーなし,なし,自動二輪（50cc超）,清瀬市松山１丁目,35.768974,139.517981, 東村山警察署 清瀬駅前交番,35.7723548,139.5197876
窃盗,オートバイ盗,東村山,清瀬駅前交番,132217,東京都,清瀬市,元町１丁目,2022/10/2,11,駐車（輪）場,駐車（輪）場,キーあり,なし,原動機付自転車（50cc以下）,清瀬市元町１丁目,35.77368,139.518728, 東村山警察署 清瀬駅前交番,35.7723548,139.5197876
窃盗,オートバイ盗,東村山,清瀬駅前交番,132217,東京都,清瀬市,元町１丁目,2022/11/14,20,４階建て以上共同住宅,駐車（輪）場,キーなし,なし,原動機付自転車（50cc以下）,清瀬市元町１丁目,35.77368,139.518728, 東村山警察署 清瀬駅前交番,35.7723548,139.5197876
窃盗,オートバイ盗,東村山,清瀬駅前交番,132217,東京都,清瀬市,元町１丁目,2022/12/1,6,その他,駐車（輪）場,キーなし,なし,原動機付自転車（50cc以下）,清瀬市元町１丁目,35.77368,139.518728, 東村山警察署 清瀬駅前交番,35.7723548,139.5197876
窃盗,オートバイ盗,東村山,秋津三丁目交番,132136,東京都,東村山市,久米川町１丁目,2022/10/31,13,４階建て以上共同住宅,駐車（輪）場,キーあり,なし,自動二輪（50cc超）,東村山市久米川町１丁目,35.768356,139.482512, 東村山警察署 秋津三丁目交番,35.77210095,139.48111188086207
窃盗,オートバイ盗,東村山,秋津三丁目交番,132136,東京都,東村山市,久米川町１丁目,2022/10/31,13,４階建て以上共同住宅,駐車（輪）場,キーあり,なし,自動二輪（50cc超）,東村山市久米川町１丁目,35.768356,139.482512, 東村山警察署 秋津三丁目交番,35.77210095,139.48111188086207
窃盗,オートバイ盗,東村山,秋津三丁目交番,132136,東京都,東村山市,久米川町１丁目,2022/12/24,20,一戸建住宅,駐車（輪）場,キーなし,なし,自動二輪（50cc超）,東村山市久米川町１丁目,35.768356,139.482512, 東村山警察署 秋津三丁目交番,35.77210095,139.48111188086207
窃盗,オートバイ盗,武蔵野,三鷹駅北口交番,132039,東京都,武蔵野市,中町１丁目,2022/11/6,12,道路上,その他,キーあり,なし,原動機付自転車（50cc以下）,武蔵野市中町１丁目,35.7042255,139.5621875, 武蔵野警察署 三鷹駅北口交番,,
窃盗,オートバイ盗,武蔵野,吉祥寺駅西口交番,132039,東京都,武蔵野市,吉祥寺本町２丁目,2022/2/26,20,道路上,その他,キーあり,なし,原動機付自転車（50cc以下）,武蔵野市吉祥寺本町２丁目,35.7057807,139.5766713, 武蔵野警察署 吉祥寺駅西口交番,35.7030569,139.5771059
窃盗,オートバイ盗,武蔵野,吉祥寺駅西口交番,132039,東京都,武蔵野市,吉祥寺南町１丁目,2022/12/11,10,その他,その他,キーあり,なし,原動機付自転車（50cc以下）,武蔵野市吉祥寺南町１丁目,35.7005275,139.5807459, 武蔵野警察署 吉祥寺駅西口交番,35.7030569,139.5771059
窃盗,オートバイ盗,武蔵野,桜堤交番,132039,東京都,武蔵野市,桜堤３丁目,2022/2/12,19,その他,駐車（輪）場,キーなし,なし,原動機付自転車（50cc以下）,武蔵野市桜堤３丁目,35.715788,139.527893, 武蔵野警察署 桜堤交番,35.7092647,139.5331618
窃盗,オートバイ盗,武蔵野,武蔵境駅前交番,132039,東京都,武蔵野市,境南町３丁目,2022/11/6,14,その他,駐車（輪）場,キーあり,なし,原動機付自転車（50cc以下）,武蔵野市境南町３丁目,35.6995585,139.5398624, 武蔵野警察署 武蔵境駅前交番,,
窃盗,オートバイ盗,武蔵野,緑町交番,132039,東京都,武蔵野市,吉祥寺北町４丁目,2020/4/1,不明,その他の住宅（３階建て以下共同住宅等）,その他,キーなし,なし,原動機付自転車（50cc以下）,武蔵野市吉祥寺北町４丁目,35.7138691,139.5672651, 武蔵野警察署 緑町交番,35.7197076,139.5680241
窃盗,オートバイ盗,武蔵野,関前駐在所,132039,東京都,武蔵野市,関前５丁目,2022/4/16,15,その他,駐車（輪）場,キーあり,なし,原動機付自転車（50cc以下）,武蔵野市関前５丁目,35.71193,139.541226, 武蔵野警察署 関前駐在所,35.711089,139.541368
窃盗,オートバイ盗,三鷹,三鷹駅前交番,132047,東京都,三鷹市,下連雀３丁目,2022/12/23,17,道路上,その他,キーあり,なし,自動二輪（50cc超）,三鷹市下連雀３丁目,,, 三鷹警察署 三鷹駅前交番,,
窃盗,オートバイ盗,三鷹,上連雀交番,132047,東京都,三鷹市,上連雀６丁目,2022/11/24,18,その他,駐車（輪）場,キーあり,なし,原動機付自転車（50cc以下）,三鷹市上連雀６丁目,,, 三鷹警察署 上連雀交番,35.69448,139.55159
窃盗,オートバイ盗,三鷹,大沢交番,132047,東京都,三鷹市,大沢２丁目,2022/9/13,16,４階建て以上共同住宅,駐車（輪）場,キーあり,なし,自動二輪（50cc超）,三鷹市大沢２丁目,,, 三鷹警察署 大沢交番,35.6810081,139.5388511
窃盗,オートバイ盗,三鷹,大沢交番,132047,東京都,三鷹市,大沢３丁目,2022/12/4,2,一戸建住宅,駐車（輪）場,キーあり,なし,自動二輪（50cc超）,三鷹市大沢３丁目,,, 三鷹警察署 大沢交番,35.6810081,139.5388511
窃盗,オートバイ盗,三鷹,野崎交番,132047,東京都,三鷹市,野崎２丁目,2022/2/23,20,道路上,その他,キーなし,なし,自動二輪（50cc超）,三鷹市野崎２丁目,,, 三鷹警察署 野崎交番,35.6838577,139.5488194
窃盗,オートバイ盗,調布,つつじケ丘駅前交番,132080,東京都,調布市,西つつじケ丘４丁目,2022/12/4,16,４階建て以上共同住宅,駐車（輪）場,キーあり,あり,自動二輪（50cc超）,調布市西つつじケ丘４丁目,35.653368,139.575433, 調布警察署 つつじケ丘駅前交番,,
窃盗,オートバイ盗,調布,中和泉交番,132195,東京都,狛江市,和泉本町４丁目,2022/6/14,17,４階建て以上共同住宅,駐車（輪）場,キーなし,なし,原動機付自転車（50cc以下）,狛江市和泉本町４丁目,35.644011,139.568405, 調布警察署 中和泉交番,35.638876,139.569007
窃盗,オートバイ盗,調布,仙川交番,132080,東京都,調布市,国領町３丁目,2022/5/18,18,その他の住宅（３階建て以下共同住宅等）,駐車（輪）場,キーあり,なし,原動機付自転車（50cc以下）,調布市国領町３丁目,35.649614,139.560117, 調布警察署 仙川交番,35.6621285,139.5853992
窃盗,オートバイ盗,調布,仙川交番,132080,東京都,調布市,仙川町１丁目,2022/2/2,21,道路上,その他,キーなし,なし,原動機付自転車（50cc以下）,調布市仙川町１丁目,35.66088,139.585596, 調布警察署 仙川交番,35.6621285,139.5853992
窃盗,オートバイ盗,調布,和泉多摩川交番,132195,東京都,狛江市,猪方３丁目,2022/2/23,23,その他の住宅（３階建て以下共同住宅等）,その他,キーあり,なし,自動二輪（50cc超）,狛江市猪方３丁目,35.626122,139.577757, 調布警察署 和泉多摩川交番,,
窃盗,オートバイ盗,調布,和泉多摩川交番,132195,東京都,狛江市,猪方４丁目,2022/9/26,20,その他の住宅（３階建て以下共同住宅等）,駐車（輪）場,キーなし,あり,自動二輪（50cc超）,狛江市猪方４丁目,35.623469,139.577235, 調布警察署 和泉多摩川交番,,
窃盗,オートバイ盗,調布,国領交番,132080,東京都,調布市,国領町３丁目,2022/12/15,12,４階建て以上共同住宅,駐車（輪）場,キーあり,なし,原動機付自転車（50cc以下）,調布市国領町３丁目,35.649614,139.560117, 調布警察署 国領交番,35.6505877,139.5573257
窃盗,オートバイ盗,調布,国領交番,132080,東京都,調布市,国領町４丁目,2022/12/13,18,４階建て以上共同住宅,駐車（輪）場,キーなし,なし,原動機付自転車（50cc以下）,調布市国領町４丁目,35.647558,139.558156, 調布警察署 国領交番,35.6505877,139.5573257
窃盗,オートバイ盗,調布,多摩川住宅交番,132080,東京都,調布市,染地３丁目,2022/4/23,16,４階建て以上共同住宅,駐車（輪）場,キーなし,なし,自動二輪（50cc超）,調布市染地３丁目,35.639561,139.558768, 調布警察署 多摩川住宅交番,35.6396581,139.5599114
窃盗,オートバイ盗,調布,多摩川住宅交番,132080,東京都,調布市,染地３丁目,2022/9/25,16,４階建て以上共同住宅,駐車（輪）場,キーなし,なし,自動二輪（50cc超）,調布市染地３丁目,35.639561,139.558768, 調布警察署 多摩川住宅交番,35.6396581,139.5599114
窃盗,オートバイ盗,調布,多摩川住宅交番,132080,東京都,調布市,染地３丁目,2022/11/28,22,４階建て以上共同住宅,駐車（輪）場,キーなし,なし,自動二輪（50cc超）,調布市染地３丁目,35.639561,139.558768, 調布警察署 多摩川住宅交番,35.6396581,139.5599114
窃盗,オートバイ盗,調布,多摩川住宅交番,132195,東京都,狛江市,西和泉１丁目,2022/9/17,19,その他の住宅（３階建て以下共同住宅等）,駐車（輪）場,キーなし,あり,自動二輪（50cc超）,狛江市西和泉１丁目,35.639977,139.564302, 調布警察署 多摩川住宅交番,35.6396581,139.5599114
窃盗,オートバイ盗,調布,多摩川住宅交番,132195,東京都,狛江市,西和泉１丁目,2022/9/20,20,４階建て以上共同住宅,駐車（輪）場,キーあり,なし,自動二輪（50cc超）,狛江市西和泉１丁目,35.639977,139.564302, 調布警察署 多摩川住宅交番,35.6396581,139.5599114
窃盗,オートバイ盗,調布,布田交番,132080,東京都,調布市,柴崎１丁目,2022/10/28,21,道路上,その他,キーあり,なし,自動二輪（50cc超）,調布市柴崎１丁目,35.657009,139.562968, 調布警察署 布田交番,35.6470197,139.5484284
窃盗,オートバイ盗,調布,狛江交番,132195,東京都,狛江市,和泉本町３丁目,2022/3/6,17,その他,駐車（輪）場,キーなし,なし,自動二輪（50cc超）,狛江市和泉本町３丁目,35.640935,139.573463, 調布警察署 狛江交番,35.6332289,139.5772353
窃盗,オートバイ盗,調布,猪方交番,132195,東京都,狛江市,西和泉２丁目,2022/10/13,23,４階建て以上共同住宅,駐車（輪）場,キーあり,あり,自動二輪（50cc超）,狛江市西和泉２丁目,35.636873,139.563945, 調布警察署 猪方交番,35.6241116,139.582007
窃盗,オートバイ盗,調布,菊野台交番,132080,東京都,調布市,佐須町４丁目,2022/11/25,17,その他の住宅（３階建て以下共同住宅等）,駐車（輪）場,キーなし,なし,自動二輪（50cc超）,調布市佐須町４丁目,35.657648,139.557957, 調布警察署 菊野台交番,,
窃盗,オートバイ盗,調布,菊野台交番,132080,東京都,調布市,柴崎１丁目,2022/4/29,8,その他の住宅（３階建て以下共同住宅等）,その他,キーなし,なし,自動二輪（50cc超）,調布市柴崎１丁目,35.657009,139.562968, 調布警察署 菊野台交番,,
窃盗,オートバイ盗,調布,菊野台交番,132080,東京都,調布市,西つつじケ丘１丁目,2022/4/19,12,駐車（輪）場,駐車（輪）場,キーなし,なし,原動機付自転車（50cc以下）,調布市西つつじケ丘１丁目,35.660936,139.569348, 調布警察署 菊野台交番,,
窃盗,オートバイ盗,調布,菊野台交番,132080,東京都,調布市,西つつじケ丘１丁目,2022/11/3,17,その他,駐車（輪）場,キーなし,なし,原動機付自転車（50cc以下）,調布市西つつじケ丘１丁目,35.660936,139.569348, 調布警察署 菊野台交番,,
窃盗,オートバイ盗,調布,調布駅前交番,132080,東京都,調布市,西つつじケ丘３丁目,2022/9/2,1,道路上,その他,キーあり,なし,原動機付自転車（50cc以下）,調布市西つつじケ丘３丁目,35.657496,139.571871, 調布警察署 調布駅前交番,,
窃盗,オートバイ盗,調布,調布駅前交番,132080,東京都,調布市,布田２丁目,2022/2/17,13,一戸建住宅,駐車（輪）場,キーあり,なし,原動機付自転車（50cc以下）,調布市布田２丁目,35.652152,139.549112, 調布警察署 調布駅前交番,,
窃盗,オートバイ盗,小平,喜平橋駐在所,132110,東京都,小平市,御幸町,2022/9/6,7,その他の住宅（３階建て以下共同住宅等）,駐車（輪）場,キーなし,あり,自動二輪（50cc超）,小平市御幸町,35.716175,139.503869, 小平警察署 喜平橋駐在所,,
窃盗,オートバイ盗,小平,小平駅前交番,132110,東京都,小平市,天神町２丁目,2022/3/14,18,道路上,その他,キーなし,なし,自動二輪（50cc超）,小平市天神町２丁目,35.732421,139.494036, 小平警察署 小平駅前交番,35.7370531,139.4877892
窃盗,オートバイ盗,小平,花小金井駅前交番,132110,東京都,小平市,花小金井３丁目,2017/3/1,0,その他の住宅（３階建て以下共同住宅等）,駐車（輪）場,キーなし,なし,自動二輪（50cc超）,小平市花小金井３丁目,35.7371134,139.5170797, 小平警察署 花小金井駅前交番,35.726485,139.5129238
窃盗,オートバイ盗,小平,花小金井駅前交番,132110,東京都,小平市,花小金井６丁目,2022/11/30,20,その他,駐車（輪）場,キーなし,なし,自動二輪（50cc超）,小平市花小金井６丁目,35.7287922,139.5084616, 小平警察署 花小金井駅前交番,35.726485,139.5129238
窃盗,オートバイ盗,小平,鷹の台駅前交番,132110,東京都,小平市,津田町３丁目,2022/8/20,20,４階建て以上共同住宅,駐車（輪）場,キーあり,なし,原動機付自転車（50cc以下）,小平市津田町３丁目,35.722318,139.469673, 小平警察署 鷹の台駅前交番,35.7230478,139.4610095
