罪名,手口,管轄警察署（発生地）,管轄交番・駐在所（発生地）,市区町村コード（発生地）,都道府県（発生地）,市区町村（発生地）,町丁目（発生地）,発生年月日（始期）,発生時（始期）,発生場所,発生場所の詳細,現金以外の主な被害品
窃盗,部品ねらい,中央,本町交番,131024,東京都,中央区,日本橋本町４丁目,2020-11-01,16,４階建て以上共同住宅,駐車（輪）場,タイヤ・ホイール
窃盗,部品ねらい,中央,八重洲通交番,131024,東京都,中央区,京橋３丁目,2020-12-04,16,その他,駐車（輪）場,その他
窃盗,部品ねらい,中央,茅場町交番,131024,東京都,中央区,日本橋兜町,2020-11-13,05,その他,駐車（輪）場,その他
窃盗,部品ねらい,深川,森下交番,131083,東京都,江東区,常盤２丁目,2020-01-28,18,駐車（輪）場,駐車（輪）場,ナンバープレート
窃盗,部品ねらい,深川,森下交番,131083,東京都,江東区,森下２丁目,2020-09-03,07,道路上,その他,その他
窃盗,部品ねらい,深川,東陽交番,131083,東京都,江東区,木場５丁目,2020-05-21,10,駐車（輪）場,駐車（輪）場,ナンバープレート
窃盗,部品ねらい,深川,東陽交番,131083,東京都,江東区,塩浜２丁目,2019-05-01,08,４階建て以上共同住宅,駐車（輪）場,ナンバープレート
窃盗,部品ねらい,深川,東陽交番,131083,東京都,江東区,塩浜２丁目,2020-10-26,06,その他,その他,その他
窃盗,部品ねらい,深川,東陽交番,131083,東京都,江東区,東陽４丁目,2020-02-06,08,その他,駐車（輪）場,その他
窃盗,部品ねらい,深川,門前仲町交番,131083,東京都,江東区,越中島３丁目,2020-01-31,21,４階建て以上共同住宅,駐車（輪）場,その他
窃盗,部品ねらい,深川,門前仲町交番,131083,東京都,江東区,佐賀２丁目,2020-03-09,10,４階建て以上共同住宅,駐車（輪）場,その他
窃盗,部品ねらい,深川,豊洲交番,131083,東京都,江東区,豊洲２丁目,2020-01-11,08,駐車（輪）場,駐車（輪）場,その他
窃盗,部品ねらい,深川,豊洲交番,131083,東京都,江東区,豊洲４丁目,2020-06-23,17,４階建て以上共同住宅,駐車（輪）場,その他
窃盗,部品ねらい,深川,豊洲交番,131083,東京都,江東区,豊洲４丁目,2020-06-29,21,４階建て以上共同住宅,駐車（輪）場,ナンバープレート
窃盗,部品ねらい,深川,豊洲交番,131083,東京都,江東区,豊洲６丁目,2020-08-15,22,道路上,その他,その他
窃盗,部品ねらい,深川,枝川交番,131083,東京都,江東区,枝川１丁目,2020-09-05,22,４階建て以上共同住宅,駐車（輪）場,その他
窃盗,部品ねらい,深川,枝川交番,131083,東京都,江東区,越中島３丁目,2020-03-02,16,４階建て以上共同住宅,駐車（輪）場,その他
窃盗,部品ねらい,深川,清澄庭園前交番,131083,東京都,江東区,清澄１丁目,2020-05-25,17,４階建て以上共同住宅,駐車（輪）場,その他
窃盗,部品ねらい,深川,清澄庭園前交番,131083,東京都,江東区,冬木,2020-02-24,12,４階建て以上共同住宅,駐車（輪）場,ナンバープレート
窃盗,部品ねらい,麹町,麹町四丁目交番,131016,東京都,千代田区,麹町１丁目,2020-11-10,20,道路上,その他,タイヤ・ホイール
窃盗,部品ねらい,麹町,麹町四丁目交番,131016,東京都,千代田区,麹町３丁目,2020-01-25,11,道路上,その他,その他
窃盗,部品ねらい,麹町,五味坂交番,131016,東京都,千代田区,三番町,2020-03-21,15,４階建て以上共同住宅,駐車（輪）場,その他
窃盗,部品ねらい,丸の内,日比谷公園前交番,131016,東京都,千代田区,有楽町１丁目,2020-07-07,13,駐車（輪）場,駐車（輪）場,その他
窃盗,部品ねらい,丸の内,有楽町駅前交番,131016,東京都,千代田区,丸の内３丁目,2020-08-28,21,駐車（輪）場,駐車（輪）場,タイヤ・ホイール
窃盗,部品ねらい,丸の内,八重洲口交番,131016,東京都,千代田区,大手町２丁目,2020-06-08,09,駐車（輪）場,駐車（輪）場,その他
窃盗,部品ねらい,神田,水道橋駅前交番,131016,東京都,千代田区,神田三崎町２丁目,2020-07-19,21,駐車（輪）場,駐車（輪）場,その他
窃盗,部品ねらい,万世橋,美倉橋交番,131016,東京都,千代田区,東神田１丁目,2020-03-23,20,駐車（輪）場,駐車（輪）場,タイヤ・ホイール
窃盗,部品ねらい,万世橋,秋葉原交番,131016,東京都,千代田区,神田相生町,2020-05-04,11,駐車（輪）場,駐車（輪）場,その他
窃盗,部品ねらい,万世橋,秋葉原交番,131016,東京都,千代田区,外神田１丁目,2020-05-17,11,駐車（輪）場,駐車（輪）場,その他
窃盗,部品ねらい,万世橋,秋葉原交番,131016,東京都,千代田区,外神田３丁目,2020-06-26,18,道路上,その他,その他
窃盗,部品ねらい,久松,水天宮前交番,131024,東京都,中央区,日本橋蛎殻町１丁目,2020-07-21,21,駐車（輪）場,駐車（輪）場,タイヤ・ホイール
窃盗,部品ねらい,久松,問屋橋交番,131024,東京都,中央区,日本橋人形町３丁目,2020-07-22,15,駐車（輪）場,駐車（輪）場,その他
窃盗,部品ねらい,築地,数寄屋橋交番,131024,東京都,中央区,銀座４丁目,2020-01-20,10,道路上,その他,その他
窃盗,部品ねらい,築地,銀座八丁目交番,131024,東京都,中央区,銀座８丁目,2020-05-06,13,道路上,その他,その他
窃盗,部品ねらい,築地,銀座八丁目交番,131024,東京都,中央区,銀座８丁目,2020-07-28,09,駐車（輪）場,駐車（輪）場,その他
窃盗,部品ねらい,築地,銀座八丁目交番,131024,東京都,中央区,銀座８丁目,2020-11-15,23,道路上,その他,ナンバープレート
窃盗,部品ねらい,築地,中央市場交番,131024,東京都,中央区,築地５丁目,2020-06-15,12,その他,駐車（輪）場,ナンバープレート
窃盗,部品ねらい,月島,佃交番,131024,東京都,中央区,月島４丁目,2020-10-04,15,道路上,その他,タイヤ・ホイール
窃盗,部品ねらい,月島,佃交番,131024,東京都,中央区,佃２丁目,2020-05-08,23,４階建て以上共同住宅,駐車（輪）場,タイヤ・ホイール
窃盗,部品ねらい,月島,勝どき橋交番,131024,東京都,中央区,勝どき１丁目,2020-05-29,08,駐車（輪）場,駐車（輪）場,その他
窃盗,部品ねらい,愛宕,新橋駅前交番,131032,東京都,港区,新橋１丁目,2020-03-05,08,道路上,その他,ナンバープレート
窃盗,部品ねらい,愛宕,東新橋交番,131032,東京都,港区,東新橋１丁目,2020-03-06,18,駐車（輪）場,駐車（輪）場,ナンバープレート
窃盗,部品ねらい,三田,三田綱町交番,131032,東京都,港区,三田５丁目,2020-05-16,20,４階建て以上共同住宅,駐車（輪）場,その他
窃盗,部品ねらい,三田,田町駅東口交番,131032,東京都,港区,芝浦１丁目,2020-07-19,17,４階建て以上共同住宅,駐車（輪）場,その他
窃盗,部品ねらい,三田,田町駅東口交番,131032,東京都,港区,芝浦２丁目,2020-10-20,23,４階建て以上共同住宅,駐車（輪）場,その他
窃盗,部品ねらい,三田,田町駅東口交番,131032,東京都,港区,芝浦３丁目,2020-01-25,10,駐車（輪）場,駐車（輪）場,タイヤ・ホイール
窃盗,部品ねらい,三田,田町駅東口交番,131032,東京都,港区,芝浦４丁目,2020-08-31,23,４階建て以上共同住宅,駐車（輪）場,その他
窃盗,部品ねらい,三田,田町駅東口交番,131032,東京都,港区,芝浦４丁目,2020-09-18,23,４階建て以上共同住宅,駐車（輪）場,タイヤ・ホイール
窃盗,部品ねらい,三田,芝四丁目交番,131032,東京都,港区,芝１丁目,2020-10-12,00,その他,その他,ナンバープレート
窃盗,部品ねらい,三田,芝四丁目交番,131032,東京都,港区,芝２丁目,2020-08-21,12,駐車（輪）場,駐車（輪）場,ナンバープレート
窃盗,部品ねらい,高輪,白金三光町交番,131032,東京都,港区,白金６丁目,2020-11-11,11,その他,その他,その他
窃盗,部品ねらい,高輪,清正公前交番,131032,東京都,港区,白金１丁目,2020-03-13,09,道路上,その他,タイヤ・ホイール
窃盗,部品ねらい,麻布,一之橋交番,131032,東京都,港区,麻布十番４丁目,2018-05-01,不明,道路上,その他,ナンバープレート
窃盗,部品ねらい,麻布,盛岡町交番,131032,東京都,港区,南麻布２丁目,2020-05-05,15,４階建て以上共同住宅,駐車（輪）場,タイヤ・ホイール
窃盗,部品ねらい,麻布,盛岡町交番,131032,東京都,港区,南麻布４丁目,2020-04-26,20,駐車（輪）場,駐車（輪）場,その他
窃盗,部品ねらい,東京湾岸,第五台場交番,131032,東京都,港区,港南５丁目,2020-10-03,15,４階建て以上共同住宅,駐車（輪）場,ナンバープレート
窃盗,部品ねらい,東京湾岸,第五台場交番,131032,東京都,港区,港南５丁目,2020-10-03,16,４階建て以上共同住宅,駐車（輪）場,ナンバープレート
窃盗,部品ねらい,東京湾岸,第五台場交番,131032,東京都,港区,港南５丁目,2020-10-04,19,４階建て以上共同住宅,駐車（輪）場,ナンバープレート
窃盗,部品ねらい,東京湾岸,第五台場交番,131091,東京都,品川区,八潮２丁目,2020-06-05,17,駐車（輪）場,駐車（輪）場,その他
窃盗,部品ねらい,東京湾岸,第五台場交番,131091,東京都,品川区,八潮３丁目,2020-02-27,18,駐車（輪）場,駐車（輪）場,ナンバープレート
窃盗,部品ねらい,東京湾岸,第五台場交番,131091,東京都,品川区,八潮３丁目,2020-05-12,16,駐車（輪）場,駐車（輪）場,その他
窃盗,部品ねらい,東京湾岸,大田市場前交番,131113,東京都,大田区,東海３丁目,2020-01-25,06,駐車（輪）場,駐車（輪）場,ナンバープレート
窃盗,部品ねらい,東京湾岸,大田市場前交番,131113,東京都,大田区,東海５丁目,2020-10-17,15,その他,駐車（輪）場,その他
窃盗,部品ねらい,東京湾岸,お台場海浜公園駅前交番,131032,東京都,港区,台場１丁目,2020-10-31,15,その他,駐車（輪）場,ナンバープレート
窃盗,部品ねらい,東京湾岸,都橋交番,131083,東京都,江東区,有明３丁目,2020-06-14,13,その他,駐車（輪）場,タイヤ・ホイール
窃盗,部品ねらい,東京湾岸,都橋交番,131083,東京都,江東区,有明４丁目,2020-04-06,17,駐車（輪）場,駐車（輪）場,ナンバープレート
窃盗,部品ねらい,東京湾岸,都橋交番,131083,東京都,江東区,東雲１丁目,2020-02-06,17,４階建て以上共同住宅,駐車（輪）場,その他
窃盗,部品ねらい,東京湾岸,都橋交番,131083,東京都,江東区,東雲１丁目,2020-02-06,23,一戸建住宅,駐車（輪）場,その他
窃盗,部品ねらい,東京湾岸,都橋交番,131083,東京都,江東区,東雲１丁目,2020-02-09,13,４階建て以上共同住宅,駐車（輪）場,その他
窃盗,部品ねらい,東京湾岸,都橋交番,131083,東京都,江東区,東雲１丁目,2020-06-01,不明,その他,駐車（輪）場,ナンバープレート
窃盗,部品ねらい,東京湾岸,辰巳交番,131083,東京都,江東区,辰巳１丁目,2020-06-26,10,４階建て以上共同住宅,駐車（輪）場,その他
窃盗,部品ねらい,東京湾岸,辰巳交番,131083,東京都,江東区,辰巳２丁目,2020-08-21,17,４階建て以上共同住宅,駐車（輪）場,その他
窃盗,部品ねらい,東京湾岸,辰巳交番,131083,東京都,江東区,辰巳３丁目,2019-12-28,17,駐車（輪）場,駐車（輪）場,その他
窃盗,部品ねらい,東京湾岸,辰巳交番,131083,東京都,江東区,辰巳３丁目,2020-02-09,22,駐車（輪）場,駐車（輪）場,その他
窃盗,部品ねらい,東京湾岸,新木場駅前交番,131113,東京都,大田区,城南島６丁目,2020-09-04,15,その他,駐車（輪）場,ナンバープレート
窃盗,部品ねらい,品川,台場交番,131091,東京都,品川区,北品川１丁目,2020-03-30,06,駐車（輪）場,駐車（輪）場,その他
窃盗,部品ねらい,品川,台場交番,131091,東京都,品川区,北品川１丁目,2020-07-16,19,４階建て以上共同住宅,その他,その他
窃盗,部品ねらい,品川,台場交番,131091,東京都,品川区,東品川１丁目,2020-09-27,16,４階建て以上共同住宅,駐車（輪）場,ナンバープレート
窃盗,部品ねらい,品川,台場交番,131091,東京都,品川区,東品川１丁目,2020-09-28,20,４階建て以上共同住宅,駐車（輪）場,ナンバープレート
窃盗,部品ねらい,品川,御殿山交番,131091,東京都,品川区,北品川３丁目,2020-11-07,16,一戸建住宅,駐車（輪）場,その他
窃盗,部品ねらい,品川,三ツ木交番,131091,東京都,品川区,西品川２丁目,2020-10-14,17,道路上,その他,その他
窃盗,部品ねらい,品川,三ツ木交番,131091,東京都,品川区,西品川３丁目,2020-05-24,14,道路上,その他,その他
窃盗,部品ねらい,品川,青物横丁駅前交番,131091,東京都,品川区,南品川４丁目,2020-05-02,11,駐車（輪）場,駐車（輪）場,ナンバープレート
窃盗,部品ねらい,品川,青物横丁駅前交番,131091,東京都,品川区,南品川４丁目,2020-09-02,20,道路上,その他,タイヤ・ホイール
窃盗,部品ねらい,品川,青物横丁駅前交番,131091,東京都,品川区,南品川４丁目,2020-11-07,13,４階建て以上共同住宅,駐車（輪）場,ナンバープレート
窃盗,部品ねらい,品川,青物横丁駅前交番,131091,東京都,品川区,南品川６丁目,2020-11-23,20,駐車（輪）場,駐車（輪）場,その他
窃盗,部品ねらい,品川,天王洲交番,131091,東京都,品川区,東品川１丁目,2020-11-07,07,道路上,その他,その他
窃盗,部品ねらい,大井,立会川交番,131091,東京都,品川区,東大井１丁目,2020-06-15,10,その他,駐車（輪）場,ナンバープレート
窃盗,部品ねらい,大井,立会川交番,131091,東京都,品川区,東大井１丁目,2020-09-27,11,駐車（輪）場,駐車（輪）場,ナンバープレート
窃盗,部品ねらい,大井,南大井交番,131091,東京都,品川区,南大井３丁目,2020-10-15,10,その他,駐車（輪）場,その他
窃盗,部品ねらい,大井,南大井交番,131091,東京都,品川区,南大井６丁目,2020-02-20,17,その他,駐車（輪）場,その他
窃盗,部品ねらい,大井,西大井駅前交番,131091,東京都,品川区,西大井１丁目,2020-02-07,12,その他,駐車（輪）場,ナンバープレート
窃盗,部品ねらい,大井,西大井駅前交番,131091,東京都,品川区,西大井５丁目,2020-01-30,19,一戸建住宅,駐車（輪）場,その他
窃盗,部品ねらい,大井,西大井駅前交番,131091,東京都,品川区,西大井５丁目,2020-06-18,14,駐車（輪）場,駐車（輪）場,その他
窃盗,部品ねらい,大井,西大井駅前交番,131091,東京都,品川区,西大井５丁目,2020-06-29,19,その他の住宅（３階建て以下共同住宅等）,その他,ナンバープレート
窃盗,部品ねらい,大井,西大井駅前交番,131091,東京都,品川区,西大井６丁目,2020-10-16,19,一戸建住宅,駐車（輪）場,その他
窃盗,部品ねらい,大井,八潮団地交番,131091,東京都,品川区,八潮５丁目,2020-01-25,16,４階建て以上共同住宅,駐車（輪）場,その他
窃盗,部品ねらい,大井,八潮団地交番,131091,東京都,品川区,八潮５丁目,2020-05-11,19,４階建て以上共同住宅,駐車（輪）場,その他
窃盗,部品ねらい,大崎,五反田駅前交番,131091,東京都,品川区,西五反田２丁目,2020-10-28,18,道路上,その他,その他
窃盗,部品ねらい,大崎,五反田駅前交番,131091,東京都,品川区,西五反田２丁目,2020-12-10,00,道路上,その他,その他
窃盗,部品ねらい,大崎,五反田駅前交番,131091,東京都,品川区,西五反田６丁目,2019-09-01,00,駐車（輪）場,駐車（輪）場,ナンバープレート
窃盗,部品ねらい,大崎,五反田駅前交番,131091,東京都,品川区,東五反田２丁目,2020-02-04,19,その他,駐車（輪）場,タイヤ・ホイール
窃盗,部品ねらい,大崎,大崎駅前交番,131091,東京都,品川区,大崎１丁目,2020-09-02,10,駐車（輪）場,駐車（輪）場,その他
窃盗,部品ねらい,大崎,大崎駅前交番,131091,東京都,品川区,大崎３丁目,2020-11-18,20,駐車（輪）場,駐車（輪）場,タイヤ・ホイール
窃盗,部品ねらい,大崎,西五反田交番,131091,東京都,品川区,小山１丁目,2020-10-24,13,４階建て以上共同住宅,駐車（輪）場,その他
窃盗,部品ねらい,荏原,荏原中延駅前交番,131091,東京都,品川区,東中延１丁目,2020-07-06,20,駐車（輪）場,駐車（輪）場,ナンバープレート
窃盗,部品ねらい,荏原,平塚橋交番,131091,東京都,品川区,荏原２丁目,2020-09-30,22,その他の住宅（３階建て以下共同住宅等）,駐車（輪）場,タイヤ・ホイール
窃盗,部品ねらい,荏原,平塚橋交番,131091,東京都,品川区,荏原２丁目,2020-11-08,09,４階建て以上共同住宅,駐車（輪）場,その他
窃盗,部品ねらい,荏原,戸越交番,131091,東京都,品川区,戸越１丁目,2020-10-13,20,一戸建住宅,駐車（輪）場,その他
窃盗,部品ねらい,荏原,戸越交番,131091,東京都,品川区,戸越１丁目,2020-10-14,17,一戸建住宅,駐車（輪）場,その他
窃盗,部品ねらい,荏原,戸越交番,131091,東京都,品川区,戸越１丁目,2020-10-14,18,一戸建住宅,駐車（輪）場,その他
窃盗,部品ねらい,荏原,戸越交番,131091,東京都,品川区,戸越１丁目,2020-10-14,20,道路上,その他,その他
窃盗,部品ねらい,荏原,戸越交番,131091,東京都,品川区,戸越１丁目,2020-10-24,22,その他の住宅（３階建て以下共同住宅等）,駐車（輪）場,その他
窃盗,部品ねらい,荏原,戸越交番,131091,東京都,品川区,戸越３丁目,2020-08-03,19,駐車（輪）場,駐車（輪）場,ナンバープレート
窃盗,部品ねらい,荏原,宮前交番,131091,東京都,品川区,豊町１丁目,2020-02-29,18,４階建て以上共同住宅,駐車（輪）場,その他
窃盗,部品ねらい,荏原,豊町交番,131091,東京都,品川区,豊町３丁目,2020-07-26,19,駐車（輪）場,駐車（輪）場,ナンバープレート
窃盗,部品ねらい,荏原,豊町交番,131091,東京都,品川区,豊町６丁目,2020-05-01,17,駐車（輪）場,駐車（輪）場,その他
窃盗,部品ねらい,荏原,豊町交番,131091,東京都,品川区,豊町６丁目,2020-05-08,18,一戸建住宅,その他,その他
窃盗,部品ねらい,荏原,源氏前交番,131091,東京都,品川区,中延４丁目,2020-06-08,16,一戸建住宅,その他,その他
窃盗,部品ねらい,荏原,源氏前交番,131091,東京都,品川区,西中延３丁目,2020-05-15,13,一戸建住宅,駐車（輪）場,その他
窃盗,部品ねらい,荏原,源氏前交番,131091,東京都,品川区,二葉４丁目,2020-05-15,19,一戸建住宅,駐車（輪）場,その他
窃盗,部品ねらい,荏原,源氏前交番,131091,東京都,品川区,豊町６丁目,2020-05-15,16,一戸建住宅,駐車（輪）場,その他
窃盗,部品ねらい,荏原,武蔵小山交番,131091,東京都,品川区,小山１丁目,2020-12-12,23,一戸建住宅,駐車（輪）場,その他
窃盗,部品ねらい,荏原,洗足駐在所,131091,東京都,品川区,旗の台６丁目,2020-09-25,17,一戸建住宅,駐車（輪）場,その他
窃盗,部品ねらい,大森,森ケ崎交番,131113,東京都,大田区,大森東５丁目,2020-07-23,23,その他の住宅（３階建て以下共同住宅等）,駐車（輪）場,ナンバープレート
窃盗,部品ねらい,大森,森ケ崎交番,131113,東京都,大田区,大森東５丁目,2020-08-02,23,４階建て以上共同住宅,駐車（輪）場,その他
窃盗,部品ねらい,大森,森ケ崎交番,131113,東京都,大田区,大森東５丁目,2020-12-21,11,その他の住宅（３階建て以下共同住宅等）,駐車（輪）場,その他
窃盗,部品ねらい,大森,森ケ崎交番,131113,東京都,大田区,大森南３丁目,2020-11-14,19,その他の住宅（３階建て以下共同住宅等）,その他,その他
窃盗,部品ねらい,大森,森ケ崎交番,131113,東京都,大田区,大森南５丁目,2020-02-16,16,その他の住宅（３階建て以下共同住宅等）,駐車（輪）場,ナンバープレート
窃盗,部品ねらい,大森,谷戸交番,131113,東京都,大田区,大森西５丁目,2020-04-12,17,４階建て以上共同住宅,駐車（輪）場,ナンバープレート
窃盗,部品ねらい,大森,大森西交番,131113,東京都,大田区,大森中２丁目,2020-12-05,19,その他の住宅（３階建て以下共同住宅等）,駐車（輪）場,その他
窃盗,部品ねらい,大森,大森西交番,131113,東京都,大田区,大森西２丁目,2020-07-01,00,道路上,その他,その他
窃盗,部品ねらい,大森,大森海岸交番,131113,東京都,大田区,大森北３丁目,2020-04-27,18,４階建て以上共同住宅,駐車（輪）場,その他
窃盗,部品ねらい,大森,大森海岸交番,131113,東京都,大田区,大森北６丁目,2020-08-03,07,４階建て以上共同住宅,駐車（輪）場,その他
窃盗,部品ねらい,大森,大森海岸交番,131113,東京都,大田区,大森東１丁目,2020-02-09,17,４階建て以上共同住宅,駐車（輪）場,その他
窃盗,部品ねらい,大森,大森海岸交番,131113,東京都,大田区,大森東１丁目,2020-03-06,07,その他の住宅（３階建て以下共同住宅等）,駐車（輪）場,その他
窃盗,部品ねらい,大森,大森海岸交番,131113,東京都,大田区,大森東１丁目,2020-11-04,23,駐車（輪）場,駐車（輪）場,ナンバープレート
窃盗,部品ねらい,大森,大森海岸交番,131113,東京都,大田区,大森本町１丁目,2020-12-03,18,駐車（輪）場,駐車（輪）場,ナンバープレート
窃盗,部品ねらい,大森,大森海岸交番,131113,東京都,大田区,大森本町２丁目,2020-08-08,17,その他,駐車（輪）場,ナンバープレート
窃盗,部品ねらい,大森,大森海岸交番,131113,東京都,大田区,平和島６丁目,2020-03-02,11,駐車（輪）場,駐車（輪）場,その他
窃盗,部品ねらい,大森,大森海岸交番,131113,東京都,大田区,ふるさとの浜辺公園,2020-02-24,13,その他,駐車（輪）場,その他
窃盗,部品ねらい,大森,大森駅前交番,131113,東京都,大田区,大森北２丁目,2020-08-20,14,その他,駐車（輪）場,その他
窃盗,部品ねらい,大森,春日橋交番,131113,東京都,大田区,中央３丁目,2020-05-12,19,一戸建住宅,駐車（輪）場,その他
窃盗,部品ねらい,大森,春日橋交番,131113,東京都,大田区,中央４丁目,2020-04-17,08,その他,駐車（輪）場,その他
窃盗,部品ねらい,大森,山王交番,131113,東京都,大田区,山王２丁目,2020-07-20,20,駐車（輪）場,駐車（輪）場,その他
窃盗,部品ねらい,田園調布,石川台交番,131113,東京都,大田区,雪谷大塚町,2020-05-26,07,駐車（輪）場,駐車（輪）場,その他
窃盗,部品ねらい,田園調布,田園調布駅前交番,131113,東京都,大田区,田園調布２丁目,2020-08-12,12,駐車（輪）場,駐車（輪）場,ナンバープレート
窃盗,部品ねらい,田園調布,田園調布駅前交番,131113,東京都,大田区,田園調布２丁目,2020-10-06,09,道路上,その他,その他
窃盗,部品ねらい,田園調布,田園調布駅前交番,131113,東京都,大田区,田園調布５丁目,2020-09-15,22,４階建て以上共同住宅,駐車（輪）場,その他
窃盗,部品ねらい,田園調布,鵜の木駅前交番,131113,東京都,大田区,鵜の木３丁目,2020-12-19,22,一戸建住宅,その他,その他
窃盗,部品ねらい,田園調布,鵜の木駅前交番,131113,東京都,大田区,南久が原２丁目,2020-04-26,19,一戸建住宅,駐車（輪）場,ナンバープレート
窃盗,部品ねらい,田園調布,道々橋交番,131113,東京都,大田区,上池台４丁目,2020-06-19,19,一戸建住宅,駐車（輪）場,ナンバープレート
窃盗,部品ねらい,田園調布,中谷駐在所,131113,東京都,大田区,上池台３丁目,2020-06-28,16,その他の住宅（３階建て以下共同住宅等）,駐車（輪）場,その他
窃盗,部品ねらい,田園調布,中谷駐在所,131113,東京都,大田区,上池台５丁目,2020-08-17,23,一戸建住宅,その他,その他
窃盗,部品ねらい,田園調布,小池駐在所,131113,東京都,大田区,上池台１丁目,2020-06-04,19,一戸建住宅,駐車（輪）場,その他
窃盗,部品ねらい,田園調布,嶺駐在所,131113,東京都,大田区,北嶺町,2020-01-20,10,道路上,その他,その他
窃盗,部品ねらい,蒲田,西蒲田交番,131113,東京都,大田区,池上５丁目,2020-08-29,22,その他,その他,その他
窃盗,部品ねらい,蒲田,西蒲田交番,131113,東京都,大田区,本羽田２丁目,2020-02-14,00,道路上,その他,タイヤ・ホイール
窃盗,部品ねらい,蒲田,京急蒲田駅前交番,131113,東京都,大田区,蒲田２丁目,2020-05-17,22,道路上,その他,その他
窃盗,部品ねらい,蒲田,京急蒲田駅前交番,131113,東京都,大田区,蒲田４丁目,2020-09-28,13,駐車（輪）場,駐車（輪）場,その他
窃盗,部品ねらい,蒲田,蒲田駅東口交番,131113,東京都,大田区,蒲田５丁目,2020-01-16,08,駐車（輪）場,駐車（輪）場,その他
窃盗,部品ねらい,蒲田,蒲田駅東口交番,131113,東京都,大田区,蒲田５丁目,2020-05-08,16,道路上,その他,その他
窃盗,部品ねらい,蒲田,蒲田駅東口交番,131113,東京都,大田区,蒲田５丁目,2020-09-17,18,駐車（輪）場,駐車（輪）場,その他
窃盗,部品ねらい,蒲田,蒲田駅西口交番,131113,東京都,大田区,西蒲田５丁目,2020-01-31,08,駐車（輪）場,駐車（輪）場,その他
窃盗,部品ねらい,蒲田,西六郷交番,131113,東京都,大田区,西六郷１丁目,2020-09-19,18,駐車（輪）場,駐車（輪）場,ナンバープレート
窃盗,部品ねらい,蒲田,東六郷交番,131113,東京都,大田区,仲六郷３丁目,2020-06-21,18,駐車（輪）場,駐車（輪）場,ナンバープレート
窃盗,部品ねらい,蒲田,東六郷交番,131113,東京都,大田区,仲六郷３丁目,2020-07-02,15,駐車（輪）場,駐車（輪）場,ナンバープレート
窃盗,部品ねらい,蒲田,東六郷交番,131113,東京都,大田区,南六郷１丁目,2020-12-05,12,４階建て以上共同住宅,その他,ナンバープレート
窃盗,部品ねらい,蒲田,東六郷交番,131113,東京都,大田区,南六郷２丁目,2020-10-13,17,４階建て以上共同住宅,駐車（輪）場,ナンバープレート
窃盗,部品ねらい,蒲田,東六郷交番,131113,東京都,大田区,南六郷２丁目,2020-11-06,19,その他の住宅（３階建て以下共同住宅等）,駐車（輪）場,その他
窃盗,部品ねらい,蒲田,日の出通交番,131113,東京都,大田区,西糀谷１丁目,2020-09-29,03,一戸建住宅,その他,その他
窃盗,部品ねらい,蒲田,日の出通交番,131113,東京都,大田区,萩中２丁目,2020-12-24,16,一戸建住宅,駐車（輪）場,ナンバープレート
窃盗,部品ねらい,蒲田,日の出通交番,131113,東京都,大田区,南蒲田２丁目,2020-02-03,08,その他,駐車（輪）場,その他
窃盗,部品ねらい,蒲田,本羽田交番,131113,東京都,大田区,南六郷１丁目,2019-11-21,不明,その他の住宅（３階建て以下共同住宅等）,駐車（輪）場,ナンバープレート
窃盗,部品ねらい,蒲田,本羽田交番,131113,東京都,大田区,南六郷１丁目,2020-01-04,22,一戸建住宅,その他,その他
窃盗,部品ねらい,蒲田,大鳥居交番,131113,東京都,大田区,羽田４丁目,2020-12-02,08,その他,その他,その他
窃盗,部品ねらい,蒲田,大鳥居交番,131113,東京都,大田区,東糀谷３丁目,2020-09-06,15,４階建て以上共同住宅,駐車（輪）場,その他
窃盗,部品ねらい,蒲田,大鳥居交番,131113,東京都,大田区,東糀谷３丁目,2020-11-03,17,その他の住宅（３階建て以下共同住宅等）,駐車（輪）場,ナンバープレート
窃盗,部品ねらい,蒲田,大鳥居交番,131113,東京都,大田区,本羽田３丁目,2020-09-15,21,その他,駐車（輪）場,その他
窃盗,部品ねらい,蒲田,北糀谷交番,131113,東京都,大田区,東糀谷６丁目,2020-03-20,17,４階建て以上共同住宅,駐車（輪）場,その他
窃盗,部品ねらい,池上,市野倉交番,131113,東京都,大田区,中央６丁目,2020-07-31,12,駐車（輪）場,駐車（輪）場,ナンバープレート
窃盗,部品ねらい,池上,三本松交番,131113,東京都,大田区,東馬込１丁目,2020-07-27,19,道路上,その他,ナンバープレート
窃盗,部品ねらい,池上,三本松交番,131113,東京都,大田区,東馬込１丁目,2020-11-01,12,一戸建住宅,その他,その他
窃盗,部品ねらい,池上,池上駅前交番,131113,東京都,大田区,池上３丁目,2020-02-03,08,道路上,その他,その他
窃盗,部品ねらい,池上,池上駅前交番,131113,東京都,大田区,池上４丁目,2020-10-02,18,駐車（輪）場,駐車（輪）場,タイヤ・ホイール
窃盗,部品ねらい,池上,池上駅前交番,131113,東京都,大田区,池上６丁目,2020-08-21,14,その他,駐車（輪）場,タイヤ・ホイール
窃盗,部品ねらい,池上,池上駅前交番,131113,東京都,大田区,中央７丁目,2020-02-22,19,道路上,その他,その他
窃盗,部品ねらい,池上,蓮沼交番,131113,東京都,大田区,東矢口３丁目,2020-08-12,22,４階建て以上共同住宅,駐車（輪）場,その他
窃盗,部品ねらい,池上,多摩川大橋交番,131113,東京都,大田区,多摩川２丁目,2020-02-09,16,４階建て以上共同住宅,駐車（輪）場,その他
窃盗,部品ねらい,池上,多摩川大橋交番,131113,東京都,大田区,多摩川２丁目,2020-07-17,07,４階建て以上共同住宅,駐車（輪）場,その他
窃盗,部品ねらい,池上,多摩川大橋交番,131113,東京都,大田区,多摩川２丁目,2020-08-02,22,４階建て以上共同住宅,駐車（輪）場,ナンバープレート
窃盗,部品ねらい,池上,多摩川大橋交番,131113,東京都,大田区,多摩川２丁目,2020-11-28,22,４階建て以上共同住宅,駐車（輪）場,その他
窃盗,部品ねらい,池上,多摩川大橋交番,131113,東京都,大田区,矢口３丁目,2020-02-02,20,その他,駐車（輪）場,その他
窃盗,部品ねらい,池上,多摩川大橋交番,131113,東京都,大田区,矢口３丁目,2020-05-29,09,駐車（輪）場,駐車（輪）場,ナンバープレート
窃盗,部品ねらい,池上,西馬込交番,131113,東京都,大田区,池上２丁目,2020-02-23,07,その他,駐車（輪）場,その他
窃盗,部品ねらい,池上,西馬込交番,131113,東京都,大田区,南馬込５丁目,2020-03-21,16,駐車（輪）場,駐車（輪）場,その他
窃盗,部品ねらい,池上,西馬込交番,131113,東京都,大田区,南馬込５丁目,2020-06-04,08,駐車（輪）場,駐車（輪）場,その他
窃盗,部品ねらい,池上,西馬込交番,131113,東京都,大田区,南馬込５丁目,2020-11-01,12,その他の住宅（３階建て以下共同住宅等）,駐車（輪）場,その他
窃盗,部品ねらい,池上,ガス橋交番,131113,東京都,大田区,下丸子３丁目,2020-08-27,19,その他,駐車（輪）場,その他
窃盗,部品ねらい,東京空港,国際線ターミナル交番,131113,東京都,大田区,羽田空港２丁目,2020-01-20,12,道路上,その他,その他
窃盗,部品ねらい,東京空港,国際線ターミナル交番,131113,東京都,大田区,羽田空港２丁目,2020-10-30,07,その他,駐車（輪）場,その他
窃盗,部品ねらい,東京空港,国際線ターミナル交番,131113,東京都,大田区,羽田空港２丁目,2020-12-02,09,駐車（輪）場,駐車（輪）場,その他
窃盗,部品ねらい,世田谷,三軒茶屋交番,131121,東京都,世田谷区,三軒茶屋２丁目,2020-01-16,20,道路上,その他,その他
窃盗,部品ねらい,世田谷,三軒茶屋交番,131121,東京都,世田谷区,太子堂１丁目,2020-04-26,14,その他,駐車（輪）場,その他
窃盗,部品ねらい,世田谷,三軒茶屋交番,131121,東京都,世田谷区,太子堂１丁目,2020-05-24,12,その他,駐車（輪）場,その他
窃盗,部品ねらい,世田谷,三宿交番,131121,東京都,世田谷区,池尻２丁目,2020-04-12,12,４階建て以上共同住宅,駐車（輪）場,その他
窃盗,部品ねらい,世田谷,三宿交番,131121,東京都,世田谷区,三宿１丁目,2020-06-14,05,道路上,その他,その他
窃盗,部品ねらい,世田谷,下馬四丁目交番,131121,東京都,世田谷区,下馬５丁目,2019-12-31,18,道路上,その他,その他
窃盗,部品ねらい,世田谷,上馬交番,131121,東京都,世田谷区,上馬１丁目,2020-08-15,16,その他の住宅（３階建て以下共同住宅等）,その他,タイヤ・ホイール
窃盗,部品ねらい,世田谷,上馬交番,131121,東京都,世田谷区,上馬１丁目,2020-11-24,19,その他の住宅（３階建て以下共同住宅等）,その他,その他
窃盗,部品ねらい,世田谷,上馬交番,131121,東京都,世田谷区,上馬２丁目,2020-01-09,14,道路上,その他,その他
窃盗,部品ねらい,世田谷,上馬交番,131121,東京都,世田谷区,上馬２丁目,2020-08-23,16,４階建て以上共同住宅,駐車（輪）場,その他
窃盗,部品ねらい,世田谷,上馬交番,131121,東京都,世田谷区,野沢４丁目,2020-05-04,14,その他の住宅（３階建て以下共同住宅等）,駐車（輪）場,その他
窃盗,部品ねらい,世田谷,上馬交番,131121,東京都,世田谷区,野沢４丁目,2020-10-02,15,駐車（輪）場,駐車（輪）場,ナンバープレート
窃盗,部品ねらい,世田谷,世田谷交番,131121,東京都,世田谷区,世田谷１丁目,2020-08-01,17,駐車（輪）場,駐車（輪）場,タイヤ・ホイール
窃盗,部品ねらい,世田谷,世田谷交番,131121,東京都,世田谷区,若林４丁目,2020-05-23,20,その他の住宅（３階建て以下共同住宅等）,駐車（輪）場,ナンバープレート
窃盗,部品ねらい,世田谷,若林交番,131121,東京都,世田谷区,上馬５丁目,2020-04-18,19,道路上,その他,その他
窃盗,部品ねらい,世田谷,若林交番,131121,東京都,世田谷区,三軒茶屋２丁目,2019-12-31,16,その他,駐車（輪）場,その他
窃盗,部品ねらい,世田谷,若林交番,131121,東京都,世田谷区,若林１丁目,2019-12-31,00,駐車（輪）場,駐車（輪）場,ナンバープレート
窃盗,部品ねらい,世田谷,若林交番,131121,東京都,世田谷区,若林３丁目,2020-06-27,15,４階建て以上共同住宅,駐車（輪）場,タイヤ・ホイール
窃盗,部品ねらい,世田谷,松ケ丘交番,131121,東京都,世田谷区,世田谷１丁目,2020-03-15,15,その他,駐車（輪）場,その他
窃盗,部品ねらい,世田谷,松ケ丘交番,131121,東京都,世田谷区,世田谷１丁目,2020-04-26,12,駐車（輪）場,駐車（輪）場,その他
窃盗,部品ねらい,世田谷,松ケ丘交番,131121,東京都,世田谷区,世田谷１丁目,2020-04-29,20,駐車（輪）場,駐車（輪）場,その他
窃盗,部品ねらい,北沢,経堂駅前交番,131121,東京都,世田谷区,経堂１丁目,2020-08-01,18,その他,その他,その他
窃盗,部品ねらい,北沢,経堂駅前交番,131121,東京都,世田谷区,宮坂２丁目,2020-06-25,18,駐車（輪）場,駐車（輪）場,その他
窃盗,部品ねらい,北沢,経堂駅前交番,131121,東京都,世田谷区,宮坂３丁目,2019-12-31,01,道路上,その他,その他
窃盗,部品ねらい,北沢,宮前橋交番,131121,東京都,世田谷区,代田３丁目,2020-03-31,12,一戸建住宅,その他,その他
窃盗,部品ねらい,北沢,淡島通交番,131121,東京都,世田谷区,代沢５丁目,2020-03-06,16,その他,駐車（輪）場,その他
窃盗,部品ねらい,北沢,淡島通交番,131121,東京都,世田谷区,代沢５丁目,2020-08-16,22,駐車（輪）場,駐車（輪）場,その他
窃盗,部品ねらい,北沢,下北沢交番,131121,東京都,世田谷区,代田６丁目,2020-01-01,不明,駐車（輪）場,駐車（輪）場,タイヤ・ホイール
窃盗,部品ねらい,北沢,赤松交番,131121,東京都,世田谷区,赤堤４丁目,2020-11-26,13,駐車（輪）場,駐車（輪）場,その他
窃盗,部品ねらい,北沢,赤松交番,131121,東京都,世田谷区,松原３丁目,2020-01-14,23,その他,駐車（輪）場,その他
窃盗,部品ねらい,北沢,赤堤交番,131121,東京都,世田谷区,赤堤３丁目,2019-12-26,21,４階建て以上共同住宅,駐車（輪）場,その他
窃盗,部品ねらい,北沢,明大前駅前交番,131121,東京都,世田谷区,松原１丁目,2020-09-15,19,４階建て以上共同住宅,駐車（輪）場,その他
窃盗,部品ねらい,北沢,明大前駅前交番,131121,東京都,世田谷区,松原１丁目,2020-09-24,09,道路上,その他,その他
窃盗,部品ねらい,北沢,明大前駅前交番,131121,東京都,世田谷区,松原３丁目,2019-12-30,21,その他の住宅（３階建て以下共同住宅等）,駐車（輪）場,その他
窃盗,部品ねらい,玉川,奥沢駅前交番,131121,東京都,世田谷区,奥沢３丁目,2020-06-23,12,４階建て以上共同住宅,駐車（輪）場,その他
窃盗,部品ねらい,玉川,尾山台駅前交番,131121,東京都,世田谷区,尾山台３丁目,2020-03-29,08,一戸建住宅,駐車（輪）場,ナンバープレート
窃盗,部品ねらい,玉川,尾山台駅前交番,131121,東京都,世田谷区,等々力２丁目,2020-09-07,17,その他,駐車（輪）場,その他
窃盗,部品ねらい,玉川,上野毛交番,131121,東京都,世田谷区,上野毛１丁目,2020-11-12,17,その他の住宅（３階建て以下共同住宅等）,駐車（輪）場,ナンバープレート
窃盗,部品ねらい,玉川,上野毛交番,131121,東京都,世田谷区,中町１丁目,2020-11-12,21,その他の住宅（３階建て以下共同住宅等）,駐車（輪）場,ナンバープレート
窃盗,部品ねらい,玉川,上野毛交番,131121,東京都,世田谷区,中町１丁目,2020-12-22,20,駐車（輪）場,駐車（輪）場,その他
窃盗,部品ねらい,玉川,上野毛交番,131121,東京都,世田谷区,中町４丁目,2020-10-26,16,駐車（輪）場,駐車（輪）場,ナンバープレート
窃盗,部品ねらい,玉川,二子玉川交番,131121,東京都,世田谷区,玉川２丁目,2020-02-07,06,道路上,その他,その他
窃盗,部品ねらい,玉川,二子玉川交番,131121,東京都,世田谷区,玉川３丁目,2020-09-03,17,その他,駐車（輪）場,その他
窃盗,部品ねらい,玉川,瀬田交番,131121,東京都,世田谷区,瀬田２丁目,2020-01-05,18,その他の住宅（３階建て以下共同住宅等）,その他,その他
窃盗,部品ねらい,玉川,瀬田交番,131121,東京都,世田谷区,瀬田２丁目,2020-01-23,18,その他の住宅（３階建て以下共同住宅等）,その他,その他
窃盗,部品ねらい,玉川,瀬田交番,131121,東京都,世田谷区,瀬田４丁目,2020-01-04,16,その他の住宅（３階建て以下共同住宅等）,駐車（輪）場,その他
窃盗,部品ねらい,玉川,瀬田交番,131121,東京都,世田谷区,玉川台２丁目,2020-02-20,22,一戸建住宅,その他,その他
窃盗,部品ねらい,玉川,深沢交番,131121,東京都,世田谷区,駒沢５丁目,2020-09-05,07,駐車（輪）場,駐車（輪）場,ナンバープレート
窃盗,部品ねらい,玉川,深沢交番,131121,東京都,世田谷区,駒沢公園,2020-09-13,21,その他,駐車（輪）場,ナンバープレート
窃盗,部品ねらい,玉川,深沢交番,131121,東京都,世田谷区,深沢２丁目,2020-05-20,12,４階建て以上共同住宅,駐車（輪）場,その他
窃盗,部品ねらい,玉川,深沢交番,131121,東京都,世田谷区,深沢４丁目,2020-10-02,15,その他,駐車（輪）場,その他
窃盗,部品ねらい,玉川,深沢交番,131121,東京都,世田谷区,深沢７丁目,2020-05-11,18,一戸建住宅,その他,ナンバープレート
窃盗,部品ねらい,玉川,桜新町交番,131121,東京都,世田谷区,桜新町２丁目,2020-11-22,12,その他,駐車（輪）場,その他
窃盗,部品ねらい,成城,祖師谷大蔵交番,131121,東京都,世田谷区,砧８丁目,2020-01-03,16,駐車（輪）場,駐車（輪）場,その他
窃盗,部品ねらい,成城,祖師谷大蔵交番,131121,東京都,世田谷区,砧８丁目,2020-01-24,07,駐車（輪）場,駐車（輪）場,その他
窃盗,部品ねらい,成城,祖師谷大蔵交番,131121,東京都,世田谷区,砧８丁目,2020-06-17,16,駐車（輪）場,駐車（輪）場,その他
窃盗,部品ねらい,成城,祖師谷大蔵交番,131121,東京都,世田谷区,祖師谷２丁目,2020-06-25,21,４階建て以上共同住宅,駐車（輪）場,その他
窃盗,部品ねらい,成城,烏山交番,131121,東京都,世田谷区,南烏山３丁目,2020-01-07,23,駐車（輪）場,駐車（輪）場,ナンバープレート
窃盗,部品ねらい,成城,烏山交番,131121,東京都,世田谷区,南烏山４丁目,2020-01-15,16,４階建て以上共同住宅,駐車（輪）場,その他
窃盗,部品ねらい,成城,烏山交番,131121,東京都,世田谷区,南烏山４丁目,2020-01-20,19,４階建て以上共同住宅,駐車（輪）場,その他
窃盗,部品ねらい,成城,烏山交番,131121,東京都,世田谷区,南烏山４丁目,2020-03-31,19,道路上,その他,その他
窃盗,部品ねらい,成城,烏山交番,131121,東京都,世田谷区,南烏山４丁目,2020-06-24,18,道路上,その他,その他
窃盗,部品ねらい,成城,烏山交番,131121,東京都,世田谷区,南烏山６丁目,2020-01-10,08,駐車（輪）場,駐車（輪）場,その他
窃盗,部品ねらい,成城,上北沢駅前交番,131121,東京都,世田谷区,上北沢１丁目,2020-11-23,06,４階建て以上共同住宅,その他,ナンバープレート
窃盗,部品ねらい,成城,大蔵二丁目交番,131121,東京都,世田谷区,大蔵１丁目,2020-12-02,20,４階建て以上共同住宅,駐車（輪）場,ナンバープレート
窃盗,部品ねらい,成城,東宝前交番,131121,東京都,世田谷区,宇奈根３丁目,2020-04-03,22,駐車（輪）場,駐車（輪）場,その他
窃盗,部品ねらい,成城,岡本駐在所,131121,東京都,世田谷区,砧公園,2020-08-17,06,道路上,その他,ナンバープレート
窃盗,部品ねらい,成城,鎌田駐在所,131121,東京都,世田谷区,鎌田４丁目,2020-10-18,20,その他,駐車（輪）場,タイヤ・ホイール
窃盗,部品ねらい,成城,喜多見駐在所,131121,東京都,世田谷区,喜多見２丁目,2020-10-13,12,４階建て以上共同住宅,駐車（輪）場,ナンバープレート
窃盗,部品ねらい,成城,上祖師谷駐在所,131121,東京都,世田谷区,上祖師谷５丁目,2020-03-27,19,一戸建住宅,駐車（輪）場,その他
窃盗,部品ねらい,成城,給田交番,131121,東京都,世田谷区,給田４丁目,2020-12-09,20,４階建て以上共同住宅,駐車（輪）場,タイヤ・ホイール
窃盗,部品ねらい,成城,松葉通駐在所,131121,東京都,世田谷区,北烏山２丁目,2020-04-02,16,４階建て以上共同住宅,その他,その他
窃盗,部品ねらい,成城,松葉通駐在所,131121,東京都,世田谷区,北烏山４丁目,2020-01-15,09,その他の住宅（３階建て以下共同住宅等）,その他,その他
窃盗,部品ねらい,成城,船橋交番,131121,東京都,世田谷区,船橋５丁目,2020-08-27,12,４階建て以上共同住宅,駐車（輪）場,ナンバープレート
窃盗,部品ねらい,成城,船橋交番,131121,東京都,世田谷区,船橋６丁目,2020-05-04,18,駐車（輪）場,駐車（輪）場,ナンバープレート
窃盗,部品ねらい,成城,船橋交番,131121,東京都,世田谷区,船橋７丁目,2020-09-20,13,４階建て以上共同住宅,駐車（輪）場,ナンバープレート
窃盗,部品ねらい,目黒,三田交番,131105,東京都,目黒区,三田１丁目,2020-02-02,19,その他,駐車（輪）場,ナンバープレート
窃盗,部品ねらい,目黒,三田交番,131105,東京都,目黒区,三田１丁目,2020-02-22,08,駐車（輪）場,駐車（輪）場,その他
窃盗,部品ねらい,目黒,油面交番,131105,東京都,目黒区,中町２丁目,2020-04-12,17,一戸建住宅,駐車（輪）場,その他
窃盗,部品ねらい,目黒,油面交番,131105,東京都,目黒区,目黒３丁目,2020-10-21,18,一戸建住宅,その他,その他
窃盗,部品ねらい,目黒,祐天寺駅前交番,131105,東京都,目黒区,中町２丁目,2020-10-21,08,その他,その他,その他
窃盗,部品ねらい,目黒,祐天寺駅前交番,131105,東京都,目黒区,祐天寺２丁目,2020-01-25,00,道路上,その他,ナンバープレート
窃盗,部品ねらい,目黒,中目黒駅前交番,131105,東京都,目黒区,上目黒３丁目,2020-03-13,15,道路上,その他,その他
窃盗,部品ねらい,目黒,中目黒駅前交番,131105,東京都,目黒区,中目黒２丁目,2020-08-03,10,その他,その他,その他
窃盗,部品ねらい,目黒,中目黒駅前交番,131105,東京都,目黒区,中目黒３丁目,2020-12-09,13,その他の住宅（３階建て以下共同住宅等）,その他,その他
窃盗,部品ねらい,目黒,宿山交番,131105,東京都,目黒区,東山１丁目,2020-06-01,00,その他の住宅（３階建て以下共同住宅等）,駐車（輪）場,その他
窃盗,部品ねらい,目黒,宿山交番,131105,東京都,目黒区,東山１丁目,2020-09-04,21,４階建て以上共同住宅,その他,その他
窃盗,部品ねらい,目黒,大橋交番,131105,東京都,目黒区,青葉台２丁目,2020-02-09,19,その他,駐車（輪）場,その他
窃盗,部品ねらい,碑文谷,柿の木坂交番,131105,東京都,目黒区,柿の木坂１丁目,2020-04-21,06,駐車（輪）場,駐車（輪）場,その他
窃盗,部品ねらい,碑文谷,柿の木坂交番,131105,東京都,目黒区,柿の木坂３丁目,2020-02-29,18,道路上,その他,その他
窃盗,部品ねらい,碑文谷,都立大学駅前交番,131105,東京都,目黒区,八雲５丁目,2020-01-27,07,駐車（輪）場,駐車（輪）場,その他
窃盗,部品ねらい,碑文谷,緑が丘交番,131105,東京都,目黒区,緑が丘１丁目,2020-07-03,19,一戸建住宅,駐車（輪）場,ナンバープレート
窃盗,部品ねらい,碑文谷,緑が丘交番,131105,東京都,目黒区,緑が丘３丁目,2020-09-10,09,その他の住宅（３階建て以下共同住宅等）,駐車（輪）場,その他
窃盗,部品ねらい,碑文谷,原町交番,131105,東京都,目黒区,原町１丁目,2020-09-17,21,その他,駐車（輪）場,その他
窃盗,部品ねらい,碑文谷,原町交番,131105,東京都,目黒区,原町２丁目,2020-01-09,18,一戸建住宅,駐車（輪）場,その他
窃盗,部品ねらい,碑文谷,原町交番,131105,東京都,目黒区,原町２丁目,2020-01-16,17,４階建て以上共同住宅,その他,その他
窃盗,部品ねらい,碑文谷,原町交番,131105,東京都,目黒区,原町２丁目,2020-10-08,18,４階建て以上共同住宅,駐車（輪）場,その他
窃盗,部品ねらい,碑文谷,原町交番,131105,東京都,目黒区,碑文谷１丁目,2020-01-17,04,一戸建住宅,駐車（輪）場,その他
窃盗,部品ねらい,碑文谷,原町交番,131105,東京都,目黒区,南１丁目,2020-06-27,16,４階建て以上共同住宅,駐車（輪）場,その他
窃盗,部品ねらい,碑文谷,原町交番,131105,東京都,目黒区,南１丁目,2020-09-18,11,一戸建住宅,その他,その他
窃盗,部品ねらい,碑文谷,本町二丁目交番,131105,東京都,目黒区,目黒本町２丁目,2019-12-27,12,４階建て以上共同住宅,駐車（輪）場,その他
窃盗,部品ねらい,碑文谷,本町二丁目交番,131105,東京都,目黒区,目黒本町３丁目,2020-10-05,18,道路上,その他,ナンバープレート
窃盗,部品ねらい,碑文谷,学芸大学駅前交番,131105,東京都,目黒区,鷹番２丁目,2020-11-24,00,駐車（輪）場,駐車（輪）場,ナンバープレート
窃盗,部品ねらい,碑文谷,学芸大学駅前交番,131105,東京都,目黒区,鷹番３丁目,2020-09-19,18,道路上,その他,その他
窃盗,部品ねらい,碑文谷,学芸大学駅前交番,131105,東京都,目黒区,鷹番３丁目,2020-10-09,13,その他,駐車（輪）場,その他
窃盗,部品ねらい,碑文谷,学芸大学駅前交番,131105,東京都,目黒区,鷹番３丁目,2020-11-27,20,道路上,その他,その他
窃盗,部品ねらい,碑文谷,学芸大学駅前交番,131105,東京都,目黒区,碑文谷５丁目,2020-01-14,17,一戸建住宅,その他,その他
窃盗,部品ねらい,碑文谷,東が丘駐在所,131105,東京都,目黒区,東が丘２丁目,2020-11-12,08,その他,駐車（輪）場,その他
窃盗,部品ねらい,渋谷,渋谷駅前交番,131130,東京都,渋谷区,渋谷１丁目,2020-09-17,11,その他,駐車（輪）場,その他
窃盗,部品ねらい,渋谷,宇田川交番,131130,東京都,渋谷区,神山町,2020-05-11,06,駐車（輪）場,駐車（輪）場,その他
窃盗,部品ねらい,渋谷,道玄坂上交番,131130,東京都,渋谷区,道玄坂２丁目,2020-04-05,07,その他,その他,その他
窃盗,部品ねらい,渋谷,恵比寿駅前交番,131130,東京都,渋谷区,恵比寿４丁目,2020-05-20,08,駐車（輪）場,駐車（輪）場,その他
窃盗,部品ねらい,渋谷,恵比寿駅前交番,131130,東京都,渋谷区,恵比寿西１丁目,2020-10-30,19,駐車（輪）場,駐車（輪）場,ナンバープレート
窃盗,部品ねらい,渋谷,恵比寿四丁目交番,131130,東京都,渋谷区,恵比寿２丁目,2020-08-15,11,その他,駐車（輪）場,その他
窃盗,部品ねらい,原宿,代々木二丁目交番,131130,東京都,渋谷区,代々木２丁目,2020-09-07,09,駐車（輪）場,駐車（輪）場,その他
窃盗,部品ねらい,代々木,初台駅前交番,131130,東京都,渋谷区,本町１丁目,2020-08-26,23,その他の住宅（３階建て以下共同住宅等）,その他,タイヤ・ホイール
窃盗,部品ねらい,代々木,幡ケ谷駅前交番,131130,東京都,渋谷区,西原１丁目,2020-11-10,15,道路上,その他,ナンバープレート
窃盗,部品ねらい,代々木,幡ケ谷駅前交番,131130,東京都,渋谷区,幡ヶ谷１丁目,2020-06-21,19,その他の住宅（３階建て以下共同住宅等）,その他,ナンバープレート
窃盗,部品ねらい,代々木,幡ケ谷駅前交番,131130,東京都,渋谷区,幡ヶ谷１丁目,2020-06-21,20,駐車（輪）場,駐車（輪）場,ナンバープレート
窃盗,部品ねらい,代々木,幡ケ谷駅前交番,131130,東京都,渋谷区,幡ヶ谷２丁目,2020-01-20,22,その他,駐車（輪）場,その他
窃盗,部品ねらい,代々木,幡ケ谷駅前交番,131130,東京都,渋谷区,幡ヶ谷２丁目,2020-11-12,15,その他の住宅（３階建て以下共同住宅等）,その他,ナンバープレート
窃盗,部品ねらい,代々木,幡ケ谷駅前交番,131130,東京都,渋谷区,幡ヶ谷３丁目,2020-05-03,22,道路上,その他,その他
窃盗,部品ねらい,代々木,笹塚交番,131130,東京都,渋谷区,笹塚１丁目,2020-09-01,07,駐車（輪）場,駐車（輪）場,その他
窃盗,部品ねらい,代々木,笹塚交番,131130,東京都,渋谷区,笹塚２丁目,2020-10-09,17,駐車（輪）場,駐車（輪）場,その他
窃盗,部品ねらい,代々木,笹塚交番,131130,東京都,渋谷区,笹塚３丁目,2020-01-08,18,駐車（輪）場,駐車（輪）場,その他
窃盗,部品ねらい,代々木,笹塚交番,131130,東京都,渋谷区,笹塚３丁目,2020-05-08,20,道路上,その他,ナンバープレート
窃盗,部品ねらい,代々木,笹塚交番,131130,東京都,渋谷区,初台１丁目,2020-07-07,14,一戸建住宅,その他,その他
窃盗,部品ねらい,代々木,代々木上原駅前交番,131130,東京都,渋谷区,西原２丁目,2020-11-05,21,４階建て以上共同住宅,駐車（輪）場,その他
窃盗,部品ねらい,代々木,初台二丁目交番,131130,東京都,渋谷区,初台１丁目,2020-05-21,16,駐車（輪）場,駐車（輪）場,その他
窃盗,部品ねらい,代々木,初台二丁目交番,131130,東京都,渋谷区,代々木５丁目,2020-03-15,20,４階建て以上共同住宅,駐車（輪）場,ナンバープレート
窃盗,部品ねらい,代々木,代々木公園交番,131130,東京都,渋谷区,富ヶ谷１丁目,2020-01-21,08,その他,駐車（輪）場,その他
窃盗,部品ねらい,牛込,柳町交番,131041,東京都,新宿区,市谷薬王寺町,2020-04-17,14,４階建て以上共同住宅,その他,その他
窃盗,部品ねらい,牛込,河田町交番,131041,東京都,新宿区,若松町,2020-03-02,23,駐車（輪）場,駐車（輪）場,その他
窃盗,部品ねらい,牛込,河田町交番,131041,東京都,新宿区,戸山２丁目,2020-08-01,23,４階建て以上共同住宅,駐車（輪）場,その他
窃盗,部品ねらい,牛込,八幡前交番,131041,東京都,新宿区,市谷仲之町,2020-07-24,22,４階建て以上共同住宅,駐車（輪）場,その他
窃盗,部品ねらい,新宿,,,,,,2020-07-15,18,駐車（輪）場,駐車（輪）場,ナンバープレート
窃盗,部品ねらい,新宿,新宿駅西口交番,131041,東京都,新宿区,西新宿１丁目,2020-05-22,09,道路上,その他,ナンバープレート
窃盗,部品ねらい,新宿,新宿駅西口交番,131041,東京都,新宿区,西新宿２丁目,2020-06-09,15,駐車（輪）場,駐車（輪）場,ナンバープレート
窃盗,部品ねらい,新宿,熊野神社前交番,131041,東京都,新宿区,西新宿２丁目,2020-09-23,09,その他,駐車（輪）場,その他
窃盗,部品ねらい,新宿,熊野神社前交番,131041,東京都,新宿区,西新宿４丁目,2020-05-20,11,４階建て以上共同住宅,駐車（輪）場,タイヤ・ホイール
窃盗,部品ねらい,新宿,淀橋市場前交番,131041,東京都,新宿区,百人町３丁目,2020-11-06,18,４階建て以上共同住宅,駐車（輪）場,その他
窃盗,部品ねらい,新宿,百人町交番,131041,東京都,新宿区,北新宿１丁目,2020-04-23,17,道路上,その他,その他
窃盗,部品ねらい,新宿,百人町交番,131041,東京都,新宿区,百人町２丁目,2020-03-30,13,一戸建住宅,駐車（輪）場,ナンバープレート
窃盗,部品ねらい,新宿,百人町交番,131041,東京都,新宿区,百人町２丁目,2020-06-16,07,道路上,その他,その他
窃盗,部品ねらい,新宿,大久保交番,131041,東京都,新宿区,大久保２丁目,2020-09-29,23,４階建て以上共同住宅,駐車（輪）場,ナンバープレート
窃盗,部品ねらい,新宿,新宿六丁目交番,131041,東京都,新宿区,新宿６丁目,2020-01-28,21,４階建て以上共同住宅,駐車（輪）場,その他
窃盗,部品ねらい,新宿,新宿六丁目交番,131041,東京都,新宿区,新宿７丁目,2020-04-08,00,駐車（輪）場,駐車（輪）場,その他
窃盗,部品ねらい,新宿,歌舞伎町交番,131041,東京都,新宿区,歌舞伎町１丁目,2020-02-18,18,駐車（輪）場,駐車（輪）場,その他
窃盗,部品ねらい,新宿,歌舞伎町交番,131041,東京都,新宿区,歌舞伎町１丁目,2020-08-12,18,駐車（輪）場,駐車（輪）場,その他
窃盗,部品ねらい,戸塚,高田馬場駅前交番,131041,東京都,新宿区,高田馬場３丁目,2020-05-17,20,駐車（輪）場,駐車（輪）場,その他
窃盗,部品ねらい,戸塚,下落合駅前交番,131041,東京都,新宿区,中落合２丁目,2019-05-13,17,一戸建住宅,その他,その他
窃盗,部品ねらい,戸塚,下落合駅前交番,131041,東京都,新宿区,中落合２丁目,2020-08-02,17,４階建て以上共同住宅,駐車（輪）場,その他
窃盗,部品ねらい,戸塚,下落合駅前交番,131041,東京都,新宿区,中落合２丁目,2020-10-23,09,一戸建住宅,その他,その他
窃盗,部品ねらい,戸塚,下落合駅前交番,131041,東京都,新宿区,中落合４丁目,2020-05-29,12,その他の住宅（３階建て以下共同住宅等）,駐車（輪）場,ナンバープレート
窃盗,部品ねらい,戸塚,中落合交番,131041,東京都,新宿区,中井２丁目,2020-05-19,18,４階建て以上共同住宅,駐車（輪）場,その他
窃盗,部品ねらい,戸塚,中落合交番,131041,東京都,新宿区,中落合４丁目,2020-05-02,12,一戸建住宅,その他,その他
窃盗,部品ねらい,戸塚,西落合交番,131041,東京都,新宿区,中落合３丁目,2020-11-11,11,道路上,その他,その他
窃盗,部品ねらい,戸塚,上落合交番,131041,東京都,新宿区,中井１丁目,2020-04-14,13,駐車（輪）場,駐車（輪）場,その他
窃盗,部品ねらい,戸塚,上落合交番,131041,東京都,新宿区,中井１丁目,2020-06-14,22,その他,その他,ナンバープレート
窃盗,部品ねらい,戸塚,上落合交番,131041,東京都,新宿区,中落合１丁目,2020-02-20,17,一戸建住宅,その他,その他
窃盗,部品ねらい,四谷,四谷三丁目交番,131041,東京都,新宿区,四谷３丁目,2020-12-07,08,駐車（輪）場,駐車（輪）場,その他
窃盗,部品ねらい,四谷,信濃町交番,131041,東京都,新宿区,霞ヶ丘町,2020-10-07,18,道路上,その他,その他
窃盗,部品ねらい,四谷,花園交番,131041,東京都,新宿区,片町,2020-06-07,10,道路上,その他,ナンバープレート
窃盗,部品ねらい,四谷,花園交番,131041,東京都,新宿区,新宿５丁目,2020-01-02,11,道路上,その他,ナンバープレート
窃盗,部品ねらい,中野,中野坂上交番,131148,東京都,中野区,中央１丁目,2020-02-14,17,４階建て以上共同住宅,駐車（輪）場,その他
窃盗,部品ねらい,中野,中野坂上交番,131148,東京都,中野区,本町１丁目,2020-08-21,06,一戸建住宅,その他,ナンバープレート
窃盗,部品ねらい,中野,中野坂上交番,131148,東京都,中野区,本町２丁目,2020-12-02,19,その他の住宅（３階建て以下共同住宅等）,駐車（輪）場,その他
窃盗,部品ねらい,中野,中野坂上交番,131148,東京都,中野区,弥生町１丁目,2020-01-05,00,４階建て以上共同住宅,駐車（輪）場,その他
窃盗,部品ねらい,中野,早稲田通交番,131148,東京都,中野区,中野５丁目,2020-01-15,23,その他の住宅（３階建て以下共同住宅等）,駐車（輪）場,その他
窃盗,部品ねらい,中野,早稲田通交番,131148,東京都,中野区,中野６丁目,2020-12-15,21,４階建て以上共同住宅,駐車（輪）場,その他
窃盗,部品ねらい,中野,早稲田通交番,131148,東京都,中野区,東中野３丁目,2020-04-11,13,道路上,その他,ナンバープレート
窃盗,部品ねらい,中野,本郷通交番,131148,東京都,中野区,本町２丁目,2020-07-06,16,その他,駐車（輪）場,その他
窃盗,部品ねらい,中野,本郷通交番,131148,東京都,中野区,本町３丁目,2020-02-17,00,その他の住宅（３階建て以下共同住宅等）,駐車（輪）場,その他
窃盗,部品ねらい,中野,本郷通交番,131148,東京都,中野区,本町５丁目,2020-02-15,15,４階建て以上共同住宅,駐車（輪）場,その他
窃盗,部品ねらい,中野,本郷通交番,131148,東京都,中野区,本町５丁目,2020-02-22,16,４階建て以上共同住宅,駐車（輪）場,その他
窃盗,部品ねらい,中野,本郷通交番,131148,東京都,中野区,本町５丁目,2020-03-21,16,４階建て以上共同住宅,その他,その他
窃盗,部品ねらい,中野,本郷通交番,131148,東京都,中野区,弥生町２丁目,2020-07-22,02,道路上,その他,その他
窃盗,部品ねらい,中野,本郷通交番,131148,東京都,中野区,弥生町２丁目,2020-08-31,21,４階建て以上共同住宅,駐車（輪）場,その他
窃盗,部品ねらい,中野,本郷通交番,131148,東京都,中野区,弥生町２丁目,2020-09-09,07,４階建て以上共同住宅,駐車（輪）場,その他
窃盗,部品ねらい,中野,本郷通交番,131148,東京都,中野区,弥生町３丁目,2020-02-15,16,一戸建住宅,その他,その他
窃盗,部品ねらい,中野,鍋屋横丁交番,131148,東京都,中野区,中央２丁目,2020-02-16,00,一戸建住宅,その他,その他
窃盗,部品ねらい,中野,鍋屋横丁交番,131148,東京都,中野区,中央２丁目,2020-07-02,17,その他の住宅（３階建て以下共同住宅等）,その他,ナンバープレート
窃盗,部品ねらい,中野,鍋屋横丁交番,131148,東京都,中野区,中央２丁目,2020-08-31,12,一戸建住宅,駐車（輪）場,その他
窃盗,部品ねらい,中野,鍋屋横丁交番,131148,東京都,中野区,中央３丁目,2020-10-02,18,４階建て以上共同住宅,駐車（輪）場,その他
窃盗,部品ねらい,中野,鍋屋横丁交番,131148,東京都,中野区,本町３丁目,2020-02-05,13,その他,駐車（輪）場,その他
窃盗,部品ねらい,中野,鍋屋横丁交番,131148,東京都,中野区,本町３丁目,2020-02-15,16,４階建て以上共同住宅,駐車（輪）場,その他
窃盗,部品ねらい,中野,鍋屋横丁交番,131148,東京都,中野区,本町３丁目,2020-06-03,17,４階建て以上共同住宅,その他,その他
窃盗,部品ねらい,中野,鍋屋横丁交番,131148,東京都,中野区,本町４丁目,2020-03-07,18,一戸建住宅,駐車（輪）場,その他
窃盗,部品ねらい,中野,南台交番,131148,東京都,中野区,南台２丁目,2020-05-15,17,一戸建住宅,その他,その他
窃盗,部品ねらい,中野,中央五丁目交番,131148,東京都,中野区,本町６丁目,2020-05-05,17,４階建て以上共同住宅,駐車（輪）場,その他
窃盗,部品ねらい,野方,上高田交番,131148,東京都,中野区,上高田４丁目,2020-03-22,20,４階建て以上共同住宅,駐車（輪）場,その他
窃盗,部品ねらい,野方,江原町交番,131148,東京都,中野区,江原町３丁目,2020-08-06,12,道路上,その他,その他
窃盗,部品ねらい,野方,江古田四丁目交番,131148,東京都,中野区,江古田３丁目,2020-09-17,10,駐車（輪）場,駐車（輪）場,ナンバープレート
窃盗,部品ねらい,野方,沼袋交番,131148,東京都,中野区,沼袋３丁目,2020-02-25,09,その他の住宅（３階建て以下共同住宅等）,駐車（輪）場,ナンバープレート
窃盗,部品ねらい,野方,野方駅前交番,131148,東京都,中野区,野方６丁目,2020-08-27,18,一戸建住宅,その他,その他
窃盗,部品ねらい,野方,野方駅前交番,131148,東京都,中野区,丸山２丁目,2020-07-19,17,その他の住宅（３階建て以下共同住宅等）,駐車（輪）場,その他
窃盗,部品ねらい,野方,家政通交番,131148,東京都,中野区,鷺宮１丁目,2020-05-03,08,その他の住宅（３階建て以下共同住宅等）,駐車（輪）場,その他
窃盗,部品ねらい,野方,鷺宮駅前交番,131148,東京都,中野区,白鷺３丁目,2020-08-20,18,一戸建住宅,駐車（輪）場,その他
窃盗,部品ねらい,杉並,東田町交番,131156,東京都,杉並区,成田東４丁目,2020-05-04,14,一戸建住宅,駐車（輪）場,ナンバープレート
窃盗,部品ねらい,杉並,東田町交番,131156,東京都,杉並区,成田東４丁目,2020-05-15,02,駐車（輪）場,駐車（輪）場,ナンバープレート
窃盗,部品ねらい,杉並,東田町交番,131156,東京都,杉並区,成田東４丁目,2020-05-19,17,一戸建住宅,その他,ナンバープレート
窃盗,部品ねらい,杉並,新高円寺駅前交番,131156,東京都,杉並区,梅里２丁目,2020-10-03,22,その他の住宅（３階建て以下共同住宅等）,その他,その他
窃盗,部品ねらい,杉並,堀ノ内交番,131156,東京都,杉並区,堀ノ内２丁目,2020-08-23,21,その他の住宅（３階建て以下共同住宅等）,駐車（輪）場,その他
窃盗,部品ねらい,杉並,和田本町交番,131156,東京都,杉並区,和田１丁目,2020-01-16,16,その他の住宅（３階建て以下共同住宅等）,駐車（輪）場,その他
窃盗,部品ねらい,杉並,和田本町交番,131156,東京都,杉並区,和田１丁目,2020-03-21,18,４階建て以上共同住宅,駐車（輪）場,その他
窃盗,部品ねらい,杉並,和田本町交番,131156,東京都,杉並区,和田１丁目,2020-06-10,17,一戸建住宅,その他,その他
窃盗,部品ねらい,杉並,高円寺交番,131156,東京都,杉並区,高円寺南１丁目,2020-08-28,12,その他の住宅（３階建て以下共同住宅等）,駐車（輪）場,その他
窃盗,部品ねらい,杉並,高円寺交番,131156,東京都,杉並区,和田３丁目,2020-03-21,14,一戸建住宅,その他,その他
窃盗,部品ねらい,杉並,高円寺交番,131156,東京都,杉並区,和田３丁目,2020-05-04,18,４階建て以上共同住宅,その他,その他
窃盗,部品ねらい,杉並,高円寺南四丁目交番,131156,東京都,杉並区,高円寺北１丁目,2020-03-30,18,一戸建住宅,駐車（輪）場,その他
窃盗,部品ねらい,杉並,高円寺南四丁目交番,131156,東京都,杉並区,高円寺南２丁目,2020-07-14,17,一戸建住宅,駐車（輪）場,その他
窃盗,部品ねらい,杉並,高円寺駅前交番,131156,東京都,杉並区,高円寺北２丁目,2020-11-02,16,４階建て以上共同住宅,駐車（輪）場,その他
窃盗,部品ねらい,杉並,高円寺駅前交番,131156,東京都,杉並区,高円寺南２丁目,2020-08-13,18,道路上,その他,その他
窃盗,部品ねらい,杉並,高円寺駅前交番,131156,東京都,杉並区,高円寺南４丁目,2020-11-19,13,道路上,その他,ナンバープレート
窃盗,部品ねらい,杉並,阿佐谷北交番,131156,東京都,杉並区,阿佐谷北５丁目,2020-05-01,17,その他の住宅（３階建て以下共同住宅等）,その他,その他
窃盗,部品ねらい,杉並,阿佐谷駅前交番,131156,東京都,杉並区,阿佐谷北１丁目,2020-04-01,16,道路上,その他,タイヤ・ホイール
窃盗,部品ねらい,杉並,阿佐谷駅前交番,131156,東京都,杉並区,阿佐谷北１丁目,2020-05-05,10,道路上,その他,その他
窃盗,部品ねらい,杉並,阿佐谷駅前交番,131156,東京都,杉並区,阿佐谷南１丁目,2020-07-15,17,駐車（輪）場,駐車（輪）場,その他
窃盗,部品ねらい,高井戸,泉南交番,131156,東京都,杉並区,和泉１丁目,2020-04-19,14,その他の住宅（３階建て以下共同住宅等）,駐車（輪）場,その他
窃盗,部品ねらい,高井戸,泉南交番,131156,東京都,杉並区,和泉４丁目,2020-05-24,17,一戸建住宅,駐車（輪）場,ナンバープレート
窃盗,部品ねらい,高井戸,泉南交番,131156,東京都,杉並区,方南１丁目,2020-10-20,23,その他の住宅（３階建て以下共同住宅等）,駐車（輪）場,その他
窃盗,部品ねらい,高井戸,西永福駅前交番,131156,東京都,杉並区,浜田山３丁目,2020-08-01,17,４階建て以上共同住宅,駐車（輪）場,その他
窃盗,部品ねらい,高井戸,西荻南交番,131156,東京都,杉並区,松庵２丁目,2020-02-14,19,一戸建住宅,その他,ナンバープレート
窃盗,部品ねらい,高井戸,下高井戸交番,131156,東京都,杉並区,永福１丁目,2020-01-25,16,駐車（輪）場,駐車（輪）場,その他
窃盗,部品ねらい,高井戸,下高井戸交番,131156,東京都,杉並区,永福１丁目,2020-12-12,17,駐車（輪）場,駐車（輪）場,その他
窃盗,部品ねらい,高井戸,宮前駐在所,131156,東京都,杉並区,宮前４丁目,2020-03-19,23,駐車（輪）場,駐車（輪）場,ナンバープレート
窃盗,部品ねらい,高井戸,浜田山交番,131156,東京都,杉並区,高井戸東４丁目,2020-02-21,20,一戸建住宅,駐車（輪）場,その他
窃盗,部品ねらい,高井戸,浜田山交番,131156,東京都,杉並区,浜田山３丁目,2020-05-30,15,４階建て以上共同住宅,駐車（輪）場,その他
窃盗,部品ねらい,荻窪,桃井四丁目交番,131156,東京都,杉並区,上荻４丁目,2020-05-29,21,一戸建住宅,駐車（輪）場,その他
窃盗,部品ねらい,荻窪,善福寺交番,131156,東京都,杉並区,今川４丁目,2020-03-24,16,４階建て以上共同住宅,駐車（輪）場,その他
窃盗,部品ねらい,荻窪,善福寺交番,131156,東京都,杉並区,善福寺３丁目,2020-01-29,15,４階建て以上共同住宅,その他,ナンバープレート
窃盗,部品ねらい,荻窪,荻窪駅南口交番,131156,東京都,杉並区,荻窪４丁目,2020-01-20,18,４階建て以上共同住宅,駐車（輪）場,ナンバープレート
窃盗,部品ねらい,荻窪,荻窪駅南口交番,131156,東京都,杉並区,荻窪４丁目,2020-06-26,21,道路上,その他,ナンバープレート
窃盗,部品ねらい,荻窪,荻窪駅北口交番,131156,東京都,杉並区,天沼３丁目,2020-08-11,08,その他の住宅（３階建て以下共同住宅等）,駐車（輪）場,その他
窃盗,部品ねらい,荻窪,天沼交番,131156,東京都,杉並区,清水３丁目,2020-01-19,12,一戸建住宅,その他,ナンバープレート
窃盗,部品ねらい,荻窪,天沼交番,131156,東京都,杉並区,清水３丁目,2020-03-25,22,一戸建住宅,駐車（輪）場,ナンバープレート
窃盗,部品ねらい,荻窪,天沼交番,131156,東京都,杉並区,本天沼２丁目,2020-06-27,14,一戸建住宅,駐車（輪）場,ナンバープレート
窃盗,部品ねらい,富坂,春日交番,131059,東京都,文京区,春日１丁目,2020-08-20,19,その他の住宅（３階建て以下共同住宅等）,駐車（輪）場,その他
窃盗,部品ねらい,富坂,千石一丁目交番,131059,東京都,文京区,千石１丁目,2020-02-14,17,４階建て以上共同住宅,駐車（輪）場,その他
窃盗,部品ねらい,富坂,小石川御殿町交番,131059,東京都,文京区,千石１丁目,2020-08-23,11,４階建て以上共同住宅,駐車（輪）場,その他
窃盗,部品ねらい,大塚,護国寺前交番,131059,東京都,文京区,音羽２丁目,2020-10-02,09,駐車（輪）場,駐車（輪）場,その他
窃盗,部品ねらい,本富士,天神町交番,131059,東京都,文京区,湯島２丁目,2020-09-14,12,道路上,その他,その他
窃盗,部品ねらい,本富士,弥生町交番,131059,東京都,文京区,向丘１丁目,2015-09-28,19,道路上,その他,ナンバープレート
窃盗,部品ねらい,駒込,上富士前交番,131059,東京都,文京区,本駒込２丁目,2020-08-20,05,駐車（輪）場,駐車（輪）場,その他
窃盗,部品ねらい,駒込,上富士前交番,131059,東京都,文京区,本駒込２丁目,2020-12-28,08,その他,駐車（輪）場,その他
窃盗,部品ねらい,駒込,上富士前交番,131059,東京都,文京区,本駒込５丁目,2020-12-18,19,４階建て以上共同住宅,駐車（輪）場,その他
窃盗,部品ねらい,駒込,浅嘉交番,131059,東京都,文京区,向丘２丁目,2020-10-16,07,駐車（輪）場,駐車（輪）場,その他
窃盗,部品ねらい,巣鴨,巣鴨駅前交番,131164,東京都,豊島区,駒込５丁目,2020-11-25,16,その他,駐車（輪）場,その他
窃盗,部品ねらい,巣鴨,巣鴨駅前交番,131164,東京都,豊島区,巣鴨１丁目,2020-12-10,22,４階建て以上共同住宅,駐車（輪）場,その他
窃盗,部品ねらい,巣鴨,駒込駅前交番,131164,東京都,豊島区,駒込１丁目,2020-02-29,14,道路上,その他,その他
窃盗,部品ねらい,巣鴨,庚申塚交番,131164,東京都,豊島区,西巣鴨３丁目,2020-08-15,13,道路上,その他,ナンバープレート
窃盗,部品ねらい,巣鴨,大塚駅前交番,131164,東京都,豊島区,北大塚２丁目,2020-07-24,19,４階建て以上共同住宅,駐車（輪）場,その他
窃盗,部品ねらい,池袋,六つ又交番,131164,東京都,豊島区,東池袋１丁目,2020-06-08,09,その他の住宅（３階建て以下共同住宅等）,その他,その他
窃盗,部品ねらい,池袋,池袋二又交番,131164,東京都,豊島区,池袋２丁目,2020-12-09,21,駐車（輪）場,駐車（輪）場,その他
窃盗,部品ねらい,池袋,池袋駅西口交番,131164,東京都,豊島区,西池袋１丁目,2020-03-03,21,駐車（輪）場,駐車（輪）場,その他
窃盗,部品ねらい,池袋,池袋駅西口交番,131164,東京都,豊島区,南池袋１丁目,2020-01-15,18,駐車（輪）場,駐車（輪）場,その他
窃盗,部品ねらい,池袋,上池袋交番,131164,東京都,豊島区,上池袋３丁目,2020-10-05,18,道路上,その他,その他
窃盗,部品ねらい,池袋,川越通交番,131164,東京都,豊島区,池袋４丁目,2020-06-11,06,４階建て以上共同住宅,駐車（輪）場,その他
窃盗,部品ねらい,池袋,川越通交番,131164,東京都,豊島区,池袋本町２丁目,2020-05-02,22,その他,駐車（輪）場,ナンバープレート
窃盗,部品ねらい,池袋,川越通交番,131164,東京都,豊島区,池袋本町２丁目,2020-10-07,04,その他,その他,その他
窃盗,部品ねらい,目白,椎名町駅前交番,131164,東京都,豊島区,長崎１丁目,2020-07-29,18,４階建て以上共同住宅,駐車（輪）場,その他
窃盗,部品ねらい,目白,椎名町駅前交番,131164,東京都,豊島区,長崎１丁目,2020-09-23,19,一戸建住宅,駐車（輪）場,ナンバープレート
窃盗,部品ねらい,目白,椎名町駅前交番,131164,東京都,豊島区,長崎２丁目,2020-08-21,01,その他の住宅（３階建て以下共同住宅等）,駐車（輪）場,その他
窃盗,部品ねらい,目白,椎名町駅前交番,131164,東京都,豊島区,長崎２丁目,2020-11-30,23,一戸建住宅,駐車（輪）場,その他
窃盗,部品ねらい,目白,東長崎駅前交番,131164,東京都,豊島区,長崎３丁目,2020-06-22,08,その他,その他,なし
窃盗,部品ねらい,目白,東長崎駅前交番,131164,東京都,豊島区,南長崎５丁目,2020-08-07,22,４階建て以上共同住宅,駐車（輪）場,その他
窃盗,部品ねらい,目白,東長崎駅前交番,131164,東京都,豊島区,南長崎５丁目,2020-11-21,00,駐車（輪）場,駐車（輪）場,その他
窃盗,部品ねらい,目白,要町交番,131164,東京都,豊島区,池袋３丁目,2020-12-10,14,４階建て以上共同住宅,駐車（輪）場,その他
窃盗,部品ねらい,目白,要町交番,131164,東京都,豊島区,池袋３丁目,2020-12-19,14,４階建て以上共同住宅,駐車（輪）場,その他
窃盗,部品ねらい,目白,要町交番,131164,東京都,豊島区,要町３丁目,2020-11-15,14,４階建て以上共同住宅,駐車（輪）場,ナンバープレート
窃盗,部品ねらい,目白,千川交番,131164,東京都,豊島区,千川１丁目,2020-10-20,17,４階建て以上共同住宅,駐車（輪）場,ナンバープレート
窃盗,部品ねらい,目白,千登世橋交番,131164,東京都,豊島区,高田１丁目,2020-02-02,22,４階建て以上共同住宅,その他,その他
窃盗,部品ねらい,目白,千登世橋交番,131164,東京都,豊島区,高田２丁目,2020-02-13,20,駐車（輪）場,駐車（輪）場,ナンバープレート
窃盗,部品ねらい,目白,千登世橋交番,131164,東京都,豊島区,高田２丁目,2020-02-20,23,駐車（輪）場,駐車（輪）場,ナンバープレート
窃盗,部品ねらい,滝野川,,,,,,2019-09-15,不明,その他,その他,ナンバープレート
窃盗,部品ねらい,滝野川,板橋駅東口交番,131172,東京都,北区,滝野川７丁目,2020-11-18,10,４階建て以上共同住宅,駐車（輪）場,その他
窃盗,部品ねらい,滝野川,滝野川一丁目交番,131172,東京都,北区,滝野川３丁目,2020-01-20,10,４階建て以上共同住宅,駐車（輪）場,その他
窃盗,部品ねらい,滝野川,田端高台交番,131172,東京都,北区,田端２丁目,2020-01-19,18,４階建て以上共同住宅,その他,その他
窃盗,部品ねらい,滝野川,尾久駅前交番,131172,東京都,北区,栄町,2020-05-16,18,４階建て以上共同住宅,駐車（輪）場,その他
窃盗,部品ねらい,滝野川,東田端交番,131172,東京都,北区,田端新町１丁目,2020-03-21,10,４階建て以上共同住宅,その他,ナンバープレート
窃盗,部品ねらい,滝野川,東田端交番,131172,東京都,北区,田端新町１丁目,2020-11-17,15,駐車（輪）場,駐車（輪）場,ナンバープレート
窃盗,部品ねらい,滝野川,東田端交番,131172,東京都,北区,中里３丁目,2020-09-18,13,道路上,その他,ナンバープレート
窃盗,部品ねらい,王子,王子駅前交番,131172,東京都,北区,岸町１丁目,2020-04-01,15,４階建て以上共同住宅,駐車（輪）場,ナンバープレート
窃盗,部品ねらい,王子,王子駅前交番,131172,東京都,北区,堀船３丁目,2020-06-02,16,一戸建住宅,その他,その他
窃盗,部品ねらい,王子,王子駅前交番,131172,東京都,北区,堀船３丁目,2020-08-10,18,その他の住宅（３階建て以下共同住宅等）,駐車（輪）場,その他
窃盗,部品ねらい,王子,豊島五丁目駐在所,131172,東京都,北区,豊島５丁目,2020-03-07,09,４階建て以上共同住宅,その他,ナンバープレート
窃盗,部品ねらい,王子,豊島五丁目駐在所,131172,東京都,北区,豊島５丁目,2020-08-19,23,４階建て以上共同住宅,駐車（輪）場,その他
窃盗,部品ねらい,王子,王子五丁目交番,131172,東京都,北区,豊島３丁目,2020-07-22,05,道路上,その他,その他
窃盗,部品ねらい,王子,王子五丁目交番,131172,東京都,北区,豊島７丁目,2020-04-11,17,駐車（輪）場,駐車（輪）場,タイヤ・ホイール
窃盗,部品ねらい,王子,東十条交番,131172,東京都,北区,王子５丁目,2020-04-15,16,４階建て以上共同住宅,駐車（輪）場,ナンバープレート
窃盗,部品ねらい,王子,東十条交番,131172,東京都,北区,王子５丁目,2020-05-30,21,４階建て以上共同住宅,駐車（輪）場,その他
窃盗,部品ねらい,王子,東十条交番,131172,東京都,北区,王子５丁目,2020-08-12,12,４階建て以上共同住宅,駐車（輪）場,その他
窃盗,部品ねらい,赤羽,志茂四丁目交番,131172,東京都,北区,志茂３丁目,2019-12-01,不明,道路上,その他,ナンバープレート
窃盗,部品ねらい,赤羽,赤羽駅前交番,131172,東京都,北区,赤羽１丁目,2020-04-28,19,４階建て以上共同住宅,駐車（輪）場,その他
窃盗,部品ねらい,赤羽,赤羽駅前交番,131172,東京都,北区,赤羽１丁目,2020-09-14,08,駐車（輪）場,駐車（輪）場,ナンバープレート
窃盗,部品ねらい,赤羽,赤羽駅前交番,131172,東京都,北区,赤羽１丁目,2020-12-03,06,その他,駐車（輪）場,その他
窃盗,部品ねらい,赤羽,赤羽駅前交番,131172,東京都,北区,赤羽南２丁目,2020-07-15,16,駐車（輪）場,駐車（輪）場,その他
窃盗,部品ねらい,赤羽,赤羽駅前交番,131172,東京都,北区,志茂３丁目,2020-02-28,20,道路上,その他,その他
窃盗,部品ねらい,赤羽,法善寺交番,131172,東京都,北区,桐ケ丘１丁目,2020-06-21,16,４階建て以上共同住宅,駐車（輪）場,その他
窃盗,部品ねらい,赤羽,赤羽北交番,131172,東京都,北区,赤羽北２丁目,2020-05-22,17,４階建て以上共同住宅,駐車（輪）場,その他
窃盗,部品ねらい,赤羽,赤羽北交番,131172,東京都,北区,赤羽北２丁目,2020-09-16,15,その他,駐車（輪）場,その他
窃盗,部品ねらい,赤羽,浮間交番,131172,東京都,北区,浮間２丁目,2020-03-11,18,その他の住宅（３階建て以下共同住宅等）,駐車（輪）場,その他
窃盗,部品ねらい,赤羽,浮間交番,131172,東京都,北区,浮間４丁目,2020-03-11,00,その他の住宅（３階建て以下共同住宅等）,駐車（輪）場,ナンバープレート
窃盗,部品ねらい,赤羽,浮間交番,131172,東京都,北区,浮間４丁目,2020-05-13,04,駐車（輪）場,駐車（輪）場,その他
窃盗,部品ねらい,赤羽,浮間交番,131172,東京都,北区,浮間５丁目,2020-02-11,12,その他,駐車（輪）場,その他
窃盗,部品ねらい,板橋,平尾交番,131199,東京都,板橋区,板橋２丁目,2019-11-17,11,駐車（輪）場,駐車（輪）場,ナンバープレート
窃盗,部品ねらい,板橋,平尾交番,131199,東京都,板橋区,板橋２丁目,2020-12-01,21,その他の住宅（３階建て以下共同住宅等）,その他,その他
窃盗,部品ねらい,板橋,平尾交番,131199,東京都,板橋区,板橋３丁目,2020-07-15,23,駐車（輪）場,駐車（輪）場,その他
窃盗,部品ねらい,板橋,平尾交番,131199,東京都,板橋区,板橋４丁目,2020-05-08,11,道路上,その他,その他
窃盗,部品ねらい,板橋,板橋本町交番,131199,東京都,板橋区,仲宿,2020-04-15,18,その他の住宅（３階建て以下共同住宅等）,駐車（輪）場,ナンバープレート
窃盗,部品ねらい,板橋,板橋本町交番,131199,東京都,板橋区,大和町,2020-10-01,20,その他の住宅（３階建て以下共同住宅等）,駐車（輪）場,ナンバープレート
窃盗,部品ねらい,板橋,板橋本町交番,131199,東京都,板橋区,大和町,2020-11-29,17,一戸建住宅,その他,その他
窃盗,部品ねらい,板橋,養育院前交番,131199,東京都,板橋区,板橋２丁目,2020-08-18,18,その他,駐車（輪）場,その他
窃盗,部品ねらい,板橋,養育院前交番,131199,東京都,板橋区,氷川町,2019-04-01,19,４階建て以上共同住宅,駐車（輪）場,ナンバープレート
窃盗,部品ねらい,板橋,大山町交番,131199,東京都,板橋区,大山西町,2020-08-15,18,駐車（輪）場,駐車（輪）場,その他
窃盗,部品ねらい,板橋,大山町交番,131199,東京都,板橋区,大山町,2020-03-24,16,その他,駐車（輪）場,その他
窃盗,部品ねらい,板橋,大山町交番,131199,東京都,板橋区,幸町,2020-07-15,19,一戸建住宅,その他,その他
窃盗,部品ねらい,板橋,茂呂交番,131199,東京都,板橋区,向原２丁目,2020-12-15,12,その他の住宅（３階建て以下共同住宅等）,駐車（輪）場,その他
窃盗,部品ねらい,板橋,中板橋交番,131199,東京都,板橋区,双葉町,2020-04-17,16,その他の住宅（３階建て以下共同住宅等）,駐車（輪）場,ナンバープレート
窃盗,部品ねらい,板橋,桜川三丁目駐在所,131199,東京都,板橋区,桜川３丁目,2020-08-06,16,その他の住宅（３階建て以下共同住宅等）,駐車（輪）場,ナンバープレート
窃盗,部品ねらい,志村,,,,,,2020-12-11,20,駐車（輪）場,駐車（輪）場,ナンバープレート
窃盗,部品ねらい,志村,清水町交番,131199,東京都,板橋区,大原町,2020-05-01,22,道路上,その他,ナンバープレート
窃盗,部品ねらい,志村,清水町交番,131199,東京都,板橋区,清水町,2020-02-05,15,一戸建住宅,その他,その他
窃盗,部品ねらい,志村,清水町交番,131199,東京都,板橋区,清水町,2020-02-13,00,その他の住宅（３階建て以下共同住宅等）,その他,ナンバープレート
窃盗,部品ねらい,志村,坂上交番,131199,東京都,板橋区,志村１丁目,2020-03-17,08,その他,その他,その他
窃盗,部品ねらい,志村,坂下交番,131199,東京都,板橋区,坂下２丁目,2020-07-30,16,駐車（輪）場,駐車（輪）場,その他
窃盗,部品ねらい,志村,坂下交番,131199,東京都,板橋区,坂下３丁目,2020-04-18,11,４階建て以上共同住宅,駐車（輪）場,その他
窃盗,部品ねらい,志村,坂下交番,131199,東京都,板橋区,舟渡３丁目,2019-05-01,不明,４階建て以上共同住宅,駐車（輪）場,ナンバープレート
窃盗,部品ねらい,志村,蓮根交番,131199,東京都,板橋区,蓮根１丁目,2020-07-08,21,駐車（輪）場,駐車（輪）場,その他
窃盗,部品ねらい,志村,蓮根交番,131199,東京都,板橋区,蓮根２丁目,2020-11-20,16,４階建て以上共同住宅,その他,その他
窃盗,部品ねらい,志村,前野町交番,131199,東京都,板橋区,前野町２丁目,2020-11-13,18,４階建て以上共同住宅,駐車（輪）場,その他
窃盗,部品ねらい,志村,前野町交番,131199,東京都,板橋区,前野町３丁目,2020-05-01,不明,駐車（輪）場,駐車（輪）場,ナンバープレート
窃盗,部品ねらい,志村,前野町交番,131199,東京都,板橋区,前野町４丁目,2020-03-02,01,道路上,その他,その他
窃盗,部品ねらい,志村,前野町交番,131199,東京都,板橋区,前野町５丁目,2020-08-15,14,４階建て以上共同住宅,駐車（輪）場,その他
窃盗,部品ねらい,志村,前野町交番,131199,東京都,板橋区,前野町６丁目,2020-08-20,21,駐車（輪）場,駐車（輪）場,その他
窃盗,部品ねらい,志村,中台交番,131199,東京都,板橋区,若木１丁目,2020-12-03,17,一戸建住宅,その他,その他
窃盗,部品ねらい,志村,西台交番,131199,東京都,板橋区,西台３丁目,2020-05-31,18,一戸建住宅,駐車（輪）場,その他
窃盗,部品ねらい,志村,西台交番,131199,東京都,板橋区,西台３丁目,2020-10-08,21,駐車（輪）場,駐車（輪）場,ナンバープレート
窃盗,部品ねらい,志村,中台三丁目交番,131199,東京都,板橋区,中台３丁目,2020-10-11,12,駐車（輪）場,駐車（輪）場,ナンバープレート
窃盗,部品ねらい,練馬,練馬駅前交番,131202,東京都,練馬区,豊玉北６丁目,2020-10-06,22,４階建て以上共同住宅,駐車（輪）場,その他
窃盗,部品ねらい,練馬,練馬駅前交番,131202,東京都,練馬区,練馬１丁目,2020-03-16,09,駐車（輪）場,駐車（輪）場,その他
窃盗,部品ねらい,練馬,練馬駅前交番,131202,東京都,練馬区,練馬１丁目,2020-03-16,13,駐車（輪）場,駐車（輪）場,その他
窃盗,部品ねらい,練馬,練馬駅前交番,131202,東京都,練馬区,練馬１丁目,2020-04-28,11,駐車（輪）場,駐車（輪）場,その他
窃盗,部品ねらい,練馬,練馬駅前交番,131202,東京都,練馬区,練馬１丁目,2020-05-05,12,その他,駐車（輪）場,その他
窃盗,部品ねらい,練馬,練馬駅前交番,131202,東京都,練馬区,練馬１丁目,2020-09-11,08,その他,駐車（輪）場,その他
窃盗,部品ねらい,練馬,練馬駅前交番,131202,東京都,練馬区,練馬１丁目,2020-10-13,11,駐車（輪）場,駐車（輪）場,その他
窃盗,部品ねらい,練馬,桜台交番,131202,東京都,練馬区,桜台５丁目,2020-02-10,21,一戸建住宅,その他,その他
窃盗,部品ねらい,練馬,小竹町交番,131202,東京都,練馬区,小竹町１丁目,2020-05-14,14,４階建て以上共同住宅,駐車（輪）場,その他
窃盗,部品ねらい,練馬,小竹町交番,131202,東京都,練馬区,小竹町１丁目,2020-12-13,01,道路上,その他,その他
窃盗,部品ねらい,練馬,小竹町交番,131202,東京都,練馬区,小竹町２丁目,2020-09-04,17,４階建て以上共同住宅,駐車（輪）場,その他
窃盗,部品ねらい,練馬,氷川台駐在所,131202,東京都,練馬区,氷川台３丁目,2020-12-07,13,その他,駐車（輪）場,その他
窃盗,部品ねらい,練馬,氷川台駐在所,131202,東京都,練馬区,平和台２丁目,2020-05-27,18,４階建て以上共同住宅,駐車（輪）場,その他
窃盗,部品ねらい,練馬,春日町交番,131202,東京都,練馬区,春日町４丁目,2020-07-25,09,４階建て以上共同住宅,駐車（輪）場,ナンバープレート
窃盗,部品ねらい,練馬,富士見台駅前交番,131202,東京都,練馬区,貫井３丁目,2020-06-03,15,道路上,その他,その他
窃盗,部品ねらい,石神井,石神井公園駅前交番,131202,東京都,練馬区,石神井町１丁目,2020-06-24,07,駐車（輪）場,駐車（輪）場,その他
窃盗,部品ねらい,石神井,石神井公園駅前交番,131202,東京都,練馬区,石神井町１丁目,2020-09-05,11,４階建て以上共同住宅,駐車（輪）場,ナンバープレート
窃盗,部品ねらい,石神井,石神井公園駅前交番,131202,東京都,練馬区,石神井町２丁目,2020-07-06,18,駐車（輪）場,駐車（輪）場,その他
窃盗,部品ねらい,石神井,石神井公園駅前交番,131202,東京都,練馬区,石神井町２丁目,2020-08-26,20,その他の住宅（３階建て以下共同住宅等）,駐車（輪）場,その他
窃盗,部品ねらい,石神井,石神井公園駅前交番,131202,東京都,練馬区,石神井町３丁目,2020-12-12,17,道路上,その他,その他
窃盗,部品ねらい,石神井,石神井公園駅前交番,131202,東京都,練馬区,石神井町５丁目,2020-11-23,11,その他の住宅（３階建て以下共同住宅等）,駐車（輪）場,その他
窃盗,部品ねらい,石神井,石神井公園駅前交番,131202,東京都,練馬区,石神井町７丁目,2020-02-22,06,駐車（輪）場,駐車（輪）場,その他
窃盗,部品ねらい,石神井,石神井公園駅前交番,131202,東京都,練馬区,石神井町７丁目,2020-11-06,19,その他の住宅（３階建て以下共同住宅等）,駐車（輪）場,その他
窃盗,部品ねらい,石神井,石神井公園駅前交番,131202,東京都,練馬区,石神井町８丁目,2020-01-17,07,駐車（輪）場,駐車（輪）場,その他
窃盗,部品ねらい,石神井,大泉学園駅前交番,131202,東京都,練馬区,東大泉１丁目,2020-02-03,17,その他,駐車（輪）場,ナンバープレート
窃盗,部品ねらい,石神井,大泉学園駅前交番,131202,東京都,練馬区,東大泉１丁目,2020-02-09,13,４階建て以上共同住宅,駐車（輪）場,ナンバープレート
窃盗,部品ねらい,石神井,大泉学園駅前交番,131202,東京都,練馬区,東大泉４丁目,2020-02-02,00,駐車（輪）場,駐車（輪）場,その他
窃盗,部品ねらい,石神井,大泉学園駅前交番,131202,東京都,練馬区,東大泉４丁目,2020-10-29,09,道路上,その他,ナンバープレート
窃盗,部品ねらい,石神井,武蔵関駅前交番,131202,東京都,練馬区,上石神井４丁目,2020-01-10,16,４階建て以上共同住宅,駐車（輪）場,その他
窃盗,部品ねらい,石神井,武蔵関駅前交番,131202,東京都,練馬区,関町北１丁目,2020-11-05,19,駐車（輪）場,駐車（輪）場,ナンバープレート
窃盗,部品ねらい,石神井,武蔵関駅前交番,131202,東京都,練馬区,関町北２丁目,2020-06-10,17,その他の住宅（３階建て以下共同住宅等）,駐車（輪）場,その他
窃盗,部品ねらい,石神井,武蔵関駅前交番,131202,東京都,練馬区,関町北５丁目,2020-07-02,23,その他の住宅（３階建て以下共同住宅等）,その他,その他
窃盗,部品ねらい,石神井,上石神井駅前交番,131202,東京都,練馬区,上石神井南町,2020-02-14,20,４階建て以上共同住宅,駐車（輪）場,ナンバープレート
窃盗,部品ねらい,石神井,大泉学園交番,131202,東京都,練馬区,大泉学園町５丁目,2018-08-21,不明,その他の住宅（３階建て以下共同住宅等）,駐車（輪）場,ナンバープレート
窃盗,部品ねらい,石神井,北大泉交番,131202,東京都,練馬区,大泉町２丁目,2020-06-01,20,駐車（輪）場,駐車（輪）場,タイヤ・ホイール
窃盗,部品ねらい,石神井,北大泉交番,131202,東京都,練馬区,大泉町３丁目,2020-02-13,19,その他の住宅（３階建て以下共同住宅等）,その他,ナンバープレート
窃盗,部品ねらい,石神井,北大泉交番,131202,東京都,練馬区,大泉町３丁目,2020-05-31,10,その他の住宅（３階建て以下共同住宅等）,駐車（輪）場,ナンバープレート
窃盗,部品ねらい,石神井,北大泉交番,131202,東京都,練馬区,大泉町６丁目,2020-08-30,19,４階建て以上共同住宅,駐車（輪）場,その他
窃盗,部品ねらい,石神井,西大泉交番,131202,東京都,練馬区,西大泉５丁目,2020-02-26,21,その他の住宅（３階建て以下共同住宅等）,駐車（輪）場,ナンバープレート
窃盗,部品ねらい,石神井,富士街道交番,131202,東京都,練馬区,石神井台６丁目,2020-12-02,15,その他の住宅（３階建て以下共同住宅等）,その他,その他
窃盗,部品ねらい,石神井,武蔵関駐在所,131202,東京都,練馬区,関町北３丁目,2020-11-21,16,その他,駐車（輪）場,タイヤ・ホイール
窃盗,部品ねらい,高島平,高島平駅前交番,131199,東京都,板橋区,高島平２丁目,2020-04-21,23,４階建て以上共同住宅,その他,ナンバープレート
窃盗,部品ねらい,高島平,高島平駅前交番,131199,東京都,板橋区,高島平２丁目,2020-06-01,15,４階建て以上共同住宅,駐車（輪）場,ナンバープレート
窃盗,部品ねらい,高島平,高島平駅前交番,131199,東京都,板橋区,高島平２丁目,2020-08-23,15,４階建て以上共同住宅,駐車（輪）場,その他
窃盗,部品ねらい,高島平,高島平駅前交番,131199,東京都,板橋区,高島平７丁目,2020-06-03,12,４階建て以上共同住宅,駐車（輪）場,ナンバープレート
窃盗,部品ねらい,高島平,高島平駅前交番,131199,東京都,板橋区,高島平７丁目,2020-09-10,17,駐車（輪）場,駐車（輪）場,ナンバープレート
窃盗,部品ねらい,高島平,高島平駅前交番,131199,東京都,板橋区,高島平７丁目,2020-10-20,18,道路上,その他,ナンバープレート
窃盗,部品ねらい,高島平,西台駅前交番,131199,東京都,板橋区,新河岸１丁目,2020-05-14,07,道路上,その他,その他
窃盗,部品ねらい,高島平,西台駅前交番,131199,東京都,板橋区,高島平１丁目,2020-10-20,18,駐車（輪）場,駐車（輪）場,ナンバープレート
窃盗,部品ねらい,高島平,笹目橋交番,131199,東京都,板橋区,高島平４丁目,2020-03-12,08,その他の住宅（３階建て以下共同住宅等）,駐車（輪）場,その他
窃盗,部品ねらい,高島平,笹目橋交番,131199,東京都,板橋区,三園１丁目,2020-05-16,17,４階建て以上共同住宅,駐車（輪）場,ナンバープレート
窃盗,部品ねらい,高島平,笹目橋交番,131199,東京都,板橋区,三園２丁目,2020-09-04,09,その他,駐車（輪）場,その他
窃盗,部品ねらい,高島平,北野交番,131199,東京都,板橋区,徳丸２丁目,2020-02-03,16,その他,駐車（輪）場,その他
窃盗,部品ねらい,高島平,北野交番,131199,東京都,板橋区,徳丸６丁目,2020-05-25,21,４階建て以上共同住宅,駐車（輪）場,ナンバープレート
窃盗,部品ねらい,高島平,下赤塚交番,131199,東京都,板橋区,赤塚１丁目,2020-01-05,20,４階建て以上共同住宅,駐車（輪）場,その他
窃盗,部品ねらい,高島平,成増駅前交番,131199,東京都,板橋区,成増１丁目,2020-12-05,18,その他,駐車（輪）場,ナンバープレート
窃盗,部品ねらい,高島平,成増駅前交番,131199,東京都,板橋区,成増２丁目,2016-02-01,不明,その他の住宅（３階建て以下共同住宅等）,その他,ナンバープレート
窃盗,部品ねらい,高島平,上赤塚交番,131199,東京都,板橋区,成増５丁目,2020-11-29,16,駐車（輪）場,駐車（輪）場,ナンバープレート
窃盗,部品ねらい,高島平,松月院前交番,131199,東京都,板橋区,赤塚５丁目,2020-10-07,18,道路上,その他,その他
窃盗,部品ねらい,高島平,松月院前交番,131199,東京都,板橋区,赤塚８丁目,2020-02-22,05,駐車（輪）場,駐車（輪）場,ナンバープレート
窃盗,部品ねらい,高島平,松月院前交番,131199,東京都,板橋区,四葉２丁目,2020-02-02,07,駐車（輪）場,駐車（輪）場,ナンバープレート
窃盗,部品ねらい,高島平,松月院前交番,131199,東京都,板橋区,四葉２丁目,2020-03-23,09,４階建て以上共同住宅,その他,ナンバープレート
窃盗,部品ねらい,光が丘,北町交番,131202,東京都,練馬区,北町１丁目,2020-07-10,08,道路上,その他,その他
窃盗,部品ねらい,光が丘,北町交番,131202,東京都,練馬区,北町２丁目,2020-10-17,09,４階建て以上共同住宅,駐車（輪）場,その他
窃盗,部品ねらい,光が丘,北町交番,131202,東京都,練馬区,錦１丁目,2020-10-07,19,駐車（輪）場,駐車（輪）場,その他
窃盗,部品ねらい,光が丘,田柄交番,131202,東京都,練馬区,光が丘４丁目,2020-06-17,17,その他,駐車（輪）場,タイヤ・ホイール
窃盗,部品ねらい,光が丘,光が丘三丁目交番,131202,東京都,練馬区,高松３丁目,2020-06-05,19,駐車（輪）場,駐車（輪）場,ナンバープレート
窃盗,部品ねらい,光が丘,光が丘三丁目交番,131202,東京都,練馬区,高松５丁目,2019-06-23,06,道路上,その他,ナンバープレート
窃盗,部品ねらい,光が丘,光が丘三丁目交番,131202,東京都,練馬区,光が丘２丁目,2020-03-16,14,４階建て以上共同住宅,駐車（輪）場,ナンバープレート
窃盗,部品ねらい,光が丘,光が丘三丁目交番,131202,東京都,練馬区,光が丘３丁目,2020-01-23,13,４階建て以上共同住宅,駐車（輪）場,その他
窃盗,部品ねらい,光が丘,光が丘三丁目交番,131202,東京都,練馬区,光が丘３丁目,2020-02-09,17,駐車（輪）場,駐車（輪）場,その他
窃盗,部品ねらい,光が丘,光が丘三丁目交番,131202,東京都,練馬区,光が丘３丁目,2020-02-17,21,４階建て以上共同住宅,駐車（輪）場,その他
窃盗,部品ねらい,光が丘,光が丘三丁目交番,131202,東京都,練馬区,光が丘３丁目,2020-04-30,18,駐車（輪）場,駐車（輪）場,その他
窃盗,部品ねらい,光が丘,光が丘三丁目交番,131202,東京都,練馬区,光が丘３丁目,2020-09-30,11,４階建て以上共同住宅,駐車（輪）場,その他
窃盗,部品ねらい,光が丘,光が丘三丁目交番,131202,東京都,練馬区,光が丘３丁目,2020-11-15,11,４階建て以上共同住宅,駐車（輪）場,その他
窃盗,部品ねらい,光が丘,光が丘三丁目交番,131202,東京都,練馬区,光が丘５丁目,2020-11-20,10,４階建て以上共同住宅,駐車（輪）場,ナンバープレート
窃盗,部品ねらい,光が丘,光が丘三丁目交番,131202,東京都,練馬区,光が丘７丁目,2020-07-11,16,４階建て以上共同住宅,駐車（輪）場,タイヤ・ホイール
窃盗,部品ねらい,光が丘,練馬高野台駅前交番,131202,東京都,練馬区,南田中１丁目,2020-03-16,14,一戸建住宅,駐車（輪）場,その他
窃盗,部品ねらい,光が丘,練馬高野台駅前交番,131202,東京都,練馬区,南田中３丁目,2016-12-24,18,その他,駐車（輪）場,ナンバープレート
窃盗,部品ねらい,光が丘,練馬高野台駅前交番,131202,東京都,練馬区,南田中３丁目,2020-05-01,15,４階建て以上共同住宅,駐車（輪）場,ナンバープレート
窃盗,部品ねらい,光が丘,練馬高野台駅前交番,131202,東京都,練馬区,南田中３丁目,2020-05-05,17,４階建て以上共同住宅,駐車（輪）場,ナンバープレート
窃盗,部品ねらい,光が丘,練馬高野台駅前交番,131202,東京都,練馬区,南田中４丁目,2020-12-07,18,その他の住宅（３階建て以下共同住宅等）,駐車（輪）場,その他
窃盗,部品ねらい,光が丘,谷原交番,131202,東京都,練馬区,高野台５丁目,2020-11-19,13,駐車（輪）場,駐車（輪）場,その他
窃盗,部品ねらい,光が丘,谷原交番,131202,東京都,練馬区,富士見台４丁目,2020-09-17,19,道路上,その他,ナンバープレート
窃盗,部品ねらい,光が丘,谷原交番,131202,東京都,練馬区,谷原２丁目,2020-03-01,不明,その他の住宅（３階建て以下共同住宅等）,駐車（輪）場,ナンバープレート
窃盗,部品ねらい,光が丘,土支田交番,131202,東京都,練馬区,旭町１丁目,2020-07-05,14,一戸建住宅,その他,その他
窃盗,部品ねらい,光が丘,土支田交番,131202,東京都,練馬区,高松６丁目,2020-05-20,07,駐車（輪）場,駐車（輪）場,その他
窃盗,部品ねらい,光が丘,土支田交番,131202,東京都,練馬区,土支田２丁目,2020-09-23,07,駐車（輪）場,駐車（輪）場,ナンバープレート
窃盗,部品ねらい,光が丘,土支田交番,131202,東京都,練馬区,土支田３丁目,2020-12-17,18,その他の住宅（３階建て以下共同住宅等）,駐車（輪）場,ナンバープレート
窃盗,部品ねらい,光が丘,土支田交番,131202,東京都,練馬区,土支田４丁目,2020-11-10,12,一戸建住宅,駐車（輪）場,ナンバープレート
窃盗,部品ねらい,光が丘,土支田交番,131202,東京都,練馬区,光が丘６丁目,2020-02-09,12,その他,駐車（輪）場,その他
窃盗,部品ねらい,光が丘,三原台交番,131202,東京都,練馬区,土支田３丁目,2020-10-24,09,その他の住宅（３階建て以下共同住宅等）,駐車（輪）場,その他
窃盗,部品ねらい,光が丘,三原台交番,131202,東京都,練馬区,土支田３丁目,2020-10-25,00,その他の住宅（３階建て以下共同住宅等）,その他,その他
窃盗,部品ねらい,上野,稲荷町交番,131067,東京都,台東区,東上野５丁目,2020-03-06,15,道路上,その他,タイヤ・ホイール
窃盗,部品ねらい,上野,黒門交番,131067,東京都,台東区,上野３丁目,2020-01-05,16,道路上,その他,その他
窃盗,部品ねらい,上野,上野駅交番,131067,東京都,台東区,上野７丁目,2020-10-25,13,駐車（輪）場,駐車（輪）場,タイヤ・ホイール
窃盗,部品ねらい,浅草,日本堤交番,131067,東京都,台東区,日本堤１丁目,2020-11-04,19,道路上,その他,その他
窃盗,部品ねらい,浅草,日本堤交番,131067,東京都,台東区,日本堤２丁目,2020-06-03,20,４階建て以上共同住宅,その他,その他
窃盗,部品ねらい,浅草,日本堤交番,131067,東京都,台東区,橋場２丁目,2020-01-06,08,４階建て以上共同住宅,駐車（輪）場,ナンバープレート
窃盗,部品ねらい,浅草,日本堤交番,131067,東京都,台東区,橋場２丁目,2020-05-31,18,４階建て以上共同住宅,駐車（輪）場,その他
窃盗,部品ねらい,浅草,東浅草交番,131067,東京都,台東区,浅草５丁目,2020-03-01,10,駐車（輪）場,駐車（輪）場,その他
窃盗,部品ねらい,浅草,東浅草交番,131067,東京都,台東区,東浅草１丁目,2020-04-17,18,４階建て以上共同住宅,駐車（輪）場,ナンバープレート
窃盗,部品ねらい,浅草,西浅草三丁目交番,131067,東京都,台東区,浅草３丁目,2020-07-11,23,道路上,その他,その他
窃盗,部品ねらい,浅草,西浅草三丁目交番,131067,東京都,台東区,千束２丁目,2019-12-24,13,一戸建住宅,その他,ナンバープレート
窃盗,部品ねらい,浅草,花川戸交番,131067,東京都,台東区,花川戸１丁目,2020-10-22,12,道路上,その他,その他
窃盗,部品ねらい,浅草,聖天町交番,131067,東京都,台東区,今戸１丁目,2020-10-27,21,４階建て以上共同住宅,駐車（輪）場,その他
窃盗,部品ねらい,蔵前,田原町交番,131067,東京都,台東区,西浅草２丁目,2019-12-21,00,４階建て以上共同住宅,駐車（輪）場,タイヤ・ホイール
窃盗,部品ねらい,蔵前,菊屋橋交番,131067,東京都,台東区,松が谷１丁目,2020-05-15,17,４階建て以上共同住宅,その他,ナンバープレート
窃盗,部品ねらい,蔵前,小島二丁目交番,131067,東京都,台東区,小島２丁目,2020-07-05,11,４階建て以上共同住宅,駐車（輪）場,その他
窃盗,部品ねらい,蔵前,蔵前二丁目交番,131067,東京都,台東区,蔵前２丁目,2020-08-17,17,４階建て以上共同住宅,駐車（輪）場,その他
窃盗,部品ねらい,蔵前,蔵前二丁目交番,131067,東京都,台東区,蔵前４丁目,2020-09-11,19,４階建て以上共同住宅,駐車（輪）場,その他
窃盗,部品ねらい,蔵前,須賀橋交番,131067,東京都,台東区,浅草橋２丁目,2020-09-26,18,４階建て以上共同住宅,駐車（輪）場,その他
窃盗,部品ねらい,尾久,尾竹橋交番,131181,東京都,荒川区,町屋５丁目,2020-01-22,15,４階建て以上共同住宅,駐車（輪）場,その他
窃盗,部品ねらい,尾久,尾竹橋交番,131181,東京都,荒川区,町屋５丁目,2020-02-16,07,４階建て以上共同住宅,駐車（輪）場,その他
窃盗,部品ねらい,尾久,尾竹橋交番,131181,東京都,荒川区,町屋６丁目,2020-02-14,19,４階建て以上共同住宅,駐車（輪）場,ナンバープレート
窃盗,部品ねらい,尾久,尾竹橋交番,131181,東京都,荒川区,町屋６丁目,2020-06-19,01,その他の住宅（３階建て以下共同住宅等）,その他,ナンバープレート
窃盗,部品ねらい,尾久,尾竹橋交番,131181,東京都,荒川区,町屋７丁目,2020-05-01,20,駐車（輪）場,駐車（輪）場,その他
窃盗,部品ねらい,尾久,西尾久交番,131181,東京都,荒川区,西尾久１丁目,2020-11-20,13,一戸建住宅,駐車（輪）場,その他
窃盗,部品ねらい,尾久,荒川遊園前交番,131181,東京都,荒川区,町屋６丁目,2020-02-17,19,４階建て以上共同住宅,駐車（輪）場,その他
窃盗,部品ねらい,南千住,南千住八丁目交番,131181,東京都,荒川区,南千住８丁目,2020-07-22,19,４階建て以上共同住宅,駐車（輪）場,その他
窃盗,部品ねらい,南千住,南千住八丁目交番,131181,東京都,荒川区,南千住８丁目,2020-09-30,15,４階建て以上共同住宅,その他,その他
窃盗,部品ねらい,南千住,南千住三丁目交番,131181,東京都,荒川区,南千住３丁目,2019-12-29,02,４階建て以上共同住宅,その他,ナンバープレート
窃盗,部品ねらい,南千住,南千住駅東口交番,131181,東京都,荒川区,南千住４丁目,2020-07-01,14,その他,駐車（輪）場,ナンバープレート
窃盗,部品ねらい,荒川,東日暮里交番,131181,東京都,荒川区,荒川１丁目,2020-07-02,22,一戸建住宅,駐車（輪）場,ナンバープレート
窃盗,部品ねらい,荒川,町屋交番,131181,東京都,荒川区,町屋２丁目,2020-04-17,21,駐車（輪）場,駐車（輪）場,その他
窃盗,部品ねらい,荒川,町屋交番,131181,東京都,荒川区,町屋８丁目,2020-03-07,13,４階建て以上共同住宅,駐車（輪）場,その他
窃盗,部品ねらい,荒川,荒川五丁目交番,131181,東京都,荒川区,荒川４丁目,2020-04-16,20,４階建て以上共同住宅,駐車（輪）場,ナンバープレート
窃盗,部品ねらい,荒川,荒川五丁目交番,131181,東京都,荒川区,荒川７丁目,2018-01-04,16,その他の住宅（３階建て以下共同住宅等）,駐車（輪）場,ナンバープレート
窃盗,部品ねらい,荒川,日暮里駅前交番,131181,東京都,荒川区,西日暮里２丁目,2020-11-29,12,その他,駐車（輪）場,その他
窃盗,部品ねらい,荒川,西日暮里駅前交番,131181,東京都,荒川区,西日暮里６丁目,2020-09-27,15,４階建て以上共同住宅,駐車（輪）場,その他
窃盗,部品ねらい,千住,北千住駅西口交番,131211,東京都,足立区,千住２丁目,2019-12-19,20,４階建て以上共同住宅,駐車（輪）場,その他
窃盗,部品ねらい,千住,北千住駅西口交番,131211,東京都,足立区,千住３丁目,2020-06-17,08,駐車（輪）場,駐車（輪）場,その他
窃盗,部品ねらい,千住,千住四丁目交番,131211,東京都,足立区,千住大川町,2020-06-01,11,その他,駐車（輪）場,ナンバープレート
窃盗,部品ねらい,千住,千住四丁目交番,131211,東京都,足立区,千住大川町,2020-07-05,13,その他,駐車（輪）場,ナンバープレート
窃盗,部品ねらい,千住,千住四丁目交番,131211,東京都,足立区,千住寿町,2019-12-20,12,４階建て以上共同住宅,駐車（輪）場,その他
窃盗,部品ねらい,千住,旭町交番,131211,東京都,足立区,千住東２丁目,2020-02-23,15,４階建て以上共同住宅,駐車（輪）場,その他
窃盗,部品ねらい,千住,北千住駅東口交番,131211,東京都,足立区,日ノ出町,2019-12-26,18,４階建て以上共同住宅,駐車（輪）場,その他
窃盗,部品ねらい,千住,曙町交番,131211,東京都,足立区,千住曙町,2020-08-04,07,その他,駐車（輪）場,ナンバープレート
窃盗,部品ねらい,西新井,,131211,東京都,足立区,栗原２丁目,2020-11-01,00,一戸建住宅,その他,ナンバープレート
窃盗,部品ねらい,西新井,梅田七丁目交番,131211,東京都,足立区,梅島２丁目,2020-06-30,23,その他の住宅（３階建て以下共同住宅等）,駐車（輪）場,ナンバープレート
窃盗,部品ねらい,西新井,梅田七丁目交番,131211,東京都,足立区,梅田６丁目,2020-05-13,08,その他,駐車（輪）場,その他
窃盗,部品ねらい,西新井,梅田七丁目交番,131211,東京都,足立区,梅田６丁目,2020-10-11,13,駐車（輪）場,駐車（輪）場,ナンバープレート
窃盗,部品ねらい,西新井,梅田七丁目交番,131211,東京都,足立区,梅田６丁目,2020-10-11,20,駐車（輪）場,駐車（輪）場,その他
窃盗,部品ねらい,西新井,梅田七丁目交番,131211,東京都,足立区,梅田７丁目,2020-11-13,18,その他,その他,その他
窃盗,部品ねらい,西新井,梅田七丁目交番,131211,東京都,足立区,梅田８丁目,2020-10-20,12,駐車（輪）場,駐車（輪）場,その他
窃盗,部品ねらい,西新井,大師前交番,131211,東京都,足立区,栗原３丁目,2020-04-23,17,４階建て以上共同住宅,駐車（輪）場,その他
窃盗,部品ねらい,西新井,大師前交番,131211,東京都,足立区,西新井１丁目,2020-12-25,12,その他の住宅（３階建て以下共同住宅等）,駐車（輪）場,その他
窃盗,部品ねらい,西新井,大師前交番,131211,東京都,足立区,西新井６丁目,2020-08-29,13,４階建て以上共同住宅,駐車（輪）場,ナンバープレート
窃盗,部品ねらい,西新井,大師前交番,131211,東京都,足立区,西新井本町２丁目,2020-12-02,10,その他,駐車（輪）場,その他
窃盗,部品ねらい,西新井,大師前交番,131211,東京都,足立区,西新井本町３丁目,2020-03-06,21,その他の住宅（３階建て以下共同住宅等）,駐車（輪）場,ナンバープレート
窃盗,部品ねらい,西新井,西新井駅前交番,131211,東京都,足立区,梅島３丁目,2020-11-09,04,その他,駐車（輪）場,その他
窃盗,部品ねらい,西新井,西新井駅前交番,131211,東京都,足立区,西新井栄町１丁目,2020-02-12,11,その他,駐車（輪）場,その他
窃盗,部品ねらい,西新井,本木交番,131211,東京都,足立区,興野２丁目,2020-09-15,08,一戸建住宅,その他,その他
窃盗,部品ねらい,西新井,島根交番,131211,東京都,足立区,島根２丁目,2020-02-14,02,４階建て以上共同住宅,その他,その他
窃盗,部品ねらい,西新井,島根交番,131211,東京都,足立区,島根２丁目,2020-11-24,20,４階建て以上共同住宅,駐車（輪）場,ナンバープレート
窃盗,部品ねらい,西新井,島根交番,131211,東京都,足立区,島根４丁目,2020-12-14,18,４階建て以上共同住宅,駐車（輪）場,ナンバープレート
窃盗,部品ねらい,西新井,島根交番,131211,東京都,足立区,六月１丁目,2020-04-29,14,４階建て以上共同住宅,その他,ナンバープレート
窃盗,部品ねらい,西新井,皿沼交番,131211,東京都,足立区,加賀１丁目,2020-04-18,18,駐車（輪）場,駐車（輪）場,ナンバープレート
窃盗,部品ねらい,西新井,皿沼交番,131211,東京都,足立区,加賀１丁目,2020-10-19,23,駐車（輪）場,駐車（輪）場,タイヤ・ホイール
窃盗,部品ねらい,西新井,皿沼交番,131211,東京都,足立区,江北７丁目,2020-10-17,05,４階建て以上共同住宅,駐車（輪）場,ナンバープレート
窃盗,部品ねらい,西新井,皿沼交番,131211,東京都,足立区,鹿浜６丁目,2020-04-17,19,４階建て以上共同住宅,駐車（輪）場,その他
窃盗,部品ねらい,西新井,皿沼交番,131211,東京都,足立区,鹿浜６丁目,2020-10-24,18,４階建て以上共同住宅,駐車（輪）場,ナンバープレート
窃盗,部品ねらい,西新井,皿沼交番,131211,東京都,足立区,谷在家１丁目,2020-02-27,13,その他の住宅（３階建て以下共同住宅等）,駐車（輪）場,その他
窃盗,部品ねらい,西新井,皿沼交番,131211,東京都,足立区,谷在家２丁目,2020-04-26,18,その他,その他,その他
窃盗,部品ねらい,西新井,皿沼交番,131211,東京都,足立区,谷在家３丁目,2018-10-01,23,４階建て以上共同住宅,駐車（輪）場,その他
窃盗,部品ねらい,西新井,皿沼交番,131211,東京都,足立区,谷在家３丁目,2020-10-24,06,その他,駐車（輪）場,ナンバープレート
窃盗,部品ねらい,西新井,鹿浜交番,131211,東京都,足立区,鹿浜１丁目,2020-03-01,14,駐車（輪）場,駐車（輪）場,ナンバープレート
窃盗,部品ねらい,西新井,鹿浜交番,131211,東京都,足立区,鹿浜５丁目,2020-08-06,15,４階建て以上共同住宅,駐車（輪）場,ナンバープレート
窃盗,部品ねらい,西新井,新田駐在所,131211,東京都,足立区,新田２丁目,2020-01-17,22,駐車（輪）場,駐車（輪）場,ナンバープレート
窃盗,部品ねらい,西新井,西新井五丁目交番,131211,東京都,足立区,西新井２丁目,2020-02-01,14,一戸建住宅,駐車（輪）場,その他
窃盗,部品ねらい,西新井,西新井五丁目交番,131211,東京都,足立区,西新井２丁目,2020-12-28,17,その他の住宅（３階建て以下共同住宅等）,駐車（輪）場,その他
窃盗,部品ねらい,西新井,西新井五丁目交番,131211,東京都,足立区,西新井３丁目,2019-11-11,19,４階建て以上共同住宅,駐車（輪）場,ナンバープレート
窃盗,部品ねらい,西新井,扇交番,131211,東京都,足立区,扇１丁目,2020-06-10,11,４階建て以上共同住宅,駐車（輪）場,ナンバープレート
窃盗,部品ねらい,西新井,扇交番,131211,東京都,足立区,扇１丁目,2020-09-28,16,４階建て以上共同住宅,駐車（輪）場,ナンバープレート
窃盗,部品ねらい,西新井,扇交番,131211,東京都,足立区,扇２丁目,2020-04-15,不明,４階建て以上共同住宅,駐車（輪）場,その他
窃盗,部品ねらい,西新井,扇交番,131211,東京都,足立区,扇２丁目,2020-11-28,21,その他の住宅（３階建て以下共同住宅等）,駐車（輪）場,ナンバープレート
窃盗,部品ねらい,西新井,扇交番,131211,東京都,足立区,扇３丁目,2019-06-01,不明,駐車（輪）場,駐車（輪）場,ナンバープレート
窃盗,部品ねらい,綾瀬,大谷田交番,131211,東京都,足立区,大谷田１丁目,2020-03-18,05,４階建て以上共同住宅,その他,その他
窃盗,部品ねらい,綾瀬,大谷田交番,131211,東京都,足立区,大谷田１丁目,2020-04-21,15,４階建て以上共同住宅,駐車（輪）場,ナンバープレート
窃盗,部品ねらい,綾瀬,大谷田交番,131211,東京都,足立区,大谷田１丁目,2020-07-11,18,駐車（輪）場,駐車（輪）場,その他
窃盗,部品ねらい,綾瀬,大谷田交番,131211,東京都,足立区,大谷田５丁目,2020-09-19,14,４階建て以上共同住宅,駐車（輪）場,ナンバープレート
窃盗,部品ねらい,綾瀬,大谷田交番,131211,東京都,足立区,佐野１丁目,2020-05-11,17,駐車（輪）場,駐車（輪）場,タイヤ・ホイール
窃盗,部品ねらい,綾瀬,大谷田交番,131211,東京都,足立区,六木２丁目,2019-04-02,10,その他の住宅（３階建て以下共同住宅等）,その他,ナンバープレート
窃盗,部品ねらい,綾瀬,大谷田交番,131211,東京都,足立区,六木２丁目,2020-09-21,18,駐車（輪）場,駐車（輪）場,タイヤ・ホイール
窃盗,部品ねらい,綾瀬,大谷田交番,131211,東京都,足立区,谷中３丁目,2020-01-30,01,その他の住宅（３階建て以下共同住宅等）,駐車（輪）場,その他
窃盗,部品ねらい,綾瀬,大谷田交番,131211,東京都,足立区,谷中４丁目,2020-12-21,06,４階建て以上共同住宅,駐車（輪）場,その他
窃盗,部品ねらい,綾瀬,中川交番,131211,東京都,足立区,中川２丁目,2020-09-15,19,道路上,その他,ナンバープレート
窃盗,部品ねらい,綾瀬,中川交番,131211,東京都,足立区,中川４丁目,2020-05-08,20,４階建て以上共同住宅,その他,その他
窃盗,部品ねらい,綾瀬,綾瀬六丁目交番,131211,東京都,足立区,綾瀬７丁目,2020-12-14,20,その他,駐車（輪）場,その他
窃盗,部品ねらい,綾瀬,綾瀬六丁目交番,131211,東京都,足立区,加平１丁目,2020-09-01,不明,その他の住宅（３階建て以下共同住宅等）,駐車（輪）場,その他
窃盗,部品ねらい,綾瀬,綾瀬六丁目交番,131211,東京都,足立区,谷中１丁目,2018-11-10,不明,その他の住宅（３階建て以下共同住宅等）,駐車（輪）場,ナンバープレート
窃盗,部品ねらい,綾瀬,綾瀬六丁目交番,131211,東京都,足立区,谷中１丁目,2020-10-15,19,駐車（輪）場,駐車（輪）場,タイヤ・ホイール
窃盗,部品ねらい,綾瀬,綾瀬駅西口交番,131211,東京都,足立区,綾瀬１丁目,2020-04-02,07,駐車（輪）場,駐車（輪）場,その他
窃盗,部品ねらい,綾瀬,弘道交番,131211,東京都,足立区,青井４丁目,2020-03-02,09,その他の住宅（３階建て以下共同住宅等）,駐車（輪）場,その他
窃盗,部品ねらい,綾瀬,弘道交番,131211,東京都,足立区,青井４丁目,2020-06-28,19,４階建て以上共同住宅,駐車（輪）場,ナンバープレート
窃盗,部品ねらい,綾瀬,弘道交番,131211,東京都,足立区,弘道１丁目,2020-05-24,14,駐車（輪）場,駐車（輪）場,タイヤ・ホイール
窃盗,部品ねらい,綾瀬,弘道交番,131211,東京都,足立区,西綾瀬２丁目,2020-03-21,17,道路上,その他,その他
窃盗,部品ねらい,綾瀬,中央本町交番,131211,東京都,足立区,中央本町４丁目,2020-02-22,18,４階建て以上共同住宅,駐車（輪）場,ナンバープレート
窃盗,部品ねらい,綾瀬,神明交番,131211,東京都,足立区,神明１丁目,2020-07-03,10,駐車（輪）場,駐車（輪）場,カーナビ
窃盗,部品ねらい,綾瀬,一ツ家交番,131211,東京都,足立区,加平２丁目,2020-06-30,01,駐車（輪）場,駐車（輪）場,ナンバープレート
窃盗,部品ねらい,綾瀬,一ツ家交番,131211,東京都,足立区,加平２丁目,2020-08-07,17,駐車（輪）場,駐車（輪）場,ナンバープレート
窃盗,部品ねらい,綾瀬,一ツ家交番,131211,東京都,足立区,加平２丁目,2020-08-16,21,駐車（輪）場,駐車（輪）場,ナンバープレート
窃盗,部品ねらい,綾瀬,一ツ家交番,131211,東京都,足立区,加平３丁目,2020-05-16,02,駐車（輪）場,駐車（輪）場,タイヤ・ホイール
窃盗,部品ねらい,綾瀬,一ツ家交番,131211,東京都,足立区,加平３丁目,2020-09-15,10,その他,駐車（輪）場,その他
窃盗,部品ねらい,綾瀬,一ツ家交番,131211,東京都,足立区,一ツ家２丁目,2020-06-07,17,４階建て以上共同住宅,駐車（輪）場,その他
窃盗,部品ねらい,綾瀬,一ツ家交番,131211,東京都,足立区,六町３丁目,2020-05-24,10,駐車（輪）場,駐車（輪）場,その他
窃盗,部品ねらい,綾瀬,綾瀬駅東口交番,131211,東京都,足立区,綾瀬２丁目,2020-06-10,14,４階建て以上共同住宅,その他,その他
窃盗,部品ねらい,綾瀬,綾瀬駅東口交番,131211,東京都,足立区,綾瀬３丁目,2020-04-19,19,道路上,その他,ナンバープレート
窃盗,部品ねらい,綾瀬,綾瀬駅東口交番,131211,東京都,足立区,東綾瀬２丁目,2020-05-23,12,４階建て以上共同住宅,駐車（輪）場,その他
窃盗,部品ねらい,竹の塚,花畑北駐在所,131211,東京都,足立区,花畑６丁目,2020-12-29,03,一戸建住宅,駐車（輪）場,ナンバープレート
窃盗,部品ねらい,竹の塚,花畑交番,131211,東京都,足立区,南花畑３丁目,2019-12-24,13,駐車（輪）場,駐車（輪）場,ナンバープレート
窃盗,部品ねらい,竹の塚,花畑交番,131211,東京都,足立区,南花畑４丁目,2020-06-21,21,一戸建住宅,駐車（輪）場,ナンバープレート
窃盗,部品ねらい,竹の塚,保木間交番,131211,東京都,足立区,東六月町,2020-03-16,16,一戸建住宅,駐車（輪）場,その他
窃盗,部品ねらい,竹の塚,西保木間交番,131211,東京都,足立区,保木間４丁目,2020-01-20,18,４階建て以上共同住宅,駐車（輪）場,ナンバープレート
窃盗,部品ねらい,竹の塚,西保木間交番,131211,東京都,足立区,保木間４丁目,2020-07-04,17,駐車（輪）場,駐車（輪）場,ナンバープレート
窃盗,部品ねらい,竹の塚,竹の塚駅前交番,131211,東京都,足立区,竹の塚１丁目,2020-10-27,12,駐車（輪）場,駐車（輪）場,その他
窃盗,部品ねらい,竹の塚,竹の塚駅前交番,131211,東京都,足立区,竹の塚３丁目,2020-04-20,15,駐車（輪）場,駐車（輪）場,ナンバープレート
窃盗,部品ねらい,竹の塚,竹の塚駅前交番,131211,東京都,足立区,竹の塚３丁目,2020-06-05,19,４階建て以上共同住宅,駐車（輪）場,ナンバープレート
窃盗,部品ねらい,竹の塚,竹の塚駅前交番,131211,東京都,足立区,竹の塚３丁目,2020-12-24,06,４階建て以上共同住宅,駐車（輪）場,ナンバープレート
窃盗,部品ねらい,竹の塚,伊興町交番,131211,東京都,足立区,伊興５丁目,2020-03-17,18,その他の住宅（３階建て以下共同住宅等）,その他,その他
窃盗,部品ねらい,竹の塚,伊興町交番,131211,東京都,足立区,西竹の塚１丁目,2020-07-01,15,４階建て以上共同住宅,駐車（輪）場,ナンバープレート
窃盗,部品ねらい,竹の塚,伊興町交番,131211,東京都,足立区,東伊興３丁目,2020-04-14,17,駐車（輪）場,駐車（輪）場,その他
窃盗,部品ねらい,竹の塚,伊興町交番,131211,東京都,足立区,東伊興３丁目,2020-08-03,14,その他の住宅（３階建て以下共同住宅等）,駐車（輪）場,その他
窃盗,部品ねらい,竹の塚,伊興町交番,131211,東京都,足立区,東伊興３丁目,2020-08-11,19,その他の住宅（３階建て以下共同住宅等）,駐車（輪）場,その他
窃盗,部品ねらい,竹の塚,入谷町交番,131211,東京都,足立区,入谷１丁目,2019-12-24,18,４階建て以上共同住宅,駐車（輪）場,ナンバープレート
窃盗,部品ねらい,竹の塚,入谷町交番,131211,東京都,足立区,入谷４丁目,2020-10-21,07,一戸建住宅,駐車（輪）場,ナンバープレート
窃盗,部品ねらい,竹の塚,入谷町交番,131211,東京都,足立区,入谷８丁目,2020-03-25,17,４階建て以上共同住宅,駐車（輪）場,ナンバープレート
窃盗,部品ねらい,竹の塚,見沼代親水公園駅前交番,131211,東京都,足立区,舎人３丁目,2020-02-09,16,駐車（輪）場,駐車（輪）場,ナンバープレート
窃盗,部品ねらい,竹の塚,見沼代親水公園駅前交番,131211,東京都,足立区,舎人５丁目,2020-10-21,18,駐車（輪）場,駐車（輪）場,ナンバープレート
窃盗,部品ねらい,竹の塚,見沼代親水公園駅前交番,131211,東京都,足立区,入谷１丁目,2020-08-05,22,４階建て以上共同住宅,駐車（輪）場,ナンバープレート
窃盗,部品ねらい,竹の塚,見沼代親水公園駅前交番,131211,東京都,足立区,古千谷本町１丁目,2020-07-02,13,駐車（輪）場,駐車（輪）場,ナンバープレート
窃盗,部品ねらい,竹の塚,見沼代親水公園駅前交番,131211,東京都,足立区,古千谷本町４丁目,2020-02-23,05,一戸建住宅,駐車（輪）場,その他
窃盗,部品ねらい,城東,進開橋交番,131083,東京都,江東区,大島１丁目,2020-07-08,18,４階建て以上共同住宅,駐車（輪）場,その他
窃盗,部品ねらい,城東,進開橋交番,131083,東京都,江東区,大島４丁目,2020-11-19,22,駐車（輪）場,駐車（輪）場,その他
窃盗,部品ねらい,城東,日曹橋交番,131083,東京都,江東区,南砂２丁目,2020-04-07,23,４階建て以上共同住宅,駐車（輪）場,その他
窃盗,部品ねらい,城東,日曹橋交番,131083,東京都,江東区,南砂３丁目,2020-05-31,19,４階建て以上共同住宅,駐車（輪）場,その他
窃盗,部品ねらい,城東,元八幡交番,131083,東京都,江東区,南砂６丁目,2020-08-20,19,４階建て以上共同住宅,駐車（輪）場,その他
窃盗,部品ねらい,城東,葛西橋西交番,131083,東京都,江東区,東砂５丁目,2019-09-09,12,一戸建住宅,駐車（輪）場,ナンバープレート
窃盗,部品ねらい,城東,葛西橋西交番,131083,東京都,江東区,東砂５丁目,2019-12-30,16,その他,その他,その他
窃盗,部品ねらい,城東,葛西橋西交番,131083,東京都,江東区,東砂７丁目,2020-03-14,14,４階建て以上共同住宅,駐車（輪）場,ナンバープレート
窃盗,部品ねらい,城東,葛西橋西交番,131083,東京都,江東区,東砂７丁目,2020-04-24,18,４階建て以上共同住宅,駐車（輪）場,ナンバープレート
窃盗,部品ねらい,城東,葛西橋西交番,131083,東京都,江東区,東砂７丁目,2020-11-23,17,４階建て以上共同住宅,駐車（輪）場,ナンバープレート
窃盗,部品ねらい,城東,北砂五丁目交番,131083,東京都,江東区,北砂５丁目,2020-07-21,18,４階建て以上共同住宅,駐車（輪）場,ナンバープレート
窃盗,部品ねらい,城東,北砂五丁目交番,131083,東京都,江東区,北砂５丁目,2020-09-05,23,４階建て以上共同住宅,駐車（輪）場,その他
窃盗,部品ねらい,城東,番所橋交番,131083,東京都,江東区,北砂６丁目,2020-02-20,20,一戸建住宅,駐車（輪）場,ナンバープレート
窃盗,部品ねらい,城東,番所橋交番,131083,東京都,江東区,東砂２丁目,2020-07-23,21,駐車（輪）場,駐車（輪）場,タイヤ・ホイール
窃盗,部品ねらい,城東,亀戸交番,131083,東京都,江東区,亀戸６丁目,2020-07-08,19,道路上,その他,その他
窃盗,部品ねらい,城東,天神橋交番,131083,東京都,江東区,亀戸２丁目,2020-06-02,09,駐車（輪）場,駐車（輪）場,その他
窃盗,部品ねらい,城東,亀戸駅前交番,131083,東京都,江東区,亀戸２丁目,2019-12-25,11,４階建て以上共同住宅,駐車（輪）場,ナンバープレート
窃盗,部品ねらい,城東,亀戸駅前交番,131083,東京都,江東区,亀戸２丁目,2020-04-04,11,その他,駐車（輪）場,ナンバープレート
窃盗,部品ねらい,城東,亀戸駅前交番,131083,東京都,江東区,亀戸３丁目,2020-08-03,03,駐車（輪）場,駐車（輪）場,ナンバープレート
窃盗,部品ねらい,城東,亀戸駅前交番,131083,東京都,江東区,亀戸５丁目,2019-08-15,18,４階建て以上共同住宅,駐車（輪）場,ナンバープレート
窃盗,部品ねらい,城東,亀戸駅前交番,131083,東京都,江東区,亀戸５丁目,2020-11-06,09,道路上,その他,その他
窃盗,部品ねらい,城東,亀戸駅前交番,131083,東京都,江東区,亀戸６丁目,2020-05-15,19,４階建て以上共同住宅,その他,その他
窃盗,部品ねらい,城東,亀戸駅前交番,131083,東京都,江東区,亀戸６丁目,2020-07-21,19,駐車（輪）場,駐車（輪）場,その他
窃盗,部品ねらい,城東,東大島駅前交番,131083,東京都,江東区,大島７丁目,2020-02-29,15,４階建て以上共同住宅,駐車（輪）場,ナンバープレート
窃盗,部品ねらい,本所,両国交番,131075,東京都,墨田区,千歳１丁目,2020-09-10,14,４階建て以上共同住宅,駐車（輪）場,その他
窃盗,部品ねらい,本所,菊川二丁目交番,131075,東京都,墨田区,江東橋５丁目,2020-08-30,14,４階建て以上共同住宅,その他,ナンバープレート
窃盗,部品ねらい,本所,菊川二丁目交番,131075,東京都,墨田区,江東橋５丁目,2020-11-13,18,駐車（輪）場,駐車（輪）場,ナンバープレート
窃盗,部品ねらい,本所,江東橋交番,131075,東京都,墨田区,亀沢２丁目,2020-04-10,09,４階建て以上共同住宅,駐車（輪）場,ナンバープレート
窃盗,部品ねらい,本所,江東橋交番,131075,東京都,墨田区,立川２丁目,2020-09-10,16,駐車（輪）場,駐車（輪）場,ナンバープレート
窃盗,部品ねらい,本所,錦糸町駅南口交番,131075,東京都,墨田区,江東橋４丁目,2020-02-12,07,その他,駐車（輪）場,その他
窃盗,部品ねらい,本所,横川交番,131075,東京都,墨田区,太平３丁目,2020-08-12,09,その他,駐車（輪）場,ナンバープレート
窃盗,部品ねらい,本所,横川交番,131075,東京都,墨田区,横川５丁目,2020-01-29,18,４階建て以上共同住宅,駐車（輪）場,ナンバープレート
窃盗,部品ねらい,本所,横川交番,131075,東京都,墨田区,横川５丁目,2020-05-31,02,４階建て以上共同住宅,駐車（輪）場,その他
窃盗,部品ねらい,本所,横川交番,131075,東京都,墨田区,横川５丁目,2020-10-02,19,４階建て以上共同住宅,駐車（輪）場,ナンバープレート
窃盗,部品ねらい,本所,横網交番,131075,東京都,墨田区,石原１丁目,2020-10-05,02,道路上,その他,ナンバープレート
窃盗,部品ねらい,本所,横網交番,131075,東京都,墨田区,本所１丁目,2020-04-13,14,駐車（輪）場,駐車（輪）場,タイヤ・ホイール
窃盗,部品ねらい,本所,言問交番,131075,東京都,墨田区,吾妻橋２丁目,2020-05-07,22,４階建て以上共同住宅,駐車（輪）場,タイヤ・ホイール
窃盗,部品ねらい,向島,小村井交番,131075,東京都,墨田区,立花１丁目,2019-09-01,不明,４階建て以上共同住宅,その他,ナンバープレート
窃盗,部品ねらい,向島,小村井交番,131075,東京都,墨田区,立花１丁目,2020-03-10,07,４階建て以上共同住宅,駐車（輪）場,ナンバープレート
窃盗,部品ねらい,向島,小村井交番,131075,東京都,墨田区,立花１丁目,2020-07-01,23,その他,駐車（輪）場,ナンバープレート
窃盗,部品ねらい,向島,小村井交番,131075,東京都,墨田区,文花１丁目,2020-07-05,12,４階建て以上共同住宅,駐車（輪）場,ナンバープレート
窃盗,部品ねらい,向島,白鬚橋交番,131075,東京都,墨田区,墨田１丁目,2020-04-11,11,その他,駐車（輪）場,その他
窃盗,部品ねらい,向島,白鬚橋交番,131075,東京都,墨田区,墨田１丁目,2020-07-19,15,４階建て以上共同住宅,駐車（輪）場,ナンバープレート
窃盗,部品ねらい,向島,白鬚橋交番,131075,東京都,墨田区,東向島３丁目,2020-05-08,12,駐車（輪）場,駐車（輪）場,タイヤ・ホイール
窃盗,部品ねらい,向島,白鬚橋交番,131075,東京都,墨田区,東向島３丁目,2020-12-17,21,道路上,その他,タイヤ・ホイール
窃盗,部品ねらい,向島,鐘ケ淵駅前交番,131075,東京都,墨田区,墨田５丁目,2020-12-16,16,駐車（輪）場,駐車（輪）場,その他
窃盗,部品ねらい,向島,鐘ケ淵駅前交番,131075,東京都,墨田区,堤通２丁目,2019-07-05,17,４階建て以上共同住宅,その他,ナンバープレート
窃盗,部品ねらい,向島,四ツ木橋交番,131075,東京都,墨田区,八広６丁目,2020-06-10,12,４階建て以上共同住宅,駐車（輪）場,ナンバープレート
窃盗,部品ねらい,向島,八広四丁目交番,131075,東京都,墨田区,八広３丁目,2020-03-04,10,一戸建住宅,駐車（輪）場,ナンバープレート
窃盗,部品ねらい,向島,八広四丁目交番,131075,東京都,墨田区,八広５丁目,2020-02-01,17,その他,駐車（輪）場,その他
窃盗,部品ねらい,向島,堤通駐在所,131075,東京都,墨田区,墨田５丁目,2020-03-09,08,その他,その他,ナンバープレート
窃盗,部品ねらい,向島,堤通駐在所,131075,東京都,墨田区,堤通２丁目,2020-04-29,17,４階建て以上共同住宅,駐車（輪）場,その他
窃盗,部品ねらい,亀有,,,,,,2020-02-21,18,４階建て以上共同住宅,駐車（輪）場,ナンバープレート
窃盗,部品ねらい,亀有,堀切七丁目交番,131229,東京都,葛飾区,堀切６丁目,2020-09-10,16,その他の住宅（３階建て以下共同住宅等）,駐車（輪）場,ナンバープレート
窃盗,部品ねらい,亀有,お花茶屋交番,131229,東京都,葛飾区,白鳥３丁目,2020-05-03,03,その他の住宅（３階建て以下共同住宅等）,駐車（輪）場,その他
窃盗,部品ねらい,亀有,亀有駅南口交番,131229,東京都,葛飾区,亀有２丁目,2020-02-05,15,一戸建住宅,駐車（輪）場,ナンバープレート
窃盗,部品ねらい,亀有,亀有駅南口交番,131229,東京都,葛飾区,亀有３丁目,2020-11-23,17,その他,駐車（輪）場,タイヤ・ホイール
窃盗,部品ねらい,亀有,亀有駅南口交番,131229,東京都,葛飾区,西亀有３丁目,2020-01-01,22,その他,駐車（輪）場,その他
窃盗,部品ねらい,亀有,亀有駅北口交番,131229,東京都,葛飾区,亀有５丁目,2020-01-08,16,その他,その他,その他
窃盗,部品ねらい,亀有,亀有駅北口交番,131229,東京都,葛飾区,亀有５丁目,2020-10-14,20,道路上,その他,ナンバープレート
窃盗,部品ねらい,亀有,金町駅南口交番,131229,東京都,葛飾区,金町４丁目,2020-02-10,09,４階建て以上共同住宅,駐車（輪）場,ナンバープレート
窃盗,部品ねらい,亀有,柴又交番,131229,東京都,葛飾区,柴又５丁目,2020-02-12,17,その他の住宅（３階建て以下共同住宅等）,駐車（輪）場,その他
窃盗,部品ねらい,亀有,柴又交番,131229,東京都,葛飾区,柴又５丁目,2020-02-20,16,その他の住宅（３階建て以下共同住宅等）,駐車（輪）場,ナンバープレート
窃盗,部品ねらい,亀有,青戸南部駐在所,131229,東京都,葛飾区,青戸６丁目,2020-06-02,18,その他,駐車（輪）場,その他
窃盗,部品ねらい,亀有,金町駅北口交番,131229,東京都,葛飾区,東金町１丁目,2019-12-01,12,４階建て以上共同住宅,駐車（輪）場,ナンバープレート
窃盗,部品ねらい,亀有,金町駅北口交番,131229,東京都,葛飾区,東金町１丁目,2020-01-31,08,駐車（輪）場,駐車（輪）場,その他
窃盗,部品ねらい,亀有,金町駅北口交番,131229,東京都,葛飾区,東金町１丁目,2020-03-01,14,４階建て以上共同住宅,駐車（輪）場,ナンバープレート
窃盗,部品ねらい,亀有,金町駅北口交番,131229,東京都,葛飾区,南水元２丁目,2020-11-24,20,その他の住宅（３階建て以下共同住宅等）,駐車（輪）場,その他
窃盗,部品ねらい,亀有,東金町交番,131229,東京都,葛飾区,東金町７丁目,2020-11-19,18,一戸建住宅,駐車（輪）場,ナンバープレート
窃盗,部品ねらい,亀有,水元公園前交番,131229,東京都,葛飾区,東水元２丁目,2020-05-30,01,駐車（輪）場,駐車（輪）場,タイヤ・ホイール
窃盗,部品ねらい,亀有,水元公園前交番,131229,東京都,葛飾区,東水元３丁目,2020-12-19,18,駐車（輪）場,駐車（輪）場,ナンバープレート
窃盗,部品ねらい,亀有,水元公園前交番,131229,東京都,葛飾区,南水元１丁目,2020-05-14,10,４階建て以上共同住宅,その他,その他
窃盗,部品ねらい,亀有,水元公園前交番,131229,東京都,葛飾区,南水元１丁目,2020-11-15,22,４階建て以上共同住宅,駐車（輪）場,ナンバープレート
窃盗,部品ねらい,亀有,水元公園前交番,131229,東京都,葛飾区,南水元２丁目,2020-04-04,22,一戸建住宅,駐車（輪）場,その他
窃盗,部品ねらい,亀有,西水元駐在所,131229,東京都,葛飾区,西水元３丁目,2020-04-10,20,駐車（輪）場,駐車（輪）場,タイヤ・ホイール
窃盗,部品ねらい,亀有,西水元駐在所,131229,東京都,葛飾区,西水元４丁目,2020-09-30,18,駐車（輪）場,駐車（輪）場,その他
窃盗,部品ねらい,亀有,西水元駐在所,131229,東京都,葛飾区,西水元５丁目,2019-02-10,18,４階建て以上共同住宅,その他,ナンバープレート
窃盗,部品ねらい,亀有,西水元駐在所,131229,東京都,葛飾区,西水元５丁目,2020-01-11,19,４階建て以上共同住宅,駐車（輪）場,ナンバープレート
窃盗,部品ねらい,亀有,水元駐在所,131229,東京都,葛飾区,西水元２丁目,2020-06-01,20,駐車（輪）場,駐車（輪）場,タイヤ・ホイール
窃盗,部品ねらい,亀有,水元駐在所,131229,東京都,葛飾区,西水元３丁目,2020-06-01,18,その他の住宅（３階建て以下共同住宅等）,駐車（輪）場,タイヤ・ホイール
窃盗,部品ねらい,亀有,柴又二丁目交番,131229,東京都,葛飾区,柴又３丁目,2020-03-17,20,４階建て以上共同住宅,駐車（輪）場,その他
窃盗,部品ねらい,亀有,南水元交番,131229,東京都,葛飾区,新宿６丁目,2020-03-25,20,その他,その他,ナンバープレート
窃盗,部品ねらい,亀有,南水元交番,131229,東京都,葛飾区,南水元１丁目,2020-03-23,13,４階建て以上共同住宅,駐車（輪）場,ナンバープレート
窃盗,部品ねらい,亀有,葛三橋交番,131229,東京都,葛飾区,東水元３丁目,2020-06-09,22,その他の住宅（３階建て以下共同住宅等）,駐車（輪）場,タイヤ・ホイール
窃盗,部品ねらい,亀有,葛三橋交番,131229,東京都,葛飾区,水元５丁目,2020-05-27,11,駐車（輪）場,駐車（輪）場,タイヤ・ホイール
窃盗,部品ねらい,葛飾,堀切駅前交番,131229,東京都,葛飾区,堀切２丁目,2020-05-08,17,道路上,その他,その他
窃盗,部品ねらい,葛飾,堀切駅前交番,131229,東京都,葛飾区,堀切２丁目,2020-07-02,14,４階建て以上共同住宅,その他,その他
窃盗,部品ねらい,葛飾,堀切駅前交番,131229,東京都,葛飾区,堀切４丁目,2020-12-06,08,４階建て以上共同住宅,その他,その他
窃盗,部品ねらい,葛飾,立石駅前交番,131229,東京都,葛飾区,立石２丁目,2020-06-15,16,その他の住宅（３階建て以下共同住宅等）,その他,その他
窃盗,部品ねらい,葛飾,青砥駅前交番,131229,東京都,葛飾区,青戸１丁目,2020-05-20,16,道路上,その他,ナンバープレート
窃盗,部品ねらい,葛飾,高砂駅前交番,131229,東京都,葛飾区,高砂１丁目,2020-04-07,10,４階建て以上共同住宅,駐車（輪）場,ナンバープレート
窃盗,部品ねらい,葛飾,高砂駅前交番,131229,東京都,葛飾区,高砂１丁目,2020-05-21,21,その他の住宅（３階建て以下共同住宅等）,駐車（輪）場,その他
窃盗,部品ねらい,葛飾,高砂駅前交番,131229,東京都,葛飾区,高砂２丁目,2020-04-28,18,駐車（輪）場,駐車（輪）場,タイヤ・ホイール
窃盗,部品ねらい,葛飾,高砂駅前交番,131229,東京都,葛飾区,高砂２丁目,2020-05-24,17,駐車（輪）場,駐車（輪）場,タイヤ・ホイール
窃盗,部品ねらい,葛飾,細田交番,131229,東京都,葛飾区,細田３丁目,2020-04-29,16,駐車（輪）場,駐車（輪）場,タイヤ・ホイール
窃盗,部品ねらい,葛飾,細田交番,131229,東京都,葛飾区,細田３丁目,2020-06-23,13,その他の住宅（３階建て以下共同住宅等）,その他,その他
窃盗,部品ねらい,葛飾,細田交番,131229,東京都,葛飾区,細田４丁目,2020-09-01,16,一戸建住宅,その他,その他
窃盗,部品ねらい,葛飾,細田交番,131229,東京都,葛飾区,細田４丁目,2020-10-19,12,４階建て以上共同住宅,その他,タイヤ・ホイール
窃盗,部品ねらい,葛飾,新小岩駅前交番,131229,東京都,葛飾区,新小岩１丁目,2020-09-15,09,道路上,その他,その他
窃盗,部品ねらい,葛飾,新小岩駅前交番,131229,東京都,葛飾区,新小岩２丁目,2020-08-27,20,その他,駐車（輪）場,ナンバープレート
窃盗,部品ねらい,葛飾,新小岩駅前交番,131229,東京都,葛飾区,東新小岩２丁目,2020-10-01,10,その他,駐車（輪）場,その他
窃盗,部品ねらい,葛飾,上平井交番,131229,東京都,葛飾区,東新小岩４丁目,2020-01-10,17,駐車（輪）場,駐車（輪）場,ナンバープレート
窃盗,部品ねらい,葛飾,平和橋交番,131229,東京都,葛飾区,東四つ木１丁目,2020-07-05,16,４階建て以上共同住宅,その他,その他
窃盗,部品ねらい,葛飾,奥戸交番,131229,東京都,葛飾区,奥戸７丁目,2019-11-08,04,駐車（輪）場,駐車（輪）場,タイヤ・ホイール
窃盗,部品ねらい,葛飾,奥戸交番,131229,東京都,葛飾区,奥戸８丁目,2020-05-24,02,その他の住宅（３階建て以下共同住宅等）,駐車（輪）場,その他
窃盗,部品ねらい,葛飾,鎌倉交番,131229,東京都,葛飾区,鎌倉３丁目,2020-05-02,14,駐車（輪）場,駐車（輪）場,その他
窃盗,部品ねらい,葛飾,鎌倉交番,131229,東京都,葛飾区,鎌倉３丁目,2020-06-09,20,駐車（輪）場,駐車（輪）場,タイヤ・ホイール
窃盗,部品ねらい,葛飾,小松橋交番,131229,東京都,葛飾区,新小岩４丁目,2020-06-22,20,その他の住宅（３階建て以下共同住宅等）,その他,ナンバープレート
窃盗,部品ねらい,小松川,平井駅前交番,131237,東京都,江戸川区,平井４丁目,2020-04-24,17,駐車（輪）場,駐車（輪）場,ナンバープレート
窃盗,部品ねらい,小松川,平井七丁目交番,131237,東京都,江戸川区,平井６丁目,2020-10-24,12,一戸建住宅,その他,その他
窃盗,部品ねらい,小松川,松島四丁目交番,131237,東京都,江戸川区,松島４丁目,2020-10-27,14,その他の住宅（３階建て以下共同住宅等）,駐車（輪）場,ナンバープレート
窃盗,部品ねらい,小松川,八蔵橋交番,131237,東京都,江戸川区,中央１丁目,2020-06-03,17,その他,駐車（輪）場,その他
窃盗,部品ねらい,小松川,八蔵橋交番,131237,東京都,江戸川区,中央３丁目,2020-05-04,16,その他,駐車（輪）場,その他
窃盗,部品ねらい,小松川,八蔵橋交番,131237,東京都,江戸川区,中央４丁目,2020-07-21,18,４階建て以上共同住宅,駐車（輪）場,その他
窃盗,部品ねらい,小松川,八蔵橋交番,131237,東京都,江戸川区,大杉５丁目,2020-03-21,06,その他,駐車（輪）場,なし
窃盗,部品ねらい,小松川,京葉通交番,131237,東京都,江戸川区,中央２丁目,2020-04-17,17,駐車（輪）場,駐車（輪）場,ナンバープレート
窃盗,部品ねらい,小松川,京葉通交番,131237,東京都,江戸川区,西一之江１丁目,2019-12-30,15,駐車（輪）場,駐車（輪）場,その他
窃盗,部品ねらい,小松川,京葉通交番,131237,東京都,江戸川区,西一之江２丁目,2020-02-20,18,一戸建住宅,駐車（輪）場,ナンバープレート
窃盗,部品ねらい,小松川,松江交番,131237,東京都,江戸川区,東小松川３丁目,2020-04-23,09,その他,駐車（輪）場,ナンバープレート
窃盗,部品ねらい,小松川,松江交番,131237,東京都,江戸川区,東小松川３丁目,2020-06-10,12,４階建て以上共同住宅,駐車（輪）場,その他
窃盗,部品ねらい,小松川,松江交番,131237,東京都,江戸川区,松江７丁目,2020-06-10,18,道路上,その他,タイヤ・ホイール
窃盗,部品ねらい,小松川,一之江交番,131237,東京都,江戸川区,一之江７丁目,2020-01-03,09,駐車（輪）場,駐車（輪）場,その他
窃盗,部品ねらい,小松川,椿町駐在所,131237,東京都,江戸川区,春江町２丁目,2020-04-14,17,駐車（輪）場,駐車（輪）場,ナンバープレート
窃盗,部品ねらい,小松川,椿町駐在所,131237,東京都,江戸川区,春江町２丁目,2020-05-02,12,４階建て以上共同住宅,駐車（輪）場,その他
窃盗,部品ねらい,小松川,南篠崎交番,131237,東京都,江戸川区,江戸川１丁目,2020-06-17,18,駐車（輪）場,駐車（輪）場,ナンバープレート
窃盗,部品ねらい,小松川,南篠崎交番,131237,東京都,江戸川区,篠崎町５丁目,2020-09-22,17,４階建て以上共同住宅,駐車（輪）場,その他
窃盗,部品ねらい,小松川,南篠崎交番,131237,東京都,江戸川区,下篠崎町,2020-04-22,17,一戸建住宅,駐車（輪）場,その他
窃盗,部品ねらい,小松川,南篠崎交番,131237,東京都,江戸川区,南篠崎町４丁目,2020-05-23,08,駐車（輪）場,駐車（輪）場,ナンバープレート
窃盗,部品ねらい,小松川,南篠崎交番,131237,東京都,江戸川区,南篠崎町５丁目,2020-09-06,23,４階建て以上共同住宅,駐車（輪）場,その他
窃盗,部品ねらい,小松川,東小松川交番,131237,東京都,江戸川区,東小松川４丁目,2020-02-09,17,その他の住宅（３階建て以下共同住宅等）,駐車（輪）場,その他
窃盗,部品ねらい,小松川,東小松川交番,131237,東京都,江戸川区,松江５丁目,2020-04-24,15,４階建て以上共同住宅,駐車（輪）場,その他
窃盗,部品ねらい,小松川,瑞江駅前交番,131237,東京都,江戸川区,東瑞江２丁目,2019-01-01,不明,４階建て以上共同住宅,駐車（輪）場,ナンバープレート
窃盗,部品ねらい,小松川,瑞江駅前交番,131237,東京都,江戸川区,松島２丁目,2020-05-26,13,その他の住宅（３階建て以下共同住宅等）,駐車（輪）場,ナンバープレート
窃盗,部品ねらい,小松川,瑞江駅前交番,131237,東京都,江戸川区,瑞江２丁目,2020-09-13,22,駐車（輪）場,駐車（輪）場,その他
窃盗,部品ねらい,小松川,小松川一丁目交番,131237,東京都,江戸川区,一之江１丁目,2020-10-02,18,４階建て以上共同住宅,駐車（輪）場,ナンバープレート
窃盗,部品ねらい,小松川,小松川一丁目交番,131237,東京都,江戸川区,小松川２丁目,2020-01-18,18,４階建て以上共同住宅,駐車（輪）場,タイヤ・ホイール
窃盗,部品ねらい,小松川,小松川一丁目交番,131237,東京都,江戸川区,小松川２丁目,2020-07-27,15,４階建て以上共同住宅,駐車（輪）場,タイヤ・ホイール
窃盗,部品ねらい,小松川,篠崎駅前交番,131237,東京都,江戸川区,篠崎町７丁目,2020-01-09,07,駐車（輪）場,駐車（輪）場,その他
窃盗,部品ねらい,小松川,篠崎駅前交番,131237,東京都,江戸川区,下篠崎町,2020-05-15,21,その他,その他,その他
窃盗,部品ねらい,小松川,篠崎駅前交番,131237,東京都,江戸川区,下篠崎町,2020-05-16,03,一戸建住宅,その他,その他
窃盗,部品ねらい,小岩,南小岩交番,131237,東京都,江戸川区,南小岩２丁目,2020-02-15,20,４階建て以上共同住宅,駐車（輪）場,その他
窃盗,部品ねらい,小岩,菅原橋交番,131237,東京都,江戸川区,本一色２丁目,2020-03-13,13,その他の住宅（３階建て以下共同住宅等）,駐車（輪）場,その他
窃盗,部品ねらい,小岩,菅原橋交番,131237,東京都,江戸川区,上篠崎３丁目,2020-07-11,18,駐車（輪）場,駐車（輪）場,その他
窃盗,部品ねらい,小岩,小岩駅前交番,131237,東京都,江戸川区,南小岩６丁目,2020-06-02,09,その他,駐車（輪）場,その他
窃盗,部品ねらい,小岩,小岩駅前交番,131237,東京都,江戸川区,南小岩８丁目,2020-08-20,09,その他,駐車（輪）場,その他
窃盗,部品ねらい,小岩,西小岩交番,131237,東京都,江戸川区,西小岩３丁目,2020-07-01,21,その他,駐車（輪）場,その他
窃盗,部品ねらい,小岩,北小岩二丁目交番,131237,東京都,江戸川区,北小岩１丁目,2020-03-02,18,駐車（輪）場,駐車（輪）場,その他
窃盗,部品ねらい,小岩,北小岩二丁目交番,131237,東京都,江戸川区,北小岩１丁目,2020-07-27,21,その他の住宅（３階建て以下共同住宅等）,駐車（輪）場,その他
窃盗,部品ねらい,小岩,北小岩駐在所,131237,東京都,江戸川区,北小岩７丁目,2020-05-26,19,駐車（輪）場,駐車（輪）場,タイヤ・ホイール
窃盗,部品ねらい,小岩,上一色駐在所,131237,東京都,江戸川区,興宮町,2020-07-15,02,その他の住宅（３階建て以下共同住宅等）,駐車（輪）場,その他
窃盗,部品ねらい,葛西,船堀駅前交番,131237,東京都,江戸川区,船堀１丁目,2020-07-11,16,駐車（輪）場,駐車（輪）場,その他
窃盗,部品ねらい,葛西,船堀駅前交番,131237,東京都,江戸川区,船堀７丁目,2020-08-21,13,一戸建住宅,駐車（輪）場,ナンバープレート
窃盗,部品ねらい,葛西,葛西橋東交番,131237,東京都,江戸川区,南葛西３丁目,2016-09-28,17,４階建て以上共同住宅,駐車（輪）場,ナンバープレート
窃盗,部品ねらい,葛西,共栄橋交番,131237,東京都,江戸川区,中葛西４丁目,2020-10-05,07,４階建て以上共同住宅,駐車（輪）場,その他
窃盗,部品ねらい,葛西,東葛西五丁目交番,131237,東京都,江戸川区,東葛西４丁目,2020-06-25,17,４階建て以上共同住宅,駐車（輪）場,その他
窃盗,部品ねらい,葛西,東葛西五丁目交番,131237,東京都,江戸川区,東葛西５丁目,2020-11-17,17,一戸建住宅,その他,その他
窃盗,部品ねらい,葛西,宇喜田駐在所,131237,東京都,江戸川区,宇喜田町,2019-11-24,00,一戸建住宅,その他,ナンバープレート
窃盗,部品ねらい,葛西,宇喜田駐在所,131237,東京都,江戸川区,北葛西５丁目,2020-07-02,06,その他の住宅（３階建て以下共同住宅等）,その他,その他
窃盗,部品ねらい,葛西,宇喜田駐在所,131237,東京都,江戸川区,北葛西５丁目,2020-07-12,12,４階建て以上共同住宅,駐車（輪）場,タイヤ・ホイール
窃盗,部品ねらい,葛西,東葛西九丁目駐在所,131237,東京都,江戸川区,東葛西８丁目,2020-03-16,22,道路上,その他,ナンバープレート
窃盗,部品ねらい,葛西,南葛西交番,131237,東京都,江戸川区,南葛西１丁目,2020-04-06,22,４階建て以上共同住宅,駐車（輪）場,その他
窃盗,部品ねらい,葛西,南葛西交番,131237,東京都,江戸川区,南葛西２丁目,2020-05-08,16,その他の住宅（３階建て以下共同住宅等）,駐車（輪）場,その他
窃盗,部品ねらい,葛西,南葛西交番,131237,東京都,江戸川区,南葛西３丁目,2020-07-17,19,４階建て以上共同住宅,駐車（輪）場,その他
窃盗,部品ねらい,葛西,南葛西交番,131237,東京都,江戸川区,南葛西３丁目,2020-07-18,21,その他の住宅（３階建て以下共同住宅等）,駐車（輪）場,その他
窃盗,部品ねらい,葛西,清新町交番,131237,東京都,江戸川区,西葛西８丁目,2020-10-26,22,４階建て以上共同住宅,駐車（輪）場,タイヤ・ホイール
窃盗,部品ねらい,葛西,清新町交番,131237,東京都,江戸川区,清新町１丁目,2020-02-10,13,４階建て以上共同住宅,駐車（輪）場,ナンバープレート
窃盗,部品ねらい,葛西,清新町交番,131237,東京都,江戸川区,清新町１丁目,2020-10-02,16,その他の住宅（３階建て以下共同住宅等）,駐車（輪）場,ナンバープレート
窃盗,部品ねらい,葛西,清新町交番,131237,東京都,江戸川区,清新町１丁目,2020-10-26,17,４階建て以上共同住宅,駐車（輪）場,その他
窃盗,部品ねらい,葛西,清新町交番,131237,東京都,江戸川区,清新町１丁目,2020-10-31,18,４階建て以上共同住宅,駐車（輪）場,その他
窃盗,部品ねらい,葛西,葛西駅前交番,131237,東京都,江戸川区,中葛西７丁目,2020-11-28,20,駐車（輪）場,駐車（輪）場,ナンバープレート
窃盗,部品ねらい,葛西,葛西駅前交番,131237,東京都,江戸川区,東葛西６丁目,2020-05-28,12,駐車（輪）場,駐車（輪）場,その他
窃盗,部品ねらい,葛西,江戸川六丁目交番,131237,東京都,江戸川区,西瑞江５丁目,2020-07-19,23,その他の住宅（３階建て以下共同住宅等）,駐車（輪）場,その他
窃盗,部品ねらい,葛西,江戸川六丁目交番,131237,東京都,江戸川区,春江町５丁目,2020-02-08,16,４階建て以上共同住宅,駐車（輪）場,ナンバープレート
窃盗,部品ねらい,葛西,江戸川六丁目交番,131237,東京都,江戸川区,春江町５丁目,2020-03-11,13,駐車（輪）場,駐車（輪）場,ナンバープレート
窃盗,部品ねらい,葛西,臨海公園交番,131237,東京都,江戸川区,南葛西５丁目,2020-08-16,21,４階建て以上共同住宅,駐車（輪）場,その他
窃盗,部品ねらい,葛西,臨海公園交番,131237,東京都,江戸川区,南葛西５丁目,2020-09-05,16,４階建て以上共同住宅,駐車（輪）場,ナンバープレート
窃盗,部品ねらい,葛西,臨海公園交番,131237,東京都,江戸川区,臨海町２丁目,2020-07-05,07,４階建て以上共同住宅,駐車（輪）場,その他
窃盗,部品ねらい,葛西,臨海公園交番,131237,東京都,江戸川区,臨海町４丁目,2020-09-08,02,駐車（輪）場,駐車（輪）場,その他
窃盗,部品ねらい,葛西,臨海公園交番,131237,東京都,江戸川区,臨海町６丁目,2020-08-16,10,その他,駐車（輪）場,タイヤ・ホイール
窃盗,部品ねらい,南大沢,北野駅前交番,132012,東京都,八王子市,打越町,2019-01-26,17,その他の住宅（３階建て以下共同住宅等）,駐車（輪）場,ナンバープレート
窃盗,部品ねらい,南大沢,下柚木交番,132012,東京都,八王子市,越野,2020-06-20,18,４階建て以上共同住宅,駐車（輪）場,ナンバープレート
窃盗,部品ねらい,南大沢,下柚木交番,132012,東京都,八王子市,下柚木３丁目,2020-04-18,19,４階建て以上共同住宅,駐車（輪）場,ナンバープレート
窃盗,部品ねらい,南大沢,下柚木交番,132012,東京都,八王子市,松木,2020-02-01,15,４階建て以上共同住宅,駐車（輪）場,その他
窃盗,部品ねらい,南大沢,高嶺交番,132012,東京都,八王子市,片倉町,2020-03-14,12,駐車（輪）場,駐車（輪）場,ナンバープレート
窃盗,部品ねらい,南大沢,堀之内駅前交番,132012,東京都,八王子市,大塚,2020-08-14,14,駐車（輪）場,駐車（輪）場,その他
窃盗,部品ねらい,南大沢,堀之内駅前交番,132012,東京都,八王子市,東中野,2019-07-29,15,その他,駐車（輪）場,ナンバープレート
窃盗,部品ねらい,南大沢,堀之内駅前交番,132012,東京都,八王子市,堀之内２丁目,2020-02-25,18,その他の住宅（３階建て以下共同住宅等）,駐車（輪）場,ナンバープレート
窃盗,部品ねらい,南大沢,堀之内駅前交番,132012,東京都,八王子市,松木,2020-01-31,19,駐車（輪）場,駐車（輪）場,その他
窃盗,部品ねらい,南大沢,堀之内駅前交番,132012,東京都,八王子市,松木,2020-07-12,16,４階建て以上共同住宅,駐車（輪）場,その他
窃盗,部品ねらい,南大沢,南大沢駅前交番,132012,東京都,八王子市,南大沢１丁目,2020-01-02,09,その他,駐車（輪）場,その他
窃盗,部品ねらい,南大沢,南大沢駅前交番,132012,東京都,八王子市,南大沢２丁目,2020-09-09,20,その他,その他,タイヤ・ホイール
窃盗,部品ねらい,南大沢,南大沢駅前交番,132012,東京都,八王子市,南大沢４丁目,2020-05-01,不明,４階建て以上共同住宅,駐車（輪）場,ナンバープレート
窃盗,部品ねらい,南大沢,南大沢駅前交番,132012,東京都,八王子市,南大沢５丁目,2020-04-17,18,４階建て以上共同住宅,駐車（輪）場,タイヤ・ホイール
窃盗,部品ねらい,南大沢,みなみ野交番,132012,東京都,八王子市,片倉町,2020-01-27,15,その他,駐車（輪）場,ナンバープレート
窃盗,部品ねらい,南大沢,みなみ野交番,132012,東京都,八王子市,小比企町,2020-01-05,12,４階建て以上共同住宅,駐車（輪）場,ナンバープレート
窃盗,部品ねらい,南大沢,みなみ野交番,132012,東京都,八王子市,みなみ野６丁目,2020-05-03,18,その他,駐車（輪）場,タイヤ・ホイール
窃盗,部品ねらい,南大沢,相原駅前交番,132098,東京都,町田市,相原町,2020-06-28,03,一戸建住宅,駐車（輪）場,ナンバープレート
窃盗,部品ねらい,南大沢,上柚木駐在所,132012,東京都,八王子市,鑓水２丁目,2020-04-14,11,４階建て以上共同住宅,駐車（輪）場,ナンバープレート
窃盗,部品ねらい,南大沢,小比企駐在所,132012,東京都,八王子市,小比企町,2020-04-21,不明,４階建て以上共同住宅,駐車（輪）場,ナンバープレート
窃盗,部品ねらい,南大沢,宮上駐在所,132012,東京都,八王子市,上柚木３丁目,2020-08-31,06,その他,駐車（輪）場,ナンバープレート
窃盗,部品ねらい,南大沢,宮上駐在所,132012,東京都,八王子市,上柚木３丁目,2020-11-13,17,４階建て以上共同住宅,駐車（輪）場,その他
窃盗,部品ねらい,南大沢,小山駐在所,132098,東京都,町田市,小山町,2020-01-05,13,その他の住宅（３階建て以下共同住宅等）,駐車（輪）場,ナンバープレート
窃盗,部品ねらい,南大沢,小山駐在所,132098,東京都,町田市,小山町,2020-02-20,21,一戸建住宅,駐車（輪）場,ナンバープレート
窃盗,部品ねらい,南大沢,小山駐在所,132098,東京都,町田市,小山町,2020-12-10,16,駐車（輪）場,駐車（輪）場,その他
窃盗,部品ねらい,南大沢,小山駐在所,132098,東京都,町田市,小山ヶ丘３丁目,2019-06-01,不明,４階建て以上共同住宅,駐車（輪）場,ナンバープレート
窃盗,部品ねらい,南大沢,大戸駐在所,132098,東京都,町田市,相原町,2020-12-15,15,その他の住宅（３階建て以下共同住宅等）,駐車（輪）場,ナンバープレート
窃盗,部品ねらい,高尾,並木町交番,132012,東京都,八王子市,散田町３丁目,2020-05-20,17,４階建て以上共同住宅,駐車（輪）場,ナンバープレート
窃盗,部品ねらい,高尾,並木町交番,132012,東京都,八王子市,散田町５丁目,2020-02-22,18,駐車（輪）場,駐車（輪）場,ナンバープレート
窃盗,部品ねらい,高尾,めじろ台交番,132012,東京都,八王子市,椚田町,2020-05-13,02,その他の住宅（３階建て以下共同住宅等）,駐車（輪）場,その他
窃盗,部品ねらい,高尾,めじろ台交番,132012,東京都,八王子市,椚田町,2020-09-29,23,その他の住宅（３階建て以下共同住宅等）,駐車（輪）場,その他
窃盗,部品ねらい,高尾,めじろ台交番,132012,東京都,八王子市,椚田町,2020-10-29,11,その他,その他,ナンバープレート
窃盗,部品ねらい,高尾,めじろ台交番,132012,東京都,八王子市,めじろ台３丁目,2020-02-23,12,一戸建住宅,駐車（輪）場,その他
窃盗,部品ねらい,高尾,めじろ台交番,132012,東京都,八王子市,山田町,2020-05-26,15,一戸建住宅,駐車（輪）場,ナンバープレート
窃盗,部品ねらい,高尾,めじろ台交番,132012,東京都,八王子市,山田町,2020-07-25,17,その他の住宅（３階建て以下共同住宅等）,駐車（輪）場,ナンバープレート
窃盗,部品ねらい,高尾,長房町交番,132012,東京都,八王子市,狭間町,2020-01-24,22,一戸建住宅,駐車（輪）場,ナンバープレート
窃盗,部品ねらい,高尾,長房町交番,132012,東京都,八王子市,長房町,2020-09-08,18,４階建て以上共同住宅,駐車（輪）場,ナンバープレート
窃盗,部品ねらい,高尾,長房町交番,132012,東京都,八王子市,狭間町,2020-09-30,09,その他,駐車（輪）場,ナンバープレート
窃盗,部品ねらい,高尾,横川町交番,132012,東京都,八王子市,横川町,2020-02-01,不明,４階建て以上共同住宅,駐車（輪）場,ナンバープレート
窃盗,部品ねらい,高尾,諏訪交番,132012,東京都,八王子市,泉町,2020-11-03,14,４階建て以上共同住宅,駐車（輪）場,その他
窃盗,部品ねらい,高尾,諏訪交番,132012,東京都,八王子市,泉町,2020-11-03,16,その他の住宅（３階建て以下共同住宅等）,駐車（輪）場,その他
窃盗,部品ねらい,高尾,諏訪交番,132012,東京都,八王子市,叶谷町,2020-06-15,13,その他の住宅（３階建て以下共同住宅等）,駐車（輪）場,ナンバープレート
窃盗,部品ねらい,高尾,諏訪交番,132012,東京都,八王子市,諏訪町,2018-09-10,不明,その他の住宅（３階建て以下共同住宅等）,その他,ナンバープレート
窃盗,部品ねらい,高尾,諏訪交番,132012,東京都,八王子市,諏訪町,2020-05-25,19,その他の住宅（３階建て以下共同住宅等）,駐車（輪）場,ナンバープレート
窃盗,部品ねらい,高尾,諏訪交番,132012,東京都,八王子市,諏訪町,2020-06-28,19,４階建て以上共同住宅,駐車（輪）場,ナンバープレート
窃盗,部品ねらい,高尾,諏訪交番,132012,東京都,八王子市,諏訪町,2020-08-25,22,その他の住宅（３階建て以下共同住宅等）,駐車（輪）場,ナンバープレート
窃盗,部品ねらい,高尾,諏訪交番,132012,東京都,八王子市,大楽寺町,2020-05-12,15,４階建て以上共同住宅,駐車（輪）場,ナンバープレート
窃盗,部品ねらい,高尾,元八王子交番,132012,東京都,八王子市,元八王子町１丁目,2020-07-11,12,その他の住宅（３階建て以下共同住宅等）,駐車（輪）場,ナンバープレート
窃盗,部品ねらい,高尾,元八王子交番,132012,東京都,八王子市,元八王子町２丁目,2020-12-03,20,その他の住宅（３階建て以下共同住宅等）,駐車（輪）場,ナンバープレート
窃盗,部品ねらい,高尾,東浅川駐在所,132012,東京都,八王子市,東浅川町,2020-11-02,19,その他,駐車（輪）場,その他
窃盗,部品ねらい,高尾,館ケ丘駐在所,132012,東京都,八王子市,館町,2020-07-28,17,その他の住宅（３階建て以下共同住宅等）,駐車（輪）場,その他
窃盗,部品ねらい,高尾,館ケ丘駐在所,132012,東京都,八王子市,館町,2020-10-25,13,その他の住宅（３階建て以下共同住宅等）,駐車（輪）場,ナンバープレート
窃盗,部品ねらい,高尾,館ケ丘駐在所,132012,東京都,八王子市,館町,2020-10-29,23,その他の住宅（３階建て以下共同住宅等）,駐車（輪）場,ナンバープレート
窃盗,部品ねらい,高尾,館駐在所,132012,東京都,八王子市,館町,2020-03-27,17,４階建て以上共同住宅,その他,ナンバープレート
窃盗,部品ねらい,高尾,下恩方駐在所,132012,東京都,八王子市,下恩方町,2020-09-28,08,その他,駐車（輪）場,その他
窃盗,部品ねらい,多摩中央,桜ケ丘駅前交番,132241,東京都,多摩市,関戸５丁目,2020-12-01,15,その他,駐車（輪）場,タイヤ・ホイール
窃盗,部品ねらい,多摩中央,永山駅前交番,132241,東京都,多摩市,諏訪２丁目,2020-11-18,07,駐車（輪）場,駐車（輪）場,その他
窃盗,部品ねらい,多摩中央,永山駅前交番,132241,東京都,多摩市,関戸６丁目,2020-04-18,16,その他,駐車（輪）場,タイヤ・ホイール
窃盗,部品ねらい,多摩中央,永山駅前交番,132241,東京都,多摩市,永山１丁目,2019-12-31,11,駐車（輪）場,駐車（輪）場,その他
窃盗,部品ねらい,多摩中央,永山駅前交番,132241,東京都,多摩市,永山１丁目,2020-03-27,15,その他,駐車（輪）場,その他
窃盗,部品ねらい,多摩中央,永山駅前交番,132241,東京都,多摩市,永山１丁目,2020-06-23,10,駐車（輪）場,駐車（輪）場,その他
窃盗,部品ねらい,多摩中央,永山駅前交番,132241,東京都,多摩市,永山１丁目,2020-09-14,09,駐車（輪）場,駐車（輪）場,その他
窃盗,部品ねらい,多摩中央,貝取交番,132241,東京都,多摩市,貝取２丁目,2020-05-20,16,４階建て以上共同住宅,駐車（輪）場,その他
窃盗,部品ねらい,多摩中央,貝取交番,132241,東京都,多摩市,南野２丁目,2020-04-30,21,その他の住宅（３階建て以下共同住宅等）,駐車（輪）場,ナンバープレート
窃盗,部品ねらい,多摩中央,大丸交番,132250,東京都,稲城市,大丸,2020-10-06,07,その他,駐車（輪）場,その他
窃盗,部品ねらい,多摩中央,矢野口交番,132250,東京都,稲城市,矢野口,2020-05-02,06,駐車（輪）場,駐車（輪）場,ナンバープレート
窃盗,部品ねらい,多摩中央,平尾交番,132250,東京都,稲城市,平尾３丁目,2019-05-01,不明,４階建て以上共同住宅,駐車（輪）場,ナンバープレート
窃盗,部品ねらい,多摩中央,和田駐在所,132241,東京都,多摩市,和田,2020-07-11,09,その他の住宅（３階建て以下共同住宅等）,その他,その他
窃盗,部品ねらい,多摩中央,北貝取駐在所,132241,東京都,多摩市,貝取２丁目,2020-02-23,18,４階建て以上共同住宅,駐車（輪）場,その他
窃盗,部品ねらい,多摩中央,北貝取駐在所,132241,東京都,多摩市,豊ケ丘２丁目,2020-05-13,17,４階建て以上共同住宅,駐車（輪）場,その他
窃盗,部品ねらい,多摩中央,聖ケ丘駐在所,132241,東京都,多摩市,聖ケ丘１丁目,2020-05-10,18,４階建て以上共同住宅,その他,その他
窃盗,部品ねらい,多摩中央,向陽台駐在所,132250,東京都,稲城市,向陽台６丁目,2020-11-19,19,４階建て以上共同住宅,駐車（輪）場,その他
窃盗,部品ねらい,多摩中央,長峰駐在所,132250,東京都,稲城市,長峰３丁目,2019-09-25,18,４階建て以上共同住宅,駐車（輪）場,ナンバープレート
窃盗,部品ねらい,多摩中央,長峰駐在所,132250,東京都,稲城市,長峰３丁目,2020-09-22,07,４階建て以上共同住宅,駐車（輪）場,その他
窃盗,部品ねらい,多摩中央,長峰駐在所,132250,東京都,稲城市,長峰３丁目,2020-09-23,22,４階建て以上共同住宅,駐車（輪）場,その他
窃盗,部品ねらい,多摩中央,若葉台駅前交番,132250,東京都,稲城市,若葉台２丁目,2020-08-14,14,その他,駐車（輪）場,その他
窃盗,部品ねらい,多摩中央,若葉台駅前交番,132250,東京都,稲城市,若葉台４丁目,2020-08-10,21,４階建て以上共同住宅,駐車（輪）場,ナンバープレート
窃盗,部品ねらい,東大和,けやき通交番,132209,東京都,東大和市,清原１丁目,2020-01-14,06,４階建て以上共同住宅,駐車（輪）場,その他
窃盗,部品ねらい,東大和,けやき通交番,132209,東京都,東大和市,清原３丁目,2020-07-14,13,４階建て以上共同住宅,駐車（輪）場,その他
窃盗,部品ねらい,東大和,南街交番,132209,東京都,東大和市,向原６丁目,2020-03-28,20,４階建て以上共同住宅,駐車（輪）場,その他
窃盗,部品ねらい,東大和,南街交番,132209,東京都,東大和市,向原６丁目,2020-05-01,17,４階建て以上共同住宅,駐車（輪）場,タイヤ・ホイール
窃盗,部品ねらい,東大和,村山交番,132233,東京都,武蔵村山市,榎１丁目,2020-10-26,09,その他,駐車（輪）場,その他
窃盗,部品ねらい,東大和,村山交番,132233,東京都,武蔵村山市,榎２丁目,2020-09-25,02,４階建て以上共同住宅,駐車（輪）場,ナンバープレート
窃盗,部品ねらい,東大和,村山交番,132233,東京都,武蔵村山市,緑が丘,2020-01-02,15,４階建て以上共同住宅,駐車（輪）場,ナンバープレート
窃盗,部品ねらい,東大和,村山交番,132233,東京都,武蔵村山市,緑が丘,2020-01-15,13,４階建て以上共同住宅,駐車（輪）場,ナンバープレート
窃盗,部品ねらい,東大和,村山交番,132233,東京都,武蔵村山市,緑が丘,2020-05-13,18,その他,駐車（輪）場,ナンバープレート
窃盗,部品ねらい,東大和,村山交番,132233,東京都,武蔵村山市,緑が丘,2020-05-15,18,４階建て以上共同住宅,駐車（輪）場,ナンバープレート
窃盗,部品ねらい,東大和,村山交番,132233,東京都,武蔵村山市,緑が丘,2020-05-17,12,４階建て以上共同住宅,駐車（輪）場,その他
窃盗,部品ねらい,東大和,村山交番,132233,東京都,武蔵村山市,緑が丘,2020-06-11,21,４階建て以上共同住宅,駐車（輪）場,ナンバープレート
窃盗,部品ねらい,東大和,村山交番,132233,東京都,武蔵村山市,緑が丘,2020-08-16,22,４階建て以上共同住宅,駐車（輪）場,ナンバープレート
窃盗,部品ねらい,東大和,村山交番,132233,東京都,武蔵村山市,緑が丘,2020-10-17,10,４階建て以上共同住宅,駐車（輪）場,その他
窃盗,部品ねらい,東大和,三ツ木交番,132233,東京都,武蔵村山市,三ツ木１丁目,2020-10-04,16,その他の住宅（３階建て以下共同住宅等）,駐車（輪）場,その他
窃盗,部品ねらい,東大和,三ツ木交番,132233,東京都,武蔵村山市,三ツ木４丁目,2020-04-19,05,その他,駐車（輪）場,ナンバープレート
窃盗,部品ねらい,東大和,三ツ木交番,132233,東京都,武蔵村山市,中原２丁目,2020-10-06,18,駐車（輪）場,駐車（輪）場,その他
窃盗,部品ねらい,東大和,高木駐在所,132209,東京都,東大和市,高木２丁目,2020-02-05,18,その他の住宅（３階建て以下共同住宅等）,駐車（輪）場,その他
窃盗,部品ねらい,東大和,玉川上水駅前交番,132209,東京都,東大和市,桜が丘３丁目,2020-11-20,21,４階建て以上共同住宅,駐車（輪）場,ナンバープレート
窃盗,部品ねらい,東大和,玉川上水駅前交番,132209,東京都,東大和市,桜が丘３丁目,2020-11-27,18,４階建て以上共同住宅,駐車（輪）場,ナンバープレート
窃盗,部品ねらい,東大和,玉川上水駅前交番,132209,東京都,東大和市,立野３丁目,2020-08-04,20,駐車（輪）場,駐車（輪）場,なし
窃盗,部品ねらい,青梅,千ケ瀬駐在所,132055,東京都,青梅市,千ヶ瀬町３丁目,2020-10-16,22,その他,駐車（輪）場,その他
窃盗,部品ねらい,青梅,下長淵駐在所,132055,東京都,青梅市,長淵１丁目,2019-10-01,00,駐車（輪）場,駐車（輪）場,タイヤ・ホイール
窃盗,部品ねらい,青梅,今寺駐在所,132055,東京都,青梅市,今寺１丁目,2020-10-09,17,駐車（輪）場,駐車（輪）場,ナンバープレート
窃盗,部品ねらい,青梅,新町交番,132055,東京都,青梅市,新町２丁目,2020-09-05,17,その他の住宅（３階建て以下共同住宅等）,駐車（輪）場,ナンバープレート
窃盗,部品ねらい,青梅,新町交番,132055,東京都,青梅市,新町４丁目,2020-07-04,19,その他,駐車（輪）場,その他
窃盗,部品ねらい,青梅,新町交番,132055,東京都,青梅市,新町４丁目,2020-11-07,12,４階建て以上共同住宅,駐車（輪）場,その他
窃盗,部品ねらい,青梅,新町交番,132055,東京都,青梅市,新町４丁目,2020-11-14,10,４階建て以上共同住宅,駐車（輪）場,その他
窃盗,部品ねらい,青梅,新町交番,132055,東京都,青梅市,新町５丁目,2020-04-03,12,４階建て以上共同住宅,駐車（輪）場,その他
窃盗,部品ねらい,青梅,新町交番,132055,東京都,青梅市,新町５丁目,2020-04-22,16,４階建て以上共同住宅,駐車（輪）場,その他
窃盗,部品ねらい,青梅,今井駐在所,132055,東京都,青梅市,藤橋３丁目,2020-01-12,19,その他,駐車（輪）場,タイヤ・ホイール
窃盗,部品ねらい,青梅,小曽木駐在所,132055,東京都,青梅市,富岡１丁目,2020-10-05,18,一戸建住宅,駐車（輪）場,ナンバープレート
窃盗,部品ねらい,青梅,御岳駐在所,132055,東京都,青梅市,御岳１丁目,2020-03-18,06,駐車（輪）場,駐車（輪）場,ナンバープレート
窃盗,部品ねらい,青梅,河辺駅前交番,132055,東京都,青梅市,河辺町１０丁目,2020-05-16,22,４階建て以上共同住宅,駐車（輪）場,その他
窃盗,部品ねらい,五日市,留原駐在所,132284,東京都,あきる野市,小峰台,2020-09-18,20,駐車（輪）場,駐車（輪）場,その他
窃盗,部品ねらい,五日市,平井駐在所,133051,東京都,日の出町,大字平井,2020-08-08,10,駐車（輪）場,駐車（輪）場,その他
窃盗,部品ねらい,五日市,本宿駐在所,133051,東京都,日の出町,大字平井,2020-11-01,19,駐車（輪）場,駐車（輪）場,その他
窃盗,部品ねらい,福生,福生駅前交番,132187,東京都,福生市,本町,2020-08-15,13,４階建て以上共同住宅,駐車（輪）場,その他
窃盗,部品ねらい,福生,福生駅前交番,132187,東京都,福生市,東町,2019-12-29,19,その他,駐車（輪）場,ナンバープレート
窃盗,部品ねらい,福生,内出交番,132187,東京都,福生市,大字熊川,2020-05-04,05,一戸建住宅,駐車（輪）場,ナンバープレート
窃盗,部品ねらい,福生,内出交番,132187,東京都,福生市,大字熊川,2020-05-19,18,その他の住宅（３階建て以下共同住宅等）,駐車（輪）場,その他
窃盗,部品ねらい,福生,下福生駐在所,132187,東京都,福生市,大字熊川,2020-10-30,13,その他,駐車（輪）場,その他
窃盗,部品ねらい,福生,武蔵野駐在所,133035,東京都,瑞穂町,むさし野１丁目,2020-06-06,15,４階建て以上共同住宅,駐車（輪）場,その他
窃盗,部品ねらい,福生,武蔵野駐在所,133035,東京都,瑞穂町,むさし野１丁目,2020-10-11,08,４階建て以上共同住宅,駐車（輪）場,その他
窃盗,部品ねらい,福生,武蔵野駐在所,133035,東京都,瑞穂町,むさし野１丁目,2020-10-15,18,４階建て以上共同住宅,駐車（輪）場,その他
窃盗,部品ねらい,福生,武蔵野駐在所,133035,東京都,瑞穂町,むさし野２丁目,2020-04-18,13,その他,駐車（輪）場,ナンバープレート
窃盗,部品ねらい,福生,神明台交番,132276,東京都,羽村市,神明台４丁目,2020-04-24,16,その他,駐車（輪）場,その他
窃盗,部品ねらい,福生,神明台交番,132276,東京都,羽村市,神明台４丁目,2020-09-19,12,駐車（輪）場,駐車（輪）場,ナンバープレート
窃盗,部品ねらい,福生,神明台交番,132276,東京都,羽村市,神明台４丁目,2020-10-02,23,駐車（輪）場,駐車（輪）場,ナンバープレート
窃盗,部品ねらい,福生,神明台交番,132276,東京都,羽村市,神明台４丁目,2020-12-08,07,その他,駐車（輪）場,その他
窃盗,部品ねらい,福生,羽村駅前交番,132276,東京都,羽村市,五ノ神４丁目,2020-07-16,22,駐車（輪）場,駐車（輪）場,ナンバープレート
窃盗,部品ねらい,福生,羽村駅前交番,132276,東京都,羽村市,五ノ神４丁目,2020-08-04,12,駐車（輪）場,駐車（輪）場,その他
窃盗,部品ねらい,福生,野辺駐在所,132284,東京都,あきる野市,野辺,2020-10-02,18,その他の住宅（３階建て以下共同住宅等）,その他,その他
窃盗,部品ねらい,福生,二宮駐在所,132284,東京都,あきる野市,野辺,2020-08-28,17,駐車（輪）場,駐車（輪）場,ナンバープレート
窃盗,部品ねらい,福生,草花駐在所,132284,東京都,あきる野市,草花,2019-12-20,23,その他,駐車（輪）場,その他
窃盗,部品ねらい,福生,渕上駐在所,132284,東京都,あきる野市,引田,2020-09-10,05,駐車（輪）場,駐車（輪）場,ナンバープレート
窃盗,部品ねらい,福生,小作駅前交番,132276,東京都,羽村市,小作台１丁目,2020-07-01,23,その他,その他,ナンバープレート
窃盗,部品ねらい,福生,小作駅前交番,132276,東京都,羽村市,小作台１丁目,2020-10-01,16,４階建て以上共同住宅,その他,その他
窃盗,部品ねらい,福生,小作駅前交番,132276,東京都,羽村市,小作台２丁目,2020-03-28,08,駐車（輪）場,駐車（輪）場,ナンバープレート
窃盗,部品ねらい,福生,小作駅前交番,132276,東京都,羽村市,小作台２丁目,2020-10-30,11,駐車（輪）場,駐車（輪）場,ナンバープレート
窃盗,部品ねらい,福生,小作駅前交番,132276,東京都,羽村市,小作台３丁目,2020-06-12,07,駐車（輪）場,駐車（輪）場,その他
窃盗,部品ねらい,福生,五ノ神駐在所,132276,東京都,羽村市,富士見平２丁目,2020-05-01,17,４階建て以上共同住宅,駐車（輪）場,ナンバープレート
窃盗,部品ねらい,福生,五ノ神駐在所,132276,東京都,羽村市,富士見平２丁目,2020-05-05,18,駐車（輪）場,駐車（輪）場,ナンバープレート
窃盗,部品ねらい,福生,五ノ神駐在所,132276,東京都,羽村市,小作台２丁目,2020-05-21,17,４階建て以上共同住宅,駐車（輪）場,ナンバープレート
窃盗,部品ねらい,福生,秋川駅前交番,132284,東京都,あきる野市,油平,2020-02-04,17,駐車（輪）場,駐車（輪）場,ナンバープレート
窃盗,部品ねらい,福生,小川駐在所,132284,東京都,あきる野市,小川東１丁目,2020-11-25,18,その他,駐車（輪）場,その他
窃盗,部品ねらい,福生,箱根ヶ崎駅前交番,133035,東京都,瑞穂町,大字箱根ケ崎,2020-04-26,19,その他の住宅（３階建て以下共同住宅等）,駐車（輪）場,その他
窃盗,部品ねらい,福生,箱根ヶ崎駅前交番,133035,東京都,瑞穂町,箱根ケ崎東松原,2020-10-13,10,その他,駐車（輪）場,その他
窃盗,部品ねらい,福生,箱根ヶ崎駅前交番,133035,東京都,瑞穂町,南平２丁目,2020-05-30,22,その他の住宅（３階建て以下共同住宅等）,駐車（輪）場,その他
窃盗,部品ねらい,八王子,中野交番,132012,東京都,八王子市,中野上町３丁目,2020-04-22,18,その他,駐車（輪）場,ナンバープレート
窃盗,部品ねらい,八王子,八王子駅北口交番,132012,東京都,八王子市,中町,2020-10-04,20,その他,駐車（輪）場,その他
窃盗,部品ねらい,八王子,八王子駅北口交番,132012,東京都,八王子市,明神町３丁目,2020-09-24,19,駐車（輪）場,駐車（輪）場,ナンバープレート
窃盗,部品ねらい,八王子,大和田交番,132012,東京都,八王子市,大和田町１丁目,2020-04-04,13,４階建て以上共同住宅,駐車（輪）場,その他
窃盗,部品ねらい,八王子,稲荷坂交番,132012,東京都,八王子市,中野山王２丁目,2020-06-18,07,駐車（輪）場,駐車（輪）場,ナンバープレート
窃盗,部品ねらい,八王子,稲荷坂交番,132012,東京都,八王子市,中野山王２丁目,2020-11-29,19,駐車（輪）場,駐車（輪）場,ナンバープレート
窃盗,部品ねらい,八王子,稲荷坂交番,132012,東京都,八王子市,中野山王３丁目,2020-07-07,12,４階建て以上共同住宅,駐車（輪）場,その他
窃盗,部品ねらい,八王子,小宮町駐在所,132012,東京都,八王子市,小宮町,2020-06-26,18,駐車（輪）場,駐車（輪）場,ナンバープレート
窃盗,部品ねらい,八王子,石川駐在所,132012,東京都,八王子市,大谷町,2020-10-16,23,その他の住宅（３階建て以下共同住宅等）,駐車（輪）場,タイヤ・ホイール
窃盗,部品ねらい,八王子,犬目交番,132012,東京都,八王子市,犬目町,2020-02-14,20,その他の住宅（３階建て以下共同住宅等）,駐車（輪）場,ナンバープレート
窃盗,部品ねらい,八王子,犬目交番,132012,東京都,八王子市,楢原町,2020-12-01,11,その他の住宅（３階建て以下共同住宅等）,駐車（輪）場,その他
窃盗,部品ねらい,八王子,北八王子交番,132012,東京都,八王子市,石川町,2020-01-04,18,駐車（輪）場,駐車（輪）場,タイヤ・ホイール
窃盗,部品ねらい,八王子,北八王子交番,132012,東京都,八王子市,石川町,2020-06-22,19,その他,駐車（輪）場,ナンバープレート
窃盗,部品ねらい,八王子,北八王子交番,132012,東京都,八王子市,大谷町,2019-10-31,11,４階建て以上共同住宅,駐車（輪）場,ナンバープレート
窃盗,部品ねらい,八王子,北八王子交番,132012,東京都,八王子市,高倉町,2020-03-21,18,４階建て以上共同住宅,駐車（輪）場,ナンバープレート
窃盗,部品ねらい,町田,町田駅前交番,132098,東京都,町田市,森野１丁目,2020-01-25,15,４階建て以上共同住宅,駐車（輪）場,その他
窃盗,部品ねらい,町田,町田駅前交番,132098,東京都,町田市,森野１丁目,2020-07-02,06,駐車（輪）場,駐車（輪）場,その他
窃盗,部品ねらい,町田,町田駅前交番,132098,東京都,町田市,森野１丁目,2020-10-03,07,駐車（輪）場,駐車（輪）場,その他
窃盗,部品ねらい,町田,町田駅前交番,132098,東京都,町田市,森野２丁目,2020-05-01,17,４階建て以上共同住宅,駐車（輪）場,ナンバープレート
窃盗,部品ねらい,町田,町田駅前交番,132098,東京都,町田市,森野２丁目,2020-05-04,15,４階建て以上共同住宅,駐車（輪）場,ナンバープレート
窃盗,部品ねらい,町田,町田駅前交番,132098,東京都,町田市,山崎町,2020-10-28,17,４階建て以上共同住宅,駐車（輪）場,その他
窃盗,部品ねらい,町田,中町交番,132098,東京都,町田市,旭町３丁目,2020-10-22,23,その他の住宅（３階建て以下共同住宅等）,駐車（輪）場,その他
窃盗,部品ねらい,町田,中町交番,132098,東京都,町田市,中町１丁目,2020-10-15,11,４階建て以上共同住宅,駐車（輪）場,その他
窃盗,部品ねらい,町田,中町交番,132098,東京都,町田市,森野４丁目,2020-05-22,23,４階建て以上共同住宅,駐車（輪）場,ナンバープレート
窃盗,部品ねらい,町田,中町交番,132098,東京都,町田市,森野５丁目,2019-05-20,00,その他の住宅（３階建て以下共同住宅等）,その他,その他
窃盗,部品ねらい,町田,原町田交番,132098,東京都,町田市,原町田２丁目,2020-11-21,14,４階建て以上共同住宅,駐車（輪）場,ナンバープレート
窃盗,部品ねらい,町田,原町田交番,132098,東京都,町田市,原町田３丁目,2020-07-18,19,道路上,その他,その他
窃盗,部品ねらい,町田,金森交番,132098,東京都,町田市,金森３丁目,2020-07-12,12,その他の住宅（３階建て以下共同住宅等）,その他,その他
窃盗,部品ねらい,町田,鶴間交番,132098,東京都,町田市,小川５丁目,2020-08-08,20,４階建て以上共同住宅,駐車（輪）場,ナンバープレート
窃盗,部品ねらい,町田,鶴間交番,132098,東京都,町田市,金森４丁目,2020-01-05,18,４階建て以上共同住宅,駐車（輪）場,ナンバープレート
窃盗,部品ねらい,町田,鶴間交番,132098,東京都,町田市,金森４丁目,2020-07-07,09,駐車（輪）場,駐車（輪）場,ナンバープレート
窃盗,部品ねらい,町田,鶴間交番,132098,東京都,町田市,金森４丁目,2020-10-11,15,駐車（輪）場,駐車（輪）場,ナンバープレート
窃盗,部品ねらい,町田,鶴間交番,132098,東京都,町田市,鶴間５丁目,2020-01-22,17,駐車（輪）場,駐車（輪）場,ナンバープレート
窃盗,部品ねらい,町田,鶴間交番,132098,東京都,町田市,南町田１丁目,2020-10-13,18,その他の住宅（３階建て以下共同住宅等）,駐車（輪）場,ナンバープレート
窃盗,部品ねらい,町田,鶴間交番,132098,東京都,町田市,南町田３丁目,2020-11-24,09,その他,その他,その他
窃盗,部品ねらい,町田,成瀬駐在所,132098,東京都,町田市,成瀬６丁目,2020-11-21,16,その他,駐車（輪）場,ナンバープレート
窃盗,部品ねらい,町田,南大谷駐在所,132098,東京都,町田市,南大谷,2020-05-28,18,４階建て以上共同住宅,駐車（輪）場,タイヤ・ホイール
窃盗,部品ねらい,町田,南大谷駐在所,132098,東京都,町田市,南大谷,2020-07-05,08,駐車（輪）場,駐車（輪）場,その他
窃盗,部品ねらい,町田,南大谷駐在所,132098,東京都,町田市,南大谷,2020-07-26,12,一戸建住宅,その他,その他
窃盗,部品ねらい,町田,南大谷駐在所,132098,東京都,町田市,南大谷,2020-09-21,16,４階建て以上共同住宅,駐車（輪）場,その他
窃盗,部品ねらい,町田,本町田交番,132098,東京都,町田市,旭町２丁目,2020-11-08,16,その他,駐車（輪）場,その他
窃盗,部品ねらい,町田,本町田交番,132098,東京都,町田市,本町田,2020-02-21,12,４階建て以上共同住宅,駐車（輪）場,ナンバープレート
窃盗,部品ねらい,町田,本町田交番,132098,東京都,町田市,本町田,2020-06-06,18,４階建て以上共同住宅,駐車（輪）場,ナンバープレート
窃盗,部品ねらい,町田,本町田交番,132098,東京都,町田市,本町田,2020-09-04,15,４階建て以上共同住宅,駐車（輪）場,ナンバープレート
窃盗,部品ねらい,町田,鶴川駅前交番,132098,東京都,町田市,能ヶ谷１丁目,2020-01-14,07,駐車（輪）場,駐車（輪）場,その他
窃盗,部品ねらい,町田,鶴川駅前交番,132098,東京都,町田市,能ヶ谷２丁目,2020-09-21,20,４階建て以上共同住宅,駐車（輪）場,その他
窃盗,部品ねらい,町田,小野路駐在所,132098,東京都,町田市,小野路町,2020-03-10,01,４階建て以上共同住宅,駐車（輪）場,ナンバープレート
窃盗,部品ねらい,町田,図師駐在所,132098,東京都,町田市,図師町,2019-12-10,17,駐車（輪）場,駐車（輪）場,ナンバープレート
窃盗,部品ねらい,町田,図師駐在所,132098,東京都,町田市,図師町,2020-03-07,22,その他の住宅（３階建て以下共同住宅等）,駐車（輪）場,ナンバープレート
窃盗,部品ねらい,町田,図師駐在所,132098,東京都,町田市,図師町,2020-10-20,18,一戸建住宅,駐車（輪）場,ナンバープレート
窃盗,部品ねらい,町田,木曽交番,132098,東京都,町田市,旭町１丁目,2020-07-13,08,駐車（輪）場,駐車（輪）場,その他
窃盗,部品ねらい,町田,木曽交番,132098,東京都,町田市,木曽東１丁目,2020-02-14,17,４階建て以上共同住宅,駐車（輪）場,その他
窃盗,部品ねらい,町田,木曽交番,132098,東京都,町田市,木曽東１丁目,2020-03-01,18,４階建て以上共同住宅,駐車（輪）場,ナンバープレート
窃盗,部品ねらい,町田,木曽交番,132098,東京都,町田市,木曽東１丁目,2020-08-16,21,４階建て以上共同住宅,駐車（輪）場,その他
窃盗,部品ねらい,町田,木曽交番,132098,東京都,町田市,木曽東１丁目,2020-08-29,18,４階建て以上共同住宅,駐車（輪）場,その他
窃盗,部品ねらい,町田,木曽交番,132098,東京都,町田市,木曽東３丁目,2020-05-16,19,駐車（輪）場,駐車（輪）場,タイヤ・ホイール
窃盗,部品ねらい,町田,木曽交番,132098,東京都,町田市,木曽東４丁目,2020-01-10,21,４階建て以上共同住宅,駐車（輪）場,その他
窃盗,部品ねらい,町田,常盤駐在所,132098,東京都,町田市,常盤町,2020-12-25,20,駐車（輪）場,駐車（輪）場,その他
窃盗,部品ねらい,町田,小山田駐在所,132098,東京都,町田市,下小山田町,2020-10-24,18,４階建て以上共同住宅,駐車（輪）場,その他
窃盗,部品ねらい,町田,小山田駐在所,132098,東京都,町田市,小山田桜台１丁目,2020-04-23,21,４階建て以上共同住宅,その他,ナンバープレート
窃盗,部品ねらい,町田,小山田駐在所,132098,東京都,町田市,小山田桜台１丁目,2020-06-04,12,４階建て以上共同住宅,駐車（輪）場,ナンバープレート
窃盗,部品ねらい,町田,小山田駐在所,132098,東京都,町田市,小山田桜台１丁目,2020-08-05,23,４階建て以上共同住宅,駐車（輪）場,タイヤ・ホイール
窃盗,部品ねらい,町田,小山田駐在所,132098,東京都,町田市,小山田桜台１丁目,2020-10-23,22,その他の住宅（３階建て以下共同住宅等）,駐車（輪）場,タイヤ・ホイール
窃盗,部品ねらい,町田,小山田駐在所,132098,東京都,町田市,小山田桜台２丁目,2020-05-04,11,４階建て以上共同住宅,駐車（輪）場,その他
窃盗,部品ねらい,町田,小山田駐在所,132098,東京都,町田市,小山田桜台２丁目,2020-07-24,19,その他の住宅（３階建て以下共同住宅等）,その他,ナンバープレート
窃盗,部品ねらい,町田,小山田駐在所,132098,東京都,町田市,小山田桜台２丁目,2020-09-08,20,４階建て以上共同住宅,駐車（輪）場,その他
窃盗,部品ねらい,町田,小山田駐在所,132098,東京都,町田市,小山田桜台２丁目,2020-09-15,20,４階建て以上共同住宅,駐車（輪）場,その他
窃盗,部品ねらい,町田,小山田駐在所,132098,東京都,町田市,小山田桜台２丁目,2020-10-03,09,駐車（輪）場,駐車（輪）場,その他
窃盗,部品ねらい,町田,小山田駐在所,132098,東京都,町田市,小山田桜台２丁目,2020-10-16,06,４階建て以上共同住宅,駐車（輪）場,その他
窃盗,部品ねらい,町田,小山田駐在所,132098,東京都,町田市,小山田桜台２丁目,2020-10-27,19,４階建て以上共同住宅,駐車（輪）場,その他
窃盗,部品ねらい,町田,小山田駐在所,132098,東京都,町田市,小山田桜台２丁目,2020-11-16,14,４階建て以上共同住宅,駐車（輪）場,その他
窃盗,部品ねらい,町田,つくし野駅前交番,132098,東京都,町田市,南つくし野４丁目,2020-12-19,17,駐車（輪）場,駐車（輪）場,タイヤ・ホイール
窃盗,部品ねらい,町田,山崎交番,132098,東京都,町田市,山崎町,2017-11-13,16,４階建て以上共同住宅,駐車（輪）場,ナンバープレート
窃盗,部品ねらい,町田,山崎交番,132098,東京都,町田市,山崎町,2020-02-05,05,４階建て以上共同住宅,駐車（輪）場,その他
窃盗,部品ねらい,町田,山崎交番,132098,東京都,町田市,山崎町,2020-05-15,17,４階建て以上共同住宅,駐車（輪）場,ナンバープレート
窃盗,部品ねらい,町田,山崎交番,132098,東京都,町田市,山崎町,2020-07-24,20,４階建て以上共同住宅,駐車（輪）場,その他
窃盗,部品ねらい,町田,山崎交番,132098,東京都,町田市,山崎町,2020-10-16,14,４階建て以上共同住宅,駐車（輪）場,その他
窃盗,部品ねらい,町田,山崎交番,132098,東京都,町田市,山崎町,2020-11-02,19,その他の住宅（３階建て以下共同住宅等）,駐車（輪）場,なし
窃盗,部品ねらい,町田,藤の台団地交番,132098,東京都,町田市,藤の台２丁目,2020-09-08,17,４階建て以上共同住宅,駐車（輪）場,タイヤ・ホイール
窃盗,部品ねらい,町田,藤の台団地交番,132098,東京都,町田市,藤の台２丁目,2020-12-08,10,４階建て以上共同住宅,駐車（輪）場,その他
窃盗,部品ねらい,町田,藤の台団地交番,132098,東京都,町田市,金井町,2020-04-02,11,４階建て以上共同住宅,駐車（輪）場,タイヤ・ホイール
窃盗,部品ねらい,町田,藤の台団地交番,132098,東京都,町田市,本町田,2019-11-25,12,４階建て以上共同住宅,駐車（輪）場,ナンバープレート
窃盗,部品ねらい,町田,藤の台団地交番,132098,東京都,町田市,金井２丁目,2020-09-18,20,駐車（輪）場,駐車（輪）場,その他
窃盗,部品ねらい,町田,藤の台団地交番,132098,東京都,町田市,金井６丁目,2020-04-03,11,その他の住宅（３階建て以下共同住宅等）,駐車（輪）場,ナンバープレート
窃盗,部品ねらい,町田,成瀬駅前交番,132098,東京都,町田市,南成瀬５丁目,2020-11-19,16,その他,駐車（輪）場,ナンバープレート
窃盗,部品ねらい,町田,忠生駐在所,132098,東京都,町田市,忠生４丁目,2020-03-01,13,４階建て以上共同住宅,駐車（輪）場,その他
窃盗,部品ねらい,町田,三輪駐在所,132098,東京都,町田市,三輪町,2020-04-30,16,その他の住宅（３階建て以下共同住宅等）,その他,その他
窃盗,部品ねらい,町田,高ヶ坂駐在所,132098,東京都,町田市,高ヶ坂３丁目,2019-10-10,20,４階建て以上共同住宅,駐車（輪）場,ナンバープレート
窃盗,部品ねらい,町田,高ヶ坂駐在所,132098,東京都,町田市,高ヶ坂７丁目,2019-04-01,05,４階建て以上共同住宅,駐車（輪）場,ナンバープレート
窃盗,部品ねらい,町田,忠生地区交番,132098,東京都,町田市,忠生１丁目,2020-09-01,00,その他,駐車（輪）場,その他
窃盗,部品ねらい,町田,忠生地区交番,132098,東京都,町田市,忠生１丁目,2020-10-06,20,その他の住宅（３階建て以下共同住宅等）,駐車（輪）場,その他
窃盗,部品ねらい,町田,忠生地区交番,132098,東京都,町田市,忠生１丁目,2020-10-14,20,４階建て以上共同住宅,駐車（輪）場,その他
窃盗,部品ねらい,町田,忠生地区交番,132098,東京都,町田市,忠生２丁目,2020-03-18,07,４階建て以上共同住宅,駐車（輪）場,ナンバープレート
窃盗,部品ねらい,町田,忠生地区交番,132098,東京都,町田市,忠生２丁目,2020-04-17,18,４階建て以上共同住宅,駐車（輪）場,その他
窃盗,部品ねらい,町田,忠生地区交番,132098,東京都,町田市,忠生２丁目,2020-10-30,06,その他,駐車（輪）場,その他
窃盗,部品ねらい,町田,忠生地区交番,132098,東京都,町田市,山崎町,2020-01-01,00,４階建て以上共同住宅,駐車（輪）場,ナンバープレート
窃盗,部品ねらい,町田,忠生地区交番,132098,東京都,町田市,山崎町,2020-04-24,17,４階建て以上共同住宅,駐車（輪）場,ナンバープレート
窃盗,部品ねらい,町田,忠生地区交番,132098,東京都,町田市,山崎町,2020-04-25,21,４階建て以上共同住宅,駐車（輪）場,ナンバープレート
窃盗,部品ねらい,町田,忠生地区交番,132098,東京都,町田市,山崎町,2020-04-28,15,４階建て以上共同住宅,駐車（輪）場,ナンバープレート
窃盗,部品ねらい,町田,忠生地区交番,132098,東京都,町田市,山崎町,2020-06-01,04,４階建て以上共同住宅,駐車（輪）場,ナンバープレート
窃盗,部品ねらい,町田,忠生地区交番,132098,東京都,町田市,木曽東２丁目,2020-11-15,15,４階建て以上共同住宅,駐車（輪）場,ナンバープレート
窃盗,部品ねらい,町田,忠生地区交番,132098,東京都,町田市,木曽東２丁目,2020-12-16,14,４階建て以上共同住宅,駐車（輪）場,ナンバープレート
窃盗,部品ねらい,日野,日野駅前交番,132128,東京都,日野市,大坂上３丁目,2020-05-25,18,道路上,その他,ナンバープレート
窃盗,部品ねらい,日野,多摩平交番,132128,東京都,日野市,富士町,2019-10-15,00,４階建て以上共同住宅,駐車（輪）場,その他
窃盗,部品ねらい,日野,宮駐在所,132128,東京都,日野市,万願寺５丁目,2020-08-27,19,４階建て以上共同住宅,駐車（輪）場,ナンバープレート
窃盗,部品ねらい,日野,平山交番,132128,東京都,日野市,南平５丁目,2020-03-28,07,その他,駐車（輪）場,その他
窃盗,部品ねらい,日野,高幡不動駅南口交番,132128,東京都,日野市,大字新井,2020-03-18,17,４階建て以上共同住宅,駐車（輪）場,ナンバープレート
窃盗,部品ねらい,日野,高幡不動駅南口交番,132128,東京都,日野市,大字新井,2020-09-05,15,駐車（輪）場,駐車（輪）場,タイヤ・ホイール
窃盗,部品ねらい,日野,高幡不動駅南口交番,132128,東京都,日野市,西平山２丁目,2020-07-31,11,駐車（輪）場,駐車（輪）場,ナンバープレート
窃盗,部品ねらい,日野,百草園交番,132128,東京都,日野市,百草,2020-10-27,06,駐車（輪）場,駐車（輪）場,その他
窃盗,部品ねらい,日野,滝合橋駐在所,132128,東京都,日野市,西平山３丁目,2020-09-03,16,道路上,その他,ナンバープレート
窃盗,部品ねらい,日野,多摩動物公園前交番,132128,東京都,日野市,程久保８丁目,2020-03-30,08,駐車（輪）場,駐車（輪）場,ナンバープレート
窃盗,部品ねらい,日野,旭が丘駐在所,132128,東京都,日野市,旭が丘４丁目,2020-11-04,23,駐車（輪）場,駐車（輪）場,その他
窃盗,部品ねらい,昭島,昭島駅前交番,132071,東京都,昭島市,上川原町２丁目,2020-11-24,01,その他の住宅（３階建て以下共同住宅等）,駐車（輪）場,ナンバープレート
窃盗,部品ねらい,昭島,昭島駅前交番,132071,東京都,昭島市,松原町１丁目,2020-11-27,13,その他,駐車（輪）場,その他
窃盗,部品ねらい,昭島,福島交番,132071,東京都,昭島市,福島町１丁目,2020-10-31,18,その他の住宅（３階建て以下共同住宅等）,駐車（輪）場,ナンバープレート
窃盗,部品ねらい,昭島,中神駐在所,132071,東京都,昭島市,中神町,2020-05-01,11,４階建て以上共同住宅,駐車（輪）場,タイヤ・ホイール
窃盗,部品ねらい,昭島,多摩大橋交番,132071,東京都,昭島市,郷地町３丁目,2020-06-21,18,駐車（輪）場,駐車（輪）場,ナンバープレート
窃盗,部品ねらい,昭島,多摩大橋交番,132071,東京都,昭島市,中神町１丁目,2020-09-09,12,その他の住宅（３階建て以下共同住宅等）,駐車（輪）場,ナンバープレート
窃盗,部品ねらい,昭島,多摩大橋交番,132071,東京都,昭島市,中神町２丁目,2019-12-28,18,駐車（輪）場,駐車（輪）場,ナンバープレート
窃盗,部品ねらい,昭島,多摩大橋交番,132071,東京都,昭島市,中神町２丁目,2019-12-31,14,駐車（輪）場,駐車（輪）場,ナンバープレート
窃盗,部品ねらい,昭島,多摩大橋交番,132071,東京都,昭島市,中神町２丁目,2020-03-20,15,その他の住宅（３階建て以下共同住宅等）,その他,その他
窃盗,部品ねらい,昭島,多摩大橋交番,132071,東京都,昭島市,福島町２丁目,2020-06-21,18,駐車（輪）場,駐車（輪）場,ナンバープレート
窃盗,部品ねらい,昭島,多摩大橋交番,132071,東京都,昭島市,福島町２丁目,2020-06-22,17,その他,駐車（輪）場,ナンバープレート
窃盗,部品ねらい,昭島,多摩大橋交番,132071,東京都,昭島市,松原町３丁目,2020-06-26,13,駐車（輪）場,駐車（輪）場,ナンバープレート
窃盗,部品ねらい,昭島,大神駐在所,132071,東京都,昭島市,田中町３丁目,2020-02-20,06,４階建て以上共同住宅,駐車（輪）場,ナンバープレート
窃盗,部品ねらい,昭島,大神駐在所,132071,東京都,昭島市,田中町４丁目,2020-12-15,18,その他,駐車（輪）場,その他
窃盗,部品ねらい,昭島,小荷田交番,132071,東京都,昭島市,拝島町３丁目,2020-02-11,19,４階建て以上共同住宅,駐車（輪）場,その他
窃盗,部品ねらい,昭島,小荷田交番,132071,東京都,昭島市,拝島町３丁目,2020-04-28,10,４階建て以上共同住宅,駐車（輪）場,ナンバープレート
窃盗,部品ねらい,昭島,小荷田交番,132071,東京都,昭島市,拝島町３丁目,2020-05-02,18,４階建て以上共同住宅,その他,その他
窃盗,部品ねらい,昭島,小荷田交番,132071,東京都,昭島市,拝島町３丁目,2020-06-30,14,駐車（輪）場,駐車（輪）場,カーナビ
窃盗,部品ねらい,昭島,つつじが丘駐在所,132071,東京都,昭島市,つつじが丘１丁目,2020-04-22,21,その他,駐車（輪）場,その他
窃盗,部品ねらい,立川,国立駅前交番,132152,東京都,国立市,北１丁目,2020-10-24,21,道路上,その他,ナンバープレート
窃盗,部品ねらい,立川,羽衣町交番,132021,東京都,立川市,羽衣町２丁目,2020-02-24,23,その他の住宅（３階建て以下共同住宅等）,その他,その他
窃盗,部品ねらい,立川,羽衣町交番,132021,東京都,立川市,羽衣町２丁目,2020-02-26,20,道路上,その他,その他
窃盗,部品ねらい,立川,羽衣町交番,132021,東京都,立川市,羽衣町２丁目,2020-02-27,21,その他の住宅（３階建て以下共同住宅等）,駐車（輪）場,その他
窃盗,部品ねらい,立川,羽衣町交番,132021,東京都,立川市,羽衣町２丁目,2020-02-27,21,道路上,その他,その他
窃盗,部品ねらい,立川,羽衣町交番,132021,東京都,立川市,羽衣町２丁目,2020-02-28,05,道路上,その他,その他
窃盗,部品ねらい,立川,羽衣町交番,132152,東京都,国立市,富士見台４丁目,2020-03-23,20,４階建て以上共同住宅,駐車（輪）場,その他
窃盗,部品ねらい,立川,錦町交番,132021,東京都,立川市,錦町２丁目,2020-02-11,00,４階建て以上共同住宅,その他,ナンバープレート
窃盗,部品ねらい,立川,錦町交番,132021,東京都,立川市,錦町２丁目,2020-07-13,12,４階建て以上共同住宅,駐車（輪）場,タイヤ・ホイール
窃盗,部品ねらい,立川,立日橋交番,132021,東京都,立川市,柴崎町５丁目,2020-06-19,17,駐車（輪）場,駐車（輪）場,ナンバープレート
窃盗,部品ねらい,立川,立川駅南口交番,132021,東京都,立川市,柴崎町３丁目,2020-02-22,13,駐車（輪）場,駐車（輪）場,その他
窃盗,部品ねらい,立川,立川駅北口交番,132021,東京都,立川市,曙町２丁目,2020-01-13,09,その他,駐車（輪）場,その他
窃盗,部品ねらい,立川,立川駅北口交番,132021,東京都,立川市,曙町３丁目,2020-09-13,11,駐車（輪）場,駐車（輪）場,ナンバープレート
窃盗,部品ねらい,立川,立川駅北口交番,132021,東京都,立川市,曙町３丁目,2020-09-17,20,駐車（輪）場,駐車（輪）場,ナンバープレート
窃盗,部品ねらい,立川,立川駅北口交番,132021,東京都,立川市,高松町３丁目,2020-09-21,15,駐車（輪）場,駐車（輪）場,その他
窃盗,部品ねらい,立川,立川駅北口交番,132021,東京都,立川市,緑町,2020-10-08,08,その他,駐車（輪）場,その他
窃盗,部品ねらい,立川,高松町交番,132021,東京都,立川市,高松町２丁目,2020-11-07,20,４階建て以上共同住宅,駐車（輪）場,ナンバープレート
窃盗,部品ねらい,立川,富士見町交番,132152,東京都,国立市,矢川３丁目,2020-06-21,17,一戸建住宅,駐車（輪）場,ナンバープレート
窃盗,部品ねらい,立川,天王橋交番,132021,東京都,立川市,上砂町１丁目,2020-10-04,13,４階建て以上共同住宅,駐車（輪）場,その他
窃盗,部品ねらい,立川,天王橋交番,132021,東京都,立川市,上砂町５丁目,2020-05-21,18,４階建て以上共同住宅,その他,その他
窃盗,部品ねらい,立川,天王橋交番,132021,東京都,立川市,一番町４丁目,2020-05-06,12,４階建て以上共同住宅,駐車（輪）場,その他
窃盗,部品ねらい,立川,天王橋交番,132021,東京都,立川市,一番町４丁目,2020-11-06,12,その他,駐車（輪）場,タイヤ・ホイール
窃盗,部品ねらい,立川,砂川四番交番,132021,東京都,立川市,砂川町６丁目,2020-07-19,21,その他の住宅（３階建て以下共同住宅等）,駐車（輪）場,その他
窃盗,部品ねらい,立川,砂川八番交番,132021,東京都,立川市,幸町２丁目,2020-09-05,18,４階建て以上共同住宅,駐車（輪）場,ナンバープレート
窃盗,部品ねらい,立川,砂川八番交番,132021,東京都,立川市,若葉町４丁目,2020-09-12,00,４階建て以上共同住宅,駐車（輪）場,その他
窃盗,部品ねらい,立川,富士見台交番,132152,東京都,国立市,富士見台２丁目,2020-07-23,00,４階建て以上共同住宅,駐車（輪）場,その他
窃盗,部品ねらい,立川,富士見台交番,132152,東京都,国立市,富士見台２丁目,2020-09-09,08,駐車（輪）場,駐車（輪）場,その他
窃盗,部品ねらい,立川,富士見台交番,132152,東京都,国立市,富士見台２丁目,2020-11-19,17,その他,駐車（輪）場,その他
窃盗,部品ねらい,立川,若葉町駐在所,132021,東京都,立川市,若葉町１丁目,2020-11-20,00,４階建て以上共同住宅,駐車（輪）場,ナンバープレート
窃盗,部品ねらい,立川,若葉町駐在所,132021,東京都,立川市,若葉町４丁目,2020-10-25,12,４階建て以上共同住宅,駐車（輪）場,その他
窃盗,部品ねらい,府中,南町交番,132063,東京都,府中市,南町４丁目,2020-05-14,09,４階建て以上共同住宅,駐車（輪）場,その他
窃盗,部品ねらい,府中,東府中駅前交番,132063,東京都,府中市,若松町１丁目,2020-03-11,10,その他,その他,ナンバープレート
窃盗,部品ねらい,府中,東府中駅前交番,132063,東京都,府中市,若松町１丁目,2020-11-11,22,その他の住宅（３階建て以下共同住宅等）,駐車（輪）場,その他
窃盗,部品ねらい,府中,東府中駅前交番,132063,東京都,府中市,若松町２丁目,2020-08-01,17,４階建て以上共同住宅,駐車（輪）場,その他
窃盗,部品ねらい,府中,東府中駅前交番,132063,東京都,府中市,若松町３丁目,2020-05-16,12,その他の住宅（３階建て以下共同住宅等）,駐車（輪）場,ナンバープレート
窃盗,部品ねらい,府中,東府中駅前交番,132063,東京都,府中市,若松町３丁目,2020-08-21,19,その他の住宅（３階建て以下共同住宅等）,その他,その他
窃盗,部品ねらい,府中,東府中駅前交番,132063,東京都,府中市,若松町３丁目,2020-09-06,20,４階建て以上共同住宅,駐車（輪）場,その他
窃盗,部品ねらい,府中,東府中駅前交番,132063,東京都,府中市,若松町３丁目,2020-09-14,16,４階建て以上共同住宅,駐車（輪）場,その他
窃盗,部品ねらい,府中,美好町交番,132063,東京都,府中市,片町２丁目,2020-02-27,15,道路上,その他,ナンバープレート
窃盗,部品ねらい,府中,西原町交番,132063,東京都,府中市,西府町３丁目,2020-05-18,18,その他,駐車（輪）場,タイヤ・ホイール
窃盗,部品ねらい,府中,是政交番,132063,東京都,府中市,四谷４丁目,2020-07-01,19,一戸建住宅,駐車（輪）場,ナンバープレート
窃盗,部品ねらい,府中,第五中学校前交番,132063,東京都,府中市,浅間町２丁目,2020-10-18,00,一戸建住宅,その他,ナンバープレート
窃盗,部品ねらい,府中,第五中学校前交番,132063,東京都,府中市,天神町１丁目,2020-10-13,21,４階建て以上共同住宅,駐車（輪）場,その他
窃盗,部品ねらい,府中,白糸台交番,132063,東京都,府中市,白糸台２丁目,2020-09-16,18,その他の住宅（３階建て以下共同住宅等）,駐車（輪）場,ナンバープレート
窃盗,部品ねらい,府中,白糸台交番,132063,東京都,府中市,白糸台６丁目,2020-08-25,11,駐車（輪）場,駐車（輪）場,ナンバープレート
窃盗,部品ねらい,府中,大国魂交番,132063,東京都,府中市,八幡町１丁目,2020-08-28,19,４階建て以上共同住宅,駐車（輪）場,その他
窃盗,部品ねらい,府中,大国魂交番,132063,東京都,府中市,八幡町３丁目,2020-07-28,17,駐車（輪）場,駐車（輪）場,ナンバープレート
窃盗,部品ねらい,府中,大国魂交番,132063,東京都,府中市,宮西町２丁目,2020-07-03,21,４階建て以上共同住宅,駐車（輪）場,ナンバープレート
窃盗,部品ねらい,府中,車返団地駐在所,132063,東京都,府中市,押立町１丁目,2020-05-17,12,４階建て以上共同住宅,駐車（輪）場,ナンバープレート
窃盗,部品ねらい,府中,車返団地駐在所,132063,東京都,府中市,押立町３丁目,2020-02-13,20,４階建て以上共同住宅,駐車（輪）場,ナンバープレート
窃盗,部品ねらい,府中,車返団地駐在所,132063,東京都,府中市,押立町５丁目,2020-11-14,18,駐車（輪）場,駐車（輪）場,その他
窃盗,部品ねらい,府中,四谷駐在所,132063,東京都,府中市,四谷６丁目,2020-11-16,18,一戸建住宅,駐車（輪）場,その他
窃盗,部品ねらい,府中,武蔵台交番,132063,東京都,府中市,武蔵台１丁目,2020-09-26,21,駐車（輪）場,駐車（輪）場,ナンバープレート
窃盗,部品ねらい,小金井,東小金井駅前交番,132101,東京都,小金井市,梶野町５丁目,2020-09-29,05,駐車（輪）場,駐車（輪）場,その他
窃盗,部品ねらい,小金井,小金井公園前交番,132101,東京都,小金井市,関野町２丁目,2020-04-15,17,その他の住宅（３階建て以下共同住宅等）,駐車（輪）場,その他
窃盗,部品ねらい,小金井,新小金井交番,132101,東京都,小金井市,東町４丁目,2020-11-16,04,駐車（輪）場,駐車（輪）場,その他
窃盗,部品ねらい,小金井,貫井南町交番,132101,東京都,小金井市,貫井南町５丁目,2020-12-11,17,その他の住宅（３階建て以下共同住宅等）,駐車（輪）場,その他
窃盗,部品ねらい,小金井,恋ケ窪駅前交番,132144,東京都,国分寺市,西恋ヶ窪３丁目,2020-04-02,12,駐車（輪）場,駐車（輪）場,その他
窃盗,部品ねらい,小金井,恋ケ窪駅前交番,132144,東京都,国分寺市,西恋ヶ窪４丁目,2020-02-06,16,その他,駐車（輪）場,その他
窃盗,部品ねらい,小金井,共益駐在所,132144,東京都,国分寺市,並木町３丁目,2019-05-01,00,その他,駐車（輪）場,タイヤ・ホイール
窃盗,部品ねらい,小金井,光町交番,132144,東京都,国分寺市,日吉町２丁目,2020-05-01,不明,その他の住宅（３階建て以下共同住宅等）,その他,ナンバープレート
窃盗,部品ねらい,小金井,西町交番,132144,東京都,国分寺市,高木町３丁目,2019-12-31,18,駐車（輪）場,駐車（輪）場,その他
窃盗,部品ねらい,小金井,西町交番,132144,東京都,国分寺市,西町３丁目,2020-10-30,19,駐車（輪）場,駐車（輪）場,ナンバープレート
窃盗,部品ねらい,小金井,西国分寺駅前交番,132144,東京都,国分寺市,内藤２丁目,2020-08-11,17,その他の住宅（３階建て以下共同住宅等）,駐車（輪）場,ナンバープレート
窃盗,部品ねらい,小金井,武蔵小金井駅前交番,132101,東京都,小金井市,本町２丁目,2020-11-23,17,一戸建住宅,その他,その他
窃盗,部品ねらい,小金井,武蔵小金井駅前交番,132101,東京都,小金井市,本町５丁目,2020-07-26,11,その他,駐車（輪）場,タイヤ・ホイール
窃盗,部品ねらい,田無,田無駅前交番,132292,東京都,西東京市,芝久保町４丁目,2020-12-17,18,道路上,その他,ナンバープレート
窃盗,部品ねらい,田無,田無駅前交番,132292,東京都,西東京市,田無町２丁目,2020-07-17,17,道路上,その他,その他
窃盗,部品ねらい,田無,田無駅前交番,132292,東京都,西東京市,南町４丁目,2020-09-19,11,駐車（輪）場,駐車（輪）場,その他
窃盗,部品ねらい,田無,北原町交番,132292,東京都,西東京市,北原町３丁目,2020-09-23,13,駐車（輪）場,駐車（輪）場,ナンバープレート
窃盗,部品ねらい,田無,北原町交番,132292,東京都,西東京市,西原町４丁目,2020-01-17,18,４階建て以上共同住宅,駐車（輪）場,その他
窃盗,部品ねらい,田無,柳沢駅前交番,132292,東京都,西東京市,南町１丁目,2020-06-04,21,４階建て以上共同住宅,その他,ナンバープレート
窃盗,部品ねらい,田無,保谷駅前交番,132292,東京都,西東京市,下保谷５丁目,2020-03-30,16,４階建て以上共同住宅,駐車（輪）場,タイヤ・ホイール
窃盗,部品ねらい,田無,保谷駅前交番,132292,東京都,西東京市,東町２丁目,2020-04-01,15,駐車（輪）場,駐車（輪）場,ナンバープレート
窃盗,部品ねらい,田無,東伏見交番,132292,東京都,西東京市,富士町１丁目,2019-12-30,19,４階建て以上共同住宅,駐車（輪）場,その他
窃盗,部品ねらい,田無,東伏見交番,132292,東京都,西東京市,富士町１丁目,2020-08-01,19,４階建て以上共同住宅,駐車（輪）場,その他
窃盗,部品ねらい,田無,滝山交番,132225,東京都,東久留米市,柳窪２丁目,2020-01-08,11,４階建て以上共同住宅,駐車（輪）場,ナンバープレート
窃盗,部品ねらい,田無,南沢交番,132225,東京都,東久留米市,本町３丁目,2020-02-07,12,その他の住宅（３階建て以下共同住宅等）,駐車（輪）場,ナンバープレート
窃盗,部品ねらい,田無,学園前駐在所,132225,東京都,東久留米市,南沢４丁目,2020-07-27,20,駐車（輪）場,駐車（輪）場,ナンバープレート
窃盗,部品ねらい,田無,上の原交番,132225,東京都,東久留米市,上の原２丁目,2020-05-27,11,その他,その他,その他
窃盗,部品ねらい,田無,上の原交番,132225,東京都,東久留米市,上の原２丁目,2020-09-28,19,その他,駐車（輪）場,ナンバープレート
窃盗,部品ねらい,田無,ひばりが丘駅前交番,132225,東京都,東久留米市,南町３丁目,2020-07-26,12,その他の住宅（３階建て以下共同住宅等）,駐車（輪）場,ナンバープレート
窃盗,部品ねらい,田無,ひばりが丘駅前交番,132292,東京都,西東京市,住吉町３丁目,2020-04-15,14,駐車（輪）場,駐車（輪）場,ナンバープレート
窃盗,部品ねらい,田無,ひばりが丘駅前交番,132292,東京都,西東京市,谷戸町１丁目,2020-03-27,23,一戸建住宅,駐車（輪）場,その他
窃盗,部品ねらい,田無,下里駐在所,132225,東京都,東久留米市,下里３丁目,2020-07-22,19,駐車（輪）場,駐車（輪）場,ナンバープレート
窃盗,部品ねらい,田無,下里駐在所,132225,東京都,東久留米市,下里４丁目,2020-01-14,17,４階建て以上共同住宅,駐車（輪）場,その他
窃盗,部品ねらい,田無,東久留米駅前交番,132225,東京都,東久留米市,新川町１丁目,2020-02-20,10,駐車（輪）場,駐車（輪）場,その他
窃盗,部品ねらい,田無,東久留米駅前交番,132225,東京都,東久留米市,本町１丁目,2020-01-09,15,駐車（輪）場,駐車（輪）場,その他
窃盗,部品ねらい,東村山,東村山駅前交番,132136,東京都,東村山市,恩多町４丁目,2020-11-04,17,その他,その他,その他
窃盗,部品ねらい,東村山,東村山駅前交番,132136,東京都,東村山市,野口町２丁目,2020-06-15,18,４階建て以上共同住宅,駐車（輪）場,タイヤ・ホイール
窃盗,部品ねらい,東村山,八坂交番,132136,東京都,東村山市,富士見町２丁目,2020-01-21,18,駐車（輪）場,駐車（輪）場,その他
窃盗,部品ねらい,東村山,八坂交番,132136,東京都,東村山市,富士見町２丁目,2020-04-25,15,その他,駐車（輪）場,その他
窃盗,部品ねらい,東村山,八坂交番,132136,東京都,東村山市,美住町１丁目,2020-04-28,15,４階建て以上共同住宅,駐車（輪）場,ナンバープレート
窃盗,部品ねらい,東村山,八坂交番,132136,東京都,東村山市,美住町１丁目,2020-11-15,19,４階建て以上共同住宅,駐車（輪）場,ナンバープレート
窃盗,部品ねらい,東村山,八坂交番,132136,東京都,東村山市,美住町１丁目,2020-11-15,22,４階建て以上共同住宅,駐車（輪）場,ナンバープレート
窃盗,部品ねらい,東村山,八坂交番,132136,東京都,東村山市,美住町１丁目,2020-11-21,18,４階建て以上共同住宅,駐車（輪）場,ナンバープレート
窃盗,部品ねらい,東村山,久米川駅前交番,132136,東京都,東村山市,栄町１丁目,2016-07-01,不明,４階建て以上共同住宅,駐車（輪）場,ナンバープレート
窃盗,部品ねらい,東村山,久米川駅前交番,132136,東京都,東村山市,本町４丁目,2019-12-22,09,４階建て以上共同住宅,駐車（輪）場,ナンバープレート
窃盗,部品ねらい,東村山,久米川駅前交番,132136,東京都,東村山市,本町４丁目,2020-11-13,17,４階建て以上共同住宅,駐車（輪）場,その他
窃盗,部品ねらい,東村山,清瀬駅前交番,132217,東京都,清瀬市,松山１丁目,2020-06-04,20,駐車（輪）場,駐車（輪）場,その他
窃盗,部品ねらい,東村山,清瀬駅前交番,132217,東京都,清瀬市,元町１丁目,2020-02-14,16,道路上,その他,その他
窃盗,部品ねらい,東村山,廻田駐在所,132136,東京都,東村山市,廻田町４丁目,2020-07-22,17,駐車（輪）場,駐車（輪）場,ナンバープレート
窃盗,部品ねらい,東村山,秋津三丁目交番,132136,東京都,東村山市,秋津町２丁目,2020-06-09,14,４階建て以上共同住宅,駐車（輪）場,その他
窃盗,部品ねらい,東村山,秋津三丁目交番,132136,東京都,東村山市,秋津町３丁目,2020-04-04,14,駐車（輪）場,駐車（輪）場,その他
窃盗,部品ねらい,東村山,秋津三丁目交番,132136,東京都,東村山市,秋津町５丁目,2020-02-29,21,駐車（輪）場,駐車（輪）場,その他
窃盗,部品ねらい,東村山,秋津駅前交番,132136,東京都,東村山市,青葉町３丁目,2020-06-21,不明,駐車（輪）場,駐車（輪）場,ナンバープレート
窃盗,部品ねらい,東村山,秋津駅前交番,132217,東京都,清瀬市,野塩１丁目,2020-01-01,12,駐車（輪）場,駐車（輪）場,その他
窃盗,部品ねらい,東村山,秋津駅前交番,132217,東京都,清瀬市,野塩１丁目,2020-12-09,17,その他の住宅（３階建て以下共同住宅等）,その他,その他
窃盗,部品ねらい,東村山,秋津駅前交番,132217,東京都,清瀬市,野塩１丁目,2020-12-14,20,その他の住宅（３階建て以下共同住宅等）,その他,その他
窃盗,部品ねらい,東村山,竹丘駐在所,132217,東京都,清瀬市,竹丘１丁目,2020-03-29,19,４階建て以上共同住宅,駐車（輪）場,ナンバープレート
窃盗,部品ねらい,東村山,竹丘駐在所,132217,東京都,清瀬市,竹丘１丁目,2020-04-13,18,道路上,その他,ナンバープレート
窃盗,部品ねらい,東村山,竹丘駐在所,132217,東京都,清瀬市,竹丘２丁目,2020-09-22,18,４階建て以上共同住宅,駐車（輪）場,その他
窃盗,部品ねらい,東村山,竹丘駐在所,132217,東京都,清瀬市,竹丘３丁目,2020-11-07,17,４階建て以上共同住宅,駐車（輪）場,ナンバープレート
窃盗,部品ねらい,東村山,萩山駐在所,132136,東京都,東村山市,萩山町１丁目,2020-04-12,22,駐車（輪）場,駐車（輪）場,ナンバープレート
窃盗,部品ねらい,東村山,下清戸駐在所,132217,東京都,清瀬市,下清戸１丁目,2020-12-23,06,道路上,その他,その他
窃盗,部品ねらい,武蔵野,吉祥寺駅西口交番,132039,東京都,武蔵野市,吉祥寺南町１丁目,2015-02-01,13,一戸建住宅,駐車（輪）場,ナンバープレート
窃盗,部品ねらい,武蔵野,吉祥寺駅東口交番,132039,東京都,武蔵野市,吉祥寺本町１丁目,2020-06-15,17,駐車（輪）場,駐車（輪）場,その他
窃盗,部品ねらい,武蔵野,八幡宮西交番,132039,東京都,武蔵野市,吉祥寺北町１丁目,2020-10-20,18,道路上,その他,その他
窃盗,部品ねらい,武蔵野,桜堤交番,132039,東京都,武蔵野市,桜堤３丁目,2020-09-03,15,その他の住宅（３階建て以下共同住宅等）,その他,その他
窃盗,部品ねらい,武蔵野,武蔵境駅南口交番,132039,東京都,武蔵野市,境南町１丁目,2020-03-06,14,その他の住宅（３階建て以下共同住宅等）,駐車（輪）場,ナンバープレート
窃盗,部品ねらい,三鷹,狐久保交番,132047,東京都,三鷹市,下連雀５丁目,2020-02-10,19,４階建て以上共同住宅,駐車（輪）場,その他
窃盗,部品ねらい,三鷹,狐久保交番,132047,東京都,三鷹市,下連雀５丁目,2020-04-17,01,４階建て以上共同住宅,駐車（輪）場,その他
窃盗,部品ねらい,三鷹,狐久保交番,132047,東京都,三鷹市,下連雀５丁目,2020-04-18,18,４階建て以上共同住宅,駐車（輪）場,その他
窃盗,部品ねらい,三鷹,狐久保交番,132047,東京都,三鷹市,下連雀６丁目,2020-05-18,23,その他の住宅（３階建て以下共同住宅等）,駐車（輪）場,その他
窃盗,部品ねらい,三鷹,狐久保交番,132047,東京都,三鷹市,牟礼６丁目,2020-10-28,00,その他の住宅（３階建て以下共同住宅等）,駐車（輪）場,その他
窃盗,部品ねらい,三鷹,新川交番,132047,東京都,三鷹市,新川６丁目,2020-01-30,13,駐車（輪）場,駐車（輪）場,その他
窃盗,部品ねらい,三鷹,新川交番,132047,東京都,三鷹市,牟礼６丁目,2020-04-24,14,４階建て以上共同住宅,駐車（輪）場,その他
窃盗,部品ねらい,三鷹,中仙川交番,132047,東京都,三鷹市,新川４丁目,2020-03-05,22,その他の住宅（３階建て以下共同住宅等）,駐車（輪）場,その他
窃盗,部品ねらい,三鷹,中仙川交番,132047,東京都,三鷹市,新川４丁目,2020-04-03,20,その他の住宅（３階建て以下共同住宅等）,駐車（輪）場,その他
窃盗,部品ねらい,三鷹,中原駐在所,132047,東京都,三鷹市,中原４丁目,2020-06-06,11,一戸建住宅,駐車（輪）場,ナンバープレート
窃盗,部品ねらい,三鷹,上連雀交番,132047,東京都,三鷹市,上連雀５丁目,2020-06-19,00,その他の住宅（３階建て以下共同住宅等）,駐車（輪）場,その他
窃盗,部品ねらい,三鷹,上連雀交番,132047,東京都,三鷹市,上連雀８丁目,2020-12-16,17,その他の住宅（３階建て以下共同住宅等）,駐車（輪）場,その他
窃盗,部品ねらい,調布,下石原交番,132080,東京都,調布市,下石原２丁目,2020-02-23,21,その他の住宅（３階建て以下共同住宅等）,駐車（輪）場,その他
窃盗,部品ねらい,調布,下石原交番,132080,東京都,調布市,調布ケ丘２丁目,2020-05-06,22,その他の住宅（３階建て以下共同住宅等）,駐車（輪）場,その他
窃盗,部品ねらい,調布,仙川交番,132080,東京都,調布市,仙川町２丁目,2020-04-29,12,その他の住宅（３階建て以下共同住宅等）,駐車（輪）場,その他
窃盗,部品ねらい,調布,仙川交番,132080,東京都,調布市,若葉町１丁目,2020-12-26,19,一戸建住宅,駐車（輪）場,その他
窃盗,部品ねらい,調布,仙川交番,132080,東京都,調布市,若葉町２丁目,2020-01-23,16,駐車（輪）場,駐車（輪）場,その他
窃盗,部品ねらい,調布,国領交番,132080,東京都,調布市,国領町１丁目,2020-01-16,20,その他の住宅（３階建て以下共同住宅等）,駐車（輪）場,その他
窃盗,部品ねらい,調布,国領交番,132080,東京都,調布市,国領町４丁目,2020-06-16,19,その他の住宅（３階建て以下共同住宅等）,駐車（輪）場,ナンバープレート
窃盗,部品ねらい,調布,国領交番,132080,東京都,調布市,国領町７丁目,2020-05-29,16,駐車（輪）場,駐車（輪）場,その他
窃盗,部品ねらい,調布,国領交番,132080,東京都,調布市,国領町８丁目,2020-11-20,18,その他,駐車（輪）場,その他
窃盗,部品ねらい,調布,国領交番,132080,東京都,調布市,国領町８丁目,2020-11-22,20,４階建て以上共同住宅,駐車（輪）場,その他
窃盗,部品ねらい,調布,国領交番,132080,東京都,調布市,染地２丁目,2020-11-20,13,その他,その他,その他
窃盗,部品ねらい,調布,深大寺交番,132080,東京都,調布市,深大寺北町５丁目,2020-10-04,10,一戸建住宅,駐車（輪）場,その他
窃盗,部品ねらい,調布,深大寺交番,132080,東京都,調布市,深大寺元町１丁目,2020-07-25,23,４階建て以上共同住宅,その他,その他
窃盗,部品ねらい,調布,深大寺交番,132080,東京都,調布市,深大寺元町１丁目,2020-08-26,20,４階建て以上共同住宅,駐車（輪）場,その他
窃盗,部品ねらい,調布,中和泉交番,132195,東京都,狛江市,和泉本町３丁目,2020-03-01,不明,その他の住宅（３階建て以下共同住宅等）,駐車（輪）場,ナンバープレート
窃盗,部品ねらい,調布,狛江交番,132195,東京都,狛江市,東和泉１丁目,2020-02-15,08,駐車（輪）場,駐車（輪）場,その他
窃盗,部品ねらい,調布,和泉多摩川交番,132195,東京都,狛江市,猪方４丁目,2020-06-26,23,駐車（輪）場,駐車（輪）場,ナンバープレート
窃盗,部品ねらい,調布,和泉多摩川交番,132195,東京都,狛江市,東和泉４丁目,2020-06-12,12,その他の住宅（３階建て以下共同住宅等）,駐車（輪）場,タイヤ・ホイール
窃盗,部品ねらい,調布,和泉多摩川交番,132195,東京都,狛江市,元和泉２丁目,2020-05-22,17,一戸建住宅,その他,その他
窃盗,部品ねらい,調布,和泉多摩川交番,132195,東京都,狛江市,元和泉３丁目,2020-07-06,19,駐車（輪）場,駐車（輪）場,ナンバープレート
窃盗,部品ねらい,調布,和泉多摩川交番,132195,東京都,狛江市,元和泉３丁目,2020-08-07,01,駐車（輪）場,駐車（輪）場,ナンバープレート
窃盗,部品ねらい,調布,小覚交番,132080,東京都,調布市,入間町２丁目,2020-01-18,00,一戸建住宅,その他,ナンバープレート
窃盗,部品ねらい,調布,多摩川住宅交番,132195,東京都,狛江市,西和泉２丁目,2020-05-14,13,４階建て以上共同住宅,駐車（輪）場,ナンバープレート
窃盗,部品ねらい,調布,調布駅前交番,132080,東京都,調布市,小島町１丁目,2020-08-03,18,駐車（輪）場,駐車（輪）場,その他
窃盗,部品ねらい,調布,調布駅前交番,132080,東京都,調布市,下石原３丁目,2020-06-09,11,一戸建住宅,その他,その他
窃盗,部品ねらい,小平,花小金井駅前交番,132110,東京都,小平市,花小金井南町１丁目,2020-05-29,18,駐車（輪）場,駐車（輪）場,ナンバープレート
窃盗,部品ねらい,小平,学園東交番,132110,東京都,小平市,小川東町２丁目,2020-11-17,19,一戸建住宅,駐車（輪）場,ナンバープレート
窃盗,部品ねらい,小平,学園西町交番,132110,東京都,小平市,学園西町３丁目,2020-03-29,12,駐車（輪）場,駐車（輪）場,その他
窃盗,部品ねらい,小平,小川駅前交番,132110,東京都,小平市,小川西町２丁目,2020-07-26,17,その他,駐車（輪）場,ナンバープレート
窃盗,部品ねらい,小平,小川駅前交番,132110,東京都,小平市,小川東町５丁目,2020-10-25,17,４階建て以上共同住宅,駐車（輪）場,その他
窃盗,部品ねらい,小平,大沼町交番,132110,東京都,小平市,大沼町４丁目,2020-06-25,19,その他,その他,ナンバープレート
窃盗,部品ねらい,小平,大沼町交番,132110,東京都,小平市,大沼町７丁目,2019-11-16,18,その他,その他,ナンバープレート
窃盗,部品ねらい,小平,大沼町交番,132110,東京都,小平市,大沼町７丁目,2020-02-07,17,その他の住宅（３階建て以下共同住宅等）,駐車（輪）場,ナンバープレート
窃盗,部品ねらい,小平,大沼町交番,132110,東京都,小平市,大沼町７丁目,2020-04-01,22,４階建て以上共同住宅,駐車（輪）場,ナンバープレート
窃盗,部品ねらい,小平,上宿交番,132110,東京都,小平市,小川町１丁目,2020-07-19,20,その他の住宅（３階建て以下共同住宅等）,駐車（輪）場,その他
