ί–Ό,θϋ,Ηx@i”­¶’nj,Ηπ”ΤE’“έi”­¶’nj,s‹ζ’¬‘ΊƒR[ƒhi”­¶’nj,“s“Ή•{§i”­¶’nj,s‹ζ’¬‘Ίi”­¶’nj,’¬’–Ϊi”­¶’nj,”­¶”N“ϊinϊj,”­¶inϊj,”­¶κ,”­¶κ‚ΜΪΧ,{ωΦW,»‹ΰ”νQ‚Μ—L–³
ή“,Τγ‚Λ‚η‚Ά,–ƒ•z,Z–{–ΨZ’–Ϊπ”Τ,131032,“‹“s,`‹ζ,Z–{–Ψ‚V’–Ϊ,2020-11-21,22,‚»‚Μ‘Ό,’“Τi—Φjκ,{ω‚µ‚½,‚Θ‚µ
ή“,Τγ‚Λ‚η‚Ά,“‹pέ,‚¨‘δκC•lφ‰€‰w‘Oπ”Τ,131032,“‹“s,`‹ζ,‘δκ‚P’–Ϊ,2020-06-27,13,‚»‚Μ‘Ό,‚»‚Μ‘Ό,{ω‚µ‚½,‚ ‚θ
ή“,Τγ‚Λ‚η‚Ά,“‹pέ,“s‹΄π”Τ,131083,“‹“s,]“‹ζ,—L–Ύ‚P’–Ϊ,2020-12-25,23,‚SK‚ΔΘγ‹¤“―Z‘ξ,’“Τi—Φjκ,{ω‚µ‚½,‚Θ‚µ
ή“,Τγ‚Λ‚η‚Ά,“‹pέ,“s‹΄π”Τ,131083,“‹“s,]“‹ζ,“‰_‚P’–Ϊ,2020-03-01,13,’“Τi—Φjκ,’“Τi—Φjκ,{ω‚µ‚½,‚Θ‚µ
ή“,Τγ‚Λ‚η‚Ά,“‹pέ,“s‹΄π”Τ,131083,“‹“s,]“‹ζ,“‰_‚P’–Ϊ,2020-04-19,15,’“Τi—Φjκ,’“Τi—Φjκ,{ω‚µ‚½,‚Θ‚µ
ή“,Τγ‚Λ‚η‚Ά,•iμ,Β•¨‰΅’‰w‘Oπ”Τ,131091,“‹“s,•iμ‹ζ,“μ•iμ‚P’–Ϊ,2020-11-20,14,“ΉHγ,‚»‚Μ‘Ό,{ω‚µ‚½,‚ ‚θ
ή“,Τγ‚Λ‚η‚Ά,“c‰€’²•z,“ΉX‹΄π”Τ,131113,“‹“s,‘ε“c‹ζ,γ’r‘δ‚T’–Ϊ,2020-05-29,00,’“Τi—Φjκ,’“Τi—Φjκ,{ω‚µ‚½,‚ ‚θ
ή“,Τγ‚Λ‚η‚Ά,—“c,ΌZ‹½π”Τ,131113,“‹“s,‘ε“c‹ζ,V—“c‚P’–Ϊ,2020-06-18,19,’“Τi—Φjκ,’“Τi—Φjκ,{ω‚µ‚½,‚Θ‚µ
ή“,Τγ‚Λ‚η‚Ά,—“c,“Z‹½π”Τ,131113,“‹“s,‘ε“c‹ζ,“μZ‹½‚R’–Ϊ,2020-10-20,22,’“Τi—Φjκ,’“Τi—Φjκ,{ω‚µ‚½,‚Θ‚µ
ή“,Τγ‚Λ‚η‚Ά,“‹‹σ`,‘ζ‚Pƒ^[ƒ~ƒiƒ‹π”Τ,131113,“‹“s,‘ε“c‹ζ,‰H“c‹σ`‚R’–Ϊ,2020-03-08,16,’“Τi—Φjκ,’“Τi—Φjκ,{ω‚µ‚½,‚Θ‚µ
ή“,Τγ‚Λ‚η‚Ά,“‹‹σ`,‘ζ‚Qƒ^[ƒ~ƒiƒ‹π”Τ,131113,“‹“s,‘ε“c‹ζ,‰H“c‹σ`‚R’–Ϊ,2020-03-02,18,’“Τi—Φjκ,’“Τi—Φjκ,{ω‚µ‚½,‚Θ‚µ
ή“,Τγ‚Λ‚η‚Ά,“‹‹σ`,‘ζ‚Qƒ^[ƒ~ƒiƒ‹π”Τ,131113,“‹“s,‘ε“c‹ζ,‰H“c‹σ`‚R’–Ϊ,2020-03-03,05,’“Τi—Φjκ,’“Τi—Φjκ,{ω‚µ‚½,‚Θ‚µ
ή“,Τγ‚Λ‚η‚Ά,“‹‹σ`,‘ζ‚Qƒ^[ƒ~ƒiƒ‹π”Τ,131113,“‹“s,‘ε“c‹ζ,‰H“c‹σ`‚R’–Ϊ,2020-03-08,10,’“Τi—Φjκ,’“Τi—Φjκ,{ω‚µ‚½,‚Θ‚µ
ή“,Τγ‚Λ‚η‚Ά,‹Κμ,γ–μ–Ρπ”Τ,131121,“‹“s,Ά“c’J‹ζ,γ–μ–Ρ‚Q’–Ϊ,2020-07-10,08,’“Τi—Φjκ,’“Τi—Φjκ,{ω‚µ‚½,‚ ‚θ
ή“,Τγ‚Λ‚η‚Ά,¬ι,™“c’“έ,131121,“‹“s,Ά“c’J‹ζ,™“c‚R’–Ϊ,2019-12-21,17,‚»‚Μ‘Ό,’“Τi—Φjκ,{ω‚µ‚½,‚Θ‚µ
ή“,Τγ‚Λ‚η‚Ά,¬ι,™“c’“έ,131121,“‹“s,Ά“c’J‹ζ,™“c‚R’–Ϊ,2020-01-29,17,‚»‚Μ‘Ό,’“Τi—Φjκ,{ω‚µ‚½,‚Θ‚µ
ή“,Τγ‚Λ‚η‚Ά,¬ι,™“c’“έ,131121,“‹“s,Ά“c’J‹ζ,™“c‚R’–Ϊ,2020-04-23,17,‚»‚Μ‘Ό,’“Τi—Φjκ,{ω‚µ‚½,‚Θ‚µ
ή“,Τγ‚Λ‚η‚Ά,¬ι,™“c’“έ,131121,“‹“s,Ά“c’J‹ζ,™“c‚R’–Ϊ,2020-05-01,17,‚»‚Μ‘Ό,’“Τi—Φjκ,{ω‚µ‚½,‚Θ‚µ
ή“,Τγ‚Λ‚η‚Ά,¬ι,™“c’“έ,131121,“‹“s,Ά“c’J‹ζ,™“c‚R’–Ϊ,2020-05-10,17,‚»‚Μ‘Ό,’“Τi—Φjκ,{ω‚µ‚½,‚Θ‚µ
ή“,Τγ‚Λ‚η‚Ά,¬ι,™“c’“έ,131121,“‹“s,Ά“c’J‹ζ,™“c‚R’–Ϊ,2020-05-21,17,‚»‚Μ‘Ό,’“Τi—Φjκ,{ω‚µ‚½,‚Θ‚µ
ή“,Τγ‚Λ‚η‚Ά,¬ι,™“c’“έ,131121,“‹“s,Ά“c’J‹ζ,™“c‚R’–Ϊ,2020-05-31,17,‚»‚Μ‘Ό,’“Τi—Φjκ,{ω‚µ‚½,‚Θ‚µ
ή“,Τγ‚Λ‚η‚Ά,΄h,η‘ΚƒP’J‰w‘Oπ”Τ,131130,“‹“s,a’J‹ζ,_‹{‘O‚Q’–Ϊ,2020-01-07,15,’“Τi—Φjκ,’“Τi—Φjκ,{ω‚µ‚½,‚Θ‚µ
ή“,Τγ‚Λ‚η‚Ά,‘γX–Ψ,‰‘δ‰w‘Oπ”Τ,131130,“‹“s,a’J‹ζ,–{’¬‚Q’–Ϊ,2020-03-07,10,’“Τi—Φjκ,’“Τi—Φjκ,{ω‚µ‚½,‚Θ‚µ
ή“,Τγ‚Λ‚η‚Ά,Vh,‰Μ•‘κ’¬π”Τ,131041,“‹“s,Vh‹ζ,‰Μ•‘κ’¬‚Q’–Ϊ,2020-09-26,20,’“Τi—Φjκ,’“Τi—Φjκ,{ω‚µ‚½,‚Θ‚µ
ή“,Τγ‚Λ‚η‚Ά,™•ΐ,Ά²’J‰w‘Oπ”Τ,131156,“‹“s,™•ΐ‹ζ,Ά²’J–k‚R’–Ϊ,2020-12-25,18,’“Τi—Φjκ,’“Τi—Φjκ,{ω‚µ‚½,‚Θ‚µ
ή“,Τγ‚Λ‚η‚Ά,’r‘ά,•½a’Κπ”Τ,131164,“‹“s,–L“‡‹ζ,’r‘ά‚Q’–Ϊ,2020-12-26,16,’“Τi—Φjκ,’“Τi—Φjκ,{ω‚µ‚½,‚ ‚θ
ή“,Τγ‚Λ‚η‚Ά,Τ‰H,•‚Τπ”Τ,131172,“‹“s,–k‹ζ,•‚Τ‚S’–Ϊ,2020-03-19,06,’“Τi—Φjκ,’“Τi—Φjκ,{ω‚µ‚½,‚Θ‚µ
ή“,Τγ‚Λ‚η‚Ά,u‘Ί,Ό‘δπ”Τ,131199,“‹“s,”Β‹΄‹ζ,Ό‘δ‚Q’–Ϊ,2020-01-19,21,‚»‚Μ‘Ό,’“Τi—Φjκ,{ω‚µ‚½,‚Θ‚µ
ή“,Τγ‚Λ‚η‚Ά,Ξ_δ,Ό‘εςπ”Τ,131202,“‹“s,—ϋ”n‹ζ,Ό‘ες‚T’–Ϊ,2020-06-25,15,’“Τi—Φjκ,’“Τi—Φjκ,{ω‚µ‚½,‚Θ‚µ
ή“,Τγ‚Λ‚η‚Ά,υ‚ª‹u,υ‚ª‹uO’–Ϊπ”Τ,131202,“‹“s,—ϋ”n‹ζ,“c•Ώ‚T’–Ϊ,2020-02-20,18,’“Τi—Φjκ,’“Τi—Φjκ,{ω‚µ‚½,‚ ‚θ
ή“,Τγ‚Λ‚η‚Ά,ηZ,ηZl’–Ϊπ”Τ,131211,“‹“s,‘«—§‹ζ,ηZ‘εμ’¬,2020-10-19,18,’“Τi—Φjκ,’“Τi—Φjκ,{ω‚µ‚½,‚Θ‚µ
ή“,Τγ‚Λ‚η‚Ά,ηZ,ηZl’–Ϊπ”Τ,131211,“‹“s,‘«—§‹ζ,ηZυ’¬,2020-05-01,16,’“Τi—Φjκ,’“Τi—Φjκ,{ω‚µ‚½,‚Θ‚µ
ή“,Τγ‚Λ‚η‚Ά,ΌVδ,”~“cµ’–Ϊπ”Τ,131211,“‹“s,‘«—§‹ζ,”~“‡‚P’–Ϊ,2020-12-24,22,‚»‚Μ‘Ό,’“Τi—Φjκ,{ω‚µ‚½,‚Θ‚µ
ή“,Τγ‚Λ‚η‚Ά,ΌVδ,Φ΄O’–Ϊπ”Τ,131211,“‹“s,‘«—§‹ζ,Φ΄‚Q’–Ϊ,2020-10-11,18,’“Τi—Φjκ,’“Τi—Φjκ,{ω‚µ‚½,‚Θ‚µ
ή“,Τγ‚Λ‚η‚Ά,ΌVδ,“‡ªπ”Τ,131211,“‹“s,‘«—§‹ζ,Z‚R’–Ϊ,2020-05-08,05,‚SK‚ΔΘγ‹¤“―Z‘ξ,‚»‚Μ‘Ό,{ω‚µ‚½,‚Θ‚µ
ή“,Τγ‚Λ‚η‚Ά,ΌVδ,“‡ªπ”Τ,131211,“‹“s,‘«—§‹ζ,Z‚R’–Ϊ,2020-09-22,18,’“Τi—Φjκ,’“Τi—Φjκ,{ω‚µ‚½,‚Θ‚µ
ή“,Τγ‚Λ‚η‚Ά,ΌVδ,Mΐπ”Τ,131211,“‹“s,‘«—§‹ζ,­•l‚U’–Ϊ,2020-10-26,19,’“Τi—Φjκ,’“Τi—Φjκ,{ω‚µ‚½,‚Θ‚µ
ή“,Τγ‚Λ‚η‚Ά,»£,’†‰›–{’¬π”Τ,131211,“‹“s,‘«—§‹ζ,•½–μ‚P’–Ϊ,2020-12-16,08,‚»‚Μ‘Ό,’“Τi—Φjκ,{ω‚µ‚½,‚Θ‚µ
ή“,Τγ‚Λ‚η‚Ά,»£,’†‰›–{’¬π”Τ,131211,“‹“s,‘«—§‹ζ,•½–μ‚R’–Ϊ,2020-09-23,19,’“Τi—Φjκ,’“Τi—Φjκ,{ω‚µ‚½,‚Θ‚µ
ή“,Τγ‚Λ‚η‚Ά,’|‚Μ’Λ,‰Τ”¨π”Τ,131211,“‹“s,‘«—§‹ζ,‰Τ”¨‚P’–Ϊ,2020-04-22,20,’“Τi—Φjκ,’“Τi—Φjκ,{ω‚µ‚½,‚Θ‚µ
ή“,Τγ‚Λ‚η‚Ά,’|‚Μ’Λ,‰Τ”¨π”Τ,131211,“‹“s,‘«—§‹ζ,“μ‰Τ”¨‚R’–Ϊ,2020-09-22,13,’“Τi—Φjκ,’“Τi—Φjκ,{ω‚µ‚½,‚Θ‚µ
ή“,Τγ‚Λ‚η‚Ά,’|‚Μ’Λ,‰Τ”¨π”Τ,131211,“‹“s,‘«—§‹ζ,“μ‰Τ”¨‚T’–Ϊ,2020-04-22,22,’“Τi—Φjκ,’“Τi—Φjκ,{ω‚µ‚½,‚Θ‚µ
ή“,Τγ‚Λ‚η‚Ά,’|‚Μ’Λ,“ό’J’¬π”Τ,131211,“‹“s,‘«—§‹ζ,“ό’J‚R’–Ϊ,2020-11-02,19,’“Τi—Φjκ,’“Τi—Φjκ,{ω‚µ‚½,‚Θ‚µ
ή“,Τγ‚Λ‚η‚Ά,’|‚Μ’Λ,©ΐ‘γe…φ‰€‰w‘Oπ”Τ,131211,“‹“s,‘«—§‹ζ,Ιl‚T’–Ϊ,2020-10-19,19,‚SK‚ΔΘγ‹¤“―Z‘ξ,’“Τi—Φjκ,{ω‚µ‚½,‚Θ‚µ
ή“,Τγ‚Λ‚η‚Ά,ι“,iJ‹΄π”Τ,131083,“‹“s,]“‹ζ,‘ε“‡‚R’–Ϊ,2020-12-10,19,‚»‚Μ‘Ό,’“Τi—Φjκ,{ω‚µ‚½,‚ ‚θ
ή“,Τγ‚Λ‚η‚Ά,ι“,iJ‹΄π”Τ,131083,“‹“s,]“‹ζ,‘ε“‡‚S’–Ϊ,2020-12-04,18,‚SK‚ΔΘγ‹¤“―Z‘ξ,’“Τi—Φjκ,{ω‚µ‚½,‚Θ‚µ
ή“,Τγ‚Λ‚η‚Ά,ι“,‘ε“‡π”Τ,131083,“‹“s,]“‹ζ,‘ε“‡‚T’–Ϊ,2020-11-07,19,‚»‚Μ‘Ό,’“Τi—Φjκ,{ω‚µ‚½,‚ ‚θ
ή“,Τγ‚Λ‚η‚Ά,ι“,“‘ε“‡‰w‘Oπ”Τ,131083,“‹“s,]“‹ζ,‘ε“‡‚V’–Ϊ,2020-04-13,23,κΛZ‘ξ,’“Τi—Φjκ,{ω‚µ‚½,‚ ‚θ
ή“,Τγ‚Λ‚η‚Ά,–{,‰γ‰w‘Oπ”Τ,131075,“‹“s,–n“c‹ζ,‹Ζ•½‚P’–Ϊ,2020-11-30,20,’“Τi—Φjκ,’“Τi—Φjκ,{ω‚µ‚½,‚ ‚θ
ή“,Τγ‚Λ‚η‚Ά,–{,‰γ‰w‘Oπ”Τ,131075,“‹“s,–n“c‹ζ,‹Ζ•½‚P’–Ϊ,2020-12-30,19,’“Τi—Φjκ,’“Τi—Φjκ,{ω‚µ‚½,‚ ‚θ
ή“,Τγ‚Λ‚η‚Ά,‹T—L,‹ΰ’¬‰w“μϋπ”Τ,131229,“‹“s,‹ό‹ζ,‹ΰ’¬‚U’–Ϊ,2020-09-26,19,’“Τi—Φjκ,’“Τi—Φjκ,{ω‚µ‚½,‚Θ‚µ
ή“,Τγ‚Λ‚η‚Ά,‹T—L,‹ΰ’¬‰w“μϋπ”Τ,131229,“‹“s,‹ό‹ζ,“‹ΰ’¬‚T’–Ϊ,2020-10-16,22,’“Τi—Φjκ,’“Τi—Φjκ,{ω‚µ‚½,‚Θ‚µ
ή“,Τγ‚Λ‚η‚Ά,‹T—L,Δ–”π”Τ,131229,“‹“s,‹ό‹ζ,Δ–”‚V’–Ϊ,2020-01-07,20,’“Τi—Φjκ,’“Τi—Φjκ,{ω‚µ‚½,‚Θ‚µ
ή“,Τγ‚Λ‚η‚Ά,‹T—L,…³φ‰€‘Oπ”Τ,131229,“‹“s,‹ό‹ζ,…³‚R’–Ϊ,2020-10-09,18,’“Τi—Φjκ,’“Τi—Φjκ,{ω‚µ‚½,‚Θ‚µ
ή“,Τγ‚Λ‚η‚Ά,‹ό,—§Ξπ”Τ,131229,“‹“s,‹ό‹ζ,—§Ξ‚P’–Ϊ,2020-05-23,06,’“Τi—Φjκ,’“Τi—Φjκ,{ω‚µ‚½,‚ ‚θ
ή“,Τγ‚Λ‚η‚Ά,‹ό,V¬β‰w‘Oπ”Τ,131229,“‹“s,‹ό‹ζ,V¬β‚P’–Ϊ,2020-12-08,20,’“Τi—Φjκ,’“Τi—Φjκ,{ω‚µ‚½,‚ ‚θ
ή“,Τγ‚Λ‚η‚Ά,‹ό,γ•½δπ”Τ,131229,“‹“s,‹ό‹ζ,“V¬β‚V’–Ϊ,2020-12-29,16,’“Τi—Φjκ,’“Τi—Φjκ,{ω‚µ‚½,‚Θ‚µ
ή“,Τγ‚Λ‚η‚Ά,¬Όμ,‹—t’Κπ”Τ,131237,“‹“s,]Λμ‹ζ,’†‰›‚Q’–Ϊ,2020-03-05,20,‚»‚Μ‘Ό,’“Τi—Φjκ,{ω‚µ‚½,‚Θ‚µ
ή“,Τγ‚Λ‚η‚Ά,¬Όμ,‹—t’Κπ”Τ,131237,“‹“s,]Λμ‹ζ,Όκ”V]‚P’–Ϊ,2020-11-16,19,‚»‚Μ‘Ό,’“Τi—Φjκ,{ω‚µ‚½,‚Θ‚µ
ή“,Τγ‚Λ‚η‚Ά,¬Όμ,‹—t’Κπ”Τ,131237,“‹“s,]Λμ‹ζ,Όκ”V]‚Q’–Ϊ,2020-11-30,18,‚»‚Μ‘Ό,’“Τi—Φjκ,{ω‚µ‚½,‚ ‚θ
ή“,Τγ‚Λ‚η‚Ά,¬Όμ,Ό]π”Τ,131237,“‹“s,]Λμ‹ζ,“¬Όμ‚Q’–Ϊ,2020-10-21,00,“ΉHγ,‚»‚Μ‘Ό,{ω‚µ‚½,‚Θ‚µ
ή“,Τγ‚Λ‚η‚Ά,¬Όμ,Ό]π”Τ,131237,“‹“s,]Λμ‹ζ,Ό]‚S’–Ϊ,2020-07-23,21,’“Τi—Φjκ,’“Τi—Φjκ,{ω‚µ‚½,‚ ‚θ
ή“,Τγ‚Λ‚η‚Ά,¬Όμ,Ό]π”Τ,131237,“‹“s,]Λμ‹ζ,Ό]‚S’–Ϊ,2020-08-13,02,κΛZ‘ξ,‚»‚Μ‘Ό,{ω‚µ‚½,‚ ‚θ
ή“,Τγ‚Λ‚η‚Ά,¬β,κ—Ά’Λπ”Τ,131237,“‹“s,]Λμ‹ζ,“¬β‚S’–Ϊ,2020-12-06,17,’“Τi—Φjκ,’“Τi—Φjκ,{ω‚µ‚½,‚ ‚θ
ή“,Τγ‚Λ‚η‚Ά,¬β,›΄‹΄π”Τ,131237,“‹“s,]Λμ‹ζ,Ό–{‚P’–Ϊ,2020-12-07,21,‚»‚Μ‘Ό,’“Τi—Φjκ,{ω‚µ‚½,‚ ‚θ
ή“,Τγ‚Λ‚η‚Ά,¬β,–k¬β’“έ,131237,“‹“s,]Λμ‹ζ,–k¬β‚W’–Ϊ,2020-03-17,20,κΛZ‘ξ,’“Τi—Φjκ,{ω‚µ‚½,‚Θ‚µ
ή“,Τγ‚Λ‚η‚Ά,‹Ό,‘D–x‰w‘Oπ”Τ,131237,“‹“s,]Λμ‹ζ,‘D–x‚P’–Ϊ,2020-11-27,18,‚»‚Μ‘Ό,’“Τi—Φjκ,{ω‚µ‚½,‚Θ‚µ
ή“,Τγ‚Λ‚η‚Ά,‹Ό,‘D–x‰w‘Oπ”Τ,131237,“‹“s,]Λμ‹ζ,‘D–x‚P’–Ϊ,2020-12-27,21,‚»‚Μ‘Ό,’“Τi—Φjκ,{ω‚µ‚½,‚ ‚θ
ή“,Τγ‚Λ‚η‚Ά,‹Ό,‹Ό‹΄“π”Τ,131237,“‹“s,]Λμ‹ζ,Ό‹Ό‚R’–Ϊ,2020-04-22,17,‚»‚Μ‘Ό,’“Τi—Φjκ,{ω‚µ‚½,‚Θ‚µ
ή“,Τγ‚Λ‚η‚Ά,‹Ό,‹Ό‹΄“π”Τ,131237,“‹“s,]Λμ‹ζ,Ό‹Ό‚R’–Ϊ,2020-06-18,18,’“Τi—Φjκ,’“Τi—Φjκ,{ω‚µ‚½,‚Θ‚µ
ή“,Τγ‚Λ‚η‚Ά,‹Ό,Ό‹Ό‰w‘Oπ”Τ,131237,“‹“s,]Λμ‹ζ,Ό‹Ό‚R’–Ϊ,2020-08-15,11,‚SK‚ΔΘγ‹¤“―Z‘ξ,’“Τi—Φjκ,{ω‚µ‚½,‚Θ‚µ
ή“,Τγ‚Λ‚η‚Ά,‹Ό,Ό‹Ό‰w‘Oπ”Τ,131237,“‹“s,]Λμ‹ζ,Ό‹Ό‚V’–Ϊ,2020-11-20,16,“ΉHγ,‚»‚Μ‘Ό,{ω‚µ‚½,‚ ‚θ
ή“,Τγ‚Λ‚η‚Ά,‹Ό,“μ‹Όπ”Τ,131237,“‹“s,]Λμ‹ζ,“μ‹Ό‚R’–Ϊ,2020-09-28,20,‚»‚Μ‘Ό,’“Τi—Φjκ,{ω‚µ‚½,‚ ‚θ
ή“,Τγ‚Λ‚η‚Ά,“μ‘ε‘ς,–k–μ‰w‘Oπ”Τ,132012,“‹“s,”ª‰¤qs,–k–μ’¬,2020-01-18,17,κΛZ‘ξ,’“Τi—Φjκ,{ω‚µ‚½,‚Θ‚µ
ή“,Τγ‚Λ‚η‚Ά,“μ‘ε‘ς,–k–μ‰w‘Oπ”Τ,132012,“‹“s,”ª‰¤qs,–k–μ‘δ‚T’–Ϊ,2020-08-01,00,“ΉHγ,‚»‚Μ‘Ό,{ω‚µ‚½,‚ ‚θ
ή“,Τγ‚Λ‚η‚Ά,“μ‘ε‘ς,–x”V“ΰ‰w‘Oπ”Τ,132012,“‹“s,”ª‰¤qs,’·ΐ’¬,2020-08-12,16,κΛZ‘ξ,’“Τi—Φjκ,{ω‚µ‚½,‚ ‚θ
ή“,Τγ‚Λ‚η‚Ά,“μ‘ε‘ς,“μ‘ε‘ς‰w‘Oπ”Τ,132012,“‹“s,”ª‰¤qs,–ψ…‚Q’–Ϊ,2020-11-29,12,κΛZ‘ξ,’“Τi—Φjκ,{ω‚µ‚½,‚ ‚θ
ή“,Τγ‚Λ‚η‚Ά,“μ‘ε‘ς,‚έ‚Θ‚έ–μπ”Τ,132012,“‹“s,”ª‰¤qs,•Π‘q’¬,2020-01-27,00,κΛZ‘ξ,‚»‚Μ‘Ό,{ω‚µ‚½,‚ ‚θ
ή“,Τγ‚Λ‚η‚Ά,“μ‘ε‘ς,γ—M–Ψ’“έ,132012,“‹“s,”ª‰¤qs,–ψ…‚Q’–Ϊ,2020-11-24,19,κΛZ‘ξ,’“Τi—Φjκ,{ω‚µ‚½,‚ ‚θ
ή“,Τγ‚Λ‚η‚Ά,“μ‘ε‘ς,‹{γ’“έ,132012,“‹“s,”ª‰¤qs,–ψ…‚Q’–Ϊ,2020-11-27,17,κΛZ‘ξ,’“Τi—Φjκ,{ω‚µ‚½,‚Θ‚µ
ή“,Τγ‚Λ‚η‚Ά,“μ‘ε‘ς,¬R’“έ,132098,“‹“s,’¬“cs,¬R’¬,2020-03-05,20,κΛZ‘ξ,’“Τi—Φjκ,{ω‚µ‚½,‚ ‚θ
ή“,Τγ‚Λ‚η‚Ά,“μ‘ε‘ς,¬R’“έ,132098,“‹“s,’¬“cs,¬R’¬,2020-03-05,21,κΛZ‘ξ,’“Τi—Φjκ,{ω‚µ‚½,‚ ‚θ
ή“,Τγ‚Λ‚η‚Ά,“μ‘ε‘ς,‘εΛ’“έ,132098,“‹“s,’¬“cs,‘΄’¬,2020-05-18,18,‚»‚Μ‘Ό,‚»‚Μ‘Ό,{ω‚µ‚½,‚Θ‚µ
ή“,Τγ‚Λ‚η‚Ά,‚”φ,‚ί‚¶‚λ‘δπ”Τ,132012,“‹“s,”ª‰¤qs,R“c’¬,2020-08-11,20,κΛZ‘ξ,’“Τi—Φjκ,{ω‚µ‚½,‚ ‚θ
ή“,Τγ‚Λ‚η‚Ά,‚”φ,z–Kπ”Τ,132012,“‹“s,”ª‰¤qs,‘εy›’¬,2020-09-03,09,‚»‚Μ‘Ό‚ΜZ‘ξi‚RK‚ΔΘ‰Ί‹¤“―Z‘ξ“™j,’“Τi—Φjκ,{ω‚µ‚½,‚ ‚θ
ή“,Τγ‚Λ‚η‚Ά,‚”φ,‰Ί‰¶•ϋ’“έ,132012,“‹“s,”ª‰¤qs,¬’Γ’¬,2020-07-12,21,’“Τi—Φjκ,’“Τi—Φjκ,{ω‚µ‚½,‚ ‚θ
ή“,Τγ‚Λ‚η‚Ά,‚”φ,Ό›•ϋ’“έ,132012,“‹“s,”ª‰¤qs,‰Ί‰¶•ϋ’¬,2020-08-11,23,κΛZ‘ξ,’“Τi—Φjκ,{ω‚µ‚½,‚ ‚θ
ή“,Τγ‚Λ‚η‚Ά,‘½–€’†‰›,‘εΫπ”Τ,132250,“‹“s,ξιs,‘εΫ,2020-01-21,21,’“Τi—Φjκ,’“Τi—Φjκ,{ω‚µ‚½,‚Θ‚µ
ή“,Τγ‚Λ‚η‚Ά,‘½–€’†‰›,‘εΫπ”Τ,132250,“‹“s,ξιs,‘εΫ,2020-12-20,05,’“Τi—Φjκ,’“Τi—Φjκ,{ω‚µ‚½,‚ ‚θ
ή“,Τγ‚Λ‚η‚Ά,‘½–€’†‰›,–ξ–μϋπ”Τ,132250,“‹“s,ξιs,“’·ΐ,2020-12-14,17,‚»‚Μ‘Ό‚ΜZ‘ξi‚RK‚ΔΘ‰Ί‹¤“―Z‘ξ“™j,’“Τi—Φjκ,{ω‚µ‚½,‚ ‚θ
ή“,Τγ‚Λ‚η‚Ά,‘½–€’†‰›,Aυ›’“έ,132241,“‹“s,‘½–€s,Aυ›‚Q’–Ϊ,2020-03-18,21,‚»‚Μ‘Ό‚ΜZ‘ξi‚RK‚ΔΘ‰Ί‹¤“―Z‘ξ“™j,’“Τi—Φjκ,{ω‚µ‚½,‚ ‚θ
ή“,Τγ‚Λ‚η‚Ά,“‘εa,Oƒc–Ψπ”Τ,132233,“‹“s,•‘ ‘ΊRs,έ‚P’–Ϊ,2020-09-23,00,κΛZ‘ξ,’“Τi—Φjκ,{ω‚µ‚½,‚ ‚θ
ή“,Τγ‚Λ‚η‚Ά,Β”~,V’¬π”Τ,132055,“‹“s,Β”~s,‰Ν•Σ’¬‚V’–Ϊ,2020-04-03,09,’“Τi—Φjκ,’“Τi—Φjκ,{ω‚µ‚½,‚ ‚θ
ή“,Τγ‚Λ‚η‚Ά,Β”~,V’¬π”Τ,132055,“‹“s,Β”~s,V’¬‚R’–Ϊ,2020-03-04,20,‚SK‚ΔΘγ‹¤“―Z‘ξ,’“Τi—Φjκ,{ω‚µ‚½,‚ ‚θ
ή“,Τγ‚Λ‚η‚Ά,Β”~,΅δ’“έ,132055,“‹“s,Β”~s,΅δ‚P’–Ϊ,2020-10-13,11,‚»‚Μ‘Ό‚ΜZ‘ξi‚RK‚ΔΘ‰Ί‹¤“―Z‘ξ“™j,’“Τi—Φjκ,{ω‚µ‚½,‚ ‚θ
ή“,Τγ‚Λ‚η‚Ά,Β”~,΅δ’“έ,132055,“‹“s,Β”~s,“΅‹΄‚Q’–Ϊ,2020-10-14,00,‚»‚Μ‘Ό‚ΜZ‘ξi‚RK‚ΔΘ‰Ί‹¤“―Z‘ξ“™j,’“Τi—Φjκ,{ω‚µ‚½,‚ ‚θ
ή“,Τγ‚Λ‚η‚Ά,Β”~,C‘ς’“έ,133086,“‹“s,‰‘½–€’¬,CΰV,2020-05-08,16,“ΉHγ,‚»‚Μ‘Ό,{ω‚µ‚½,‚Θ‚µ
ή“,Τγ‚Λ‚η‚Ά,Β”~,‰Ν•Σ‰w‘Oπ”Τ,132055,“‹“s,Β”~s,‰Ν•Σ’¬‚U’–Ϊ,2020-07-18,22,κΛZ‘ξ,’“Τi—Φjκ,{ω‚µ‚½,‚ ‚θ
ή“,Τγ‚Λ‚η‚Ά,•¶,“ΰoπ”Τ,132187,“‹“s,•¶s,‘εFμ,2020-02-10,17,‚»‚Μ‘Ό‚ΜZ‘ξi‚RK‚ΔΘ‰Ί‹¤“―Z‘ξ“™j,’“Τi—Φjκ,{ω‚µ‚½,‚Θ‚µ
ή“,Τγ‚Λ‚η‚Ά,•¶,” ªƒPθ–k’“έ,133035,“‹“s,•δ’¬,‘ε” ªƒPθ,2020-02-09,22,’“Τi—Φjκ,’“Τi—Φjκ,{ω‚µ‚½,‚Θ‚µ
ή“,Τγ‚Λ‚η‚Ά,•¶,Ξ”¨’“έ,133035,“‹“s,•δ’¬,‘εΞ”¨,2020-02-10,00,‚»‚Μ‘Ό‚ΜZ‘ξi‚RK‚ΔΘ‰Ί‹¤“―Z‘ξ“™j,’“Τi—Φjκ,{ω‚µ‚½,‚ ‚θ
ή“,Τγ‚Λ‚η‚Ά,•¶,‰H‘ΊΌ’“έ,132276,“‹“s,‰H‘Ίs,‰H‰Α”ό‚Q’–Ϊ,2020-12-05,18,κΛZ‘ξ,‚»‚Μ‘Ό,{ω‚µ‚½,‚ ‚θ
ή“,Τγ‚Λ‚η‚Ά,•¶,_–Ύ‘δπ”Τ,132276,“‹“s,‰H‘Ίs,_–Ύ‘δ‚P’–Ϊ,2020-05-20,21,’“Τi—Φjκ,’“Τi—Φjκ,{ω‚µ‚½,‚ ‚θ
ή“,Τγ‚Λ‚η‚Ά,•¶,–ϋ•½’“έ,132284,“‹“s,‚ ‚«‚ι–μs,‰JΤ,2020-06-29,11,‚»‚Μ‘Ό,’“Τi—Φjκ,{ω‚µ‚½,‚ ‚θ
ή“,Τγ‚Λ‚η‚Ά,•¶,¬μ‰w‘Oπ”Τ,132276,“‹“s,‰H‘Ίs,‰h’¬‚Q’–Ϊ,2020-01-26,17,’“Τi—Φjκ,’“Τi—Φjκ,{ω‚µ‚½,‚ ‚θ
ή“,Τγ‚Λ‚η‚Ά,”ª‰¤q,’†–μπ”Τ,132012,“‹“s,”ª‰¤qs,’†–μγ’¬‚P’–Ϊ,2020-09-04,23,κΛZ‘ξ,’“Τi—Φjκ,{ω‚µ‚½,‚ ‚θ
ή“,Τγ‚Λ‚η‚Ά,”ª‰¤q,•xmXπ”Τ,132012,“‹“s,”ª‰¤qs,—Ξ’¬,2020-02-21,19,“ΉHγ,‚»‚Μ‘Ό,{ω‚µ‚½,‚ ‚θ
ή“,Τγ‚Λ‚η‚Ά,”ª‰¤q,”ª‰¤q‰w–kϋπ”Τ,132012,“‹“s,”ª‰¤qs,”ª“ϊ’¬,2020-07-07,10,“ΉHγ,‚»‚Μ‘Ό,{ω‚µ‚½,‚ ‚θ
ή“,Τγ‚Λ‚η‚Ά,”ª‰¤q,‘εa“cπ”Τ,132012,“‹“s,”ª‰¤qs,‘εa“c’¬‚P’–Ϊ,2020-02-25,20,‚»‚Μ‘Ό‚ΜZ‘ξi‚RK‚ΔΘ‰Ί‹¤“―Z‘ξ“™j,’“Τi—Φjκ,{ω‚µ‚½,‚ ‚θ
ή“,Τγ‚Λ‚η‚Ά,”ª‰¤q,‘εa“cπ”Τ,132012,“‹“s,”ª‰¤qs,‘εa“c’¬‚T’–Ϊ,2020-06-30,11,‚»‚Μ‘Ό,’“Τi—Φjκ,{ω‚µ‚½,‚Θ‚µ
ή“,Τγ‚Λ‚η‚Ά,”ª‰¤q,ΐΛ’“έ,132012,“‹“s,”ª‰¤qs,‹Ε’¬‚Q’–Ϊ,2020-03-15,22,κΛZ‘ξ,’“Τi—Φjκ,{ω‚µ‚½,‚ ‚θ
ή“,Τγ‚Λ‚η‚Ά,”ª‰¤q,¬‹{’¬’“έ,132012,“‹“s,”ª‰¤qs,Ξμ’¬,2020-11-23,17,κΛZ‘ξ,’“Τi—Φjκ,{ω‚µ‚½,‚ ‚θ
ή“,Τγ‚Λ‚η‚Ά,”ª‰¤q,¬‹{’¬’“έ,132012,“‹“s,”ª‰¤qs,¬‹{’¬,2020-11-23,22,κΛZ‘ξ,’“Τi—Φjκ,{ω‚µ‚½,‚ ‚θ
ή“,Τγ‚Λ‚η‚Ά,”ª‰¤q,Ξμ’“έ,132012,“‹“s,”ª‰¤qs,Ξμ’¬,2020-02-25,19,κΛZ‘ξ,’“Τi—Φjκ,{ω‚µ‚½,‚Θ‚µ
ή“,Τγ‚Λ‚η‚Ά,”ª‰¤q,Ξμ’“έ,132012,“‹“s,”ª‰¤qs,‰F’Γ–Ψ’¬,2020-06-30,12,“ΉHγ,‚»‚Μ‘Ό,{ω‚µ‚½,‚ ‚θ
ή“,Τγ‚Λ‚η‚Ά,”ª‰¤q,Ξμ’“έ,132012,“‹“s,”ª‰¤qs,Ξμ’¬,2020-11-24,00,κΛZ‘ξ,’“Τi—Φjκ,{ω‚µ‚½,‚Θ‚µ
ή“,Τγ‚Λ‚η‚Ά,”ª‰¤q,Ά–Ϊπ”Τ,132012,“‹“s,”ª‰¤qs,’†–μ’¬,2020-03-07,17,κΛZ‘ξ,’“Τi—Φjκ,{ω‚µ‚½,‚Θ‚µ
ή“,Τγ‚Λ‚η‚Ά,”ª‰¤q,Ά–Ϊπ”Τ,132012,“‹“s,”ª‰¤qs,Ά–Ϊ’¬,2020-07-21,19,’“Τi—Φjκ,’“Τi—Φjκ,{ω‚µ‚½,‚ ‚θ
ή“,Τγ‚Λ‚η‚Ά,”ª‰¤q,‹{‰Ί’“έ,132012,“‹“s,”ª‰¤qs,¬‹{’¬,2020-06-26,16,“ΉHγ,‚»‚Μ‘Ό,{ω‚µ‚½,‚Θ‚µ
ή“,Τγ‚Λ‚η‚Ά,”ª‰¤q,‹{‰Ί’“έ,132012,“‹“s,”ª‰¤qs,‚’¬,2020-06-23,14,‚»‚Μ‘Ό,’“Τi—Φjκ,{ω‚µ‚½,‚ ‚θ
ή“,Τγ‚Λ‚η‚Ά,”ª‰¤q,–k”ª‰¤qπ”Τ,132012,“‹“s,”ª‰¤qs,Ξμ’¬,2020-06-30,10,‚»‚Μ‘Ό,’“Τi—Φjκ,{ω‚µ‚½,‚Θ‚µ
ή“,Τγ‚Λ‚η‚Ά,”ª‰¤q,–k”ª‰¤qπ”Τ,132012,“‹“s,”ª‰¤qs,Ξμ’¬,2020-07-01,11,‚»‚Μ‘Ό,’“Τi—Φjκ,{ω‚µ‚½,‚Θ‚µ
ή“,Τγ‚Λ‚η‚Ά,”ª‰¤q,–k”ª‰¤qπ”Τ,132012,“‹“s,”ª‰¤qs,Ξμ’¬,2020-07-01,11,‚»‚Μ‘Ό,’“Τi—Φjκ,{ω‚µ‚½,‚ ‚θ
ή“,Τγ‚Λ‚η‚Ά,”ª‰¤q,–k”ª‰¤qπ”Τ,132012,“‹“s,”ª‰¤qs,Ξμ’¬,2020-07-01,13,‚»‚Μ‘Ό,’“Τi—Φjκ,{ω‚µ‚½,‚Θ‚µ
ή“,Τγ‚Λ‚η‚Ά,”ª‰¤q,–k”ª‰¤qπ”Τ,132012,“‹“s,”ª‰¤qs,‘ε’J’¬,2020-06-30,11,κΛZ‘ξ,’“Τi—Φjκ,{ω‚µ‚½,‚Θ‚µ
ή“,Τγ‚Λ‚η‚Ά,”ª‰¤q,–k”ª‰¤qπ”Τ,132012,“‹“s,”ª‰¤qs,‘ε’J’¬,2020-11-23,19,κΛZ‘ξ,’“Τi—Φjκ,{ω‚µ‚½,‚ ‚θ
ή“,Τγ‚Λ‚η‚Ά,’¬“c,’¬“c‰w‘Oπ”Τ,132098,“‹“s,’¬“cs,X–μ‚P’–Ϊ,2020-10-12,15,’“Τi—Φjκ,’“Τi—Φjκ,{ω‚µ‚½,‚Θ‚µ
ή“,Τγ‚Λ‚η‚Ά,’¬“c,’†’¬π”Τ,132098,“‹“s,’¬“cs,’†’¬‚P’–Ϊ,2020-02-22,18,‚SK‚ΔΘγ‹¤“―Z‘ξ,’“Τi—Φjκ,{ω‚µ‚½,‚Θ‚µ
ή“,Τγ‚Λ‚η‚Ά,’¬“c,’ίΤπ”Τ,132098,“‹“s,’¬“cs,‹ΰX‚U’–Ϊ,2020-05-14,23,‚»‚Μ‘Ό‚ΜZ‘ξi‚RK‚ΔΘ‰Ί‹¤“―Z‘ξ“™j,’“Τi—Φjκ,{ω‚µ‚½,‚ ‚θ
ή“,Τγ‚Λ‚η‚Ά,’¬“c,’ίΤπ”Τ,132098,“‹“s,’¬“cs,’ίΤ‚U’–Ϊ,2020-01-26,12,’“Τi—Φjκ,’“Τi—Φjκ,{ω‚µ‚½,‚ ‚θ
ή“,Τγ‚Λ‚η‚Ά,’¬“c,’ίΤπ”Τ,132098,“‹“s,’¬“cs,’ίΤ‚U’–Ϊ,2020-01-26,18,‚SK‚ΔΘγ‹¤“―Z‘ξ,’“Τi—Φjκ,{ω‚µ‚½,‚ ‚θ
ή“,Τγ‚Λ‚η‚Ά,’¬“c,’ίΤπ”Τ,132098,“‹“s,’¬“cs,“μ’¬“c‚S’–Ϊ,2020-02-02,06,‚SK‚ΔΘγ‹¤“―Z‘ξ,’“Τi—Φjκ,{ω‚µ‚½,‚Θ‚µ
ή“,Τγ‚Λ‚η‚Ά,’¬“c,¬£’“έ,132098,“‹“s,’¬“cs,¬£‚U’–Ϊ,2020-08-30,23,’“Τi—Φjκ,’“Τi—Φjκ,{ω‚µ‚½,‚ ‚θ
ή“,Τγ‚Λ‚η‚Ά,’¬“c,“μ‘ε’J’“έ,132098,“‹“s,’¬“cs,“μ‘ε’J,2020-01-23,20,‚»‚Μ‘Ό‚ΜZ‘ξi‚RK‚ΔΘ‰Ί‹¤“―Z‘ξ“™j,’“Τi—Φjκ,{ω‚µ‚½,‚ ‚θ
ή“,Τγ‚Λ‚η‚Ά,’¬“c,ν”Υ’“έ,132098,“‹“s,’¬“cs,ªέ‚P’–Ϊ,2020-01-04,17,’“Τi—Φjκ,’“Τi—Φjκ,{ω‚µ‚½,‚Θ‚µ
ή“,Τγ‚Λ‚η‚Ά,’¬“c,‚Β‚­‚µ–μ‰w‘Oπ”Τ,132098,“‹“s,’¬“cs,‚Β‚­‚µ–μ‚Q’–Ϊ,2020-07-24,12,’“Τi—Φjκ,’“Τi—Φjκ,{ω‚µ‚½,‚Θ‚µ
ή“,Τγ‚Λ‚η‚Ά,“ϊ–μ,‹{’“έ,132128,“‹“s,“ϊ–μs,–θ›‚S’–Ϊ,2020-03-24,06,‚»‚Μ‘Ό,’“Τi—Φjκ,{ω‚µ‚½,‚Θ‚µ
ή“,Τγ‚Λ‚η‚Ά,“ϊ–μ,‘εβγ’“έ,132128,“‹“s,“ϊ–μs,“ϊ–μ‘δ‚P’–Ϊ,2020-02-25,20,κΛZ‘ξ,’“Τi—Φjκ,{ω‚µ‚½,‚Θ‚µ
ή“,Τγ‚Λ‚η‚Ά,“ϊ–μ,‘εβγ’“έ,132128,“‹“s,“ϊ–μs,“ϊ–μ‘δ‚Q’–Ϊ,2020-01-10,19,κΛZ‘ξ,’“Τi—Φjκ,{ω‚µ‚½,‚ ‚θ
ή“,Τγ‚Λ‚η‚Ά,“ϊ–μ,‚”¦•s“®‰w“μϋπ”Τ,132128,“‹“s,“ϊ–μs,“μ•½‚R’–Ϊ,2020-03-08,22,κΛZ‘ξ,’“Τi—Φjκ,{ω‚µ‚½,‚ ‚θ
ή“,Τγ‚Λ‚η‚Ά,Ί“‡,•“‡π”Τ,132071,“‹“s,Ί“‡s,‹½’n’¬‚P’–Ϊ,2020-10-09,21,κΛZ‘ξ,’“Τi—Φjκ,{ω‚µ‚½,‚ ‚θ
ή“,Τγ‚Λ‚η‚Ά,Ί“‡,•“‡π”Τ,132071,“‹“s,Ί“‡s,•“‡’¬‚P’–Ϊ,2020-01-01,21,κΛZ‘ξ,’“Τi—Φjκ,{ω‚µ‚½,‚ ‚θ
ή“,Τγ‚Λ‚η‚Ά,Ί“‡,‘½–€‘ε‹΄π”Τ,132071,“‹“s,Ί“‡s,‹{‘ς’¬‚Q’–Ϊ,2020-04-15,22,κΛZ‘ξ,’“Τi—Φjκ,{ω‚µ‚½,‚Θ‚µ
ή“,Τγ‚Λ‚η‚Ά,—§μ,—§μ‰w“μϋπ”Τ,132021,“‹“s,—§μs,Δθ’¬‚R’–Ϊ,2020-06-03,23,’“Τi—Φjκ,’“Τi—Φjκ,{ω‚µ‚½,‚Θ‚µ
ή“,Τγ‚Λ‚η‚Ά,—§μ,‚Ό’¬π”Τ,132021,“‹“s,—§μs,ς’¬,2020-03-11,15,‚»‚Μ‘Ό,’“Τi—Φjκ,{ω‚µ‚½,‚ ‚θ
ή“,Τγ‚Λ‚η‚Ά,—§μ,’J•Ϋπ”Τ,132152,“‹“s,‘—§s,’J•Ϋ,2020-02-01,07,‚»‚Μ‘Ό‚ΜZ‘ξi‚RK‚ΔΘ‰Ί‹¤“―Z‘ξ“™j,’“Τi—Φjκ,{ω‚µ‚½,‚Θ‚µ
ή“,Τγ‚Λ‚η‚Ά,—§μ,’J•Ϋπ”Τ,132152,“‹“s,‘—§s,ς‚P’–Ϊ,2020-06-03,15,’“Τi—Φjκ,’“Τi—Φjκ,{ω‚µ‚½,‚Θ‚µ
ή“,Τγ‚Λ‚η‚Ά,—§μ,»μl”Τπ”Τ,132021,“‹“s,—§μs,»μ’¬‚S’–Ϊ,2020-03-17,17,κΛZ‘ξ,‚»‚Μ‘Ό,{ω‚µ‚½,‚ ‚θ
ή“,Τγ‚Λ‚η‚Ά,—§μ,»μl”Τπ”Τ,132021,“‹“s,—§μs,»μ’¬‚W’–Ϊ,2020-06-19,21,κΛZ‘ξ,‚»‚Μ‘Ό,{ω‚µ‚½,‚ ‚θ
ή“,Τγ‚Λ‚η‚Ά,—§μ,»μ”ª”Τπ”Τ,132021,“‹“s,—§μs,K’¬‚R’–Ϊ,2020-02-14,23,‚»‚Μ‘Ό‚ΜZ‘ξi‚RK‚ΔΘ‰Ί‹¤“―Z‘ξ“™j,’“Τi—Φjκ,{ω‚µ‚½,‚Θ‚µ
ή“,Τγ‚Λ‚η‚Ά,—§μ,»μ”ª”Τπ”Τ,132021,“‹“s,—§μs,K’¬‚S’–Ϊ,2020-02-14,22,κΛZ‘ξ,’“Τi—Φjκ,{ω‚µ‚½,‚Θ‚µ
ή“,Τγ‚Λ‚η‚Ά,—§μ,»μ”ª”Τπ”Τ,132021,“‹“s,—§μs,K’¬‚U’–Ϊ,2020-02-14,19,κΛZ‘ξ,’“Τi—Φjκ,{ω‚µ‚½,‚ ‚θ
ή“,Τγ‚Λ‚η‚Ά,•{’†,¥­π”Τ,132063,“‹“s,•{’†s,¥­‚Q’–Ϊ,2020-11-13,20,‚»‚Μ‘Ό‚ΜZ‘ξi‚RK‚ΔΘ‰Ί‹¤“―Z‘ξ“™j,’“Τi—Φjκ,{ω‚µ‚½,‚ ‚θ
ή“,Τγ‚Λ‚η‚Ά,¬‹ΰδ,υ’¬π”Τ,132144,“‹“s,‘•ª›s,‚–Ψ’¬‚P’–Ϊ,2020-01-12,15,κΛZ‘ξ,’“Τi—Φjκ,{ω‚µ‚½,‚ ‚θ
ή“,Τγ‚Λ‚η‚Ά,¬‹ΰδ,υ’¬π”Τ,132144,“‹“s,‘•ª›s,‚–Ψ’¬‚P’–Ϊ,2020-03-25,20,“ΉHγ,‚»‚Μ‘Ό,{ω‚µ‚½,‚ ‚θ
ή“,Τγ‚Λ‚η‚Ά,¬‹ΰδ,Ό’¬π”Τ,132144,“‹“s,‘•ª›s,Ό’¬‚T’–Ϊ,2020-12-15,20,κΛZ‘ξ,’“Τi—Φjκ,{ω‚µ‚½,‚Θ‚µ
ή“,Τγ‚Λ‚η‚Ά,“c–³,‚Π‚Ξ‚θ‚ª‹u’c’nπ”Τ,132225,“‹“s,“‹v—―•Δs,“μ’¬‚R’–Ϊ,2020-07-19,18,’“Τi—Φjκ,’“Τi—Φjκ,{ω‚µ‚½,‚ ‚θ
ή“,Τγ‚Λ‚η‚Ά,“c–³,•Ϋ’JV’¬π”Τ,132292,“‹“s,Ό“‹s,V’¬‚U’–Ϊ,2020-02-16,17,κΛZ‘ξ,‚»‚Μ‘Ό,{ω‚µ‚½,‚ ‚θ
ή“,Τγ‚Λ‚η‚Ά,“c–³,‘κRπ”Τ,132225,“‹“s,“‹v—―•Δs,–φE‚T’–Ϊ,2020-07-08,20,‚SK‚ΔΘγ‹¤“―Z‘ξ,’“Τi—Φjκ,{ω‚µ‚½,‚ ‚θ
ή“,Τγ‚Λ‚η‚Ά,“c–³,‰Ί—Ά’“έ,132225,“‹“s,“‹v—―•Δs,‰Ί—Ά‚Q’–Ϊ,2020-03-10,00,‚»‚Μ‘Ό‚ΜZ‘ξi‚RK‚ΔΘ‰Ί‹¤“―Z‘ξ“™j,’“Τi—Φjκ,{ω‚µ‚½,‚ ‚θ
ή“,Τγ‚Λ‚η‚Ά,“c–³,“‹v—―•Δ‰w‘Oπ”Τ,132225,“‹“s,“‹v—―•Δs,Vμ’¬‚P’–Ϊ,2020-07-24,15,κΛZ‘ξ,‚»‚Μ‘Ό,{ω‚µ‚½,‚Θ‚µ
ή“,Τγ‚Λ‚η‚Ά,“‘ΊR,“‘ΊR‰w‘Oπ”Τ,132136,“‹“s,“‘ΊRs,‰¶‘½’¬‚S’–Ϊ,2020-11-18,20,‚SK‚ΔΘγ‹¤“―Z‘ξ,’“Τi—Φjκ,{ω‚µ‚½,‚ ‚θ
ή“,Τγ‚Λ‚η‚Ά,“‘ΊR,”ªβπ”Τ,132136,“‹“s,“‘ΊRs,•xm©’¬‚R’–Ϊ,2020-12-04,17,κΛZ‘ξ,’“Τi—Φjκ,{ω‚µ‚½,‚ ‚θ
ή“,Τγ‚Λ‚η‚Ά,“‘ΊR,”~‰€’“έ,132217,“‹“s,΄£s,–μ‰–‚R’–Ϊ,2020-11-22,22,‚»‚Μ‘Ό,’“Τi—Φjκ,{ω‚µ‚½,‚Θ‚µ
ή“,Τγ‚Λ‚η‚Ά,“‘ΊR,H’Γ‰w‘Oπ”Τ,132136,“‹“s,“‘ΊRs,H’Γ’¬‚S’–Ϊ,2020-11-23,12,κΛZ‘ξ,‚»‚Μ‘Ό,{ω‚µ‚½,‚Θ‚µ
ή“,Τγ‚Λ‚η‚Ά,“‘ΊR,H’Γ‰w‘Oπ”Τ,132217,“‹“s,΄£s,–μ‰–‚P’–Ϊ,2020-10-19,20,κΛZ‘ξ,’“Τi—Φjκ,{ω‚µ‚½,‚Θ‚µ
ή“,Τγ‚Λ‚η‚Ά,“‘ΊR,H’Γ‰w‘Oπ”Τ,132217,“‹“s,΄£s,–μ‰–‚P’–Ϊ,2020-11-23,20,κΛZ‘ξ,’“Τi—Φjκ,{ω‚µ‚½,‚Θ‚µ
ή“,Τγ‚Λ‚η‚Ά,“‘ΊR,Β—t’“έ,132136,“‹“s,“‘ΊRs,Β—t’¬‚Q’–Ϊ,2020-12-17,16,‚SK‚ΔΘγ‹¤“―Z‘ξ,’“Τi—Φjκ,{ω‚µ‚½,‚Θ‚µ
ή“,Τγ‚Λ‚η‚Ά,O‘ι,‘ε‘ςπ”Τ,132047,“‹“s,O‘ιs,‘ε‘ς‚P’–Ϊ,2020-10-01,21,‚»‚Μ‘Ό‚ΜZ‘ξi‚RK‚ΔΘ‰Ί‹¤“―Z‘ξ“™j,’“Τi—Φjκ,{ω‚µ‚½,‚ ‚θ
ή“,Τγ‚Λ‚η‚Ά,O‘ι,–k–μ’“έ,132047,“‹“s,O‘ιs,–k–μ‚S’–Ϊ,2020-09-06,23,’“Τi—Φjκ,’“Τi—Φjκ,{ω‚µ‚½,‚ ‚θ
ή“,Τγ‚Λ‚η‚Ά,’²•z,”ς“c‹‹‰w‘Oπ”Τ,132080,“‹“s,’²•zs,”ς“c‹‹‚R’–Ϊ,2020-11-06,02,’“Τi—Φjκ,’“Τi—Φjκ,{ω‚µ‚½,‚ ‚θ
ή“,Τγ‚Λ‚η‚Ά,¬•½,γhπ”Τ,132110,“‹“s,¬•½s,¬μ’¬‚P’–Ϊ,2020-02-07,19,’“Τi—Φjκ,’“Τi—Φjκ,{ω‚µ‚½,‚ ‚θ
ή“,Τγ‚Λ‚η‚Ά,’†‰›,–{’¬π”Τ,131024,“‹“s,’†‰›‹ζ,“ϊ–{‹΄–{’¬‚S’–Ϊ,2020-05-14,19,“ΉHγ,‚»‚Μ‘Ό,{ω‚Ή‚Έ,‚ ‚θ
ή“,Τγ‚Λ‚η‚Ά,’†‰›,–{’¬π”Τ,131024,“‹“s,’†‰›‹ζ,“ϊ–{‹΄–{’¬‚S’–Ϊ,2020-12-22,11,“ΉHγ,‚»‚Μ‘Ό,{ω‚Ή‚Έ,‚ ‚θ
ή“,Τγ‚Λ‚η‚Ά,’†‰›,“ϊ–{‹΄π”Τ,131024,“‹“s,’†‰›‹ζ,“ϊ–{‹΄–{’¬‚P’–Ϊ,2020-12-25,22,“ΉHγ,‚»‚Μ‘Ό,{ω‚Ή‚Έ,‚ ‚θ
ή“,Τγ‚Λ‚η‚Ά,’†‰›,κ’¬π”Τ,131024,“‹“s,’†‰›‹ζ,“ϊ–{‹΄•’¬,2020-02-18,09,“ΉHγ,‚»‚Μ‘Ό,{ω‚Ή‚Έ,‚Θ‚µ
ή“,Τγ‚Λ‚η‚Ά,’†‰›,‚‹΄π”Τ,131024,“‹“s,’†‰›‹ζ,Vμ‚Q’–Ϊ,2020-02-19,07,’“Τi—Φjκ,’“Τi—Φjκ,{ω‚Ή‚Έ,‚Θ‚µ
ή“,Τγ‚Λ‚η‚Ά,[μ,X‰Ίπ”Τ,131083,“‹“s,]“‹ζ,X‰Ί‚P’–Ϊ,2020-12-17,17,“ΉHγ,‚»‚Μ‘Ό,{ω‚Ή‚Έ,‚Θ‚µ
ή“,Τγ‚Λ‚η‚Ά,[μ,X‰Ίπ”Τ,131083,“‹“s,]“‹ζ,X‰Ί‚T’–Ϊ,2020-10-25,13,“ΉHγ,‚»‚Μ‘Ό,{ω‚Ή‚Έ,‚ ‚θ
ή“,Τγ‚Λ‚η‚Ά,[μ,Z‹gπ”Τ,131083,“‹“s,]“‹ζ,‰]‚Q’–Ϊ,2020-03-27,21,‚»‚Μ‘Ό,’“Τi—Φjκ,{ω‚Ή‚Έ,‚Θ‚µ
ή“,Τγ‚Λ‚η‚Ά,[μ,Z‹gπ”Τ,131083,“‹“s,]“‹ζ,–Ρ—‚Q’–Ϊ,2020-02-06,16,“ΉHγ,‚»‚Μ‘Ό,{ω‚Ή‚Έ,‚ ‚θ
ή“,Τγ‚Λ‚η‚Ά,[μ,Z‹gπ”Τ,131083,“‹“s,]“‹ζ,–Ρ—‚Q’–Ϊ,2020-09-17,16,‚»‚Μ‘Ό,‚»‚Μ‘Ό,{ω‚Ή‚Έ,‚ ‚θ
ή“,Τγ‚Λ‚η‚Ά,[μ,“—zπ”Τ,131083,“‹“s,]“‹ζ,–Ψκ‚U’–Ϊ,2020-01-31,10,‚»‚Μ‘Ό,‚»‚Μ‘Ό,{ω‚Ή‚Έ,‚ ‚θ
ή“,Τγ‚Λ‚η‚Ά,[μ,“—zπ”Τ,131083,“‹“s,]“‹ζ,‰–•l‚Q’–Ϊ,2020-01-13,19,‚»‚Μ‘Ό,‚»‚Μ‘Ό,{ω‚Ή‚Έ,‚Θ‚µ
ή“,Τγ‚Λ‚η‚Ά,[μ,“—zπ”Τ,131083,“‹“s,]“‹ζ,“—z‚R’–Ϊ,2020-02-24,13,‚»‚Μ‘Ό,‚»‚Μ‘Ό,{ω‚Ή‚Έ,‚ ‚θ
ή“,Τγ‚Λ‚η‚Ά,[μ,“—zπ”Τ,131083,“‹“s,]“‹ζ,“—z‚R’–Ϊ,2020-04-07,13,“ΉHγ,‚»‚Μ‘Ό,{ω‚Ή‚Έ,‚ ‚θ
ή“,Τγ‚Λ‚η‚Ά,[μ,“—zπ”Τ,131083,“‹“s,]“‹ζ,“—z‚S’–Ϊ,2020-05-11,20,“ΉHγ,‚»‚Μ‘Ό,{ω‚Ή‚Έ,‚Θ‚µ
ή“,Τγ‚Λ‚η‚Ά,[μ,“—zπ”Τ,131083,“‹“s,]“‹ζ,“—z‚T’–Ϊ,2020-09-18,15,“ΉHγ,‚»‚Μ‘Ό,{ω‚Ή‚Έ,‚Θ‚µ
ή“,Τγ‚Λ‚η‚Ά,[μ,“—zπ”Τ,131083,“‹“s,]“‹ζ,“—z‚T’–Ϊ,2020-10-24,09,“ΉHγ,‚»‚Μ‘Ό,{ω‚Ή‚Έ,‚ ‚θ
ή“,Τγ‚Λ‚η‚Ά,[μ,–ε‘O’‡’¬π”Τ,131083,“‹“s,]“‹ζ,‰i‘γ‚Q’–Ϊ,2020-10-12,08,‚SK‚ΔΘγ‹¤“―Z‘ξ,’“Τi—Φjκ,{ω‚Ή‚Έ,‚ ‚θ
ή“,Τγ‚Λ‚η‚Ά,[μ,–ε‘O’‡’¬π”Τ,131083,“‹“s,]“‹ζ,ΓΞκ‚P’–Ϊ,2020-10-31,15,‚SK‚ΔΘγ‹¤“―Z‘ξ,’“Τi—Φjκ,{ω‚Ή‚Έ,‚Θ‚µ
ή“,Τγ‚Λ‚η‚Ά,[μ,–ε‘O’‡’¬π”Τ,131083,“‹“s,]“‹ζ,‰²’O‚P’–Ϊ,2020-06-24,16,‚SK‚ΔΘγ‹¤“―Z‘ξ,’“Τi—Φjκ,{ω‚Ή‚Έ,‚Θ‚µ
ή“,Τγ‚Λ‚η‚Ά,[μ,η“cπ”Τ,131083,“‹“s,]“‹ζ,ξ‹΄‚R’–Ϊ,2020-01-31,16,“ΉHγ,‚»‚Μ‘Ό,{ω‚Ή‚Έ,‚ ‚θ
ή“,Τγ‚Λ‚η‚Ά,[μ,η“cπ”Τ,131083,“‹“s,]“‹ζ,“—z‚U’–Ϊ,2020-05-15,15,‚»‚Μ‘Ό,‚»‚Μ‘Ό,{ω‚Ή‚Έ,‚ ‚θ
ή“,Τγ‚Λ‚η‚Ά,[μ,–LFπ”Τ,131083,“‹“s,]“‹ζ,–LF‚R’–Ϊ,2020-09-16,19,“ΉHγ,‚»‚Μ‘Ό,{ω‚Ή‚Έ,‚Θ‚µ
ή“,Τγ‚Λ‚η‚Ά,[μ,–LFπ”Τ,131083,“‹“s,]“‹ζ,–LF‚U’–Ϊ,2020-12-02,03,‚»‚Μ‘Ό,’“Τi—Φjκ,{ω‚Ή‚Έ,‚Θ‚µ
ή“,Τγ‚Λ‚η‚Ά,[μ,»‘γ”όpΩ‘Oπ”Τ,131083,“‹“s,]“‹ζ,”’‰Ν‚Q’–Ϊ,2020-11-26,10,“ΉHγ,‚»‚Μ‘Ό,{ω‚Ή‚Έ,‚ ‚θ
ή“,Τγ‚Λ‚η‚Ά,[μ,»‘γ”όpΩ‘Oπ”Τ,131083,“‹“s,]“‹ζ,OD‚R’–Ϊ,2020-03-24,14,“ΉHγ,‚»‚Μ‘Ό,{ω‚Ή‚Έ,‚ ‚θ
ή“,Τγ‚Λ‚η‚Ά,[μ,}μπ”Τ,131083,“‹“s,]“‹ζ,‰–•l‚P’–Ϊ,2020-01-17,10,‚SK‚ΔΘγ‹¤“―Z‘ξ,’“Τi—Φjκ,{ω‚Ή‚Έ,‚Θ‚µ
ή“,Τγ‚Λ‚η‚Ά,’¬,’¬l’–Ϊπ”Τ,131016,“‹“s,η‘γ“c‹ζ,‰i“c’¬‚Q’–Ϊ,2020-06-01,13,‚»‚Μ‘Ό,’“Τi—Φjκ,{ω‚Ή‚Έ,‚ ‚θ
ή“,Τγ‚Λ‚η‚Ά,Ϋ‚Μ“ΰ,—Ly’¬‰w‘Oπ”Τ,131016,“‹“s,η‘γ“c‹ζ,—Ly’¬‚P’–Ϊ,2020-10-13,12,‚»‚Μ‘Ό,’“Τi—Φjκ,{ω‚Ή‚Έ,‚ ‚θ
ή“,Τγ‚Λ‚η‚Ά,Ϋ‚Μ“ΰ,“‹‰w‘Oπ”Τ,131016,“‹“s,η‘γ“c‹ζ,Ϋ‚Μ“ΰ‚P’–Ϊ,2020-06-24,13,‚»‚Μ‘Ό,’“Τi—Φjκ,{ω‚Ή‚Έ,‚ ‚θ
ή“,Τγ‚Λ‚η‚Ά,Ϋ‚Μ“ΰ,“‹‰w‘Oπ”Τ,131016,“‹“s,η‘γ“c‹ζ,Ϋ‚Μ“ΰ‚Q’–Ϊ,2020-11-24,09,“ΉHγ,‚»‚Μ‘Ό,{ω‚Ή‚Έ,‚Θ‚µ
ή“,Τγ‚Λ‚η‚Ά,_“c,i’¬π”Τ,131016,“‹“s,η‘γ“c‹ζ,“ΰ_“c‚R’–Ϊ,2020-12-25,10,“ΉHγ,‚»‚Μ‘Ό,{ω‚Ή‚Έ,‚ ‚θ
ή“,Τγ‚Λ‚η‚Ά,_“c,‚¨’ƒ‚Μ…π”Τ,131016,“‹“s,η‘γ“c‹ζ,_“cx‰Ν‘δ‚Q’–Ϊ,2020-08-16,15,‚»‚Μ‘Ό,‚»‚Μ‘Ό,{ω‚Ή‚Έ,‚ ‚θ
ή“,Τγ‚Λ‚η‚Ά,_“c,_•Ϋ’¬π”Τ,131016,“‹“s,η‘γ“c‹ζ,_“c_•Ϋ’¬‚P’–Ϊ,2020-03-31,07,‚»‚Μ‘Ό,‚»‚Μ‘Ό,{ω‚Ή‚Έ,‚Θ‚µ
ή“,Τγ‚Λ‚η‚Ά,_“c,_•Ϋ’¬π”Τ,131016,“‹“s,η‘γ“c‹ζ,_“c_•Ϋ’¬‚P’–Ϊ,2020-10-12,13,“ΉHγ,‚»‚Μ‘Ό,{ω‚Ή‚Έ,‚Θ‚µ
ή“,Τγ‚Λ‚η‚Ά,_“c,…“Ή‹΄‰w‘Oπ”Τ,131016,“‹“s,η‘γ“c‹ζ,_“c_•Ϋ’¬‚Q’–Ϊ,2020-07-26,06,“ΉHγ,‚»‚Μ‘Ό,{ω‚Ή‚Έ,‚Θ‚µ
ή“,Τγ‚Λ‚η‚Ά,_“c,…“Ή‹΄‰w‘Oπ”Τ,131016,“‹“s,η‘γ“c‹ζ,Ό_“c‚Q’–Ϊ,2020-08-12,06,‚»‚Μ‘Ό,‚»‚Μ‘Ό,{ω‚Ή‚Έ,‚ ‚θ
ή“,Τγ‚Λ‚η‚Ά,_“c,…“Ή‹΄‰w‘Oπ”Τ,131016,“‹“s,η‘γ“c‹ζ,_“cOθ’¬‚R’–Ϊ,2020-10-15,20,“ΉHγ,‚»‚Μ‘Ό,{ω‚Ή‚Έ,‚Θ‚µ
ή“,Τγ‚Λ‚η‚Ά,–Ά‹΄,β–{’¬π”Τ,131016,“‹“s,η‘γ“c‹ζ,_“c“Ό‰Ί’¬,2020-01-29,21,“ΉHγ,‚»‚Μ‘Ό,{ω‚Ή‚Έ,‚Θ‚µ
ή“,Τγ‚Λ‚η‚Ά,–Ά‹΄,”ό‘q‹΄π”Τ,131016,“‹“s,η‘γ“c‹ζ,_“caς’¬,2020-11-19,17,“ΉHγ,‚»‚Μ‘Ό,{ω‚Ή‚Έ,‚ ‚θ
ή“,Τγ‚Λ‚η‚Ά,–Ά‹΄,H—t΄π”Τ,131016,“‹“s,η‘γ“c‹ζ,O_“c‚P’–Ϊ,2020-09-05,21,’“Τi—Φjκ,’“Τi—Φjκ,{ω‚Ή‚Έ,‚Θ‚µ
ή“,Τγ‚Λ‚η‚Ά,–Ά‹΄,H—t΄π”Τ,131016,“‹“s,η‘γ“c‹ζ,O_“c‚S’–Ϊ,2020-03-13,18,’“Τi—Φjκ,’“Τi—Φjκ,{ω‚Ή‚Έ,‚Θ‚µ
ή“,Τγ‚Λ‚η‚Ά,–Ά‹΄,H—t΄π”Τ,131016,“‹“s,η‘γ“c‹ζ,O_“c‚S’–Ϊ,2020-05-17,14,“ΉHγ,‚»‚Μ‘Ό,{ω‚Ή‚Έ,‚ ‚θ
ή“,Τγ‚Λ‚η‚Ά,–Ά‹΄,H—t΄π”Τ,131016,“‹“s,η‘γ“c‹ζ,O_“c‚S’–Ϊ,2020-12-21,19,“ΉHγ,‚»‚Μ‘Ό,{ω‚Ή‚Έ,‚Θ‚µ
ή“,Τγ‚Λ‚η‚Ά,–Ά‹΄,H—t΄π”Τ,131016,“‹“s,η‘γ“c‹ζ,O_“c‚U’–Ϊ,2020-03-10,08,’“Τi—Φjκ,’“Τi—Φjκ,{ω‚Ή‚Έ,‚Θ‚µ
ή“,Τγ‚Λ‚η‚Ά,–Ά‹΄,H—t΄π”Τ,131016,“‹“s,η‘γ“c‹ζ,O_“c‚U’–Ϊ,2020-07-28,15,“ΉHγ,‚»‚Μ‘Ό,{ω‚Ή‚Έ,‚Θ‚µ
ή“,Τγ‚Λ‚η‚Ά,‹vΌ,…“V‹{‘Oπ”Τ,131024,“‹“s,’†‰›‹ζ,“ϊ–{‹΄¬–Τ’¬,2020-01-30,12,“ΉHγ,‚»‚Μ‘Ό,{ω‚Ή‚Έ,‚ ‚θ
ή“,Τγ‚Λ‚η‚Ά,‹vΌ,…“V‹{‘Oπ”Τ,131024,“‹“s,’†‰›‹ζ,“ϊ–{‹΄l`’¬‚Q’–Ϊ,2020-04-25,11,“ΉHγ,‚»‚Μ‘Ό,{ω‚Ή‚Έ,‚ ‚θ
ή“,Τγ‚Λ‚η‚Ά,‹vΌ,…“V‹{‘Oπ”Τ,131024,“‹“s,’†‰›‹ζ,“ϊ–{‹΄l`’¬‚Q’–Ϊ,2020-09-14,10,’“Τi—Φjκ,’“Τi—Φjκ,{ω‚Ή‚Έ,‚ ‚θ
ή“,Τγ‚Λ‚η‚Ά,‹vΌ,““ϊ–{‹΄π”Τ,131024,“‹“s,’†‰›‹ζ,“ϊ–{‹΄”n‹ς’¬‚P’–Ϊ,2020-06-18,12,“ΉHγ,‚»‚Μ‘Ό,{ω‚Ή‚Έ,‚ ‚θ
ή“,Τγ‚Λ‚η‚Ά,‹vΌ,““ϊ–{‹΄π”Τ,131024,“‹“s,’†‰›‹ζ,“ϊ–{‹΄”n‹ς’¬‚P’–Ϊ,2020-07-14,03,“ΉHγ,‚»‚Μ‘Ό,{ω‚Ή‚Έ,‚ ‚θ
ή“,Τγ‚Λ‚η‚Ά,‹vΌ,–β‰®‹΄π”Τ,131024,“‹“s,’†‰›‹ζ,“ϊ–{‹΄¬–Τ’¬,2020-12-27,11,“ΉHγ,‚»‚Μ‘Ό,{ω‚Ή‚Έ,‚ ‚θ
ή“,Τγ‚Λ‚η‚Ά,‹vΌ,–β‰®‹΄π”Τ,131024,“‹“s,’†‰›‹ζ,“ϊ–{‹΄l`’¬‚P’–Ϊ,2020-12-15,13,“ΉHγ,‚»‚Μ‘Ό,{ω‚Ή‚Έ,‚ ‚θ
ή“,Τγ‚Λ‚η‚Ά,‹vΌ,–β‰®‹΄π”Τ,131024,“‹“s,’†‰›‹ζ,“ϊ–{‹΄‹vΌ’¬,2020-07-03,10,‚»‚Μ‘Ό,‚»‚Μ‘Ό,{ω‚Ή‚Έ,‚ ‚θ
ή“,Τγ‚Λ‚η‚Ά,‹vΌ,–β‰®‹΄π”Τ,131024,“‹“s,’†‰›‹ζ,“ϊ–{‹΄‰΅R’¬,2020-03-10,13,“ΉHγ,‚»‚Μ‘Ό,{ω‚Ή‚Έ,‚Θ‚µ
ή“,Τγ‚Λ‚η‚Ά,’z’n,‹βΐκ’–Ϊπ”Τ,131024,“‹“s,’†‰›‹ζ,‹βΐ‚P’–Ϊ,2020-03-05,08,“ΉHγ,‚»‚Μ‘Ό,{ω‚Ή‚Έ,‚Θ‚µ
ή“,Τγ‚Λ‚η‚Ά,’z’n,‹βΐκ’–Ϊπ”Τ,131024,“‹“s,’†‰›‹ζ,‹βΐ‚P’–Ϊ,2020-06-17,16,“ΉHγ,‚»‚Μ‘Ό,{ω‚Ή‚Έ,‚ ‚θ
ή“,Τγ‚Λ‚η‚Ά,’z’n,”ρ‰®‹΄π”Τ,131024,“‹“s,’†‰›‹ζ,‹βΐ‚R’–Ϊ,2020-09-25,17,“ΉHγ,‚»‚Μ‘Ό,{ω‚Ή‚Έ,‚ ‚θ
ή“,Τγ‚Λ‚η‚Ά,’z’n,‹βΐ”ª’–Ϊπ”Τ,131024,“‹“s,’†‰›‹ζ,‹βΐ‚U’–Ϊ,2020-06-05,10,’“Τi—Φjκ,’“Τi—Φjκ,{ω‚Ή‚Έ,‚Θ‚µ
ή“,Τγ‚Λ‚η‚Ά,’z’n,‹βΐ”ª’–Ϊπ”Τ,131024,“‹“s,’†‰›‹ζ,‹βΐ‚V’–Ϊ,2020-12-06,12,’“Τi—Φjκ,’“Τi—Φjκ,{ω‚Ή‚Έ,‚Θ‚µ
ή“,Τγ‚Λ‚η‚Ά,’z’n,V•x’¬π”Τ,131024,“‹“s,’†‰›‹ζ,’z’n‚Q’–Ϊ,2020-04-24,19,“ΉHγ,‚»‚Μ‘Ό,{ω‚Ή‚Έ,‚Θ‚µ
ή“,Τγ‚Λ‚η‚Ά,“‡,’Οπ”Τ,131024,“‹“s,’†‰›‹ζ,’Ο‚Q’–Ϊ,2020-03-21,14,‚»‚Μ‘Ό‚ΜZ‘ξi‚RK‚ΔΘ‰Ί‹¤“―Z‘ξ“™j,‚»‚Μ‘Ό,{ω‚Ή‚Έ,‚ ‚θ
ή“,Τγ‚Λ‚η‚Ά,“‡,‚Η‚«‹΄π”Τ,131024,“‹“s,’†‰›‹ζ,‚Η‚«‚P’–Ϊ,2020-09-12,20,‚SK‚ΔΘγ‹¤“―Z‘ξ,’“Τi—Φjκ,{ω‚Ή‚Έ,‚Θ‚µ
ή“,Τγ‚Λ‚η‚Ά,“‡,‚Η‚«‹΄π”Τ,131024,“‹“s,’†‰›‹ζ,‚Η‚«‚S’–Ϊ,2020-08-23,23,“ΉHγ,‚»‚Μ‘Ό,{ω‚Ή‚Έ,‚Θ‚µ
ή“,Τγ‚Λ‚η‚Ά,¤“†,V‹΄O’–Ϊπ”Τ,131032,“‹“s,`‹ζ,ΌV‹΄‚Q’–Ϊ,2020-06-30,15,’“Τi—Φjκ,’“Τi—Φjκ,{ω‚Ή‚Έ,‚Θ‚µ
ή“,Τγ‚Λ‚η‚Ά,¤“†,‘ε–επ”Τ,131032,“‹“s,`‹ζ,Ε‘ε–ε‚P’–Ϊ,2020-07-20,10,“ΉHγ,‚»‚Μ‘Ό,{ω‚Ή‚Έ,‚ ‚θ
ή“,Τγ‚Λ‚η‚Ά,O“c,O“cj’¬π”Τ,131032,“‹“s,`‹ζ,O“c‚Q’–Ϊ,2020-11-11,07,‚SK‚ΔΘγ‹¤“―Z‘ξ,‚»‚Μ‘Ό,{ω‚Ή‚Έ,‚ ‚θ
ή“,Τγ‚Λ‚η‚Ά,O“c,O“c’Κπ”Τ,131032,“‹“s,`‹ζ,Cέ‚R’–Ϊ,2020-07-22,15,‚SK‚ΔΘγ‹¤“―Z‘ξ,’“Τi—Φjκ,{ω‚Ή‚Έ,‚Θ‚µ
ή“,Τγ‚Λ‚η‚Ά,‚—Φ,•iμ‰w`“μϋπ”Τ,131032,“‹“s,`‹ζ,`“μ‚Q’–Ϊ,2020-04-26,13,“ΉHγ,‚»‚Μ‘Ό,{ω‚Ή‚Έ,‚ ‚θ
ή“,Τγ‚Λ‚η‚Ά,–ƒ•z,κ”V‹΄π”Τ,131032,“‹“s,`‹ζ,–ƒ•z\”Τ‚Q’–Ϊ,2020-03-17,09,“ΉHγ,‚»‚Μ‘Ό,{ω‚Ή‚Έ,‚ ‚θ
ή“,Τγ‚Λ‚η‚Ά,–ƒ•z,κ”V‹΄π”Τ,131032,“‹“s,`‹ζ,–ƒ•z\”Τ‚Q’–Ϊ,2020-12-05,12,“ΉHγ,‚»‚Μ‘Ό,{ω‚Ή‚Έ,‚ ‚θ
ή“,Τγ‚Λ‚η‚Ά,–ƒ•z,κ”V‹΄π”Τ,131032,“‹“s,`‹ζ,–ƒ•z\”Τ‚S’–Ϊ,2020-01-23,01,’“Τi—Φjκ,’“Τi—Φjκ,{ω‚Ή‚Έ,‚ ‚θ
ή“,Τγ‚Λ‚η‚Ά,–ƒ•z,Ό–ƒ•zπ”Τ,131032,“‹“s,`‹ζ,Ό–ƒ•z‚Q’–Ϊ,2020-11-30,20,‚SK‚ΔΘγ‹¤“―Z‘ξ,‚»‚Μ‘Ό,{ω‚Ή‚Έ,‚Θ‚µ
ή“,Τγ‚Λ‚η‚Ά,–ƒ•z,Z–{–Ψπ”Τ,131032,“‹“s,`‹ζ,Z–{–Ψ‚P’–Ϊ,2020-01-09,19,“ΉHγ,‚»‚Μ‘Ό,{ω‚Ή‚Έ,‚Θ‚µ
ή“,Τγ‚Λ‚η‚Ά,–ƒ•z,Z–{–Ψπ”Τ,131032,“‹“s,`‹ζ,Z–{–Ψ‚T’–Ϊ,2020-12-26,08,‚SK‚ΔΘγ‹¤“―Z‘ξ,’“Τi—Φjκ,{ω‚Ή‚Έ,‚Θ‚µ
ή“,Τγ‚Λ‚η‚Ά,–ƒ•z,Z–{–ΨZ’–Ϊπ”Τ,131032,“‹“s,`‹ζ,Z–{–Ψ‚U’–Ϊ,2020-05-14,14,“ΉHγ,‚»‚Μ‘Ό,{ω‚Ή‚Έ,‚ ‚θ
ή“,Τγ‚Λ‚η‚Ά,Τβ,Τβ©•π”Τ,131032,“‹“s,`‹ζ,Τβ‚T’–Ϊ,2020-01-15,00,“ΉHγ,‚»‚Μ‘Ό,{ω‚Ή‚Έ,‚ ‚θ
ή“,Τγ‚Λ‚η‚Ά,Τβ,ΒRκ’–Ϊπ”Τ,131032,“‹“s,`‹ζ,Τβ‚W’–Ϊ,2020-11-06,15,’“Τi—Φjκ,’“Τi—Φjκ,{ω‚Ή‚Έ,‚Θ‚µ
ή“,Τγ‚Λ‚η‚Ά,“‹pέ,‘ζά‘δκπ”Τ,131091,“‹“s,•iμ‹ζ,“•iμ‚T’–Ϊ,2020-06-05,08,‚»‚Μ‘Ό,‚»‚Μ‘Ό,{ω‚Ή‚Έ,‚ ‚θ
ή“,Τγ‚Λ‚η‚Ά,“‹pέ,‘ε“csκ‘Oπ”Τ,131113,“‹“s,‘ε“c‹ζ,“C‚R’–Ϊ,2020-06-19,23,‚»‚Μ‘Ό,‚»‚Μ‘Ό,{ω‚Ή‚Έ,‚ ‚θ
ή“,Τγ‚Λ‚η‚Ά,“‹pέ,‘ε“csκ‘Oπ”Τ,131113,“‹“s,‘ε“c‹ζ,“C‚R’–Ϊ,2020-07-21,20,‚»‚Μ‘Ό,‚»‚Μ‘Ό,{ω‚Ή‚Έ,‚Θ‚µ
ή“,Τγ‚Λ‚η‚Ά,“‹pέ,‚¨‘δκC•lφ‰€‰w‘Oπ”Τ,131032,“‹“s,`‹ζ,‘δκ‚P’–Ϊ,2020-05-14,07,‚»‚Μ‘Ό,‚»‚Μ‘Ό,{ω‚Ή‚Έ,‚Θ‚µ
ή“,Τγ‚Λ‚η‚Ά,“‹pέ,‚¨‘δκC•lφ‰€‰w‘Oπ”Τ,131032,“‹“s,`‹ζ,‘δκ‚P’–Ϊ,2020-07-10,22,“ΉHγ,‚»‚Μ‘Ό,{ω‚Ή‚Έ,‚Θ‚µ
ή“,Τγ‚Λ‚η‚Ά,“‹pέ,‚¨‘δκC•lφ‰€‰w‘Oπ”Τ,131032,“‹“s,`‹ζ,‘δκ‚P’–Ϊ,2020-07-31,21,‚»‚Μ‘Ό,’“Τi—Φjκ,{ω‚Ή‚Έ,‚Θ‚µ
ή“,Τγ‚Λ‚η‚Ά,“‹pέ,‚¨‘δκC•lφ‰€‰w‘Oπ”Τ,131032,“‹“s,`‹ζ,‘δκ‚P’–Ϊ,2020-08-22,19,‚»‚Μ‘Ό,‚»‚Μ‘Ό,{ω‚Ή‚Έ,‚Θ‚µ
ή“,Τγ‚Λ‚η‚Ά,“‹pέ,‚¨‘δκC•lφ‰€‰w‘Oπ”Τ,131032,“‹“s,`‹ζ,‘δκ‚P’–Ϊ,2020-09-11,21,‚»‚Μ‘Ό,‚»‚Μ‘Ό,{ω‚Ή‚Έ,‚Θ‚µ
ή“,Τγ‚Λ‚η‚Ά,“‹pέ,‚¨‘δκC•lφ‰€‰w‘Oπ”Τ,131032,“‹“s,`‹ζ,‘δκ‚P’–Ϊ,2020-10-01,21,’“Τi—Φjκ,’“Τi—Φjκ,{ω‚Ή‚Έ,‚Θ‚µ
ή“,Τγ‚Λ‚η‚Ά,“‹pέ,‚¨‘δκC•lφ‰€‰w‘Oπ”Τ,131032,“‹“s,`‹ζ,‘δκ‚Q’–Ϊ,2020-08-08,15,“ΉHγ,‚»‚Μ‘Ό,{ω‚Ή‚Έ,‚Θ‚µ
ή“,Τγ‚Λ‚η‚Ά,“‹pέ,‚¨‘δκC•lφ‰€‰w‘Oπ”Τ,131083,“‹“s,]“‹ζ,ΒC‚P’–Ϊ,2020-07-31,21,‚»‚Μ‘Ό,’“Τi—Φjκ,{ω‚Ή‚Έ,‚Θ‚µ
ή“,Τγ‚Λ‚η‚Ά,“‹pέ,‚¨‘δκC•lφ‰€‰w‘Oπ”Τ,131083,“‹“s,]“‹ζ,ΒC‚P’–Ϊ,2020-10-29,16,‚»‚Μ‘Ό,’“Τi—Φjκ,{ω‚Ή‚Έ,‚Θ‚µ
ή“,Τγ‚Λ‚η‚Ά,“‹pέ,‚¨‘δκC•lφ‰€‰w‘Oπ”Τ,131083,“‹“s,]“‹ζ,ΒC‚P’–Ϊ,2020-10-30,21,‚»‚Μ‘Ό,’“Τi—Φjκ,{ω‚Ή‚Έ,‚Θ‚µ
ή“,Τγ‚Λ‚η‚Ά,“‹pέ,‚¨‘δκC•lφ‰€‰w‘Oπ”Τ,131091,“‹“s,•iμ‹ζ,“”ª’ª,2020-04-08,10,‚»‚Μ‘Ό,‚»‚Μ‘Ό,{ω‚Ή‚Έ,‚ ‚θ
ή“,Τγ‚Λ‚η‚Ά,“‹pέ,‚¨‘δκC•lφ‰€‰w‘Oπ”Τ,131113,“‹“s,‘ε“c‹ζ,—ίa“‡‚Q’–Ϊ,2020-08-01,18,“ΉHγ,‚»‚Μ‘Ό,{ω‚Ή‚Έ,‚Θ‚µ
ή“,Τγ‚Λ‚η‚Ά,“‹pέ,“s‹΄π”Τ,131083,“‹“s,]“‹ζ,—L–Ύ‚S’–Ϊ,2020-02-05,15,‚»‚Μ‘Ό,‚»‚Μ‘Ό,{ω‚Ή‚Έ,‚Θ‚µ
ή“,Τγ‚Λ‚η‚Ά,“‹pέ,“s‹΄π”Τ,131083,“‹“s,]“‹ζ,“‰_‚P’–Ϊ,2020-08-13,15,‚»‚Μ‘Ό,’“Τi—Φjκ,{ω‚Ή‚Έ,‚Θ‚µ
ή“,Τγ‚Λ‚η‚Ά,“‹pέ,“s‹΄π”Τ,131083,“‹“s,]“‹ζ,“‰_‚Q’–Ϊ,2020-02-24,05,’“Τi—Φjκ,’“Τi—Φjκ,{ω‚Ή‚Έ,‚Θ‚µ
ή“,Τγ‚Λ‚η‚Ά,“‹pέ,’C–¤π”Τ,131083,“‹“s,]“‹ζ,’C–¤‚R’–Ϊ,2020-11-26,14,’“Τi—Φjκ,’“Τi—Φjκ,{ω‚Ή‚Έ,‚Θ‚µ
ή“,Τγ‚Λ‚η‚Ά,“‹pέ,V–Ψκ‰w‘Oπ”Τ,131083,“‹“s,]“‹ζ,V–Ψκ‚Q’–Ϊ,2020-05-11,15,’“Τi—Φjκ,’“Τi—Φjκ,{ω‚Ή‚Έ,‚Θ‚µ
ή“,Τγ‚Λ‚η‚Ά,“‹pέ,V–Ψκ‰w‘Oπ”Τ,131083,“‹“s,]“‹ζ,V–Ψκ‚R’–Ϊ,2020-01-30,19,“ΉHγ,‚»‚Μ‘Ό,{ω‚Ή‚Έ,‚ ‚θ
ή“,Τγ‚Λ‚η‚Ά,“‹pέ,V–Ψκ‰w‘Oπ”Τ,131083,“‹“s,]“‹ζ,αF‚P’–Ϊ,2020-04-25,06,‚»‚Μ‘Ό,‚»‚Μ‘Ό,{ω‚Ή‚Έ,‚ ‚θ
ή“,Τγ‚Λ‚η‚Ά,•iμ,‘δκπ”Τ,131091,“‹“s,•iμ‹ζ,–k•iμ‚P’–Ϊ,2020-08-10,08,“ΉHγ,‚»‚Μ‘Ό,{ω‚Ή‚Έ,‚Θ‚µ
ή“,Τγ‚Λ‚η‚Ά,•iμ,δ“aRπ”Τ,131091,“‹“s,•iμ‹ζ,–k•iμ‚T’–Ϊ,2020-01-18,10,‚SK‚ΔΘγ‹¤“―Z‘ξ,’“Τi—Φjκ,{ω‚Ή‚Έ,‚ ‚θ
ή“,Τγ‚Λ‚η‚Ά,•iμ,Β•¨‰΅’‰w‘Oπ”Τ,131091,“‹“s,•iμ‹ζ,“μ•iμ‚R’–Ϊ,2020-01-04,23,“ΉHγ,‚»‚Μ‘Ό,{ω‚Ή‚Έ,‚Θ‚µ
ή“,Τγ‚Λ‚η‚Ά,•iμ,Β•¨‰΅’‰w‘Oπ”Τ,131091,“‹“s,•iμ‹ζ,“μ•iμ‚T’–Ϊ,2020-03-20,21,‚SK‚ΔΘγ‹¤“―Z‘ξ,’“Τi—Φjκ,{ω‚Ή‚Έ,‚Θ‚µ
ή“,Τγ‚Λ‚η‚Ά,•iμ,“V‰¤Fπ”Τ,131091,“‹“s,•iμ‹ζ,“•iμ‚P’–Ϊ,2020-02-12,13,’“Τi—Φjκ,’“Τi—Φjκ,{ω‚Ή‚Έ,‚Θ‚µ
ή“,Τγ‚Λ‚η‚Ά,•iμ,“V‰¤Fπ”Τ,131091,“‹“s,•iμ‹ζ,“•iμ‚Q’–Ϊ,2020-03-13,14,‚»‚Μ‘Ό,‚»‚Μ‘Ό,{ω‚Ή‚Έ,‚ ‚θ
ή“,Τγ‚Λ‚η‚Ά,•iμ,“V‰¤Fπ”Τ,131091,“‹“s,•iμ‹ζ,“•iμ‚Q’–Ϊ,2020-04-14,18,‚»‚Μ‘Ό,‚»‚Μ‘Ό,{ω‚Ή‚Έ,‚ ‚θ
ή“,Τγ‚Λ‚η‚Ά,•iμ,“V‰¤Fπ”Τ,131091,“‹“s,•iμ‹ζ,“•iμ‚Q’–Ϊ,2020-04-16,09,‚»‚Μ‘Ό,‚»‚Μ‘Ό,{ω‚Ή‚Έ,‚ ‚θ
ή“,Τγ‚Λ‚η‚Ά,•iμ,“V‰¤Fπ”Τ,131091,“‹“s,•iμ‹ζ,“•iμ‚Q’–Ϊ,2020-04-16,14,‚»‚Μ‘Ό,‚»‚Μ‘Ό,{ω‚Ή‚Έ,‚ ‚θ
ή“,Τγ‚Λ‚η‚Ά,•iμ,“V‰¤Fπ”Τ,131091,“‹“s,•iμ‹ζ,“•iμ‚Q’–Ϊ,2020-04-21,18,‚»‚Μ‘Ό,‚»‚Μ‘Ό,{ω‚Ή‚Έ,‚ ‚θ
ή“,Τγ‚Λ‚η‚Ά,•iμ,“V‰¤Fπ”Τ,131091,“‹“s,•iμ‹ζ,“•iμ‚Q’–Ϊ,2020-04-26,15,‚»‚Μ‘Ό,‚»‚Μ‘Ό,{ω‚Ή‚Έ,‚ ‚θ
ή“,Τγ‚Λ‚η‚Ά,•iμ,“V‰¤Fπ”Τ,131091,“‹“s,•iμ‹ζ,“•iμ‚Q’–Ϊ,2020-04-29,15,‚»‚Μ‘Ό,‚»‚Μ‘Ό,{ω‚Ή‚Έ,‚ ‚θ
ή“,Τγ‚Λ‚η‚Ά,•iμ,“V‰¤Fπ”Τ,131091,“‹“s,•iμ‹ζ,“•iμ‚R’–Ϊ,2020-02-04,16,‚»‚Μ‘Ό,‚»‚Μ‘Ό,{ω‚Ή‚Έ,‚ ‚θ
ή“,Τγ‚Λ‚η‚Ά,‘εδ,‘εδ’¬‰w‘Oπ”Τ,131091,“‹“s,•iμ‹ζ,‘εδ‚P’–Ϊ,2020-01-20,13,‚»‚Μ‘Ό,’“Τi—Φjκ,{ω‚Ή‚Έ,‚Θ‚µ
ή“,Τγ‚Λ‚η‚Ά,‘εδ,‘εδ’¬‰w‘Oπ”Τ,131091,“‹“s,•iμ‹ζ,‘εδ‚P’–Ϊ,2020-03-18,00,“ΉHγ,‚»‚Μ‘Ό,{ω‚Ή‚Έ,‚Θ‚µ
ή“,Τγ‚Λ‚η‚Ά,‘εδ,‘εδ’¬‰w‘Oπ”Τ,131091,“‹“s,•iμ‹ζ,‘εδ‚P’–Ϊ,2020-09-30,21,“ΉHγ,‚»‚Μ‘Ό,{ω‚Ή‚Έ,‚Θ‚µ
ή“,Τγ‚Λ‚η‚Ά,‘εδ,—§‰ομπ”Τ,131091,“‹“s,•iμ‹ζ,“‘εδ‚P’–Ϊ,2020-05-12,11,‚»‚Μ‘Ό,’“Τi—Φjκ,{ω‚Ή‚Έ,‚Θ‚µ
ή“,Τγ‚Λ‚η‚Ά,‘εδ,—§‰ομπ”Τ,131091,“‹“s,•iμ‹ζ,“‘εδ‚Q’–Ϊ,2020-08-15,17,“ΉHγ,‚»‚Μ‘Ό,{ω‚Ή‚Έ,‚ ‚θ
ή“,Τγ‚Λ‚η‚Ά,‘εδ,—§‰ομπ”Τ,131091,“‹“s,•iμ‹ζ,“‘εδ‚U’–Ϊ,2020-03-10,07,’“Τi—Φjκ,’“Τi—Φjκ,{ω‚Ή‚Έ,‚Θ‚µ
ή“,Τγ‚Λ‚η‚Ά,‘εδ,“μ‘εδπ”Τ,131091,“‹“s,•iμ‹ζ,“μ‘εδ‚U’–Ϊ,2020-10-01,11,“ΉHγ,‚»‚Μ‘Ό,{ω‚Ή‚Έ,‚ ‚θ
ή“,Τγ‚Λ‚η‚Ά,‘εδ,Ό‘εδ‰w‘Oπ”Τ,131091,“‹“s,•iμ‹ζ,‘εδ‚Q’–Ϊ,2020-03-20,22,“ΉHγ,‚»‚Μ‘Ό,{ω‚Ή‚Έ,‚ ‚θ
ή“,Τγ‚Λ‚η‚Ά,‘εδ,Ό‘εδ‰w‘Oπ”Τ,131091,“‹“s,•iμ‹ζ,Ό‘εδ‚S’–Ϊ,2020-03-03,13,“ΉHγ,‚»‚Μ‘Ό,{ω‚Ή‚Έ,‚Θ‚µ
ή“,Τγ‚Λ‚η‚Ά,‘εδ,”ª’ª’c’nπ”Τ,131091,“‹“s,•iμ‹ζ,”ª’ª‚T’–Ϊ,2020-07-24,18,‚SK‚ΔΘγ‹¤“―Z‘ξ,’“Τi—Φjκ,{ω‚Ή‚Έ,‚Θ‚µ
ή“,Τγ‚Λ‚η‚Ά,‘εθ,ά”½“c‰w‘Oπ”Τ,131091,“‹“s,•iμ‹ζ,“ά”½“c‚Q’–Ϊ,2020-06-22,08,“ΉHγ,‚»‚Μ‘Ό,{ω‚Ή‚Έ,‚ ‚θ
ή“,Τγ‚Λ‚η‚Ά,‘εθ,ά”½“c‰w‘Oπ”Τ,131091,“‹“s,•iμ‹ζ,“ά”½“c‚Q’–Ϊ,2020-07-07,10,“ΉHγ,‚»‚Μ‘Ό,{ω‚Ή‚Έ,‚Θ‚µ
ή“,Τγ‚Λ‚η‚Ά,‘εθ,ά”½“c‰w‘Oπ”Τ,131091,“‹“s,•iμ‹ζ,“ά”½“c‚Q’–Ϊ,2020-08-12,13,’“Τi—Φjκ,’“Τi—Φjκ,{ω‚Ή‚Έ,‚Θ‚µ
ή“,Τγ‚Λ‚η‚Ά,‘εθ,–Ϊ•‰w‘Oπ”Τ,131091,“‹“s,•iμ‹ζ,γ‘εθ‚Q’–Ϊ,2020-09-05,16,“ΉHγ,‚»‚Μ‘Ό,{ω‚Ή‚Έ,‚ ‚θ
ή“,Τγ‚Λ‚η‚Ά,‘εθ,–Ϊ•‰w‘Oπ”Τ,131091,“‹“s,•iμ‹ζ,γ‘εθ‚R’–Ϊ,2020-09-27,14,“ΉHγ,‚»‚Μ‘Ό,{ω‚Ή‚Έ,‚Θ‚µ
ή“,Τγ‚Λ‚η‚Ά,‰`΄,‰`΄’†‰„‰w‘Oπ”Τ,131091,“‹“s,•iμ‹ζ,Ό’†‰„‚P’–Ϊ,2020-01-15,20,‚»‚Μ‘Ό,’“Τi—Φjκ,{ω‚Ή‚Έ,‚Θ‚µ
ή“,Τγ‚Λ‚η‚Ά,‰`΄,Λ‰zπ”Τ,131091,“‹“s,•iμ‹ζ,Λ‰z‚R’–Ϊ,2020-08-28,13,“ΉHγ,‚»‚Μ‘Ό,{ω‚Ή‚Έ,‚ ‚θ
ή“,Τγ‚Λ‚η‚Ά,‰`΄,Λ‰zπ”Τ,131091,“‹“s,•iμ‹ζ,•½’Λ‚P’–Ϊ,2020-11-01,14,‚»‚Μ‘Ό,’“Τi—Φjκ,{ω‚Ή‚Έ,‚Θ‚µ
ή“,Τγ‚Λ‚η‚Ά,‰`΄,–L’¬π”Τ,131091,“‹“s,•iμ‹ζ,“ρ—t‚R’–Ϊ,2020-01-16,17,“ΉHγ,‚»‚Μ‘Ό,{ω‚Ή‚Έ,‚ ‚θ
ή“,Τγ‚Λ‚η‚Ά,‰`΄,Ή‘Oπ”Τ,131091,“‹“s,•iμ‹ζ,“ρ—t‚S’–Ϊ,2020-10-22,16,‚»‚Μ‘Ό,‚»‚Μ‘Ό,{ω‚Ή‚Έ,‚ ‚θ
ή“,Τγ‚Λ‚η‚Ά,‰`΄,•‘ ¬Rπ”Τ,131091,“‹“s,•iμ‹ζ,¬R‚R’–Ϊ,2020-09-18,00,“ΉHγ,‚»‚Μ‘Ό,{ω‚Ή‚Έ,‚ ‚θ
ή“,Τγ‚Λ‚η‚Ά,‘εX,XƒPθπ”Τ,131113,“‹“s,‘ε“c‹ζ,‘εX“‚S’–Ϊ,2020-12-03,12,‚»‚Μ‘Ό,‚»‚Μ‘Ό,{ω‚Ή‚Έ,‚Θ‚µ
ή“,Τγ‚Λ‚η‚Ά,‘εX,XƒPθπ”Τ,131113,“‹“s,‘ε“c‹ζ,‘εX“‚T’–Ϊ,2020-02-15,18,“ΉHγ,‚»‚Μ‘Ό,{ω‚Ή‚Έ,‚ ‚θ
ή“,Τγ‚Λ‚η‚Ά,‘εX,XƒPθπ”Τ,131113,“‹“s,‘ε“c‹ζ,‘εX“μ‚T’–Ϊ,2020-08-16,19,’“Τi—Φjκ,’“Τi—Φjκ,{ω‚Ή‚Έ,‚Θ‚µ
ή“,Τγ‚Λ‚η‚Ά,‘εX,’JΛπ”Τ,131113,“‹“s,‘ε“c‹ζ,‘εX’†‚Q’–Ϊ,2020-11-27,14,“ΉHγ,‚»‚Μ‘Ό,{ω‚Ή‚Έ,‚Θ‚µ
ή“,Τγ‚Λ‚η‚Ά,‘εX,’JΛπ”Τ,131113,“‹“s,‘ε“c‹ζ,‘εXΌ‚R’–Ϊ,2020-06-11,10,‚»‚Μ‘Ό,’“Τi—Φjκ,{ω‚Ή‚Έ,‚ ‚θ
ή“,Τγ‚Λ‚η‚Ά,‘εX,’JΛπ”Τ,131113,“‹“s,‘ε“c‹ζ,‘εXΌ‚R’–Ϊ,2020-09-22,12,‚»‚Μ‘Ό,’“Τi—Φjκ,{ω‚Ή‚Έ,‚Θ‚µ
ή“,Τγ‚Λ‚η‚Ά,‘εX,‘εXΌπ”Τ,131113,“‹“s,‘ε“c‹ζ,‘εXΌ‚R’–Ϊ,2020-10-05,19,‚»‚Μ‘Ό,’“Τi—Φjκ,{ω‚Ή‚Έ,‚Θ‚µ
ή“,Τγ‚Λ‚η‚Ά,‘εX,‘εXΌπ”Τ,131113,“‹“s,‘ε“c‹ζ,‘εXΌ‚U’–Ϊ,2020-01-24,08,’“Τi—Φjκ,’“Τi—Φjκ,{ω‚Ή‚Έ,‚ ‚θ
ή“,Τγ‚Λ‚η‚Ά,‘εX,‘εXCέπ”Τ,131113,“‹“s,‘ε“c‹ζ,•½a“‡‚U’–Ϊ,2020-09-03,09,‚»‚Μ‘Ό,’“Τi—Φjκ,{ω‚Ή‚Έ,‚ ‚θ
ή“,Τγ‚Λ‚η‚Ά,‘εX,‘εX‰w‘Oπ”Τ,131113,“‹“s,‘ε“c‹ζ,‘εX–k‚P’–Ϊ,2020-05-13,17,“ΉHγ,‚»‚Μ‘Ό,{ω‚Ή‚Έ,‚Θ‚µ
ή“,Τγ‚Λ‚η‚Ά,‘εX,‘εX‰w‘Oπ”Τ,131113,“‹“s,‘ε“c‹ζ,‘εX–k‚P’–Ϊ,2020-07-13,23,“ΉHγ,‚»‚Μ‘Ό,{ω‚Ή‚Έ,‚Θ‚µ
ή“,Τγ‚Λ‚η‚Ά,‘εX,‘εX‰w‘Oπ”Τ,131113,“‹“s,‘ε“c‹ζ,‘εX–k‚P’–Ϊ,2020-12-19,14,‚»‚Μ‘Ό,‚»‚Μ‘Ό,{ω‚Ή‚Έ,‚Θ‚µ
ή“,Τγ‚Λ‚η‚Ά,‘εX,R‰¤π”Τ,131113,“‹“s,‘ε“c‹ζ,R‰¤‚Q’–Ϊ,2020-04-25,17,“ΉHγ,‚»‚Μ‘Ό,{ω‚Ή‚Έ,‚ ‚θ
ή“,Τγ‚Λ‚η‚Ά,‘εX,R‰¤π”Τ,131113,“‹“s,‘ε“c‹ζ,R‰¤‚R’–Ϊ,2020-03-29,17,‚»‚Μ‘Ό,’“Τi—Φjκ,{ω‚Ή‚Έ,‚Θ‚µ
ή“,Τγ‚Λ‚η‚Ά,‘εX,R‰¤π”Τ,131113,“‹“s,‘ε“c‹ζ,R‰¤‚R’–Ϊ,2020-07-18,14,‚»‚Μ‘Ό,’“Τi—Φjκ,{ω‚Ή‚Έ,‚Θ‚µ
ή“,Τγ‚Λ‚η‚Ά,“c‰€’²•z,τ‘«’rπ”Τ,131113,“‹“s,‘ε“c‹ζ,“μη‘©‚P’–Ϊ,2020-04-15,15,‚»‚Μ‘Ό,’“Τi—Φjκ,{ω‚Ή‚Έ,‚Θ‚µ
ή“,Τγ‚Λ‚η‚Ά,“c‰€’²•z,Ξμ‘δπ”Τ,131113,“‹“s,‘ε“c‹ζ,–k—δ’¬,2020-11-04,10,κΛZ‘ξ,‚»‚Μ‘Ό,{ω‚Ή‚Έ,‚ ‚θ
ή“,Τγ‚Λ‚η‚Ά,“c‰€’²•z,Ξμ‘δπ”Τ,131113,“‹“s,‘ε“c‹ζ,“α’J‚R’–Ϊ,2020-12-15,13,“ΉHγ,‚»‚Μ‘Ό,{ω‚Ή‚Έ,‚ ‚θ
ή“,Τγ‚Λ‚η‚Ά,“c‰€’²•z,‘ε‰ªR‰w‘Oπ”Τ,131113,“‹“s,‘ε“c‹ζ,–kη‘©‚R’–Ϊ,2020-07-03,12,“ΉHγ,‚»‚Μ‘Ό,{ω‚Ή‚Έ,‚Θ‚µ
ή“,Τγ‚Λ‚η‚Ά,“c‰€’²•z,“c‰€’²•z‰w‘Oπ”Τ,131113,“‹“s,‘ε“c‹ζ,“c‰€’²•z‚R’–Ϊ,2020-08-05,08,’“Τi—Φjκ,’“Τi—Φjκ,{ω‚Ή‚Έ,‚ ‚θ
ή“,Τγ‚Λ‚η‚Ά,“c‰€’²•z,‰L‚Μ–Ψ‰w‘Oπ”Τ,131113,“‹“s,‘ε“c‹ζ,‰L‚Μ–Ψ‚P’–Ϊ,2020-10-29,10,“ΉHγ,‚»‚Μ‘Ό,{ω‚Ή‚Έ,‚ ‚θ
ή“,Τγ‚Λ‚η‚Ά,“c‰€’²•z,‰L‚Μ–Ψ‰w‘Oπ”Τ,131113,“‹“s,‘ε“c‹ζ,‰L‚Μ–Ψ‚Q’–Ϊ,2020-01-02,17,‚»‚Μ‘Ό,’“Τi—Φjκ,{ω‚Ή‚Έ,‚Θ‚µ
ή“,Τγ‚Λ‚η‚Ά,“c‰€’²•z,‰L‚Μ–Ψ‰w‘Oπ”Τ,131113,“‹“s,‘ε“c‹ζ,‰L‚Μ–Ψ‚Q’–Ϊ,2020-02-20,13,“ΉHγ,‚»‚Μ‘Ό,{ω‚Ή‚Έ,‚Θ‚µ
ή“,Τγ‚Λ‚η‚Ά,“c‰€’²•z,‰L‚Μ–Ψ‰w‘Oπ”Τ,131113,“‹“s,‘ε“c‹ζ,‰L‚Μ–Ψ‚R’–Ϊ,2020-12-29,12,κΛZ‘ξ,’“Τi—Φjκ,{ω‚Ή‚Έ,‚Θ‚µ
ή“,Τγ‚Λ‚η‚Ά,“c‰€’²•z,‰L‚Μ–Ψ‰w‘Oπ”Τ,131113,“‹“s,‘ε“c‹ζ,“μ‹v‚ª΄‚Q’–Ϊ,2020-11-01,21,‚»‚Μ‘Ό,’“Τi—Φjκ,{ω‚Ή‚Έ,‚Θ‚µ
ή“,Τγ‚Λ‚η‚Ά,“c‰€’²•z,“ΉX‹΄π”Τ,131113,“‹“s,‘ε“c‹ζ,“μα’J‚T’–Ϊ,2020-09-28,16,’“Τi—Φjκ,’“Τi—Φjκ,{ω‚Ή‚Έ,‚Θ‚µ
ή“,Τγ‚Λ‚η‚Ά,“c‰€’²•z,¬’r’“έ,131113,“‹“s,‘ε“c‹ζ,–k—δ’¬,2020-03-01,09,“ΉHγ,‚»‚Μ‘Ό,{ω‚Ή‚Έ,‚Θ‚µ
ή“,Τγ‚Λ‚η‚Ά,—“c,Ό—“cπ”Τ,131113,“‹“s,‘ε“c‹ζ,—“c‚P’–Ϊ,2019-12-24,10,‚»‚Μ‘Ό,’“Τi—Φjκ,{ω‚Ή‚Έ,‚Θ‚µ
ή“,Τγ‚Λ‚η‚Ά,—“c,Ό—“cπ”Τ,131113,“‹“s,‘ε“c‹ζ,Ό—“c‚P’–Ϊ,2020-06-11,19,κΛZ‘ξ,’“Τi—Φjκ,{ω‚Ή‚Έ,‚ ‚θ
ή“,Τγ‚Λ‚η‚Ά,—“c,Ό—“cπ”Τ,131113,“‹“s,‘ε“c‹ζ,Ό—“c‚P’–Ϊ,2020-08-24,16,“ΉHγ,‚»‚Μ‘Ό,{ω‚Ή‚Έ,‚ ‚θ
ή“,Τγ‚Λ‚η‚Ά,—“c,Ό—“cπ”Τ,131113,“‹“s,‘ε“c‹ζ,Ό—“c‚P’–Ϊ,2020-10-15,02,κΛZ‘ξ,‚»‚Μ‘Ό,{ω‚Ή‚Έ,‚ ‚θ
ή“,Τγ‚Λ‚η‚Ά,—“c,Ό—“cπ”Τ,131113,“‹“s,‘ε“c‹ζ,Ό—“c‚S’–Ϊ,2020-01-18,10,κΛZ‘ξ,’“Τi—Φjκ,{ω‚Ή‚Έ,‚ ‚θ
ή“,Τγ‚Λ‚η‚Ά,—“c,Ό—“cπ”Τ,131113,“‹“s,‘ε“c‹ζ,Ό—“c‚S’–Ϊ,2020-03-12,16,κΛZ‘ξ,’“Τi—Φjκ,{ω‚Ή‚Έ,‚ ‚θ
ή“,Τγ‚Λ‚η‚Ά,—“c,Ό—“cπ”Τ,131113,“‹“s,‘ε“c‹ζ,Ό—“c‚S’–Ϊ,2020-05-13,08,‚»‚Μ‘Ό,‚»‚Μ‘Ό,{ω‚Ή‚Έ,‚Θ‚µ
ή“,Τγ‚Λ‚η‚Ά,—“c,‹‹}—“c‰w‘Oπ”Τ,131113,“‹“s,‘ε“c‹ζ,—“c‚P’–Ϊ,2020-02-09,20,“ΉHγ,‚»‚Μ‘Ό,{ω‚Ή‚Έ,‚ ‚θ
ή“,Τγ‚Λ‚η‚Ά,—“c,‹‹}—“c‰w‘Oπ”Τ,131113,“‹“s,‘ε“c‹ζ,“—“c‚P’–Ϊ,2020-09-08,10,“ΉHγ,‚»‚Μ‘Ό,{ω‚Ή‚Έ,‚ ‚θ
ή“,Τγ‚Λ‚η‚Ά,—“c,—“c‰w“ϋπ”Τ,131113,“‹“s,‘ε“c‹ζ,—“c‚S’–Ϊ,2020-02-01,09,“ΉHγ,‚»‚Μ‘Ό,{ω‚Ή‚Έ,‚ ‚θ
ή“,Τγ‚Λ‚η‚Ά,—“c,—“c‰w“ϋπ”Τ,131113,“‹“s,‘ε“c‹ζ,—“c‚S’–Ϊ,2020-07-09,06,“ΉHγ,‚»‚Μ‘Ό,{ω‚Ή‚Έ,‚ ‚θ
ή“,Τγ‚Λ‚η‚Ά,—“c,—“c‰w“ϋπ”Τ,131113,“‹“s,‘ε“c‹ζ,—“c‚S’–Ϊ,2020-11-11,11,‚»‚Μ‘Ό‚ΜZ‘ξi‚RK‚ΔΘ‰Ί‹¤“―Z‘ξ“™j,‚»‚Μ‘Ό,{ω‚Ή‚Έ,‚ ‚θ
ή“,Τγ‚Λ‚η‚Ά,—“c,—“c‰w“ϋπ”Τ,131113,“‹“s,‘ε“c‹ζ,—“c‚T’–Ϊ,2020-05-23,15,“ΉHγ,‚»‚Μ‘Ό,{ω‚Ή‚Έ,‚ ‚θ
ή“,Τγ‚Λ‚η‚Ά,—“c,—“c‰w“ϋπ”Τ,131113,“‹“s,‘ε“c‹ζ,—“c‚T’–Ϊ,2020-08-23,08,‚SK‚ΔΘγ‹¤“―Z‘ξ,‚»‚Μ‘Ό,{ω‚Ή‚Έ,‚Θ‚µ
ή“,Τγ‚Λ‚η‚Ά,—“c,—“c‰w“ϋπ”Τ,131113,“‹“s,‘ε“c‹ζ,—“c‚T’–Ϊ,2020-09-03,21,‚»‚Μ‘Ό,‚»‚Μ‘Ό,{ω‚Ή‚Έ,‚ ‚θ
ή“,Τγ‚Λ‚η‚Ά,—“c,—“c‰w“ϋπ”Τ,131113,“‹“s,‘ε“c‹ζ,—“c‚T’–Ϊ,2020-10-13,17,“ΉHγ,‚»‚Μ‘Ό,{ω‚Ή‚Έ,‚Θ‚µ
ή“,Τγ‚Λ‚η‚Ά,—“c,—“c‰w“ϋπ”Τ,131113,“‹“s,‘ε“c‹ζ,—“c‚T’–Ϊ,2020-11-26,13,‚»‚Μ‘Ό,‚»‚Μ‘Ό,{ω‚Ή‚Έ,‚ ‚θ
ή“,Τγ‚Λ‚η‚Ά,—“c,—“c‰wΌϋπ”Τ,131113,“‹“s,‘ε“c‹ζ,—“c‚S’–Ϊ,2020-09-12,09,“ΉHγ,‚»‚Μ‘Ό,{ω‚Ή‚Έ,‚Θ‚µ
ή“,Τγ‚Λ‚η‚Ά,—“c,—“c‰wΌϋπ”Τ,131113,“‹“s,‘ε“c‹ζ,V—“c‚P’–Ϊ,2020-04-29,19,’“Τi—Φjκ,’“Τi—Φjκ,{ω‚Ή‚Έ,‚Θ‚µ
ή“,Τγ‚Λ‚η‚Ά,—“c,—“c‰wΌϋπ”Τ,131113,“‹“s,‘ε“c‹ζ,Ό—“c‚V’–Ϊ,2020-01-16,00,“ΉHγ,‚»‚Μ‘Ό,{ω‚Ή‚Έ,‚ ‚θ
ή“,Τγ‚Λ‚η‚Ά,—“c,—“c‰wΌϋπ”Τ,131113,“‹“s,‘ε“c‹ζ,Ό—“c‚V’–Ϊ,2020-04-25,15,‚»‚Μ‘Ό,’“Τi—Φjκ,{ω‚Ή‚Έ,‚Θ‚µ
ή“,Τγ‚Λ‚η‚Ά,—“c,—“c‰wΌϋπ”Τ,131113,“‹“s,‘ε“c‹ζ,Ό—“c‚V’–Ϊ,2020-04-26,13,“ΉHγ,‚»‚Μ‘Ό,{ω‚Ή‚Έ,‚ ‚θ
ή“,Τγ‚Λ‚η‚Ά,—“c,—“c‰wΌϋπ”Τ,131113,“‹“s,‘ε“c‹ζ,Ό—“c‚V’–Ϊ,2020-06-05,14,“ΉHγ,‚»‚Μ‘Ό,{ω‚Ή‚Έ,‚Θ‚µ
ή“,Τγ‚Λ‚η‚Ά,—“c,ΌZ‹½π”Τ,131113,“‹“s,‘ε“c‹ζ,ΌZ‹½‚R’–Ϊ,2020-08-18,06,’“Τi—Φjκ,’“Τi—Φjκ,{ω‚Ή‚Έ,‚ ‚θ
ή“,Τγ‚Λ‚η‚Ά,—“c,“Z‹½π”Τ,131113,“‹“s,‘ε“c‹ζ,’‡Z‹½‚S’–Ϊ,2020-10-04,20,‚SK‚ΔΘγ‹¤“―Z‘ξ,’“Τi—Φjκ,{ω‚Ή‚Έ,‚ ‚θ
ή“,Τγ‚Λ‚η‚Ά,—“c,“Z‹½π”Τ,131113,“‹“s,‘ε“c‹ζ,“μZ‹½‚R’–Ϊ,2020-07-12,17,‚SK‚ΔΘγ‹¤“―Z‘ξ,’“Τi—Φjκ,{ω‚Ή‚Έ,‚ ‚θ
ή“,Τγ‚Λ‚η‚Ά,—“c,GFπ”Τ,131113,“‹“s,‘ε“c‹ζ,’‡Z‹½‚Q’–Ϊ,2020-03-01,21,“ΉHγ,‚»‚Μ‘Ό,{ω‚Ή‚Έ,‚Θ‚µ
ή“,Τγ‚Λ‚η‚Ά,—“c,GFπ”Τ,131113,“‹“s,‘ε“c‹ζ,“Z‹½‚Q’–Ϊ,2020-04-06,18,‚»‚Μ‘Ό,’“Τi—Φjκ,{ω‚Ή‚Έ,‚Θ‚µ
ή“,Τγ‚Λ‚η‚Ά,—“c,“ϊ‚Μo’Κπ”Τ,131113,“‹“s,‘ε“c‹ζ,Όβο’J‚P’–Ϊ,2020-09-01,19,‚»‚Μ‘Ό,‚»‚Μ‘Ό,{ω‚Ή‚Έ,‚Θ‚µ
ή“,Τγ‚Λ‚η‚Ά,—“c,“ϊ‚Μo’Κπ”Τ,131113,“‹“s,‘ε“c‹ζ,“μ—“c‚Q’–Ϊ,2020-12-04,09,‚»‚Μ‘Ό,’“Τi—Φjκ,{ω‚Ή‚Έ,‚Θ‚µ
ή“,Τγ‚Λ‚η‚Ά,—“c,–{‰H“cπ”Τ,131113,“‹“s,‘ε“c‹ζ,”‹’†‚P’–Ϊ,2020-02-23,19,“ΉHγ,‚»‚Μ‘Ό,{ω‚Ή‚Έ,‚ ‚θ
ή“,Τγ‚Λ‚η‚Ά,—“c,–{‰H“cπ”Τ,131113,“‹“s,‘ε“c‹ζ,–{‰H“c‚Q’–Ϊ,2020-07-24,00,‚»‚Μ‘Ό,’“Τi—Φjκ,{ω‚Ή‚Έ,‚ ‚θ
ή“,Τγ‚Λ‚η‚Ά,—“c,‘ε’Ή‹π”Τ,131113,“‹“s,‘ε“c‹ζ,”‹’†‚R’–Ϊ,2020-10-30,12,“ΉHγ,‚»‚Μ‘Ό,{ω‚Ή‚Έ,‚Θ‚µ
ή“,Τγ‚Λ‚η‚Ά,—“c,‘ε’Ή‹π”Τ,131113,“‹“s,‘ε“c‹ζ,‰H“c‚P’–Ϊ,2020-07-06,18,“ΉHγ,‚»‚Μ‘Ό,{ω‚Ή‚Έ,‚Θ‚µ
ή“,Τγ‚Λ‚η‚Ά,—“c,‘ε’Ή‹π”Τ,131113,“‹“s,‘ε“c‹ζ,‰H“c‚Q’–Ϊ,2020-05-07,18,κΛZ‘ξ,‚»‚Μ‘Ό,{ω‚Ή‚Έ,‚ ‚θ
ή“,Τγ‚Λ‚η‚Ά,—“c,–kβο’Jπ”Τ,131113,“‹“s,‘ε“c‹ζ,–kβο’J‚P’–Ϊ,2020-03-22,06,‚»‚Μ‘Ό,’“Τi—Φjκ,{ω‚Ή‚Έ,‚ ‚θ
ή“,Τγ‚Λ‚η‚Ά,—“c,–kβο’Jπ”Τ,131113,“‹“s,‘ε“c‹ζ,–kβο’J‚P’–Ϊ,2020-10-26,08,’“Τi—Φjκ,’“Τi—Φjκ,{ω‚Ή‚Έ,‚Θ‚µ
ή“,Τγ‚Λ‚η‚Ά,—“c,–kβο’Jπ”Τ,131113,“‹“s,‘ε“c‹ζ,Όβο’J‚P’–Ϊ,2020-09-12,18,‚»‚Μ‘Ό,‚»‚Μ‘Ό,{ω‚Ή‚Έ,‚Θ‚µ
ή“,Τγ‚Λ‚η‚Ά,—“c,–kβο’Jπ”Τ,131113,“‹“s,‘ε“c‹ζ,Όβο’J‚R’–Ϊ,2020-04-29,12,“ΉHγ,‚»‚Μ‘Ό,{ω‚Ή‚Έ,‚Θ‚µ
ή“,Τγ‚Λ‚η‚Ά,—“c,–kβο’Jπ”Τ,131113,“‹“s,‘ε“c‹ζ,“βο’J‚Q’–Ϊ,2020-10-14,07,“ΉHγ,‚»‚Μ‘Ό,{ω‚Ή‚Έ,‚Θ‚µ
ή“,Τγ‚Λ‚η‚Ά,—“c,–kβο’Jπ”Τ,131113,“‹“s,‘ε“c‹ζ,“βο’J‚T’–Ϊ,2020-02-23,16,‚»‚Μ‘Ό,‚»‚Μ‘Ό,{ω‚Ή‚Έ,‚Θ‚µ
ή“,Τγ‚Λ‚η‚Ά,—“c,–kβο’Jπ”Τ,131113,“‹“s,‘ε“c‹ζ,“βο’J‚T’–Ϊ,2020-06-03,05,‚»‚Μ‘Ό,‚»‚Μ‘Ό,{ω‚Ή‚Έ,‚Θ‚µ
ή“,Τγ‚Λ‚η‚Ά,’rγ,s–μ‘qπ”Τ,131113,“‹“s,‘ε“c‹ζ,’†‰›‚U’–Ϊ,2020-09-30,19,‚SK‚ΔΘγ‹¤“―Z‘ξ,’“Τi—Φjκ,{ω‚Ή‚Έ,‚ ‚θ
ή“,Τγ‚Λ‚η‚Ά,’rγ,s–μ‘qπ”Τ,131113,“‹“s,‘ε“c‹ζ,’†‰›‚U’–Ϊ,2020-10-24,20,κΛZ‘ξ,’“Τi—Φjκ,{ω‚Ή‚Έ,‚ ‚θ
ή“,Τγ‚Λ‚η‚Ά,’rγ,O–{Όπ”Τ,131113,“‹“s,‘ε“c‹ζ,–k”n‚Q’–Ϊ,2020-03-09,10,“ΉHγ,‚»‚Μ‘Ό,{ω‚Ή‚Έ,‚ ‚θ
ή“,Τγ‚Λ‚η‚Ά,’rγ,‹v‚ª΄π”Τ,131113,“‹“s,‘ε“c‹ζ,‹v‚ª΄‚Q’–Ϊ,2020-08-11,23,“ΉHγ,‚»‚Μ‘Ό,{ω‚Ή‚Έ,‚ ‚θ
ή“,Τγ‚Λ‚η‚Ά,’rγ,’rγ‰w‘Oπ”Τ,131113,“‹“s,‘ε“c‹ζ,’rγ‚T’–Ϊ,2020-08-30,11,“ΉHγ,‚»‚Μ‘Ό,{ω‚Ή‚Έ,‚Θ‚µ
ή“,Τγ‚Λ‚η‚Ά,’rγ,’rγ‰w‘Oπ”Τ,131113,“‹“s,‘ε“c‹ζ,’rγ‚U’–Ϊ,2020-06-12,16,“ΉHγ,‚»‚Μ‘Ό,{ω‚Ή‚Έ,‚Θ‚µ
ή“,Τγ‚Λ‚η‚Ά,’rγ,’rγ‰w‘Oπ”Τ,131113,“‹“s,‘ε“c‹ζ,’rγ‚U’–Ϊ,2020-09-07,14,“ΉHγ,‚»‚Μ‘Ό,{ω‚Ή‚Έ,‚Θ‚µ
ή“,Τγ‚Λ‚η‚Ά,’rγ,’rγ‰w‘Oπ”Τ,131113,“‹“s,‘ε“c‹ζ,’rγ‚U’–Ϊ,2020-09-15,12,“ΉHγ,‚»‚Μ‘Ό,{ω‚Ή‚Έ,‚Θ‚µ
ή“,Τγ‚Λ‚η‚Ά,’rγ,’rγ‰w‘Oπ”Τ,131113,“‹“s,‘ε“c‹ζ,’rγ‚U’–Ϊ,2020-11-15,15,“ΉHγ,‚»‚Μ‘Ό,{ω‚Ή‚Έ,‚ ‚θ
ή“,Τγ‚Λ‚η‚Ά,’rγ,@ΐπ”Τ,131113,“‹“s,‘ε“c‹ζ,Ό—“c‚R’–Ϊ,2020-01-22,22,κΛZ‘ξ,’“Τi—Φjκ,{ω‚Ή‚Έ,‚ ‚θ
ή“,Τγ‚Λ‚η‚Ά,’rγ,@ΐπ”Τ,131113,“‹“s,‘ε“c‹ζ,Ό—“c‚U’–Ϊ,2020-03-13,06,“ΉHγ,‚»‚Μ‘Ό,{ω‚Ή‚Έ,‚ ‚θ
ή“,Τγ‚Λ‚η‚Ά,’rγ,@ΐπ”Τ,131113,“‹“s,‘ε“c‹ζ,“–ξϋ‚R’–Ϊ,2020-04-26,18,‚»‚Μ‘Ό,’“Τi—Φjκ,{ω‚Ή‚Έ,‚Θ‚µ
ή“,Τγ‚Λ‚η‚Ά,’rγ,@ΐπ”Τ,131113,“‹“s,‘ε“c‹ζ,“–ξϋ‚R’–Ϊ,2020-08-06,13,‚»‚Μ‘Ό,’“Τi—Φjκ,{ω‚Ή‚Έ,‚Θ‚µ
ή“,Τγ‚Λ‚η‚Ά,’rγ,‘½–€μ‘ε‹΄π”Τ,131113,“‹“s,‘ε“c‹ζ,‘½–€μ‚P’–Ϊ,2020-03-13,13,“ΉHγ,‚»‚Μ‘Ό,{ω‚Ή‚Έ,‚Θ‚µ
ή“,Τγ‚Λ‚η‚Ά,’rγ,η’Ήπ”Τ,131113,“‹“s,‘ε“c‹ζ,‘½–€μ‚P’–Ϊ,2020-02-02,17,‚»‚Μ‘Ό,’“Τi—Φjκ,{ω‚Ή‚Έ,‚ ‚θ
ή“,Τγ‚Λ‚η‚Ά,’rγ,η’Ήπ”Τ,131113,“‹“s,‘ε“c‹ζ,η’Ή‚P’–Ϊ,2020-03-19,15,“ΉHγ,‚»‚Μ‘Ό,{ω‚Ή‚Έ,‚ ‚θ
ή“,Τγ‚Λ‚η‚Ά,’rγ,η’Ήπ”Τ,131113,“‹“s,‘ε“c‹ζ,η’Ή‚R’–Ϊ,2020-02-02,18,‚»‚Μ‘Ό,’“Τi—Φjκ,{ω‚Ή‚Έ,‚Θ‚µ
ή“,Τγ‚Λ‚η‚Ά,’rγ,η’Ήπ”Τ,131113,“‹“s,‘ε“c‹ζ,η’Ή‚R’–Ϊ,2020-02-18,17,‚»‚Μ‘Ό,’“Τi—Φjκ,{ω‚Ή‚Έ,‚Θ‚µ
ή“,Τγ‚Λ‚η‚Ά,’rγ,η’Ήπ”Τ,131113,“‹“s,‘ε“c‹ζ,–ξϋ‚P’–Ϊ,2020-10-02,12,“ΉHγ,‚»‚Μ‘Ό,{ω‚Ή‚Έ,‚Θ‚µ
ή“,Τγ‚Λ‚η‚Ά,’rγ,ƒKƒX‹΄π”Τ,131113,“‹“s,‘ε“c‹ζ,‰ΊΫq‚R’–Ϊ,2020-12-10,19,“ΉHγ,‚»‚Μ‘Ό,{ω‚Ή‚Έ,‚Θ‚µ
ή“,Τγ‚Λ‚η‚Ά,’rγ,ƒKƒX‹΄π”Τ,131113,“‹“s,‘ε“c‹ζ,‰ΊΫq‚S’–Ϊ,2020-01-15,15,“ΉHγ,‚»‚Μ‘Ό,{ω‚Ή‚Έ,‚Θ‚µ
ή“,Τγ‚Λ‚η‚Ά,’rγ,ƒKƒX‹΄π”Τ,131113,“‹“s,‘ε“c‹ζ,‰ΊΫq‚S’–Ϊ,2020-03-09,18,‚»‚Μ‘Ό,‚»‚Μ‘Ό,{ω‚Ή‚Έ,‚ ‚θ
ή“,Τγ‚Λ‚η‚Ά,’rγ,ƒKƒX‹΄π”Τ,131113,“‹“s,‘ε“c‹ζ,‰ΊΫq‚S’–Ϊ,2020-03-15,14,‚»‚Μ‘Ό,‚»‚Μ‘Ό,{ω‚Ή‚Έ,‚Θ‚µ
ή“,Τγ‚Λ‚η‚Ά,’rγ,ƒKƒX‹΄π”Τ,131113,“‹“s,‘ε“c‹ζ,‰ΊΫq‚S’–Ϊ,2020-10-11,17,‚»‚Μ‘Ό,’“Τi—Φjκ,{ω‚Ή‚Έ,‚Θ‚µ
ή“,Τγ‚Λ‚η‚Ά,’rγ,ƒKƒX‹΄π”Τ,131113,“‹“s,‘ε“c‹ζ,‰ΊΫq‚S’–Ϊ,2020-11-11,20,’“Τi—Φjκ,’“Τi—Φjκ,{ω‚Ή‚Έ,‚Θ‚µ
ή“,Τγ‚Λ‚η‚Ά,“‹‹σ`,‘Ϋόƒ^[ƒ~ƒiƒ‹π”Τ,131113,“‹“s,‘ε“c‹ζ,‰H“c‹σ`‚Q’–Ϊ,2020-02-11,20,‚»‚Μ‘Ό,’“Τi—Φjκ,{ω‚Ή‚Έ,‚Θ‚µ
ή“,Τγ‚Λ‚η‚Ά,Ά“c’J,O¬’ƒ‰®π”Τ,131121,“‹“s,Ά“c’J‹ζ,O¬’ƒ‰®‚Q’–Ϊ,2020-01-21,12,‚»‚Μ‘Ό,‚»‚Μ‘Ό,{ω‚Ή‚Έ,‚Θ‚µ
ή“,Τγ‚Λ‚η‚Ά,Ά“c’J,O¬’ƒ‰®π”Τ,131121,“‹“s,Ά“c’J‹ζ,O¬’ƒ‰®‚Q’–Ϊ,2020-09-01,10,“ΉHγ,‚»‚Μ‘Ό,{ω‚Ή‚Έ,‚ ‚θ
ή“,Τγ‚Λ‚η‚Ά,Ά“c’J,O¬’ƒ‰®π”Τ,131121,“‹“s,Ά“c’J‹ζ,‘Ύq“°‚S’–Ϊ,2020-02-22,13,‚»‚Μ‘Ό,’“Τi—Φjκ,{ω‚Ή‚Έ,‚Θ‚µ
ή“,Τγ‚Λ‚η‚Ά,Ά“c’J,O¬’ƒ‰®π”Τ,131121,“‹“s,Ά“c’J‹ζ,‘Ύq“°‚S’–Ϊ,2020-03-16,14,‚»‚Μ‘Ό,’“Τi—Φjκ,{ω‚Ή‚Έ,‚Θ‚µ
ή“,Τγ‚Λ‚η‚Ά,Ά“c’J,O¬’ƒ‰®π”Τ,131121,“‹“s,Ά“c’J‹ζ,‘Ύq“°‚S’–Ϊ,2020-09-08,14,“ΉHγ,‚»‚Μ‘Ό,{ω‚Ή‚Έ,‚ ‚θ
ή“,Τγ‚Λ‚η‚Ά,Ά“c’J,O¬’ƒ‰®π”Τ,131121,“‹“s,Ά“c’J‹ζ,‘Ύq“°‚S’–Ϊ,2020-09-18,11,‚»‚Μ‘Ό,’“Τi—Φjκ,{ω‚Ή‚Έ,‚Θ‚µ
ή“,Τγ‚Λ‚η‚Ά,Ά“c’J,O¬’ƒ‰®π”Τ,131121,“‹“s,Ά“c’J‹ζ,‘Ύq“°‚S’–Ϊ,2020-12-13,13,‚»‚Μ‘Ό,’“Τi—Φjκ,{ω‚Ή‚Έ,‚Θ‚µ
ή“,Τγ‚Λ‚η‚Ά,Ά“c’J,Ohπ”Τ,131121,“‹“s,Ά“c’J‹ζ,’rK‚P’–Ϊ,2020-06-06,16,‚»‚Μ‘Ό,‚»‚Μ‘Ό,{ω‚Ή‚Έ,‚ ‚θ
ή“,Τγ‚Λ‚η‚Ά,Ά“c’J,Ohπ”Τ,131121,“‹“s,Ά“c’J‹ζ,’rK‚R’–Ϊ,2020-12-17,17,’“Τi—Φjκ,’“Τi—Φjκ,{ω‚Ή‚Έ,‚Θ‚µ
ή“,Τγ‚Λ‚η‚Ά,Ά“c’J,γ”nπ”Τ,131121,“‹“s,Ά“c’J‹ζ,γ”n‚P’–Ϊ,2020-09-04,11,“ΉHγ,‚»‚Μ‘Ό,{ω‚Ή‚Έ,‚Θ‚µ
ή“,Τγ‚Λ‚η‚Ά,Ά“c’J,γ”nπ”Τ,131121,“‹“s,Ά“c’J‹ζ,γ”n‚Q’–Ϊ,2020-04-26,17,“ΉHγ,‚»‚Μ‘Ό,{ω‚Ή‚Έ,‚ ‚θ
ή“,Τγ‚Λ‚η‚Ά,Ά“c’J,γ”nπ”Τ,131121,“‹“s,Ά“c’J‹ζ,γ”n‚R’–Ϊ,2020-12-11,20,“ΉHγ,‚»‚Μ‘Ό,{ω‚Ή‚Έ,‚Θ‚µ
ή“,Τγ‚Λ‚η‚Ά,Ά“c’J,γ”nπ”Τ,131121,“‹“s,Ά“c’J‹ζ,γ”n‚S’–Ϊ,2020-01-13,18,‚SK‚ΔΘγ‹¤“―Z‘ξ,’“Τi—Φjκ,{ω‚Ή‚Έ,‚Θ‚µ
ή“,Τγ‚Λ‚η‚Ά,Ά“c’J,γ”nπ”Τ,131121,“‹“s,Ά“c’J‹ζ,γ”n‚S’–Ϊ,2020-09-02,10,“ΉHγ,‚»‚Μ‘Ό,{ω‚Ή‚Έ,‚ ‚θ
ή“,Τγ‚Λ‚η‚Ά,Ά“c’J,γ”nπ”Τ,131121,“‹“s,Ά“c’J‹ζ,γ”n‚T’–Ϊ,2020-08-04,13,κΛZ‘ξ,’“Τi—Φjκ,{ω‚Ή‚Έ,‚ ‚θ
ή“,Τγ‚Λ‚η‚Ά,Ά“c’J,γ”nπ”Τ,131121,“‹“s,Ά“c’J‹ζ,‹ξ‘ς‚Q’–Ϊ,2020-08-23,10,“ΉHγ,‚»‚Μ‘Ό,{ω‚Ή‚Έ,‚ ‚θ
ή“,Τγ‚Λ‚η‚Ά,Ά“c’J,γ”nπ”Τ,131121,“‹“s,Ά“c’J‹ζ,‹ξ‘ς‚Q’–Ϊ,2020-12-01,11,κΛZ‘ξ,’“Τi—Φjκ,{ω‚Ή‚Έ,‚Θ‚µ
ή“,Τγ‚Λ‚η‚Ά,Ά“c’J,α—Ρπ”Τ,131121,“‹“s,Ά“c’J‹ζ,O¬’ƒ‰®‚Q’–Ϊ,2020-09-01,09,“ΉHγ,‚»‚Μ‘Ό,{ω‚Ή‚Έ,‚Θ‚µ
ή“,Τγ‚Λ‚η‚Ά,Ά“c’J,α—Ρπ”Τ,131121,“‹“s,Ά“c’J‹ζ,O¬’ƒ‰®‚Q’–Ϊ,2020-09-05,13,“ΉHγ,‚»‚Μ‘Ό,{ω‚Ή‚Έ,‚Θ‚µ
ή“,Τγ‚Λ‚η‚Ά,Ά“c’J,α—Ρπ”Τ,131121,“‹“s,Ά“c’J‹ζ,α—Ρ‚S’–Ϊ,2020-04-21,12,“ΉHγ,‚»‚Μ‘Ό,{ω‚Ή‚Έ,‚Θ‚µ
ή“,Τγ‚Λ‚η‚Ά,Ά“c’J,ΌƒP‹uπ”Τ,131121,“‹“s,Ά“c’J‹ζ,·ª‚P’–Ϊ,2020-08-30,08,“ΉHγ,‚»‚Μ‘Ό,{ω‚Ή‚Έ,‚Θ‚µ
ή“,Τγ‚Λ‚η‚Ά,Ά“c’J,ΌƒP‹uπ”Τ,131121,“‹“s,Ά“c’J‹ζ,·ª‚Q’–Ϊ,2020-08-29,08,κΛZ‘ξ,‚»‚Μ‘Ό,{ω‚Ή‚Έ,‚ ‚θ
ή“,Τγ‚Λ‚η‚Ά,Ά“c’J,ΌƒP‹uπ”Τ,131121,“‹“s,Ά“c’J‹ζ,·ª‚R’–Ϊ,2020-08-23,11,“ΉHγ,‚»‚Μ‘Ό,{ω‚Ή‚Έ,‚ ‚θ
ή“,Τγ‚Λ‚η‚Ά,Ά“c’J,ΌƒP‹uπ”Τ,131121,“‹“s,Ά“c’J‹ζ,·ª‚T’–Ϊ,2020-08-29,09,‚SK‚ΔΘγ‹¤“―Z‘ξ,‚»‚Μ‘Ό,{ω‚Ή‚Έ,‚Θ‚µ
ή“,Τγ‚Λ‚η‚Ά,Ά“c’J,χ‹uπ”Τ,131121,“‹“s,Ά“c’J‹ζ,χ‹u‚S’–Ϊ,2020-01-01,16,“ΉHγ,‚»‚Μ‘Ό,{ω‚Ή‚Έ,‚ ‚θ
ή“,Τγ‚Λ‚η‚Ά,Ά“c’J,χ‹uπ”Τ,131121,“‹“s,Ά“c’J‹ζ,χ‹u‚T’–Ϊ,2020-05-29,12,‚»‚Μ‘Ό‚ΜZ‘ξi‚RK‚ΔΘ‰Ί‹¤“―Z‘ξ“™j,’“Τi—Φjκ,{ω‚Ή‚Έ,‚ ‚θ
ή“,Τγ‚Λ‚η‚Ά,–k‘ς,o“°‰w‘Oπ”Τ,131121,“‹“s,Ά“c’J‹ζ,Τ’η‚R’–Ϊ,2020-02-17,18,‚»‚Μ‘Ό,’“Τi—Φjκ,{ω‚Ή‚Έ,‚Θ‚µ
ή“,Τγ‚Λ‚η‚Ά,–k‘ς,‹{‘O‹΄π”Τ,131121,“‹“s,Ά“c’J‹ζ,‘γ“c‚R’–Ϊ,2020-07-28,09,“ΉHγ,‚»‚Μ‘Ό,{ω‚Ή‚Έ,‚ ‚θ
ή“,Τγ‚Λ‚η‚Ά,–k‘ς,’W“‡’Κπ”Τ,131121,“‹“s,Ά“c’J‹ζ,‘γ‘ς‚S’–Ϊ,2020-07-02,17,“ΉHγ,‚»‚Μ‘Ό,{ω‚Ή‚Έ,‚ ‚θ
ή“,Τγ‚Λ‚η‚Ά,–k‘ς,‰Hª–Ψπ”Τ,131121,“‹“s,Ά“c’J‹ζ,‘ε΄‚P’–Ϊ,2020-03-29,18,“ΉHγ,‚»‚Μ‘Ό,{ω‚Ή‚Έ,‚ ‚θ
ή“,Τγ‚Λ‚η‚Ά,–k‘ς,‰Hª–Ψπ”Τ,131121,“‹“s,Ά“c’J‹ζ,‘ε΄‚P’–Ϊ,2020-06-02,19,‚»‚Μ‘Ό‚ΜZ‘ξi‚RK‚ΔΘ‰Ί‹¤“―Z‘ξ“™j,’“Τi—Φjκ,{ω‚Ή‚Έ,‚ ‚θ
ή“,Τγ‚Λ‚η‚Ά,–k‘ς,Τ’ηπ”Τ,131121,“‹“s,Ά“c’J‹ζ,Τ’η‚R’–Ϊ,2020-02-06,19,“ΉHγ,‚»‚Μ‘Ό,{ω‚Ή‚Έ,‚Θ‚µ
ή“,Τγ‚Λ‚η‚Ά,–k‘ς,–Ύ‘ε‘O‰w‘Oπ”Τ,131121,“‹“s,Ά“c’J‹ζ,Ό΄‚Q’–Ϊ,2020-05-31,10,“ΉHγ,‚»‚Μ‘Ό,{ω‚Ή‚Έ,‚ ‚θ
ή“,Τγ‚Λ‚η‚Ά,–k‘ς,–Ύ‘ε‘O‰w‘Oπ”Τ,131121,“‹“s,Ά“c’J‹ζ,Ό΄‚T’–Ϊ,2020-06-18,17,κΛZ‘ξ,’“Τi—Φjκ,{ω‚Ή‚Έ,‚Θ‚µ
ή“,Τγ‚Λ‚η‚Ά,–k‘ς,–Ύ‘ε‘O‰w‘Oπ”Τ,131121,“‹“s,Ά“c’J‹ζ,‹{β‚P’–Ϊ,2020-12-27,09,“ΉHγ,‚»‚Μ‘Ό,{ω‚Ή‚Έ,‚ ‚θ
ή“,Τγ‚Λ‚η‚Ά,‹Κμ,‰‘ς‰w‘Oπ”Τ,131121,“‹“s,Ά“c’J‹ζ,‰‘ς‚Q’–Ϊ,2020-09-18,09,κΛZ‘ξ,‚»‚Μ‘Ό,{ω‚Ή‚Έ,‚Θ‚µ
ή“,Τγ‚Λ‚η‚Ά,‹Κμ,‰‘ς‰w‘Oπ”Τ,131121,“‹“s,Ά“c’J‹ζ,‰‘ς‚Q’–Ϊ,2020-09-18,09,“ΉHγ,‚»‚Μ‘Ό,{ω‚Ή‚Έ,‚ ‚θ
ή“,Τγ‚Λ‚η‚Ά,‹Κμ,‹γ•i•§π”Τ,131121,“‹“s,Ά“c’J‹ζ,“™X—Ν‚V’–Ϊ,2020-07-18,07,“ΉHγ,‚»‚Μ‘Ό,{ω‚Ή‚Έ,‚ ‚θ
ή“,Τγ‚Λ‚η‚Ά,‹Κμ,γ–μ–Ρπ”Τ,131121,“‹“s,Ά“c’J‹ζ,γ—p‰κ‚P’–Ϊ,2020-08-14,04,‚»‚Μ‘Ό,‚»‚Μ‘Ό,{ω‚Ή‚Έ,‚Θ‚µ
ή“,Τγ‚Λ‚η‚Ά,‹Κμ,γ–μ–Ρπ”Τ,131121,“‹“s,Ά“c’J‹ζ,’†’¬‚Q’–Ϊ,2020-03-04,17,’“Τi—Φjκ,’“Τi—Φjκ,{ω‚Ή‚Έ,‚Θ‚µ
ή“,Τγ‚Λ‚η‚Ά,‹Κμ,γ–μ–Ρπ”Τ,131121,“‹“s,Ά“c’J‹ζ,’†’¬‚Q’–Ϊ,2020-09-22,17,‚»‚Μ‘Ό,’“Τi—Φjκ,{ω‚Ή‚Έ,‚Θ‚µ
ή“,Τγ‚Λ‚η‚Ά,‹Κμ,γ–μ–Ρπ”Τ,131121,“‹“s,Ά“c’J‹ζ,’†’¬‚Q’–Ϊ,2020-10-13,11,‚»‚Μ‘Ό,‚»‚Μ‘Ό,{ω‚Ή‚Έ,‚Θ‚µ
ή“,Τγ‚Λ‚η‚Ά,‹Κμ,γ–μ–Ρπ”Τ,131121,“‹“s,Ά“c’J‹ζ,’†’¬‚S’–Ϊ,2020-10-11,07,‚»‚Μ‘Ό,’“Τi—Φjκ,{ω‚Ή‚Έ,‚ ‚θ
ή“,Τγ‚Λ‚η‚Ά,‹Κμ,“ρq‹Κμπ”Τ,131121,“‹“s,Ά“c’J‹ζ,–μ–Ρ‚R’–Ϊ,2020-08-07,17,“ΉHγ,‚»‚Μ‘Ό,{ω‚Ή‚Έ,‚ ‚θ
ή“,Τγ‚Λ‚η‚Ά,‹Κμ,£“cπ”Τ,131121,“‹“s,Ά“c’J‹ζ,£“c‚Q’–Ϊ,2020-04-03,01,‚»‚Μ‘Ό,’“Τi—Φjκ,{ω‚Ή‚Έ,‚Θ‚µ
ή“,Τγ‚Λ‚η‚Ά,‹Κμ,£“cπ”Τ,131121,“‹“s,Ά“c’J‹ζ,£“c‚Q’–Ϊ,2020-05-26,07,‚SK‚ΔΘγ‹¤“―Z‘ξ,‚»‚Μ‘Ό,{ω‚Ή‚Έ,‚ ‚θ
ή“,Τγ‚Λ‚η‚Ά,‹Κμ,—p‰κπ”Τ,131121,“‹“s,Ά“c’J‹ζ,—p‰κ‚Q’–Ϊ,2020-03-18,08,’“Τi—Φjκ,’“Τi—Φjκ,{ω‚Ή‚Έ,‚ ‚θ
ή“,Τγ‚Λ‚η‚Ά,‹Κμ,—p‰κπ”Τ,131121,“‹“s,Ά“c’J‹ζ,—p‰κ‚Q’–Ϊ,2020-12-18,08,“ΉHγ,‚»‚Μ‘Ό,{ω‚Ή‚Έ,‚ ‚θ
ή“,Τγ‚Λ‚η‚Ά,‹Κμ,—p‰κπ”Τ,131121,“‹“s,Ά“c’J‹ζ,—p‰κ‚S’–Ϊ,2020-12-20,01,“ΉHγ,‚»‚Μ‘Ό,{ω‚Ή‚Έ,‚ ‚θ
ή“,Τγ‚Λ‚η‚Ά,‹Κμ,[‘ςπ”Τ,131121,“‹“s,Ά“c’J‹ζ,‹ξ‘ςφ‰€,2020-07-02,13,‚»‚Μ‘Ό,‚»‚Μ‘Ό,{ω‚Ή‚Έ,‚ ‚θ
ή“,Τγ‚Λ‚η‚Ά,‹Κμ,”n–φ‰‘‘O’“έ,131121,“‹“s,Ά“c’J‹ζ,γ—p‰κ‚S’–Ϊ,2020-10-08,22,’“Τi—Φjκ,’“Τi—Φjκ,{ω‚Ή‚Έ,‚ ‚θ
ή“,Τγ‚Λ‚η‚Ά,‹Κμ,”n–φ‰‘‘O’“έ,131121,“‹“s,Ά“c’J‹ζ,γ—p‰κ‚U’–Ϊ,2020-12-03,15,‚»‚Μ‘Ό,’“Τi—Φjκ,{ω‚Ή‚Έ,‚Θ‚µ
ή“,Τγ‚Λ‚η‚Ά,‹Κμ,“™X—Ν•s“®‘O’“έ,131121,“‹“s,Ά“c’J‹ζ,“™X—Ν‚P’–Ϊ,2020-02-22,12,“ΉHγ,‚»‚Μ‘Ό,{ω‚Ή‚Έ,‚Θ‚µ
ή“,Τγ‚Λ‚η‚Ά,‹Κμ,“™X—Ν•s“®‘O’“έ,131121,“‹“s,Ά“c’J‹ζ,–μ–Ρ‚Q’–Ϊ,2020-04-11,07,’“Τi—Φjκ,’“Τi—Φjκ,{ω‚Ή‚Έ,‚Θ‚µ
ή“,Τγ‚Λ‚η‚Ά,¬ι,‘ct’J‘ε‘ π”Τ,131121,“‹“s,Ά“c’J‹ζ,‹m‚W’–Ϊ,2020-06-18,15,’“Τi—Φjκ,’“Τi—Φjκ,{ω‚Ή‚Έ,‚Θ‚µ
ή“,Τγ‚Λ‚η‚Ά,¬ι,‘ct’J‘ε‘ π”Τ,131121,“‹“s,Ά“c’J‹ζ,‘ct’J‚Q’–Ϊ,2020-05-18,08,“ΉHγ,‚»‚Μ‘Ό,{ω‚Ή‚Έ,‚Θ‚µ
ή“,Τγ‚Λ‚η‚Ά,¬ι,‘ct’J‘ε‘ π”Τ,131121,“‹“s,Ά“c’J‹ζ,‘ct’J‚R’–Ϊ,2020-01-26,23,“ΉHγ,‚»‚Μ‘Ό,{ω‚Ή‚Έ,‚Θ‚µ
ή“,Τγ‚Λ‚η‚Ά,¬ι,‘ct’J‘ε‘ π”Τ,131121,“‹“s,Ά“c’J‹ζ,‘ct’J‚R’–Ϊ,2020-03-12,21,‚»‚Μ‘Ό,’“Τi—Φjκ,{ω‚Ή‚Έ,‚Θ‚µ
ή“,Τγ‚Λ‚η‚Ά,¬ι,¬ιπ”Τ,131121,“‹“s,Ά“c’J‹ζ,¬ι‚Q’–Ϊ,2020-06-08,08,’“Τi—Φjκ,’“Τi—Φjκ,{ω‚Ή‚Έ,‚Θ‚µ
ή“,Τγ‚Λ‚η‚Ά,¬ι,¬ιπ”Τ,131121,“‹“s,Ά“c’J‹ζ,¬ι‚V’–Ϊ,2020-03-03,10,“ΉHγ,‚»‚Μ‘Ό,{ω‚Ή‚Έ,‚Θ‚µ
ή“,Τγ‚Λ‚η‚Ά,¬ι,ηΞ‘δπ”Τ,131121,“‹“s,Ά“c’J‹ζ,ηΞ‘δ‚R’–Ϊ,2020-12-18,14,‚»‚Μ‘Ό,’“Τi—Φjκ,{ω‚Ή‚Έ,‚Θ‚µ
ή“,Τγ‚Λ‚η‚Ά,¬ι,‰GRπ”Τ,131121,“‹“s,Ά“c’J‹ζ,“μ‰GR‚T’–Ϊ,2020-01-06,17,’“Τi—Φjκ,’“Τi—Φjκ,{ω‚Ή‚Έ,‚Θ‚µ
ή“,Τγ‚Λ‚η‚Ά,¬ι,γ–k‘ς‰w‘Oπ”Τ,131121,“‹“s,Ά“c’J‹ζ,γ–k‘ς‚R’–Ϊ,2020-01-13,17,κΛZ‘ξ,’“Τi—Φjκ,{ω‚Ή‚Έ,‚ ‚θ
ή“,Τγ‚Λ‚η‚Ά,¬ι,‰ª–{’“έ,131121,“‹“s,Ά“c’J‹ζ,‰ª–{‚Q’–Ϊ,2020-11-12,13,“ΉHγ,‚»‚Μ‘Ό,{ω‚Ή‚Έ,‚Θ‚µ
ή“,Τγ‚Λ‚η‚Ά,¬ι,‰ª–{’“έ,131121,“‹“s,Ά“c’J‹ζ,‹mφ‰€,2020-05-15,13,‚»‚Μ‘Ό,‚»‚Μ‘Ό,{ω‚Ή‚Έ,‚ ‚θ
ή“,Τγ‚Λ‚η‚Ά,¬ι,™“c’“έ,131121,“‹“s,Ά“c’J‹ζ,‰F“ήª‚P’–Ϊ,2020-12-28,01,‚»‚Μ‘Ό‚ΜZ‘ξi‚RK‚ΔΘ‰Ί‹¤“―Z‘ξ“™j,’“Τi—Φjκ,{ω‚Ή‚Έ,‚ ‚θ
ή“,Τγ‚Λ‚η‚Ά,¬ι,μ‘½©‰w‘Oπ”Τ,131121,“‹“s,Ά“c’J‹ζ,μ‘½©‚W’–Ϊ,2020-01-09,18,’“Τi—Φjκ,’“Τi—Φjκ,{ω‚Ή‚Έ,‚Θ‚µ
ή“,Τγ‚Λ‚η‚Ά,¬ι,μ‘½©‰w‘Oπ”Τ,131121,“‹“s,Ά“c’J‹ζ,μ‘½©‚W’–Ϊ,2020-02-02,22,’“Τi—Φjκ,’“Τi—Φjκ,{ω‚Ή‚Έ,‚Θ‚µ
ή“,Τγ‚Λ‚η‚Ά,¬ι,μ‘½©‰w‘Oπ”Τ,131121,“‹“s,Ά“c’J‹ζ,μ‘½©‚W’–Ϊ,2020-02-14,12,“ΉHγ,‚»‚Μ‘Ό,{ω‚Ή‚Έ,‚Θ‚µ
ή“,Τγ‚Λ‚η‚Ά,¬ι,μ‘½©‰w‘Oπ”Τ,131121,“‹“s,Ά“c’J‹ζ,μ‘½©‚W’–Ϊ,2020-02-19,15,“ΉHγ,‚»‚Μ‘Ό,{ω‚Ή‚Έ,‚Θ‚µ
ή“,Τγ‚Λ‚η‚Ά,¬ι,μ‘½©‰w‘Oπ”Τ,131121,“‹“s,Ά“c’J‹ζ,μ‘½©‚W’–Ϊ,2020-05-25,11,’“Τi—Φjκ,’“Τi—Φjκ,{ω‚Ή‚Έ,‚Θ‚µ
ή“,Τγ‚Λ‚η‚Ά,¬ι,μ‘½©‰w‘Oπ”Τ,131121,“‹“s,Ά“c’J‹ζ,μ‘½©‚W’–Ϊ,2020-06-26,18,‚»‚Μ‘Ό,’“Τi—Φjκ,{ω‚Ή‚Έ,‚Θ‚µ
ή“,Τγ‚Λ‚η‚Ά,¬ι,μ‘½©‰w‘Oπ”Τ,131121,“‹“s,Ά“c’J‹ζ,μ‘½©‚X’–Ϊ,2020-01-17,16,“ΉHγ,‚»‚Μ‘Ό,{ω‚Ή‚Έ,‚Θ‚µ
ή“,Τγ‚Λ‚η‚Ά,¬ι,‹‹“cπ”Τ,131121,“‹“s,Ά“c’J‹ζ,‹‹“c‚S’–Ϊ,2020-03-29,16,κΛZ‘ξ,‚»‚Μ‘Ό,{ω‚Ή‚Έ,‚ ‚θ
ή“,Τγ‚Λ‚η‚Ά,¬ι,”ª”¦R’“έ,131121,“‹“s,Ά“c’J‹ζ,”ª”¦R‚R’–Ϊ,2020-09-15,21,‚»‚Μ‘Ό,’“Τi—Φjκ,{ω‚Ή‚Έ,‚Θ‚µ
ή“,Τγ‚Λ‚η‚Ά,¬ι,‘D‹΄π”Τ,131121,“‹“s,Ά“c’J‹ζ,χγ…‚Q’–Ϊ,2020-07-11,07,“ΉHγ,‚»‚Μ‘Ό,{ω‚Ή‚Έ,‚Θ‚µ
ή“,Τγ‚Λ‚η‚Ά,–Ϊ•,O“cπ”Τ,131105,“‹“s,–Ϊ•‹ζ,O“c‚P’–Ϊ,2020-08-22,21,‚SK‚ΔΘγ‹¤“―Z‘ξ,‚»‚Μ‘Ό,{ω‚Ή‚Έ,‚ ‚θ
ή“,Τγ‚Λ‚η‚Ά,–Ϊ•,‰Ί–Ϊ•π”Τ,131105,“‹“s,–Ϊ•‹ζ,–Ϊ•‚Q’–Ϊ,2020-02-26,18,‚»‚Μ‘Ό,’“Τi—Φjκ,{ω‚Ή‚Έ,‚ ‚θ
ή“,Τγ‚Λ‚η‚Ά,–Ϊ•,–ϋ–Κπ”Τ,131105,“‹“s,–Ϊ•‹ζ,’†’¬‚P’–Ϊ,2020-06-06,14,“ΉHγ,‚»‚Μ‘Ό,{ω‚Ή‚Έ,‚ ‚θ
ή“,Τγ‚Λ‚η‚Ά,–Ϊ•,—S“V›‰w‘Oπ”Τ,131105,“‹“s,–Ϊ•‹ζ,ά–{–Ψ‚Q’–Ϊ,2020-08-06,17,“ΉHγ,‚»‚Μ‘Ό,{ω‚Ή‚Έ,‚ ‚θ
ή“,Τγ‚Λ‚η‚Ά,–Ϊ•,’†–Ϊ•‰w‘Oπ”Τ,131105,“‹“s,–Ϊ•‹ζ,γ–Ϊ•‚P’–Ϊ,2020-03-27,09,‚»‚Μ‘Ό,’“Τi—Φjκ,{ω‚Ή‚Έ,‚Θ‚µ
ή“,Τγ‚Λ‚η‚Ά,–Ϊ•,’†–Ϊ•‰w‘Oπ”Τ,131105,“‹“s,–Ϊ•‹ζ,γ–Ϊ•‚R’–Ϊ,2020-03-27,09,‚»‚Μ‘Ό,’“Τi—Φjκ,{ω‚Ή‚Έ,‚Θ‚µ
ή“,Τγ‚Λ‚η‚Ά,–Ϊ•,’†–Ϊ•‰w‘Oπ”Τ,131105,“‹“s,–Ϊ•‹ζ,’†–Ϊ•‚S’–Ϊ,2020-05-21,11,“ΉHγ,‚»‚Μ‘Ό,{ω‚Ή‚Έ,‚Θ‚µ
ή“,Τγ‚Λ‚η‚Ά,–Ϊ•,hRπ”Τ,131105,“‹“s,–Ϊ•‹ζ,Β—t‘δ‚R’–Ϊ,2020-06-17,15,“ΉHγ,‚»‚Μ‘Ό,{ω‚Ή‚Έ,‚ ‚θ
ή“,Τγ‚Λ‚η‚Ά,–Ϊ•,hRπ”Τ,131105,“‹“s,–Ϊ•‹ζ,γ–Ϊ•‚Q’–Ϊ,2020-11-30,18,κΛZ‘ξ,’“Τi—Φjκ,{ω‚Ή‚Έ,‚Θ‚µ
ή“,Τγ‚Λ‚η‚Ά,–Ϊ•,hRπ”Τ,131105,“‹“s,–Ϊ•‹ζ,γ–Ϊ•‚R’–Ϊ,2020-11-26,15,“ΉHγ,‚»‚Μ‘Ό,{ω‚Ή‚Έ,‚ ‚θ
ή“,Τγ‚Λ‚η‚Ά,–Ϊ•,‘ε‹΄π”Τ,131105,“‹“s,–Ϊ•‹ζ,Β—t‘δ‚Q’–Ϊ,2020-01-14,14,‚»‚Μ‘Ό,’“Τi—Φjκ,{ω‚Ή‚Έ,‚Θ‚µ
ή“,Τγ‚Λ‚η‚Ά,–Ϊ•,‘ε‹΄π”Τ,131105,“‹“s,–Ϊ•‹ζ,Β—t‘δ‚Q’–Ϊ,2020-08-19,00,‚»‚Μ‘Ό,’“Τi—Φjκ,{ω‚Ή‚Έ,‚Θ‚µ
ή“,Τγ‚Λ‚η‚Ά,–Ϊ•,‘ε‹΄π”Τ,131105,“‹“s,–Ϊ•‹ζ,Β—t‘δ‚S’–Ϊ,2020-04-29,20,“ΉHγ,‚»‚Μ‘Ό,{ω‚Ή‚Έ,‚Θ‚µ
ή“,Τγ‚Λ‚η‚Ά,–Ϊ•,‘ε‹΄π”Τ,131105,“‹“s,–Ϊ•‹ζ,‘ε‹΄‚Q’–Ϊ,2020-03-12,21,“ΉHγ,‚»‚Μ‘Ό,{ω‚Ή‚Έ,‚Θ‚µ
ή“,Τγ‚Λ‚η‚Ά,”θ•¶’J,`‚Μ–Ψβπ”Τ,131105,“‹“s,–Ϊ•‹ζ,`‚Μ–Ψβ‚Q’–Ϊ,2020-01-29,17,’“Τi—Φjκ,’“Τi—Φjκ,{ω‚Ή‚Έ,‚Θ‚µ
ή“,Τγ‚Λ‚η‚Ά,”θ•¶’J,“s—§‘εw‰w‘Oπ”Τ,131105,“‹“s,–Ϊ•‹ζ,`‚Μ–Ψβ‚Q’–Ϊ,2020-01-25,16,κΛZ‘ξ,’“Τi—Φjκ,{ω‚Ή‚Έ,‚ ‚θ
ή“,Τγ‚Λ‚η‚Ά,”θ•¶’J,“s—§‘εw‰w‘Oπ”Τ,131105,“‹“s,–Ϊ•‹ζ,•½’¬‚P’–Ϊ,2020-07-27,15,“ΉHγ,‚»‚Μ‘Ό,{ω‚Ή‚Έ,‚ ‚θ
ή“,Τγ‚Λ‚η‚Ά,”θ•¶’J,“s—§‘εw‰w‘Oπ”Τ,131105,“‹“s,–Ϊ•‹ζ,•½’¬‚Q’–Ϊ,2020-05-10,14,“ΉHγ,‚»‚Μ‘Ό,{ω‚Ή‚Έ,‚ ‚θ
ή“,Τγ‚Λ‚η‚Ά,”θ•¶’J,“s—§‘εw‰w‘Oπ”Τ,131105,“‹“s,–Ϊ•‹ζ,’†ª‚P’–Ϊ,2020-07-16,10,’“Τi—Φjκ,’“Τi—Φjκ,{ω‚Ή‚Έ,‚Θ‚µ
ή“,Τγ‚Λ‚η‚Ά,”θ•¶’J,“s—§‘εw‰w‘Oπ”Τ,131105,“‹“s,–Ϊ•‹ζ,’†ª‚Q’–Ϊ,2020-05-06,21,“ΉHγ,‚»‚Μ‘Ό,{ω‚Ή‚Έ,‚Θ‚µ
ή“,Τγ‚Λ‚η‚Ά,”θ•¶’J,’†ªπ”Τ,131105,“‹“s,–Ϊ•‹ζ,’†ª‚Q’–Ϊ,2020-11-23,17,“ΉHγ,‚»‚Μ‘Ό,{ω‚Ή‚Έ,‚Θ‚µ
ή“,Τγ‚Λ‚η‚Ά,”θ•¶’J,©—R‚ª‹uπ”Τ,131105,“‹“s,–Ϊ•‹ζ,©—R‚ª‹u‚P’–Ϊ,2019-09-17,19,“ΉHγ,‚»‚Μ‘Ό,{ω‚Ή‚Έ,‚ ‚θ
ή“,Τγ‚Λ‚η‚Ά,”θ•¶’J,©—R‚ª‹uπ”Τ,131105,“‹“s,–Ϊ•‹ζ,©—R‚ª‹u‚Q’–Ϊ,2020-09-28,09,‚»‚Μ‘Ό,‚»‚Μ‘Ό,{ω‚Ή‚Έ,‚ ‚θ
ή“,Τγ‚Λ‚η‚Ά,”θ•¶’J,΄’¬π”Τ,131105,“‹“s,–Ϊ•‹ζ,“μ‚P’–Ϊ,2020-02-21,10,’“Τi—Φjκ,’“Τi—Φjκ,{ω‚Ή‚Έ,‚Θ‚µ
ή“,Τγ‚Λ‚η‚Ά,”θ•¶’J,–{’¬Z’–Ϊπ”Τ,131105,“‹“s,–Ϊ•‹ζ,–Ϊ•–{’¬‚Q’–Ϊ,2020-01-23,18,“ΉHγ,‚»‚Μ‘Ό,{ω‚Ή‚Έ,‚Θ‚µ
ή“,Τγ‚Λ‚η‚Ά,”θ•¶’J,–{’¬Z’–Ϊπ”Τ,131105,“‹“s,–Ϊ•‹ζ,–Ϊ•–{’¬‚U’–Ϊ,2020-01-05,18,“ΉHγ,‚»‚Μ‘Ό,{ω‚Ή‚Έ,‚Θ‚µ
ή“,Τγ‚Λ‚η‚Ά,”θ•¶’J,–{’¬Z’–Ϊπ”Τ,131105,“‹“s,–Ϊ•‹ζ,–Ϊ•–{’¬‚U’–Ϊ,2020-02-18,09,‚»‚Μ‘Ό,’“Τi—Φjκ,{ω‚Ή‚Έ,‚Θ‚µ
ή“,Τγ‚Λ‚η‚Ά,”θ•¶’J,–{’¬Z’–Ϊπ”Τ,131105,“‹“s,–Ϊ•‹ζ,–Ϊ•–{’¬‚U’–Ϊ,2020-05-23,10,κΛZ‘ξ,’“Τi—Φjκ,{ω‚Ή‚Έ,‚ ‚θ
ή“,Τγ‚Λ‚η‚Ά,”θ•¶’J,w|‘εw‰w‘Oπ”Τ,131105,“‹“s,–Ϊ•‹ζ,‘ι”Τ‚R’–Ϊ,2020-02-08,21,“ΉHγ,‚»‚Μ‘Ό,{ω‚Ή‚Έ,‚Θ‚µ
ή“,Τγ‚Λ‚η‚Ά,”θ•¶’J,w|‘εw‰w‘Oπ”Τ,131105,“‹“s,–Ϊ•‹ζ,‘ι”Τ‚R’–Ϊ,2020-10-22,12,“ΉHγ,‚»‚Μ‘Ό,{ω‚Ή‚Έ,‚ ‚θ
ή“,Τγ‚Λ‚η‚Ά,a’J,a’J‰w‘Oπ”Τ,131130,“‹“s,a’J‹ζ,χ‹u’¬,2020-09-18,18,“ΉHγ,‚»‚Μ‘Ό,{ω‚Ή‚Έ,‚ ‚θ
ή“,Τγ‚Λ‚η‚Ά,a’J,‰F“cμπ”Τ,131130,“‹“s,a’J‹ζ,‰F“cμ’¬,2020-05-31,11,“ΉHγ,‚»‚Μ‘Ό,{ω‚Ή‚Έ,‚Θ‚µ
ή“,Τγ‚Λ‚η‚Ά,a’J,‰F“cμπ”Τ,131130,“‹“s,a’J‹ζ,_R’¬,2020-07-30,10,’“Τi—Φjκ,’“Τi—Φjκ,{ω‚Ή‚Έ,‚Θ‚µ
ή“,Τγ‚Λ‚η‚Ά,a’J,‰F“cμπ”Τ,131130,“‹“s,a’J‹ζ,“ΉΊβ‚Q’–Ϊ,2020-02-29,20,“ΉHγ,‚»‚Μ‘Ό,{ω‚Ή‚Έ,‚ ‚θ
ή“,Τγ‚Λ‚η‚Ά,a’J,‰F“cμπ”Τ,131130,“‹“s,a’J‹ζ,“ΉΊβ‚Q’–Ϊ,2020-04-23,12,“ΉHγ,‚»‚Μ‘Ό,{ω‚Ή‚Έ,‚Θ‚µ
ή“,Τγ‚Λ‚η‚Ά,a’J,‘γ―Rπ”Τ,131130,“‹“s,a’J‹ζ,‘γ―R’¬,2020-02-29,22,“ΉHγ,‚»‚Μ‘Ό,{ω‚Ή‚Έ,‚ ‚θ
ή“,Τγ‚Λ‚η‚Ά,a’J,b”δυ‰w‘Oπ”Τ,131130,“‹“s,a’J‹ζ,b”δυ‚P’–Ϊ,2020-01-30,04,“ΉHγ,‚»‚Μ‘Ό,{ω‚Ή‚Έ,‚ ‚θ
ή“,Τγ‚Λ‚η‚Ά,a’J,b”δυ‰w‘Oπ”Τ,131130,“‹“s,a’J‹ζ,b”δυ‚P’–Ϊ,2020-08-02,03,“ΉHγ,‚»‚Μ‘Ό,{ω‚Ή‚Έ,‚ ‚θ
ή“,Τγ‚Λ‚η‚Ά,a’J,b”δυ‰w‘Oπ”Τ,131130,“‹“s,a’J‹ζ,b”δυ‚S’–Ϊ,2020-01-18,08,’“Τi—Φjκ,’“Τi—Φjκ,{ω‚Ή‚Έ,‚Θ‚µ
ή“,Τγ‚Λ‚η‚Ά,a’J,b”δυ‰w‘Oπ”Τ,131130,“‹“s,a’J‹ζ,b”δυ‚S’–Ϊ,2020-05-31,22,’“Τi—Φjκ,’“Τi—Φjκ,{ω‚Ή‚Έ,‚Θ‚µ
ή“,Τγ‚Λ‚η‚Ά,a’J,b”δυ‰w‘Oπ”Τ,131130,“‹“s,a’J‹ζ,b”δυ‚S’–Ϊ,2020-06-18,17,’“Τi—Φjκ,’“Τi—Φjκ,{ω‚Ή‚Έ,‚Θ‚µ
ή“,Τγ‚Λ‚η‚Ά,a’J,b”δυ‰w‘Oπ”Τ,131130,“‹“s,a’J‹ζ,b”δυ“μ‚R’–Ϊ,2020-12-01,14,“ΉHγ,‚»‚Μ‘Ό,{ω‚Ή‚Έ,‚ ‚θ
ή“,Τγ‚Λ‚η‚Ά,a’J,L”φά’–Ϊπ”Τ,131130,“‹“s,a’J‹ζ,L”φ‚T’–Ϊ,2020-11-28,16,“ΉHγ,‚»‚Μ‘Ό,{ω‚Ή‚Έ,‚Θ‚µ
ή“,Τγ‚Λ‚η‚Ά,a’J,”«Rπ”Τ,131130,“‹“s,a’J‹ζ,ις’J’¬,2020-12-19,12,“ΉHγ,‚»‚Μ‘Ό,{ω‚Ή‚Έ,‚Θ‚µ
ή“,Τγ‚Λ‚η‚Ά,a’J,”«Rπ”Τ,131130,“‹“s,a’J‹ζ,χ‹u’¬,2020-01-11,13,’“Τi—Φjκ,’“Τi—Φjκ,{ω‚Ή‚Έ,‚Θ‚µ
ή“,Τγ‚Λ‚η‚Ά,a’J,ν”ΦΌπ”Τ,131130,“‹“s,a’J‹ζ,a’J‚R’–Ϊ,2020-06-22,09,κΛZ‘ξ,‚»‚Μ‘Ό,{ω‚Ή‚Έ,‚Θ‚µ
ή“,Τγ‚Λ‚η‚Ά,a’J,”ό’|π”Τ,131130,“‹“s,a’J‹ζ,a’J‚P’–Ϊ,2019-12-15,10,“ΉHγ,‚»‚Μ‘Ό,{ω‚Ή‚Έ,‚ ‚θ
ή“,Τγ‚Λ‚η‚Ά,a’J,”ό’|π”Τ,131130,“‹“s,a’J‹ζ,_‹{‘O‚T’–Ϊ,2020-01-04,12,“ΉHγ,‚»‚Μ‘Ό,{ω‚Ή‚Έ,‚Θ‚µ
ή“,Τγ‚Λ‚η‚Ά,a’J,”ό’|π”Τ,131130,“‹“s,a’J‹ζ,_‹{‘O‚U’–Ϊ,2020-11-26,18,“ΉHγ,‚»‚Μ‘Ό,{ω‚Ή‚Έ,‚Θ‚µ
ή“,Τγ‚Λ‚η‚Ά,΄h,‘γX–Ψ‰w‘Oπ”Τ,131130,“‹“s,a’J‹ζ,‘γX–Ψ‚P’–Ϊ,2020-04-16,21,“ΉHγ,‚»‚Μ‘Ό,{ω‚Ή‚Έ,‚ ‚θ
ή“,Τγ‚Λ‚η‚Ά,΄h,‘γX–Ψ“ρ’–Ϊπ”Τ,131130,“‹“s,a’J‹ζ,‘γX–Ψ‚Q’–Ϊ,2020-04-14,07,’“Τi—Φjκ,’“Τi—Φjκ,{ω‚Ή‚Έ,‚Θ‚µ
ή“,Τγ‚Λ‚η‚Ά,΄h,‘γX–Ψ“ρ’–Ϊπ”Τ,131130,“‹“s,a’J‹ζ,‘γX–Ψ‚Q’–Ϊ,2020-04-14,08,’“Τi—Φjκ,’“Τi—Φjκ,{ω‚Ή‚Έ,‚Θ‚µ
ή“,Τγ‚Λ‚η‚Ά,΄h,η‘ΚƒP’Jά’–Ϊπ”Τ,131130,“‹“s,a’J‹ζ,η‘Κƒ–’J‚S’–Ϊ,2020-10-28,12,“ΉHγ,‚»‚Μ‘Ό,{ω‚Ή‚Έ,‚Θ‚µ
ή“,Τγ‚Λ‚η‚Ά,΄h,_‹{‘Oπ”Τ,131130,“‹“s,a’J‹ζ,_‹{‘O‚S’–Ϊ,2020-10-15,09,“ΉHγ,‚»‚Μ‘Ό,{ω‚Ή‚Έ,‚Θ‚µ
ή“,Τγ‚Λ‚η‚Ά,‘γX–Ψ,‰‘δ‰w‘Oπ”Τ,131130,“‹“s,a’J‹ζ,‰‘δ‚P’–Ϊ,2020-03-05,15,“ΉHγ,‚»‚Μ‘Ό,{ω‚Ή‚Έ,‚Θ‚µ
ή“,Τγ‚Λ‚η‚Ά,‘γX–Ψ,‰‘δ‰w‘Oπ”Τ,131130,“‹“s,a’J‹ζ,‰‘δ‚P’–Ϊ,2020-03-24,07,’“Τi—Φjκ,’“Τi—Φjκ,{ω‚Ή‚Έ,‚Θ‚µ
ή“,Τγ‚Λ‚η‚Ά,‘γX–Ψ,‰‘δ‰w‘Oπ”Τ,131130,“‹“s,a’J‹ζ,–{’¬‚P’–Ϊ,2020-02-17,13,“ΉHγ,‚»‚Μ‘Ό,{ω‚Ή‚Έ,‚ ‚θ
ή“,Τγ‚Λ‚η‚Ά,‘γX–Ψ,‰‘δ‰w‘Oπ”Τ,131130,“‹“s,a’J‹ζ,–{’¬‚P’–Ϊ,2020-08-04,14,’“Τi—Φjκ,’“Τi—Φjκ,{ω‚Ή‚Έ,‚Θ‚µ
ή“,Τγ‚Λ‚η‚Ά,‘γX–Ψ,‰‘δ‰w‘Oπ”Τ,131130,“‹“s,a’J‹ζ,–{’¬‚Q’–Ϊ,2020-02-22,10,’“Τi—Φjκ,’“Τi—Φjκ,{ω‚Ή‚Έ,‚ ‚θ
ή“,Τγ‚Λ‚η‚Ά,‘γX–Ψ,‰‘δ‰w‘Oπ”Τ,131130,“‹“s,a’J‹ζ,–{’¬‚Q’–Ϊ,2020-02-25,11,’“Τi—Φjκ,’“Τi—Φjκ,{ω‚Ή‚Έ,‚ ‚θ
ή“,Τγ‚Λ‚η‚Ά,‘γX–Ψ,‰‘δ‰w‘Oπ”Τ,131130,“‹“s,a’J‹ζ,–{’¬‚Q’–Ϊ,2020-05-23,15,“ΉHγ,‚»‚Μ‘Ό,{ω‚Ή‚Έ,‚ ‚θ
ή“,Τγ‚Λ‚η‚Ά,‘γX–Ψ,‰‘δ‰w‘Oπ”Τ,131130,“‹“s,a’J‹ζ,‘γX–Ψ‚S’–Ϊ,2020-07-15,08,’“Τi—Φjκ,’“Τi—Φjκ,{ω‚Ή‚Έ,‚Θ‚µ
ή“,Τγ‚Λ‚η‚Ά,‘γX–Ψ,•s“®‘Oπ”Τ,131130,“‹“s,a’J‹ζ,–{’¬‚U’–Ϊ,2020-09-21,09,“ΉHγ,‚»‚Μ‘Ό,{ω‚Ή‚Έ,‚ ‚θ
ή“,Τγ‚Λ‚η‚Ά,‘γX–Ψ,”¦ƒP’J‰w‘Oπ”Τ,131130,“‹“s,a’J‹ζ,”¦ƒ–’J‚P’–Ϊ,2020-09-30,09,“ΉHγ,‚»‚Μ‘Ό,{ω‚Ή‚Έ,‚Θ‚µ
ή“,Τγ‚Λ‚η‚Ά,‘γX–Ψ,ω’Λπ”Τ,131130,“‹“s,a’J‹ζ,ω’Λ‚P’–Ϊ,2020-09-28,12,“ΉHγ,‚»‚Μ‘Ό,{ω‚Ή‚Έ,‚Θ‚µ
ή“,Τγ‚Λ‚η‚Ά,‘γX–Ψ,ω’Λπ”Τ,131130,“‹“s,a’J‹ζ,ω’Λ‚R’–Ϊ,2020-03-06,11,“ΉHγ,‚»‚Μ‘Ό,{ω‚Ή‚Έ,‚ ‚θ
ή“,Τγ‚Λ‚η‚Ά,‘γX–Ψ,‘γX–Ψγ΄‰w‘Oπ”Τ,131130,“‹“s,a’J‹ζ,Ό΄‚Q’–Ϊ,2020-11-11,13,‚»‚Μ‘Ό,‚»‚Μ‘Ό,{ω‚Ή‚Έ,‚Θ‚µ
ή“,Τγ‚Λ‚η‚Ά,‘γX–Ψ,‘γX–Ψφ‰€π”Τ,131130,“‹“s,a’J‹ζ,•xƒ–’J‚Q’–Ϊ,2020-09-21,16,“ΉHγ,‚»‚Μ‘Ό,{ω‚Ή‚Έ,‚Θ‚µ
ή“,Τγ‚Λ‚η‚Ά,‹,‰Ν“c’¬π”Τ,131041,“‹“s,Vh‹ζ,“‰|’¬,2020-05-03,14,“ΉHγ,‚»‚Μ‘Ό,{ω‚Ή‚Έ,‚Θ‚µ
ή“,Τγ‚Λ‚η‚Ά,‹,‰Ν“c’¬π”Τ,131041,“‹“s,Vh‹ζ,—]’’¬,2020-04-24,12,’“Τi—Φjκ,’“Τi—Φjκ,{ω‚Ή‚Έ,‚Θ‚µ
ή“,Τγ‚Λ‚η‚Ά,‹,’ίª’¬π”Τ,131041,“‹“s,Vh‹ζ,‘ξ“c’ίª’¬,2020-12-17,14,κΛZ‘ξ,‚»‚Μ‘Ό,{ω‚Ή‚Έ,‚ ‚θ
ή“,Τγ‚Λ‚η‚Ά,‹,‘ε‹Θπ”Τ,131041,“‹“s,Vh‹ζ,…“Ή’¬,2020-07-20,09,‚»‚Μ‘Ό,’“Τi—Φjκ,{ω‚Ή‚Έ,‚Θ‚µ
ή“,Τγ‚Λ‚η‚Ά,‹,_yβγπ”Τ,131041,“‹“s,Vh‹ζ,–ξ—’¬,2020-07-27,13,‚»‚Μ‘Ό,’“Τi—Φjκ,{ω‚Ή‚Έ,‚Θ‚µ
ή“,Τγ‚Λ‚η‚Ά,Vh,Vh‰wΌϋπ”Τ,131041,“‹“s,Vh‹ζ,ΌVh‚P’–Ϊ,2020-11-21,12,“ΉHγ,‚»‚Μ‘Ό,{ω‚Ή‚Έ,‚ ‚θ
ή“,Τγ‚Λ‚η‚Ά,Vh,ΌVhO’–Ϊπ”Τ,131041,“‹“s,Vh‹ζ,ΌVh‚Q’–Ϊ,2020-05-15,10,‚»‚Μ‘Ό,‚»‚Μ‘Ό,{ω‚Ή‚Έ,‚Θ‚µ
ή“,Τγ‚Λ‚η‚Ά,Vh,ΌVhO’–Ϊπ”Τ,131041,“‹“s,Vh‹ζ,ΌVh‚S’–Ϊ,2020-02-03,11,‚SK‚ΔΘγ‹¤“―Z‘ξ,’“Τi—Φjκ,{ω‚Ή‚Έ,‚Θ‚µ
ή“,Τγ‚Λ‚η‚Ά,Vh,¬qβπ”Τ,131041,“‹“s,Vh‹ζ,ΌVh‚U’–Ϊ,2020-01-05,18,“ΉHγ,‚»‚Μ‘Ό,{ω‚Ή‚Έ,‚ ‚θ
ή“,Τγ‚Λ‚η‚Ά,Vh,¬qβπ”Τ,131041,“‹“s,Vh‹ζ,ΌVh‚V’–Ϊ,2020-10-13,11,“ΉHγ,‚»‚Μ‘Ό,{ω‚Ή‚Έ,‚Θ‚µ
ή“,Τγ‚Λ‚η‚Ά,Vh,¬qβπ”Τ,131041,“‹“s,Vh‹ζ,ΌVh‚V’–Ϊ,2020-11-01,14,“ΉHγ,‚»‚Μ‘Ό,{ω‚Ή‚Έ,‚ ‚θ
ή“,Τγ‚Λ‚η‚Ά,Vh,–kVhκ’–Ϊπ”Τ,131041,“‹“s,Vh‹ζ,–kVh‚P’–Ϊ,2020-10-01,20,‚»‚Μ‘Ό,’“Τi—Φjκ,{ω‚Ή‚Έ,‚ ‚θ
ή“,Τγ‚Λ‚η‚Ά,Vh,–kVhκ’–Ϊπ”Τ,131041,“‹“s,Vh‹ζ,–kVh‚Q’–Ϊ,2020-03-23,10,“ΉHγ,‚»‚Μ‘Ό,{ω‚Ή‚Έ,‚ ‚θ
ή“,Τγ‚Λ‚η‚Ά,Vh,–kVhκ’–Ϊπ”Τ,131041,“‹“s,Vh‹ζ,–kVh‚Q’–Ϊ,2020-10-06,09,“ΉHγ,‚»‚Μ‘Ό,{ω‚Ή‚Έ,‚Θ‚µ
ή“,Τγ‚Λ‚η‚Ά,Vh,—„‹΄sκ‘Oπ”Τ,131041,“‹“s,Vh‹ζ,–kVh‚S’–Ϊ,2020-01-01,22,‚SK‚ΔΘγ‹¤“―Z‘ξ,’“Τi—Φjκ,{ω‚Ή‚Έ,‚Θ‚µ
ή“,Τγ‚Λ‚η‚Ά,Vh,—„‹΄sκ‘Oπ”Τ,131041,“‹“s,Vh‹ζ,–kVh‚S’–Ϊ,2020-02-26,16,‚»‚Μ‘Ό,‚»‚Μ‘Ό,{ω‚Ή‚Έ,‚ ‚θ
ή“,Τγ‚Λ‚η‚Ά,Vh,•Sl’¬π”Τ,131041,“‹“s,Vh‹ζ,–kVh‚R’–Ϊ,2020-12-22,13,κΛZ‘ξ,‚»‚Μ‘Ό,{ω‚Ή‚Έ,‚ ‚θ
ή“,Τγ‚Λ‚η‚Ά,Vh,•Sl’¬π”Τ,131041,“‹“s,Vh‹ζ,•Sl’¬‚Q’–Ϊ,2020-03-16,12,“ΉHγ,‚»‚Μ‘Ό,{ω‚Ή‚Έ,‚Θ‚µ
ή“,Τγ‚Λ‚η‚Ά,Vh,•Sl’¬π”Τ,131041,“‹“s,Vh‹ζ,•Sl’¬‚Q’–Ϊ,2020-08-14,14,“ΉHγ,‚»‚Μ‘Ό,{ω‚Ή‚Έ,‚ ‚θ
ή“,Τγ‚Λ‚η‚Ά,Vh,‘ε‹v•Ϋπ”Τ,131041,“‹“s,Vh‹ζ,‘ε‹v•Ϋ‚P’–Ϊ,2020-04-26,15,“ΉHγ,‚»‚Μ‘Ό,{ω‚Ή‚Έ,‚ ‚θ
ή“,Τγ‚Λ‚η‚Ά,Vh,VhZ’–Ϊπ”Τ,131041,“‹“s,Vh‹ζ,Vh‚V’–Ϊ,2020-09-27,11,’“Τi—Φjκ,’“Τi—Φjκ,{ω‚Ή‚Έ,‚Θ‚µ
ή“,Τγ‚Λ‚η‚Ά,Vh,‰Μ•‘κ’¬π”Τ,131041,“‹“s,Vh‹ζ,‰Μ•‘κ’¬‚P’–Ϊ,2020-05-25,18,’“Τi—Φjκ,’“Τi—Φjκ,{ω‚Ή‚Έ,‚Θ‚µ
ή“,Τγ‚Λ‚η‚Ά,Vh,‰Μ•‘κ’¬π”Τ,131041,“‹“s,Vh‹ζ,‰Μ•‘κ’¬‚P’–Ϊ,2020-05-28,00,’“Τi—Φjκ,’“Τi—Φjκ,{ω‚Ή‚Έ,‚Θ‚µ
ή“,Τγ‚Λ‚η‚Ά,Vh,‰Μ•‘κ’¬π”Τ,131041,“‹“s,Vh‹ζ,‰Μ•‘κ’¬‚Q’–Ϊ,2020-05-06,00,’“Τi—Φjκ,’“Τi—Φjκ,{ω‚Ή‚Έ,‚Θ‚µ
ή“,Τγ‚Λ‚η‚Ά,Vh,‰Μ•‘κ’¬π”Τ,131041,“‹“s,Vh‹ζ,‰Μ•‘κ’¬‚Q’–Ϊ,2020-05-21,00,“ΉHγ,‚»‚Μ‘Ό,{ω‚Ή‚Έ,‚ ‚θ
ή“,Τγ‚Λ‚η‚Ά,Vh,‰Μ•‘κ’¬π”Τ,131041,“‹“s,Vh‹ζ,‰Μ•‘κ’¬‚Q’–Ϊ,2020-07-05,16,’“Τi—Φjκ,’“Τi—Φjκ,{ω‚Ή‚Έ,‚ ‚θ
ή“,Τγ‚Λ‚η‚Ά,Vh,‰Μ•‘κ’¬π”Τ,131041,“‹“s,Vh‹ζ,‰Μ•‘κ’¬‚Q’–Ϊ,2020-11-16,11,“ΉHγ,‚»‚Μ‘Ό,{ω‚Ή‚Έ,‚Θ‚µ
ή“,Τγ‚Λ‚η‚Ά,Vh,Vh‰w“ϋπ”Τ,131041,“‹“s,Vh‹ζ,Vh‚R’–Ϊ,2020-03-02,02,“ΉHγ,‚»‚Μ‘Ό,{ω‚Ή‚Έ,‚ ‚θ
ή“,Τγ‚Λ‚η‚Ά,Vh,Vh‰w“ϋπ”Τ,131041,“‹“s,Vh‹ζ,Vh‚R’–Ϊ,2020-11-10,10,“ΉHγ,‚»‚Μ‘Ό,{ω‚Ή‚Έ,‚Θ‚µ
ή“,Τγ‚Λ‚η‚Ά,Λ’Λ,‚“c”nκ‰w‘Oπ”Τ,131041,“‹“s,Vh‹ζ,‚“c”nκ‚Q’–Ϊ,2020-07-01,16,“ΉHγ,‚»‚Μ‘Ό,{ω‚Ή‚Έ,‚ ‚θ
ή“,Τγ‚Λ‚η‚Ά,Λ’Λ,‚“c”nκ‰w‘Oπ”Τ,131041,“‹“s,Vh‹ζ,‚“c”nκ‚S’–Ϊ,2020-01-08,15,“ΉHγ,‚»‚Μ‘Ό,{ω‚Ή‚Έ,‚ ‚θ
ή“,Τγ‚Λ‚η‚Ά,Λ’Λ,‰Ί—‡‰w‘Oπ”Τ,131041,“‹“s,Vh‹ζ,‰Ί—‡‚R’–Ϊ,2020-07-06,12,‚SK‚ΔΘγ‹¤“―Z‘ξ,‚»‚Μ‘Ό,{ω‚Ή‚Έ,‚ ‚θ
ή“,Τγ‚Λ‚η‚Ά,Λ’Λ,‰Ί—‡‰w‘Oπ”Τ,131041,“‹“s,Vh‹ζ,‰Ί—‡‚R’–Ϊ,2020-09-01,21,κΛZ‘ξ,‚»‚Μ‘Ό,{ω‚Ή‚Έ,‚ ‚θ
ή“,Τγ‚Λ‚η‚Ά,Λ’Λ,‰Ί—‡‰w‘Oπ”Τ,131041,“‹“s,Vh‹ζ,’†—‡‚P’–Ϊ,2020-09-22,16,“ΉHγ,‚»‚Μ‘Ό,{ω‚Ή‚Έ,‚Θ‚µ
ή“,Τγ‚Λ‚η‚Ά,Λ’Λ,Ό—‡π”Τ,131041,“‹“s,Vh‹ζ,’†—‡‚R’–Ϊ,2020-01-27,13,κΛZ‘ξ,‚»‚Μ‘Ό,{ω‚Ή‚Έ,‚ ‚θ
ή“,Τγ‚Λ‚η‚Ά,Λ’Λ,γ—‡π”Τ,131041,“‹“s,Vh‹ζ,γ—‡‚R’–Ϊ,2020-05-30,08,“ΉHγ,‚»‚Μ‘Ό,{ω‚Ή‚Έ,‚Θ‚µ
ή“,Τγ‚Λ‚η‚Ά,Λ’Λ,γ—‡π”Τ,131041,“‹“s,Vh‹ζ,γ—‡‚R’–Ϊ,2020-11-07,14,“ΉHγ,‚»‚Μ‘Ό,{ω‚Ή‚Έ,‚ ‚θ
ή“,Τγ‚Λ‚η‚Ά,Λ’Λ,γ—‡π”Τ,131041,“‹“s,Vh‹ζ,’†δ‚P’–Ϊ,2020-09-28,10,’“Τi—Φjκ,’“Τi—Φjκ,{ω‚Ή‚Έ,‚ ‚θ
ή“,Τγ‚Λ‚η‚Ά,l’J,l’J©•π”Τ,131041,“‹“s,Vh‹ζ,l’J‚Q’–Ϊ,2020-03-06,18,“ΉHγ,‚»‚Μ‘Ό,{ω‚Ή‚Έ,‚Θ‚µ
ή“,Τγ‚Λ‚η‚Ά,l’J,l’J©•π”Τ,131041,“‹“s,Vh‹ζ,l’Jβ’¬,2020-11-05,17,“ΉHγ,‚»‚Μ‘Ό,{ω‚Ή‚Έ,‚ ‚θ
ή“,Τγ‚Λ‚η‚Ά,l’J,l’JO’–Ϊπ”Τ,131041,“‹“s,Vh‹ζ,r–Ψ’¬,2020-07-03,10,“ΉHγ,‚»‚Μ‘Ό,{ω‚Ή‚Έ,‚ ‚θ
ή“,Τγ‚Λ‚η‚Ά,l’J,l’JO’–Ϊπ”Τ,131041,“‹“s,Vh‹ζ,l’J‚R’–Ϊ,2020-12-13,18,“ΉHγ,‚»‚Μ‘Ό,{ω‚Ή‚Έ,‚Θ‚µ
ή“,Τγ‚Λ‚η‚Ά,l’J,Vhπ”Τ,131041,“‹“s,Vh‹ζ,Vh‚P’–Ϊ,2020-02-28,16,“ΉHγ,‚»‚Μ‘Ό,{ω‚Ή‚Έ,‚Θ‚µ
ή“,Τγ‚Λ‚η‚Ά,l’J,Vhπ”Τ,131041,“‹“s,Vh‹ζ,Vh‚P’–Ϊ,2020-03-31,10,“ΉHγ,‚»‚Μ‘Ό,{ω‚Ή‚Έ,‚ ‚θ
ή“,Τγ‚Λ‚η‚Ά,l’J,‰Τ‰€π”Τ,131041,“‹“s,Vh‹ζ,‰Μ•‘κ’¬‚P’–Ϊ,2020-02-17,22,“ΉHγ,‚»‚Μ‘Ό,{ω‚Ή‚Έ,‚Θ‚µ
ή“,Τγ‚Λ‚η‚Ά,l’J,‰Τ‰€π”Τ,131041,“‹“s,Vh‹ζ,Vh‚T’–Ϊ,2019-12-31,01,“ΉHγ,‚»‚Μ‘Ό,{ω‚Ή‚Έ,‚ ‚θ
ή“,Τγ‚Λ‚η‚Ά,l’J,‰Τ‰€π”Τ,131041,“‹“s,Vh‹ζ,Vh‚T’–Ϊ,2020-01-17,01,“ΉHγ,‚»‚Μ‘Ό,{ω‚Ή‚Έ,‚ ‚θ
ή“,Τγ‚Λ‚η‚Ά,l’J,‰Τ‰€π”Τ,131041,“‹“s,Vh‹ζ,Vh‚T’–Ϊ,2020-09-17,17,‚»‚Μ‘Ό,’“Τi—Φjκ,{ω‚Ή‚Έ,‚Θ‚µ
ή“,Τγ‚Λ‚η‚Ά,’†–μ,’†–μβγπ”Τ,131148,“‹“s,’†–μ‹ζ,’†‰›‚Q’–Ϊ,2020-01-07,15,‚»‚Μ‘Ό,’“Τi—Φjκ,{ω‚Ή‚Έ,‚ ‚θ
ή“,Τγ‚Λ‚η‚Ά,’†–μ,’†–μβγπ”Τ,131148,“‹“s,’†–μ‹ζ,–{’¬‚P’–Ϊ,2020-05-15,03,“ΉHγ,‚»‚Μ‘Ό,{ω‚Ή‚Έ,‚ ‚θ
ή“,Τγ‚Λ‚η‚Ά,’†–μ,’†–μβγπ”Τ,131148,“‹“s,’†–μ‹ζ,–{’¬‚Q’–Ϊ,2020-10-01,21,“ΉHγ,‚»‚Μ‘Ό,{ω‚Ή‚Έ,‚Θ‚µ
ή“,Τγ‚Λ‚η‚Ά,’†–μ,’†–μβγπ”Τ,131148,“‹“s,’†–μ‹ζ,–{’¬‚Q’–Ϊ,2020-11-02,12,“ΉHγ,‚»‚Μ‘Ό,{ω‚Ή‚Έ,‚ ‚θ
ή“,Τγ‚Λ‚η‚Ά,’†–μ,“’†–μ‰w‘Oπ”Τ,131148,“‹“s,’†–μ‹ζ,“’†–μ‚P’–Ϊ,2020-02-04,12,“ΉHγ,‚»‚Μ‘Ό,{ω‚Ή‚Έ,‚ ‚θ
ή“,Τγ‚Λ‚η‚Ά,’†–μ,“’†–μ‰w‘Oπ”Τ,131148,“‹“s,’†–μ‹ζ,“’†–μ‚R’–Ϊ,2020-01-15,17,‚»‚Μ‘Ό,’“Τi—Φjκ,{ω‚Ή‚Έ,‚Θ‚µ
ή“,Τγ‚Λ‚η‚Ά,’†–μ,“’†–μ‰w‘Oπ”Τ,131148,“‹“s,’†–μ‹ζ,“’†–μ‚S’–Ϊ,2020-02-04,16,“ΉHγ,‚»‚Μ‘Ό,{ω‚Ή‚Έ,‚Θ‚µ
ή“,Τγ‚Λ‚η‚Ά,’†–μ,“’†–μ‰w‘Oπ”Τ,131148,“‹“s,’†–μ‹ζ,“’†–μ‚S’–Ϊ,2020-02-23,00,“ΉHγ,‚»‚Μ‘Ό,{ω‚Ή‚Έ,‚ ‚θ
ή“,Τγ‚Λ‚η‚Ά,’†–μ,“’†–μ‰w‘Oπ”Τ,131148,“‹“s,’†–μ‹ζ,“’†–μ‚S’–Ϊ,2020-03-11,11,“ΉHγ,‚»‚Μ‘Ό,{ω‚Ή‚Έ,‚Θ‚µ
ή“,Τγ‚Λ‚η‚Ά,’†–μ,‘ξ“c’Κπ”Τ,131148,“‹“s,’†–μ‹ζ,γ‚“c‚P’–Ϊ,2020-03-15,17,“ΉHγ,‚»‚Μ‘Ό,{ω‚Ή‚Έ,‚ ‚θ
ή“,Τγ‚Λ‚η‚Ά,’†–μ,‘ξ“c’Κπ”Τ,131148,“‹“s,’†–μ‹ζ,’†–μ‚P’–Ϊ,2020-04-19,17,‚SK‚ΔΘγ‹¤“―Z‘ξ,’“Τi—Φjκ,{ω‚Ή‚Έ,‚Θ‚µ
ή“,Τγ‚Λ‚η‚Ά,’†–μ,‘ξ“c’Κπ”Τ,131148,“‹“s,’†–μ‹ζ,’†–μ‚T’–Ϊ,2020-04-18,16,“ΉHγ,‚»‚Μ‘Ό,{ω‚Ή‚Έ,‚ ‚θ
ή“,Τγ‚Λ‚η‚Ά,’†–μ,‘ξ“c’Κπ”Τ,131148,“‹“s,’†–μ‹ζ,’†–μ‚T’–Ϊ,2020-12-24,14,‚»‚Μ‘Ό,‚»‚Μ‘Ό,{ω‚Ή‚Έ,‚Θ‚µ
ή“,Τγ‚Λ‚η‚Ά,’†–μ,‘ξ“c’Κπ”Τ,131148,“‹“s,’†–μ‹ζ,’†–μ‚U’–Ϊ,2020-03-27,00,“ΉHγ,‚»‚Μ‘Ό,{ω‚Ή‚Έ,‚ ‚θ
ή“,Τγ‚Λ‚η‚Ά,’†–μ,’†–μ‰w‘Oπ”Τ,131148,“‹“s,’†–μ‹ζ,’†‰›‚S’–Ϊ,2020-04-08,19,‚»‚Μ‘Ό,’“Τi—Φjκ,{ω‚Ή‚Έ,‚Θ‚µ
ή“,Τγ‚Λ‚η‚Ά,’†–μ,’†–μ‰w‘Oπ”Τ,131148,“‹“s,’†–μ‹ζ,’†–μ‚Q’–Ϊ,2020-01-04,21,“ΉHγ,‚»‚Μ‘Ό,{ω‚Ή‚Έ,‚Θ‚µ
ή“,Τγ‚Λ‚η‚Ά,’†–μ,’†–μ‰w‘Oπ”Τ,131148,“‹“s,’†–μ‹ζ,’†–μ‚T’–Ϊ,2020-06-27,15,’“Τi—Φjκ,’“Τi—Φjκ,{ω‚Ή‚Έ,‚Θ‚µ
ή“,Τγ‚Λ‚η‚Ά,’†–μ,–{‹½’Κπ”Τ,131148,“‹“s,’†–μ‹ζ,–ν¶’¬‚P’–Ϊ,2020-01-25,01,‚SK‚ΔΘγ‹¤“―Z‘ξ,’“Τi—Φjκ,{ω‚Ή‚Έ,‚Θ‚µ
ή“,Τγ‚Λ‚η‚Ά,’†–μ,–{‹½’Κπ”Τ,131148,“‹“s,’†–μ‹ζ,–ν¶’¬‚P’–Ϊ,2020-04-28,12,“ΉHγ,‚»‚Μ‘Ό,{ω‚Ή‚Έ,‚ ‚θ
ή“,Τγ‚Λ‚η‚Ά,’†–μ,–{‹½’Κπ”Τ,131148,“‹“s,’†–μ‹ζ,–ν¶’¬‚Q’–Ϊ,2020-01-10,08,‚»‚Μ‘Ό,’“Τi—Φjκ,{ω‚Ή‚Έ,‚ ‚θ
ή“,Τγ‚Λ‚η‚Ά,’†–μ,–{‹½’Κπ”Τ,131148,“‹“s,’†–μ‹ζ,–ν¶’¬‚R’–Ϊ,2020-05-12,12,“ΉHγ,‚»‚Μ‘Ό,{ω‚Ή‚Έ,‚ ‚θ
ή“,Τγ‚Λ‚η‚Ά,’†–μ,“η‰®‰΅’π”Τ,131148,“‹“s,’†–μ‹ζ,’†‰›‚R’–Ϊ,2020-05-26,13,“ΉHγ,‚»‚Μ‘Ό,{ω‚Ή‚Έ,‚ ‚θ
ή“,Τγ‚Λ‚η‚Ά,’†–μ,“μ‘δπ”Τ,131148,“‹“s,’†–μ‹ζ,“μ‘δ‚Q’–Ϊ,2020-05-30,08,“ΉHγ,‚»‚Μ‘Ό,{ω‚Ή‚Έ,‚Θ‚µ
ή“,Τγ‚Λ‚η‚Ά,’†–μ,“μ‘δπ”Τ,131148,“‹“s,’†–μ‹ζ,–ν¶’¬‚T’–Ϊ,2020-09-17,11,“ΉHγ,‚»‚Μ‘Ό,{ω‚Ή‚Έ,‚Θ‚µ
ή“,Τγ‚Λ‚η‚Ά,’†–μ,’†‰›ά’–Ϊπ”Τ,131148,“‹“s,’†–μ‹ζ,’†‰›‚S’–Ϊ,2020-10-02,07,‚SK‚ΔΘγ‹¤“―Z‘ξ,’“Τi—Φjκ,{ω‚Ή‚Έ,‚Θ‚µ
ή“,Τγ‚Λ‚η‚Ά,’†–μ,’†‰›ά’–Ϊπ”Τ,131148,“‹“s,’†–μ‹ζ,’†‰›‚T’–Ϊ,2020-03-18,19,κΛZ‘ξ,’“Τi—Φjκ,{ω‚Ή‚Έ,‚ ‚θ
ή“,Τγ‚Λ‚η‚Ά,’†–μ,’†‰›ά’–Ϊπ”Τ,131148,“‹“s,’†–μ‹ζ,’†‰›‚T’–Ϊ,2020-09-19,19,‚»‚Μ‘Ό‚ΜZ‘ξi‚RK‚ΔΘ‰Ί‹¤“―Z‘ξ“™j,’“Τi—Φjκ,{ω‚Ή‚Έ,‚ ‚θ
ή“,Τγ‚Λ‚η‚Ά,–μ•ϋ,γ‚“cπ”Τ,131148,“‹“s,’†–μ‹ζ,γ‚“c‚Q’–Ϊ,2020-09-19,17,‚»‚Μ‘Ό‚ΜZ‘ξi‚RK‚ΔΘ‰Ί‹¤“―Z‘ξ“™j,’“Τi—Φjκ,{ω‚Ή‚Έ,‚Θ‚µ
ή“,Τγ‚Λ‚η‚Ά,–μ•ϋ,]Γ“cl’–Ϊπ”Τ,131148,“‹“s,’†–μ‹ζ,]Γ“c‚Q’–Ϊ,2020-03-15,17,‚SK‚ΔΘγ‹¤“―Z‘ξ,’“Τi—Φjκ,{ω‚Ή‚Έ,‚ ‚θ
ή“,Τγ‚Λ‚η‚Ά,–μ•ϋ,]Γ“cl’–Ϊπ”Τ,131148,“‹“s,’†–μ‹ζ,ΐ‘ά‚Q’–Ϊ,2020-02-06,21,’“Τi—Φjκ,’“Τi—Φjκ,{ω‚Ή‚Έ,‚ ‚θ
ή“,Τγ‚Λ‚η‚Ά,–μ•ϋ,]Γ“cl’–Ϊπ”Τ,131148,“‹“s,’†–μ‹ζ,ΐ‘ά‚Q’–Ϊ,2020-11-30,20,‚»‚Μ‘Ό,‚»‚Μ‘Ό,{ω‚Ή‚Έ,‚Θ‚µ
ή“,Τγ‚Λ‚η‚Ά,–μ•ϋ,ΐ‘άπ”Τ,131148,“‹“s,’†–μ‹ζ,Vδ‚S’–Ϊ,2020-12-08,13,“ΉHγ,‚»‚Μ‘Ό,{ω‚Ή‚Έ,‚ ‚θ
ή“,Τγ‚Λ‚η‚Ά,–μ•ϋ,ΐ‘άπ”Τ,131148,“‹“s,’†–μ‹ζ,ΐ‘ά‚R’–Ϊ,2020-06-29,10,“ΉHγ,‚»‚Μ‘Ό,{ω‚Ή‚Έ,‚Θ‚µ
ή“,Τγ‚Λ‚η‚Ά,–μ•ϋ,–μ•ϋ‰w‘Oπ”Τ,131148,“‹“s,’†–μ‹ζ,–μ•ϋ‚S’–Ϊ,2020-06-10,04,‚»‚Μ‘Ό‚ΜZ‘ξi‚RK‚ΔΘ‰Ί‹¤“―Z‘ξ“™j,’“Τi—Φjκ,{ω‚Ή‚Έ,‚ ‚θ
ή“,Τγ‚Λ‚η‚Ά,–μ•ϋ,–μ•ϋ‰w‘Oπ”Τ,131148,“‹“s,’†–μ‹ζ,–μ•ϋ‚S’–Ϊ,2020-11-23,11,“ΉHγ,‚»‚Μ‘Ό,{ω‚Ή‚Έ,‚Θ‚µ
ή“,Τγ‚Λ‚η‚Ά,–μ•ϋ,–μ•ϋ‰w‘Oπ”Τ,131148,“‹“s,’†–μ‹ζ,–μ•ϋ‚T’–Ϊ,2020-03-21,09,“ΉHγ,‚»‚Μ‘Ό,{ω‚Ή‚Έ,‚ ‚θ
ή“,Τγ‚Λ‚η‚Ά,–μ•ϋ,–μ•ϋ‰w‘Oπ”Τ,131148,“‹“s,’†–μ‹ζ,–μ•ϋ‚U’–Ϊ,2020-07-24,12,“ΉHγ,‚»‚Μ‘Ό,{ω‚Ή‚Έ,‚ ‚θ
ή“,Τγ‚Λ‚η‚Ά,–μ•ϋ,‰Ζ­’Κπ”Τ,131148,“‹“s,’†–μ‹ζ,λ‹{‚P’–Ϊ,2020-01-13,14,“ΉHγ,‚»‚Μ‘Ό,{ω‚Ή‚Έ,‚ ‚θ
ή“,Τγ‚Λ‚η‚Ά,–μ•ϋ,‰Ζ­’Κπ”Τ,131148,“‹“s,’†–μ‹ζ,λ‹{‚Q’–Ϊ,2020-02-14,11,“ΉHγ,‚»‚Μ‘Ό,{ω‚Ή‚Έ,‚ ‚θ
ή“,Τγ‚Λ‚η‚Ά,–μ•ϋ,‰Ζ­’Κπ”Τ,131148,“‹“s,’†–μ‹ζ,α‹{‚P’–Ϊ,2020-08-07,12,“ΉHγ,‚»‚Μ‘Ό,{ω‚Ή‚Έ,‚Θ‚µ
ή“,Τγ‚Λ‚η‚Ά,–μ•ϋ,‰Ζ­’Κπ”Τ,131148,“‹“s,’†–μ‹ζ,α‹{‚R’–Ϊ,2020-01-09,15,‚»‚Μ‘Ό‚ΜZ‘ξi‚RK‚ΔΘ‰Ί‹¤“―Z‘ξ“™j,’“Τi—Φjκ,{ω‚Ή‚Έ,‚Θ‚µ
ή“,Τγ‚Λ‚η‚Ά,–μ•ϋ,λ‹{‰w‘Oπ”Τ,131148,“‹“s,’†–μ‹ζ,λ‹{‚S’–Ϊ,2020-06-14,18,’“Τi—Φjκ,’“Τi—Φjκ,{ω‚Ή‚Έ,‚Θ‚µ
ή“,Τγ‚Λ‚η‚Ά,–μ•ϋ,λ‹{‰w‘Oπ”Τ,131148,“‹“s,’†–μ‹ζ,λ‹{‚S’–Ϊ,2020-08-27,12,‚»‚Μ‘Ό‚ΜZ‘ξi‚RK‚ΔΘ‰Ί‹¤“―Z‘ξ“™j,‚»‚Μ‘Ό,{ω‚Ή‚Έ,‚ ‚θ
ή“,Τγ‚Λ‚η‚Ά,–μ•ϋ,α‹{π”Τ,131148,“‹“s,’†–μ‹ζ,‘εa’¬‚R’–Ϊ,2020-07-09,06,‚»‚Μ‘Ό‚ΜZ‘ξi‚RK‚ΔΘ‰Ί‹¤“―Z‘ξ“™j,’“Τi—Φjκ,{ω‚Ή‚Έ,‚Θ‚µ
ή“,Τγ‚Λ‚η‚Ά,–μ•ϋ,α‹{π”Τ,131148,“‹“s,’†–μ‹ζ,‘εa’¬‚R’–Ϊ,2020-11-11,14,‚»‚Μ‘Ό,‚»‚Μ‘Ό,{ω‚Ή‚Έ,‚Θ‚µ
ή“,Τγ‚Λ‚η‚Ά,–μ•ϋ,α‹{π”Τ,131148,“‹“s,’†–μ‹ζ,‘εa’¬‚S’–Ϊ,2018-10-28,10,‚»‚Μ‘Ό,‚»‚Μ‘Ό,{ω‚Ή‚Έ,‚ ‚θ
ή“,Τγ‚Λ‚η‚Ά,–μ•ϋ,α‹{π”Τ,131148,“‹“s,’†–μ‹ζ,‘εa’¬‚S’–Ϊ,2020-05-31,22,κΛZ‘ξ,’“Τi—Φjκ,{ω‚Ή‚Έ,‚ ‚θ
ή“,Τγ‚Λ‚η‚Ά,–μ•ϋ,α‹{π”Τ,131148,“‹“s,’†–μ‹ζ,α‹{‚Q’–Ϊ,2020-04-25,23,‚»‚Μ‘Ό‚ΜZ‘ξi‚RK‚ΔΘ‰Ί‹¤“―Z‘ξ“™j,‚»‚Μ‘Ό,{ω‚Ή‚Έ,‚ ‚θ
ή“,Τγ‚Λ‚η‚Ά,–μ•ϋ,–μ•ϋκ’–Ϊπ”Τ,131148,“‹“s,’†–μ‹ζ,’†–μ‚S’–Ϊ,2020-08-11,16,‚»‚Μ‘Ό,’“Τi—Φjκ,{ω‚Ή‚Έ,‚Θ‚µ
ή“,Τγ‚Λ‚η‚Ά,–μ•ϋ,–μ•ϋκ’–Ϊπ”Τ,131148,“‹“s,’†–μ‹ζ,–μ•ϋ‚P’–Ϊ,2020-04-11,18,κΛZ‘ξ,‚»‚Μ‘Ό,{ω‚Ή‚Έ,‚Θ‚µ
ή“,Τγ‚Λ‚η‚Ά,–μ•ϋ,–μ•ϋκ’–Ϊπ”Τ,131148,“‹“s,’†–μ‹ζ,–μ•ϋ‚P’–Ϊ,2020-10-31,18,’“Τi—Φjκ,’“Τi—Φjκ,{ω‚Ή‚Έ,‚Θ‚µ
ή“,Τγ‚Λ‚η‚Ά,–μ•ϋ,–μ•ϋκ’–Ϊπ”Τ,131148,“‹“s,’†–μ‹ζ,‘εa’¬‚P’–Ϊ,2020-11-02,07,“ΉHγ,‚»‚Μ‘Ό,{ω‚Ή‚Έ,‚Θ‚µ
ή“,Τγ‚Λ‚η‚Ά,–μ•ϋ,–μ•ϋκ’–Ϊπ”Τ,131148,“‹“s,’†–μ‹ζ,‘εa’¬‚Q’–Ϊ,2020-08-30,11,“ΉHγ,‚»‚Μ‘Ό,{ω‚Ή‚Έ,‚ ‚θ
ή“,Τγ‚Λ‚η‚Ά,™•ΐ,““c’¬π”Τ,131156,“‹“s,™•ΐ‹ζ,Ά²’J–k‚P’–Ϊ,2020-07-11,11,“ΉHγ,‚»‚Μ‘Ό,{ω‚Ή‚Έ,‚Θ‚µ
ή“,Τγ‚Λ‚η‚Ά,™•ΐ,V‚‰~›‰w‘Oπ”Τ,131156,“‹“s,™•ΐ‹ζ,”~—Ά‚Q’–Ϊ,2020-08-09,18,“ΉHγ,‚»‚Μ‘Ό,{ω‚Ή‚Έ,‚Θ‚µ
ή“,Τγ‚Λ‚η‚Ά,™•ΐ,V‚‰~›‰w‘Oπ”Τ,131156,“‹“s,™•ΐ‹ζ,‚‰~›“μ‚R’–Ϊ,2020-02-07,19,“ΉHγ,‚»‚Μ‘Ό,{ω‚Ή‚Έ,‚Θ‚µ
ή“,Τγ‚Λ‚η‚Ά,™•ΐ,‚‰~›π”Τ,131156,“‹“s,™•ΐ‹ζ,‚‰~›“μ‚P’–Ϊ,2020-08-24,21,“ΉHγ,‚»‚Μ‘Ό,{ω‚Ή‚Έ,‚ ‚θ
ή“,Τγ‚Λ‚η‚Ά,™•ΐ,‚‰~›π”Τ,131156,“‹“s,™•ΐ‹ζ,‚‰~›“μ‚T’–Ϊ,2020-09-02,20,κΛZ‘ξ,’“Τi—Φjκ,{ω‚Ή‚Έ,‚ ‚θ
ή“,Τγ‚Λ‚η‚Ά,™•ΐ,‚‰~›“μl’–Ϊπ”Τ,131156,“‹“s,™•ΐ‹ζ,‚‰~›“μ‚S’–Ϊ,2020-01-14,12,“ΉHγ,‚»‚Μ‘Ό,{ω‚Ή‚Έ,‚Θ‚µ
ή“,Τγ‚Λ‚η‚Ά,™•ΐ,‚‰~›‰w‘Oπ”Τ,131156,“‹“s,™•ΐ‹ζ,‚‰~›–k‚P’–Ϊ,2020-08-08,00,κΛZ‘ξ,’“Τi—Φjκ,{ω‚Ή‚Έ,‚ ‚θ
ή“,Τγ‚Λ‚η‚Ά,™•ΐ,‚‰~›‰w‘Oπ”Τ,131156,“‹“s,™•ΐ‹ζ,‚‰~›–k‚Q’–Ϊ,2020-02-18,15,“ΉHγ,‚»‚Μ‘Ό,{ω‚Ή‚Έ,‚ ‚θ
ή“,Τγ‚Λ‚η‚Ά,™•ΐ,‚‰~›‰w‘Oπ”Τ,131156,“‹“s,™•ΐ‹ζ,‚‰~›–k‚R’–Ϊ,2020-07-31,23,‚»‚Μ‘Ό,’“Τi—Φjκ,{ω‚Ή‚Έ,‚ ‚θ
ή“,Τγ‚Λ‚η‚Ά,™•ΐ,‚‰~›‰w‘Oπ”Τ,131156,“‹“s,™•ΐ‹ζ,‚‰~›–k‚R’–Ϊ,2020-10-21,18,’“Τi—Φjκ,’“Τi—Φjκ,{ω‚Ή‚Έ,‚Θ‚µ
ή“,Τγ‚Λ‚η‚Ά,™•ΐ,‚‰~›‰w‘Oπ”Τ,131156,“‹“s,™•ΐ‹ζ,‚‰~›“μ‚R’–Ϊ,2020-07-10,21,“ΉHγ,‚»‚Μ‘Ό,{ω‚Ή‚Έ,‚Θ‚µ
ή“,Τγ‚Λ‚η‚Ά,™•ΐ,Ά²’J‰w‘Oπ”Τ,131156,“‹“s,™•ΐ‹ζ,Ά²’J–k‚P’–Ϊ,2020-12-23,11,“ΉHγ,‚»‚Μ‘Ό,{ω‚Ή‚Έ,‚Θ‚µ
ή“,Τγ‚Λ‚η‚Ά,™•ΐ,Ά²’J‰w‘Oπ”Τ,131156,“‹“s,™•ΐ‹ζ,Ά²’J–k‚Q’–Ϊ,2020-06-19,13,’“Τi—Φjκ,’“Τi—Φjκ,{ω‚Ή‚Έ,‚Θ‚µ
ή“,Τγ‚Λ‚η‚Ά,™•ΐ,Ά²’J‰w‘Oπ”Τ,131156,“‹“s,™•ΐ‹ζ,Ά²’J–k‚T’–Ϊ,2020-02-02,09,“ΉHγ,‚»‚Μ‘Ό,{ω‚Ή‚Έ,‚ ‚θ
ή“,Τγ‚Λ‚η‚Ά,™•ΐ,Ά²’J‰w‘Oπ”Τ,131156,“‹“s,™•ΐ‹ζ,Ά²’J–k‚T’–Ϊ,2020-07-27,19,κΛZ‘ξ,’“Τi—Φjκ,{ω‚Ή‚Έ,‚Θ‚µ
ή“,Τγ‚Λ‚η‚Ά,™•ΐ,Ά²’J‰w‘Oπ”Τ,131156,“‹“s,™•ΐ‹ζ,Ά²’J“μ‚P’–Ϊ,2020-06-06,11,“ΉHγ,‚»‚Μ‘Ό,{ω‚Ή‚Έ,‚Θ‚µ
ή“,Τγ‚Λ‚η‚Ά,™•ΐ,Ά²’J‰w‘Oπ”Τ,131156,“‹“s,™•ΐ‹ζ,Ά²’J“μ‚R’–Ϊ,2020-07-31,09,‚»‚Μ‘Ό,’“Τi—Φjκ,{ω‚Ή‚Έ,‚Θ‚µ
ή“,Τγ‚Λ‚η‚Ά,™•ΐ,¬“cπ”Τ,131156,“‹“s,™•ΐ‹ζ,¬“c“‚R’–Ϊ,2020-02-22,01,’“Τi—Φjκ,’“Τi—Φjκ,{ω‚Ή‚Έ,‚Θ‚µ
ή“,Τγ‚Λ‚η‚Ά,‚δΛ,Ό‰¬“μπ”Τ,131156,“‹“s,™•ΐ‹ζ,ΌΑ‚Q’–Ϊ,2020-01-13,18,‚»‚Μ‘Ό,’“Τi—Φjκ,{ω‚Ή‚Έ,‚Θ‚µ
ή“,Τγ‚Λ‚η‚Ά,‚δΛ,Ό‰¬“μπ”Τ,131156,“‹“s,™•ΐ‹ζ,Ό‰¬“μ‚P’–Ϊ,2020-04-14,16,κΛZ‘ξ,’“Τi—Φjκ,{ω‚Ή‚Έ,‚Θ‚µ
ή“,Τγ‚Λ‚η‚Ά,‚δΛ,Ό‰¬“μπ”Τ,131156,“‹“s,™•ΐ‹ζ,Ό‰¬“μ‚P’–Ϊ,2020-05-26,18,κΛZ‘ξ,’“Τi—Φjκ,{ω‚Ή‚Έ,‚Θ‚µ
ή“,Τγ‚Λ‚η‚Ά,‚δΛ,Ό‰¬“μπ”Τ,131156,“‹“s,™•ΐ‹ζ,‹{‘O‚Q’–Ϊ,2020-12-01,07,‚»‚Μ‘Ό‚ΜZ‘ξi‚RK‚ΔΘ‰Ί‹¤“―Z‘ξ“™j,‚»‚Μ‘Ό,{ω‚Ή‚Έ,‚Θ‚µ
ή“,Τγ‚Λ‚η‚Ά,‚δΛ,Ό‰¬“μπ”Τ,131156,“‹“s,™•ΐ‹ζ,‹{‘O‚R’–Ϊ,2020-01-15,15,‚»‚Μ‘Ό,’“Τi—Φjκ,{ω‚Ή‚Έ,‚Θ‚µ
ή“,Τγ‚Λ‚η‚Ά,‚δΛ,Ό‰¬“μπ”Τ,131156,“‹“s,™•ΐ‹ζ,‹{‘O‚T’–Ϊ,2020-08-20,18,“ΉHγ,‚»‚Μ‘Ό,{ω‚Ή‚Έ,‚Θ‚µ
ή“,Τγ‚Λ‚η‚Ά,‚δΛ,‰Ί‚δΛπ”Τ,131156,“‹“s,™•ΐ‹ζ,‰Ί‚δΛ‚P’–Ϊ,2020-11-05,08,“ΉHγ,‚»‚Μ‘Ό,{ω‚Ή‚Έ,‚Θ‚µ
ή“,Τγ‚Λ‚η‚Ά,‚δΛ,•l“cRπ”Τ,131156,“‹“s,™•ΐ‹ζ,‚δΛ“‚S’–Ϊ,2020-01-24,17,‚»‚Μ‘Ό,’“Τi—Φjκ,{ω‚Ή‚Έ,‚Θ‚µ
ή“,Τγ‚Λ‚η‚Ά,‰¬E,Ό‰¬Eπ”Τ,131156,“‹“s,™•ΐ‹ζ,Ό‰¬–k‚R’–Ϊ,2020-01-14,14,’“Τi—Φjκ,’“Τi—Φjκ,{ω‚Ή‚Έ,‚ ‚θ
ή“,Τγ‚Λ‚η‚Ά,‰¬E,‰¬Eά’–Ϊπ”Τ,131156,“‹“s,™•ΐ‹ζ,‰¬E‚T’–Ϊ,2020-02-03,10,‚»‚Μ‘Ό,’“Τi—Φjκ,{ω‚Ή‚Έ,‚Θ‚µ
ή“,Τγ‚Λ‚η‚Ά,‰¬E,‰¬E‰w–kϋπ”Τ,131156,“‹“s,™•ΐ‹ζ,“Vΐ‚R’–Ϊ,2020-12-19,17,“ΉHγ,‚»‚Μ‘Ό,{ω‚Ή‚Έ,‚Θ‚µ
ή“,Τγ‚Λ‚η‚Ά,‰¬E,‰¬E‰w–kϋπ”Τ,131156,“‹“s,™•ΐ‹ζ,γ‰¬‚P’–Ϊ,2020-02-05,08,’“Τi—Φjκ,’“Τi—Φjκ,{ω‚Ή‚Έ,‚Θ‚µ
ή“,Τγ‚Λ‚η‚Ά,‰¬E,“Vΐπ”Τ,131156,“‹“s,™•ΐ‹ζ,“Vΐ‚Q’–Ϊ,2020-10-20,08,“ΉHγ,‚»‚Μ‘Ό,{ω‚Ή‚Έ,‚ ‚θ
ή“,Τγ‚Λ‚η‚Ά,‰¬E,“Vΐπ”Τ,131156,“‹“s,™•ΐ‹ζ,–{“Vΐ‚Q’–Ϊ,2020-09-30,13,κΛZ‘ξ,’“Τi—Φjκ,{ω‚Ή‚Έ,‚ ‚θ
ή“,Τγ‚Λ‚η‚Ά,‰¬E,“Vΐπ”Τ,131156,“‹“s,™•ΐ‹ζ,–{“Vΐ‚R’–Ϊ,2020-04-19,09,“ΉHγ,‚»‚Μ‘Ό,{ω‚Ή‚Έ,‚ ‚θ
ή“,Τγ‚Λ‚η‚Ά,‰¬E,‰Ίδ‘‰w‘Oπ”Τ,131156,“‹“s,™•ΐ‹ζ,‰Ίδ‘‚P’–Ϊ,2020-03-24,09,“ΉHγ,‚»‚Μ‘Ό,{ω‚Ή‚Έ,‚ ‚θ
ή“,Τγ‚Λ‚η‚Ά,‰¬E,δ‰¬‰w‘Oπ”Τ,131156,“‹“s,™•ΐ‹ζ,δ‘‚R’–Ϊ,2020-12-18,19,‚»‚Μ‘Ό,’“Τi—Φjκ,{ω‚Ή‚Έ,‚Θ‚µ
ή“,Τγ‚Λ‚η‚Ά,‰¬E,δ‰¬‰w‘Oπ”Τ,131156,“‹“s,™•ΐ‹ζ,δ‘‚R’–Ϊ,2020-12-23,18,‚»‚Μ‘Ό,’“Τi—Φjκ,{ω‚Ή‚Έ,‚Θ‚µ
ή“,Τγ‚Λ‚η‚Ά,‰¬E,δ‰¬‰w‘Oπ”Τ,131156,“‹“s,™•ΐ‹ζ,‰Ίδ‘‚T’–Ϊ,2020-07-04,19,‚»‚Μ‘Ό,’“Τi—Φjκ,{ω‚Ή‚Έ,‚Θ‚µ
ή“,Τγ‚Λ‚η‚Ά,‰¬E,δ‰¬‰w‘Oπ”Τ,131156,“‹“s,™•ΐ‹ζ,‰Ίδ‘‚T’–Ϊ,2020-07-19,20,“ΉHγ,‚»‚Μ‘Ό,{ω‚Ή‚Έ,‚Θ‚µ
ή“,Τγ‚Λ‚η‚Ά,‰¬E,δ‰¬‰w‘Oπ”Τ,131156,“‹“s,™•ΐ‹ζ,‰Ίδ‘‚T’–Ϊ,2020-08-09,18,“ΉHγ,‚»‚Μ‘Ό,{ω‚Ή‚Έ,‚Θ‚µ
ή“,Τγ‚Λ‚η‚Ά,‰¬E,δ‰¬‰w‘Oπ”Τ,131156,“‹“s,™•ΐ‹ζ,‰Ίδ‘‚T’–Ϊ,2020-08-10,18,“ΉHγ,‚»‚Μ‘Ό,{ω‚Ή‚Έ,‚ ‚θ
ή“,Τγ‚Λ‚η‚Ά,‰¬E,δ‰¬‰w‘Oπ”Τ,131156,“‹“s,™•ΐ‹ζ,‰Ίδ‘‚T’–Ϊ,2020-10-30,18,‚»‚Μ‘Ό,’“Τi—Φjκ,{ω‚Ή‚Έ,‚Θ‚µ
ή“,Τγ‚Λ‚η‚Ά,‰¬E,δ‰¬‰w‘Oπ”Τ,131156,“‹“s,™•ΐ‹ζ,‰Ίδ‘‚T’–Ϊ,2020-11-05,19,“ΉHγ,‚»‚Μ‘Ό,{ω‚Ή‚Έ,‚Θ‚µ
ή“,Τγ‚Λ‚η‚Ά,‰¬E,δ‰¬‰w‘Oπ”Τ,131156,“‹“s,™•ΐ‹ζ,‰Ίδ‘‚T’–Ϊ,2020-11-06,20,‚»‚Μ‘Ό,’“Τi—Φjκ,{ω‚Ή‚Έ,‚Θ‚µ
ή“,Τγ‚Λ‚η‚Ά,‰¬E,΅μπ”Τ,131156,“‹“s,™•ΐ‹ζ,“δ‚Q’–Ϊ,2020-07-10,22,κΛZ‘ξ,’“Τi—Φjκ,{ω‚Ή‚Έ,‚ ‚θ
ή“,Τγ‚Λ‚η‚Ά,•xβ,t“ϊπ”Τ,131059,“‹“s,•¶‹‹ζ,t“ϊ‚P’–Ϊ,2020-04-21,17,’“Τi—Φjκ,’“Τi—Φjκ,{ω‚Ή‚Έ,‚Θ‚µ
ή“,Τγ‚Λ‚η‚Ά,•xβ,t“ϊπ”Τ,131059,“‹“s,•¶‹‹ζ,t“ϊ‚P’–Ϊ,2020-06-10,12,‚»‚Μ‘Ό,’“Τi—Φjκ,{ω‚Ή‚Έ,‚Θ‚µ
ή“,Τγ‚Λ‚η‚Ά,•xβ,t“ϊπ”Τ,131059,“‹“s,•¶‹‹ζ,t“ϊ‚P’–Ϊ,2020-12-10,10,’“Τi—Φjκ,’“Τi—Φjκ,{ω‚Ή‚Έ,‚Θ‚µ
ή“,Τγ‚Λ‚η‚Ά,•xβ,t“ϊπ”Τ,131059,“‹“s,•¶‹‹ζ,¬Ξμ‚P’–Ϊ,2020-08-04,11,“ΉHγ,‚»‚Μ‘Ό,{ω‚Ή‚Έ,‚Θ‚µ
ή“,Τγ‚Λ‚η‚Ά,•xβ,ηΞκ’–Ϊπ”Τ,131059,“‹“s,•¶‹‹ζ,ηΞ‚S’–Ϊ,2020-02-03,19,‚SK‚ΔΘγ‹¤“―Z‘ξ,’“Τi—Φjκ,{ω‚Ή‚Έ,‚ ‚θ
ή“,Τγ‚Λ‚η‚Ά,•xβ,γyπ”Τ,131059,“‹“s,•¶‹‹ζ,¬Ξμ‚R’–Ϊ,2020-01-27,23,‚»‚Μ‘Ό,‚»‚Μ‘Ό,{ω‚Ή‚Έ,‚ ‚θ
ή“,Τγ‚Λ‚η‚Ά,‘ε’Λ,δª‰Χ’J‰w‘Oπ”Τ,131059,“‹“s,•¶‹‹ζ,‘ε’Λ‚R’–Ϊ,2020-12-26,22,“ΉHγ,‚»‚Μ‘Ό,{ω‚Ή‚Έ,‚Θ‚µ
ή“,Τγ‚Λ‚η‚Ά,‘ε’Λ,‘ε’ΛZ’–Ϊπ”Τ,131059,“‹“s,•¶‹‹ζ,‘ε’Λ‚U’–Ϊ,2020-09-18,20,‚SK‚ΔΘγ‹¤“―Z‘ξ,’“Τi—Φjκ,{ω‚Ή‚Έ,‚Θ‚µ
ή“,Τγ‚Λ‚η‚Ά,‘ε’Λ,]Λμ‹΄π”Τ,131059,“‹“s,•¶‹‹ζ,Φϋ‚P’–Ϊ,2020-07-10,15,“ΉHγ,‚»‚Μ‘Ό,{ω‚Ή‚Έ,‚ ‚θ
ή“,Τγ‚Λ‚η‚Ά,‘ε’Λ,]Λμ‹΄π”Τ,131059,“‹“s,•¶‹‹ζ,Φϋ‚P’–Ϊ,2020-07-26,19,“ΉHγ,‚»‚Μ‘Ό,{ω‚Ή‚Έ,‚Θ‚µ
ή“,Τγ‚Λ‚η‚Ά,–{•xm,λςβπ”Τ,131059,“‹“s,•¶‹‹ζ,–{‹½‚Q’–Ϊ,2020-02-03,20,“ΉHγ,‚»‚Μ‘Ό,{ω‚Ή‚Έ,‚Θ‚µ
ή“,Τγ‚Λ‚η‚Ά,–{•xm,–ν¶’¬π”Τ,131059,“‹“s,•¶‹‹ζ,ό‹u‚Q’–Ϊ,2020-10-23,13,“ΉHγ,‚»‚Μ‘Ό,{ω‚Ή‚Έ,‚Θ‚µ
ή“,Τγ‚Λ‚η‚Ά,–{•xm,–ν¶’¬π”Τ,131059,“‹“s,•¶‹‹ζ,–ν¶‚Q’–Ϊ,2020-03-20,14,κΛZ‘ξ,’“Τi—Φjκ,{ω‚Ή‚Έ,‚Θ‚µ
ή“,Τγ‚Λ‚η‚Ά,‘ƒ›,‹ξ‰w‘Oπ”Τ,131164,“‹“s,–L“‡‹ζ,‹ξ‚R’–Ϊ,2020-11-24,08,“ΉHγ,‚»‚Μ‘Ό,{ω‚Ή‚Έ,‚ ‚θ
ή“,Τγ‚Λ‚η‚Ά,‘ƒ›,M\’Λπ”Τ,131164,“‹“s,–L“‡‹ζ,‘ƒ›‚S’–Ϊ,2020-04-30,14,“ΉHγ,‚»‚Μ‘Ό,{ω‚Ή‚Έ,‚ ‚θ
ή“,Τγ‚Λ‚η‚Ά,‘ƒ›,M\’Λπ”Τ,131164,“‹“s,–L“‡‹ζ,Ό‘ƒ›‚Q’–Ϊ,2020-05-06,10,’“Τi—Φjκ,’“Τi—Φjκ,{ω‚Ή‚Έ,‚ ‚θ
ή“,Τγ‚Λ‚η‚Ά,‘ƒ›,M\’Λπ”Τ,131164,“‹“s,–L“‡‹ζ,Ό‘ƒ›‚Q’–Ϊ,2020-05-08,08,“ΉHγ,‚»‚Μ‘Ό,{ω‚Ή‚Έ,‚ ‚θ
ή“,Τγ‚Λ‚η‚Ά,‘ƒ›,M\’Λπ”Τ,131164,“‹“s,–L“‡‹ζ,Ό‘ƒ›‚Q’–Ϊ,2020-08-13,23,‚»‚Μ‘Ό,‚»‚Μ‘Ό,{ω‚Ή‚Έ,‚Θ‚µ
ή“,Τγ‚Λ‚η‚Ά,‘ƒ›,‘ε’Λ‰w‘Oπ”Τ,131164,“‹“s,–L“‡‹ζ,–k‘ε’Λ‚Q’–Ϊ,2020-11-14,04,“ΉHγ,‚»‚Μ‘Ό,{ω‚Ή‚Έ,‚Θ‚µ
ή“,Τγ‚Λ‚η‚Ά,‘ƒ›,‘ε’Λ‰w‘Oπ”Τ,131164,“‹“s,–L“‡‹ζ,–k‘ε’Λ‚R’–Ϊ,2020-04-06,14,“ΉHγ,‚»‚Μ‘Ό,{ω‚Ή‚Έ,‚ ‚θ
ή“,Τγ‚Λ‚η‚Ά,‘ƒ›,‘ε’Λ‰w‘Oπ”Τ,131164,“‹“s,–L“‡‹ζ,“μ‘ε’Λ‚P’–Ϊ,2020-08-05,13,“ΉHγ,‚»‚Μ‘Ό,{ω‚Ή‚Έ,‚ ‚θ
ή“,Τγ‚Λ‚η‚Ά,‘ƒ›,ƒTƒ“ƒVƒƒƒCƒ“‘Oπ”Τ,131164,“‹“s,–L“‡‹ζ,“’r‘ά‚R’–Ϊ,2020-01-21,09,’“Τi—Φjκ,’“Τi—Φjκ,{ω‚Ή‚Έ,‚Θ‚µ
ή“,Τγ‚Λ‚η‚Ά,‘ƒ›,ƒTƒ“ƒVƒƒƒCƒ“‘Oπ”Τ,131164,“‹“s,–L“‡‹ζ,“’r‘ά‚S’–Ϊ,2020-03-06,16,“ΉHγ,‚»‚Μ‘Ό,{ω‚Ή‚Έ,‚Θ‚µ
ή“,Τγ‚Λ‚η‚Ά,’r‘ά,Z‚Β–”π”Τ,131164,“‹“s,–L“‡‹ζ,’r‘ά‚Q’–Ϊ,2020-03-23,09,“ΉHγ,‚»‚Μ‘Ό,{ω‚Ή‚Έ,‚ ‚θ
ή“,Τγ‚Λ‚η‚Ά,’r‘ά,Z‚Β–”π”Τ,131164,“‹“s,–L“‡‹ζ,’r‘ά‚R’–Ϊ,2020-12-03,14,‚»‚Μ‘Ό‚ΜZ‘ξi‚RK‚ΔΘ‰Ί‹¤“―Z‘ξ“™j,‚»‚Μ‘Ό,{ω‚Ή‚Έ,‚ ‚θ
ή“,Τγ‚Λ‚η‚Ά,’r‘ά,Z‚Β–”π”Τ,131164,“‹“s,–L“‡‹ζ,“’r‘ά‚P’–Ϊ,2020-04-16,21,’“Τi—Φjκ,’“Τi—Φjκ,{ω‚Ή‚Έ,‚Θ‚µ
ή“,Τγ‚Λ‚η‚Ά,’r‘ά,Z‚Β–”π”Τ,131164,“‹“s,–L“‡‹ζ,“’r‘ά‚R’–Ϊ,2020-11-04,19,‚»‚Μ‘Ό,‚»‚Μ‘Ό,{ω‚Ή‚Έ,‚ ‚θ
ή“,Τγ‚Λ‚η‚Ά,’r‘ά,’r‘ά“ρ–”π”Τ,131164,“‹“s,–L“‡‹ζ,’r‘ά‚R’–Ϊ,2020-04-24,13,‚»‚Μ‘Ό,‚»‚Μ‘Ό,{ω‚Ή‚Έ,‚Θ‚µ
ή“,Τγ‚Λ‚η‚Ά,’r‘ά,’r‘ά“ρ–”π”Τ,131164,“‹“s,–L“‡‹ζ,Ό’r‘ά‚Q’–Ϊ,2020-05-04,13,‚»‚Μ‘Ό‚ΜZ‘ξi‚RK‚ΔΘ‰Ί‹¤“―Z‘ξ“™j,’“Τi—Φjκ,{ω‚Ή‚Έ,‚ ‚θ
ή“,Τγ‚Λ‚η‚Ά,’r‘ά,’r‘ά–{’¬π”Τ,131164,“‹“s,–L“‡‹ζ,’r‘ά–{’¬‚Q’–Ϊ,2020-12-28,03,‚»‚Μ‘Ό,‚»‚Μ‘Ό,{ω‚Ή‚Έ,‚ ‚θ
ή“,Τγ‚Λ‚η‚Ά,’r‘ά,’r‘ά‰w“ϋπ”Τ,131164,“‹“s,–L“‡‹ζ,“’r‘ά‚P’–Ϊ,2020-05-29,16,“ΉHγ,‚»‚Μ‘Ό,{ω‚Ή‚Έ,‚ ‚θ
ή“,Τγ‚Λ‚η‚Ά,’r‘ά,’r‘ά‰wΌϋπ”Τ,131164,“‹“s,–L“‡‹ζ,’r‘ά‚Q’–Ϊ,2020-08-22,20,’“Τi—Φjκ,’“Τi—Φjκ,{ω‚Ή‚Έ,‚ ‚θ
ή“,Τγ‚Λ‚η‚Ά,’r‘ά,’r‘ά‰wΌϋπ”Τ,131164,“‹“s,–L“‡‹ζ,Ό’r‘ά‚P’–Ϊ,2020-01-01,05,“ΉHγ,‚»‚Μ‘Ό,{ω‚Ή‚Έ,‚Θ‚µ
ή“,Τγ‚Λ‚η‚Ά,’r‘ά,’r‘ά‰wΌϋπ”Τ,131164,“‹“s,–L“‡‹ζ,Ό’r‘ά‚P’–Ϊ,2020-05-30,20,’“Τi—Φjκ,’“Τi—Φjκ,{ω‚Ή‚Έ,‚Θ‚µ
ή“,Τγ‚Λ‚η‚Ά,’r‘ά,γ’r‘άπ”Τ,131164,“‹“s,–L“‡‹ζ,γ’r‘ά‚R’–Ϊ,2020-08-27,12,’“Τi—Φjκ,’“Τi—Φjκ,{ω‚Ή‚Έ,‚ ‚θ
ή“,Τγ‚Λ‚η‚Ά,’r‘ά,μ‰z’Κπ”Τ,131164,“‹“s,–L“‡‹ζ,’r‘ά‚Q’–Ϊ,2020-06-17,22,“ΉHγ,‚»‚Μ‘Ό,{ω‚Ή‚Έ,‚Θ‚µ
ή“,Τγ‚Λ‚η‚Ά,’r‘ά,μ‰z’Κπ”Τ,131164,“‹“s,–L“‡‹ζ,’r‘ά–{’¬‚P’–Ϊ,2020-08-18,10,“ΉHγ,‚»‚Μ‘Ό,{ω‚Ή‚Έ,‚Θ‚µ
ή“,Τγ‚Λ‚η‚Ά,’r‘ά,•½a’Κπ”Τ,131164,“‹“s,–L“‡‹ζ,’r‘ά‚P’–Ϊ,2020-05-24,19,‚»‚Μ‘Ό,’“Τi—Φjκ,{ω‚Ή‚Έ,‚Θ‚µ
ή“,Τγ‚Λ‚η‚Ά,–Ϊ”’,–Ϊ”’‰w‘Oπ”Τ,131164,“‹“s,–L“‡‹ζ,Ό’r‘ά‚Q’–Ϊ,2020-04-24,09,“ΉHγ,‚»‚Μ‘Ό,{ω‚Ή‚Έ,‚ ‚θ
ή“,Τγ‚Λ‚η‚Ά,–Ϊ”’,’Ε–Ό’¬‰w‘Oπ”Τ,131164,“‹“s,–L“‡‹ζ,’·θ‚P’–Ϊ,2020-02-01,10,“ΉHγ,‚»‚Μ‘Ό,{ω‚Ή‚Έ,‚ ‚θ
ή“,Τγ‚Λ‚η‚Ά,–Ϊ”’,’Ε–Ό’¬‰w‘Oπ”Τ,131164,“‹“s,–L“‡‹ζ,’·θ‚Q’–Ϊ,2020-02-01,08,‚»‚Μ‘Ό,‚»‚Μ‘Ό,{ω‚Ή‚Έ,‚ ‚θ
ή“,Τγ‚Λ‚η‚Ά,–Ϊ”’,’Ε–Ό’¬‰w‘Oπ”Τ,131164,“‹“s,–L“‡‹ζ,η‘‚P’–Ϊ,2020-03-26,17,‚»‚Μ‘Ό,‚»‚Μ‘Ό,{ω‚Ή‚Έ,‚ ‚θ
ή“,Τγ‚Λ‚η‚Ά,–Ϊ”’,“μ’·θπ”Τ,131164,“‹“s,–L“‡‹ζ,’·θ‚Q’–Ϊ,2020-08-01,10,“ΉHγ,‚»‚Μ‘Ό,{ω‚Ή‚Έ,‚ ‚θ
ή“,Τγ‚Λ‚η‚Ά,–Ϊ”’,“’·θ‰w‘Oπ”Τ,131164,“‹“s,–L“‡‹ζ,’·θ‚T’–Ϊ,2020-03-21,11,‚»‚Μ‘Ό‚ΜZ‘ξi‚RK‚ΔΘ‰Ί‹¤“―Z‘ξ“™j,‚»‚Μ‘Ό,{ω‚Ή‚Έ,‚ ‚θ
ή“,Τγ‚Λ‚η‚Ά,–Ϊ”’,“’·θ‰w‘Oπ”Τ,131164,“‹“s,–L“‡‹ζ,η‘‚R’–Ϊ,2020-09-19,03,“ΉHγ,‚»‚Μ‘Ό,{ω‚Ή‚Έ,‚ ‚θ
ή“,Τγ‚Λ‚η‚Ά,–Ϊ”’,—v’¬π”Τ,131164,“‹“s,–L“‡‹ζ,‚Ό‚R’–Ϊ,2020-05-29,22,‚»‚Μ‘Ό‚ΜZ‘ξi‚RK‚ΔΘ‰Ί‹¤“―Z‘ξ“™j,’“Τi—Φjκ,{ω‚Ή‚Έ,‚ ‚θ
ή“,Τγ‚Λ‚η‚Ά,–Ϊ”’,ημπ”Τ,131164,“‹“s,–L“‡‹ζ,—v’¬‚R’–Ϊ,2020-07-15,09,“ΉHγ,‚»‚Μ‘Ό,{ω‚Ή‚Έ,‚Θ‚µ
ή“,Τγ‚Λ‚η‚Ά,–Ϊ”’,ημπ”Τ,131164,“‹“s,–L“‡‹ζ,—v’¬‚R’–Ϊ,2020-08-10,02,“ΉHγ,‚»‚Μ‘Ό,{ω‚Ή‚Έ,‚Θ‚µ
ή“,Τγ‚Λ‚η‚Ά,–Ϊ”’,ημπ”Τ,131164,“‹“s,–L“‡‹ζ,—v’¬‚R’–Ϊ,2020-09-17,15,‚»‚Μ‘Ό,’“Τi—Φjκ,{ω‚Ή‚Έ,‚Θ‚µ
ή“,Τγ‚Λ‚η‚Ά,–Ϊ”’,η“oΆ‹΄π”Τ,131164,“‹“s,–L“‡‹ζ,‚“c‚P’–Ϊ,2020-09-17,20,‚SK‚ΔΘγ‹¤“―Z‘ξ,’“Τi—Φjκ,{ω‚Ή‚Έ,‚Θ‚µ
ή“,Τγ‚Λ‚η‚Ά,‘κ–μμ,”Β‹΄‰w“ϋπ”Τ,131172,“‹“s,–k‹ζ,‘κ–μμ‚U’–Ϊ,2020-06-11,08,‚SK‚ΔΘγ‹¤“―Z‘ξ,’“Τi—Φjκ,{ω‚Ή‚Έ,‚Θ‚µ
ή“,Τγ‚Λ‚η‚Ά,‘κ–μμ,”Β‹΄‰w“ϋπ”Τ,131172,“‹“s,–k‹ζ,‘κ–μμ‚U’–Ϊ,2020-11-25,12,“ΉHγ,‚»‚Μ‘Ό,{ω‚Ή‚Έ,‚Θ‚µ
ή“,Τγ‚Λ‚η‚Ά,‘κ–μμ,”Β‹΄‰w“ϋπ”Τ,131172,“‹“s,–k‹ζ,‘κ–μμ‚V’–Ϊ,2020-01-16,00,‚SK‚ΔΘγ‹¤“―Z‘ξ,’“Τi—Φjκ,{ω‚Ή‚Έ,‚Θ‚µ
ή“,Τγ‚Λ‚η‚Ά,‘κ–μμ,”Β‹΄‰w“ϋπ”Τ,131172,“‹“s,–k‹ζ,‘κ–μμ‚V’–Ϊ,2020-03-26,13,‚»‚Μ‘Ό,‚»‚Μ‘Ό,{ω‚Ή‚Έ,‚ ‚θ
ή“,Τγ‚Λ‚η‚Ά,‘κ–μμ,”Β‹΄‰w“ϋπ”Τ,131172,“‹“s,–k‹ζ,‘κ–μμ‚V’–Ϊ,2020-06-29,15,‚»‚Μ‘Ό,‚»‚Μ‘Ό,{ω‚Ή‚Έ,‚ ‚θ
ή“,Τγ‚Λ‚η‚Ά,‘κ–μμ,”ς’ΉRπ”Τ,131172,“‹“s,–k‹ζ,ΌƒP΄‚P’–Ϊ,2019-12-31,16,‚»‚Μ‘Ό,’“Τi—Φjκ,{ω‚Ή‚Έ,‚Θ‚µ
ή“,Τγ‚Λ‚η‚Ά,‘κ–μμ,’JΛ’“έ,131172,“‹“s,–k‹ζ,ΌƒP΄‚R’–Ϊ,2020-10-31,15,‚»‚Μ‘Ό,’“Τi—Φjκ,{ω‚Ή‚Έ,‚Θ‚µ
ή“,Τγ‚Λ‚η‚Ά,‘κ–μμ,”φ‹v‰w‘Oπ”Τ,131172,“‹“s,–k‹ζ,γ’†—Ά‚R’–Ϊ,2020-11-22,10,“ΉHγ,‚»‚Μ‘Ό,{ω‚Ή‚Έ,‚ ‚θ
ή“,Τγ‚Λ‚η‚Ά,‘κ–μμ,”φ‹v‰w‘Oπ”Τ,131172,“‹“s,–k‹ζ,Ίa’¬‚Q’–Ϊ,2020-12-09,21,κΛZ‘ξ,‚»‚Μ‘Ό,{ω‚Ή‚Έ,‚Θ‚µ
ή“,Τγ‚Λ‚η‚Ά,‰¤q,‰¤q‰w‘Oπ”Τ,131172,“‹“s,–k‹ζ,‰¤q‚P’–Ϊ,2020-07-02,08,’“Τi—Φjκ,’“Τi—Φjκ,{ω‚Ή‚Έ,‚Θ‚µ
ή“,Τγ‚Λ‚η‚Ά,‰¤q,‰¤q‰w‘Oπ”Τ,131172,“‹“s,–k‹ζ,‰¤q‚P’–Ϊ,2020-07-04,15,“ΉHγ,‚»‚Μ‘Ό,{ω‚Ή‚Έ,‚Θ‚µ
ή“,Τγ‚Λ‚η‚Ά,‰¤q,‰¤q‰w‘Oπ”Τ,131172,“‹“s,–k‹ζ,έ’¬‚P’–Ϊ,2020-07-11,19,“ΉHγ,‚»‚Μ‘Ό,{ω‚Ή‚Έ,‚ ‚θ
ή“,Τγ‚Λ‚η‚Ά,‰¤q,‰¤q‰w‘Oπ”Τ,131172,“‹“s,–k‹ζ,–L“‡‚P’–Ϊ,2020-11-18,17,‚»‚Μ‘Ό,’“Τi—Φjκ,{ω‚Ή‚Έ,‚Θ‚µ
ή“,Τγ‚Λ‚η‚Ά,‰¤q,‰¤q‰w‘Oπ”Τ,131172,“‹“s,–k‹ζ,–x‘D‚Q’–Ϊ,2020-03-07,07,‚»‚Μ‘Ό,’“Τi—Φjκ,{ω‚Ή‚Έ,‚ ‚θ
ή“,Τγ‚Λ‚η‚Ά,‰¤q,‰¤q‰w‘Oπ”Τ,131172,“‹“s,–k‹ζ,–x‘D‚Q’–Ϊ,2020-03-26,06,‚»‚Μ‘Ό,’“Τi—Φjκ,{ω‚Ή‚Έ,‚ ‚θ
ή“,Τγ‚Λ‚η‚Ά,‰¤q,‰¤q‰w‘Oπ”Τ,131172,“‹“s,–k‹ζ,–x‘D‚Q’–Ϊ,2020-03-27,08,‚»‚Μ‘Ό,‚»‚Μ‘Ό,{ω‚Ή‚Έ,‚ ‚θ
ή“,Τγ‚Λ‚η‚Ά,‰¤q,‰¤q‰w‘Oπ”Τ,131172,“‹“s,–k‹ζ,–x‘D‚Q’–Ϊ,2020-08-29,11,‚SK‚ΔΘγ‹¤“―Z‘ξ,’“Τi—Φjκ,{ω‚Ή‚Έ,‚ ‚θ
ή“,Τγ‚Λ‚η‚Ά,‰¤q,–L“‡ά’–Ϊ’“έ,131172,“‹“s,–k‹ζ,–L“‡‚T’–Ϊ,2020-07-27,19,‚SK‚ΔΘγ‹¤“―Z‘ξ,‚»‚Μ‘Ό,{ω‚Ή‚Έ,‚Θ‚µ
ή“,Τγ‚Λ‚η‚Ά,‰¤q,‰¤qά’–Ϊπ”Τ,131172,“‹“s,–k‹ζ,‰¤q‚T’–Ϊ,2020-04-22,14,’“Τi—Φjκ,’“Τi—Φjκ,{ω‚Ή‚Έ,‚ ‚θ
ή“,Τγ‚Λ‚η‚Ά,‰¤q,“\ππ”Τ,131172,“‹“s,–k‹ζ,‰¤q‚T’–Ϊ,2020-12-13,14,“ΉHγ,‚»‚Μ‘Ό,{ω‚Ή‚Έ,‚ ‚θ
ή“,Τγ‚Λ‚η‚Ά,‰¤q,“\ππ”Τ,131172,“‹“s,–k‹ζ,’†\π‚Q’–Ϊ,2020-09-19,17,‚»‚Μ‘Ό,’“Τi—Φjκ,{ω‚Ή‚Έ,‚ ‚θ
ή“,Τγ‚Λ‚η‚Ά,‰¤q,“\ππ”Τ,131172,“‹“s,–k‹ζ,“\π‚R’–Ϊ,2020-05-21,18,‚SK‚ΔΘγ‹¤“―Z‘ξ,’“Τi—Φjκ,{ω‚Ή‚Έ,‚Θ‚µ
ή“,Τγ‚Λ‚η‚Ά,‰¤q,’†\ππ”Τ,131172,“‹“s,–k‹ζ,‰¤q‚U’–Ϊ,2020-10-16,16,‚SK‚ΔΘγ‹¤“―Z‘ξ,‚»‚Μ‘Ό,{ω‚Ή‚Έ,‚Θ‚µ
ή“,Τγ‚Λ‚η‚Ά,‰¤q,’†\ππ”Τ,131172,“‹“s,–k‹ζ,έ’¬‚Q’–Ϊ,2020-11-23,13,“ΉHγ,‚»‚Μ‘Ό,{ω‚Ή‚Έ,‚Θ‚µ
ή“,Τγ‚Λ‚η‚Ά,‰¤q,\π‰w‘Oπ”Τ,131172,“‹“s,–k‹ζ,γ\π‚Q’–Ϊ,2020-08-21,10,“ΉHγ,‚»‚Μ‘Ό,{ω‚Ή‚Έ,‚ ‚θ
ή“,Τγ‚Λ‚η‚Ά,Τ‰H,u–Ξl’–Ϊπ”Τ,131172,“‹“s,–k‹ζ,u–Ξ‚Q’–Ϊ,2020-10-27,00,‚»‚Μ‘Ό,‚»‚Μ‘Ό,{ω‚Ή‚Έ,‚ ‚θ
ή“,Τγ‚Λ‚η‚Ά,Τ‰H,u–Ξl’–Ϊπ”Τ,131172,“‹“s,–k‹ζ,u–Ξ‚R’–Ϊ,2020-02-24,12,“ΉHγ,‚»‚Μ‘Ό,{ω‚Ή‚Έ,‚Θ‚µ
ή“,Τγ‚Λ‚η‚Ά,Τ‰H,u–Ξl’–Ϊπ”Τ,131172,“‹“s,–k‹ζ,u–Ξ‚S’–Ϊ,2020-06-04,19,’“Τi—Φjκ,’“Τi—Φjκ,{ω‚Ή‚Έ,‚Θ‚µ
ή“,Τγ‚Λ‚η‚Ά,Τ‰H,Τ‰H‰w‘Oπ”Τ,131172,“‹“s,–k‹ζ,Τ‰H‚P’–Ϊ,2020-01-20,02,“ΉHγ,‚»‚Μ‘Ό,{ω‚Ή‚Έ,‚Θ‚µ
ή“,Τγ‚Λ‚η‚Ά,Τ‰H,Τ‰H‰w‘Oπ”Τ,131172,“‹“s,–k‹ζ,Τ‰H‚P’–Ϊ,2020-08-09,14,’“Τi—Φjκ,’“Τi—Φjκ,{ω‚Ή‚Έ,‚Θ‚µ
ή“,Τγ‚Λ‚η‚Ά,Τ‰H,Τ‰H‰w‘Oπ”Τ,131172,“‹“s,–k‹ζ,Τ‰H“μ‚P’–Ϊ,2020-02-16,17,κΛZ‘ξ,‚»‚Μ‘Ό,{ω‚Ή‚Έ,‚ ‚θ
ή“,Τγ‚Λ‚η‚Ά,Τ‰H,Τ‰H‰w‘Oπ”Τ,131172,“‹“s,–k‹ζ,u–Ξ‚T’–Ϊ,2020-03-13,16,“ΉHγ,‚»‚Μ‘Ό,{ω‚Ή‚Έ,‚Θ‚µ
ή“,Τγ‚Λ‚η‚Ά,Τ‰H,‹{–xπ”Τ,131172,“‹“s,–k‹ζ,_’J‚P’–Ϊ,2020-04-21,10,“ΉHγ,‚»‚Μ‘Ό,{ω‚Ή‚Έ,‚Θ‚µ
ή“,Τγ‚Λ‚η‚Ά,Τ‰H,‹{–xπ”Τ,131172,“‹“s,–k‹ζ,_’J‚R’–Ϊ,2020-02-21,15,“ΉHγ,‚»‚Μ‘Ό,{ω‚Ή‚Έ,‚Θ‚µ
ή“,Τγ‚Λ‚η‚Ά,Τ‰H,Ό‚ª‹uπ”Τ,131172,“‹“s,–k‹ζ,Τ‰HΌ‚U’–Ϊ,2020-11-10,13,‚SK‚ΔΘγ‹¤“―Z‘ξ,’“Τi—Φjκ,{ω‚Ή‚Έ,‚ ‚θ
ή“,Τγ‚Λ‚η‚Ά,Τ‰H,Τ‰H–kπ”Τ,131172,“‹“s,–k‹ζ,Τ‰H–k‚R’–Ϊ,2020-10-05,14,‚SK‚ΔΘγ‹¤“―Z‘ξ,’“Τi—Φjκ,{ω‚Ή‚Έ,‚Θ‚µ
ή“,Τγ‚Λ‚η‚Ά,”Β‹΄,•½”φπ”Τ,131199,“‹“s,”Β‹΄‹ζ,”Β‹΄‚P’–Ϊ,2020-08-11,17,“ΉHγ,‚»‚Μ‘Ό,{ω‚Ή‚Έ,‚Θ‚µ
ή“,Τγ‚Λ‚η‚Ά,”Β‹΄,•½”φπ”Τ,131199,“‹“s,”Β‹΄‹ζ,”Β‹΄‚P’–Ϊ,2020-10-06,11,“ΉHγ,‚»‚Μ‘Ό,{ω‚Ή‚Έ,‚ ‚θ
ή“,Τγ‚Λ‚η‚Ά,”Β‹΄,•½”φπ”Τ,131199,“‹“s,”Β‹΄‹ζ,”Β‹΄‚Q’–Ϊ,2020-02-24,00,‚»‚Μ‘Ό,’“Τi—Φjκ,{ω‚Ή‚Έ,‚Θ‚µ
ή“,Τγ‚Λ‚η‚Ά,”Β‹΄,•½”φπ”Τ,131199,“‹“s,”Β‹΄‹ζ,”Β‹΄‚S’–Ϊ,2020-08-11,18,’“Τi—Φjκ,’“Τi—Φjκ,{ω‚Ή‚Έ,‚Θ‚µ
ή“,Τγ‚Λ‚η‚Ά,”Β‹΄,‰Α‰κπ”Τ,131199,“‹“s,”Β‹΄‹ζ,‰Α‰κ‚P’–Ϊ,2020-05-24,14,‚»‚Μ‘Ό,‚»‚Μ‘Ό,{ω‚Ή‚Έ,‚ ‚θ
ή“,Τγ‚Λ‚η‚Ά,”Β‹΄,”Β‹΄–{’¬π”Τ,131199,“‹“s,”Β‹΄‹ζ,’‡h,2020-04-26,23,“ΉHγ,‚»‚Μ‘Ό,{ω‚Ή‚Έ,‚ ‚θ
ή“,Τγ‚Λ‚η‚Ά,”Β‹΄,—{η‰@‘Oπ”Τ,131199,“‹“s,”Β‹΄‹ζ,‘εR“’¬,2020-03-18,23,‚»‚Μ‘Ό,’“Τi—Φjκ,{ω‚Ή‚Έ,‚ ‚θ
ή“,Τγ‚Λ‚η‚Ά,”Β‹΄,—{η‰@‘Oπ”Τ,131199,“‹“s,”Β‹΄‹ζ,‘εR“’¬,2020-11-25,12,‚SK‚ΔΘγ‹¤“―Z‘ξ,‚»‚Μ‘Ό,{ω‚Ή‚Έ,‚ ‚θ
ή“,Τγ‚Λ‚η‚Ά,”Β‹΄,‘εR’¬π”Τ,131199,“‹“s,”Β‹΄‹ζ,‘εR‹ΰδ’¬,2020-12-05,14,“ΉHγ,‚»‚Μ‘Ό,{ω‚Ή‚Έ,‚Θ‚µ
ή“,Τγ‚Λ‚η‚Ά,”Β‹΄,‘εR’¬π”Τ,131199,“‹“s,”Β‹΄‹ζ,‘εRΌ’¬,2020-11-04,17,‚»‚Μ‘Ό,‚»‚Μ‘Ό,{ω‚Ή‚Έ,‚ ‚θ
ή“,Τγ‚Λ‚η‚Ά,”Β‹΄,‘εR’¬π”Τ,131199,“‹“s,”Β‹΄‹ζ,‘εR’¬,2020-02-29,13,“ΉHγ,‚»‚Μ‘Ό,{ω‚Ή‚Έ,‚Θ‚µ
ή“,Τγ‚Λ‚η‚Ά,”Β‹΄,‘εR’¬π”Τ,131199,“‹“s,”Β‹΄‹ζ,‘εR’¬,2020-03-30,21,“ΉHγ,‚»‚Μ‘Ό,{ω‚Ή‚Έ,‚Θ‚µ
ή“,Τγ‚Λ‚η‚Ά,”Β‹΄,‘εR’¬π”Τ,131199,“‹“s,”Β‹΄‹ζ,‘εR’¬,2020-08-24,12,“ΉHγ,‚»‚Μ‘Ό,{ω‚Ή‚Έ,‚ ‚θ
ή“,Τγ‚Λ‚η‚Ά,”Β‹΄,‘εR’¬π”Τ,131199,“‹“s,”Β‹΄‹ζ,‘εR’¬,2020-09-15,19,“ΉHγ,‚»‚Μ‘Ό,{ω‚Ή‚Έ,‚Θ‚µ
ή“,Τγ‚Λ‚η‚Ά,”Β‹΄,‘εR’¬π”Τ,131199,“‹“s,”Β‹΄‹ζ,‘εR’¬,2020-09-26,06,“ΉHγ,‚»‚Μ‘Ό,{ω‚Ή‚Έ,‚ ‚θ
ή“,Τγ‚Λ‚η‚Ά,”Β‹΄,‘εR’¬π”Τ,131199,“‹“s,”Β‹΄‹ζ,‘εR’¬,2020-10-24,19,“ΉHγ,‚»‚Μ‘Ό,{ω‚Ή‚Έ,‚Θ‚µ
ή“,Τγ‚Λ‚η‚Ά,”Β‹΄,‘εR’¬π”Τ,131199,“‹“s,”Β‹΄‹ζ,‘εR’¬,2020-11-24,19,“ΉHγ,‚»‚Μ‘Ό,{ω‚Ή‚Έ,‚ ‚θ
ή“,Τγ‚Λ‚η‚Ά,”Β‹΄,‘εR’¬π”Τ,131199,“‹“s,”Β‹΄‹ζ,K’¬,2020-03-25,11,“ΉHγ,‚»‚Μ‘Ό,{ω‚Ή‚Έ,‚ ‚θ
ή“,Τγ‚Λ‚η‚Ά,”Β‹΄,‘ε’Jϋπ”Τ,131199,“‹“s,”Β‹΄‹ζ,‘ε’Jϋ‚Q’–Ϊ,2020-03-18,11,‚»‚Μ‘Ό,’“Τi—Φjκ,{ω‚Ή‚Έ,‚ ‚θ
ή“,Τγ‚Λ‚η‚Ά,”Β‹΄,–ΞCπ”Τ,131199,“‹“s,”Β‹΄‹ζ,¬–Ξª‚Q’–Ϊ,2020-04-02,09,“ΉHγ,‚»‚Μ‘Ό,{ω‚Ή‚Έ,‚Θ‚µ
ή“,Τγ‚Λ‚η‚Ά,”Β‹΄,“R’¬π”Τ,131199,“‹“s,”Β‹΄‹ζ,–ν¶’¬,2020-04-04,13,“ΉHγ,‚»‚Μ‘Ό,{ω‚Ή‚Έ,‚ ‚θ
ή“,Τγ‚Λ‚η‚Ά,”Β‹΄,“R’¬π”Τ,131199,“‹“s,”Β‹΄‹ζ,–ν¶’¬,2020-07-20,13,“ΉHγ,‚»‚Μ‘Ό,{ω‚Ή‚Έ,‚ ‚θ
ή“,Τγ‚Λ‚η‚Ά,”Β‹΄,“R’¬π”Τ,131199,“‹“s,”Β‹΄‹ζ,–ν¶’¬,2020-11-04,15,“ΉHγ,‚»‚Μ‘Ό,{ω‚Ή‚Έ,‚ ‚θ
ή“,Τγ‚Λ‚η‚Ά,”Β‹΄,’†”Β‹΄π”Τ,131199,“‹“s,”Β‹΄‹ζ,’†”Β‹΄,2020-11-28,15,“ΉHγ,‚»‚Μ‘Ό,{ω‚Ή‚Έ,‚ ‚θ
ή“,Τγ‚Λ‚η‚Ά,”Β‹΄,’†”Β‹΄π”Τ,131199,“‹“s,”Β‹΄‹ζ,‘o—t’¬,2020-01-04,16,‚»‚Μ‘Ό,‚»‚Μ‘Ό,{ω‚Ή‚Έ,‚Θ‚µ
ή“,Τγ‚Λ‚η‚Ά,”Β‹΄,’†”Β‹΄π”Τ,131199,“‹“s,”Β‹΄‹ζ,‘o—t’¬,2020-01-05,20,‚»‚Μ‘Ό,‚»‚Μ‘Ό,{ω‚Ή‚Έ,‚Θ‚µ
ή“,Τγ‚Λ‚η‚Ά,”Β‹΄,’†”Β‹΄π”Τ,131199,“‹“s,”Β‹΄‹ζ,‘o—t’¬,2020-01-07,14,‚»‚Μ‘Ό,‚»‚Μ‘Ό,{ω‚Ή‚Έ,‚ ‚θ
ή“,Τγ‚Λ‚η‚Ά,”Β‹΄,’†”Β‹΄π”Τ,131199,“‹“s,”Β‹΄‹ζ,‘o—t’¬,2020-02-20,19,‚»‚Μ‘Ό,’“Τi—Φjκ,{ω‚Ή‚Έ,‚Θ‚µ
ή“,Τγ‚Λ‚η‚Ά,”Β‹΄,’†”Β‹΄π”Τ,131199,“‹“s,”Β‹΄‹ζ,‘o—t’¬,2020-11-25,13,“ΉHγ,‚»‚Μ‘Ό,{ω‚Ή‚Έ,‚ ‚θ
ή“,Τγ‚Λ‚η‚Ά,”Β‹΄,•xm©π”Τ,131199,“‹“s,”Β‹΄‹ζ,•xm©’¬,2020-01-12,10,“ΉHγ,‚»‚Μ‘Ό,{ω‚Ή‚Έ,‚ ‚θ
ή“,Τγ‚Λ‚η‚Ά,”Β‹΄,γ”Β‹΄‰w‘Oπ”Τ,131199,“‹“s,”Β‹΄‹ζ,γ”Β‹΄‚P’–Ϊ,2020-06-25,07,‚SK‚ΔΘγ‹¤“―Z‘ξ,’“Τi—Φjκ,{ω‚Ή‚Έ,‚Θ‚µ
ή“,Τγ‚Λ‚η‚Ά,”Β‹΄,γ”Β‹΄‰w‘Oπ”Τ,131199,“‹“s,”Β‹΄‹ζ,γ”Β‹΄‚P’–Ϊ,2020-12-07,09,‚SK‚ΔΘγ‹¤“―Z‘ξ,’“Τi—Φjκ,{ω‚Ή‚Έ,‚Θ‚µ
ή“,Τγ‚Λ‚η‚Ά,”Β‹΄,γ”Β‹΄‰w‘Oπ”Τ,131199,“‹“s,”Β‹΄‹ζ,ν”Υ‘δ‚S’–Ϊ,2020-04-22,11,‚»‚Μ‘Ό,‚»‚Μ‘Ό,{ω‚Ή‚Έ,‚Θ‚µ
ή“,Τγ‚Λ‚η‚Ά,”Β‹΄,γ”Β‹΄‰w‘Oπ”Τ,131199,“‹“s,”Β‹΄‹ζ,ν”Υ‘δ‚S’–Ϊ,2020-04-24,11,‚»‚Μ‘Ό,’“Τi—Φjκ,{ω‚Ή‚Έ,‚Θ‚µ
ή“,Τγ‚Λ‚η‚Ά,u‘Ί,΄…’¬π”Τ,131199,“‹“s,”Β‹΄‹ζ,‘ε΄’¬,2020-11-24,17,“ΉHγ,‚»‚Μ‘Ό,{ω‚Ή‚Έ,‚ ‚θ
ή“,Τγ‚Λ‚η‚Ά,u‘Ί,΄…’¬π”Τ,131199,“‹“s,”Β‹΄‹ζ,΄…’¬,2020-09-11,09,‚»‚Μ‘Ό,‚»‚Μ‘Ό,{ω‚Ή‚Έ,‚ ‚θ
ή“,Τγ‚Λ‚η‚Ά,u‘Ί,¬“¤‘ςπ”Τ,131199,“‹“s,”Β‹΄‹ζ,¬“¤‘ς‚Q’–Ϊ,2020-08-27,07,“ΉHγ,‚»‚Μ‘Ό,{ω‚Ή‚Έ,‚ ‚θ
ή“,Τγ‚Λ‚η‚Ά,u‘Ί,¬“¤‘ςπ”Τ,131199,“‹“s,”Β‹΄‹ζ,¬“¤‘ς‚R’–Ϊ,2020-09-19,14,‚»‚Μ‘Ό,’“Τi—Φjκ,{ω‚Ή‚Έ,‚ ‚θ
ή“,Τγ‚Λ‚η‚Ά,u‘Ί,βγπ”Τ,131199,“‹“s,”Β‹΄‹ζ,¬“¤‘ς‚R’–Ϊ,2020-11-26,13,‚»‚Μ‘Ό,’“Τi—Φjκ,{ω‚Ή‚Έ,‚ ‚θ
ή“,Τγ‚Λ‚η‚Ά,u‘Ί,βγπ”Τ,131199,“‹“s,”Β‹΄‹ζ,β‰Ί‚P’–Ϊ,2020-04-23,06,‚SK‚ΔΘγ‹¤“―Z‘ξ,’“Τi—Φjκ,{ω‚Ή‚Έ,‚Θ‚µ
ή“,Τγ‚Λ‚η‚Ά,u‘Ί,βγπ”Τ,131199,“‹“s,”Β‹΄‹ζ,β‰Ί‚P’–Ϊ,2020-11-07,17,‚SK‚ΔΘγ‹¤“―Z‘ξ,’“Τi—Φjκ,{ω‚Ή‚Έ,‚Θ‚µ
ή“,Τγ‚Λ‚η‚Ά,u‘Ί,βγπ”Τ,131199,“‹“s,”Β‹΄‹ζ,u‘Ί‚Q’–Ϊ,2020-10-11,18,‚»‚Μ‘Ό,’“Τi—Φjκ,{ω‚Ή‚Έ,‚Θ‚µ
ή“,Τγ‚Λ‚η‚Ά,u‘Ί,βγπ”Τ,131199,“‹“s,”Β‹΄‹ζ,u‘Ί‚Q’–Ϊ,2020-12-14,09,‚»‚Μ‘Ό,‚»‚Μ‘Ό,{ω‚Ή‚Έ,‚ ‚θ
ή“,Τγ‚Λ‚η‚Ά,u‘Ί,βγπ”Τ,131199,“‹“s,”Β‹΄‹ζ,u‘Ί‚Q’–Ϊ,2020-12-21,13,‚»‚Μ‘Ό,‚»‚Μ‘Ό,{ω‚Ή‚Έ,‚Θ‚µ
ή“,Τγ‚Λ‚η‚Ά,u‘Ί,βγπ”Τ,131199,“‹“s,”Β‹΄‹ζ,u‘Ί‚R’–Ϊ,2020-02-01,19,“ΉHγ,‚»‚Μ‘Ό,{ω‚Ή‚Έ,‚Θ‚µ
ή“,Τγ‚Λ‚η‚Ά,u‘Ί,βγπ”Τ,131199,“‹“s,”Β‹΄‹ζ,u‘Ί‚R’–Ϊ,2020-03-27,15,“ΉHγ,‚»‚Μ‘Ό,{ω‚Ή‚Έ,‚Θ‚µ
ή“,Τγ‚Λ‚η‚Ά,u‘Ί,βγπ”Τ,131199,“‹“s,”Β‹΄‹ζ,u‘Ί‚R’–Ϊ,2020-07-22,09,’“Τi—Φjκ,’“Τi—Φjκ,{ω‚Ή‚Έ,‚Θ‚µ
ή“,Τγ‚Λ‚η‚Ά,u‘Ί,βγπ”Τ,131199,“‹“s,”Β‹΄‹ζ,“β‰Ί‚P’–Ϊ,2020-12-12,18,‚SK‚ΔΘγ‹¤“―Z‘ξ,’“Τi—Φjκ,{ω‚Ή‚Έ,‚Θ‚µ
ή“,Τγ‚Λ‚η‚Ά,u‘Ί,@ªπ”Τ,131199,“‹“s,”Β‹΄‹ζ,‘¶’¬,2020-12-01,15,‚»‚Μ‘Ό,‚»‚Μ‘Ό,{ω‚Ή‚Έ,‚Θ‚µ
ή“,Τγ‚Λ‚η‚Ά,u‘Ί,@ªπ”Τ,131199,“‹“s,”Β‹΄‹ζ,@ª‚Q’–Ϊ,2019-12-01,•s–Ύ,’“Τi—Φjκ,’“Τi—Φjκ,{ω‚Ή‚Έ,‚Θ‚µ
ή“,Τγ‚Λ‚η‚Ά,u‘Ί,@ªπ”Τ,131199,“‹“s,”Β‹΄‹ζ,@ª‚Q’–Ϊ,2020-08-06,04,“ΉHγ,‚»‚Μ‘Ό,{ω‚Ή‚Έ,‚Θ‚µ
ή“,Τγ‚Λ‚η‚Ά,u‘Ί,@ªπ”Τ,131199,“‹“s,”Β‹΄‹ζ,@ª‚Q’–Ϊ,2020-08-07,22,“ΉHγ,‚»‚Μ‘Ό,{ω‚Ή‚Έ,‚ ‚θ
ή“,Τγ‚Λ‚η‚Ά,u‘Ί,@ªπ”Τ,131199,“‹“s,”Β‹΄‹ζ,@ª‚Q’–Ϊ,2020-12-13,16,’“Τi—Φjκ,’“Τi—Φjκ,{ω‚Ή‚Έ,‚Θ‚µ
ή“,Τγ‚Λ‚η‚Ά,u‘Ί,@ªπ”Τ,131199,“‹“s,”Β‹΄‹ζ,@ª‚R’–Ϊ,2020-01-18,17,’“Τi—Φjκ,’“Τi—Φjκ,{ω‚Ή‚Έ,‚Θ‚µ
ή“,Τγ‚Λ‚η‚Ά,u‘Ί,@ªπ”Τ,131199,“‹“s,”Β‹΄‹ζ,@ª‚R’–Ϊ,2020-07-25,13,“ΉHγ,‚»‚Μ‘Ό,{ω‚Ή‚Έ,‚ ‚θ
ή“,Τγ‚Λ‚η‚Ά,u‘Ί,@ªπ”Τ,131199,“‹“s,”Β‹΄‹ζ,@ª‚R’–Ϊ,2020-08-18,19,‚»‚Μ‘Ό,’“Τi—Φjκ,{ω‚Ή‚Έ,‚Θ‚µ
ή“,Τγ‚Λ‚η‚Ά,u‘Ί,‘O–μ’¬π”Τ,131199,“‹“s,”Β‹΄‹ζ,‘O–μ’¬‚P’–Ϊ,2020-08-02,16,‚»‚Μ‘Ό,’“Τi—Φjκ,{ω‚Ή‚Έ,‚ ‚θ
ή“,Τγ‚Λ‚η‚Ά,u‘Ί,‘O–μ’¬π”Τ,131199,“‹“s,”Β‹΄‹ζ,‘O–μ’¬‚T’–Ϊ,2020-03-25,15,“ΉHγ,‚»‚Μ‘Ό,{ω‚Ή‚Έ,‚ ‚θ
ή“,Τγ‚Λ‚η‚Ά,u‘Ί,’†‘δπ”Τ,131199,“‹“s,”Β‹΄‹ζ,‘O–μ’¬‚U’–Ϊ,2020-03-23,12,‚»‚Μ‘Ό,’“Τi—Φjκ,{ω‚Ή‚Έ,‚Θ‚µ
ή“,Τγ‚Λ‚η‚Ά,u‘Ί,’†‘δπ”Τ,131199,“‹“s,”Β‹΄‹ζ,α–Ψ‚P’–Ϊ,2020-11-20,15,κΛZ‘ξ,‚»‚Μ‘Ό,{ω‚Ή‚Έ,‚ ‚θ
ή“,Τγ‚Λ‚η‚Ά,u‘Ί,Ό‘δπ”Τ,131199,“‹“s,”Β‹΄‹ζ,Ό‘δ‚Q’–Ϊ,2019-10-18,19,‚»‚Μ‘Ό,‚»‚Μ‘Ό,{ω‚Ή‚Έ,‚ ‚θ
ή“,Τγ‚Λ‚η‚Ά,u‘Ί,Ό‘δπ”Τ,131199,“‹“s,”Β‹΄‹ζ,Ό‘δ‚Q’–Ϊ,2020-06-21,14,‚»‚Μ‘Ό,‚»‚Μ‘Ό,{ω‚Ή‚Έ,‚Θ‚µ
ή“,Τγ‚Λ‚η‚Ά,—ϋ”n,Ρδπ”Τ,131202,“‹“s,—ϋ”n‹ζ,όR‚P’–Ϊ,2020-06-04,11,‚SK‚ΔΘγ‹¤“―Z‘ξ,’“Τi—Φjκ,{ω‚Ή‚Έ,‚Θ‚µ
ή“,Τγ‚Λ‚η‚Ά,—ϋ”n,Ρδπ”Τ,131202,“‹“s,—ϋ”n‹ζ,όR‚S’–Ϊ,2020-01-24,17,‚»‚Μ‘Ό,’“Τi—Φjκ,{ω‚Ή‚Έ,‚Θ‚µ
ή“,Τγ‚Λ‚η‚Ά,—ϋ”n,Ρδπ”Τ,131202,“‹“s,—ϋ”n‹ζ,Ρδ‚S’–Ϊ,2020-07-25,09,“ΉHγ,‚»‚Μ‘Ό,{ω‚Ή‚Έ,‚ ‚θ
ή“,Τγ‚Λ‚η‚Ά,—ϋ”n,Ρδπ”Τ,131202,“‹“s,—ϋ”n‹ζ,Ρδ‚T’–Ϊ,2020-01-19,20,‚SK‚ΔΘγ‹¤“―Z‘ξ,‚»‚Μ‘Ό,{ω‚Ή‚Έ,‚Θ‚µ
ή“,Τγ‚Λ‚η‚Ά,—ϋ”n,’†‘Ί‹΄π”Τ,131202,“‹“s,—ϋ”n‹ζ,’†‘Ί‚R’–Ϊ,2020-03-23,09,“ΉHγ,‚»‚Μ‘Ό,{ω‚Ή‚Έ,‚Θ‚µ
ή“,Τγ‚Λ‚η‚Ά,—ϋ”n,’†‘Ί‹΄π”Τ,131202,“‹“s,—ϋ”n‹ζ,’†‘Ί–k‚Q’–Ϊ,2020-02-04,18,’“Τi—Φjκ,’“Τi—Φjκ,{ω‚Ή‚Έ,‚Θ‚µ
ή“,Τγ‚Λ‚η‚Ά,—ϋ”n,–L“‡‰€‘Oπ”Τ,131202,“‹“s,—ϋ”n‹ζ,—ϋ”n‚R’–Ϊ,2020-01-22,15,“ΉHγ,‚»‚Μ‘Ό,{ω‚Ή‚Έ,‚ ‚θ
ή“,Τγ‚Λ‚η‚Ά,—ϋ”n,–L“‡‰€‘Oπ”Τ,131202,“‹“s,—ϋ”n‹ζ,—ϋ”n‚S’–Ϊ,2020-11-18,14,‚»‚Μ‘Ό‚ΜZ‘ξi‚RK‚ΔΘ‰Ί‹¤“―Z‘ξ“™j,‚»‚Μ‘Ό,{ω‚Ή‚Έ,‚ ‚θ
ή“,Τγ‚Λ‚η‚Ά,—ϋ”n,—ϋ”n‰w‘Oπ”Τ,131202,“‹“s,—ϋ”n‹ζ,’†‘Ί‚P’–Ϊ,2020-07-24,08,“ΉHγ,‚»‚Μ‘Ό,{ω‚Ή‚Έ,‚Θ‚µ
ή“,Τγ‚Λ‚η‚Ά,—ϋ”n,—ϋ”n‰w‘Oπ”Τ,131202,“‹“s,—ϋ”n‹ζ,—ϋ”n‚P’–Ϊ,2020-02-06,22,“ΉHγ,‚»‚Μ‘Ό,{ω‚Ή‚Έ,‚Θ‚µ
ή“,Τγ‚Λ‚η‚Ά,—ϋ”n,•Xμ‘δ’“έ,131202,“‹“s,—ϋ”n‹ζ,’†‘Ί‚P’–Ϊ,2020-09-19,11,“ΉHγ,‚»‚Μ‘Ό,{ω‚Ή‚Έ,‚ ‚θ
ή“,Τγ‚Λ‚η‚Ά,—ϋ”n,•Xμ‘δ’“έ,131202,“‹“s,—ϋ”n‹ζ,•Xμ‘δ‚Q’–Ϊ,2020-03-20,10,“ΉHγ,‚»‚Μ‘Ό,{ω‚Ή‚Έ,‚ ‚θ
ή“,Τγ‚Λ‚η‚Ά,—ϋ”n,•Xμ‘δ’“έ,131202,“‹“s,—ϋ”n‹ζ,•½a‘δ‚P’–Ϊ,2020-11-14,13,‚»‚Μ‘Ό‚ΜZ‘ξi‚RK‚ΔΘ‰Ί‹¤“―Z‘ξ“™j,’“Τi—Φjκ,{ω‚Ή‚Έ,‚Θ‚µ
ή“,Τγ‚Λ‚η‚Ά,—ϋ”n,t“ϊ’¬π”Τ,131202,“‹“s,—ϋ”n‹ζ,t“ϊ’¬‚P’–Ϊ,2020-02-17,17,“ΉHγ,‚»‚Μ‘Ό,{ω‚Ή‚Έ,‚ ‚θ
ή“,Τγ‚Λ‚η‚Ά,—ϋ”n,t“ϊ’¬π”Τ,131202,“‹“s,—ϋ”n‹ζ,t“ϊ’¬‚R’–Ϊ,2020-02-13,12,‚»‚Μ‘Ό,’“Τi—Φjκ,{ω‚Ή‚Έ,‚Θ‚µ
ή“,Τγ‚Λ‚η‚Ά,—ϋ”n,t“ϊ’¬π”Τ,131202,“‹“s,—ϋ”n‹ζ,t“ϊ’¬‚R’–Ϊ,2020-08-22,19,‚»‚Μ‘Ό,’“Τi—Φjκ,{ω‚Ή‚Έ,‚Θ‚µ
ή“,Τγ‚Λ‚η‚Ά,—ϋ”n,‘‹{π”Τ,131202,“‹“s,—ϋ”n‹ζ,‘‹{‚R’–Ϊ,2020-03-21,11,“ΉHγ,‚»‚Μ‘Ό,{ω‚Ή‚Έ,‚Θ‚µ
ή“,Τγ‚Λ‚η‚Ά,—ϋ”n,•Xμ_Π‘Oπ”Τ,131202,“‹“s,—ϋ”n‹ζ,–L‹Κ’†‚Q’–Ϊ,2020-01-24,07,‚»‚Μ‘Ό,’“Τi—Φjκ,{ω‚Ή‚Έ,‚Θ‚µ
ή“,Τγ‚Λ‚η‚Ά,—ϋ”n,•Xμ_Π‘Oπ”Τ,131202,“‹“s,—ϋ”n‹ζ,–L‹Κ’†‚R’–Ϊ,2020-05-30,00,“ΉHγ,‚»‚Μ‘Ό,{ω‚Ή‚Έ,‚ ‚θ
ή“,Τγ‚Λ‚η‚Ά,—ϋ”n,•Xμ_Π‘Oπ”Τ,131202,“‹“s,—ϋ”n‹ζ,–L‹Κ“μ‚R’–Ϊ,2020-06-24,07,‚»‚Μ‘Ό,’“Τi—Φjκ,{ω‚Ή‚Έ,‚ ‚θ
ή“,Τγ‚Λ‚η‚Ά,—ϋ”n,•xm©‘δ‰w‘Oπ”Τ,131202,“‹“s,—ϋ”n‹ζ,Ρδ‚P’–Ϊ,2020-03-23,17,“ΉHγ,‚»‚Μ‘Ό,{ω‚Ή‚Έ,‚Θ‚µ
ή“,Τγ‚Λ‚η‚Ά,—ϋ”n,•xm©‘δ‰w‘Oπ”Τ,131202,“‹“s,—ϋ”n‹ζ,Ρδ‚R’–Ϊ,2020-05-29,09,“ΉHγ,‚»‚Μ‘Ό,{ω‚Ή‚Έ,‚ ‚θ
ή“,Τγ‚Λ‚η‚Ά,Ξ_δ,Ξ_δφ‰€‰w‘Oπ”Τ,131202,“‹“s,—ϋ”n‹ζ,‰ΊΞ_δ‚U’–Ϊ,2020-11-30,11,κΛZ‘ξ,’“Τi—Φjκ,{ω‚Ή‚Έ,‚ ‚θ
ή“,Τγ‚Λ‚η‚Ά,Ξ_δ,Ξ_δφ‰€‰w‘Oπ”Τ,131202,“‹“s,—ϋ”n‹ζ,Ξ_δ‘δ‚P’–Ϊ,2020-06-01,16,‚»‚Μ‘Ό,’“Τi—Φjκ,{ω‚Ή‚Έ,‚ ‚θ
ή“,Τγ‚Λ‚η‚Ά,Ξ_δ,Ξ_δφ‰€‰w‘Oπ”Τ,131202,“‹“s,—ϋ”n‹ζ,Ξ_δ‘δ‚V’–Ϊ,2020-10-27,17,κΛZ‘ξ,’“Τi—Φjκ,{ω‚Ή‚Έ,‚Θ‚µ
ή“,Τγ‚Λ‚η‚Ά,Ξ_δ,Ξ_δφ‰€‰w‘Oπ”Τ,131202,“‹“s,—ϋ”n‹ζ,Ξ_δ’¬‚Q’–Ϊ,2020-01-16,23,“ΉHγ,‚»‚Μ‘Ό,{ω‚Ή‚Έ,‚Θ‚µ
ή“,Τγ‚Λ‚η‚Ά,Ξ_δ,Ξ_δφ‰€‰w‘Oπ”Τ,131202,“‹“s,—ϋ”n‹ζ,Ξ_δ’¬‚S’–Ϊ,2020-02-22,17,‚»‚Μ‘Ό,’“Τi—Φjκ,{ω‚Ή‚Έ,‚Θ‚µ
ή“,Τγ‚Λ‚η‚Ά,Ξ_δ,Ξ_δφ‰€‰w‘Oπ”Τ,131202,“‹“s,—ϋ”n‹ζ,Ξ_δ’¬‚W’–Ϊ,2020-08-10,01,‚»‚Μ‘Ό‚ΜZ‘ξi‚RK‚ΔΘ‰Ί‹¤“―Z‘ξ“™j,’“Τi—Φjκ,{ω‚Ή‚Έ,‚ ‚θ
ή“,Τγ‚Λ‚η‚Ά,Ξ_δ,‘εςw‰€‰w‘Oπ”Τ,131202,“‹“s,—ϋ”n‹ζ,“‘ες‚P’–Ϊ,2020-02-20,16,“ΉHγ,‚»‚Μ‘Ό,{ω‚Ή‚Έ,‚Θ‚µ
ή“,Τγ‚Λ‚η‚Ά,Ξ_δ,‘εςw‰€‰w‘Oπ”Τ,131202,“‹“s,—ϋ”n‹ζ,“‘ες‚T’–Ϊ,2020-12-20,00,‚»‚Μ‘Ό‚ΜZ‘ξi‚RK‚ΔΘ‰Ί‹¤“―Z‘ξ“™j,‚»‚Μ‘Ό,{ω‚Ή‚Έ,‚ ‚θ
ή“,Τγ‚Λ‚η‚Ά,Ξ_δ,‘εςw‰€‰w‘Oπ”Τ,131202,“‹“s,—ϋ”n‹ζ,“‘ες‚U’–Ϊ,2020-08-19,15,“ΉHγ,‚»‚Μ‘Ό,{ω‚Ή‚Έ,‚ ‚θ
ή“,Τγ‚Λ‚η‚Ά,Ξ_δ,•‘ Φ‰w‘Oπ”Τ,131202,“‹“s,—ϋ”n‹ζ,Ξ_δ‘δ‚V’–Ϊ,2020-09-07,23,‚»‚Μ‘Ό‚ΜZ‘ξi‚RK‚ΔΘ‰Ί‹¤“―Z‘ξ“™j,‚»‚Μ‘Ό,{ω‚Ή‚Έ,‚Θ‚µ
ή“,Τγ‚Λ‚η‚Ά,Ξ_δ,•‘ Φ‰w‘Oπ”Τ,131202,“‹“s,—ϋ”n‹ζ,Ξ_δ‘δ‚V’–Ϊ,2020-12-13,21,‚»‚Μ‘Ό,’“Τi—Φjκ,{ω‚Ή‚Έ,‚Θ‚µ
ή“,Τγ‚Λ‚η‚Ά,Ξ_δ,•‘ Φ‰w‘Oπ”Τ,131202,“‹“s,—ϋ”n‹ζ,Φ’¬–k‚R’–Ϊ,2020-01-06,11,“ΉHγ,‚»‚Μ‘Ό,{ω‚Ή‚Έ,‚Θ‚µ
ή“,Τγ‚Λ‚η‚Ά,Ξ_δ,γΞ_δ‰w‘Oπ”Τ,131202,“‹“s,—ϋ”n‹ζ,γΞ_δ‚P’–Ϊ,2020-11-06,14,“ΉHγ,‚»‚Μ‘Ό,{ω‚Ή‚Έ,‚ ‚θ
ή“,Τγ‚Λ‚η‚Ά,Ξ_δ,γΞ_δ‰w‘Oπ”Τ,131202,“‹“s,—ϋ”n‹ζ,γΞ_δ‚Q’–Ϊ,2020-07-15,16,’“Τi—Φjκ,’“Τi—Φjκ,{ω‚Ή‚Έ,‚Θ‚µ
ή“,Τγ‚Λ‚η‚Ά,Ξ_δ,γΞ_δ‰w‘Oπ”Τ,131202,“‹“s,—ϋ”n‹ζ,γΞ_δ‚S’–Ϊ,2020-11-11,12,“ΉHγ,‚»‚Μ‘Ό,{ω‚Ή‚Έ,‚Θ‚µ
ή“,Τγ‚Λ‚η‚Ά,Ξ_δ,γΞ_δ‰w‘Oπ”Τ,131202,“‹“s,—ϋ”n‹ζ,‰ΊΞ_δ‚Q’–Ϊ,2020-11-19,09,“ΉHγ,‚»‚Μ‘Ό,{ω‚Ή‚Έ,‚ ‚θ
ή“,Τγ‚Λ‚η‚Ά,Ξ_δ,‘εςw‰€π”Τ,131202,“‹“s,—ϋ”n‹ζ,‘εςw‰€’¬‚P’–Ϊ,2020-11-14,18,‚»‚Μ‘Ό,’“Τi—Φjκ,{ω‚Ή‚Έ,‚ ‚θ
ή“,Τγ‚Λ‚η‚Ά,Ξ_δ,‘εςw‰€π”Τ,131202,“‹“s,—ϋ”n‹ζ,‘εςw‰€’¬‚S’–Ϊ,2020-04-27,17,’“Τi—Φjκ,’“Τi—Φjκ,{ω‚Ή‚Έ,‚Θ‚µ
ή“,Τγ‚Λ‚η‚Ά,Ξ_δ,‘εςw‰€π”Τ,131202,“‹“s,—ϋ”n‹ζ,‘εςw‰€’¬‚T’–Ϊ,2020-12-10,16,‚»‚Μ‘Ό‚ΜZ‘ξi‚RK‚ΔΘ‰Ί‹¤“―Z‘ξ“™j,’“Τi—Φjκ,{ω‚Ή‚Έ,‚ ‚θ
ή“,Τγ‚Λ‚η‚Ά,Ξ_δ,‘εςw‰€π”Τ,131202,“‹“s,—ϋ”n‹ζ,‘εςw‰€’¬‚W’–Ϊ,2020-01-27,14,‚»‚Μ‘Ό,’“Τi—Φjκ,{ω‚Ή‚Έ,‚ ‚θ
ή“,Τγ‚Λ‚η‚Ά,Ξ_δ,‘εςw‰€π”Τ,131202,“‹“s,—ϋ”n‹ζ,‘εςw‰€’¬‚X’–Ϊ,2020-04-23,12,‚»‚Μ‘Ό,‚»‚Μ‘Ό,{ω‚Ή‚Έ,‚ ‚θ
ή“,Τγ‚Λ‚η‚Ά,Ξ_δ,‘εςw‰€π”Τ,131202,“‹“s,—ϋ”n‹ζ,‘εςw‰€’¬‚X’–Ϊ,2020-04-27,11,‚»‚Μ‘Ό,’“Τi—Φjκ,{ω‚Ή‚Έ,‚Θ‚µ
ή“,Τγ‚Λ‚η‚Ά,Ξ_δ,‘εςw‰€π”Τ,131202,“‹“s,—ϋ”n‹ζ,‘εςw‰€’¬‚X’–Ϊ,2020-05-09,16,‚»‚Μ‘Ό,‚»‚Μ‘Ό,{ω‚Ή‚Έ,‚ ‚θ
ή“,Τγ‚Λ‚η‚Ά,Ξ_δ,Φ’¬π”Τ,131202,“‹“s,—ϋ”n‹ζ,Φ’¬“μ‚P’–Ϊ,2020-08-29,18,‚»‚Μ‘Ό,’“Τi—Φjκ,{ω‚Ή‚Έ,‚ ‚θ
ή“,Τγ‚Λ‚η‚Ά,Ξ_δ,Φ’¬π”Τ,131202,“‹“s,—ϋ”n‹ζ,Φ’¬“μ‚Q’–Ϊ,2020-04-06,07,“ΉHγ,‚»‚Μ‘Ό,{ω‚Ή‚Έ,‚ ‚θ
ή“,Τγ‚Λ‚η‚Ά,Ξ_δ,Φ’¬π”Τ,131202,“‹“s,—ϋ”n‹ζ,Φ’¬“μ‚R’–Ϊ,2020-05-31,10,“ΉHγ,‚»‚Μ‘Ό,{ω‚Ή‚Έ,‚ ‚θ
ή“,Τγ‚Λ‚η‚Ά,Ξ_δ,Φ’¬π”Τ,131202,“‹“s,—ϋ”n‹ζ,Φ’¬“μ‚S’–Ϊ,2020-10-29,19,‚»‚Μ‘Ό‚ΜZ‘ξi‚RK‚ΔΘ‰Ί‹¤“―Z‘ξ“™j,’“Τi—Φjκ,{ω‚Ή‚Έ,‚Θ‚µ
ή“,Τγ‚Λ‚η‚Ά,Ξ_δ,Φ’¬π”Τ,131202,“‹“s,—ϋ”n‹ζ,Φ’¬“‚P’–Ϊ,2020-08-16,15,κΛZ‘ξ,‚»‚Μ‘Ό,{ω‚Ή‚Έ,‚Θ‚µ
ή“,Τγ‚Λ‚η‚Ά,Ξ_δ,–k‘εςπ”Τ,131202,“‹“s,—ϋ”n‹ζ,‘ες’¬‚P’–Ϊ,2020-09-02,19,’“Τi—Φjκ,’“Τi—Φjκ,{ω‚Ή‚Έ,‚Θ‚µ
ή“,Τγ‚Λ‚η‚Ά,Ξ_δ,–k‘εςπ”Τ,131202,“‹“s,—ϋ”n‹ζ,‘ες’¬‚Q’–Ϊ,2020-10-11,10,κΛZ‘ξ,‚»‚Μ‘Ό,{ω‚Ή‚Έ,‚Θ‚µ
ή“,Τγ‚Λ‚η‚Ά,Ξ_δ,–k‘εςπ”Τ,131202,“‹“s,—ϋ”n‹ζ,‘ες’¬‚S’–Ϊ,2020-04-14,16,‚»‚Μ‘Ό,‚»‚Μ‘Ό,{ω‚Ή‚Έ,‚ ‚θ
ή“,Τγ‚Λ‚η‚Ά,Ξ_δ,–k‘εςπ”Τ,131202,“‹“s,—ϋ”n‹ζ,‘ες’¬‚S’–Ϊ,2020-04-16,17,‚»‚Μ‘Ό,’“Τi—Φjκ,{ω‚Ή‚Έ,‚ ‚θ
ή“,Τγ‚Λ‚η‚Ά,Ξ_δ,–k‘εςπ”Τ,131202,“‹“s,—ϋ”n‹ζ,‘ες’¬‚T’–Ϊ,2020-02-11,12,‚»‚Μ‘Ό,’“Τi—Φjκ,{ω‚Ή‚Έ,‚Θ‚µ
ή“,Τγ‚Λ‚η‚Ά,Ξ_δ,–k‘εςπ”Τ,131202,“‹“s,—ϋ”n‹ζ,‘ες’¬‚U’–Ϊ,2020-10-07,05,“ΉHγ,‚»‚Μ‘Ό,{ω‚Ή‚Έ,‚Θ‚µ
ή“,Τγ‚Λ‚η‚Ά,Ξ_δ,–k‘εςπ”Τ,131202,“‹“s,—ϋ”n‹ζ,‘ες’¬‚U’–Ϊ,2020-11-01,18,κΛZ‘ξ,’“Τi—Φjκ,{ω‚Ή‚Έ,‚ ‚θ
ή“,Τγ‚Λ‚η‚Ά,Ξ_δ,Ό‘εςπ”Τ,131202,“‹“s,—ϋ”n‹ζ,Ό‘ες‚R’–Ϊ,2020-05-10,18,κΛZ‘ξ,‚»‚Μ‘Ό,{ω‚Ή‚Έ,‚ ‚θ
ή“,Τγ‚Λ‚η‚Ά,Ξ_δ,Ό‘εςπ”Τ,131202,“‹“s,—ϋ”n‹ζ,Ό‘ες‚R’–Ϊ,2020-06-23,19,‚»‚Μ‘Ό‚ΜZ‘ξi‚RK‚ΔΘ‰Ί‹¤“―Z‘ξ“™j,‚»‚Μ‘Ό,{ω‚Ή‚Έ,‚ ‚θ
ή“,Τγ‚Λ‚η‚Ά,Ξ_δ,Ό‘εςπ”Τ,131202,“‹“s,—ϋ”n‹ζ,Ό‘ες‚R’–Ϊ,2020-12-14,13,‚»‚Μ‘Ό‚ΜZ‘ξi‚RK‚ΔΘ‰Ί‹¤“―Z‘ξ“™j,’“Τi—Φjκ,{ω‚Ή‚Έ,‚Θ‚µ
ή“,Τγ‚Λ‚η‚Ά,Ξ_δ,Ό‘εςπ”Τ,131202,“‹“s,—ϋ”n‹ζ,Ό‘ες‚S’–Ϊ,2020-12-14,08,‚»‚Μ‘Ό‚ΜZ‘ξi‚RK‚ΔΘ‰Ί‹¤“―Z‘ξ“™j,’“Τi—Φjκ,{ω‚Ή‚Έ,‚ ‚θ
ή“,Τγ‚Λ‚η‚Ά,Ξ_δ,Ό‘εςπ”Τ,131202,“‹“s,—ϋ”n‹ζ,Ό‘ες‚T’–Ϊ,2020-11-06,06,‚»‚Μ‘Ό,’“Τi—Φjκ,{ω‚Ή‚Έ,‚ ‚θ
ή“,Τγ‚Λ‚η‚Ά,Ξ_δ,“μ‘εςπ”Τ,131202,“‹“s,—ϋ”n‹ζ,“‘ες‚V’–Ϊ,2020-02-22,21,“ΉHγ,‚»‚Μ‘Ό,{ω‚Ή‚Έ,‚ ‚θ
ή“,Τγ‚Λ‚η‚Ά,Ξ_δ,“μ‘εςπ”Τ,131202,“‹“s,—ϋ”n‹ζ,“‘ες‚V’–Ϊ,2020-11-06,09,“ΉHγ,‚»‚Μ‘Ό,{ω‚Ή‚Έ,‚ ‚θ
ή“,Τγ‚Λ‚η‚Ά,Ξ_δ,“μ‘εςπ”Τ,131202,“‹“s,—ϋ”n‹ζ,“μ‘ες‚P’–Ϊ,2020-11-18,08,“ΉHγ,‚»‚Μ‘Ό,{ω‚Ή‚Έ,‚ ‚θ
ή“,Τγ‚Λ‚η‚Ά,Ξ_δ,“μ‘εςπ”Τ,131202,“‹“s,—ϋ”n‹ζ,“μ‘ες‚Q’–Ϊ,2020-01-11,06,‚»‚Μ‘Ό,‚»‚Μ‘Ό,{ω‚Ή‚Έ,‚Θ‚µ
ή“,Τγ‚Λ‚η‚Ά,Ξ_δ,“μ‘εςπ”Τ,131202,“‹“s,—ϋ”n‹ζ,“μ‘ες‚Q’–Ϊ,2020-12-01,08,‚»‚Μ‘Ό,‚»‚Μ‘Ό,{ω‚Ή‚Έ,‚ ‚θ
ή“,Τγ‚Λ‚η‚Ά,Ξ_δ,“μ‘εςπ”Τ,131202,“‹“s,—ϋ”n‹ζ,“μ‘ες‚Q’–Ϊ,2020-12-16,09,“ΉHγ,‚»‚Μ‘Ό,{ω‚Ή‚Έ,‚ ‚θ
ή“,Τγ‚Λ‚η‚Ά,Ξ_δ,“μ‘εςπ”Τ,131202,“‹“s,—ϋ”n‹ζ,“μ‘ες‚S’–Ϊ,2020-12-29,06,‚»‚Μ‘Ό‚ΜZ‘ξi‚RK‚ΔΘ‰Ί‹¤“―Z‘ξ“™j,’“Τi—Φjκ,{ω‚Ή‚Έ,‚ ‚θ
ή“,Τγ‚Λ‚η‚Ά,Ξ_δ,•xmX“Ήπ”Τ,131202,“‹“s,—ϋ”n‹ζ,Ξ_δ‘δ‚R’–Ϊ,2020-11-08,03,’“Τi—Φjκ,’“Τi—Φjκ,{ω‚Ή‚Έ,‚Θ‚µ
ή“,Τγ‚Λ‚η‚Ά,Ξ_δ,•xmX“Ήπ”Τ,131202,“‹“s,—ϋ”n‹ζ,Ξ_δ‘δ‚T’–Ϊ,2020-06-15,22,‚»‚Μ‘Ό‚ΜZ‘ξi‚RK‚ΔΘ‰Ί‹¤“―Z‘ξ“™j,’“Τi—Φjκ,{ω‚Ή‚Έ,‚ ‚θ
ή“,Τγ‚Λ‚η‚Ά,Ξ_δ,Ξ_δ“μ’“έ,131202,“‹“s,—ϋ”n‹ζ,‰ΊΞ_δ‚P’–Ϊ,2020-12-07,19,‚»‚Μ‘Ό,’“Τi—Φjκ,{ω‚Ή‚Έ,‚Θ‚µ
ή“,Τγ‚Λ‚η‚Ά,Ξ_δ,Ξ_δ“μ’“έ,131202,“‹“s,—ϋ”n‹ζ,‰ΊΞ_δ‚Q’–Ϊ,2020-11-08,20,‚»‚Μ‘Ό‚ΜZ‘ξi‚RK‚ΔΘ‰Ί‹¤“―Z‘ξ“™j,’“Τi—Φjκ,{ω‚Ή‚Έ,‚ ‚θ
ή“,Τγ‚Λ‚η‚Ά,‚“‡•½,‚“‡•½‰w‘Oπ”Τ,131199,“‹“s,”Β‹΄‹ζ,‚“‡•½‚R’–Ϊ,2020-03-13,18,‚»‚Μ‘Ό,‚»‚Μ‘Ό,{ω‚Ή‚Έ,‚ ‚θ
ή“,Τγ‚Λ‚η‚Ά,‚“‡•½,‚“‡•½‰w‘Oπ”Τ,131199,“‹“s,”Β‹΄‹ζ,‚“‡•½‚W’–Ϊ,2020-02-06,15,“ΉHγ,‚»‚Μ‘Ό,{ω‚Ή‚Έ,‚ ‚θ
ή“,Τγ‚Λ‚η‚Ά,‚“‡•½,‚“‡•½‰w‘Oπ”Τ,131199,“‹“s,”Β‹΄‹ζ,‚“‡•½‚W’–Ϊ,2020-04-29,18,‚SK‚ΔΘγ‹¤“―Z‘ξ,’“Τi—Φjκ,{ω‚Ή‚Έ,‚ ‚θ
ή“,Τγ‚Λ‚η‚Ά,‚“‡•½,Ό‘δ‰w‘Oπ”Τ,131199,“‹“s,”Β‹΄‹ζ,‚“‡•½‚P’–Ϊ,2020-02-27,10,“ΉHγ,‚»‚Μ‘Ό,{ω‚Ή‚Έ,‚Θ‚µ
ή“,Τγ‚Λ‚η‚Ά,‚“‡•½,Ό‘δ‰w‘Oπ”Τ,131199,“‹“s,”Β‹΄‹ζ,‚“‡•½‚P’–Ϊ,2020-10-15,19,‚»‚Μ‘Ό,’“Τi—Φjκ,{ω‚Ή‚Έ,‚Θ‚µ
ή“,Τγ‚Λ‚η‚Ά,‚“‡•½,Ό‘δ‰w‘Oπ”Τ,131199,“‹“s,”Β‹΄‹ζ,‚“‡•½‚X’–Ϊ,2020-08-27,09,“ΉHγ,‚»‚Μ‘Ό,{ω‚Ή‚Έ,‚Θ‚µ
ή“,Τγ‚Λ‚η‚Ά,‚“‡•½,ω–Ϊ‹΄π”Τ,131199,“‹“s,”Β‹΄‹ζ,‚“‡•½‚U’–Ϊ,2020-02-24,16,‚»‚Μ‘Ό,’“Τi—Φjκ,{ω‚Ή‚Έ,‚ ‚θ
ή“,Τγ‚Λ‚η‚Ά,‚“‡•½,ω–Ϊ‹΄π”Τ,131199,“‹“s,”Β‹΄‹ζ,O‰€‚P’–Ϊ,2020-06-01,14,‚SK‚ΔΘγ‹¤“―Z‘ξ,’“Τi—Φjκ,{ω‚Ή‚Έ,‚Θ‚µ
ή“,Τγ‚Λ‚η‚Ά,‚“‡•½,ω–Ϊ‹΄π”Τ,131199,“‹“s,”Β‹΄‹ζ,O‰€‚P’–Ϊ,2020-11-22,15,’“Τi—Φjκ,’“Τi—Φjκ,{ω‚Ή‚Έ,‚Θ‚µ
ή“,Τγ‚Λ‚η‚Ά,‚“‡•½,–k–μπ”Τ,131199,“‹“s,”Β‹΄‹ζ,“ΏΫ‚Q’–Ϊ,2020-06-24,15,‚»‚Μ‘Ό,’“Τi—Φjκ,{ω‚Ή‚Έ,‚Θ‚µ
ή“,Τγ‚Λ‚η‚Ά,‚“‡•½,–k–μπ”Τ,131199,“‹“s,”Β‹΄‹ζ,“ΏΫ‚T’–Ϊ,2020-02-14,10,’“Τi—Φjκ,’“Τi—Φjκ,{ω‚Ή‚Έ,‚Θ‚µ
ή“,Τγ‚Λ‚η‚Ά,‚“‡•½,‰ΊΤ’Λπ”Τ,131199,“‹“s,”Β‹΄‹ζ,Τ’Λ‚Q’–Ϊ,2020-07-01,14,’“Τi—Φjκ,’“Τi—Φjκ,{ω‚Ή‚Έ,‚ ‚θ
ή“,Τγ‚Λ‚η‚Ά,‚“‡•½,Τ’Λπ”Τ,131199,“‹“s,”Β‹΄‹ζ,Τ’ΛV’¬‚R’–Ϊ,2020-10-17,15,’“Τi—Φjκ,’“Τi—Φjκ,{ω‚Ή‚Έ,‚ ‚θ
ή“,Τγ‚Λ‚η‚Ά,‚“‡•½,¬‘‰w‘Oπ”Τ,131199,“‹“s,”Β‹΄‹ζ,¬‘‚P’–Ϊ,2020-05-15,17,‚»‚Μ‘Ό,’“Τi—Φjκ,{ω‚Ή‚Έ,‚Θ‚µ
ή“,Τγ‚Λ‚η‚Ά,‚“‡•½,¬‘‰w‘Oπ”Τ,131199,“‹“s,”Β‹΄‹ζ,¬‘‚Q’–Ϊ,2020-11-22,10,’“Τi—Φjκ,’“Τi—Φjκ,{ω‚Ή‚Έ,‚Θ‚µ
ή“,Τγ‚Λ‚η‚Ά,‚“‡•½,γΤ’Λπ”Τ,131199,“‹“s,”Β‹΄‹ζ,Τ’Λ‚S’–Ϊ,2020-03-05,11,“ΉHγ,‚»‚Μ‘Ό,{ω‚Ή‚Έ,‚Θ‚µ
ή“,Τγ‚Λ‚η‚Ά,‚“‡•½,Ό‰@‘Oπ”Τ,131199,“‹“s,”Β‹΄‹ζ,Τ’Λ‚U’–Ϊ,2020-10-16,17,‚»‚Μ‘Ό,’“Τi—Φjκ,{ω‚Ή‚Έ,‚ ‚θ
ή“,Τγ‚Λ‚η‚Ά,υ‚ª‹u,–k’¬π”Τ,131202,“‹“s,—ϋ”n‹ζ,–k’¬‚P’–Ϊ,2020-01-24,14,“ΉHγ,‚»‚Μ‘Ό,{ω‚Ή‚Έ,‚Θ‚µ
ή“,Τγ‚Λ‚η‚Ά,υ‚ª‹u,“c•Ώπ”Τ,131202,“‹“s,—ϋ”n‹ζ,“c•Ώ‚S’–Ϊ,2020-01-12,18,’“Τi—Φjκ,’“Τi—Φjκ,{ω‚Ή‚Έ,‚ ‚θ
ή“,Τγ‚Λ‚η‚Ά,υ‚ª‹u,“c•Ώπ”Τ,131202,“‹“s,—ϋ”n‹ζ,“c•Ώ‚S’–Ϊ,2020-12-10,10,‚»‚Μ‘Ό,’“Τi—Φjκ,{ω‚Ή‚Έ,‚Θ‚µ
ή“,Τγ‚Λ‚η‚Ά,υ‚ª‹u,υ‚ª‹uO’–Ϊπ”Τ,131202,“‹“s,—ϋ”n‹ζ,υ‚ª‹u‚S’–Ϊ,2020-03-17,19,‚»‚Μ‘Ό,‚»‚Μ‘Ό,{ω‚Ή‚Έ,‚ ‚θ
ή“,Τγ‚Λ‚η‚Ά,υ‚ª‹u,υ‚ª‹uO’–Ϊπ”Τ,131202,“‹“s,—ϋ”n‹ζ,υ‚ª‹u‚T’–Ϊ,2020-04-15,22,‚»‚Μ‘Ό,’“Τi—Φjκ,{ω‚Ή‚Έ,‚Θ‚µ
ή“,Τγ‚Λ‚η‚Ά,υ‚ª‹u,—ϋ”n‚–μ‘δ‰w‘Oπ”Τ,131202,“‹“s,—ϋ”n‹ζ,•xm©‘δ‚P’–Ϊ,2020-01-20,07,‚»‚Μ‘Ό‚ΜZ‘ξi‚RK‚ΔΘ‰Ί‹¤“―Z‘ξ“™j,’“Τi—Φjκ,{ω‚Ή‚Έ,‚ ‚θ
ή“,Τγ‚Λ‚η‚Ά,υ‚ª‹u,—ϋ”n‚–μ‘δ‰w‘Oπ”Τ,131202,“‹“s,—ϋ”n‹ζ,•xm©‘δ‚Q’–Ϊ,2020-11-04,09,“ΉHγ,‚»‚Μ‘Ό,{ω‚Ή‚Έ,‚ ‚θ
ή“,Τγ‚Λ‚η‚Ά,υ‚ª‹u,—ϋ”n‚–μ‘δ‰w‘Oπ”Τ,131202,“‹“s,—ϋ”n‹ζ,•xm©‘δ‚S’–Ϊ,2020-01-25,17,’“Τi—Φjκ,’“Τi—Φjκ,{ω‚Ή‚Έ,‚Θ‚µ
ή“,Τγ‚Λ‚η‚Ά,υ‚ª‹u,“yx“cπ”Τ,131202,“‹“s,—ϋ”n‹ζ,®’¬‚Q’–Ϊ,2020-08-17,14,‚»‚Μ‘Ό‚ΜZ‘ξi‚RK‚ΔΘ‰Ί‹¤“―Z‘ξ“™j,’“Τi—Φjκ,{ω‚Ή‚Έ,‚Θ‚µ
ή“,Τγ‚Λ‚η‚Ά,υ‚ª‹u,“yx“cπ”Τ,131202,“‹“s,—ϋ”n‹ζ,“yx“c‚S’–Ϊ,2020-08-05,19,‚»‚Μ‘Ό‚ΜZ‘ξi‚RK‚ΔΘ‰Ί‹¤“―Z‘ξ“™j,’“Τi—Φjκ,{ω‚Ή‚Έ,‚Θ‚µ
ή“,Τγ‚Λ‚η‚Ά,υ‚ª‹u,“yx“cπ”Τ,131202,“‹“s,—ϋ”n‹ζ,υ‚ª‹u‚S’–Ϊ,2020-10-30,05,‚»‚Μ‘Ό,‚»‚Μ‘Ό,{ω‚Ή‚Έ,‚ ‚θ
ή“,Τγ‚Λ‚η‚Ά,υ‚ª‹u,O΄‘δπ”Τ,131202,“‹“s,—ϋ”n‹ζ,“yx“c‚R’–Ϊ,2020-09-27,19,’“Τi—Φjκ,’“Τi—Φjκ,{ω‚Ή‚Έ,‚Θ‚µ
ή“,Τγ‚Λ‚η‚Ά,γ–μ,,131059,“‹“s,•¶‹‹ζ,“’“‡‚R’–Ϊ,2020-11-13,08,“ΉHγ,‚»‚Μ‘Ό,{ω‚Ή‚Έ,‚Θ‚µ
ή“,Τγ‚Λ‚η‚Ά,γ–μ,ξ‰Χ’¬π”Τ,131067,“‹“s,‘δ“‹ζ,“γ–μ‚S’–Ϊ,2020-09-13,11,“ΉHγ,‚»‚Μ‘Ό,{ω‚Ή‚Έ,‚ ‚θ
ή“,Τγ‚Λ‚η‚Ά,γ–μ,ξ‰Χ’¬π”Τ,131067,“‹“s,‘δ“‹ζ,“γ–μ‚T’–Ϊ,2020-06-15,16,“ΉHγ,‚»‚Μ‘Ό,{ω‚Ή‚Έ,‚Θ‚µ
ή“,Τγ‚Λ‚η‚Ά,γ–μ,‘δ“π”Τ,131067,“‹“s,‘δ“‹ζ,H—t΄,2020-06-05,17,“ΉHγ,‚»‚Μ‘Ό,{ω‚Ή‚Έ,‚ ‚θ
ή“,Τγ‚Λ‚η‚Ά,γ–μ,‘δ“π”Τ,131067,“‹“s,‘δ“‹ζ,‘δ“‚Q’–Ϊ,2020-08-12,17,“ΉHγ,‚»‚Μ‘Ό,{ω‚Ή‚Έ,‚ ‚θ
ή“,Τγ‚Λ‚η‚Ά,γ–μ,‘δ“π”Τ,131067,“‹“s,‘δ“‹ζ,‘δ“‚R’–Ϊ,2020-06-17,23,“ΉHγ,‚»‚Μ‘Ό,{ω‚Ή‚Έ,‚ ‚θ
ή“,Τγ‚Λ‚η‚Ά,γ–μ,‘δ“π”Τ,131067,“‹“s,‘δ“‹ζ,‘δ“‚S’–Ϊ,2019-04-10,04,“ΉHγ,‚»‚Μ‘Ό,{ω‚Ή‚Έ,‚ ‚θ
ή“,Τγ‚Λ‚η‚Ά,γ–μ,•–επ”Τ,131067,“‹“s,‘δ“‹ζ,γ–μ‚P’–Ϊ,2020-11-10,10,“ΉHγ,‚»‚Μ‘Ό,{ω‚Ή‚Έ,‚ ‚θ
ή“,Τγ‚Λ‚η‚Ά,γ–μ,•–επ”Τ,131067,“‹“s,‘δ“‹ζ,γ–μ‚R’–Ϊ,2020-01-06,21,‚»‚Μ‘Ό,‚»‚Μ‘Ό,{ω‚Ή‚Έ,‚ ‚θ
ή“,Τγ‚Λ‚η‚Ά,γ–μ,δ“k’¬π”Τ,131067,“‹“s,‘δ“‹ζ,“γ–μ‚P’–Ϊ,2020-04-11,20,“ΉHγ,‚»‚Μ‘Ό,{ω‚Ή‚Έ,‚Θ‚µ
ή“,Τγ‚Λ‚η‚Ά,γ–μ,φ‰€‘Oπ”Τ,131067,“‹“s,‘δ“‹ζ,γ–μ‚S’–Ϊ,2020-05-11,21,“ΉHγ,‚»‚Μ‘Ό,{ω‚Ή‚Έ,‚ ‚θ
ή“,Τγ‚Λ‚η‚Ά,γ–μ,φ‰€‘Oπ”Τ,131067,“‹“s,‘δ“‹ζ,γ–μ‚S’–Ϊ,2020-06-11,11,“ΉHγ,‚»‚Μ‘Ό,{ω‚Ή‚Έ,‚Θ‚µ
ή“,Τγ‚Λ‚η‚Ά,γ–μ,φ‰€‘Oπ”Τ,131067,“‹“s,‘δ“‹ζ,γ–μ‚U’–Ϊ,2020-11-13,07,“ΉHγ,‚»‚Μ‘Ό,{ω‚Ή‚Έ,‚Θ‚µ
ή“,Τγ‚Λ‚η‚Ά,γ–μ,φ‰€‘Oπ”Τ,131067,“‹“s,‘δ“‹ζ,γ–μ‚U’–Ϊ,2020-11-14,09,“ΉHγ,‚»‚Μ‘Ό,{ω‚Ή‚Έ,‚Θ‚µ
ή“,Τγ‚Λ‚η‚Ά,γ–μ,φ‰€‘Oπ”Τ,131067,“‹“s,‘δ“‹ζ,γ–μφ‰€,2020-05-09,14,’“Τi—Φjκ,’“Τi—Φjκ,{ω‚Ή‚Έ,‚Θ‚µ
ή“,Τγ‚Λ‚η‚Ά,‰Ί’J,Oƒm—Φπ”Τ,131067,“‹“s,‘δ“‹ζ,—³ς‚Q’–Ϊ,2020-03-26,13,“ΉHγ,‚»‚Μ‘Ό,{ω‚Ή‚Έ,‚ ‚θ
ή“,Τγ‚Λ‚η‚Ά,‰Ί’J,“ό’J“π”Τ,131067,“‹“s,‘δ“‹ζ,Ό‚ª’J‚S’–Ϊ,2020-02-24,15,“ΉHγ,‚»‚Μ‘Ό,{ω‚Ή‚Έ,‚ ‚θ
ή“,Τγ‚Λ‚η‚Ά,‰Ί’J,“ό’JΌπ”Τ,131067,“‹“s,‘δ“‹ζ,“ό’J‚P’–Ϊ,2020-02-09,10,“ΉHγ,‚»‚Μ‘Ό,{ω‚Ή‚Έ,‚ ‚θ
ή“,Τγ‚Λ‚η‚Ά,‰Ί’J,“ό’JΌπ”Τ,131067,“‹“s,‘δ“‹ζ,–kγ–μ‚Q’–Ϊ,2020-07-05,20,“ΉHγ,‚»‚Μ‘Ό,{ω‚Ή‚Έ,‚ ‚θ
ή“,Τγ‚Λ‚η‚Ά,‰Ί’J,’J’†π”Τ,131067,“‹“s,‘δ“‹ζ,’J’†‚P’–Ϊ,2020-10-27,09,‚»‚Μ‘Ό,‚»‚Μ‘Ό,{ω‚Ή‚Έ,‚Θ‚µ
ή“,Τγ‚Λ‚η‚Ά,σ‘,“ϊ–{’ηπ”Τ,131067,“‹“s,‘δ“‹ζ,΄μ‚Q’–Ϊ,2020-05-29,18,‚»‚Μ‘Ό,’“Τi—Φjκ,{ω‚Ή‚Έ,‚Θ‚µ
ή“,Τγ‚Λ‚η‚Ά,σ‘,‹g΄π”Τ,131067,“‹“s,‘δ“‹ζ,η‘©‚R’–Ϊ,2020-09-15,11,“ΉHγ,‚»‚Μ‘Ό,{ω‚Ή‚Έ,‚ ‚θ
ή“,Τγ‚Λ‚η‚Ά,σ‘,“σ‘π”Τ,131067,“‹“s,‘δ“‹ζ,“σ‘‚P’–Ϊ,2020-10-22,13,‚»‚Μ‘Ό,’“Τi—Φjκ,{ω‚Ή‚Έ,‚Θ‚µ
ή“,Τγ‚Λ‚η‚Ά,σ‘,Όσ‘O’–Ϊπ”Τ,131067,“‹“s,‘δ“‹ζ,σ‘‚R’–Ϊ,2020-10-16,08,“ΉHγ,‚»‚Μ‘Ό,{ω‚Ή‚Έ,‚Θ‚µ
ή“,Τγ‚Λ‚η‚Ά,σ‘,Όσ‘O’–Ϊπ”Τ,131067,“‹“s,‘δ“‹ζ,σ‘‚S’–Ϊ,2019-12-31,19,“ΉHγ,‚»‚Μ‘Ό,{ω‚Ή‚Έ,‚ ‚θ
ή“,Τγ‚Λ‚η‚Ά,σ‘,Όσ‘O’–Ϊπ”Τ,131067,“‹“s,‘δ“‹ζ,σ‘‚S’–Ϊ,2020-02-03,11,‚»‚Μ‘Ό,’“Τi—Φjκ,{ω‚Ή‚Έ,‚Θ‚µ
ή“,Τγ‚Λ‚η‚Ά,σ‘,Όσ‘O’–Ϊπ”Τ,131067,“‹“s,‘δ“‹ζ,σ‘‚S’–Ϊ,2020-10-04,22,“ΉHγ,‚»‚Μ‘Ό,{ω‚Ή‚Έ,‚ ‚θ
ή“,Τγ‚Λ‚η‚Ά,σ‘,φ‰€Z‹ζπ”Τ,131067,“‹“s,‘δ“‹ζ,σ‘‚P’–Ϊ,2020-02-07,14,“ΉHγ,‚»‚Μ‘Ό,{ω‚Ή‚Έ,‚ ‚θ
ή“,Τγ‚Λ‚η‚Ά,σ‘,φ‰€Z‹ζπ”Τ,131067,“‹“s,‘δ“‹ζ,σ‘‚P’–Ϊ,2020-04-17,04,“ΉHγ,‚»‚Μ‘Ό,{ω‚Ή‚Έ,‚Θ‚µ
ή“,Τγ‚Λ‚η‚Ά,σ‘,φ‰€Z‹ζπ”Τ,131067,“‹“s,‘δ“‹ζ,σ‘‚P’–Ϊ,2020-07-30,13,“ΉHγ,‚»‚Μ‘Ό,{ω‚Ή‚Έ,‚ ‚θ
ή“,Τγ‚Λ‚η‚Ά,σ‘,φ‰€Z‹ζπ”Τ,131067,“‹“s,‘δ“‹ζ,σ‘‚P’–Ϊ,2020-11-05,19,“ΉHγ,‚»‚Μ‘Ό,{ω‚Ή‚Έ,‚Θ‚µ
ή“,Τγ‚Λ‚η‚Ά,σ‘,φ‰€Z‹ζπ”Τ,131067,“‹“s,‘δ“‹ζ,σ‘‚Q’–Ϊ,2020-03-24,18,“ΉHγ,‚»‚Μ‘Ό,{ω‚Ή‚Έ,‚Θ‚µ
ή“,Τγ‚Λ‚η‚Ά,σ‘,φ‰€Z‹ζπ”Τ,131067,“‹“s,‘δ“‹ζ,σ‘‚Q’–Ϊ,2020-07-30,23,“ΉHγ,‚»‚Μ‘Ό,{ω‚Ή‚Έ,‚ ‚θ
ή“,Τγ‚Λ‚η‚Ά,σ‘,φ‰€Z‹ζπ”Τ,131067,“‹“s,‘δ“‹ζ,Όσ‘‚R’–Ϊ,2020-11-01,16,‚»‚Μ‘Ό,’“Τi—Φjκ,{ω‚Ή‚Έ,‚Θ‚µ
ή“,Τγ‚Λ‚η‚Ά,σ‘,—‹–επ”Τ,131067,“‹“s,‘δ“‹ζ,σ‘‚P’–Ϊ,2020-10-17,04,“ΉHγ,‚»‚Μ‘Ό,{ω‚Ή‚Έ,‚ ‚θ
ή“,Τγ‚Λ‚η‚Ά,σ‘,Ή“V’¬π”Τ,131067,“‹“s,‘δ“‹ζ,σ‘‚S’–Ϊ,2020-03-24,14,‚»‚Μ‘Ό,‚»‚Μ‘Ό,{ω‚Ή‚Έ,‚ ‚θ
ή“,Τγ‚Λ‚η‚Ά,σ‘,Ή“V’¬π”Τ,131067,“‹“s,‘δ“‹ζ,΅Λ‚P’–Ϊ,2020-01-16,15,‚»‚Μ‘Ό,’“Τi—Φjκ,{ω‚Ή‚Έ,‚Θ‚µ
ή“,Τγ‚Λ‚η‚Ά,σ‘,Ή“V’¬π”Τ,131067,“‹“s,‘δ“‹ζ,΅Λ‚P’–Ϊ,2020-11-14,11,‚SK‚ΔΘγ‹¤“―Z‘ξ,’“Τi—Φjκ,{ω‚Ή‚Έ,‚ ‚θ
ή“,Τγ‚Λ‚η‚Ά,σ‘,‹΄κπ”Τ,131067,“‹“s,‘δ“‹ζ,΅Λ‚Q’–Ϊ,2020-05-25,23,“ΉHγ,‚»‚Μ‘Ό,{ω‚Ή‚Έ,‚Θ‚µ
ή“,Τγ‚Λ‚η‚Ά,σ‘,‹΄κπ”Τ,131067,“‹“s,‘δ“‹ζ,΄μ‚Q’–Ϊ,2020-12-24,08,“ΉHγ,‚»‚Μ‘Ό,{ω‚Ή‚Έ,‚ ‚θ
ή“,Τγ‚Λ‚η‚Ά,σ‘,‹΄κπ”Τ,131067,“‹“s,‘δ“‹ζ,‹΄κ‚P’–Ϊ,2020-03-11,11,“ΉHγ,‚»‚Μ‘Ό,{ω‚Ή‚Έ,‚Θ‚µ
ή“,Τγ‚Λ‚η‚Ά,‘ ‘O,‹e‰®‹΄π”Τ,131067,“‹“s,‘δ“‹ζ,“γ–μ‚U’–Ϊ,2020-08-22,11,’“Τi—Φjκ,’“Τi—Φjκ,{ω‚Ή‚Έ,‚ ‚θ
ή“,Τγ‚Λ‚η‚Ά,‘ ‘O,‹e‰®‹΄π”Τ,131067,“‹“s,‘δ“‹ζ,Ό‚ª’J‚Q’–Ϊ,2020-03-24,07,‚»‚Μ‘Ό,‚»‚Μ‘Ό,{ω‚Ή‚Έ,‚ ‚θ
ή“,Τγ‚Λ‚η‚Ά,‘ ‘O,¬“‡“ρ’–Ϊπ”Τ,131067,“‹“s,‘δ“‹ζ,¬“‡‚P’–Ϊ,2020-07-11,23,“ΉHγ,‚»‚Μ‘Ό,{ω‚Ή‚Έ,‚ ‚θ
ή“,Τγ‚Λ‚η‚Ά,‘ ‘O,¬“‡“ρ’–Ϊπ”Τ,131067,“‹“s,‘δ“‹ζ,¬“‡‚Q’–Ϊ,2020-03-02,10,“ΉHγ,‚»‚Μ‘Ό,{ω‚Ή‚Έ,‚Θ‚µ
ή“,Τγ‚Λ‚η‚Ά,‘ ‘O,¬“‡“ρ’–Ϊπ”Τ,131067,“‹“s,‘δ“‹ζ,¬“‡‚Q’–Ϊ,2020-05-02,19,’“Τi—Φjκ,’“Τi—Φjκ,{ω‚Ή‚Έ,‚Θ‚µ
ή“,Τγ‚Λ‚η‚Ά,‘ ‘O,¬“‡“ρ’–Ϊπ”Τ,131067,“‹“s,‘δ“‹ζ,’Ή‰z‚P’–Ϊ,2020-12-01,12,“ΉHγ,‚»‚Μ‘Ό,{ω‚Ή‚Έ,‚ ‚θ
ή“,Τγ‚Λ‚η‚Ά,‘ ‘O,‘ ‘O“ρ’–Ϊπ”Τ,131067,“‹“s,‘δ“‹ζ,‘ ‘O‚Q’–Ϊ,2020-04-30,10,“ΉHγ,‚»‚Μ‘Ό,{ω‚Ή‚Έ,‚Θ‚µ
ή“,Τγ‚Λ‚η‚Ά,‘ ‘O,‘ ‘O“ρ’–Ϊπ”Τ,131067,“‹“s,‘δ“‹ζ,υ‚R’–Ϊ,2020-08-24,21,“ΉHγ,‚»‚Μ‘Ό,{ω‚Ή‚Έ,‚Θ‚µ
ή“,Τγ‚Λ‚η‚Ά,‘ ‘O,‘ ‘O“ρ’–Ϊπ”Τ,131067,“‹“s,‘δ“‹ζ,‹ξ`‚P’–Ϊ,2020-08-06,07,“ΉHγ,‚»‚Μ‘Ό,{ω‚Ή‚Έ,‚ ‚θ
ή“,Τγ‚Λ‚η‚Ά,‘ ‘O,{‰κ‹΄π”Τ,131067,“‹“s,‘δ“‹ζ,σ‘‹΄‚T’–Ϊ,2020-10-09,13,‚SK‚ΔΘγ‹¤“―Z‘ξ,’“Τi—Φjκ,{ω‚Ή‚Έ,‚ ‚θ
ή“,Τγ‚Λ‚η‚Ά,‘ ‘O,{‰κ‹΄π”Τ,131067,“‹“s,‘δ“‹ζ,‘ ‘O‚P’–Ϊ,2020-12-17,10,“ΉHγ,‚»‚Μ‘Ό,{ω‚Ή‚Έ,‚Θ‚µ
ή“,Τγ‚Λ‚η‚Ά,”φ‹v,F–μ‘Oπ”Τ,131181,“‹“s,rμ‹ζ,“”φ‹v‚V’–Ϊ,2020-07-26,11,‚SK‚ΔΘγ‹¤“―Z‘ξ,’“Τi—Φjκ,{ω‚Ή‚Έ,‚Θ‚µ
ή“,Τγ‚Λ‚η‚Ά,”φ‹v,”φ’|‹΄π”Τ,131181,“‹“s,rμ‹ζ,’¬‰®‚T’–Ϊ,2020-08-27,11,“ΉHγ,‚»‚Μ‘Ό,{ω‚Ή‚Έ,‚ ‚θ
ή“,Τγ‚Λ‚η‚Ά,”φ‹v,”φ’|‹΄π”Τ,131181,“‹“s,rμ‹ζ,’¬‰®‚U’–Ϊ,2020-09-24,12,‚»‚Μ‘Ό,’“Τi—Φjκ,{ω‚Ή‚Έ,‚Θ‚µ
ή“,Τγ‚Λ‚η‚Ά,”φ‹v,”φ’|‹΄π”Τ,131181,“‹“s,rμ‹ζ,’¬‰®‚U’–Ϊ,2020-10-30,21,’“Τi—Φjκ,’“Τi—Φjκ,{ω‚Ή‚Έ,‚Θ‚µ
ή“,Τγ‚Λ‚η‚Ά,”φ‹v,Τ“yπ”Τ,131181,“‹“s,rμ‹ζ,“”φ‹v‚Q’–Ϊ,2020-05-27,19,‚»‚Μ‘Ό,’“Τi—Φjκ,{ω‚Ή‚Έ,‚Θ‚µ
ή“,Τγ‚Λ‚η‚Ά,”φ‹v,Τ“yπ”Τ,131181,“‹“s,rμ‹ζ,“”φ‹v‚Q’–Ϊ,2020-07-23,21,“ΉHγ,‚»‚Μ‘Ό,{ω‚Ή‚Έ,‚ ‚θ
ή“,Τγ‚Λ‚η‚Ά,”φ‹v,Τ“yπ”Τ,131181,“‹“s,rμ‹ζ,“”φ‹v‚R’–Ϊ,2020-05-14,21,‚»‚Μ‘Ό,‚»‚Μ‘Ό,{ω‚Ή‚Έ,‚Θ‚µ
ή“,Τγ‚Λ‚η‚Ά,”φ‹v,Ό”φ‹vπ”Τ,131181,“‹“s,rμ‹ζ,Ό”φ‹v‚S’–Ϊ,2020-06-03,17,“ΉHγ,‚»‚Μ‘Ό,{ω‚Ή‚Έ,‚ ‚θ
ή“,Τγ‚Λ‚η‚Ά,”φ‹v,Ό”φ‹vπ”Τ,131181,“‹“s,rμ‹ζ,Ό”φ‹v‚S’–Ϊ,2020-08-08,14,“ΉHγ,‚»‚Μ‘Ό,{ω‚Ή‚Έ,‚ ‚θ
ή“,Τγ‚Λ‚η‚Ά,”φ‹v,rμ—V‰€‘Oπ”Τ,131181,“‹“s,rμ‹ζ,Ό”φ‹v‚T’–Ϊ,2020-06-25,02,κΛZ‘ξ,’“Τi—Φjκ,{ω‚Ή‚Έ,‚ ‚θ
ή“,Τγ‚Λ‚η‚Ά,”φ‹v,rμ—V‰€‘Oπ”Τ,131181,“‹“s,rμ‹ζ,Ό”φ‹v‚W’–Ϊ,2020-10-15,21,‚»‚Μ‘Ό‚ΜZ‘ξi‚RK‚ΔΘ‰Ί‹¤“―Z‘ξ“™j,’“Τi—Φjκ,{ω‚Ή‚Έ,‚ ‚θ
ή“,Τγ‚Λ‚η‚Ά,“μηZ,“V‰¤‘Oπ”Τ,131181,“‹“s,rμ‹ζ,“μηZ‚U’–Ϊ,2020-07-27,12,‚»‚Μ‘Ό,’“Τi—Φjκ,{ω‚Ή‚Έ,‚Θ‚µ
ή“,Τγ‚Λ‚η‚Ά,“μηZ,“μηZκ’–Ϊπ”Τ,131181,“‹“s,rμ‹ζ,“μηZ‚P’–Ϊ,2020-04-17,13,‚»‚Μ‘Ό,’“Τi—Φjκ,{ω‚Ή‚Έ,‚Θ‚µ
ή“,Τγ‚Λ‚η‚Ά,“μηZ,“μηZ”ª’–Ϊπ”Τ,131181,“‹“s,rμ‹ζ,“μηZ‚S’–Ϊ,2020-01-28,16,‚»‚Μ‘Ό,’“Τi—Φjκ,{ω‚Ή‚Έ,‚Θ‚µ
ή“,Τγ‚Λ‚η‚Ά,“μηZ,“μηZ”ª’–Ϊπ”Τ,131181,“‹“s,rμ‹ζ,“μηZ‚S’–Ϊ,2020-02-03,21,‚»‚Μ‘Ό,‚»‚Μ‘Ό,{ω‚Ή‚Έ,‚Θ‚µ
ή“,Τγ‚Λ‚η‚Ά,“μηZ,“μηZ”ª’–Ϊπ”Τ,131181,“‹“s,rμ‹ζ,“μηZ‚W’–Ϊ,2020-01-09,16,‚»‚Μ‘Ό,‚»‚Μ‘Ό,{ω‚Ή‚Έ,‚Θ‚µ
ή“,Τγ‚Λ‚η‚Ά,“μηZ,“μηZ”ª’–Ϊπ”Τ,131181,“‹“s,rμ‹ζ,“μηZ‚W’–Ϊ,2020-03-27,14,“ΉHγ,‚»‚Μ‘Ό,{ω‚Ή‚Έ,‚ ‚θ
ή“,Τγ‚Λ‚η‚Ά,“μηZ,“μηZO’–Ϊπ”Τ,131181,“‹“s,rμ‹ζ,“μηZ‚Q’–Ϊ,2020-08-12,14,κΛZ‘ξ,’“Τi—Φjκ,{ω‚Ή‚Έ,‚Θ‚µ
ή“,Τγ‚Λ‚η‚Ά,“μηZ,“μηZO’–Ϊπ”Τ,131181,“‹“s,rμ‹ζ,“μηZ‚Q’–Ϊ,2020-10-20,08,’“Τi—Φjκ,’“Τi—Φjκ,{ω‚Ή‚Έ,‚ ‚θ
ή“,Τγ‚Λ‚η‚Ά,rμ,O‰Ν“‡‰w‘Oπ”Τ,131181,“‹“s,rμ‹ζ,rμ‚R’–Ϊ,2020-10-27,07,“ΉHγ,‚»‚Μ‘Ό,{ω‚Ή‚Έ,‚ ‚θ
ή“,Τγ‚Λ‚η‚Ά,rμ,O‰Ν“‡‰w‘Oπ”Τ,131181,“‹“s,rμ‹ζ,rμ‚R’–Ϊ,2020-11-23,16,‚SK‚ΔΘγ‹¤“―Z‘ξ,’“Τi—Φjκ,{ω‚Ή‚Έ,‚ ‚θ
ή“,Τγ‚Λ‚η‚Ά,rμ,O‰Ν“‡‰w‘Oπ”Τ,131181,“‹“s,rμ‹ζ,““ϊ•ι—Ά‚R’–Ϊ,2020-03-25,15,“ΉHγ,‚»‚Μ‘Ό,{ω‚Ή‚Έ,‚ ‚θ
ή“,Τγ‚Λ‚η‚Ά,rμ,““ϊ•ι—Άπ”Τ,131181,“‹“s,rμ‹ζ,rμ‚P’–Ϊ,2020-04-17,13,’“Τi—Φjκ,’“Τi—Φjκ,{ω‚Ή‚Έ,‚Θ‚µ
ή“,Τγ‚Λ‚η‚Ά,rμ,““ϊ•ι—Άπ”Τ,131181,“‹“s,rμ‹ζ,““ϊ•ι—Ά‚S’–Ϊ,2020-03-04,13,“ΉHγ,‚»‚Μ‘Ό,{ω‚Ή‚Έ,‚ ‚θ
ή“,Τγ‚Λ‚η‚Ά,rμ,’¬‰®π”Τ,131181,“‹“s,rμ‹ζ,rμ‚U’–Ϊ,2020-08-18,19,‚SK‚ΔΘγ‹¤“―Z‘ξ,’“Τi—Φjκ,{ω‚Ή‚Έ,‚ ‚θ
ή“,Τγ‚Λ‚η‚Ά,rμ,’¬‰®π”Τ,131181,“‹“s,rμ‹ζ,’¬‰®‚Q’–Ϊ,2020-07-01,16,“ΉHγ,‚»‚Μ‘Ό,{ω‚Ή‚Έ,‚Θ‚µ
ή“,Τγ‚Λ‚η‚Ά,rμ,’¬‰®π”Τ,131181,“‹“s,rμ‹ζ,’¬‰®‚Q’–Ϊ,2020-11-06,16,“ΉHγ,‚»‚Μ‘Ό,{ω‚Ή‚Έ,‚ ‚θ
ή“,Τγ‚Λ‚η‚Ά,rμ,’¬‰®π”Τ,131181,“‹“s,rμ‹ζ,’¬‰®‚R’–Ϊ,2020-01-01,17,‚»‚Μ‘Ό‚ΜZ‘ξi‚RK‚ΔΘ‰Ί‹¤“―Z‘ξ“™j,’“Τi—Φjκ,{ω‚Ή‚Έ,‚ ‚θ
ή“,Τγ‚Λ‚η‚Ά,rμ,’¬‰®π”Τ,131181,“‹“s,rμ‹ζ,’¬‰®‚S’–Ϊ,2020-12-11,16,κΛZ‘ξ,’“Τi—Φjκ,{ω‚Ή‚Έ,‚ ‚θ
ή“,Τγ‚Λ‚η‚Ά,rμ,rμά’–Ϊπ”Τ,131181,“‹“s,rμ‹ζ,rμ‚P’–Ϊ,2020-08-13,08,’“Τi—Φjκ,’“Τi—Φjκ,{ω‚Ή‚Έ,‚ ‚θ
ή“,Τγ‚Λ‚η‚Ά,rμ,rμά’–Ϊπ”Τ,131181,“‹“s,rμ‹ζ,rμ‚V’–Ϊ,2020-07-27,08,‚»‚Μ‘Ό,’“Τi—Φjκ,{ω‚Ή‚Έ,‚Θ‚µ
ή“,Τγ‚Λ‚η‚Ά,rμ,rμά’–Ϊπ”Τ,131181,“‹“s,rμ‹ζ,rμ‚V’–Ϊ,2020-10-28,19,“ΉHγ,‚»‚Μ‘Ό,{ω‚Ή‚Έ,‚ ‚θ
ή“,Τγ‚Λ‚η‚Ά,rμ,Ό“ϊ•ι—ΆZ’–Ϊπ”Τ,131181,“‹“s,rμ‹ζ,Ό“ϊ•ι—Ά‚P’–Ϊ,2020-03-16,09,“ΉHγ,‚»‚Μ‘Ό,{ω‚Ή‚Έ,‚Θ‚µ
ή“,Τγ‚Λ‚η‚Ά,rμ,Ό“ϊ•ι—ΆZ’–Ϊπ”Τ,131181,“‹“s,rμ‹ζ,Ό“ϊ•ι—Ά‚P’–Ϊ,2020-05-05,22,“ΉHγ,‚»‚Μ‘Ό,{ω‚Ή‚Έ,‚ ‚θ
ή“,Τγ‚Λ‚η‚Ά,rμ,“ϊ•ι—Ά‰w‘Oπ”Τ,131181,“‹“s,rμ‹ζ,““ϊ•ι—Ά‚S’–Ϊ,2020-01-24,15,“ΉHγ,‚»‚Μ‘Ό,{ω‚Ή‚Έ,‚ ‚θ
ή“,Τγ‚Λ‚η‚Ά,rμ,“ϊ•ι—Ά‰w‘Oπ”Τ,131181,“‹“s,rμ‹ζ,““ϊ•ι—Ά‚S’–Ϊ,2020-03-28,10,“ΉHγ,‚»‚Μ‘Ό,{ω‚Ή‚Έ,‚ ‚θ
ή“,Τγ‚Λ‚η‚Ά,rμ,“ϊ•ι—Ά‰w‘Oπ”Τ,131181,“‹“s,rμ‹ζ,““ϊ•ι—Ά‚T’–Ϊ,2020-04-18,16,‚SK‚ΔΘγ‹¤“―Z‘ξ,’“Τi—Φjκ,{ω‚Ή‚Έ,‚ ‚θ
ή“,Τγ‚Λ‚η‚Ά,rμ,“ϊ•ι—Ά‰w‘Oπ”Τ,131181,“‹“s,rμ‹ζ,““ϊ•ι—Ά‚T’–Ϊ,2020-11-05,22,‚»‚Μ‘Ό‚ΜZ‘ξi‚RK‚ΔΘ‰Ί‹¤“―Z‘ξ“™j,’“Τi—Φjκ,{ω‚Ή‚Έ,‚ ‚θ
ή“,Τγ‚Λ‚η‚Ά,rμ,Ό“ϊ•ι—Ά‰w‘Oπ”Τ,131181,“‹“s,rμ‹ζ,Ό“ϊ•ι—Ά‚S’–Ϊ,2020-09-10,21,“ΉHγ,‚»‚Μ‘Ό,{ω‚Ή‚Έ,‚ ‚θ
ή“,Τγ‚Λ‚η‚Ά,ηZ,–kηZ‰wΌϋπ”Τ,131211,“‹“s,‘«—§‹ζ,ηZ‚P’–Ϊ,2020-03-11,12,‚»‚Μ‘Ό,’“Τi—Φjκ,{ω‚Ή‚Έ,‚ ‚θ
ή“,Τγ‚Λ‚η‚Ά,ηZ,–kηZ‰wΌϋπ”Τ,131211,“‹“s,‘«—§‹ζ,ηZ‚P’–Ϊ,2020-09-15,05,“ΉHγ,‚»‚Μ‘Ό,{ω‚Ή‚Έ,‚ ‚θ
ή“,Τγ‚Λ‚η‚Ά,ηZ,–kηZ‰wΌϋπ”Τ,131211,“‹“s,‘«—§‹ζ,ηZ‚Q’–Ϊ,2020-07-07,16,“ΉHγ,‚»‚Μ‘Ό,{ω‚Ή‚Έ,‚Θ‚µ
ή“,Τγ‚Λ‚η‚Ά,ηZ,ηZl’–Ϊπ”Τ,131211,“‹“s,‘«—§‹ζ,ηZ‘εμ’¬,2020-05-24,21,‚»‚Μ‘Ό,‚»‚Μ‘Ό,{ω‚Ή‚Έ,‚ ‚θ
ή“,Τγ‚Λ‚η‚Ά,ηZ,χ–Ψ’¬π”Τ,131211,“‹“s,‘«—§‹ζ,ηZ³’¬,2020-10-26,22,’“Τi—Φjκ,’“Τi—Φjκ,{ω‚Ή‚Έ,‚Θ‚µ
ή“,Τγ‚Λ‚η‚Ά,ηZ,χ–Ψ’¬π”Τ,131211,“‹“s,‘«—§‹ζ,ηZχ–Ψ‚P’–Ϊ,2020-04-22,17,“ΉHγ,‚»‚Μ‘Ό,{ω‚Ή‚Έ,‚ ‚θ
ή“,Τγ‚Λ‚η‚Ά,ηZ,—Ξ’¬π”Τ,131211,“‹“s,‘«—§‹ζ,ηZ—Ξ’¬‚P’–Ϊ,2020-05-31,20,‚»‚Μ‘Ό‚ΜZ‘ξi‚RK‚ΔΘ‰Ί‹¤“―Z‘ξ“™j,’“Τi—Φjκ,{ω‚Ή‚Έ,‚ ‚θ
ή“,Τγ‚Λ‚η‚Ά,ηZ,—Ξ’¬π”Τ,131211,“‹“s,‘«—§‹ζ,ηZ—Ξ’¬‚Q’–Ϊ,2020-02-01,19,“ΉHγ,‚»‚Μ‘Ό,{ω‚Ή‚Έ,‚Θ‚µ
ή“,Τγ‚Λ‚η‚Ά,ηZ,—Ξ’¬π”Τ,131211,“‹“s,‘«—§‹ζ,ηZ—Ξ’¬‚R’–Ϊ,2020-04-18,18,“ΉHγ,‚»‚Μ‘Ό,{ω‚Ή‚Έ,‚Θ‚µ
ή“,Τγ‚Λ‚η‚Ά,ηZ,–kηZ‰w“ϋπ”Τ,131211,“‹“s,‘«—§‹ζ,ηZ®’¬,2020-01-06,11,‚»‚Μ‘Ό,‚»‚Μ‘Ό,{ω‚Ή‚Έ,‚Θ‚µ
ή“,Τγ‚Λ‚η‚Ά,ηZ,–kηZ‰w“ϋπ”Τ,131211,“‹“s,‘«—§‹ζ,ηZ®’¬,2020-07-31,17,“ΉHγ,‚»‚Μ‘Ό,{ω‚Ή‚Έ,‚ ‚θ
ή“,Τγ‚Λ‚η‚Ά,ηZ,–kηZ‰w“ϋπ”Τ,131211,“‹“s,‘«—§‹ζ,“ϊƒmo’¬,2020-08-05,10,“ΉHγ,‚»‚Μ‘Ό,{ω‚Ή‚Έ,‚Θ‚µ
ή“,Τγ‚Λ‚η‚Ά,ηZ,–kηZ‰w“ϋπ”Τ,131211,“‹“s,‘«—§‹ζ,–φ΄‚Q’–Ϊ,2020-05-22,21,‚»‚Μ‘Ό,‚»‚Μ‘Ό,{ω‚Ή‚Έ,‚ ‚θ
ή“,Τγ‚Λ‚η‚Ά,ΌVδ,”~“cκ’–Ϊπ”Τ,131211,“‹“s,‘«—§‹ζ,”~“c‚R’–Ϊ,2020-02-08,13,“ΉHγ,‚»‚Μ‘Ό,{ω‚Ή‚Έ,‚ ‚θ
ή“,Τγ‚Λ‚η‚Ά,ΌVδ,”~“cκ’–Ϊπ”Τ,131211,“‹“s,‘«—§‹ζ,”~“c‚P’–Ϊ,2020-03-07,20,‚»‚Μ‘Ό‚ΜZ‘ξi‚RK‚ΔΘ‰Ί‹¤“―Z‘ξ“™j,‚»‚Μ‘Ό,{ω‚Ή‚Έ,‚ ‚θ
ή“,Τγ‚Λ‚η‚Ά,ΌVδ,”~“cκ’–Ϊπ”Τ,131211,“‹“s,‘«—§‹ζ,”~“c‚Q’–Ϊ,2020-09-11,07,“ΉHγ,‚»‚Μ‘Ό,{ω‚Ή‚Έ,‚ ‚θ
ή“,Τγ‚Λ‚η‚Ά,ΌVδ,”~“cκ’–Ϊπ”Τ,131211,“‹“s,‘«—§‹ζ,”~“c‚R’–Ϊ,2020-01-10,14,“ΉHγ,‚»‚Μ‘Ό,{ω‚Ή‚Έ,‚ ‚θ
ή“,Τγ‚Λ‚η‚Ά,ΌVδ,”~“cκ’–Ϊπ”Τ,131211,“‹“s,‘«—§‹ζ,”~“c‚S’–Ϊ,2020-06-26,14,“ΉHγ,‚»‚Μ‘Ό,{ω‚Ή‚Έ,‚ ‚θ
ή“,Τγ‚Λ‚η‚Ά,ΌVδ,”~“cµ’–Ϊπ”Τ,131211,“‹“s,‘«—§‹ζ,”~“‡‚Q’–Ϊ,2020-08-22,11,“ΉHγ,‚»‚Μ‘Ό,{ω‚Ή‚Έ,‚ ‚θ
ή“,Τγ‚Λ‚η‚Ά,ΌVδ,”~“cµ’–Ϊπ”Τ,131211,“‹“s,‘«—§‹ζ,”~“c‚U’–Ϊ,2020-06-04,07,’“Τi—Φjκ,’“Τi—Φjκ,{ω‚Ή‚Έ,‚Θ‚µ
ή“,Τγ‚Λ‚η‚Ά,ΌVδ,”~“cµ’–Ϊπ”Τ,131211,“‹“s,‘«—§‹ζ,”~“c‚U’–Ϊ,2020-09-16,15,“ΉHγ,‚»‚Μ‘Ό,{ω‚Ή‚Έ,‚ ‚θ
ή“,Τγ‚Λ‚η‚Ά,ΌVδ,‘εt‘Oπ”Τ,131211,“‹“s,‘«—§‹ζ,ΌVδ–{’¬‚P’–Ϊ,2020-03-05,20,“ΉHγ,‚»‚Μ‘Ό,{ω‚Ή‚Έ,‚Θ‚µ
ή“,Τγ‚Λ‚η‚Ά,ΌVδ,‘εt‘Oπ”Τ,131211,“‹“s,‘«—§‹ζ,ΌVδ–{’¬‚Q’–Ϊ,2019-12-25,21,‚»‚Μ‘Ό,’“Τi—Φjκ,{ω‚Ή‚Έ,‚Θ‚µ
ή“,Τγ‚Λ‚η‚Ά,ΌVδ,‘εt‘Oπ”Τ,131211,“‹“s,‘«—§‹ζ,ΌVδ–{’¬‚Q’–Ϊ,2020-05-07,10,‚»‚Μ‘Ό,’“Τi—Φjκ,{ω‚Ή‚Έ,‚Θ‚µ
ή“,Τγ‚Λ‚η‚Ά,ΌVδ,‘εt‘Oπ”Τ,131211,“‹“s,‘«—§‹ζ,ΌVδ–{’¬‚Q’–Ϊ,2020-07-11,08,“ΉHγ,‚»‚Μ‘Ό,{ω‚Ή‚Έ,‚Θ‚µ
ή“,Τγ‚Λ‚η‚Ά,ΌVδ,‘εt‘Oπ”Τ,131211,“‹“s,‘«—§‹ζ,ΌVδ–{’¬‚Q’–Ϊ,2020-11-10,17,‚»‚Μ‘Ό,’“Τi—Φjκ,{ω‚Ή‚Έ,‚Θ‚µ
ή“,Τγ‚Λ‚η‚Ά,ΌVδ,ΌVδ‰w‘Oπ”Τ,131211,“‹“s,‘«—§‹ζ,ΌVδ‰h’¬‚P’–Ϊ,2020-01-12,19,‚»‚Μ‘Ό,’“Τi—Φjκ,{ω‚Ή‚Έ,‚Θ‚µ
ή“,Τγ‚Λ‚η‚Ά,ΌVδ,ΌVδ‰w‘Oπ”Τ,131211,“‹“s,‘«—§‹ζ,ΌVδ‰h’¬‚P’–Ϊ,2020-01-18,20,‚»‚Μ‘Ό,’“Τi—Φjκ,{ω‚Ή‚Έ,‚Θ‚µ
ή“,Τγ‚Λ‚η‚Ά,ΌVδ,ΌVδ‰w‘Oπ”Τ,131211,“‹“s,‘«—§‹ζ,ΌVδ‰h’¬‚P’–Ϊ,2020-03-22,16,‚»‚Μ‘Ό,’“Τi—Φjκ,{ω‚Ή‚Έ,‚Θ‚µ
ή“,Τγ‚Λ‚η‚Ά,ΌVδ,ΌVδ‰w‘Oπ”Τ,131211,“‹“s,‘«—§‹ζ,ΌVδ‰h’¬‚P’–Ϊ,2020-07-25,17,‚SK‚ΔΘγ‹¤“―Z‘ξ,‚»‚Μ‘Ό,{ω‚Ή‚Έ,‚Θ‚µ
ή“,Τγ‚Λ‚η‚Ά,ΌVδ,ΌVδ‰w‘Oπ”Τ,131211,“‹“s,‘«—§‹ζ,ΌVδ‰h’¬‚P’–Ϊ,2020-07-25,18,‚SK‚ΔΘγ‹¤“―Z‘ξ,‚»‚Μ‘Ό,{ω‚Ή‚Έ,‚ ‚θ
ή“,Τγ‚Λ‚η‚Ά,ΌVδ,ΌVδ‰w‘Oπ”Τ,131211,“‹“s,‘«—§‹ζ,ΌVδ‰h’¬‚P’–Ϊ,2020-08-08,14,‚SK‚ΔΘγ‹¤“―Z‘ξ,‚»‚Μ‘Ό,{ω‚Ή‚Έ,‚ ‚θ
ή“,Τγ‚Λ‚η‚Ά,ΌVδ,ΌVδ‰w‘Oπ”Τ,131211,“‹“s,‘«—§‹ζ,ΌVδ‰h’¬‚P’–Ϊ,2020-12-05,18,‚»‚Μ‘Ό,’“Τi—Φjκ,{ω‚Ή‚Έ,‚Θ‚µ
ή“,Τγ‚Λ‚η‚Ά,ΌVδ,ΌVδ‰w‘Oπ”Τ,131211,“‹“s,‘«—§‹ζ,ΌVδ‰h’¬‚P’–Ϊ,2020-12-05,20,‚»‚Μ‘Ό,’“Τi—Φjκ,{ω‚Ή‚Έ,‚Θ‚µ
ή“,Τγ‚Λ‚η‚Ά,ΌVδ,ΌVδ‰w‘Oπ”Τ,131211,“‹“s,‘«—§‹ζ,ΌVδ‰h’¬‚Q’–Ϊ,2020-07-13,17,’“Τi—Φjκ,’“Τi—Φjκ,{ω‚Ή‚Έ,‚Θ‚µ
ή“,Τγ‚Λ‚η‚Ά,ΌVδ,ΌVδ‰w‘Oπ”Τ,131211,“‹“s,‘«—§‹ζ,ΌVδ‰h’¬‚R’–Ϊ,2020-09-20,12,‚»‚Μ‘Ό‚ΜZ‘ξi‚RK‚ΔΘ‰Ί‹¤“―Z‘ξ“™j,’“Τi—Φjκ,{ω‚Ή‚Έ,‚ ‚θ
ή“,Τγ‚Λ‚η‚Ά,ΌVδ,Φ΄O’–Ϊπ”Τ,131211,“‹“s,‘«—§‹ζ,Φ΄‚Q’–Ϊ,2020-08-31,13,‚»‚Μ‘Ό,’“Τi—Φjκ,{ω‚Ή‚Έ,‚Θ‚µ
ή“,Τγ‚Λ‚η‚Ά,ΌVδ,–{–Ψπ”Τ,131211,“‹“s,‘«—§‹ζ,–{–Ψ‚Q’–Ϊ,2020-05-22,08,‚»‚Μ‘Ό,’“Τi—Φjκ,{ω‚Ή‚Έ,‚ ‚θ
ή“,Τγ‚Λ‚η‚Ά,ΌVδ,–{–Ψπ”Τ,131211,“‹“s,‘«—§‹ζ,–{–Ψ“μ’¬,2020-06-21,17,‚»‚Μ‘Ό‚ΜZ‘ξi‚RK‚ΔΘ‰Ί‹¤“―Z‘ξ“™j,‚»‚Μ‘Ό,{ω‚Ή‚Έ,‚ ‚θ
ή“,Τγ‚Λ‚η‚Ά,ΌVδ,]–kπ”Τ,131211,“‹“s,‘«—§‹ζ,]–k‚R’–Ϊ,2020-05-21,15,“ΉHγ,‚»‚Μ‘Ό,{ω‚Ή‚Έ,‚ ‚θ
ή“,Τγ‚Λ‚η‚Ά,ΌVδ,]–kπ”Τ,131211,“‹“s,‘«—§‹ζ,]–k‚R’–Ϊ,2020-06-03,14,’“Τi—Φjκ,’“Τi—Φjκ,{ω‚Ή‚Έ,‚ ‚θ
ή“,Τγ‚Λ‚η‚Ά,ΌVδ,“‡ªπ”Τ,131211,“‹“s,‘«—§‹ζ,I΄‚S’–Ϊ,2020-08-01,15,‚»‚Μ‘Ό,’“Τi—Φjκ,{ω‚Ή‚Έ,‚Θ‚µ
ή“,Τγ‚Λ‚η‚Ά,ΌVδ,“‡ªπ”Τ,131211,“‹“s,‘«—§‹ζ,“‡ª‚Q’–Ϊ,2020-03-25,00,“ΉHγ,‚»‚Μ‘Ό,{ω‚Ή‚Έ,‚ ‚θ
ή“,Τγ‚Λ‚η‚Ά,ΌVδ,“‡ªπ”Τ,131211,“‹“s,‘«—§‹ζ,“‡ª‚Q’–Ϊ,2020-05-29,17,‚SK‚ΔΘγ‹¤“―Z‘ξ,’“Τi—Φjκ,{ω‚Ή‚Έ,‚ ‚θ
ή“,Τγ‚Λ‚η‚Ά,ΌVδ,“‡ªπ”Τ,131211,“‹“s,‘«—§‹ζ,“‡ª‚Q’–Ϊ,2020-07-07,20,“ΉHγ,‚»‚Μ‘Ό,{ω‚Ή‚Έ,‚ ‚θ
ή“,Τγ‚Λ‚η‚Ά,ΌVδ,“‡ªπ”Τ,131211,“‹“s,‘«—§‹ζ,Z‚P’–Ϊ,2020-02-03,17,“ΉHγ,‚»‚Μ‘Ό,{ω‚Ή‚Έ,‚ ‚θ
ή“,Τγ‚Λ‚η‚Ά,ΌVδ,“‡ªπ”Τ,131211,“‹“s,‘«—§‹ζ,Z‚P’–Ϊ,2020-02-03,20,’“Τi—Φjκ,’“Τi—Φjκ,{ω‚Ή‚Έ,‚Θ‚µ
ή“,Τγ‚Λ‚η‚Ά,ΌVδ,“‡ªπ”Τ,131211,“‹“s,‘«—§‹ζ,Z‚Q’–Ϊ,2020-04-16,10,‚»‚Μ‘Ό‚ΜZ‘ξi‚RK‚ΔΘ‰Ί‹¤“―Z‘ξ“™j,‚»‚Μ‘Ό,{ω‚Ή‚Έ,‚ ‚θ
ή“,Τγ‚Λ‚η‚Ά,ΌVδ,Mΐπ”Τ,131211,“‹“s,‘«—§‹ζ,‰Α‰κ‚P’–Ϊ,2020-05-14,15,‚»‚Μ‘Ό,’“Τi—Φjκ,{ω‚Ή‚Έ,‚Θ‚µ
ή“,Τγ‚Λ‚η‚Ά,ΌVδ,Mΐπ”Τ,131211,“‹“s,‘«—§‹ζ,]–k‚V’–Ϊ,2020-09-10,15,“ΉHγ,‚»‚Μ‘Ό,{ω‚Ή‚Έ,‚ ‚θ
ή“,Τγ‚Λ‚η‚Ά,ΌVδ,Mΐπ”Τ,131211,“‹“s,‘«—§‹ζ,Mΐ‚R’–Ϊ,2020-05-30,16,‚»‚Μ‘Ό,‚»‚Μ‘Ό,{ω‚Ή‚Έ,‚Θ‚µ
ή“,Τγ‚Λ‚η‚Ά,ΌVδ,Mΐπ”Τ,131211,“‹“s,‘«—§‹ζ,Mΐ‚R’–Ϊ,2020-10-19,20,‚»‚Μ‘Ό,’“Τi—Φjκ,{ω‚Ή‚Έ,‚Θ‚µ
ή“,Τγ‚Λ‚η‚Ά,ΌVδ,Mΐπ”Τ,131211,“‹“s,‘«—§‹ζ,­•l‚V’–Ϊ,2020-10-18,19,‚»‚Μ‘Ό,’“Τi—Φjκ,{ω‚Ή‚Έ,‚Θ‚µ
ή“,Τγ‚Λ‚η‚Ά,ΌVδ,V“c’“έ,131211,“‹“s,‘«—§‹ζ,V“c‚P’–Ϊ,2020-01-31,19,‚»‚Μ‘Ό,’“Τi—Φjκ,{ω‚Ή‚Έ,‚Θ‚µ
ή“,Τγ‚Λ‚η‚Ά,ΌVδ,V“c’“έ,131211,“‹“s,‘«—§‹ζ,V“c‚P’–Ϊ,2020-11-18,08,’“Τi—Φjκ,’“Τi—Φjκ,{ω‚Ή‚Έ,‚Θ‚µ
ή“,Τγ‚Λ‚η‚Ά,ΌVδ,V“c’“έ,131211,“‹“s,‘«—§‹ζ,V“c‚R’–Ϊ,2020-07-19,10,‚»‚Μ‘Ό,’“Τi—Φjκ,{ω‚Ή‚Έ,‚ ‚θ
ή“,Τγ‚Λ‚η‚Ά,ΌVδ,ΌVδά’–Ϊπ”Τ,131211,“‹“s,‘«—§‹ζ,ΌVδ‚R’–Ϊ,2020-03-23,14,‚»‚Μ‘Ό,‚»‚Μ‘Ό,{ω‚Ή‚Έ,‚ ‚θ
ή“,Τγ‚Λ‚η‚Ά,ΌVδ,ΌVδά’–Ϊπ”Τ,131211,“‹“s,‘«—§‹ζ,ΌVδ‚T’–Ϊ,2020-04-02,14,‚»‚Μ‘Ό,‚»‚Μ‘Ό,{ω‚Ή‚Έ,‚ ‚θ
ή“,Τγ‚Λ‚η‚Ά,ΌVδ,ΌVδά’–Ϊπ”Τ,131211,“‹“s,‘«—§‹ζ,’Jέ‰Ζ‚P’–Ϊ,2020-07-24,06,’“Τi—Φjκ,’“Τi—Φjκ,{ω‚Ή‚Έ,‚Θ‚µ
ή“,Τγ‚Λ‚η‚Ά,ΌVδ,ΌVδά’–Ϊπ”Τ,131211,“‹“s,‘«—§‹ζ,’Jέ‰Ζ‚P’–Ϊ,2020-08-28,09,“ΉHγ,‚»‚Μ‘Ό,{ω‚Ή‚Έ,‚ ‚θ
ή“,Τγ‚Λ‚η‚Ά,ΌVδ,ξπ”Τ,131211,“‹“s,‘«—§‹ζ,ξ‚R’–Ϊ,2020-03-13,14,‚»‚Μ‘Ό,’“Τi—Φjκ,{ω‚Ή‚Έ,‚Θ‚µ
ή“,Τγ‚Λ‚η‚Ά,»£,‘ε’J“cπ”Τ,131211,“‹“s,‘«—§‹ζ,‘ε’J“c‚P’–Ϊ,2020-03-16,17,‚SK‚ΔΘγ‹¤“―Z‘ξ,‚»‚Μ‘Ό,{ω‚Ή‚Έ,‚Θ‚µ
ή“,Τγ‚Λ‚η‚Ά,»£,‘ε’J“cπ”Τ,131211,“‹“s,‘«—§‹ζ,‘ε’J“c‚T’–Ϊ,2020-08-23,22,‚SK‚ΔΘγ‹¤“―Z‘ξ,’“Τi—Φjκ,{ω‚Ή‚Έ,‚ ‚θ
ή“,Τγ‚Λ‚η‚Ά,»£,’†μπ”Τ,131211,“‹“s,‘«—§‹ζ,’†μ‚P’–Ϊ,2020-02-03,23,“ΉHγ,‚»‚Μ‘Ό,{ω‚Ή‚Έ,‚Θ‚µ
ή“,Τγ‚Λ‚η‚Ά,»£,’†μπ”Τ,131211,“‹“s,‘«—§‹ζ,’†μ‚T’–Ϊ,2020-01-30,16,‚»‚Μ‘Ό,‚»‚Μ‘Ό,{ω‚Ή‚Έ,‚ ‚θ
ή“,Τγ‚Λ‚η‚Ά,»£,’†μπ”Τ,131211,“‹“s,‘«—§‹ζ,’†μ‚T’–Ϊ,2020-02-05,16,‚»‚Μ‘Ό,‚»‚Μ‘Ό,{ω‚Ή‚Έ,‚ ‚θ
ή“,Τγ‚Λ‚η‚Ά,»£,’†μπ”Τ,131211,“‹“s,‘«—§‹ζ,’†μ‚T’–Ϊ,2020-02-07,18,‚»‚Μ‘Ό,’“Τi—Φjκ,{ω‚Ή‚Έ,‚ ‚θ
ή“,Τγ‚Λ‚η‚Ά,»£,’†μπ”Τ,131211,“‹“s,‘«—§‹ζ,’†μ‚T’–Ϊ,2020-02-11,13,‚»‚Μ‘Ό,’“Τi—Φjκ,{ω‚Ή‚Έ,‚ ‚θ
ή“,Τγ‚Λ‚η‚Ά,»£,’†μπ”Τ,131211,“‹“s,‘«—§‹ζ,’†μ‚T’–Ϊ,2020-02-24,15,‚»‚Μ‘Ό,‚»‚Μ‘Ό,{ω‚Ή‚Έ,‚ ‚θ
ή“,Τγ‚Λ‚η‚Ά,»£,»£Z’–Ϊπ”Τ,131211,“‹“s,‘«—§‹ζ,‰Α•½‚P’–Ϊ,2020-03-07,22,’“Τi—Φjκ,’“Τi—Φjκ,{ω‚Ή‚Έ,‚Θ‚µ
ή“,Τγ‚Λ‚η‚Ά,»£,»£‰wΌϋπ”Τ,131211,“‹“s,‘«—§‹ζ,»£‚S’–Ϊ,2020-04-10,13,“ΉHγ,‚»‚Μ‘Ό,{ω‚Ή‚Έ,‚ ‚θ
ή“,Τγ‚Λ‚η‚Ά,»£,’†‰›–{’¬π”Τ,131211,“‹“s,‘«—§‹ζ,’†‰›–{’¬‚T’–Ϊ,2020-02-19,11,‚»‚Μ‘Ό,’“Τi—Φjκ,{ω‚Ή‚Έ,‚ ‚θ
ή“,Τγ‚Λ‚η‚Ά,»£,’†‰›–{’¬π”Τ,131211,“‹“s,‘«—§‹ζ,’†‰›–{’¬‚T’–Ϊ,2020-03-22,18,“ΉHγ,‚»‚Μ‘Ό,{ω‚Ή‚Έ,‚ ‚θ
ή“,Τγ‚Λ‚η‚Ά,»£,’†‰›–{’¬π”Τ,131211,“‹“s,‘«—§‹ζ,•Ϋ’Λ’¬,2020-10-04,21,‚»‚Μ‘Ό,’“Τi—Φjκ,{ω‚Ή‚Έ,‚Θ‚µ
ή“,Τγ‚Λ‚η‚Ά,»£,_–Ύπ”Τ,131211,“‹“s,‘«—§‹ζ,Z–Ψ‚P’–Ϊ,2020-11-14,01,‚SK‚ΔΘγ‹¤“―Z‘ξ,‚»‚Μ‘Ό,{ω‚Ή‚Έ,‚ ‚θ
ή“,Τγ‚Λ‚η‚Ά,»£,κƒc‰Ζπ”Τ,131211,“‹“s,‘«—§‹ζ,‰Α•½‚Q’–Ϊ,2020-02-05,15,‚»‚Μ‘Ό,‚»‚Μ‘Ό,{ω‚Ή‚Έ,‚ ‚θ
ή“,Τγ‚Λ‚η‚Ά,»£,κƒc‰Ζπ”Τ,131211,“‹“s,‘«—§‹ζ,‰Α•½‚Q’–Ϊ,2020-02-19,16,‚»‚Μ‘Ό,‚»‚Μ‘Ό,{ω‚Ή‚Έ,‚ ‚θ
ή“,Τγ‚Λ‚η‚Ά,»£,κƒc‰Ζπ”Τ,131211,“‹“s,‘«—§‹ζ,‰Α•½‚Q’–Ϊ,2020-02-19,17,‚»‚Μ‘Ό,‚»‚Μ‘Ό,{ω‚Ή‚Έ,‚ ‚θ
ή“,Τγ‚Λ‚η‚Ά,»£,κƒc‰Ζπ”Τ,131211,“‹“s,‘«—§‹ζ,‰Α•½‚Q’–Ϊ,2020-02-25,19,‚»‚Μ‘Ό,‚»‚Μ‘Ό,{ω‚Ή‚Έ,‚ ‚θ
ή“,Τγ‚Λ‚η‚Ά,»£,κƒc‰Ζπ”Τ,131211,“‹“s,‘«—§‹ζ,‰Α•½‚Q’–Ϊ,2020-02-27,18,‚»‚Μ‘Ό,‚»‚Μ‘Ό,{ω‚Ή‚Έ,‚ ‚θ
ή“,Τγ‚Λ‚η‚Ά,»£,‘«—§’“έ,131211,“‹“s,‘«—§‹ζ,‘«—§‚R’–Ϊ,2020-06-02,19,’“Τi—Φjκ,’“Τi—Φjκ,{ω‚Ή‚Έ,‚ ‚θ
ή“,Τγ‚Λ‚η‚Ά,»£,“aπ”Τ,131211,“‹“s,‘«—§‹ζ,“a‚P’–Ϊ,2020-05-01,07,‚»‚Μ‘Ό,‚»‚Μ‘Ό,{ω‚Ή‚Έ,‚ ‚θ
ή“,Τγ‚Λ‚η‚Ά,»£,“aπ”Τ,131211,“‹“s,‘«—§‹ζ,“a‚T’–Ϊ,2020-06-04,19,‚»‚Μ‘Ό,’“Τi—Φjκ,{ω‚Ή‚Έ,‚ ‚θ
ή“,Τγ‚Λ‚η‚Ά,»£,»£‰w“ϋπ”Τ,131211,“‹“s,‘«—§‹ζ,‘«—§‚Q’–Ϊ,2020-05-15,18,‚»‚Μ‘Ό‚ΜZ‘ξi‚RK‚ΔΘ‰Ί‹¤“―Z‘ξ“™j,‚»‚Μ‘Ό,{ω‚Ή‚Έ,‚Θ‚µ
ή“,Τγ‚Λ‚η‚Ά,»£,»£‰w“ϋπ”Τ,131211,“‹“s,‘«—§‹ζ,»£‚R’–Ϊ,2020-07-24,18,‚»‚Μ‘Ό,‚»‚Μ‘Ό,{ω‚Ή‚Έ,‚Θ‚µ
ή“,Τγ‚Λ‚η‚Ά,»£,»£‰w“ϋπ”Τ,131211,“‹“s,‘«—§‹ζ,»£‚T’–Ϊ,2020-05-10,17,‚»‚Μ‘Ό‚ΜZ‘ξi‚RK‚ΔΘ‰Ί‹¤“―Z‘ξ“™j,’“Τi—Φjκ,{ω‚Ή‚Έ,‚Θ‚µ
ή“,Τγ‚Λ‚η‚Ά,»£,»£‰w“ϋπ”Τ,131211,“‹“s,‘«—§‹ζ,“»£‚P’–Ϊ,2020-03-09,20,’“Τi—Φjκ,’“Τi—Φjκ,{ω‚Ή‚Έ,‚Θ‚µ
ή“,Τγ‚Λ‚η‚Ά,»£,»£‰w“ϋπ”Τ,131211,“‹“s,‘«—§‹ζ,“»£‚Q’–Ϊ,2020-09-23,07,’“Τi—Φjκ,’“Τi—Φjκ,{ω‚Ή‚Έ,‚Θ‚µ
ή“,Τγ‚Λ‚η‚Ά,’|‚Μ’Λ,‰Τ”¨–k’“έ,131211,“‹“s,‘«—§‹ζ,‰Τ”¨‚T’–Ϊ,2020-01-08,18,‚»‚Μ‘Ό,’“Τi—Φjκ,{ω‚Ή‚Έ,‚Θ‚µ
ή“,Τγ‚Λ‚η‚Ά,’|‚Μ’Λ,‰Τ”¨–k’“έ,131211,“‹“s,‘«—§‹ζ,‰Τ”¨‚T’–Ϊ,2020-01-31,16,‚»‚Μ‘Ό,’“Τi—Φjκ,{ω‚Ή‚Έ,‚Θ‚µ
ή“,Τγ‚Λ‚η‚Ά,’|‚Μ’Λ,‰Τ”¨π”Τ,131211,“‹“s,‘«—§‹ζ,‰Τ”¨‚V’–Ϊ,2020-09-18,09,‚»‚Μ‘Ό,‚»‚Μ‘Ό,{ω‚Ή‚Έ,‚Θ‚µ
ή“,Τγ‚Λ‚η‚Ά,’|‚Μ’Λ,•Ϋ–ΨΤπ”Τ,131211,“‹“s,‘«—§‹ζ,“μ‰Τ”¨‚T’–Ϊ,2020-07-10,01,‚SK‚ΔΘγ‹¤“―Z‘ξ,’“Τi—Φjκ,{ω‚Ή‚Έ,‚ ‚θ
ή“,Τγ‚Λ‚η‚Ά,’|‚Μ’Λ,Ό•Ϋ–ΨΤπ”Τ,131211,“‹“s,‘«—§‹ζ,‰Τ”¨‚S’–Ϊ,2020-11-08,11,‚»‚Μ‘Ό,’“Τi—Φjκ,{ω‚Ή‚Έ,‚ ‚θ
ή“,Τγ‚Λ‚η‚Ά,’|‚Μ’Λ,Ό•Ϋ–ΨΤπ”Τ,131211,“‹“s,‘«—§‹ζ,•Ϋ–ΨΤ‚S’–Ϊ,2020-03-09,18,’“Τi—Φjκ,’“Τi—Φjκ,{ω‚Ή‚Έ,‚Θ‚µ
ή“,Τγ‚Λ‚η‚Ά,’|‚Μ’Λ,Ό•Ϋ–ΨΤπ”Τ,131211,“‹“s,‘«—§‹ζ,•Ϋ–ΨΤ‚S’–Ϊ,2020-05-19,18,’“Τi—Φjκ,’“Τi—Φjκ,{ω‚Ή‚Έ,‚Θ‚µ
ή“,Τγ‚Λ‚η‚Ά,’|‚Μ’Λ,’|‚Μ’Λ‰w‘Oπ”Τ,131211,“‹“s,‘«—§‹ζ,’|‚Μ’Λ‚P’–Ϊ,2020-05-18,18,‚»‚Μ‘Ό,’“Τi—Φjκ,{ω‚Ή‚Έ,‚Θ‚µ
ή“,Τγ‚Λ‚η‚Ά,’|‚Μ’Λ,’|‚Μ’Λ‰w‘Oπ”Τ,131211,“‹“s,‘«—§‹ζ,’|‚Μ’Λ‚T’–Ϊ,2020-09-09,17,‚»‚Μ‘Ό,’“Τi—Φjκ,{ω‚Ή‚Έ,‚Θ‚µ
ή“,Τγ‚Λ‚η‚Ά,’|‚Μ’Λ,Ι‹»’¬π”Τ,131211,“‹“s,‘«—§‹ζ,Ι‹»‚T’–Ϊ,2020-05-23,13,‚»‚Μ‘Ό‚ΜZ‘ξi‚RK‚ΔΘ‰Ί‹¤“―Z‘ξ“™j,’“Τi—Φjκ,{ω‚Ή‚Έ,‚Θ‚µ
ή“,Τγ‚Λ‚η‚Ά,’|‚Μ’Λ,Ι‹»’¬π”Τ,131211,“‹“s,‘«—§‹ζ,“Ι‹»‚P’–Ϊ,2020-05-05,08,“ΉHγ,‚»‚Μ‘Ό,{ω‚Ή‚Έ,‚ ‚θ
ή“,Τγ‚Λ‚η‚Ά,’|‚Μ’Λ,“ό’J’¬π”Τ,131211,“‹“s,‘«—§‹ζ,“ό’J‚R’–Ϊ,2020-10-03,20,’“Τi—Φjκ,’“Τi—Φjκ,{ω‚Ή‚Έ,‚Θ‚µ
ή“,Τγ‚Λ‚η‚Ά,’|‚Μ’Λ,“ό’J’¬π”Τ,131211,“‹“s,‘«—§‹ζ,“ό’J‚T’–Ϊ,2020-09-03,20,‚»‚Μ‘Ό,’“Τi—Φjκ,{ω‚Ή‚Έ,‚Θ‚µ
ή“,Τγ‚Λ‚η‚Ά,’|‚Μ’Λ,“ό’J’¬π”Τ,131211,“‹“s,‘«—§‹ζ,“ό’J‚V’–Ϊ,2020-03-19,17,’“Τi—Φjκ,’“Τi—Φjκ,{ω‚Ή‚Έ,‚ ‚θ
ή“,Τγ‚Λ‚η‚Ά,’|‚Μ’Λ,Γη’J’“έ,131211,“‹“s,‘«—§‹ζ,Γη’J‚Q’–Ϊ,2020-03-23,14,‚»‚Μ‘Ό,‚»‚Μ‘Ό,{ω‚Ή‚Έ,‚ ‚θ
ή“,Τγ‚Λ‚η‚Ά,ι“,iJ‹΄π”Τ,131083,“‹“s,]“‹ζ,‘ε“‡‚P’–Ϊ,2020-03-07,20,“ΉHγ,‚»‚Μ‘Ό,{ω‚Ή‚Έ,‚ ‚θ
ή“,Τγ‚Λ‚η‚Ά,ι“,iJ‹΄π”Τ,131083,“‹“s,]“‹ζ,‘ε“‡‚S’–Ϊ,2020-05-06,11,’“Τi—Φjκ,’“Τi—Φjκ,{ω‚Ή‚Έ,‚Θ‚µ
ή“,Τγ‚Λ‚η‚Ά,ι“,iJ‹΄π”Τ,131083,“‹“s,]“‹ζ,‹TΛ‚R’–Ϊ,2020-08-21,13,“ΉHγ,‚»‚Μ‘Ό,{ω‚Ή‚Έ,‚ ‚θ
ή“,Τγ‚Λ‚η‚Ά,ι“,“ϊ‘‚‹΄π”Τ,131083,“‹“s,]“‹ζ,“μ»‚Q’–Ϊ,2020-05-13,13,‚SK‚ΔΘγ‹¤“―Z‘ξ,’“Τi—Φjκ,{ω‚Ή‚Έ,‚Θ‚µ
ή“,Τγ‚Λ‚η‚Ά,ι“,“ϊ‘‚‹΄π”Τ,131083,“‹“s,]“‹ζ,“μ»‚R’–Ϊ,2020-03-17,17,‚»‚Μ‘Ό,‚»‚Μ‘Ό,{ω‚Ή‚Έ,‚ ‚θ
ή“,Τγ‚Λ‚η‚Ά,ι“,‹Ό‹΄Όπ”Τ,131083,“‹“s,]“‹ζ,“»‚V’–Ϊ,2020-06-24,17,‚SK‚ΔΘγ‹¤“―Z‘ξ,’“Τi—Φjκ,{ω‚Ή‚Έ,‚Θ‚µ
ή“,Τγ‚Λ‚η‚Ά,ι“,»’¬π”Τ,131083,“‹“s,]“‹ζ,–k»‚P’–Ϊ,2020-10-21,15,‚»‚Μ‘Ό,’“Τi—Φjκ,{ω‚Ή‚Έ,‚Θ‚µ
ή“,Τγ‚Λ‚η‚Ά,ι“,»’¬π”Τ,131083,“‹“s,]“‹ζ,–k»‚S’–Ϊ,2020-05-25,16,“ΉHγ,‚»‚Μ‘Ό,{ω‚Ή‚Έ,‚ ‚θ
ή“,Τγ‚Λ‚η‚Ά,ι“,»’¬π”Τ,131083,“‹“s,]“‹ζ,–k»‚S’–Ϊ,2020-06-02,12,‚»‚Μ‘Ό,’“Τi—Φjκ,{ω‚Ή‚Έ,‚Θ‚µ
ή“,Τγ‚Λ‚η‚Ά,ι“,»’¬π”Τ,131083,“‹“s,]“‹ζ,–k»‚S’–Ϊ,2020-07-14,19,“ΉHγ,‚»‚Μ‘Ό,{ω‚Ή‚Έ,‚Θ‚µ
ή“,Τγ‚Λ‚η‚Ά,ι“,»’¬π”Τ,131083,“‹“s,]“‹ζ,–k»‚S’–Ϊ,2020-08-11,11,“ΉHγ,‚»‚Μ‘Ό,{ω‚Ή‚Έ,‚ ‚θ
ή“,Τγ‚Λ‚η‚Ά,ι“,–k»ά’–Ϊπ”Τ,131083,“‹“s,]“‹ζ,–k»‚R’–Ϊ,2020-05-29,18,‚»‚Μ‘Ό,‚»‚Μ‘Ό,{ω‚Ή‚Έ,‚Θ‚µ
ή“,Τγ‚Λ‚η‚Ά,ι“,–k»ά’–Ϊπ”Τ,131083,“‹“s,]“‹ζ,–k»‚R’–Ϊ,2020-11-13,15,‚»‚Μ‘Ό,’“Τi—Φjκ,{ω‚Ή‚Έ,‚Θ‚µ
ή“,Τγ‚Λ‚η‚Ά,ι“,–k»ά’–Ϊπ”Τ,131083,“‹“s,]“‹ζ,–k»‚T’–Ϊ,2020-01-29,14,“ΉHγ,‚»‚Μ‘Ό,{ω‚Ή‚Έ,‚ ‚θ
ή“,Τγ‚Λ‚η‚Ά,ι“,”Τ‹΄π”Τ,131083,“‹“s,]“‹ζ,–k»‚U’–Ϊ,2020-05-11,18,κΛZ‘ξ,’“Τi—Φjκ,{ω‚Ή‚Έ,‚ ‚θ
ή“,Τγ‚Λ‚η‚Ά,ι“,”Τ‹΄π”Τ,131083,“‹“s,]“‹ζ,“»‚P’–Ϊ,2020-04-21,10,‚»‚Μ‘Ό,’“Τi—Φjκ,{ω‚Ή‚Έ,‚Θ‚µ
ή“,Τγ‚Λ‚η‚Ά,ι“,”Τ‹΄π”Τ,131083,“‹“s,]“‹ζ,“»‚R’–Ϊ,2019-11-22,18,’“Τi—Φjκ,’“Τi—Φjκ,{ω‚Ή‚Έ,‚Θ‚µ
ή“,Τγ‚Λ‚η‚Ά,ι“,”Τ‹΄π”Τ,131083,“‹“s,]“‹ζ,“»‚R’–Ϊ,2019-11-22,18,’“Τi—Φjκ,’“Τi—Φjκ,{ω‚Ή‚Έ,‚Θ‚µ
ή“,Τγ‚Λ‚η‚Ά,ι“,”Τ‹΄π”Τ,131083,“‹“s,]“‹ζ,“»‚R’–Ϊ,2020-08-03,18,‚SK‚ΔΘγ‹¤“―Z‘ξ,’“Τi—Φjκ,{ω‚Ή‚Έ,‚ ‚θ
ή“,Τγ‚Λ‚η‚Ά,ι“,”Τ‹΄π”Τ,131083,“‹“s,]“‹ζ,“»‚R’–Ϊ,2020-12-22,07,‚SK‚ΔΘγ‹¤“―Z‘ξ,‚»‚Μ‘Ό,{ω‚Ή‚Έ,‚ ‚θ
ή“,Τγ‚Λ‚η‚Ά,ι“,‘ε“‡π”Τ,131083,“‹“s,]“‹ζ,‘ε“‡‚R’–Ϊ,2020-07-21,10,“ΉHγ,‚»‚Μ‘Ό,{ω‚Ή‚Έ,‚Θ‚µ
ή“,Τγ‚Λ‚η‚Ά,ι“,‘ε“‡π”Τ,131083,“‹“s,]“‹ζ,‘ε“‡‚U’–Ϊ,2020-05-03,15,“ΉHγ,‚»‚Μ‘Ό,{ω‚Ή‚Έ,‚ ‚θ
ή“,Τγ‚Λ‚η‚Ά,ι“,‘ε“‡π”Τ,131083,“‹“s,]“‹ζ,‘ε“‡‚U’–Ϊ,2020-05-23,15,“ΉHγ,‚»‚Μ‘Ό,{ω‚Ή‚Έ,‚ ‚θ
ή“,Τγ‚Λ‚η‚Ά,ι“,‘ε“‡π”Τ,131083,“‹“s,]“‹ζ,‘ε“‡‚U’–Ϊ,2020-09-05,10,‚SK‚ΔΘγ‹¤“―Z‘ξ,’“Τi—Φjκ,{ω‚Ή‚Έ,‚ ‚θ
ή“,Τγ‚Λ‚η‚Ά,ι“,‹TΛπ”Τ,131083,“‹“s,]“‹ζ,‹TΛ‚V’–Ϊ,2020-09-25,23,‚SK‚ΔΘγ‹¤“―Z‘ξ,’“Τi—Φjκ,{ω‚Ή‚Έ,‚ ‚θ
ή“,Τγ‚Λ‚η‚Ά,ι“,‹TΛπ”Τ,131083,“‹“s,]“‹ζ,‹TΛ‚X’–Ϊ,2020-09-24,17,‚»‚Μ‘Ό,’“Τi—Φjκ,{ω‚Ή‚Έ,‚Θ‚µ
ή“,Τγ‚Λ‚η‚Ά,ι“,“V_‹΄π”Τ,131083,“‹“s,]“‹ζ,‹TΛ‚Q’–Ϊ,2020-12-15,16,“ΉHγ,‚»‚Μ‘Ό,{ω‚Ή‚Έ,‚Θ‚µ
ή“,Τγ‚Λ‚η‚Ά,ι“,‹TΛ‰w‘Oπ”Τ,131083,“‹“s,]“‹ζ,‹TΛ‚T’–Ϊ,2020-06-01,12,“ΉHγ,‚»‚Μ‘Ό,{ω‚Ή‚Έ,‚Θ‚µ
ή“,Τγ‚Λ‚η‚Ά,ι“,‹TΛ‰w‘Oπ”Τ,131083,“‹“s,]“‹ζ,‹TΛ‚U’–Ϊ,2020-01-07,10,“ΉHγ,‚»‚Μ‘Ό,{ω‚Ή‚Έ,‚Θ‚µ
ή“,Τγ‚Λ‚η‚Ά,ι“,‹TΛ‰w‘Oπ”Τ,131083,“‹“s,]“‹ζ,‹TΛ‚U’–Ϊ,2020-01-15,22,“ΉHγ,‚»‚Μ‘Ό,{ω‚Ή‚Έ,‚ ‚θ
ή“,Τγ‚Λ‚η‚Ά,ι“,‹TΛ‰w‘Oπ”Τ,131083,“‹“s,]“‹ζ,‹TΛ‚U’–Ϊ,2020-09-26,12,‚»‚Μ‘Ό,‚»‚Μ‘Ό,{ω‚Ή‚Έ,‚ ‚θ
ή“,Τγ‚Λ‚η‚Ά,ι“,“‘ε“‡‰w‘Oπ”Τ,131083,“‹“s,]“‹ζ,‘ε“‡‚V’–Ϊ,2020-02-28,19,“ΉHγ,‚»‚Μ‘Ό,{ω‚Ή‚Έ,‚ ‚θ
ή“,Τγ‚Λ‚η‚Ά,ι“,“‘ε“‡‰w‘Oπ”Τ,131083,“‹“s,]“‹ζ,‘ε“‡‚W’–Ϊ,2020-09-04,16,‚»‚Μ‘Ό,‚»‚Μ‘Ό,{ω‚Ή‚Έ,‚Θ‚µ
ή“,Τγ‚Λ‚η‚Ά,–{,—Ό‘π”Τ,131075,“‹“s,–n“c‹ζ,—Ό‘‚R’–Ϊ,2019-11-18,17,‚»‚Μ‘Ό,’“Τi—Φjκ,{ω‚Ή‚Έ,‚Θ‚µ
ή“,Τγ‚Λ‚η‚Ά,–{,‹eμ“ρ’–Ϊπ”Τ,131075,“‹“s,–n“c‹ζ,‹eμ‚Q’–Ϊ,2020-03-31,22,’“Τi—Φjκ,’“Τi—Φjκ,{ω‚Ή‚Έ,‚Θ‚µ
ή“,Τγ‚Λ‚η‚Ά,–{,‹eμ“ρ’–Ϊπ”Τ,131075,“‹“s,–n“c‹ζ,‹eμ‚Q’–Ϊ,2020-04-02,07,“ΉHγ,‚»‚Μ‘Ό,{ω‚Ή‚Έ,‚ ‚θ
ή“,Τγ‚Λ‚η‚Ά,–{,‹eμ“ρ’–Ϊπ”Τ,131075,“‹“s,–n“c‹ζ,]“‹΄‚T’–Ϊ,2020-01-08,09,“ΉHγ,‚»‚Μ‘Ό,{ω‚Ή‚Έ,‚ ‚θ
ή“,Τγ‚Λ‚η‚Ά,–{,‹eμ“ρ’–Ϊπ”Τ,131075,“‹“s,–n“c‹ζ,]“‹΄‚T’–Ϊ,2020-11-14,15,‚»‚Μ‘Ό,’“Τi—Φjκ,{ω‚Ή‚Έ,‚Θ‚µ
ή“,Τγ‚Λ‚η‚Ά,–{,]“‹΄π”Τ,131075,“‹“s,–n“c‹ζ,—Ξ‚R’–Ϊ,2020-12-24,17,‚»‚Μ‘Ό,’“Τi—Φjκ,{ω‚Ή‚Έ,‚Θ‚µ
ή“,Τγ‚Λ‚η‚Ά,–{,‹Ρ…’¬‰w“μϋπ”Τ,131075,“‹“s,–n“c‹ζ,‹Ρ…‚P’–Ϊ,2020-02-28,20,’“Τi—Φjκ,’“Τi—Φjκ,{ω‚Ή‚Έ,‚ ‚θ
ή“,Τγ‚Λ‚η‚Ά,–{,‹Ρ…’¬‰w“μϋπ”Τ,131075,“‹“s,–n“c‹ζ,]“‹΄‚Q’–Ϊ,2020-04-19,00,‚»‚Μ‘Ό,‚»‚Μ‘Ό,{ω‚Ή‚Έ,‚ ‚θ
ή“,Τγ‚Λ‚η‚Ά,–{,‹Ρ…’¬‰w“μϋπ”Τ,131075,“‹“s,–n“c‹ζ,]“‹΄‚Q’–Ϊ,2020-05-17,02,’“Τi—Φjκ,’“Τi—Φjκ,{ω‚Ή‚Έ,‚ ‚θ
ή“,Τγ‚Λ‚η‚Ά,–{,‹Ρ…’¬‰w“μϋπ”Τ,131075,“‹“s,–n“c‹ζ,]“‹΄‚R’–Ϊ,2020-06-05,18,“ΉHγ,‚»‚Μ‘Ό,{ω‚Ή‚Έ,‚Θ‚µ
ή“,Τγ‚Λ‚η‚Ά,–{,‹Ρ…’¬‰w“μϋπ”Τ,131075,“‹“s,–n“c‹ζ,]“‹΄‚S’–Ϊ,2019-10-31,00,’“Τi—Φjκ,’“Τi—Φjκ,{ω‚Ή‚Έ,‚ ‚θ
ή“,Τγ‚Λ‚η‚Ά,–{,‹Ρ…’¬‰w“μϋπ”Τ,131075,“‹“s,–n“c‹ζ,]“‹΄‚S’–Ϊ,2020-08-19,21,’“Τi—Φjκ,’“Τi—Φjκ,{ω‚Ή‚Έ,‚Θ‚µ
ή“,Τγ‚Λ‚η‚Ά,–{,‹Ρ…’¬‰w“μϋπ”Τ,131075,“‹“s,–n“c‹ζ,]“‹΄‚T’–Ϊ,2020-07-26,20,“ΉHγ,‚»‚Μ‘Ό,{ω‚Ή‚Έ,‚Θ‚µ
ή“,Τγ‚Λ‚η‚Ά,–{,‹Ρ…’¬‰w–kϋπ”Τ,131075,“‹“s,–n“c‹ζ,‹Ρ…‚Q’–Ϊ,2020-11-20,00,‚»‚Μ‘Ό,‚»‚Μ‘Ό,{ω‚Ή‚Έ,‚Θ‚µ
ή“,Τγ‚Λ‚η‚Ά,–{,‹Ρ…’¬‰w–kϋπ”Τ,131075,“‹“s,–n“c‹ζ,‹Ρ…‚S’–Ϊ,2020-12-17,15,‚»‚Μ‘Ό,‚»‚Μ‘Ό,{ω‚Ή‚Έ,‚ ‚θ
ή“,Τγ‚Λ‚η‚Ά,–{,‹Ρ…’¬‰w–kϋπ”Τ,131075,“‹“s,–n“c‹ζ,‘Ύ•½‚P’–Ϊ,2020-02-13,01,‚»‚Μ‘Ό‚ΜZ‘ξi‚RK‚ΔΘ‰Ί‹¤“―Z‘ξ“™j,’“Τi—Φjκ,{ω‚Ή‚Έ,‚Θ‚µ
ή“,Τγ‚Λ‚η‚Ά,–{,‹Ρ…’¬‰w–kϋπ”Τ,131075,“‹“s,–n“c‹ζ,‘Ύ•½‚P’–Ϊ,2020-04-17,18,“ΉHγ,‚»‚Μ‘Ό,{ω‚Ή‚Έ,‚ ‚θ
ή“,Τγ‚Λ‚η‚Ά,–{,ό“‡π”Τ,131075,“‹“s,–n“c‹ζ,ό“‡‚P’–Ϊ,2020-05-11,16,“ΉHγ,‚»‚Μ‘Ό,{ω‚Ή‚Έ,‚ ‚θ
ή“,Τγ‚Λ‚η‚Ά,–{,Ξ΄O’–Ϊπ”Τ,131075,“‹“s,–n“c‹ζ,‹T‘ς‚Q’–Ϊ,2020-05-07,15,“ΉHγ,‚»‚Μ‘Ό,{ω‚Ή‚Έ,‚ ‚θ
ή“,Τγ‚Λ‚η‚Ά,–{,Ύ–βπ”Τ,131075,“‹“s,–n“c‹ζ,ό“‡‚R’–Ϊ,2020-03-18,09,“ΉHγ,‚»‚Μ‘Ό,{ω‚Ή‚Έ,‚ ‚θ
ή“,Τγ‚Λ‚η‚Ά,ό“‡,,,,,,2020-04-15,10,“ΉHγ,‚»‚Μ‘Ό,{ω‚Ή‚Έ,‚ ‚θ
ή“,Τγ‚Λ‚η‚Ά,ό“‡,•½δ‹΄π”Τ,131075,“‹“s,–n“c‹ζ,—§‰Τ‚R’–Ϊ,2020-05-10,18,“ΉHγ,‚»‚Μ‘Ό,{ω‚Ή‚Έ,‚Θ‚µ
ή“,Τγ‚Λ‚η‚Ά,ό“‡,¬‘Ίδπ”Τ,131075,“‹“s,–n“c‹ζ,—§‰Τ‚T’–Ϊ,2020-06-20,18,“ΉHγ,‚»‚Μ‘Ό,{ω‚Ή‚Έ,‚Θ‚µ
ή“,Τγ‚Λ‚η‚Ά,ό“‡,¬‘Ίδπ”Τ,131075,“‹“s,–n“c‹ζ,—§‰Τ‚T’–Ϊ,2020-11-18,13,“ΉHγ,‚»‚Μ‘Ό,{ω‚Ή‚Έ,‚ ‚θ
ή“,Τγ‚Λ‚η‚Ά,ό“‡,‹“‡“ρ’–Ϊπ”Τ,131075,“‹“s,–n“c‹ζ,‹“‡‚Q’–Ϊ,2020-10-02,11,κΛZ‘ξ,’“Τi—Φjκ,{ω‚Ή‚Έ,‚ ‚θ
ή“,Τγ‚Λ‚η‚Ά,ό“‡,‹“‡“ρ’–Ϊπ”Τ,131075,“‹“s,–n“c‹ζ,‹“‡‚R’–Ϊ,2020-01-17,19,“ΉHγ,‚»‚Μ‘Ό,{ω‚Ή‚Έ,‚ ‚θ
ή“,Τγ‚Λ‚η‚Ά,ό“‡,‰gMπ”Τ,131075,“‹“s,–n“c‹ζ,‰γ‚Q’–Ϊ,2020-06-09,18,‚»‚Μ‘Ό,’“Τi—Φjκ,{ω‚Ή‚Έ,‚Θ‚µ
ή“,Τγ‚Λ‚η‚Ά,ό“‡,‰gMπ”Τ,131075,“‹“s,–n“c‹ζ,‹“‡‚P’–Ϊ,2020-08-20,12,‚»‚Μ‘Ό,’“Τi—Φjκ,{ω‚Ή‚Έ,‚Θ‚µ
ή“,Τγ‚Λ‚η‚Ά,ό“‡,‰gMπ”Τ,131075,“‹“s,–n“c‹ζ,“ό“‡‚Q’–Ϊ,2020-03-27,23,“ΉHγ,‚»‚Μ‘Ό,{ω‚Ή‚Έ,‚ ‚θ
ή“,Τγ‚Λ‚η‚Ά,ό“‡,‰gMπ”Τ,131075,“‹“s,–n“c‹ζ,“ό“‡‚Q’–Ϊ,2020-06-04,12,“ΉHγ,‚»‚Μ‘Ό,{ω‚Ή‚Έ,‚ ‚θ
ή“,Τγ‚Λ‚η‚Ά,ό“‡,‰gMπ”Τ,131075,“‹“s,–n“c‹ζ,“ό“‡‚Q’–Ϊ,2020-06-04,16,‚»‚Μ‘Ό,‚»‚Μ‘Ό,{ω‚Ή‚Έ,‚ ‚θ
ή“,Τγ‚Λ‚η‚Ά,ό“‡,‰gMπ”Τ,131075,“‹“s,–n“c‹ζ,“ό“‡‚Q’–Ϊ,2020-06-24,16,’“Τi—Φjκ,’“Τi—Φjκ,{ω‚Ή‚Έ,‚Θ‚µ
ή“,Τγ‚Λ‚η‚Ά,ό“‡,“ό“‡π”Τ,131075,“‹“s,–n“c‹ζ,“ό“‡‚Q’–Ϊ,2020-11-06,18,“ΉHγ,‚»‚Μ‘Ό,{ω‚Ή‚Έ,‚Θ‚µ
ή“,Τγ‚Λ‚η‚Ά,ό“‡,“ό“‡π”Τ,131075,“‹“s,–n“c‹ζ,“ό“‡‚U’–Ϊ,2020-02-25,16,‚»‚Μ‘Ό,‚»‚Μ‘Ό,{ω‚Ή‚Έ,‚ ‚θ
ή“,Τγ‚Λ‚η‚Ά,ό“‡,“ό“‡π”Τ,131075,“‹“s,–n“c‹ζ,“ό“‡‚U’–Ϊ,2020-11-04,21,κΛZ‘ξ,’“Τi—Φjκ,{ω‚Ή‚Έ,‚ ‚θ
ή“,Τγ‚Λ‚η‚Ά,ό“‡,”’ιΆ‹΄π”Τ,131075,“‹“s,–n“c‹ζ,–n“c‚P’–Ϊ,2020-05-07,09,‚»‚Μ‘Ό,’“Τi—Φjκ,{ω‚Ή‚Έ,‚ ‚θ
ή“,Τγ‚Λ‚η‚Ά,ό“‡,”’ιΆ‹΄π”Τ,131075,“‹“s,–n“c‹ζ,“ό“‡‚P’–Ϊ,2020-07-05,17,“ΉHγ,‚»‚Μ‘Ό,{ω‚Ή‚Έ,‚ ‚θ
ή“,Τγ‚Λ‚η‚Ά,ό“‡,”’ιΆ‹΄π”Τ,131075,“‹“s,–n“c‹ζ,“ό“‡‚P’–Ϊ,2020-12-18,09,“ΉHγ,‚»‚Μ‘Ό,{ω‚Ή‚Έ,‚Θ‚µ
ή“,Τγ‚Λ‚η‚Ά,ό“‡,ΰƒP•£‰w‘Oπ”Τ,131075,“‹“s,–n“c‹ζ,–n“c‚Q’–Ϊ,2020-08-22,19,‚»‚Μ‘Ό,’“Τi—Φjκ,{ω‚Ή‚Έ,‚ ‚θ
ή“,Τγ‚Λ‚η‚Ά,ό“‡,–n“cO’–Ϊπ”Τ,131075,“‹“s,–n“c‹ζ,“ό“‡‚S’–Ϊ,2020-04-16,12,‚»‚Μ‘Ό,’“Τi—Φjκ,{ω‚Ή‚Έ,‚Θ‚µ
ή“,Τγ‚Λ‚η‚Ά,‹T—L,¬›π”Τ,131229,“‹“s,‹ό‹ζ,¬›‚P’–Ϊ,2020-09-02,19,‚SK‚ΔΘγ‹¤“―Z‘ξ,’“Τi—Φjκ,{ω‚Ή‚Έ,‚Θ‚µ
ή“,Τγ‚Λ‚η‚Ά,‹T—L,¬›π”Τ,131229,“‹“s,‹ό‹ζ,¬›‚Q’–Ϊ,2020-07-27,21,κΛZ‘ξ,’“Τi—Φjκ,{ω‚Ή‚Έ,‚ ‚θ
ή“,Τγ‚Λ‚η‚Ά,‹T—L,–xΨµ’–Ϊπ”Τ,131229,“‹“s,‹ό‹ζ,“–xΨ‚P’–Ϊ,2020-03-21,01,‚»‚Μ‘Ό‚ΜZ‘ξi‚RK‚ΔΘ‰Ί‹¤“―Z‘ξ“™j,’“Τi—Φjκ,{ω‚Ή‚Έ,‚ ‚θ
ή“,Τγ‚Λ‚η‚Ά,‹T—L,‚¨‰Τ’ƒ‰®π”Τ,131229,“‹“s,‹ό‹ζ,”’’Ή‚Q’–Ϊ,2020-03-19,18,‚»‚Μ‘Ό,‚»‚Μ‘Ό,{ω‚Ή‚Έ,‚ ‚θ
ή“,Τγ‚Λ‚η‚Ά,‹T—L,‚¨‰Τ’ƒ‰®π”Τ,131229,“‹“s,‹ό‹ζ,”’’Ή‚Q’–Ϊ,2020-05-01,16,’“Τi—Φjκ,’“Τi—Φjκ,{ω‚Ή‚Έ,‚Θ‚µ
ή“,Τγ‚Λ‚η‚Ά,‹T—L,‚¨‰Τ’ƒ‰®π”Τ,131229,“‹“s,‹ό‹ζ,”’’Ή‚Q’–Ϊ,2020-07-08,13,’“Τi—Φjκ,’“Τi—Φjκ,{ω‚Ή‚Έ,‚Θ‚µ
ή“,Τγ‚Λ‚η‚Ά,‹T—L,‚¨‰Τ’ƒ‰®π”Τ,131229,“‹“s,‹ό‹ζ,”’’Ή‚R’–Ϊ,2020-05-10,14,“ΉHγ,‚»‚Μ‘Ό,{ω‚Ή‚Έ,‚ ‚θ
ή“,Τγ‚Λ‚η‚Ά,‹T—L,ΒΛπ”Τ,131229,“‹“s,‹ό‹ζ,ΒΛ‚R’–Ϊ,2020-02-04,00,“ΉHγ,‚»‚Μ‘Ό,{ω‚Ή‚Έ,‚ ‚θ
ή“,Τγ‚Λ‚η‚Ά,‹T—L,ΒΛπ”Τ,131229,“‹“s,‹ό‹ζ,ΒΛ‚S’–Ϊ,2020-03-06,15,‚»‚Μ‘Ό,‚»‚Μ‘Ό,{ω‚Ή‚Έ,‚ ‚θ
ή“,Τγ‚Λ‚η‚Ά,‹T—L,ΒΛπ”Τ,131229,“‹“s,‹ό‹ζ,ΒΛ‚S’–Ϊ,2020-11-14,17,‚»‚Μ‘Ό,‚»‚Μ‘Ό,{ω‚Ή‚Έ,‚Θ‚µ
ή“,Τγ‚Λ‚η‚Ά,‹T—L,‹T—L‰w“μϋπ”Τ,131229,“‹“s,‹ό‹ζ,‹T—L‚Q’–Ϊ,2020-03-19,09,‚»‚Μ‘Ό,’“Τi—Φjκ,{ω‚Ή‚Έ,‚ ‚θ
ή“,Τγ‚Λ‚η‚Ά,‹T—L,‹T—L‰w“μϋπ”Τ,131229,“‹“s,‹ό‹ζ,‹T—L‚Q’–Ϊ,2020-04-09,13,‚»‚Μ‘Ό,’“Τi—Φjκ,{ω‚Ή‚Έ,‚Θ‚µ
ή“,Τγ‚Λ‚η‚Ά,‹T—L,‹T—L‰w“μϋπ”Τ,131229,“‹“s,‹ό‹ζ,‹T—L‚R’–Ϊ,2020-01-30,20,“ΉHγ,‚»‚Μ‘Ό,{ω‚Ή‚Έ,‚ ‚θ
ή“,Τγ‚Λ‚η‚Ά,‹T—L,‹T—L‰w“μϋπ”Τ,131229,“‹“s,‹ό‹ζ,‹T—L‚R’–Ϊ,2020-02-15,09,“ΉHγ,‚»‚Μ‘Ό,{ω‚Ή‚Έ,‚ ‚θ
ή“,Τγ‚Λ‚η‚Ά,‹T—L,‹T—L‰w“μϋπ”Τ,131229,“‹“s,‹ό‹ζ,‹T—L‚R’–Ϊ,2020-05-15,05,’“Τi—Φjκ,’“Τi—Φjκ,{ω‚Ή‚Έ,‚Θ‚µ
ή“,Τγ‚Λ‚η‚Ά,‹T—L,‹T—L‰w“μϋπ”Τ,131229,“‹“s,‹ό‹ζ,‹T—L‚R’–Ϊ,2020-06-27,13,“ΉHγ,‚»‚Μ‘Ό,{ω‚Ή‚Έ,‚ ‚θ
ή“,Τγ‚Λ‚η‚Ά,‹T—L,‹T—L‰w“μϋπ”Τ,131229,“‹“s,‹ό‹ζ,‹T—L‚R’–Ϊ,2020-08-03,08,‚»‚Μ‘Ό,‚»‚Μ‘Ό,{ω‚Ή‚Έ,‚ ‚θ
ή“,Τγ‚Λ‚η‚Ά,‹T—L,‹ΰ’¬‰w“μϋπ”Τ,131229,“‹“s,‹ό‹ζ,‹ΰ’¬‚S’–Ϊ,2020-09-11,07,κΛZ‘ξ,‚»‚Μ‘Ό,{ω‚Ή‚Έ,‚ ‚θ
ή“,Τγ‚Λ‚η‚Ά,‹T—L,Δ–”π”Τ,131229,“‹“s,‹ό‹ζ,Δ–”‚P’–Ϊ,2020-02-11,21,κΛZ‘ξ,’“Τi—Φjκ,{ω‚Ή‚Έ,‚Θ‚µ
ή“,Τγ‚Λ‚η‚Ά,‹T—L,Δ–”π”Τ,131229,“‹“s,‹ό‹ζ,Δ–”‚U’–Ϊ,2020-09-07,11,‚SK‚ΔΘγ‹¤“―Z‘ξ,’“Τi—Φjκ,{ω‚Ή‚Έ,‚ ‚θ
ή“,Τγ‚Λ‚η‚Ά,‹T—L,Ό‹T—Lπ”Τ,131229,“‹“s,‹ό‹ζ,Ό‹T—L‚P’–Ϊ,2020-01-15,17,‚»‚Μ‘Ό,‚»‚Μ‘Ό,{ω‚Ή‚Έ,‚ ‚θ
ή“,Τγ‚Λ‚η‚Ά,‹T—L,Ό‹T—Lπ”Τ,131229,“‹“s,‹ό‹ζ,Ό‹T—L‚P’–Ϊ,2020-01-29,15,‚»‚Μ‘Ό,’“Τi—Φjκ,{ω‚Ή‚Έ,‚ ‚θ
ή“,Τγ‚Λ‚η‚Ά,‹T—L,Ό‹T—Lπ”Τ,131229,“‹“s,‹ό‹ζ,Ό‹T—L‚P’–Ϊ,2020-08-05,20,‚»‚Μ‘Ό‚ΜZ‘ξi‚RK‚ΔΘ‰Ί‹¤“―Z‘ξ“™j,’“Τi—Φjκ,{ω‚Ή‚Έ,‚ ‚θ
ή“,Τγ‚Λ‚η‚Ά,‹T—L,Ό‹T—Lπ”Τ,131229,“‹“s,‹ό‹ζ,Ό‹T—L‚Q’–Ϊ,2020-04-18,17,‚»‚Μ‘Ό,’“Τi—Φjκ,{ω‚Ή‚Έ,‚Θ‚µ
ή“,Τγ‚Λ‚η‚Ά,‹T—L,Ό‹T—Lπ”Τ,131229,“‹“s,‹ό‹ζ,Ό‹T—L‚R’–Ϊ,2020-04-12,16,“ΉHγ,‚»‚Μ‘Ό,{ω‚Ή‚Έ,‚Θ‚µ
ή“,Τγ‚Λ‚η‚Ά,‹T—L,Ό‹T—Lπ”Τ,131229,“‹“s,‹ό‹ζ,Ό‹T—L‚R’–Ϊ,2020-04-23,06,“ΉHγ,‚»‚Μ‘Ό,{ω‚Ή‚Έ,‚ ‚θ
ή“,Τγ‚Λ‚η‚Ά,‹T—L,ΒΛ–k•”’“έ,131229,“‹“s,‹ό‹ζ,ΒΛ‚V’–Ϊ,2020-02-20,20,“ΉHγ,‚»‚Μ‘Ό,{ω‚Ή‚Έ,‚ ‚θ
ή“,Τγ‚Λ‚η‚Ά,‹T—L,‹ΰ’¬‰w–kϋπ”Τ,131229,“‹“s,‹ό‹ζ,“‹ΰ’¬‚P’–Ϊ,2020-05-04,20,“ΉHγ,‚»‚Μ‘Ό,{ω‚Ή‚Έ,‚ ‚θ
ή“,Τγ‚Λ‚η‚Ά,‹T—L,‹ΰ’¬‰w–kϋπ”Τ,131229,“‹“s,‹ό‹ζ,“‹ΰ’¬‚Q’–Ϊ,2020-04-09,08,‚SK‚ΔΘγ‹¤“―Z‘ξ,’“Τi—Φjκ,{ω‚Ή‚Έ,‚Θ‚µ
ή“,Τγ‚Λ‚η‚Ά,‹T—L,‹ΰ’¬‰w–kϋπ”Τ,131229,“‹“s,‹ό‹ζ,“‹ΰ’¬‚R’–Ϊ,2020-10-29,12,“ΉHγ,‚»‚Μ‘Ό,{ω‚Ή‚Έ,‚Θ‚µ
ή“,Τγ‚Λ‚η‚Ά,‹T—L,“‹ΰ’¬π”Τ,131229,“‹“s,‹ό‹ζ,“‹ΰ’¬‚T’–Ϊ,2020-06-25,14,“ΉHγ,‚»‚Μ‘Ό,{ω‚Ή‚Έ,‚ ‚θ
ή“,Τγ‚Λ‚η‚Ά,‹T—L,…³φ‰€‘Oπ”Τ,131229,“‹“s,‹ό‹ζ,“…³‚Q’–Ϊ,2020-01-30,15,‚SK‚ΔΘγ‹¤“―Z‘ξ,’“Τi—Φjκ,{ω‚Ή‚Έ,‚Θ‚µ
ή“,Τγ‚Λ‚η‚Ά,‹T—L,…³φ‰€‘Oπ”Τ,131229,“‹“s,‹ό‹ζ,“…³‚Q’–Ϊ,2020-05-17,21,’“Τi—Φjκ,’“Τi—Φjκ,{ω‚Ή‚Έ,‚Θ‚µ
ή“,Τγ‚Λ‚η‚Ά,‹T—L,Ό…³’“έ,131229,“‹“s,‹ό‹ζ,Ό…³‚R’–Ϊ,2020-07-23,09,’“Τi—Φjκ,’“Τi—Φjκ,{ω‚Ή‚Έ,‚ ‚θ
ή“,Τγ‚Λ‚η‚Ά,‹T—L,Ό…³’“έ,131229,“‹“s,‹ό‹ζ,Ό…³‚R’–Ϊ,2020-12-23,20,κΛZ‘ξ,‚»‚Μ‘Ό,{ω‚Ή‚Έ,‚Θ‚µ
ή“,Τγ‚Λ‚η‚Ά,‹T—L,Ό…³’“έ,131229,“‹“s,‹ό‹ζ,Ό…³‚S’–Ϊ,2020-10-09,19,’“Τi—Φjκ,’“Τi—Φjκ,{ω‚Ή‚Έ,‚Θ‚µ
ή“,Τγ‚Λ‚η‚Ά,‹T—L,Δ–”“ρ’–Ϊπ”Τ,131229,“‹“s,‹ό‹ζ,Δ–”‚Q’–Ϊ,2020-11-07,18,‚»‚Μ‘Ό,’“Τi—Φjκ,{ω‚Ή‚Έ,‚Θ‚µ
ή“,Τγ‚Λ‚η‚Ά,‹T—L,“μ…³π”Τ,131229,“‹“s,‹ό‹ζ,Vh‚U’–Ϊ,2020-03-03,18,‚»‚Μ‘Ό,’“Τi—Φjκ,{ω‚Ή‚Έ,‚Θ‚µ
ή“,Τγ‚Λ‚η‚Ά,‹T—L,“μ…³π”Τ,131229,“‹“s,‹ό‹ζ,Vh‚U’–Ϊ,2020-09-15,12,‚»‚Μ‘Ό,’“Τi—Φjκ,{ω‚Ή‚Έ,‚Θ‚µ
ή“,Τγ‚Λ‚η‚Ά,‹T—L,‹O‹΄π”Τ,131229,“‹“s,‹ό‹ζ,…³φ‰€,2020-06-23,17,‚»‚Μ‘Ό,‚»‚Μ‘Ό,{ω‚Ή‚Έ,‚ ‚θ
ή“,Τγ‚Λ‚η‚Ά,‹ό,lƒc–Ψπ”Τ,131229,“‹“s,‹ό‹ζ,l‚Β–Ψ‚S’–Ϊ,2020-01-11,19,‚SK‚ΔΘγ‹¤“―Z‘ξ,’“Τi—Φjκ,{ω‚Ή‚Έ,‚ ‚θ
ή“,Τγ‚Λ‚η‚Ά,‹ό,–xΨ‰w‘Oπ”Τ,131229,“‹“s,‹ό‹ζ,Χ“c‚Q’–Ϊ,2020-07-28,09,‚SK‚ΔΘγ‹¤“―Z‘ξ,’“Τi—Φjκ,{ω‚Ή‚Έ,‚ ‚θ
ή“,Τγ‚Λ‚η‚Ά,‹ό,–xΨ‰w‘Oπ”Τ,131229,“‹“s,‹ό‹ζ,–xΨ‚Q’–Ϊ,2020-01-10,17,“ΉHγ,‚»‚Μ‘Ό,{ω‚Ή‚Έ,‚ ‚θ
ή“,Τγ‚Λ‚η‚Ά,‹ό,•σ’¬π”Τ,131229,“‹“s,‹ό‹ζ,•σ’¬‚P’–Ϊ,2020-07-14,21,‚»‚Μ‘Ό,‚»‚Μ‘Ό,{ω‚Ή‚Έ,‚Θ‚µ
ή“,Τγ‚Λ‚η‚Ά,‹ό,•σ’¬π”Τ,131229,“‹“s,‹ό‹ζ,•σ’¬‚Q’–Ϊ,2020-04-17,21,‚»‚Μ‘Ό,’“Τi—Φjκ,{ω‚Ή‚Έ,‚Θ‚µ
ή“,Τγ‚Λ‚η‚Ά,‹ό,—§Ξ‰w‘Oπ”Τ,131229,“‹“s,‹ό‹ζ,—§Ξ‚R’–Ϊ,2020-03-24,12,“ΉHγ,‚»‚Μ‘Ό,{ω‚Ή‚Έ,‚ ‚θ
ή“,Τγ‚Λ‚η‚Ά,‹ό,—§Ξ‰w‘Oπ”Τ,131229,“‹“s,‹ό‹ζ,—§Ξ‚T’–Ϊ,2020-01-30,18,‚»‚Μ‘Ό,’“Τi—Φjκ,{ω‚Ή‚Έ,‚Θ‚µ
ή“,Τγ‚Λ‚η‚Ά,‹ό,—§Ξ‰w‘Oπ”Τ,131229,“‹“s,‹ό‹ζ,—§Ξ‚U’–Ϊ,2020-04-23,19,“ΉHγ,‚»‚Μ‘Ό,{ω‚Ή‚Έ,‚ ‚θ
ή“,Τγ‚Λ‚η‚Ά,‹ό,Χ“cπ”Τ,131229,“‹“s,‹ό‹ζ,Χ“c‚R’–Ϊ,2020-01-09,10,“ΉHγ,‚»‚Μ‘Ό,{ω‚Ή‚Έ,‚ ‚θ
ή“,Τγ‚Λ‚η‚Ά,‹ό,V¬β‰w‘Oπ”Τ,131229,“‹“s,‹ό‹ζ,V¬β‚P’–Ϊ,2020-04-04,23,“ΉHγ,‚»‚Μ‘Ό,{ω‚Ή‚Έ,‚ ‚θ
ή“,Τγ‚Λ‚η‚Ά,‹ό,V¬β‰w‘Oπ”Τ,131229,“‹“s,‹ό‹ζ,V¬β‚P’–Ϊ,2020-08-16,15,“ΉHγ,‚»‚Μ‘Ό,{ω‚Ή‚Έ,‚ ‚θ
ή“,Τγ‚Λ‚η‚Ά,‹ό,V¬β‰w‘Oπ”Τ,131229,“‹“s,‹ό‹ζ,V¬β‚P’–Ϊ,2020-09-26,14,“ΉHγ,‚»‚Μ‘Ό,{ω‚Ή‚Έ,‚Θ‚µ
ή“,Τγ‚Λ‚η‚Ά,‹ό,V¬β‰w‘Oπ”Τ,131229,“‹“s,‹ό‹ζ,V¬β‚P’–Ϊ,2020-10-29,13,“ΉHγ,‚»‚Μ‘Ό,{ω‚Ή‚Έ,‚ ‚θ
ή“,Τγ‚Λ‚η‚Ά,‹ό,‚½‚Β‚έ‹΄π”Τ,131229,“‹“s,‹ό‹ζ,ΌV¬β‚P’–Ϊ,2020-01-09,23,‚»‚Μ‘Ό,’“Τi—Φjκ,{ω‚Ή‚Έ,‚Θ‚µ
ή“,Τγ‚Λ‚η‚Ά,‹ό,‚½‚Β‚έ‹΄π”Τ,131229,“‹“s,‹ό‹ζ,ΌV¬β‚P’–Ϊ,2020-01-30,03,“ΉHγ,‚»‚Μ‘Ό,{ω‚Ή‚Έ,‚ ‚θ
ή“,Τγ‚Λ‚η‚Ά,‹ό,‚½‚Β‚έ‹΄π”Τ,131229,“‹“s,‹ό‹ζ,ΌV¬β‚S’–Ϊ,2020-01-21,16,‚»‚Μ‘Ό,’“Τi—Φjκ,{ω‚Ή‚Έ,‚Θ‚µ
ή“,Τγ‚Λ‚η‚Ά,‹ό,‚½‚Β‚έ‹΄π”Τ,131229,“‹“s,‹ό‹ζ,ΌV¬β‚S’–Ϊ,2020-04-16,16,’“Τi—Φjκ,’“Τi—Φjκ,{ω‚Ή‚Έ,‚Θ‚µ
ή“,Τγ‚Λ‚η‚Ά,‹ό,γ•½δπ”Τ,131229,“‹“s,‹ό‹ζ,“V¬β‚U’–Ϊ,2020-07-07,16,“ΉHγ,‚»‚Μ‘Ό,{ω‚Ή‚Έ,‚Θ‚µ
ή“,Τγ‚Λ‚η‚Ά,‹ό,•½a‹΄π”Τ,131229,“‹“s,‹ό‹ζ,“—§Ξ‚Q’–Ϊ,2020-07-02,09,“ΉHγ,‚»‚Μ‘Ό,{ω‚Ή‚Έ,‚ ‚θ
ή“,Τγ‚Λ‚η‚Ά,‹ό,•½a‹΄π”Τ,131229,“‹“s,‹ό‹ζ,“l‚Β–Ψ‚Q’–Ϊ,2020-02-14,07,“ΉHγ,‚»‚Μ‘Ό,{ω‚Ή‚Έ,‚ ‚θ
ή“,Τγ‚Λ‚η‚Ά,‹ό,‰Λπ”Τ,131229,“‹“s,‹ό‹ζ,‰Λ‚T’–Ϊ,2020-03-26,16,‚»‚Μ‘Ό,‚»‚Μ‘Ό,{ω‚Ή‚Έ,‚ ‚θ
ή“,Τγ‚Λ‚η‚Ά,‹ό,‰Λπ”Τ,131229,“‹“s,‹ό‹ζ,‰Λ‚W’–Ϊ,2020-01-29,07,“ΉHγ,‚»‚Μ‘Ό,{ω‚Ή‚Έ,‚ ‚θ
ή“,Τγ‚Λ‚η‚Ά,‹ό,‰Λπ”Τ,131229,“‹“s,‹ό‹ζ,‰Λ‚W’–Ϊ,2020-05-30,21,‚SK‚ΔΘγ‹¤“―Z‘ξ,‚»‚Μ‘Ό,{ω‚Ή‚Έ,‚ ‚θ
ή“,Τγ‚Λ‚η‚Ά,‹ό,™‘qπ”Τ,131229,“‹“s,‹ό‹ζ,™‘q‚P’–Ϊ,2020-05-27,23,κΛZ‘ξ,’“Τi—Φjκ,{ω‚Ή‚Έ,‚ ‚θ
ή“,Τγ‚Λ‚η‚Ά,‹ό,™‘qπ”Τ,131229,“‹“s,‹ό‹ζ,™‘q‚S’–Ϊ,2020-03-26,11,“ΉHγ,‚»‚Μ‘Ό,{ω‚Ή‚Έ,‚ ‚θ
ή“,Τγ‚Λ‚η‚Ά,‹ό,¬Ό‹΄π”Τ,131229,“‹“s,‹ό‹ζ,“V¬β‚Q’–Ϊ,2020-03-26,15,‚»‚Μ‘Ό,‚»‚Μ‘Ό,{ω‚Ή‚Έ,‚ ‚θ
ή“,Τγ‚Λ‚η‚Ά,‹ό,¬Ό‹΄π”Τ,131229,“‹“s,‹ό‹ζ,“V¬β‚Q’–Ϊ,2020-04-16,12,’“Τi—Φjκ,’“Τi—Φjκ,{ω‚Ή‚Έ,‚Θ‚µ
ή“,Τγ‚Λ‚η‚Ά,¬Όμ,,131229,“‹“s,‹ό‹ζ,–xΨ‚S’–Ϊ,2020-02-19,08,“ΉHγ,‚»‚Μ‘Ό,{ω‚Ή‚Έ,‚ ‚θ
ή“,Τγ‚Λ‚η‚Ά,¬Όμ,¬Όμl’–Ϊπ”Τ,131237,“‹“s,]Λμ‹ζ,•½δ‚Q’–Ϊ,2020-01-03,01,κΛZ‘ξ,’“Τi—Φjκ,{ω‚Ή‚Έ,‚ ‚θ
ή“,Τγ‚Λ‚η‚Ά,¬Όμ,¬Όμl’–Ϊπ”Τ,131237,“‹“s,]Λμ‹ζ,•½δ‚Q’–Ϊ,2020-10-28,15,“ΉHγ,‚»‚Μ‘Ό,{ω‚Ή‚Έ,‚Θ‚µ
ή“,Τγ‚Λ‚η‚Ά,¬Όμ,•½δ‰w‘Oπ”Τ,131237,“‹“s,]Λμ‹ζ,•½δ‚S’–Ϊ,2020-07-11,00,“ΉHγ,‚»‚Μ‘Ό,{ω‚Ή‚Έ,‚ ‚θ
ή“,Τγ‚Λ‚η‚Ά,¬Όμ,•½δ‰w‘Oπ”Τ,131237,“‹“s,]Λμ‹ζ,•½δ‚T’–Ϊ,2020-03-26,17,“ΉHγ,‚»‚Μ‘Ό,{ω‚Ή‚Έ,‚Θ‚µ
ή“,Τγ‚Λ‚η‚Ά,¬Όμ,•½δ‰w‘Oπ”Τ,131237,“‹“s,]Λμ‹ζ,•½δ‚T’–Ϊ,2020-05-30,12,“ΉHγ,‚»‚Μ‘Ό,{ω‚Ή‚Έ,‚Θ‚µ
ή“,Τγ‚Λ‚η‚Ά,¬Όμ,Ό“‡l’–Ϊπ”Τ,131237,“‹“s,]Λμ‹ζ,Ό“‡‚R’–Ϊ,2020-02-26,18,‚»‚Μ‘Ό,’“Τi—Φjκ,{ω‚Ή‚Έ,‚ ‚θ
ή“,Τγ‚Λ‚η‚Ά,¬Όμ,Ό“‡l’–Ϊπ”Τ,131237,“‹“s,]Λμ‹ζ,Ό“‡‚R’–Ϊ,2020-08-15,00,“ΉHγ,‚»‚Μ‘Ό,{ω‚Ή‚Έ,‚ ‚θ
ή“,Τγ‚Λ‚η‚Ά,¬Όμ,Ό“‡l’–Ϊπ”Τ,131237,“‹“s,]Λμ‹ζ,Ό“‡‚R’–Ϊ,2020-10-24,13,“ΉHγ,‚»‚Μ‘Ό,{ω‚Ή‚Έ,‚ ‚θ
ή“,Τγ‚Λ‚η‚Ά,¬Όμ,”ª‘ ‹΄π”Τ,131237,“‹“s,]Λμ‹ζ,’†‰›‚P’–Ϊ,2020-11-06,10,‚»‚Μ‘Ό,’“Τi—Φjκ,{ω‚Ή‚Έ,‚ ‚θ
ή“,Τγ‚Λ‚η‚Ά,¬Όμ,”ª‘ ‹΄π”Τ,131237,“‹“s,]Λμ‹ζ,’†‰›‚R’–Ϊ,2020-07-12,19,‚SK‚ΔΘγ‹¤“―Z‘ξ,’“Τi—Φjκ,{ω‚Ή‚Έ,‚ ‚θ
ή“,Τγ‚Λ‚η‚Ά,¬Όμ,”ª‘ ‹΄π”Τ,131237,“‹“s,]Λμ‹ζ,’†‰›‚R’–Ϊ,2020-12-07,16,‚»‚Μ‘Ό,’“Τi—Φjκ,{ω‚Ή‚Έ,‚ ‚θ
ή“,Τγ‚Λ‚η‚Ά,¬Όμ,”ª‘ ‹΄π”Τ,131237,“‹“s,]Λμ‹ζ,’†‰›‚S’–Ϊ,2020-10-22,16,“ΉHγ,‚»‚Μ‘Ό,{ω‚Ή‚Έ,‚ ‚θ
ή“,Τγ‚Λ‚η‚Ά,¬Όμ,”ª‘ ‹΄π”Τ,131237,“‹“s,]Λμ‹ζ,Ό“‡‚P’–Ϊ,2020-04-16,03,’“Τi—Φjκ,’“Τi—Φjκ,{ω‚Ή‚Έ,‚Θ‚µ
ή“,Τγ‚Λ‚η‚Ά,¬Όμ,”ª‘ ‹΄π”Τ,131237,“‹“s,]Λμ‹ζ,Ό“‡‚P’–Ϊ,2020-10-28,17,‚»‚Μ‘Ό,‚»‚Μ‘Ό,{ω‚Ή‚Έ,‚Θ‚µ
ή“,Τγ‚Λ‚η‚Ά,¬Όμ,”ª‘ ‹΄π”Τ,131237,“‹“s,]Λμ‹ζ,‘ε™‚P’–Ϊ,2020-01-12,09,“ΉHγ,‚»‚Μ‘Ό,{ω‚Ή‚Έ,‚Θ‚µ
ή“,Τγ‚Λ‚η‚Ά,¬Όμ,‹—t’Κπ”Τ,131237,“‹“s,]Λμ‹ζ,κ”V]‚P’–Ϊ,2020-10-06,23,“ΉHγ,‚»‚Μ‘Ό,{ω‚Ή‚Έ,‚Θ‚µ
ή“,Τγ‚Λ‚η‚Ά,¬Όμ,‹—t’Κπ”Τ,131237,“‹“s,]Λμ‹ζ,Ό]‚Q’–Ϊ,2020-08-13,00,κΛZ‘ξ,’“Τi—Φjκ,{ω‚Ή‚Έ,‚Θ‚µ
ή“,Τγ‚Λ‚η‚Ά,¬Όμ,‹—t’Κπ”Τ,131237,“‹“s,]Λμ‹ζ,‘ε™‚Q’–Ϊ,2020-03-22,18,“ΉHγ,‚»‚Μ‘Ό,{ω‚Ή‚Έ,‚ ‚θ
ή“,Τγ‚Λ‚η‚Ά,¬Όμ,‹—t’Κπ”Τ,131237,“‹“s,]Λμ‹ζ,‘ε™‚R’–Ϊ,2020-01-09,16,‚»‚Μ‘Ό,’“Τi—Φjκ,{ω‚Ή‚Έ,‚Θ‚µ
ή“,Τγ‚Λ‚η‚Ά,¬Όμ,Ό]π”Τ,131237,“‹“s,]Λμ‹ζ,Όκ”V]‚R’–Ϊ,2020-05-10,15,κΛZ‘ξ,’“Τi—Φjκ,{ω‚Ή‚Έ,‚ ‚θ
ή“,Τγ‚Λ‚η‚Ά,¬Όμ,Ό]π”Τ,131237,“‹“s,]Λμ‹ζ,“¬Όμ‚Q’–Ϊ,2020-01-04,18,κΛZ‘ξ,’“Τi—Φjκ,{ω‚Ή‚Έ,‚ ‚θ
ή“,Τγ‚Λ‚η‚Ά,¬Όμ,Ό]π”Τ,131237,“‹“s,]Λμ‹ζ,Ό]‚R’–Ϊ,2020-11-24,11,’“Τi—Φjκ,’“Τi—Φjκ,{ω‚Ή‚Έ,‚ ‚θ
ή“,Τγ‚Λ‚η‚Ά,¬Όμ,Ό]π”Τ,131237,“‹“s,]Λμ‹ζ,Ό]‚S’–Ϊ,2020-08-12,18,κΛZ‘ξ,’“Τi—Φjκ,{ω‚Ή‚Έ,‚Θ‚µ
ή“,Τγ‚Λ‚η‚Ά,¬Όμ,Ό]π”Τ,131237,“‹“s,]Λμ‹ζ,Ό]‚S’–Ϊ,2020-08-12,23,κΛZ‘ξ,’“Τi—Φjκ,{ω‚Ή‚Έ,‚Θ‚µ
ή“,Τγ‚Λ‚η‚Ά,¬Όμ,Ό]π”Τ,131237,“‹“s,]Λμ‹ζ,Ό]‚S’–Ϊ,2020-08-13,02,κΛZ‘ξ,’“Τi—Φjκ,{ω‚Ή‚Έ,‚ ‚θ
ή“,Τγ‚Λ‚η‚Ά,¬Όμ,Ό]π”Τ,131237,“‹“s,]Λμ‹ζ,Ό]‚S’–Ϊ,2020-11-25,19,‚»‚Μ‘Ό,‚»‚Μ‘Ό,{ω‚Ή‚Έ,‚ ‚θ
ή“,Τγ‚Λ‚η‚Ά,¬Όμ,Ό]π”Τ,131237,“‹“s,]Λμ‹ζ,Ό]‚V’–Ϊ,2020-04-22,22,“ΉHγ,‚»‚Μ‘Ό,{ω‚Ή‚Έ,‚Θ‚µ
ή“,Τγ‚Λ‚η‚Ά,¬Όμ,Ό]π”Τ,131237,“‹“s,]Λμ‹ζ,Ό]‚V’–Ϊ,2020-06-04,18,κΛZ‘ξ,’“Τi—Φjκ,{ω‚Ή‚Έ,‚ ‚θ
ή“,Τγ‚Λ‚η‚Ά,¬Όμ,Ό]π”Τ,131237,“‹“s,]Λμ‹ζ,Ό]‚V’–Ϊ,2020-09-09,18,“ΉHγ,‚»‚Μ‘Ό,{ω‚Ή‚Έ,‚ ‚θ
ή“,Τγ‚Λ‚η‚Ά,¬Όμ,κ”V]π”Τ,131237,“‹“s,]Λμ‹ζ,κ”V]‚S’–Ϊ,2019-06-01,•s–Ύ,κΛZ‘ξ,‚»‚Μ‘Ό,{ω‚Ή‚Έ,‚Θ‚µ
ή“,Τγ‚Λ‚η‚Ά,¬Όμ,κ”V]π”Τ,131237,“‹“s,]Λμ‹ζ,κ”V]‚T’–Ϊ,2019-02-21,•s–Ύ,‚»‚Μ‘Ό,’“Τi—Φjκ,{ω‚Ή‚Έ,‚Θ‚µ
ή“,Τγ‚Λ‚η‚Ά,¬Όμ,κ”V]π”Τ,131237,“‹“s,]Λμ‹ζ,κ”V]‚T’–Ϊ,2020-09-27,13,κΛZ‘ξ,’“Τi—Φjκ,{ω‚Ή‚Έ,‚ ‚θ
ή“,Τγ‚Λ‚η‚Ά,¬Όμ,κ”V]π”Τ,131237,“‹“s,]Λμ‹ζ,κ”V]‚V’–Ϊ,2020-09-26,14,“ΉHγ,‚»‚Μ‘Ό,{ω‚Ή‚Έ,‚Θ‚µ
ή“,Τγ‚Λ‚η‚Ά,¬Όμ,΅δπ”Τ,131237,“‹“s,]Λμ‹ζ,Ό]‚R’–Ϊ,2020-06-07,19,κΛZ‘ξ,’“Τi—Φjκ,{ω‚Ή‚Έ,‚ ‚θ
ή“,Τγ‚Λ‚η‚Ά,¬Όμ,΅δπ”Τ,131237,“‹“s,]Λμ‹ζ,Ό]‚R’–Ϊ,2020-07-08,05,“ΉHγ,‚»‚Μ‘Ό,{ω‚Ή‚Έ,‚Θ‚µ
ή“,Τγ‚Λ‚η‚Ά,¬Όμ,’Φ’¬’“έ,131237,“‹“s,]Λμ‹ζ,t]’¬‚Q’–Ϊ,2020-06-06,21,“ΉHγ,‚»‚Μ‘Ό,{ω‚Ή‚Έ,‚Θ‚µ
ή“,Τγ‚Λ‚η‚Ά,¬Όμ,’Φ’¬’“έ,131237,“‹“s,]Λμ‹ζ,t]’¬‚Q’–Ϊ,2020-09-01,14,‚»‚Μ‘Ό‚ΜZ‘ξi‚RK‚ΔΘ‰Ί‹¤“―Z‘ξ“™j,’“Τi—Φjκ,{ω‚Ή‚Έ,‚ ‚θ
ή“,Τγ‚Λ‚η‚Ά,¬Όμ,“μΒθπ”Τ,131237,“‹“s,]Λμ‹ζ,“μΒθ’¬‚Q’–Ϊ,2020-05-25,17,’“Τi—Φjκ,’“Τi—Φjκ,{ω‚Ή‚Έ,‚Θ‚µ
ή“,Τγ‚Λ‚η‚Ά,¬Όμ,“μΒθπ”Τ,131237,“‹“s,]Λμ‹ζ,“Βθ‚P’–Ϊ,2020-10-18,10,‚SK‚ΔΘγ‹¤“―Z‘ξ,‚»‚Μ‘Ό,{ω‚Ή‚Έ,‚ ‚θ
ή“,Τγ‚Λ‚η‚Ά,¬Όμ,“¬Όμπ”Τ,131237,“‹“s,]Λμ‹ζ,“¬Όμ‚S’–Ϊ,2020-08-12,21,κΛZ‘ξ,’“Τi—Φjκ,{ω‚Ή‚Έ,‚ ‚θ
ή“,Τγ‚Λ‚η‚Ά,¬Όμ,“]π”Τ,131237,“‹“s,]Λμ‹ζ,V–x‚P’–Ϊ,2020-08-03,15,‚»‚Μ‘Ό,‚»‚Μ‘Ό,{ω‚Ή‚Έ,‚Θ‚µ
ή“,Τγ‚Λ‚η‚Ά,¬Όμ,]‰w‘Oπ”Τ,131237,“‹“s,]Λμ‹ζ,Ό]‚R’–Ϊ,2020-07-24,12,“ΉHγ,‚»‚Μ‘Ό,{ω‚Ή‚Έ,‚ ‚θ
ή“,Τγ‚Λ‚η‚Ά,¬Όμ,]‰w‘Oπ”Τ,131237,“‹“s,]Λμ‹ζ,“μΒθ’¬‚R’–Ϊ,2020-06-16,07,‚SK‚ΔΘγ‹¤“―Z‘ξ,’“Τi—Φjκ,{ω‚Ή‚Έ,‚Θ‚µ
ή“,Τγ‚Λ‚η‚Ά,¬Όμ,]‰w‘Oπ”Τ,131237,“‹“s,]Λμ‹ζ,]‚Q’–Ϊ,2020-08-15,18,‚»‚Μ‘Ό,’“Τi—Φjκ,{ω‚Ή‚Έ,‚Θ‚µ
ή“,Τγ‚Λ‚η‚Ά,¬Όμ,]‰w‘Oπ”Τ,131237,“‹“s,]Λμ‹ζ,]‚Q’–Ϊ,2020-08-25,09,‚»‚Μ‘Ό,’“Τi—Φjκ,{ω‚Ή‚Έ,‚Θ‚µ
ή“,Τγ‚Λ‚η‚Ά,¬Όμ,Βθ‰w‘Oπ”Τ,131237,“‹“s,]Λμ‹ζ,Βθ’¬‚Q’–Ϊ,2020-09-21,18,‚»‚Μ‘Ό,’“Τi—Φjκ,{ω‚Ή‚Έ,‚Θ‚µ
ή“,Τγ‚Λ‚η‚Ά,¬Όμ,Βθ‰w‘Oπ”Τ,131237,“‹“s,]Λμ‹ζ,Βθ’¬‚R’–Ϊ,2020-12-12,17,‚»‚Μ‘Ό,’“Τi—Φjκ,{ω‚Ή‚Έ,‚Θ‚µ
ή“,Τγ‚Λ‚η‚Ά,¬Όμ,Βθ‰w‘Oπ”Τ,131237,“‹“s,]Λμ‹ζ,Βθ’¬‚V’–Ϊ,2020-01-27,10,“ΉHγ,‚»‚Μ‘Ό,{ω‚Ή‚Έ,‚ ‚θ
ή“,Τγ‚Λ‚η‚Ά,¬Όμ,Βθ‰w‘Oπ”Τ,131237,“‹“s,]Λμ‹ζ,V–x‚P’–Ϊ,2020-05-27,22,‚»‚Μ‘Ό,’“Τi—Φjκ,{ω‚Ή‚Έ,‚Θ‚µ
ή“,Τγ‚Λ‚η‚Ά,¬β,“μ¬βπ”Τ,131237,“‹“s,]Λμ‹ζ,“¬β‚P’–Ϊ,2020-03-11,08,‚»‚Μ‘Ό,’“Τi—Φjκ,{ω‚Ή‚Έ,‚ ‚θ
ή“,Τγ‚Λ‚η‚Ά,¬β,“μ¬βπ”Τ,131237,“‹“s,]Λμ‹ζ,“¬β‚U’–Ϊ,2020-11-20,14,“ΉHγ,‚»‚Μ‘Ό,{ω‚Ή‚Έ,‚Θ‚µ
ή“,Τγ‚Λ‚η‚Ά,¬β,“μ¬βπ”Τ,131237,“‹“s,]Λμ‹ζ,“μ¬β‚P’–Ϊ,2020-04-25,19,“ΉHγ,‚»‚Μ‘Ό,{ω‚Ή‚Έ,‚ ‚θ
ή“,Τγ‚Λ‚η‚Ά,¬β,“μ¬βπ”Τ,131237,“‹“s,]Λμ‹ζ,“μ¬β‚P’–Ϊ,2020-09-18,05,‚»‚Μ‘Ό‚ΜZ‘ξi‚RK‚ΔΘ‰Ί‹¤“―Z‘ξ“™j,’“Τi—Φjκ,{ω‚Ή‚Έ,‚Θ‚µ
ή“,Τγ‚Λ‚η‚Ά,¬β,“μ¬βπ”Τ,131237,“‹“s,]Λμ‹ζ,“μ¬β‚Q’–Ϊ,2020-12-26,20,‚»‚Μ‘Ό‚ΜZ‘ξi‚RK‚ΔΘ‰Ί‹¤“―Z‘ξ“™j,’“Τi—Φjκ,{ω‚Ή‚Έ,‚Θ‚µ
ή“,Τγ‚Λ‚η‚Ά,¬β,“μ¬βπ”Τ,131237,“‹“s,]Λμ‹ζ,“μ¬β‚R’–Ϊ,2020-07-28,03,‚»‚Μ‘Ό‚ΜZ‘ξi‚RK‚ΔΘ‰Ί‹¤“―Z‘ξ“™j,‚»‚Μ‘Ό,{ω‚Ή‚Έ,‚Θ‚µ
ή“,Τγ‚Λ‚η‚Ά,¬β,“μ¬βπ”Τ,131237,“‹“s,]Λμ‹ζ,“μ¬β‚S’–Ϊ,2020-01-18,22,κΛZ‘ξ,’“Τi—Φjκ,{ω‚Ή‚Έ,‚ ‚θ
ή“,Τγ‚Λ‚η‚Ά,¬β,“μ¬βπ”Τ,131237,“‹“s,]Λμ‹ζ,–kΒθ‚Q’–Ϊ,2020-06-04,23,’“Τi—Φjκ,’“Τi—Φjκ,{ω‚Ή‚Έ,‚ ‚θ
ή“,Τγ‚Λ‚η‚Ά,¬β,›΄‹΄π”Τ,131237,“‹“s,]Λμ‹ζ,Ό–{‚Q’–Ϊ,2020-03-14,18,’“Τi—Φjκ,’“Τi—Φjκ,{ω‚Ή‚Έ,‚Θ‚µ
ή“,Τγ‚Λ‚η‚Ά,¬β,¬β‰w‘Oπ”Τ,131237,“‹“s,]Λμ‹ζ,­‚U’–Ϊ,2020-12-07,13,“ΉHγ,‚»‚Μ‘Ό,{ω‚Ή‚Έ,‚ ‚θ
ή“,Τγ‚Λ‚η‚Ά,¬β,¬β‰w‘Oπ”Τ,131237,“‹“s,]Λμ‹ζ,Ό¬β‚P’–Ϊ,2020-04-05,18,‚»‚Μ‘Ό,’“Τi—Φjκ,{ω‚Ή‚Έ,‚Θ‚µ
ή“,Τγ‚Λ‚η‚Ά,¬β,¬β‰w‘Oπ”Τ,131237,“‹“s,]Λμ‹ζ,“μ¬β‚V’–Ϊ,2020-04-21,15,‚»‚Μ‘Ό,’“Τi—Φjκ,{ω‚Ή‚Έ,‚Θ‚µ
ή“,Τγ‚Λ‚η‚Ά,¬β,¬β‰w‘Oπ”Τ,131237,“‹“s,]Λμ‹ζ,“μ¬β‚V’–Ϊ,2020-05-03,15,’“Τi—Φjκ,’“Τi—Φjκ,{ω‚Ή‚Έ,‚Θ‚µ
ή“,Τγ‚Λ‚η‚Ά,¬β,¬β‰w‘Oπ”Τ,131237,“‹“s,]Λμ‹ζ,“μ¬β‚V’–Ϊ,2020-08-08,07,’“Τi—Φjκ,’“Τi—Φjκ,{ω‚Ή‚Έ,‚Θ‚µ
ή“,Τγ‚Λ‚η‚Ά,¬β,¬β‰w‘Oπ”Τ,131237,“‹“s,]Λμ‹ζ,“μ¬β‚V’–Ϊ,2020-11-17,22,‚»‚Μ‘Ό,’“Τi—Φjκ,{ω‚Ή‚Έ,‚Θ‚µ
ή“,Τγ‚Λ‚η‚Ά,¬β,¬β‰w‘Oπ”Τ,131237,“‹“s,]Λμ‹ζ,“μ¬β‚W’–Ϊ,2020-08-15,17,“ΉHγ,‚»‚Μ‘Ό,{ω‚Ή‚Έ,‚Θ‚µ
ή“,Τγ‚Λ‚η‚Ά,¬β,Ό¬βπ”Τ,131237,“‹“s,]Λμ‹ζ,Ό¬β‚P’–Ϊ,2020-03-05,15,“ΉHγ,‚»‚Μ‘Ό,{ω‚Ή‚Έ,‚Θ‚µ
ή“,Τγ‚Λ‚η‚Ά,¬β,Ό¬βπ”Τ,131237,“‹“s,]Λμ‹ζ,Ό¬β‚Q’–Ϊ,2020-09-16,17,“ΉHγ,‚»‚Μ‘Ό,{ω‚Ή‚Έ,‚ ‚θ
ή“,Τγ‚Λ‚η‚Ά,¬β,Ό¬βπ”Τ,131237,“‹“s,]Λμ‹ζ,γκF‚R’–Ϊ,2020-07-08,19,‚»‚Μ‘Ό‚ΜZ‘ξi‚RK‚ΔΘ‰Ί‹¤“―Z‘ξ“™j,‚»‚Μ‘Ό,{ω‚Ή‚Έ,‚ ‚θ
ή“,Τγ‚Λ‚η‚Ά,¬β,–k¬β“ρ’–Ϊπ”Τ,131237,“‹“s,]Λμ‹ζ,–k¬β‚Q’–Ϊ,2020-07-23,21,‚»‚Μ‘Ό‚ΜZ‘ξi‚RK‚ΔΘ‰Ί‹¤“―Z‘ξ“™j,’“Τi—Φjκ,{ω‚Ή‚Έ,‚ ‚θ
ή“,Τγ‚Λ‚η‚Ά,¬β,–k¬β“ρ’–Ϊπ”Τ,131237,“‹“s,]Λμ‹ζ,–k¬β‚Q’–Ϊ,2020-11-18,21,“ΉHγ,‚»‚Μ‘Ό,{ω‚Ή‚Έ,‚Θ‚µ
ή“,Τγ‚Λ‚η‚Ά,¬β,–k¬β“ρ’–Ϊπ”Τ,131237,“‹“s,]Λμ‹ζ,–k¬β‚R’–Ϊ,2020-05-14,15,‚»‚Μ‘Ό,’“Τi—Φjκ,{ω‚Ή‚Έ,‚ ‚θ
ή“,Τγ‚Λ‚η‚Ά,¬β,–k¬β“ρ’–Ϊπ”Τ,131237,“‹“s,]Λμ‹ζ,Ό¬β‚P’–Ϊ,2020-06-01,22,“ΉHγ,‚»‚Μ‘Ό,{ω‚Ή‚Έ,‚ ‚θ
ή“,Τγ‚Λ‚η‚Ά,¬β,–k¬β“ρ’–Ϊπ”Τ,131237,“‹“s,]Λμ‹ζ,Ό¬β‚T’–Ϊ,2020-04-07,15,“ΉHγ,‚»‚Μ‘Ό,{ω‚Ή‚Έ,‚ ‚θ
ή“,Τγ‚Λ‚η‚Ά,¬β,‹¬¬β‰w‘Oπ”Τ,131237,“‹“s,]Λμ‹ζ,–k¬β‚U’–Ϊ,2020-03-20,22,“ΉHγ,‚»‚Μ‘Ό,{ω‚Ή‚Έ,‚Θ‚µ
ή“,Τγ‚Λ‚η‚Ά,¬β,‹¬¬β‰w‘Oπ”Τ,131237,“‹“s,]Λμ‹ζ,–k¬β‚U’–Ϊ,2020-11-11,06,“ΉHγ,‚»‚Μ‘Ό,{ω‚Ή‚Έ,‚Θ‚µ
ή“,Τγ‚Λ‚η‚Ά,¬β,]Λμπ”Τ,131237,“‹“s,]Λμ‹ζ,–k¬β‚R’–Ϊ,2020-09-17,13,“ΉHγ,‚»‚Μ‘Ό,{ω‚Ή‚Έ,‚ ‚θ
ή“,Τγ‚Λ‚η‚Ά,¬β,]Λμπ”Τ,131237,“‹“s,]Λμ‹ζ,–k¬β‚S’–Ϊ,2020-01-07,11,“ΉHγ,‚»‚Μ‘Ό,{ω‚Ή‚Έ,‚ ‚θ
ή“,Τγ‚Λ‚η‚Ά,¬β,]Λμπ”Τ,131237,“‹“s,]Λμ‹ζ,–k¬β‚S’–Ϊ,2020-05-24,11,’“Τi—Φjκ,’“Τi—Φjκ,{ω‚Ή‚Έ,‚ ‚θ
ή“,Τγ‚Λ‚η‚Ά,¬β,]Λμπ”Τ,131237,“‹“s,]Λμ‹ζ,“¬β‚U’–Ϊ,2020-09-23,09,κΛZ‘ξ,‚»‚Μ‘Ό,{ω‚Ή‚Έ,‚ ‚θ
ή“,Τγ‚Λ‚η‚Ά,¬β,–k¬β’“έ,131237,“‹“s,]Λμ‹ζ,–k¬β‚V’–Ϊ,2020-07-28,09,“ΉHγ,‚»‚Μ‘Ό,{ω‚Ή‚Έ,‚ ‚θ
ή“,Τγ‚Λ‚η‚Ά,¬β,–k¬β’“έ,131237,“‹“s,]Λμ‹ζ,–k¬β‚W’–Ϊ,2020-03-24,10,’“Τi—Φjκ,’“Τi—Φjκ,{ω‚Ή‚Έ,‚ ‚θ
ή“,Τγ‚Λ‚η‚Ά,¬β,γκF’“έ,131237,“‹“s,]Λμ‹ζ,‹»‹{’¬,2020-10-31,00,‚»‚Μ‘Ό‚ΜZ‘ξi‚RK‚ΔΘ‰Ί‹¤“―Z‘ξ“™j,’“Τi—Φjκ,{ω‚Ή‚Έ,‚Θ‚µ
ή“,Τγ‚Λ‚η‚Ά,¬β,γκF’“έ,131237,“‹“s,]Λμ‹ζ,‹»‹{’¬,2020-12-02,17,‚»‚Μ‘Ό‚ΜZ‘ξi‚RK‚ΔΘ‰Ί‹¤“―Z‘ξ“™j,’“Τi—Φjκ,{ω‚Ή‚Έ,‚ ‚θ
ή“,Τγ‚Λ‚η‚Ά,¬β,γκF’“έ,131237,“‹“s,]Λμ‹ζ,γκF‚P’–Ϊ,2020-10-29,13,‚»‚Μ‘Ό‚ΜZ‘ξi‚RK‚ΔΘ‰Ί‹¤“―Z‘ξ“™j,’“Τi—Φjκ,{ω‚Ή‚Έ,‚Θ‚µ
ή“,Τγ‚Λ‚η‚Ά,¬β,­π”Τ,131237,“‹“s,]Λμ‹ζ,­‚P’–Ϊ,2020-03-12,17,‚»‚Μ‘Ό,’“Τi—Φjκ,{ω‚Ή‚Έ,‚Θ‚µ
ή“,Τγ‚Λ‚η‚Ά,‹Ό,‘D–x‰w‘Oπ”Τ,131237,“‹“s,]Λμ‹ζ,‘D–x‚P’–Ϊ,2019-12-29,10,’“Τi—Φjκ,’“Τi—Φjκ,{ω‚Ή‚Έ,‚Θ‚µ
ή“,Τγ‚Λ‚η‚Ά,‹Ό,‘D–x‰w‘Oπ”Τ,131237,“‹“s,]Λμ‹ζ,‘D–x‚R’–Ϊ,2020-07-18,18,κΛZ‘ξ,’“Τi—Φjκ,{ω‚Ή‚Έ,‚ ‚θ
ή“,Τγ‚Λ‚η‚Ά,‹Ό,‘D–x‰w‘Oπ”Τ,131237,“‹“s,]Λμ‹ζ,‘D–x‚S’–Ϊ,2020-03-26,13,’“Τi—Φjκ,’“Τi—Φjκ,{ω‚Ή‚Έ,‚ ‚θ
ή“,Τγ‚Λ‚η‚Ά,‹Ό,‘D–x‰w‘Oπ”Τ,131237,“‹“s,]Λμ‹ζ,‘D–x‚S’–Ϊ,2020-12-27,17,‚»‚Μ‘Ό,‚»‚Μ‘Ό,{ω‚Ή‚Έ,‚Θ‚µ
ή“,Τγ‚Λ‚η‚Ά,‹Ό,‹Ό‹΄“π”Τ,131237,“‹“s,]Λμ‹ζ,–k‹Ό‚S’–Ϊ,2020-03-01,15,‚»‚Μ‘Ό,‚»‚Μ‘Ό,{ω‚Ή‚Έ,‚Θ‚µ
ή“,Τγ‚Λ‚η‚Ά,‹Ό,‹Ό‹΄“π”Τ,131237,“‹“s,]Λμ‹ζ,–k‹Ό‚S’–Ϊ,2020-07-02,21,‚SK‚ΔΘγ‹¤“―Z‘ξ,’“Τi—Φjκ,{ω‚Ή‚Έ,‚ ‚θ
ή“,Τγ‚Λ‚η‚Ά,‹Ό,‹Ό‹΄“π”Τ,131237,“‹“s,]Λμ‹ζ,–k‹Ό‚S’–Ϊ,2020-08-21,19,‚»‚Μ‘Ό,’“Τi—Φjκ,{ω‚Ή‚Έ,‚Θ‚µ
ή“,Τγ‚Λ‚η‚Ά,‹Ό,‹¤‰h‹΄π”Τ,131237,“‹“s,]Λμ‹ζ,’†‹Ό‚P’–Ϊ,2019-12-28,17,’“Τi—Φjκ,’“Τi—Φjκ,{ω‚Ή‚Έ,‚Θ‚µ
ή“,Τγ‚Λ‚η‚Ά,‹Ό,‹¤‰h‹΄π”Τ,131237,“‹“s,]Λμ‹ζ,’†‹Ό‚P’–Ϊ,2020-03-01,15,‚»‚Μ‘Ό,‚»‚Μ‘Ό,{ω‚Ή‚Έ,‚ ‚θ
ή“,Τγ‚Λ‚η‚Ά,‹Ό,‹¤‰h‹΄π”Τ,131237,“‹“s,]Λμ‹ζ,’†‹Ό‚P’–Ϊ,2020-08-30,03,‚»‚Μ‘Ό,’“Τi—Φjκ,{ω‚Ή‚Έ,‚ ‚θ
ή“,Τγ‚Λ‚η‚Ά,‹Ό,‹¤‰h‹΄π”Τ,131237,“‹“s,]Λμ‹ζ,’†‹Ό‚P’–Ϊ,2020-09-20,18,κΛZ‘ξ,’“Τi—Φjκ,{ω‚Ή‚Έ,‚ ‚θ
ή“,Τγ‚Λ‚η‚Ά,‹Ό,‹¤‰h‹΄π”Τ,131237,“‹“s,]Λμ‹ζ,’†‹Ό‚Q’–Ϊ,2020-04-29,11,‚»‚Μ‘Ό‚ΜZ‘ξi‚RK‚ΔΘ‰Ί‹¤“―Z‘ξ“™j,’“Τi—Φjκ,{ω‚Ή‚Έ,‚ ‚θ
ή“,Τγ‚Λ‚η‚Ά,‹Ό,‹¤‰h‹΄π”Τ,131237,“‹“s,]Λμ‹ζ,’†‹Ό‚R’–Ϊ,2020-03-13,17,“ΉHγ,‚»‚Μ‘Ό,{ω‚Ή‚Έ,‚ ‚θ
ή“,Τγ‚Λ‚η‚Ά,‹Ό,“‹Όά’–Ϊπ”Τ,131237,“‹“s,]Λμ‹ζ,“‹Ό‚S’–Ϊ,2020-02-05,23,‚SK‚ΔΘγ‹¤“―Z‘ξ,’“Τi—Φjκ,{ω‚Ή‚Έ,‚ ‚θ
ή“,Τγ‚Λ‚η‚Ά,‹Ό,“‹Όά’–Ϊπ”Τ,131237,“‹“s,]Λμ‹ζ,“‹Ό‚S’–Ϊ,2020-02-24,17,‚»‚Μ‘Ό,‚»‚Μ‘Ό,{ω‚Ή‚Έ,‚ ‚θ
ή“,Τγ‚Λ‚η‚Ά,‹Ό,“‹Όά’–Ϊπ”Τ,131237,“‹“s,]Λμ‹ζ,“‹Ό‚S’–Ϊ,2020-11-25,21,‚»‚Μ‘Ό‚ΜZ‘ξi‚RK‚ΔΘ‰Ί‹¤“―Z‘ξ“™j,’“Τi—Φjκ,{ω‚Ή‚Έ,‚ ‚θ
ή“,Τγ‚Λ‚η‚Ά,‹Ό,Ό‹Ό‰w‘Oπ”Τ,131237,“‹“s,]Λμ‹ζ,–k‹Ό‚S’–Ϊ,2020-07-29,22,‚»‚Μ‘Ό,’“Τi—Φjκ,{ω‚Ή‚Έ,‚Θ‚µ
ή“,Τγ‚Λ‚η‚Ά,‹Ό,Ό‹Ό‰w‘Oπ”Τ,131237,“‹“s,]Λμ‹ζ,Ό‹Ό‚R’–Ϊ,2020-10-04,22,“ΉHγ,‚»‚Μ‘Ό,{ω‚Ή‚Έ,‚ ‚θ
ή“,Τγ‚Λ‚η‚Ά,‹Ό,Ό‹Ό‰w‘Oπ”Τ,131237,“‹“s,]Λμ‹ζ,Ό‹Ό‚S’–Ϊ,2020-01-09,16,‚»‚Μ‘Ό,’“Τi—Φjκ,{ω‚Ή‚Έ,‚Θ‚µ
ή“,Τγ‚Λ‚η‚Ά,‹Ό,Ό‹Ό‰w‘Oπ”Τ,131237,“‹“s,]Λμ‹ζ,Ό‹Ό‚T’–Ϊ,2020-03-10,02,“ΉHγ,‚»‚Μ‘Ό,{ω‚Ή‚Έ,‚ ‚θ
ή“,Τγ‚Λ‚η‚Ά,‹Ό,Ό‹Ό‰w‘Oπ”Τ,131237,“‹“s,]Λμ‹ζ,Ό‹Ό‚T’–Ϊ,2020-08-07,17,“ΉHγ,‚»‚Μ‘Ό,{ω‚Ή‚Έ,‚Θ‚µ
ή“,Τγ‚Λ‚η‚Ά,‹Ό,Ό‹Ό‰w‘Oπ”Τ,131237,“‹“s,]Λμ‹ζ,Ό‹Ό‚U’–Ϊ,2020-05-28,20,’“Τi—Φjκ,’“Τi—Φjκ,{ω‚Ή‚Έ,‚ ‚θ
ή“,Τγ‚Λ‚η‚Ά,‹Ό,Ό‹Ό‰w‘Oπ”Τ,131237,“‹“s,]Λμ‹ζ,Ό‹Ό‚V’–Ϊ,2020-03-20,20,‚»‚Μ‘Ό,’“Τi—Φjκ,{ω‚Ή‚Έ,‚Θ‚µ
ή“,Τγ‚Λ‚η‚Ά,‹Ό,‰Fμ“c’“έ,131237,“‹“s,]Λμ‹ζ,‰Fμ“c’¬,2020-07-12,01,κΛZ‘ξ,’“Τi—Φjκ,{ω‚Ή‚Έ,‚ ‚θ
ή“,Τγ‚Λ‚η‚Ά,‹Ό,‰Fμ“c’“έ,131237,“‹“s,]Λμ‹ζ,–k‹Ό‚T’–Ϊ,2020-02-12,14,‚»‚Μ‘Ό,‚»‚Μ‘Ό,{ω‚Ή‚Έ,‚ ‚θ
ή“,Τγ‚Λ‚η‚Ά,‹Ό,‰Fμ“c’“έ,131237,“‹“s,]Λμ‹ζ,–k‹Ό‚T’–Ϊ,2020-02-29,13,‚»‚Μ‘Ό,‚»‚Μ‘Ό,{ω‚Ή‚Έ,‚ ‚θ
ή“,Τγ‚Λ‚η‚Ά,‹Ό,“‹Ό‹γ’–Ϊ’“έ,131237,“‹“s,]Λμ‹ζ,“‹Ό‚X’–Ϊ,2020-02-08,12,’“Τi—Φjκ,’“Τi—Φjκ,{ω‚Ή‚Έ,‚Θ‚µ
ή“,Τγ‚Λ‚η‚Ά,‹Ό,“‹Ό‹γ’–Ϊ’“έ,131237,“‹“s,]Λμ‹ζ,“‹Ό‚X’–Ϊ,2020-12-14,12,‚»‚Μ‘Ό,’“Τi—Φjκ,{ω‚Ή‚Έ,‚ ‚θ
ή“,Τγ‚Λ‚η‚Ά,‹Ό,“‹Ό‹γ’–Ϊ’“έ,131237,“‹“s,]Λμ‹ζ,“‹Ό‚X’–Ϊ,2020-12-27,13,‚»‚Μ‘Ό,’“Τi—Φjκ,{ω‚Ή‚Έ,‚Θ‚µ
ή“,Τγ‚Λ‚η‚Ά,‹Ό,“μ‹Όπ”Τ,131237,“‹“s,]Λμ‹ζ,“μ‹Ό‚Q’–Ϊ,2020-03-09,16,‚»‚Μ‘Ό,‚»‚Μ‘Ό,{ω‚Ή‚Έ,‚ ‚θ
ή“,Τγ‚Λ‚η‚Ά,‹Ό,“μ‹Όπ”Τ,131237,“‹“s,]Λμ‹ζ,“μ‹Ό‚S’–Ϊ,2020-03-01,20,“ΉHγ,‚»‚Μ‘Ό,{ω‚Ή‚Έ,‚ ‚θ
ή“,Τγ‚Λ‚η‚Ά,‹Ό,“μ‹Όπ”Τ,131237,“‹“s,]Λμ‹ζ,“μ‹Ό‚T’–Ϊ,2020-10-14,22,‚»‚Μ‘Ό,’“Τi—Φjκ,{ω‚Ή‚Έ,‚ ‚θ
ή“,Τγ‚Λ‚η‚Ά,‹Ό,“μ‹Όπ”Τ,131237,“‹“s,]Λμ‹ζ,–x]’¬,2020-03-06,15,‚»‚Μ‘Ό,‚»‚Μ‘Ό,{ω‚Ή‚Έ,‚ ‚θ
ή“,Τγ‚Λ‚η‚Ά,‹Ό,‹Ό‰w‘Oπ”Τ,131237,“‹“s,]Λμ‹ζ,’†‹Ό‚U’–Ϊ,2020-10-05,15,‚SK‚ΔΘγ‹¤“―Z‘ξ,’“Τi—Φjκ,{ω‚Ή‚Έ,‚ ‚θ
ή“,Τγ‚Λ‚η‚Ά,‹Ό,‹Ό‰w‘Oπ”Τ,131237,“‹“s,]Λμ‹ζ,’†‹Ό‚V’–Ϊ,2020-09-20,12,‚»‚Μ‘Ό,’“Τi—Φjκ,{ω‚Ή‚Έ,‚ ‚θ
ή“,Τγ‚Λ‚η‚Ά,‹Ό,‹Ό‰w‘Oπ”Τ,131237,“‹“s,]Λμ‹ζ,’†‹Ό‚W’–Ϊ,2020-04-10,20,‚»‚Μ‘Ό,‚»‚Μ‘Ό,{ω‚Ή‚Έ,‚Θ‚µ
ή“,Τγ‚Λ‚η‚Ά,‹Ό,]ΛμZ’–Ϊπ”Τ,131237,“‹“s,]Λμ‹ζ,]Λμ‚T’–Ϊ,2020-07-15,17,κΛZ‘ξ,’“Τi—Φjκ,{ω‚Ή‚Έ,‚Θ‚µ
ή“,Τγ‚Λ‚η‚Ά,‹Ό,]ΛμZ’–Ϊπ”Τ,131237,“‹“s,]Λμ‹ζ,t]’¬‚T’–Ϊ,2020-06-13,20,κΛZ‘ξ,’“Τi—Φjκ,{ω‚Ή‚Έ,‚Θ‚µ
ή“,Τγ‚Λ‚η‚Ά,‹Ό,]ΛμZ’–Ϊπ”Τ,131237,“‹“s,]Λμ‹ζ,t]’¬‚T’–Ϊ,2020-07-16,19,κΛZ‘ξ,’“Τi—Φjκ,{ω‚Ή‚Έ,‚ ‚θ
ή“,Τγ‚Λ‚η‚Ά,‹Ό,—ΥCφ‰€π”Τ,131237,“‹“s,]Λμ‹ζ,“μ‹Ό‚T’–Ϊ,2020-07-11,21,‚»‚Μ‘Ό‚ΜZ‘ξi‚RK‚ΔΘ‰Ί‹¤“―Z‘ξ“™j,’“Τi—Φjκ,{ω‚Ή‚Έ,‚ ‚θ
ή“,Τγ‚Λ‚η‚Ά,‹Ό,—ΥCφ‰€π”Τ,131237,“‹“s,]Λμ‹ζ,—ΥC’¬‚U’–Ϊ,2020-08-07,08,‚»‚Μ‘Ό,’“Τi—Φjκ,{ω‚Ή‚Έ,‚Θ‚µ
ή“,Τγ‚Λ‚η‚Ά,‹Ό,—ΥCφ‰€π”Τ,131237,“‹“s,]Λμ‹ζ,—ΥC’¬‚U’–Ϊ,2020-10-19,10,‚»‚Μ‘Ό,’“Τi—Φjκ,{ω‚Ή‚Έ,‚ ‚θ
ή“,Τγ‚Λ‚η‚Ά,“μ‘ε‘ς,–k–μ‰w‘Oπ”Τ,132012,“‹“s,”ª‰¤qs,‘Ε‰z’¬,2020-03-05,18,’“Τi—Φjκ,’“Τi—Φjκ,{ω‚Ή‚Έ,‚Θ‚µ
ή“,Τγ‚Λ‚η‚Ά,“μ‘ε‘ς,–k–μ‰w‘Oπ”Τ,132012,“‹“s,”ª‰¤qs,–k–μ’¬,2020-12-14,09,‚»‚Μ‘Ό,’“Τi—Φjκ,{ω‚Ή‚Έ,‚ ‚θ
ή“,Τγ‚Λ‚η‚Ά,“μ‘ε‘ς,–k–μ‰w‘Oπ”Τ,132012,“‹“s,”ª‰¤qs,’·ΐ’¬,2020-10-18,10,κΛZ‘ξ,’“Τi—Φjκ,{ω‚Ή‚Έ,‚ ‚θ
ή“,Τγ‚Λ‚η‚Ά,“μ‘ε‘ς,–k–μ‰w‘Oπ”Τ,132012,“‹“s,”ª‰¤qs,’·ΐ’¬,2020-10-21,10,κΛZ‘ξ,’“Τi—Φjκ,{ω‚Ή‚Έ,‚ ‚θ
ή“,Τγ‚Λ‚η‚Ά,“μ‘ε‘ς,‚—δπ”Τ,132012,“‹“s,”ª‰¤qs,•Π‘q’¬,2020-06-05,15,‚»‚Μ‘Ό,‚»‚Μ‘Ό,{ω‚Ή‚Έ,‚Θ‚µ
ή“,Τγ‚Λ‚η‚Ά,“μ‘ε‘ς,“μ‘ε‘ς‰w‘Oπ”Τ,132012,“‹“s,”ª‰¤qs,“μ‘ε‘ς‚P’–Ϊ,2020-11-23,14,‚»‚Μ‘Ό,’“Τi—Φjκ,{ω‚Ή‚Έ,‚Θ‚µ
ή“,Τγ‚Λ‚η‚Ά,“μ‘ε‘ς,“μ‘ε‘ς‰w‘Oπ”Τ,132012,“‹“s,”ª‰¤qs,“μ‘ε‘ς‚P’–Ϊ,2020-11-30,15,‚»‚Μ‘Ό,’“Τi—Φjκ,{ω‚Ή‚Έ,‚ ‚θ
ή“,Τγ‚Λ‚η‚Ά,“μ‘ε‘ς,“μ‘ε‘ς‰w‘Oπ”Τ,132012,“‹“s,”ª‰¤qs,“μ‘ε‘ς‚Q’–Ϊ,2020-11-19,09,‚»‚Μ‘Ό,’“Τi—Φjκ,{ω‚Ή‚Έ,‚Θ‚µ
ή“,Τγ‚Λ‚η‚Ά,“μ‘ε‘ς,“μ‘ε‘ς‰w‘Oπ”Τ,132012,“‹“s,”ª‰¤qs,“μ‘ε‘ς‚Q’–Ϊ,2020-12-22,17,“ΉHγ,‚»‚Μ‘Ό,{ω‚Ή‚Έ,‚Θ‚µ
ή“,Τγ‚Λ‚η‚Ά,“μ‘ε‘ς,‚έ‚Θ‚έ–μπ”Τ,132012,“‹“s,”ª‰¤qs,•Π‘q’¬,2020-02-05,10,‚»‚Μ‘Ό,’“Τi—Φjκ,{ω‚Ή‚Έ,‚Θ‚µ
ή“,Τγ‚Λ‚η‚Ά,“μ‘ε‘ς,‚έ‚Θ‚έ–μπ”Τ,132012,“‹“s,”ª‰¤qs,•Ί‰q‚P’–Ϊ,2020-01-06,05,’“Τi—Φjκ,’“Τi—Φjκ,{ω‚Ή‚Έ,‚Θ‚µ
ή“,Τγ‚Λ‚η‚Ά,“μ‘ε‘ς,‚έ‚Θ‚έ–μπ”Τ,132012,“‹“s,”ª‰¤qs,‚έ‚Θ‚έ–μ‚P’–Ϊ,2020-07-31,16,’“Τi—Φjκ,’“Τi—Φjκ,{ω‚Ή‚Έ,‚ ‚θ
ή“,Τγ‚Λ‚η‚Ά,“μ‘ε‘ς,γ—M–Ψ’“έ,132012,“‹“s,”ª‰¤qs,–ψ…‚Q’–Ϊ,2020-06-27,16,κΛZ‘ξ,’“Τi—Φjκ,{ω‚Ή‚Έ,‚ ‚θ
ή“,Τγ‚Λ‚η‚Ά,“μ‘ε‘ς,‹{γ’“έ,132012,“‹“s,”ª‰¤qs,–ψ…‚Q’–Ϊ,2020-01-17,18,“ΉHγ,‚»‚Μ‘Ό,{ω‚Ή‚Έ,‚Θ‚µ
ή“,Τγ‚Λ‚η‚Ά,“μ‘ε‘ς,‹{γ’“έ,132012,“‹“s,”ª‰¤qs,–ψ…‚Q’–Ϊ,2020-11-30,02,κΛZ‘ξ,’“Τi—Φjκ,{ω‚Ή‚Έ,‚ ‚θ
ή“,Τγ‚Λ‚η‚Ά,“μ‘ε‘ς,¬R’“έ,132012,“‹“s,”ª‰¤qs,–ψ…‚Q’–Ϊ,2020-09-16,15,κΛZ‘ξ,’“Τi—Φjκ,{ω‚Ή‚Έ,‚ ‚θ
ή“,Τγ‚Λ‚η‚Ά,‚”φ,‚”φ‰w‘Oπ”Τ,132012,“‹“s,”ª‰¤qs,‹·Τ’¬,2020-05-27,14,‚»‚Μ‘Ό,’“Τi—Φjκ,{ω‚Ή‚Έ,‚ ‚θ
ή“,Τγ‚Λ‚η‚Ά,‚”φ,‚”φ‰w‘Oπ”Τ,132012,“‹“s,”ª‰¤qs,‰‘ς’¬,2020-06-14,17,‚»‚Μ‘Ό,’“Τi—Φjκ,{ω‚Ή‚Έ,‚Θ‚µ
ή“,Τγ‚Λ‚η‚Ά,‚”φ,‚”φ‰w‘Oπ”Τ,132012,“‹“s,”ª‰¤qs,‰‘ς’¬,2020-10-11,11,‚»‚Μ‘Ό‚ΜZ‘ξi‚RK‚ΔΘ‰Ί‹¤“―Z‘ξ“™j,’“Τi—Φjκ,{ω‚Ή‚Έ,‚ ‚θ
ή“,Τγ‚Λ‚η‚Ά,‚”φ,‚”φ‰w‘Oπ”Τ,132012,“‹“s,”ª‰¤qs,“σμ’¬,2020-08-01,15,‚»‚Μ‘Ό,’“Τi—Φjκ,{ω‚Ή‚Έ,‚Θ‚µ
ή“,Τγ‚Λ‚η‚Ά,‚”φ,‚ί‚¶‚λ‘δπ”Τ,132012,“‹“s,”ª‰¤qs,­“c’¬,2020-03-01,10,“ΉHγ,‚»‚Μ‘Ό,{ω‚Ή‚Έ,‚ ‚θ
ή“,Τγ‚Λ‚η‚Ά,‚”φ,‚ί‚¶‚λ‘δπ”Τ,132012,“‹“s,”ª‰¤qs,­“c’¬,2020-03-31,07,“ΉHγ,‚»‚Μ‘Ό,{ω‚Ή‚Έ,‚ ‚θ
ή“,Τγ‚Λ‚η‚Ά,‚”φ,‚ί‚¶‚λ‘δπ”Τ,132012,“‹“s,”ª‰¤qs,‚ί‚¶‚λ‘δ‚R’–Ϊ,2019-11-10,11,“ΉHγ,‚»‚Μ‘Ό,{ω‚Ή‚Έ,‚ ‚θ
ή“,Τγ‚Λ‚η‚Ά,‚”φ,‚ί‚¶‚λ‘δπ”Τ,132012,“‹“s,”ª‰¤qs,‚ί‚¶‚λ‘δ‚R’–Ϊ,2020-10-20,07,“ΉHγ,‚»‚Μ‘Ό,{ω‚Ή‚Έ,‚ ‚θ
ή“,Τγ‚Λ‚η‚Ά,‚”φ,z–Kπ”Τ,132012,“‹“s,”ª‰¤qs,’J’¬,2020-12-04,23,‚»‚Μ‘Ό‚ΜZ‘ξi‚RK‚ΔΘ‰Ί‹¤“―Z‘ξ“™j,’“Τi—Φjκ,{ω‚Ή‚Έ,‚ ‚θ
ή“,Τγ‚Λ‚η‚Ά,‚”φ,z–Kπ”Τ,132012,“‹“s,”ª‰¤qs,γλ•ª•ϋ’¬,2020-08-18,19,κΛZ‘ξ,’“Τi—Φjκ,{ω‚Ή‚Έ,‚ ‚θ
ή“,Τγ‚Λ‚η‚Ά,‚”φ,³”ª‰¤qπ”Τ,132012,“‹“s,”ª‰¤qs,³”ª‰¤q’¬‚P’–Ϊ,2020-04-01,09,‚»‚Μ‘Ό,’“Τi—Φjκ,{ω‚Ή‚Έ,‚Θ‚µ
ή“,Τγ‚Λ‚η‚Ά,‚”φ,“σμ’“έ,132012,“‹“s,”ª‰¤qs,“σμ’¬,2020-03-10,02,‚»‚Μ‘Ό,’“Τi—Φjκ,{ω‚Ή‚Έ,‚ ‚θ
ή“,Τγ‚Λ‚η‚Ά,‚”φ,Ω’“έ,132012,“‹“s,”ª‰¤qs,Ω’¬,2019-12-12,12,κΛZ‘ξ,’“Τi—Φjκ,{ω‚Ή‚Έ,‚ ‚θ
ή“,Τγ‚Λ‚η‚Ά,‚”φ,›“c’c’n’“έ,132012,“‹“s,”ª‰¤qs,›“c’¬,2020-10-15,08,“ΉHγ,‚»‚Μ‘Ό,{ω‚Ή‚Έ,‚ ‚θ
ή“,Τγ‚Λ‚η‚Ά,‚”φ,›“c’c’n’“έ,132012,“‹“s,”ª‰¤qs,›“c’¬,2020-10-30,13,“ΉHγ,‚»‚Μ‘Ό,{ω‚Ή‚Έ,‚ ‚θ
ή“,Τγ‚Λ‚η‚Ά,‚”φ,‰Ί‰¶•ϋ’“έ,132012,“‹“s,”ª‰¤qs,‰Ί‰¶•ϋ’¬,2020-06-02,20,κΛZ‘ξ,’“Τi—Φjκ,{ω‚Ή‚Έ,‚ ‚θ
ή“,Τγ‚Λ‚η‚Ά,‘½–€’†‰›,χƒP‹u‰w‘Oπ”Τ,132241,“‹“s,‘½–€s,κƒm‹{‚P’–Ϊ,2020-08-28,19,‚»‚Μ‘Ό,’“Τi—Φjκ,{ω‚Ή‚Έ,‚Θ‚µ
ή“,Τγ‚Λ‚η‚Ά,‘½–€’†‰›,χƒP‹u‰w‘Oπ”Τ,132241,“‹“s,‘½–€s,κƒm‹{‚S’–Ϊ,2020-02-14,14,‚»‚Μ‘Ό,’“Τi—Φjκ,{ω‚Ή‚Έ,‚Θ‚µ
ή“,Τγ‚Λ‚η‚Ά,‘½–€’†‰›,χƒP‹u‰w‘Oπ”Τ,132241,“‹“s,‘½–€s,ΦΛ‚P’–Ϊ,2020-06-23,10,“ΉHγ,‚»‚Μ‘Ό,{ω‚Ή‚Έ,‚Θ‚µ
ή“,Τγ‚Λ‚η‚Ά,‘½–€’†‰›,χƒP‹u‰w‘Oπ”Τ,132241,“‹“s,‘½–€s,ΦΛ‚P’–Ϊ,2020-06-24,14,’“Τi—Φjκ,’“Τi—Φjκ,{ω‚Ή‚Έ,‚Θ‚µ
ή“,Τγ‚Λ‚η‚Ά,‘½–€’†‰›,χƒP‹u‰w‘Oπ”Τ,132241,“‹“s,‘½–€s,ΦΛ‚P’–Ϊ,2020-09-07,12,’“Τi—Φjκ,’“Τi—Φjκ,{ω‚Ή‚Έ,‚Θ‚µ
ή“,Τγ‚Λ‚η‚Ά,‘½–€’†‰›,χƒP‹u‰w‘Oπ”Τ,132241,“‹“s,‘½–€s,ΦΛ‚Q’–Ϊ,2020-03-28,15,‚SK‚ΔΘγ‹¤“―Z‘ξ,’“Τi—Φjκ,{ω‚Ή‚Έ,‚ ‚θ
ή“,Τγ‚Λ‚η‚Ά,‘½–€’†‰›,χƒP‹u‰w‘Oπ”Τ,132241,“‹“s,‘½–€s,ΦΛ‚Q’–Ϊ,2020-05-07,22,κΛZ‘ξ,’“Τi—Φjκ,{ω‚Ή‚Έ,‚Θ‚µ
ή“,Τγ‚Λ‚η‚Ά,‘½–€’†‰›,χƒP‹u‰w‘Oπ”Τ,132241,“‹“s,‘½–€s,ΦΛ‚S’–Ϊ,2020-12-18,13,’“Τi—Φjκ,’“Τi—Φjκ,{ω‚Ή‚Έ,‚Θ‚µ
ή“,Τγ‚Λ‚η‚Ά,‘½–€’†‰›,‰iR‰w‘Oπ”Τ,132241,“‹“s,‘½–€s,‰iR‚R’–Ϊ,2020-07-19,13,‚SK‚ΔΘγ‹¤“―Z‘ξ,’“Τi—Φjκ,{ω‚Ή‚Έ,‚ ‚θ
ή“,Τγ‚Λ‚η‚Ά,‘½–€’†‰›,‘½–€ƒZƒ“ƒ^[‰w‘Oπ”Τ,132241,“‹“s,‘½–€s,—‡‚Q’–Ϊ,2020-08-20,15,‚»‚Μ‘Ό,’“Τi—Φjκ,{ω‚Ή‚Έ,‚Θ‚µ
ή“,Τγ‚Λ‚η‚Ά,‘½–€’†‰›,‘εΫπ”Τ,132250,“‹“s,ξιs,‘εΫ,2020-04-15,17,‚»‚Μ‘Ό,’“Τi—Φjκ,{ω‚Ή‚Έ,‚Θ‚µ
ή“,Τγ‚Λ‚η‚Ά,‘½–€’†‰›,‘εΫπ”Τ,132250,“‹“s,ξιs,“’·ΐ,2020-06-23,17,’“Τi—Φjκ,’“Τi—Φjκ,{ω‚Ή‚Έ,‚Θ‚µ
ή“,Τγ‚Λ‚η‚Ά,‘½–€’†‰›,–ξ–μϋπ”Τ,132250,“‹“s,ξιs,–ξ–μϋ,2020-10-07,07,’“Τi—Φjκ,’“Τi—Φjκ,{ω‚Ή‚Έ,‚Θ‚µ
ή“,Τγ‚Λ‚η‚Ά,‘½–€’†‰›,–ξ–μϋπ”Τ,132250,“‹“s,ξιs,–ξ–μϋ,2020-11-21,17,“ΉHγ,‚»‚Μ‘Ό,{ω‚Ή‚Έ,‚Θ‚µ
ή“,Τγ‚Λ‚η‚Ά,‘½–€’†‰›,Aυ›’“έ,132241,“‹“s,‘½–€s,Aυ›‚Q’–Ϊ,2020-07-09,13,“ΉHγ,‚»‚Μ‘Ό,{ω‚Ή‚Έ,‚ ‚θ
ή“,Τγ‚Λ‚η‚Ά,“‘εa,‚―‚β‚«’Κπ”Τ,132209,“‹“s,“‘εas,‹·R‚T’–Ϊ,2020-05-06,12,’“Τi—Φjκ,’“Τi—Φjκ,{ω‚Ή‚Έ,‚Θ‚µ
ή“,Τγ‚Λ‚η‚Ά,“‘εa,‚―‚β‚«’Κπ”Τ,132209,“‹“s,“‘εas,’‡΄‚R’–Ϊ,2020-09-30,12,‚»‚Μ‘Ό,’“Τi—Φjκ,{ω‚Ή‚Έ,‚Θ‚µ
ή“,Τγ‚Λ‚η‚Ά,“‘εa,“μXπ”Τ,132209,“‹“s,“‘εas,“μX‚Q’–Ϊ,2020-04-20,20,’“Τi—Φjκ,’“Τi—Φjκ,{ω‚Ή‚Έ,‚Θ‚µ
ή“,Τγ‚Λ‚η‚Ά,“‘εa,“ή—Η‹΄π”Τ,132209,“‹“s,“‘εas,‚–Ψ‚R’–Ϊ,2020-06-27,17,κΛZ‘ξ,’“Τi—Φjκ,{ω‚Ή‚Έ,‚Θ‚µ
ή“,Τγ‚Λ‚η‚Ά,“‘εa,“ή—Η‹΄π”Τ,132209,“‹“s,“‘εas,’†‰›‚Q’–Ϊ,2020-11-24,16,‚»‚Μ‘Ό,’“Τi—Φjκ,{ω‚Ή‚Έ,‚ ‚θ
ή“,Τγ‚Λ‚η‚Ά,“‘εa,‘ΊRπ”Τ,132233,“‹“s,•‘ ‘ΊRs,‰|‚P’–Ϊ,2020-11-07,14,‚»‚Μ‘Ό,’“Τi—Φjκ,{ω‚Ή‚Έ,‚Θ‚µ
ή“,Τγ‚Λ‚η‚Ά,“‘εa,‘ΊRπ”Τ,132233,“‹“s,•‘ ‘ΊRs,‰|‚P’–Ϊ,2020-11-09,16,‚»‚Μ‘Ό,’“Τi—Φjκ,{ω‚Ή‚Έ,‚Θ‚µ
ή“,Τγ‚Λ‚η‚Ά,“‘εa,‘ΊRπ”Τ,132233,“‹“s,•‘ ‘ΊRs,‰|‚P’–Ϊ,2020-11-10,16,‚»‚Μ‘Ό,’“Τi—Φjκ,{ω‚Ή‚Έ,‚Θ‚µ
ή“,Τγ‚Λ‚η‚Ά,“‘εa,‘ΊRπ”Τ,132233,“‹“s,•‘ ‘ΊRs,‰|‚P’–Ϊ,2020-11-11,17,‚»‚Μ‘Ό,’“Τi—Φjκ,{ω‚Ή‚Έ,‚Θ‚µ
ή“,Τγ‚Λ‚η‚Ά,“‘εa,’†“΅π”Τ,132233,“‹“s,•‘ ‘ΊRs,‰|‚R’–Ϊ,2020-05-31,13,‚»‚Μ‘Ό,’“Τi—Φjκ,{ω‚Ή‚Έ,‚ ‚θ
ή“,Τγ‚Λ‚η‚Ά,“‘εa,’†“΅π”Τ,132233,“‹“s,•‘ ‘ΊRs,_–Ύ‚R’–Ϊ,2020-10-10,10,‚»‚Μ‘Ό,’“Τi—Φjκ,{ω‚Ή‚Έ,‚ ‚θ
ή“,Τγ‚Λ‚η‚Ά,“‘εa,’†“΅π”Τ,132233,“‹“s,•‘ ‘ΊRs,’†‰›‚Q’–Ϊ,2020-03-02,18,κΛZ‘ξ,’“Τi—Φjκ,{ω‚Ή‚Έ,‚ ‚θ
ή“,Τγ‚Λ‚η‚Ά,“‘εa,’†“΅π”Τ,132233,“‹“s,•‘ ‘ΊRs,–{’¬‚P’–Ϊ,2020-04-22,19,’“Τi—Φjκ,’“Τi—Φjκ,{ω‚Ή‚Έ,‚Θ‚µ
ή“,Τγ‚Λ‚η‚Ά,“‘εa,’†“΅π”Τ,132233,“‹“s,•‘ ‘ΊRs,–{’¬‚R’–Ϊ,2020-05-31,13,‚»‚Μ‘Ό,’“Τi—Φjκ,{ω‚Ή‚Έ,‚ ‚θ
ή“,Τγ‚Λ‚η‚Ά,“‘εa,Oƒc–Ψπ”Τ,132233,“‹“s,•‘ ‘ΊRs,c–x‚S’–Ϊ,2020-01-25,22,‚»‚Μ‘Ό,’“Τi—Φjκ,{ω‚Ή‚Έ,‚Θ‚µ
ή“,Τγ‚Λ‚η‚Ά,“‘εa,‚–Ψ’“έ,132209,“‹“s,“‘εas,‹·R‚R’–Ϊ,2020-09-10,08,‚»‚Μ‘Ό,’“Τi—Φjκ,{ω‚Ή‚Έ,‚ ‚θ
ή“,Τγ‚Λ‚η‚Ά,“‘εa,‹Κμγ…‰w‘Oπ”Τ,132209,“‹“s,“‘εas,χ‚ª‹u‚R’–Ϊ,2020-03-13,20,‚»‚Μ‘Ό,‚»‚Μ‘Ό,{ω‚Ή‚Έ,‚ ‚θ
ή“,Τγ‚Λ‚η‚Ά,“‘εa,‹Κμγ…‰w‘Oπ”Τ,132209,“‹“s,“‘εas,χ‚ª‹u‚R’–Ϊ,2020-10-02,21,‚»‚Μ‘Ό,‚»‚Μ‘Ό,{ω‚Ή‚Έ,‚ ‚θ
ή“,Τγ‚Λ‚η‚Ά,“‘εa,‹Κμγ…‰w‘Oπ”Τ,132209,“‹“s,“‘εas,χ‚ª‹u‚S’–Ϊ,2020-08-05,08,‚»‚Μ‘Ό,’“Τi—Φjκ,{ω‚Ή‚Έ,‚ ‚θ
ή“,Τγ‚Λ‚η‚Ά,Β”~,“Β”~‰w‘Oπ”Τ,132055,“‹“s,Β”~s,“Β”~‚U’–Ϊ,2019-12-31,00,“ΉHγ,‚»‚Μ‘Ό,{ω‚Ή‚Έ,‚ ‚θ
ή“,Τγ‚Λ‚η‚Ά,Β”~,‰Ν•Σ’“έ,132055,“‹“s,Β”~s,‰Ν•Σ’¬‚P’–Ϊ,2020-02-22,12,‚»‚Μ‘Ό,’“Τi—Φjκ,{ω‚Ή‚Έ,‚ ‚θ
ή“,Τγ‚Λ‚η‚Ά,Β”~,‘ε–ε’“έ,132055,“‹“s,Β”~s,‘ε–ε‚P’–Ϊ,2020-06-10,17,“ΉHγ,‚»‚Μ‘Ό,{ω‚Ή‚Έ,‚ ‚θ
ή“,Τγ‚Λ‚η‚Ά,Β”~,V’¬π”Τ,132055,“‹“s,Β”~s,V’¬‚P’–Ϊ,2020-04-20,21,‚»‚Μ‘Ό,’“Τi—Φjκ,{ω‚Ή‚Έ,‚ ‚θ
ή“,Τγ‚Λ‚η‚Ά,Β”~,V’¬π”Τ,132055,“‹“s,Β”~s,V’¬‚V’–Ϊ,2020-03-29,19,κΛZ‘ξ,‚»‚Μ‘Ό,{ω‚Ή‚Έ,‚ ‚θ
ή“,Τγ‚Λ‚η‚Ά,Β”~,V’¬π”Τ,132055,“‹“s,Β”~s,V’¬‚W’–Ϊ,2020-06-16,16,‚»‚Μ‘Ό,’“Τi—Φjκ,{ω‚Ή‚Έ,‚Θ‚µ
ή“,Τγ‚Λ‚η‚Ά,Β”~,V’¬π”Τ,132055,“‹“s,Β”~s,V’¬‚W’–Ϊ,2020-08-12,18,‚»‚Μ‘Ό,’“Τi—Φjκ,{ω‚Ή‚Έ,‚Θ‚µ
ή“,Τγ‚Λ‚η‚Ά,Β”~,΅δ’“έ,132055,“‹“s,Β”~s,΅δ‚P’–Ϊ,2020-06-16,01,κΛZ‘ξ,’“Τi—Φjκ,{ω‚Ή‚Έ,‚Θ‚µ
ή“,Τγ‚Λ‚η‚Ά,Β”~,΅δ’“έ,132055,“‹“s,Β”~s,΅δ‚Q’–Ϊ,2020-07-22,12,‚»‚Μ‘Ό,‚»‚Μ‘Ό,{ω‚Ή‚Έ,‚ ‚θ
ή“,Τγ‚Λ‚η‚Ά,Β”~,‰Ν•Σ‰w‘Oπ”Τ,132055,“‹“s,Β”~s,t‰ª’¬‚Q’–Ϊ,2020-08-05,14,‚»‚Μ‘Ό,‚»‚Μ‘Ό,{ω‚Ή‚Έ,‚ ‚θ
ή“,Τγ‚Λ‚η‚Ά,ά“ϊs,ά“ϊs‰w‘Oπ”Τ,132284,“‹“s,‚ ‚«‚ι–μs,ά“ϊs,2018-07-01,00,κΛZ‘ξ,’“Τi—Φjκ,{ω‚Ή‚Έ,‚Θ‚µ
ή“,Τγ‚Λ‚η‚Ά,ά“ϊs,ά“ϊs‰w‘Oπ”Τ,132284,“‹“s,‚ ‚«‚ι–μs,ά“ϊs,2018-07-01,00,κΛZ‘ξ,’“Τi—Φjκ,{ω‚Ή‚Έ,‚Θ‚µ
ή“,Τγ‚Λ‚η‚Ά,ά“ϊs,ά“ϊs‰w‘Oπ”Τ,132284,“‹“s,‚ ‚«‚ι–μs,ά“ϊs,2020-04-23,23,κΛZ‘ξ,’“Τi—Φjκ,{ω‚Ή‚Έ,‚Θ‚µ
ή“,Τγ‚Λ‚η‚Ά,ά“ϊs,ά“ϊs‰w‘Oπ”Τ,132284,“‹“s,‚ ‚«‚ι–μs,Ϊ’J‘δ,2020-06-07,17,’“Τi—Φjκ,’“Τi—Φjκ,{ω‚Ή‚Έ,‚Θ‚µ
ή“,Τγ‚Λ‚η‚Ά,ά“ϊs,•½δ’“έ,133051,“‹“s,“ϊ‚Μo’¬,‘ε•½δ,2020-04-19,22,κΛZ‘ξ,’“Τi—Φjκ,{ω‚Ή‚Έ,‚ ‚θ
ή“,Τγ‚Λ‚η‚Ά,ά“ϊs,•½δ’“έ,133051,“‹“s,“ϊ‚Μo’¬,‘ε•½δ,2020-09-11,15,‚»‚Μ‘Ό,’“Τi—Φjκ,{ω‚Ή‚Έ,‚Θ‚µ
ή“,Τγ‚Λ‚η‚Ά,•¶,•¶‰w‘Oπ”Τ,132187,“‹“s,•¶s,‰Α”ό•½‚P’–Ϊ,2020-08-29,22,‚»‚Μ‘Ό,’“Τi—Φjκ,{ω‚Ή‚Έ,‚ ‚θ
ή“,Τγ‚Λ‚η‚Ά,•¶,•¶‰w‘Oπ”Τ,132187,“‹“s,•¶s,‘ε•¶,2020-03-07,07,‚»‚Μ‘Ό,’“Τi—Φjκ,{ω‚Ή‚Έ,‚ ‚θ
ή“,Τγ‚Λ‚η‚Ά,•¶,•¶‰w‘Oπ”Τ,132187,“‹“s,•¶s,–{’¬,2020-04-04,13,’“Τi—Φjκ,’“Τi—Φjκ,{ω‚Ή‚Έ,‚ ‚θ
ή“,Τγ‚Λ‚η‚Ά,•¶,•¶‰w‘Oπ”Τ,132187,“‹“s,•¶s,–{’¬,2020-06-20,17,‚»‚Μ‘Ό,’“Τi—Φjκ,{ω‚Ή‚Έ,‚ ‚θ
ή“,Τγ‚Λ‚η‚Ά,•¶,•¶‰w‘Oπ”Τ,132187,“‹“s,•¶s,–{’¬,2020-07-30,14,‚»‚Μ‘Ό,‚»‚Μ‘Ό,{ω‚Ή‚Έ,‚ ‚θ
ή“,Τγ‚Λ‚η‚Ά,•¶,•¶‰w‘Oπ”Τ,132187,“‹“s,•¶s,•‘ –μ‘δ‚Q’–Ϊ,2020-06-24,21,‚»‚Μ‘Ό,’“Τi—Φjκ,{ω‚Ή‚Έ,‚Θ‚µ
ή“,Τγ‚Λ‚η‚Ά,•¶,‰΅“cπ”Τ,132187,“‹“s,•¶s,‘ε•¶,2020-01-17,17,’“Τi—Φjκ,’“Τi—Φjκ,{ω‚Ή‚Έ,‚Θ‚µ
ή“,Τγ‚Λ‚η‚Ά,•¶,‰΅“cπ”Τ,132187,“‹“s,•¶s,‘ε•¶,2020-03-28,19,’“Τi—Φjκ,’“Τi—Φjκ,{ω‚Ή‚Έ,‚Θ‚µ
ή“,Τγ‚Λ‚η‚Ά,•¶,‰΅“cπ”Τ,132187,“‹“s,•¶s,‘ε•¶,2020-04-06,16,’“Τi—Φjκ,’“Τi—Φjκ,{ω‚Ή‚Έ,‚Θ‚µ
ή“,Τγ‚Λ‚η‚Ά,•¶,“ΰoπ”Τ,132187,“‹“s,•¶s,‘εFμ,2020-04-16,15,‚»‚Μ‘Ό‚ΜZ‘ξi‚RK‚ΔΘ‰Ί‹¤“―Z‘ξ“™j,’“Τi—Φjκ,{ω‚Ή‚Έ,‚ ‚θ
ή“,Τγ‚Λ‚η‚Ά,•¶,γ•¶’“έ,132187,“‹“s,•¶s,‘ε•¶,2020-05-05,12,κΛZ‘ξ,’“Τi—Φjκ,{ω‚Ή‚Έ,‚ ‚θ
ή“,Τγ‚Λ‚η‚Ά,•¶,’·‰ª’“έ,133035,“‹“s,•δ’¬,‘ε’·‰ª’·’J•”,2019-03-01,•s–Ύ,κΛZ‘ξ,‚»‚Μ‘Ό,{ω‚Ή‚Έ,‚ ‚θ
ή“,Τγ‚Λ‚η‚Ά,•¶,³‹·R’“έ,133035,“‹“s,•δ’¬,‘ε‚ª,2020-03-09,14,‚»‚Μ‘Ό,‚»‚Μ‘Ό,{ω‚Ή‚Έ,‚Θ‚µ
ή“,Τγ‚Λ‚η‚Ά,•¶,³‹·R’“έ,133035,“‹“s,•δ’¬,‘ε‚ª,2020-07-22,12,‚»‚Μ‘Ό,‚»‚Μ‘Ό,{ω‚Ή‚Έ,‚Θ‚µ
ή“,Τγ‚Λ‚η‚Ά,•¶,‰H‘ΊΌ’“έ,132276,“‹“s,‰H‘Ίs,‰H‰Α”ό‚Q’–Ϊ,2020-10-27,19,κΛZ‘ξ,‚»‚Μ‘Ό,{ω‚Ή‚Έ,‚ ‚θ
ή“,Τγ‚Λ‚η‚Ά,•¶,‰H‘ΊΌ’“έ,132276,“‹“s,‰H‘Ίs,‰H‰Α”ό‚S’–Ϊ,2020-05-05,14,κΛZ‘ξ,‚»‚Μ‘Ό,{ω‚Ή‚Έ,‚Θ‚µ
ή“,Τγ‚Λ‚η‚Ά,•¶,‰H‘ΊΌ’“έ,132276,“‹“s,‰H‘Ίs,‰HΌ‚Q’–Ϊ,2020-10-02,17,κΛZ‘ξ,‚»‚Μ‘Ό,{ω‚Ή‚Έ,‚ ‚θ
ή“,Τγ‚Λ‚η‚Ά,•¶,‰H’“έ,132276,“‹“s,‰H‘Ίs,‰H’†‚S’–Ϊ,2020-02-11,21,κΛZ‘ξ,‚»‚Μ‘Ό,{ω‚Ή‚Έ,‚ ‚θ
ή“,Τγ‚Λ‚η‚Ά,•¶,‰H’“έ,132276,“‹“s,‰H‘Ίs,‰H’†‚S’–Ϊ,2020-11-10,21,κΛZ‘ξ,‚»‚Μ‘Ό,{ω‚Ή‚Έ,‚ ‚θ
ή“,Τγ‚Λ‚η‚Ά,•¶,_–Ύ‘δπ”Τ,132276,“‹“s,‰H‘Ίs,_–Ύ‘δ‚S’–Ϊ,2020-01-01,20,‚»‚Μ‘Ό,‚»‚Μ‘Ό,{ω‚Ή‚Έ,‚Θ‚µ
ή“,Τγ‚Λ‚η‚Ά,•¶,–μ•Σ’“έ,132284,“‹“s,‚ ‚«‚ι–μs,Ψ‡,2020-11-08,12,‚»‚Μ‘Ό,’“Τi—Φjκ,{ω‚Ή‚Έ,‚Θ‚µ
ή“,Τγ‚Λ‚η‚Ά,•¶,“ρ‹{’“έ,132284,“‹“s,‚ ‚«‚ι–μs,“ρ‹{,2020-02-09,21,κΛZ‘ξ,’“Τi—Φjκ,{ω‚Ή‚Έ,‚ ‚θ
ή“,Τγ‚Λ‚η‚Ά,•¶,›¶’“έ,132284,“‹“s,‚ ‚«‚ι–μs,‘‰Τ,2020-05-22,15,κΛZ‘ξ,‚»‚Μ‘Ό,{ω‚Ή‚Έ,‚Θ‚µ
ή“,Τγ‚Λ‚η‚Ά,•¶,›¶’“έ,132284,“‹“s,‚ ‚«‚ι–μs,›¶,2020-09-02,20,‚»‚Μ‘Ό,‚»‚Μ‘Ό,{ω‚Ή‚Έ,‚ ‚θ
ή“,Τγ‚Λ‚η‚Ά,•¶,Hμ‰w‘Oπ”Τ,132284,“‹“s,‚ ‚«‚ι–μs,‰Ί‘γp,2020-05-03,13,‚»‚Μ‘Ό,’“Τi—Φjκ,{ω‚Ή‚Έ,‚Θ‚µ
ή“,Τγ‚Λ‚η‚Ά,•¶,Hμ‰w‘Oπ”Τ,132284,“‹“s,‚ ‚«‚ι–μs,‰Ί‘γp,2020-08-05,15,κΛZ‘ξ,‚»‚Μ‘Ό,{ω‚Ή‚Έ,‚ ‚θ
ή“,Τγ‚Λ‚η‚Ά,”ª‰¤q,,132012,“‹“s,”ª‰¤qs,³”ª‰¤q’¬‚Q’–Ϊ,2020-05-08,14,‚»‚Μ‘Ό‚ΜZ‘ξi‚RK‚ΔΘ‰Ί‹¤“―Z‘ξ“™j,’“Τi—Φjκ,{ω‚Ή‚Έ,‚Θ‚µ
ή“,Τγ‚Λ‚η‚Ά,”ª‰¤q,,132012,“‹“s,”ª‰¤qs,‰΅R’¬,2020-01-20,14,’“Τi—Φjκ,’“Τi—Φjκ,{ω‚Ή‚Έ,‚Θ‚µ
ή“,Τγ‚Λ‚η‚Ά,”ª‰¤q,Ό”ª‰¤q‰w‘Oπ”Τ,132012,“‹“s,”ª‰¤qs,ηl’¬‚Q’–Ϊ,2020-02-10,13,‚»‚Μ‘Ό,’“Τi—Φjκ,{ω‚Ή‚Έ,‚ ‚θ
ή“,Τγ‚Λ‚η‚Ά,”ª‰¤q,Ό”ª‰¤q‰w‘Oπ”Τ,132012,“‹“s,”ª‰¤qs,ηl’¬‚Q’–Ϊ,2020-07-02,13,“ΉHγ,‚»‚Μ‘Ό,{ω‚Ή‚Έ,‚ ‚θ
ή“,Τγ‚Λ‚η‚Ά,”ª‰¤q,Ό”ª‰¤q‰w‘Oπ”Τ,132012,“‹“s,”ª‰¤qs,‘δ’¬‚S’–Ϊ,2020-07-11,09,‚»‚Μ‘Ό,’“Τi—Φjκ,{ω‚Ή‚Έ,‚Θ‚µ
ή“,Τγ‚Λ‚η‚Ά,”ª‰¤q,’Η•ªπ”Τ,132012,“‹“s,”ª‰¤qs,³–{‹½’¬‚Q’–Ϊ,2020-04-08,20,“ΉHγ,‚»‚Μ‘Ό,{ω‚Ή‚Έ,‚ ‚θ
ή“,Τγ‚Λ‚η‚Ά,”ª‰¤q,’Η•ªπ”Τ,132012,“‹“s,”ª‰¤qs,³–{‹½’¬‚R’–Ϊ,2020-06-02,21,‚»‚Μ‘Ό,’“Τi—Φjκ,{ω‚Ή‚Έ,‚Θ‚µ
ή“,Τγ‚Λ‚η‚Ά,”ª‰¤q,’Η•ªπ”Τ,132012,“‹“s,”ª‰¤qs,³–{‹½’¬‚S’–Ϊ,2020-04-12,18,κΛZ‘ξ,’“Τi—Φjκ,{ω‚Ή‚Έ,‚Θ‚µ
ή“,Τγ‚Λ‚η‚Ά,”ª‰¤q,’†–μπ”Τ,132012,“‹“s,”ª‰¤qs,’†–μγ’¬‚S’–Ϊ,2020-07-24,15,“ΉHγ,‚»‚Μ‘Ό,{ω‚Ή‚Έ,‚Θ‚µ
ή“,Τγ‚Λ‚η‚Ά,”ª‰¤q,•xmXπ”Τ,132012,“‹“s,”ª‰¤qs,—Ξ’¬,2020-04-21,17,‚SK‚ΔΘγ‹¤“―Z‘ξ,’“Τi—Φjκ,{ω‚Ή‚Έ,‚Θ‚µ
ή“,Τγ‚Λ‚η‚Ά,”ª‰¤q,”ª‰¤q‰w“μϋπ”Τ,132012,“‹“s,”ª‰¤qs,qΐ’¬‚Q’–Ϊ,2020-05-10,09,‚»‚Μ‘Ό,’“Τi—Φjκ,{ω‚Ή‚Έ,‚Θ‚µ
ή“,Τγ‚Λ‚η‚Ά,”ª‰¤q,”ª‰¤q‰w“μϋπ”Τ,132012,“‹“s,”ª‰¤qs,qΐ’¬‚S’–Ϊ,2020-04-17,15,‚»‚Μ‘Ό,‚»‚Μ‘Ό,{ω‚Ή‚Έ,‚ ‚θ
ή“,Τγ‚Λ‚η‚Ά,”ª‰¤q,”ª‰¤q‰w“μϋπ”Τ,132012,“‹“s,”ª‰¤qs,qΐ’¬‚S’–Ϊ,2020-05-08,17,‚»‚Μ‘Ό,‚»‚Μ‘Ό,{ω‚Ή‚Έ,‚ ‚θ
ή“,Τγ‚Λ‚η‚Ά,”ª‰¤q,”ª‰¤q‰w“μϋπ”Τ,132012,“‹“s,”ª‰¤qs,qΐ’¬‚S’–Ϊ,2020-08-30,11,‚»‚Μ‘Ό,‚»‚Μ‘Ό,{ω‚Ή‚Έ,‚ ‚θ
ή“,Τγ‚Λ‚η‚Ά,”ª‰¤q,”ª‰¤q‰w“μϋπ”Τ,132012,“‹“s,”ª‰¤qs,–’¬,2020-10-05,21,‚»‚Μ‘Ό,’“Τi—Φjκ,{ω‚Ή‚Έ,‚Θ‚µ
ή“,Τγ‚Λ‚η‚Ά,”ª‰¤q,”ª‰¤q‰w–kϋπ”Τ,132012,“‹“s,”ª‰¤qs,®’¬,2020-10-27,22,’“Τi—Φjκ,’“Τi—Φjκ,{ω‚Ή‚Έ,‚Θ‚µ
ή“,Τγ‚Λ‚η‚Ά,”ª‰¤q,”ª‰¤q‰w–kϋπ”Τ,132012,“‹“s,”ª‰¤qs,®’¬,2020-11-14,11,’“Τi—Φjκ,’“Τi—Φjκ,{ω‚Ή‚Έ,‚Θ‚µ
ή“,Τγ‚Λ‚η‚Ά,”ª‰¤q,”ª‰¤q‰w–kϋπ”Τ,132012,“‹“s,”ª‰¤qs,“’¬,2020-08-14,11,“ΉHγ,‚»‚Μ‘Ό,{ω‚Ή‚Έ,‚ ‚θ
ή“,Τγ‚Λ‚η‚Ά,”ª‰¤q,”ª‰¤q‰w–kϋπ”Τ,132012,“‹“s,”ª‰¤qs,“μV’¬,2020-05-04,19,“ΉHγ,‚»‚Μ‘Ό,{ω‚Ή‚Έ,‚ ‚θ
ή“,Τγ‚Λ‚η‚Ά,”ª‰¤q,‘εa“cπ”Τ,132012,“‹“s,”ª‰¤qs,‘εa“c’¬‚U’–Ϊ,2020-03-12,12,“ΉHγ,‚»‚Μ‘Ό,{ω‚Ή‚Έ,‚ ‚θ
ή“,Τγ‚Λ‚η‚Ά,”ª‰¤q,‘εa“cπ”Τ,132012,“‹“s,”ª‰¤qs,‘εa“c’¬‚V’–Ϊ,2020-09-01,21,‚SK‚ΔΘγ‹¤“―Z‘ξ,’“Τi—Φjκ,{ω‚Ή‚Έ,‚Θ‚µ
ή“,Τγ‚Λ‚η‚Ά,”ª‰¤q,ξ‰Χβπ”Τ,132012,“‹“s,”ª‰¤qs,’†–μR‰¤‚Q’–Ϊ,2020-01-13,12,‚»‚Μ‘Ό,’“Τi—Φjκ,{ω‚Ή‚Έ,‚Θ‚µ
ή“,Τγ‚Λ‚η‚Ά,”ª‰¤q,Ά–Ϊπ”Τ,132012,“‹“s,”ª‰¤qs,Ά–Ϊ’¬,2020-06-01,•s–Ύ,κΛZ‘ξ,’“Τi—Φjκ,{ω‚Ή‚Έ,‚ ‚θ
ή“,Τγ‚Λ‚η‚Ά,”ª‰¤q,Ά–Ϊπ”Τ,132012,“‹“s,”ª‰¤qs,“θ΄’¬,2020-07-30,21,’“Τi—Φjκ,’“Τi—Φjκ,{ω‚Ή‚Έ,‚ ‚θ
ή“,Τγ‚Λ‚η‚Ά,”ª‰¤q,Ά–Ϊπ”Τ,132012,“‹“s,”ª‰¤qs,“θ΄’¬,2020-11-29,15,κΛZ‘ξ,’“Τi—Φjκ,{ω‚Ή‚Έ,‚ ‚θ
ή“,Τγ‚Λ‚η‚Ά,”ª‰¤q,Ά–Ϊπ”Τ,132012,“‹“s,”ª‰¤qs,“θ΄’¬,2020-06-01,•s–Ύ,κΛZ‘ξ,’“Τi—Φjκ,{ω‚Ή‚Έ,‚ ‚θ
ή“,Τγ‚Λ‚η‚Ά,”ª‰¤q,‰Ίμϋ’“έ,132012,“‹“s,”ª‰¤qs,μϋ’¬,2020-02-21,10,κΛZ‘ξ,’“Τi—Φjκ,{ω‚Ή‚Έ,‚ ‚θ
ή“,Τγ‚Λ‚η‚Ά,”ª‰¤q,‰Ίμϋ’“έ,132012,“‹“s,”ª‰¤qs,μϋ’¬,2020-02-21,15,κΛZ‘ξ,‚»‚Μ‘Ό,{ω‚Ή‚Έ,‚Θ‚µ
ή“,Τγ‚Λ‚η‚Ά,”ª‰¤q,‰Ίμϋ’“έ,132012,“‹“s,”ª‰¤qs,μϋ’¬,2020-05-25,20,‚»‚Μ‘Ό‚ΜZ‘ξi‚RK‚ΔΘ‰Ί‹¤“―Z‘ξ“™j,’“Τi—Φjκ,{ω‚Ή‚Έ,‚ ‚θ
ή“,Τγ‚Λ‚η‚Ά,”ª‰¤q,‰Ίμϋ’“έ,132012,“‹“s,”ª‰¤qs,μϋ’¬,2020-06-01,•s–Ύ,κΛZ‘ξ,’“Τi—Φjκ,{ω‚Ή‚Έ,‚ ‚θ
ή“,Τγ‚Λ‚η‚Ά,”ª‰¤q,‰Ίμϋ’“έ,132012,“‹“s,”ª‰¤qs,μϋ’¬,2020-06-20,19,‚»‚Μ‘Ό‚ΜZ‘ξi‚RK‚ΔΘ‰Ί‹¤“―Z‘ξ“™j,’“Τi—Φjκ,{ω‚Ή‚Έ,‚ ‚θ
ή“,Τγ‚Λ‚η‚Ά,”ª‰¤q,‰Ίμϋ’“έ,132012,“‹“s,”ª‰¤qs,μϋ’¬,2020-07-14,21,κΛZ‘ξ,’“Τi—Φjκ,{ω‚Ή‚Έ,‚ ‚θ
ή“,Τγ‚Λ‚η‚Ά,”ª‰¤q,‰Ίμϋ’“έ,132012,“‹“s,”ª‰¤qs,μϋ’¬,2020-07-20,18,κΛZ‘ξ,’“Τi—Φjκ,{ω‚Ή‚Έ,‚ ‚θ
ή“,Τγ‚Λ‚η‚Ά,”ª‰¤q,γμϋ’“έ,132012,“‹“s,”ª‰¤qs,‚’¬,2020-01-04,15,‚»‚Μ‘Ό,‚»‚Μ‘Ό,{ω‚Ή‚Έ,‚Θ‚µ
ή“,Τγ‚Λ‚η‚Ά,”ª‰¤q,‹{‰Ί’“έ,132012,“‹“s,”ª‰¤qs,Λ’¬,2020-11-06,06,‚»‚Μ‘Ό,’“Τi—Φjκ,{ω‚Ή‚Έ,‚ ‚θ
ή“,Τγ‚Λ‚η‚Ά,”ª‰¤q,’O–Ψ’“έ,132012,“‹“s,”ª‰¤qs,¶“ό’¬,2020-08-02,11,‚»‚Μ‘Ό‚ΜZ‘ξi‚RK‚ΔΘ‰Ί‹¤“―Z‘ξ“™j,’“Τi—Φjκ,{ω‚Ή‚Έ,‚ ‚θ
ή“,Τγ‚Λ‚η‚Ά,”ª‰¤q,’O–Ψ’“έ,132012,“‹“s,”ª‰¤qs,‘κR’¬‚Q’–Ϊ,2020-04-23,00,‚»‚Μ‘Ό‚ΜZ‘ξi‚RK‚ΔΘ‰Ί‹¤“―Z‘ξ“™j,‚»‚Μ‘Ό,{ω‚Ή‚Έ,‚Θ‚µ
ή“,Τγ‚Λ‚η‚Ά,”ª‰¤q,–k”ª‰¤qπ”Τ,132012,“‹“s,”ª‰¤qs,‚‘q’¬,2019-11-04,10,‚»‚Μ‘Ό,’“Τi—Φjκ,{ω‚Ή‚Έ,‚Θ‚µ
ή“,Τγ‚Λ‚η‚Ά,”ª‰¤q,–k”ª‰¤qπ”Τ,132012,“‹“s,”ª‰¤qs,‚‘q’¬,2020-05-23,16,‚»‚Μ‘Ό,’“Τi—Φjκ,{ω‚Ή‚Έ,‚Θ‚µ
ή“,Τγ‚Λ‚η‚Ά,”ª‰¤q,–k”ª‰¤qπ”Τ,132012,“‹“s,”ª‰¤qs,‚‘q’¬,2020-06-20,14,’“Τi—Φjκ,’“Τi—Φjκ,{ω‚Ή‚Έ,‚Θ‚µ
ή“,Τγ‚Λ‚η‚Ά,”ª‰¤q,‹v•ΫR’“έ,132012,“‹“s,”ª‰¤qs,‹v•ΫR’¬‚Q’–Ϊ,2020-08-15,11,κΛZ‘ξ,’“Τi—Φjκ,{ω‚Ή‚Έ,‚ ‚θ
ή“,Τγ‚Λ‚η‚Ά,’¬“c,’¬“c‰w‘Oπ”Τ,132098,“‹“s,’¬“cs,΄’¬“c‚T’–Ϊ,2020-10-25,01,‚»‚Μ‘Ό,’“Τi—Φjκ,{ω‚Ή‚Έ,‚Θ‚µ
ή“,Τγ‚Λ‚η‚Ά,’¬“c,’¬“c‰w‘Oπ”Τ,132098,“‹“s,’¬“cs,΄’¬“c‚U’–Ϊ,2020-03-03,16,‚»‚Μ‘Ό,‚»‚Μ‘Ό,{ω‚Ή‚Έ,‚Θ‚µ
ή“,Τγ‚Λ‚η‚Ά,’¬“c,’¬“c‰w‘Oπ”Τ,132098,“‹“s,’¬“cs,΄’¬“c‚U’–Ϊ,2020-11-13,03,‚»‚Μ‘Ό,’“Τi—Φjκ,{ω‚Ή‚Έ,‚ ‚θ
ή“,Τγ‚Λ‚η‚Ά,’¬“c,’¬“c‰w‘Oπ”Τ,132098,“‹“s,’¬“cs,X–μ‚P’–Ϊ,2020-02-28,18,’“Τi—Φjκ,’“Τi—Φjκ,{ω‚Ή‚Έ,‚Θ‚µ
ή“,Τγ‚Λ‚η‚Ά,’¬“c,’¬“c‰w‘Oπ”Τ,132098,“‹“s,’¬“cs,X–μ‚P’–Ϊ,2020-09-20,03,‚»‚Μ‘Ό,’“Τi—Φjκ,{ω‚Ή‚Έ,‚Θ‚µ
ή“,Τγ‚Λ‚η‚Ά,’¬“c,’¬“c‰w‘Oπ”Τ,132098,“‹“s,’¬“cs,Rθ’¬,2020-11-03,15,‚»‚Μ‘Ό,‚»‚Μ‘Ό,{ω‚Ή‚Έ,‚Θ‚µ
ή“,Τγ‚Λ‚η‚Ά,’¬“c,’†’¬π”Τ,132098,“‹“s,’¬“cs,X–μ‚R’–Ϊ,2020-08-20,02,‚»‚Μ‘Ό,‚»‚Μ‘Ό,{ω‚Ή‚Έ,‚Θ‚µ
ή“,Τγ‚Λ‚η‚Ά,’¬“c,’†’¬π”Τ,132098,“‹“s,’¬“cs,X–μ‚S’–Ϊ,2020-05-12,12,“ΉHγ,‚»‚Μ‘Ό,{ω‚Ή‚Έ,‚Θ‚µ
ή“,Τγ‚Λ‚η‚Ά,’¬“c,’†’¬π”Τ,132098,“‹“s,’¬“cs,X–μ‚U’–Ϊ,2020-08-08,15,“ΉHγ,‚»‚Μ‘Ό,{ω‚Ή‚Έ,‚ ‚θ
ή“,Τγ‚Λ‚η‚Ά,’¬“c,΄’¬“cπ”Τ,132098,“‹“s,’¬“cs,΄’¬“c‚R’–Ϊ,2020-10-11,01,’“Τi—Φjκ,’“Τi—Φjκ,{ω‚Ή‚Έ,‚ ‚θ
ή“,Τγ‚Λ‚η‚Ά,’¬“c,΄’¬“cπ”Τ,132098,“‹“s,’¬“cs,΄’¬“c‚S’–Ϊ,2020-06-03,09,’“Τi—Φjκ,’“Τi—Φjκ,{ω‚Ή‚Έ,‚Θ‚µ
ή“,Τγ‚Λ‚η‚Ά,’¬“c,΄’¬“cπ”Τ,132098,“‹“s,’¬“cs,΄’¬“c‚S’–Ϊ,2020-07-15,20,“ΉHγ,‚»‚Μ‘Ό,{ω‚Ή‚Έ,‚ ‚θ
ή“,Τγ‚Λ‚η‚Ά,’¬“c,΄’¬“cπ”Τ,132098,“‹“s,’¬“cs,΄’¬“c‚S’–Ϊ,2020-09-08,07,’“Τi—Φjκ,’“Τi—Φjκ,{ω‚Ή‚Έ,‚Θ‚µ
ή“,Τγ‚Λ‚η‚Ά,’¬“c,΄’¬“cπ”Τ,132098,“‹“s,’¬“cs,΄’¬“c‚S’–Ϊ,2020-11-08,01,“ΉHγ,‚»‚Μ‘Ό,{ω‚Ή‚Έ,‚ ‚θ
ή“,Τγ‚Λ‚η‚Ά,’¬“c,΄’¬“cπ”Τ,132098,“‹“s,’¬“cs,΄’¬“c‚S’–Ϊ,2020-11-15,05,‚»‚Μ‘Ό,’“Τi—Φjκ,{ω‚Ή‚Έ,‚ ‚θ
ή“,Τγ‚Λ‚η‚Ά,’¬“c,΄’¬“cπ”Τ,132098,“‹“s,’¬“cs,΄’¬“c‚U’–Ϊ,2020-11-17,05,“ΉHγ,‚»‚Μ‘Ό,{ω‚Ή‚Έ,‚Θ‚µ
ή“,Τγ‚Λ‚η‚Ά,’¬“c,’ίΤπ”Τ,132098,“‹“s,’¬“cs,‹ΰX‚U’–Ϊ,2020-02-07,19,κΛZ‘ξ,’“Τi—Φjκ,{ω‚Ή‚Έ,‚ ‚θ
ή“,Τγ‚Λ‚η‚Ά,’¬“c,’ίΤπ”Τ,132098,“‹“s,’¬“cs,’ίΤ‚W’–Ϊ,2020-04-30,08,‚»‚Μ‘Ό‚ΜZ‘ξi‚RK‚ΔΘ‰Ί‹¤“―Z‘ξ“™j,’“Τi—Φjκ,{ω‚Ή‚Έ,‚Θ‚µ
ή“,Τγ‚Λ‚η‚Ά,’¬“c,¬£’“έ,132098,“‹“s,’¬“cs,¬£‚P’–Ϊ,2020-06-11,13,“ΉHγ,‚»‚Μ‘Ό,{ω‚Ή‚Έ,‚ ‚θ
ή“,Τγ‚Λ‚η‚Ά,’¬“c,‹Κμw‰€’“έ,132098,“‹“s,’¬“cs,‹Κμw‰€‚Q’–Ϊ,2020-01-24,18,’“Τi—Φjκ,’“Τi—Φjκ,{ω‚Ή‚Έ,‚Θ‚µ
ή“,Τγ‚Λ‚η‚Ά,’¬“c,‘ε‘ ’“έ,132098,“‹“s,’¬“cs,‘ε‘ ’¬,2020-10-23,03,‚»‚Μ‘Ό,‚»‚Μ‘Ό,{ω‚Ή‚Έ,‚Θ‚µ
ή“,Τγ‚Λ‚η‚Ά,’¬“c,^υ›’“έ,132098,“‹“s,’¬“cs,^υ›‚Q’–Ϊ,2020-04-01,05,‚»‚Μ‘Ό,’“Τi—Φjκ,{ω‚Ή‚Έ,‚Θ‚µ
ή“,Τγ‚Λ‚η‚Ά,’¬“c,^υ›’“έ,132098,“‹“s,’¬“cs,^υ›‚R’–Ϊ,2020-06-08,18,κΛZ‘ξ,’“Τi—Φjκ,{ω‚Ή‚Έ,‚Θ‚µ
ή“,Τγ‚Λ‚η‚Ά,’¬“c,–μ’Γ“c’“έ,132098,“‹“s,’¬“cs,–μ’Γ“c’¬,2020-05-12,16,‚»‚Μ‘Ό,’“Τi—Φjκ,{ω‚Ή‚Έ,‚Θ‚µ
ή“,Τγ‚Λ‚η‚Ά,’¬“c,¬–μH’“έ,132098,“‹“s,’¬“cs,¬–μH’¬,2020-01-10,17,‚»‚Μ‘Ό,’“Τi—Φjκ,{ω‚Ή‚Έ,‚Θ‚µ
ή“,Τγ‚Λ‚η‚Ά,’¬“c,}t’“έ,132098,“‹“s,’¬“cs,}t’¬,2020-12-15,20,‚»‚Μ‘Ό,’“Τi—Φjκ,{ω‚Ή‚Έ,‚Θ‚µ
ή“,Τγ‚Λ‚η‚Ά,’¬“c,–Ψ‘]π”Τ,132098,“‹“s,’¬“cs,–Ψ‘]“‚S’–Ϊ,2020-05-18,18,‚SK‚ΔΘγ‹¤“―Z‘ξ,’“Τi—Φjκ,{ω‚Ή‚Έ,‚Θ‚µ
ή“,Τγ‚Λ‚η‚Ά,’¬“c,–Ψ‘]π”Τ,132098,“‹“s,’¬“cs,–Ψ‘]“‚S’–Ϊ,2020-10-27,18,‚»‚Μ‘Ό‚ΜZ‘ξi‚RK‚ΔΘ‰Ί‹¤“―Z‘ξ“™j,’“Τi—Φjκ,{ω‚Ή‚Έ,‚Θ‚µ
ή“,Τγ‚Λ‚η‚Ά,’¬“c,–Ψ‘]π”Τ,132098,“‹“s,’¬“cs,–Ψ‘]“‚S’–Ϊ,2020-11-11,14,‚SK‚ΔΘγ‹¤“―Z‘ξ,’“Τi—Φjκ,{ω‚Ή‚Έ,‚Θ‚µ
ή“,Τγ‚Λ‚η‚Ά,’¬“c,–Ψ‘]π”Τ,132098,“‹“s,’¬“cs,–Ψ‘]“‚S’–Ϊ,2020-11-13,19,‚SK‚ΔΘγ‹¤“―Z‘ξ,’“Τi—Φjκ,{ω‚Ή‚Έ,‚Θ‚µ
ή“,Τγ‚Λ‚η‚Ά,’¬“c,Rθπ”Τ,132098,“‹“s,’¬“cs,Rθ’¬,2020-01-25,19,’“Τi—Φjκ,’“Τi—Φjκ,{ω‚Ή‚Έ,‚Θ‚µ
ή“,Τγ‚Λ‚η‚Ά,’¬“c,Rθπ”Τ,132098,“‹“s,’¬“cs,Rθ’¬,2020-03-21,16,“ΉHγ,‚»‚Μ‘Ό,{ω‚Ή‚Έ,‚Θ‚µ
ή“,Τγ‚Λ‚η‚Ά,’¬“c,Rθπ”Τ,132098,“‹“s,’¬“cs,Rθ’¬,2020-05-25,16,“ΉHγ,‚»‚Μ‘Ό,{ω‚Ή‚Έ,‚Θ‚µ
ή“,Τγ‚Λ‚η‚Ά,’¬“c,Rθπ”Τ,132098,“‹“s,’¬“cs,Rθ’¬,2020-10-02,18,‚»‚Μ‘Ό,’“Τi—Φjκ,{ω‚Ή‚Έ,‚ ‚θ
ή“,Τγ‚Λ‚η‚Ά,’¬“c,¬£‰w‘Oπ”Τ,132098,“‹“s,’¬“cs,“μ¬£‚P’–Ϊ,2020-05-21,13,‚»‚Μ‘Ό‚ΜZ‘ξi‚RK‚ΔΘ‰Ί‹¤“―Z‘ξ“™j,’“Τi—Φjκ,{ω‚Ή‚Έ,‚Θ‚µ
ή“,Τγ‚Λ‚η‚Ά,’¬“c,¬£‰w‘Oπ”Τ,132098,“‹“s,’¬“cs,Ό¬£‚P’–Ϊ,2020-09-17,21,κΛZ‘ξ,’“Τi—Φjκ,{ω‚Ή‚Έ,‚Θ‚µ
ή“,Τγ‚Λ‚η‚Ά,’¬“c,O—Φ’“έ,132098,“‹“s,’¬“cs,O—Φ—ΞR‚S’–Ϊ,2020-12-12,09,‚»‚Μ‘Ό,’“Τi—Φjκ,{ω‚Ή‚Έ,‚ ‚θ
ή“,Τγ‚Λ‚η‚Ά,’¬“c,’‰¶’n‹ζπ”Τ,132098,“‹“s,’¬“cs,Rθ’¬,2020-12-10,23,’“Τi—Φjκ,’“Τi—Φjκ,{ω‚Ή‚Έ,‚ ‚θ
ή“,Τγ‚Λ‚η‚Ά,’¬“c,’‰¶’n‹ζπ”Τ,132098,“‹“s,’¬“cs,–Ψ‘]Ό‚P’–Ϊ,2019-04-12,17,κΛZ‘ξ,’“Τi—Φjκ,{ω‚Ή‚Έ,‚Θ‚µ
ή“,Τγ‚Λ‚η‚Ά,“ϊ–μ,–L“c‰w‘Oπ”Τ,132128,“‹“s,“ϊ–μs,“–L“c‚R’–Ϊ,2020-01-11,16,“ΉHγ,‚»‚Μ‘Ό,{ω‚Ή‚Έ,‚ ‚θ
ή“,Τγ‚Λ‚η‚Ά,“ϊ–μ,‘½–€•½π”Τ,132128,“‹“s,“ϊ–μs,‘½–€•½‚U’–Ϊ,2020-03-28,04,κΛZ‘ξ,’“Τi—Φjκ,{ω‚Ή‚Έ,‚Θ‚µ
ή“,Τγ‚Λ‚η‚Ά,“ϊ–μ,‘½–€•½π”Τ,132128,“‹“s,“ϊ–μs,‘½–€•½‚V’–Ϊ,2020-05-15,12,“ΉHγ,‚»‚Μ‘Ό,{ω‚Ή‚Έ,‚ ‚θ
ή“,Τγ‚Λ‚η‚Ά,“ϊ–μ,“ϊ–μ‹΄’“έ,132128,“‹“s,“ϊ–μs,‘ε“ϊ–μ,2020-09-30,15,“ΉHγ,‚»‚Μ‘Ό,{ω‚Ή‚Έ,‚Θ‚µ
ή“,Τγ‚Λ‚η‚Ά,“ϊ–μ,‚”¦•s“®‰w“μϋπ”Τ,132128,“‹“s,“ϊ–μs,‚”¦,2020-12-23,14,’“Τi—Φjκ,’“Τi—Φjκ,{ω‚Ή‚Έ,‚Θ‚µ
ή“,Τγ‚Λ‚η‚Ά,“ϊ–μ,‚”¦•s“®‰w“μϋπ”Τ,132128,“‹“s,“ϊ–μs,’φ‹v•Ϋ‚W’–Ϊ,2020-04-14,21,‚»‚Μ‘Ό‚ΜZ‘ξi‚RK‚ΔΘ‰Ί‹¤“―Z‘ξ“™j,’“Τi—Φjκ,{ω‚Ή‚Έ,‚Θ‚µ
ή“,Τγ‚Λ‚η‚Ά,“ϊ–μ,‚”¦•s“®‰w“μϋπ”Τ,132128,“‹“s,“ϊ–μs,O‘ς‚R’–Ϊ,2020-03-25,12,‚»‚Μ‘Ό,’“Τi—Φjκ,{ω‚Ή‚Έ,‚Θ‚µ
ή“,Τγ‚Λ‚η‚Ά,“ϊ–μ,•S‘‰€π”Τ,132128,“‹“s,“ϊ–μs,—μ,2020-08-26,21,‚»‚Μ‘Ό‚ΜZ‘ξi‚RK‚ΔΘ‰Ί‹¤“―Z‘ξ“™j,’“Τi—Φjκ,{ω‚Ή‚Έ,‚Θ‚µ
ή“,Τγ‚Λ‚η‚Ά,Ί“‡,Ί“‡‰w‘Oπ”Τ,132071,“‹“s,Ί“‡s,γμ΄’¬‚Q’–Ϊ,2020-01-06,14,’“Τi—Φjκ,’“Τi—Φjκ,{ω‚Ή‚Έ,‚ ‚θ
ή“,Τγ‚Λ‚η‚Ά,Ί“‡,’†_’“έ,132071,“‹“s,Ί“‡s,•“‡’¬,2020-01-18,16,“ΉHγ,‚»‚Μ‘Ό,{ω‚Ή‚Έ,‚Θ‚µ
ή“,Τγ‚Λ‚η‚Ά,Ί“‡,’†_’“έ,132071,“‹“s,Ί“‡s,‹{‘ς’¬,2020-02-21,18,‚»‚Μ‘Ό,’“Τi—Φjκ,{ω‚Ή‚Έ,‚Θ‚µ
ή“,Τγ‚Λ‚η‚Ά,Ί“‡,’†_’“έ,132071,“‹“s,Ί“‡s,‹{‘ς’¬,2020-06-27,09,‚»‚Μ‘Ό,’“Τi—Φjκ,{ω‚Ή‚Έ,‚Θ‚µ
ή“,Τγ‚Λ‚η‚Ά,Ί“‡,‘½–€‘ε‹΄π”Τ,132071,“‹“s,Ί“‡s,’†_’¬‚P’–Ϊ,2020-06-11,08,’“Τi—Φjκ,’“Τi—Φjκ,{ω‚Ή‚Έ,‚ ‚θ
ή“,Τγ‚Λ‚η‚Ά,Ί“‡,‘½–€‘ε‹΄π”Τ,132071,“‹“s,Ί“‡s,’†_’¬‚Q’–Ϊ,2020-05-11,•s–Ύ,’“Τi—Φjκ,’“Τi—Φjκ,{ω‚Ή‚Έ,‚Θ‚µ
ή“,Τγ‚Λ‚η‚Ά,Ί“‡,‘½–€‘ε‹΄π”Τ,132071,“‹“s,Ί“‡s,’†_’¬‚R’–Ϊ,2020-01-11,17,κΛZ‘ξ,’“Τi—Φjκ,{ω‚Ή‚Έ,‚Θ‚µ
ή“,Τγ‚Λ‚η‚Ά,Ί“‡,”q“‡’“έ,132071,“‹“s,Ί“‡s,“c’†’¬‚Q’–Ϊ,2020-09-28,17,‚»‚Μ‘Ό,’“Τi—Φjκ,{ω‚Ή‚Έ,‚ ‚θ
ή“,Τγ‚Λ‚η‚Ά,Ί“‡,”q“‡’“έ,132071,“‹“s,Ί“‡s,—Ξ’¬‚R’–Ϊ,2020-03-20,13,“ΉHγ,‚»‚Μ‘Ό,{ω‚Ή‚Έ,‚Θ‚µ
ή“,Τγ‚Λ‚η‚Ά,Ί“‡,¬‰Χ“cπ”Τ,132071,“‹“s,Ί“‡s,—Ξ’¬‚T’–Ϊ,2020-05-22,20,κΛZ‘ξ,’“Τi—Φjκ,{ω‚Ή‚Έ,‚Θ‚µ
ή“,Τγ‚Λ‚η‚Ά,Ί“‡,¬‰Χ“cπ”Τ,132071,“‹“s,Ί“‡s,—Ξ’¬‚T’–Ϊ,2020-05-25,06,‚»‚Μ‘Ό‚ΜZ‘ξi‚RK‚ΔΘ‰Ί‹¤“―Z‘ξ“™j,’“Τi—Φjκ,{ω‚Ή‚Έ,‚ ‚θ
ή“,Τγ‚Λ‚η‚Ά,Ί“‡,‚Β‚Β‚¶‚ª‹u’“έ,132071,“‹“s,Ί“‡s,‚Β‚Β‚¶‚ª‹u‚R’–Ϊ,2020-03-13,10,‚»‚Μ‘Ό,’“Τi—Φjκ,{ω‚Ή‚Έ,‚Θ‚µ
ή“,Τγ‚Λ‚η‚Ά,Ί“‡,”q“‡‰w‘Oπ”Τ,132071,“‹“s,Ί“‡s,Ό΄’¬‚R’–Ϊ,2020-07-04,18,‚»‚Μ‘Ό,’“Τi—Φjκ,{ω‚Ή‚Έ,‚Θ‚µ
ή“,Τγ‚Λ‚η‚Ά,Ί“‡,”q“‡‰w‘Oπ”Τ,132071,“‹“s,Ί“‡s,Ό΄’¬‚S’–Ϊ,2020-01-26,13,’“Τi—Φjκ,’“Τi—Φjκ,{ω‚Ή‚Έ,‚Θ‚µ
ή“,Τγ‚Λ‚η‚Ά,—§μ,‘—§‰w‘Oπ”Τ,132152,“‹“s,‘—§s,Ό‚Q’–Ϊ,2020-08-05,09,“ΉHγ,‚»‚Μ‘Ό,{ω‚Ή‚Έ,‚ ‚θ
ή“,Τγ‚Λ‚η‚Ά,—§μ,‹Ρ’¬π”Τ,132021,“‹“s,—§μs,‹Ρ’¬‚P’–Ϊ,2020-08-19,15,“ΉHγ,‚»‚Μ‘Ό,{ω‚Ή‚Έ,‚ ‚θ
ή“,Τγ‚Λ‚η‚Ά,—§μ,‹Ρ’¬π”Τ,132021,“‹“s,—§μs,‰Hί’¬‚P’–Ϊ,2020-03-20,19,‚»‚Μ‘Ό,‚»‚Μ‘Ό,{ω‚Ή‚Έ,‚Θ‚µ
ή“,Τγ‚Λ‚η‚Ά,—§μ,—§“ϊ‹΄π”Τ,132021,“‹“s,—§μs,‹Ρ’¬‚U’–Ϊ,2020-05-11,17,‚»‚Μ‘Ό,’“Τi—Φjκ,{ω‚Ή‚Έ,‚ ‚θ
ή“,Τγ‚Λ‚η‚Ά,—§μ,—§“ϊ‹΄π”Τ,132021,“‹“s,—§μs,‹Ρ’¬‚U’–Ϊ,2020-05-27,14,‚»‚Μ‘Ό,’“Τi—Φjκ,{ω‚Ή‚Έ,‚Θ‚µ
ή“,Τγ‚Λ‚η‚Ά,—§μ,—§“ϊ‹΄π”Τ,132021,“‹“s,—§μs,‹Ρ’¬‚U’–Ϊ,2020-06-22,17,‚»‚Μ‘Ό,’“Τi—Φjκ,{ω‚Ή‚Έ,‚Θ‚µ
ή“,Τγ‚Λ‚η‚Ά,—§μ,—§μ‰w“μϋπ”Τ,132021,“‹“s,—§μs,Δθ’¬‚Q’–Ϊ,2020-08-06,16,“ΉHγ,‚»‚Μ‘Ό,{ω‚Ή‚Έ,‚ ‚θ
ή“,Τγ‚Λ‚η‚Ά,—§μ,—§μ‰w“μϋπ”Τ,132021,“‹“s,—§μs,Δθ’¬‚R’–Ϊ,2020-05-07,13,‚»‚Μ‘Ό,’“Τi—Φjκ,{ω‚Ή‚Έ,‚Θ‚µ
ή“,Τγ‚Λ‚η‚Ά,—§μ,—§μ‰w“μϋπ”Τ,132021,“‹“s,—§μs,‹Ρ’¬‚P’–Ϊ,2020-07-21,10,“ΉHγ,‚»‚Μ‘Ό,{ω‚Ή‚Έ,‚ ‚θ
ή“,Τγ‚Λ‚η‚Ά,—§μ,•xm’Λπ”Τ,132021,“‹“s,—§μs,•xm©’¬‚S’–Ϊ,2018-05-11,19,’“Τi—Φjκ,’“Τi—Φjκ,{ω‚Ή‚Έ,‚Θ‚µ
ή“,Τγ‚Λ‚η‚Ά,—§μ,—§μ‰w–kϋπ”Τ,132021,“‹“s,—§μs,’¬‚P’–Ϊ,2020-08-03,10,“ΉHγ,‚»‚Μ‘Ό,{ω‚Ή‚Έ,‚ ‚θ
ή“,Τγ‚Λ‚η‚Ά,—§μ,—§μ‰w–kϋπ”Τ,132021,“‹“s,—§μs,’¬‚Q’–Ϊ,2019-12-29,10,’“Τi—Φjκ,’“Τi—Φjκ,{ω‚Ή‚Έ,‚ ‚θ
ή“,Τγ‚Λ‚η‚Ά,—§μ,—§μ‰w–kϋπ”Τ,132021,“‹“s,—§μs,’¬‚Q’–Ϊ,2020-01-15,17,‚»‚Μ‘Ό,’“Τi—Φjκ,{ω‚Ή‚Έ,‚Θ‚µ
ή“,Τγ‚Λ‚η‚Ά,—§μ,—§μ‰w–kϋπ”Τ,132021,“‹“s,—§μs,’¬‚Q’–Ϊ,2020-04-11,12,’“Τi—Φjκ,’“Τi—Φjκ,{ω‚Ή‚Έ,‚Θ‚µ
ή“,Τγ‚Λ‚η‚Ά,—§μ,—§μ‰w–kϋπ”Τ,132021,“‹“s,—§μs,’¬‚Q’–Ϊ,2020-05-29,11,’“Τi—Φjκ,’“Τi—Φjκ,{ω‚Ή‚Έ,‚Θ‚µ
ή“,Τγ‚Λ‚η‚Ά,—§μ,—§μ‰w–kϋπ”Τ,132021,“‹“s,—§μs,’¬‚Q’–Ϊ,2020-05-29,18,‚»‚Μ‘Ό,’“Τi—Φjκ,{ω‚Ή‚Έ,‚Θ‚µ
ή“,Τγ‚Λ‚η‚Ά,—§μ,—§μ‰w–kϋπ”Τ,132021,“‹“s,—§μs,‚Ό’¬‚R’–Ϊ,2020-04-18,15,’“Τi—Φjκ,’“Τi—Φjκ,{ω‚Ή‚Έ,‚ ‚θ
ή“,Τγ‚Λ‚η‚Ά,—§μ,—§μ‰w–kϋπ”Τ,132021,“‹“s,—§μs,—Ξ’¬,2020-03-26,12,‚»‚Μ‘Ό,’“Τi—Φjκ,{ω‚Ή‚Έ,‚Θ‚µ
ή“,Τγ‚Λ‚η‚Ά,—§μ,‚Ό’¬π”Τ,132021,“‹“s,—§μs,ς’¬,2020-02-09,18,‚»‚Μ‘Ό,’“Τi—Φjκ,{ω‚Ή‚Έ,‚Θ‚µ
ή“,Τγ‚Λ‚η‚Ά,—§μ,‚Ό’¬π”Τ,132021,“‹“s,—§μs,‰h’¬‚Q’–Ϊ,2020-04-09,15,‚»‚Μ‘Ό‚ΜZ‘ξi‚RK‚ΔΘ‰Ί‹¤“―Z‘ξ“™j,’“Τi—Φjκ,{ω‚Ή‚Έ,‚Θ‚µ
ή“,Τγ‚Λ‚η‚Ά,—§μ,‚Ό’¬π”Τ,132021,“‹“s,—§μs,‰h’¬‚U’–Ϊ,2020-10-14,04,‚»‚Μ‘Ό,’“Τi—Φjκ,{ω‚Ή‚Έ,‚Θ‚µ
ή“,Τγ‚Λ‚η‚Ά,—§μ,’J•Ϋπ”Τ,132152,“‹“s,‘—§s,’J•Ϋ,2020-11-28,16,κΛZ‘ξ,‚»‚Μ‘Ό,{ω‚Ή‚Έ,‚Θ‚µ
ή“,Τγ‚Λ‚η‚Ά,—§μ,’J•Ϋπ”Τ,132152,“‹“s,‘—§s,’J•Ϋ‚U’–Ϊ,2020-04-22,09,‚»‚Μ‘Ό,’“Τi—Φjκ,{ω‚Ή‚Έ,‚Θ‚µ
ή“,Τγ‚Λ‚η‚Ά,—§μ,’J•Ϋπ”Τ,132152,“‹“s,‘—§s,ς‚Q’–Ϊ,2020-03-21,18,κΛZ‘ξ,‚»‚Μ‘Ό,{ω‚Ή‚Έ,‚Θ‚µ
ή“,Τγ‚Λ‚η‚Ά,—§μ,“V‰¤‹΄π”Τ,132021,“‹“s,—§μs,γ»’¬‚P’–Ϊ,2020-01-20,13,‚SK‚ΔΘγ‹¤“―Z‘ξ,‚»‚Μ‘Ό,{ω‚Ή‚Έ,‚ ‚θ
ή“,Τγ‚Λ‚η‚Ά,—§μ,“V‰¤‹΄π”Τ,132021,“‹“s,—§μs,γ»’¬‚S’–Ϊ,2019-08-12,17,κΛZ‘ξ,’“Τi—Φjκ,{ω‚Ή‚Έ,‚ ‚θ
ή“,Τγ‚Λ‚η‚Ά,—§μ,“V‰¤‹΄π”Τ,132021,“‹“s,—§μs,Ό»’¬‚S’–Ϊ,2018-12-29,19,κΛZ‘ξ,‚»‚Μ‘Ό,{ω‚Ή‚Έ,‚ ‚θ
ή“,Τγ‚Λ‚η‚Ά,—§μ,»μl”Τπ”Τ,132021,“‹“s,—§μs,»μ’¬‚R’–Ϊ,2018-12-24,23,κΛZ‘ξ,’“Τi—Φjκ,{ω‚Ή‚Έ,‚ ‚θ
ή“,Τγ‚Λ‚η‚Ά,—§μ,»μl”Τπ”Τ,132021,“‹“s,—§μs,»μ’¬‚R’–Ϊ,2019-02-12,23,‚»‚Μ‘Ό,’“Τi—Φjκ,{ω‚Ή‚Έ,‚ ‚θ
ή“,Τγ‚Λ‚η‚Ά,—§μ,•xm©‘δπ”Τ,132152,“‹“s,‘—§s,•xm©‘δ‚P’–Ϊ,2020-02-19,20,“ΉHγ,‚»‚Μ‘Ό,{ω‚Ή‚Έ,‚ ‚θ
ή“,Τγ‚Λ‚η‚Ά,—§μ,α—t’¬’“έ,132021,“‹“s,—§μs,α—t’¬‚P’–Ϊ,2020-08-29,13,‚»‚Μ‘Ό,’“Τi—Φjκ,{ω‚Ή‚Έ,‚ ‚θ
ή“,Τγ‚Λ‚η‚Ά,•{’†,“μ’¬π”Τ,132063,“‹“s,•{’†s,¥­‚U’–Ϊ,2020-10-12,19,‚»‚Μ‘Ό,‚»‚Μ‘Ό,{ω‚Ή‚Έ,‚Θ‚µ
ή“,Τγ‚Λ‚η‚Ά,•{’†,“•{’†‰w‘Oπ”Τ,132063,“‹“s,•{’†s,΄…‚ª‹u‚Q’–Ϊ,2020-06-29,14,“ΉHγ,‚»‚Μ‘Ό,{ω‚Ή‚Έ,‚ ‚θ
ή“,Τγ‚Λ‚η‚Ά,•{’†,“•{’†‰w‘Oπ”Τ,132063,“‹“s,•{’†s,σΤ’¬‚P’–Ϊ,2020-04-21,12,‚»‚Μ‘Ό,‚»‚Μ‘Ό,{ω‚Ή‚Έ,‚ ‚θ
ή“,Τγ‚Λ‚η‚Ά,•{’†,“•{’†‰w‘Oπ”Τ,132063,“‹“s,•{’†s,σΤ’¬‚P’–Ϊ,2020-10-27,16,‚»‚Μ‘Ό,‚»‚Μ‘Ό,{ω‚Ή‚Έ,‚Θ‚µ
ή“,Τγ‚Λ‚η‚Ά,•{’†,“•{’†‰w‘Oπ”Τ,132063,“‹“s,•{’†s,—Ξ’¬‚Q’–Ϊ,2020-11-14,18,“ΉHγ,‚»‚Μ‘Ό,{ω‚Ή‚Έ,‚Θ‚µ
ή“,Τγ‚Λ‚η‚Ά,•{’†,“•{’†‰w‘Oπ”Τ,132063,“‹“s,•{’†s,αΌ’¬‚P’–Ϊ,2020-03-20,16,‚»‚Μ‘Ό,’“Τi—Φjκ,{ω‚Ή‚Έ,‚Θ‚µ
ή“,Τγ‚Λ‚η‚Ά,•{’†,“•{’†‰w‘Oπ”Τ,132063,“‹“s,•{’†s,αΌ’¬‚Q’–Ϊ,2020-04-23,12,‚»‚Μ‘Ό,’“Τi—Φjκ,{ω‚Ή‚Έ,‚Θ‚µ
ή“,Τγ‚Λ‚η‚Ά,•{’†,“•{’†‰w‘Oπ”Τ,132063,“‹“s,•{’†s,αΌ’¬‚Q’–Ϊ,2020-04-24,15,‚»‚Μ‘Ό,’“Τi—Φjκ,{ω‚Ή‚Έ,‚Θ‚µ
ή“,Τγ‚Λ‚η‚Ά,•{’†,“•{’†‰w‘Oπ”Τ,132063,“‹“s,•{’†s,αΌ’¬‚Q’–Ϊ,2020-05-11,18,‚»‚Μ‘Ό,’“Τi—Φjκ,{ω‚Ή‚Έ,‚Θ‚µ
ή“,Τγ‚Λ‚η‚Ά,•{’†,“•{’†‰w‘Oπ”Τ,132063,“‹“s,•{’†s,αΌ’¬‚Q’–Ϊ,2020-11-16,19,‚»‚Μ‘Ό,’“Τi—Φjκ,{ω‚Ή‚Έ,‚Θ‚µ
ή“,Τγ‚Λ‚η‚Ά,•{’†,‰h’¬π”Τ,132063,“‹“s,•{’†s,V’¬‚P’–Ϊ,2020-03-03,08,κΛZ‘ξ,’“Τi—Φjκ,{ω‚Ή‚Έ,‚ ‚θ
ή“,Τγ‚Λ‚η‚Ά,•{’†,‰h’¬π”Τ,132063,“‹“s,•{’†s,V’¬‚P’–Ϊ,2020-05-09,10,’“Τi—Φjκ,’“Τi—Φjκ,{ω‚Ή‚Έ,‚Θ‚µ
ή“,Τγ‚Λ‚η‚Ά,•{’†,”όD’¬π”Τ,132063,“‹“s,•{’†s,”όD’¬‚R’–Ϊ,2020-08-01,13,‚»‚Μ‘Ό,’“Τi—Φjκ,{ω‚Ή‚Έ,‚ ‚θ
ή“,Τγ‚Λ‚η‚Ά,•{’†,”όD’¬π”Τ,132063,“‹“s,•{’†s,”όD’¬‚R’–Ϊ,2020-08-26,13,“ΉHγ,‚»‚Μ‘Ό,{ω‚Ή‚Έ,‚ ‚θ
ή“,Τγ‚Λ‚η‚Ά,•{’†,Ό΄’¬π”Τ,132063,“‹“s,•{’†s,Ό΄’¬‚P’–Ϊ,2020-05-08,15,‚»‚Μ‘Ό,’“Τi—Φjκ,{ω‚Ή‚Έ,‚Θ‚µ
ή“,Τγ‚Λ‚η‚Ά,•{’†,Ό΄’¬π”Τ,132063,“‹“s,•{’†s,Ό΄’¬‚Q’–Ϊ,2020-04-17,17,‚»‚Μ‘Ό,’“Τi—Φjκ,{ω‚Ή‚Έ,‚Θ‚µ
ή“,Τγ‚Λ‚η‚Ά,•{’†,–{hπ”Τ,132063,“‹“s,•{’†s,Ό•{’¬‚P’–Ϊ,2020-07-22,09,“ΉHγ,‚»‚Μ‘Ό,{ω‚Ή‚Έ,‚Θ‚µ
ή“,Τγ‚Λ‚η‚Ά,•{’†,–{hπ”Τ,132063,“‹“s,•{’†s,Ό•{’¬‚P’–Ϊ,2020-07-22,10,“ΉHγ,‚»‚Μ‘Ό,{ω‚Ή‚Έ,‚ ‚θ
ή“,Τγ‚Λ‚η‚Ά,•{’†,–{hπ”Τ,132063,“‹“s,•{’†s,Ό•{’¬‚P’–Ϊ,2020-09-11,09,’“Τi—Φjκ,’“Τi—Φjκ,{ω‚Ή‚Έ,‚Θ‚µ
ή“,Τγ‚Λ‚η‚Ά,•{’†,–{hπ”Τ,132063,“‹“s,•{’†s,–{h’¬‚P’–Ϊ,2020-08-21,09,“ΉHγ,‚»‚Μ‘Ό,{ω‚Ή‚Έ,‚ ‚θ
ή“,Τγ‚Λ‚η‚Ά,•{’†,’†‰Ν΄π”Τ,132063,“‹“s,•{’†s,Z‹g’¬‚S’–Ϊ,2020-05-29,17,‚»‚Μ‘Ό,‚»‚Μ‘Ό,{ω‚Ή‚Έ,‚Θ‚µ
ή“,Τγ‚Λ‚η‚Ά,•{’†,’†‰Ν΄π”Τ,132063,“‹“s,•{’†s,Z‹g’¬‚S’–Ϊ,2020-09-21,23,“ΉHγ,‚»‚Μ‘Ό,{ω‚Ή‚Έ,‚ ‚θ
ή“,Τγ‚Λ‚η‚Ά,•{’†,’†‰Ν΄π”Τ,132063,“‹“s,•{’†s,l’J‚R’–Ϊ,2020-03-19,13,κΛZ‘ξ,’“Τi—Φjκ,{ω‚Ή‚Έ,‚ ‚θ
ή“,Τγ‚Λ‚η‚Ά,•{’†,¥­π”Τ,132063,“‹“s,•{’†s,¥­‚Q’–Ϊ,2020-11-15,09,‚»‚Μ‘Ό,’“Τi—Φjκ,{ω‚Ή‚Έ,‚ ‚θ
ή“,Τγ‚Λ‚η‚Ά,•{’†,¥­π”Τ,132063,“‹“s,•{’†s,¥­‚R’–Ϊ,2020-06-16,18,’“Τi—Φjκ,’“Τi—Φjκ,{ω‚Ή‚Έ,‚Θ‚µ
ή“,Τγ‚Λ‚η‚Ά,•{’†,¥­π”Τ,132063,“‹“s,•{’†s,¥­‚S’–Ϊ,2020-09-28,18,‚»‚Μ‘Ό,‚»‚Μ‘Ό,{ω‚Ή‚Έ,‚ ‚θ
ή“,Τγ‚Λ‚η‚Ά,•{’†,¥­π”Τ,132063,“‹“s,•{’†s,¥­‚U’–Ϊ,2020-08-26,19,‚»‚Μ‘Ό,‚»‚Μ‘Ό,{ω‚Ή‚Έ,‚ ‚θ
ή“,Τγ‚Λ‚η‚Ά,•{’†,¥­π”Τ,132063,“‹“s,•{’†s,αΌ’¬‚Q’–Ϊ,2020-08-30,00,‚»‚Μ‘Ό,’“Τi—Φjκ,{ω‚Ή‚Έ,‚Θ‚µ
ή“,Τγ‚Λ‚η‚Ά,•{’†,‘ζά’†wZ‘Oπ”Τ,132063,“‹“s,•{’†s,σΤ’¬‚P’–Ϊ,2020-04-28,07,‚»‚Μ‘Ό,’“Τi—Φjκ,{ω‚Ή‚Έ,‚Θ‚µ
ή“,Τγ‚Λ‚η‚Ά,•{’†,‘ζά’†wZ‘Oπ”Τ,132063,“‹“s,•{’†s,σΤ’¬‚P’–Ϊ,2020-10-27,13,’“Τi—Φjκ,’“Τi—Φjκ,{ω‚Ή‚Έ,‚Θ‚µ
ή“,Τγ‚Λ‚η‚Ά,•{’†,•ª”~’“έ,132063,“‹“s,•{’†s,•ª”~’¬‚Q’–Ϊ,2020-07-15,09,‚»‚Μ‘Ό‚ΜZ‘ξi‚RK‚ΔΘ‰Ί‹¤“―Z‘ξ“™j,’“Τi—Φjκ,{ω‚Ή‚Έ,‚ ‚θ
ή“,Τγ‚Λ‚η‚Ά,•{’†,•ª”~’“έ,132063,“‹“s,•{’†s,•ª”~’¬‚Q’–Ϊ,2020-08-08,11,‚»‚Μ‘Ό‚ΜZ‘ξi‚RK‚ΔΘ‰Ί‹¤“―Z‘ξ“™j,’“Τi—Φjκ,{ω‚Ή‚Έ,‚ ‚θ
ή“,Τγ‚Λ‚η‚Ά,•{’†,”’…‘δπ”Τ,132063,“‹“s,•{’†s,αΌ’¬‚P’–Ϊ,2020-10-31,10,‚»‚Μ‘Ό,’“Τi—Φjκ,{ω‚Ή‚Έ,‚Θ‚µ
ή“,Τγ‚Λ‚η‚Ά,•{’†,‘ε‘°π”Τ,132063,“‹“s,•{’†s,υ’¬‚Q’–Ϊ,2020-06-05,10,‚»‚Μ‘Ό,’“Τi—Φjκ,{ω‚Ή‚Έ,‚Θ‚µ
ή“,Τγ‚Λ‚η‚Ά,•{’†,‘ε‘°π”Τ,132063,“‹“s,•{’†s,—Ξ’¬‚Q’–Ϊ,2020-07-01,17,‚»‚Μ‘Ό,’“Τi—Φjκ,{ω‚Ή‚Έ,‚Θ‚µ
ή“,Τγ‚Λ‚η‚Ά,•{’†,‘ε‘°π”Τ,132063,“‹“s,•{’†s,—Ξ’¬‚Q’–Ϊ,2020-11-21,13,‚»‚Μ‘Ό,’“Τi—Φjκ,{ω‚Ή‚Έ,‚Θ‚µ
ή“,Τγ‚Λ‚η‚Ά,•{’†,‘ε‘°π”Τ,132063,“‹“s,•{’†s,‹{Ό’¬‚Q’–Ϊ,2020-10-30,18,’“Τi—Φjκ,’“Τi—Φjκ,{ω‚Ή‚Έ,‚Θ‚µ
ή“,Τγ‚Λ‚η‚Ά,•{’†,‘ε‘°π”Τ,132063,“‹“s,•{’†s,‹{Ό’¬‚T’–Ϊ,2020-07-18,11,“ΉHγ,‚»‚Μ‘Ό,{ω‚Ή‚Έ,‚ ‚θ
ή“,Τγ‚Λ‚η‚Ά,•{’†,Τ•Τ’c’n’“έ,132063,“‹“s,•{’†s,”’…‘δ‚T’–Ϊ,2020-02-21,10,‚»‚Μ‘Ό,’“Τi—Φjκ,{ω‚Ή‚Έ,‚ ‚θ
ή“,Τγ‚Λ‚η‚Ά,•{’†,l’J’“έ,132063,“‹“s,•{’†s,l’J‚R’–Ϊ,2020-01-24,12,“ΉHγ,‚»‚Μ‘Ό,{ω‚Ή‚Έ,‚ ‚θ
ή“,Τγ‚Λ‚η‚Ά,•{’†,l’J’“έ,132063,“‹“s,•{’†s,l’J‚R’–Ϊ,2020-02-02,04,‚SK‚ΔΘγ‹¤“―Z‘ξ,’“Τi—Φjκ,{ω‚Ή‚Έ,‚ ‚θ
ή“,Τγ‚Λ‚η‚Ά,•{’†,l’J’“έ,132063,“‹“s,•{’†s,l’J‚T’–Ϊ,2020-03-09,20,‚»‚Μ‘Ό,’“Τi—Φjκ,{ω‚Ή‚Έ,‚ ‚θ
ή“,Τγ‚Λ‚η‚Ά,•{’†,l’J’“έ,132063,“‹“s,•{’†s,l’J‚T’–Ϊ,2020-05-22,07,‚»‚Μ‘Ό,’“Τi—Φjκ,{ω‚Ή‚Έ,‚Θ‚µ
ή“,Τγ‚Λ‚η‚Ά,•{’†,l’J’“έ,132063,“‹“s,•{’†s,l’J‚T’–Ϊ,2020-07-03,06,‚»‚Μ‘Ό,’“Τi—Φjκ,{ω‚Ή‚Έ,‚Θ‚µ
ή“,Τγ‚Λ‚η‚Ά,•{’†,•‘ ‘δπ”Τ,132063,“‹“s,•{’†s,•‘ ‘δ‚Q’–Ϊ,2020-02-23,15,‚»‚Μ‘Ό,’“Τi—Φjκ,{ω‚Ή‚Έ,‚Θ‚µ
ή“,Τγ‚Λ‚η‚Ά,¬‹ΰδ,‘O΄π”Τ,132101,“‹“s,¬‹ΰδs,‘O΄’¬‚Q’–Ϊ,2020-09-13,20,‚»‚Μ‘Ό‚ΜZ‘ξi‚RK‚ΔΘ‰Ί‹¤“―Z‘ξ“™j,’“Τi—Φjκ,{ω‚Ή‚Έ,‚ ‚θ
ή“,Τγ‚Λ‚η‚Ά,¬‹ΰδ,‘O΄π”Τ,132101,“‹“s,¬‹ΰδs,‘O΄’¬‚R’–Ϊ,2020-09-24,13,‚»‚Μ‘Ό,’“Τi—Φjκ,{ω‚Ή‚Έ,‚Θ‚µ
ή“,Τγ‚Λ‚η‚Ά,¬‹ΰδ,‘O΄π”Τ,132101,“‹“s,¬‹ΰδs,‘O΄’¬‚T’–Ϊ,2019-12-01,00,’“Τi—Φjκ,’“Τi—Φjκ,{ω‚Ή‚Έ,‚ ‚θ
ή“,Τγ‚Λ‚η‚Ά,¬‹ΰδ,‘O΄π”Τ,132101,“‹“s,¬‹ΰδs,‘O΄’¬‚T’–Ϊ,2020-10-30,10,‚»‚Μ‘Ό,’“Τi—Φjκ,{ω‚Ή‚Έ,‚Θ‚µ
ή“,Τγ‚Λ‚η‚Ά,¬‹ΰδ,‘•ª›‰w–kϋπ”Τ,132144,“‹“s,‘•ª›s,–{’¬‚Q’–Ϊ,2020-08-18,10,“ΉHγ,‚»‚Μ‘Ό,{ω‚Ή‚Έ,‚ ‚θ
ή“,Τγ‚Λ‚η‚Ά,¬‹ΰδ,‘•ª›‰w–kϋπ”Τ,132144,“‹“s,‘•ª›s,–{’¬‚Q’–Ϊ,2020-08-23,16,’“Τi—Φjκ,’“Τi—Φjκ,{ω‚Ή‚Έ,‚Θ‚µ
ή“,Τγ‚Λ‚η‚Ά,¬‹ΰδ,‘•ª›‰w–kϋπ”Τ,132144,“‹“s,‘•ª›s,–{’¬‚R’–Ϊ,2020-01-06,12,“ΉHγ,‚»‚Μ‘Ό,{ω‚Ή‚Έ,‚Θ‚µ
ή“,Τγ‚Λ‚η‚Ά,¬‹ΰδ,‘•ª›‰w–kϋπ”Τ,132144,“‹“s,‘•ª›s,–{’¬‚R’–Ϊ,2020-09-17,15,‚»‚Μ‘Ό,‚»‚Μ‘Ό,{ω‚Ή‚Έ,‚ ‚θ
ή“,Τγ‚Λ‚η‚Ά,¬‹ΰδ,“¬‹ΰδ‰w‘Oπ”Τ,132101,“‹“s,¬‹ΰδs,–μ’¬‚T’–Ϊ,2020-06-23,16,“ΉHγ,‚»‚Μ‘Ό,{ω‚Ή‚Έ,‚Θ‚µ
ή“,Τγ‚Λ‚η‚Ά,¬‹ΰδ,Ρδ–k’¬π”Τ,132101,“‹“s,¬‹ΰδs,–{’¬‚R’–Ϊ,2020-11-04,15,‚»‚Μ‘Ό,’“Τi—Φjκ,{ω‚Ή‚Έ,‚Θ‚µ
ή“,Τγ‚Λ‚η‚Ά,¬‹ΰδ,Ρδ–k’¬π”Τ,132101,“‹“s,¬‹ΰδs,–{’¬‚T’–Ϊ,2020-01-12,14,κΛZ‘ξ,’“Τi—Φjκ,{ω‚Ή‚Έ,‚ ‚θ
ή“,Τγ‚Λ‚η‚Ά,¬‹ΰδ,Ρδ–k’¬π”Τ,132101,“‹“s,¬‹ΰδs,–{’¬‚T’–Ϊ,2020-02-15,18,‚»‚Μ‘Ό,’“Τi—Φjκ,{ω‚Ή‚Έ,‚Θ‚µ
ή“,Τγ‚Λ‚η‚Ά,¬‹ΰδ,¬‹ΰδφ‰€‘Oπ”Τ,132101,“‹“s,¬‹ΰδs,Φ–μ’¬‚P’–Ϊ,2020-03-15,14,‚»‚Μ‘Ό,‚»‚Μ‘Ό,{ω‚Ή‚Έ,‚Θ‚µ
ή“,Τγ‚Λ‚η‚Ά,¬‹ΰδ,¬‹ΰδφ‰€‘Oπ”Τ,132101,“‹“s,¬‹ΰδs,Φ–μ’¬‚P’–Ϊ,2020-08-18,21,‚»‚Μ‘Ό,’“Τi—Φjκ,{ω‚Ή‚Έ,‚ ‚θ
ή“,Τγ‚Λ‚η‚Ά,¬‹ΰδ,¬‹ΰδφ‰€‘Oπ”Τ,132101,“‹“s,¬‹ΰδs,Φ–μ’¬‚Q’–Ϊ,2020-05-04,15,‚»‚Μ‘Ό,‚»‚Μ‘Ό,{ω‚Ή‚Έ,‚ ‚θ
ή“,Τγ‚Λ‚η‚Ά,¬‹ΰδ,Ρδ“μ’¬π”Τ,132101,“‹“s,¬‹ΰδs,Ρδ“μ’¬‚Q’–Ϊ,2020-03-25,10,‚»‚Μ‘Ό,’“Τi—Φjκ,{ω‚Ή‚Έ,‚Θ‚µ
ή“,Τγ‚Λ‚η‚Ά,¬‹ΰδ,³’¬’“έ,132144,“‹“s,‘•ª›s,Ό³’¬‚S’–Ϊ,2020-02-27,17,‚»‚Μ‘Ό‚ΜZ‘ξi‚RK‚ΔΘ‰Ί‹¤“―Z‘ξ“™j,’“Τi—Φjκ,{ω‚Ή‚Έ,‚ ‚θ
ή“,Τγ‚Λ‚η‚Ά,¬‹ΰδ,–{‘½π”Τ,132101,“‹“s,¬‹ΰδs,Ρδ–k’¬‚T’–Ϊ,2020-06-24,01,‚»‚Μ‘Ό,’“Τi—Φjκ,{ω‚Ή‚Έ,‚ ‚θ
ή“,Τγ‚Λ‚η‚Ά,¬‹ΰδ,—φƒPE‰w‘Oπ”Τ,132144,“‹“s,‘•ª›s,Ό—φƒ–E‚S’–Ϊ,2020-10-02,16,“ΉHγ,‚»‚Μ‘Ό,{ω‚Ή‚Έ,‚ ‚θ
ή“,Τγ‚Λ‚η‚Ά,¬‹ΰδ,—φƒPE‰w‘Oπ”Τ,132144,“‹“s,‘•ª›s,“—φƒ–E‚T’–Ϊ,2020-05-23,16,‚»‚Μ‘Ό,’“Τi—Φjκ,{ω‚Ή‚Έ,‚Θ‚µ
ή“,Τγ‚Λ‚η‚Ά,¬‹ΰδ,—φƒPE‰w‘Oπ”Τ,132144,“‹“s,‘•ª›s,“Λ‘q‚Q’–Ϊ,2020-03-05,17,‚»‚Μ‘Ό,’“Τi—Φjκ,{ω‚Ή‚Έ,‚ ‚θ
ή“,Τγ‚Λ‚η‚Ά,¬‹ΰδ,—φƒPE‰w‘Oπ”Τ,132144,“‹“s,‘•ª›s,“Λ‘q‚Q’–Ϊ,2020-12-09,14,‚»‚Μ‘Ό,‚»‚Μ‘Ό,{ω‚Ή‚Έ,‚Θ‚µ
ή“,Τγ‚Λ‚η‚Ά,¬‹ΰδ,υ’¬π”Τ,132144,“‹“s,‘•ª›s,υ’¬‚P’–Ϊ,2020-07-16,12,‚»‚Μ‘Ό‚ΜZ‘ξi‚RK‚ΔΘ‰Ί‹¤“―Z‘ξ“™j,’“Τi—Φjκ,{ω‚Ή‚Έ,‚ ‚θ
ή“,Τγ‚Λ‚η‚Ά,¬‹ΰδ,υ’¬π”Τ,132144,“‹“s,‘•ª›s,“ϊ‹g’¬‚Q’–Ϊ,2020-11-19,15,“ΉHγ,‚»‚Μ‘Ό,{ω‚Ή‚Έ,‚ ‚θ
ή“,Τγ‚Λ‚η‚Ά,¬‹ΰδ,υ’¬π”Τ,132144,“‹“s,‘•ª›s,•xm–{‚P’–Ϊ,2020-09-26,08,“ΉHγ,‚»‚Μ‘Ό,{ω‚Ή‚Έ,‚ ‚θ
ή“,Τγ‚Λ‚η‚Ά,¬‹ΰδ,υ’¬π”Τ,132144,“‹“s,‘•ª›s,•xm–{‚P’–Ϊ,2020-11-20,12,κΛZ‘ξ,’“Τi—Φjκ,{ω‚Ή‚Έ,‚ ‚θ
ή“,Τγ‚Λ‚η‚Ά,¬‹ΰδ,‘•ª›‰w“μϋπ”Τ,132144,“‹“s,‘•ª›s,Ό³’¬‚P’–Ϊ,2020-04-02,10,‚»‚Μ‘Ό,’“Τi—Φjκ,{ω‚Ή‚Έ,‚ ‚θ
ή“,Τγ‚Λ‚η‚Ά,¬‹ΰδ,‘•ª›‰w“μϋπ”Τ,132144,“‹“s,‘•ª›s,“³’¬‚P’–Ϊ,2020-05-27,13,“ΉHγ,‚»‚Μ‘Ό,{ω‚Ή‚Έ,‚ ‚θ
ή“,Τγ‚Λ‚η‚Ά,¬‹ΰδ,‘•ª›‰w“μϋπ”Τ,132144,“‹“s,‘•ª›s,“μ’¬‚R’–Ϊ,2020-08-12,12,“ΉHγ,‚»‚Μ‘Ό,{ω‚Ή‚Έ,‚ ‚θ
ή“,Τγ‚Λ‚η‚Ά,¬‹ΰδ,Ό‘•ª›‰w‘Oπ”Τ,132144,“‹“s,‘•ª›s,ς’¬‚Q’–Ϊ,2020-04-06,17,‚»‚Μ‘Ό,’“Τi—Φjκ,{ω‚Ή‚Έ,‚ ‚θ
ή“,Τγ‚Λ‚η‚Ά,¬‹ΰδ,Ό‘•ª›‰w‘Oπ”Τ,132144,“‹“s,‘•ª›s,“Λ‘q‚Q’–Ϊ,2020-02-09,16,‚»‚Μ‘Ό,’“Τi—Φjκ,{ω‚Ή‚Έ,‚ ‚θ
ή“,Τγ‚Λ‚η‚Ά,¬‹ΰδ,Ό‘•ª›‰w‘Oπ”Τ,132144,“‹“s,‘•ª›s,“Λ‘q‚Q’–Ϊ,2020-11-19,14,’“Τi—Φjκ,’“Τi—Φjκ,{ω‚Ή‚Έ,‚Θ‚µ
ή“,Τγ‚Λ‚η‚Ά,¬‹ΰδ,Ό‘•ª›‰w‘Oπ”Τ,132144,“‹“s,‘•ª›s,“ϊ‹g’¬‚P’–Ϊ,2020-10-13,17,‚»‚Μ‘Ό‚ΜZ‘ξi‚RK‚ΔΘ‰Ί‹¤“―Z‘ξ“™j,’“Τi—Φjκ,{ω‚Ή‚Έ,‚ ‚θ
ή“,Τγ‚Λ‚η‚Ά,¬‹ΰδ,•‘ ¬‹ΰδ‰w‘Oπ”Τ,132101,“‹“s,¬‹ΰδs,–{’¬‚T’–Ϊ,2020-10-29,15,‚»‚Μ‘Ό,’“Τi—Φjκ,{ω‚Ή‚Έ,‚ ‚θ
ή“,Τγ‚Λ‚η‚Ά,¬‹ΰδ,•‘ ¬‹ΰδ‰w‘Oπ”Τ,132101,“‹“s,¬‹ΰδs,–{’¬‚U’–Ϊ,2020-02-20,14,‚»‚Μ‘Ό,’“Τi—Φjκ,{ω‚Ή‚Έ,‚ ‚θ
ή“,Τγ‚Λ‚η‚Ά,“c–³,,,,,,2020-02-24,09,“ΉHγ,‚»‚Μ‘Ό,{ω‚Ή‚Έ,‚ ‚θ
ή“,Τγ‚Λ‚η‚Ά,“c–³,“c–³‰w‘Oπ”Τ,132292,“‹“s,Ό“‹s,Ε‹v•Ϋ’¬‚P’–Ϊ,2020-04-17,09,‚»‚Μ‘Ό,’“Τi—Φjκ,{ω‚Ή‚Έ,‚ ‚θ
ή“,Τγ‚Λ‚η‚Ά,“c–³,“c–³‰w‘Oπ”Τ,132292,“‹“s,Ό“‹s,Ε‹v•Ϋ’¬‚Q’–Ϊ,2020-07-07,13,“ΉHγ,‚»‚Μ‘Ό,{ω‚Ή‚Έ,‚ ‚θ
ή“,Τγ‚Λ‚η‚Ά,“c–³,“c–³‰w‘Oπ”Τ,132292,“‹“s,Ό“‹s,Ε‹v•Ϋ’¬‚R’–Ϊ,2020-01-04,12,‚»‚Μ‘Ό‚ΜZ‘ξi‚RK‚ΔΘ‰Ί‹¤“―Z‘ξ“™j,’“Τi—Φjκ,{ω‚Ή‚Έ,‚Θ‚µ
ή“,Τγ‚Λ‚η‚Ά,“c–³,“c–³‰w‘Oπ”Τ,132292,“‹“s,Ό“‹s,“c–³’¬‚Q’–Ϊ,2020-06-27,03,κΛZ‘ξ,’“Τi—Φjκ,{ω‚Ή‚Έ,‚Θ‚µ
ή“,Τγ‚Λ‚η‚Ά,“c–³,“c–³‰w‘Oπ”Τ,132292,“‹“s,Ό“‹s,“c–³’¬‚Q’–Ϊ,2020-12-03,10,’“Τi—Φjκ,’“Τi—Φjκ,{ω‚Ή‚Έ,‚Θ‚µ
ή“,Τγ‚Λ‚η‚Ά,“c–³,“c–³‰w‘Oπ”Τ,132292,“‹“s,Ό“‹s,“c–³’¬‚V’–Ϊ,2020-02-24,20,’“Τi—Φjκ,’“Τi—Φjκ,{ω‚Ή‚Έ,‚ ‚θ
ή“,Τγ‚Λ‚η‚Ά,“c–³,–k΄’¬π”Τ,132292,“‹“s,Ό“‹s,–k΄’¬‚P’–Ϊ,2020-11-15,15,“ΉHγ,‚»‚Μ‘Ό,{ω‚Ή‚Έ,‚ ‚θ
ή“,Τγ‚Λ‚η‚Ά,“c–³,–k΄’¬π”Τ,132292,“‹“s,Ό“‹s,“c–³’¬‚P’–Ϊ,2020-11-14,04,‚SK‚ΔΘγ‹¤“―Z‘ξ,’“Τi—Φjκ,{ω‚Ή‚Έ,‚ ‚θ
ή“,Τγ‚Λ‚η‚Ά,“c–³,–k΄’¬π”Τ,132292,“‹“s,Ό“‹s,“c–³’¬‚T’–Ϊ,2020-07-22,09,‚»‚Μ‘Ό,’“Τi—Φjκ,{ω‚Ή‚Έ,‚Θ‚µ
ή“,Τγ‚Λ‚η‚Ά,“c–³,–φ‘ς‰w‘Oπ”Τ,132292,“‹“s,Ό“‹s,•Ϋ’J’¬‚T’–Ϊ,2020-11-25,15,‚»‚Μ‘Ό,‚»‚Μ‘Ό,{ω‚Ή‚Έ,‚ ‚θ
ή“,Τγ‚Λ‚η‚Ά,“c–³,–φ‘ς‰w‘Oπ”Τ,132292,“‹“s,Ό“‹s,–φ‘ς‚P’–Ϊ,2020-06-02,22,‚SK‚ΔΘγ‹¤“―Z‘ξ,’“Τi—Φjκ,{ω‚Ή‚Έ,‚Θ‚µ
ή“,Τγ‚Λ‚η‚Ά,“c–³,β‰Ίπ”Τ,132292,“‹“s,Ό“‹s,“•©‚P’–Ϊ,2020-10-15,16,‚»‚Μ‘Ό,‚»‚Μ‘Ό,{ω‚Ή‚Έ,‚ ‚θ
ή“,Τγ‚Λ‚η‚Ά,“c–³,‚Π‚Ξ‚θ‚ª‹u’c’nπ”Τ,132225,“‹“s,“‹v—―•Δs,“μ’¬‚Q’–Ϊ,2020-10-12,16,‚»‚Μ‘Ό,’“Τi—Φjκ,{ω‚Ή‚Έ,‚Θ‚µ
ή“,Τγ‚Λ‚η‚Ά,“c–³,•Ϋ’J‰w‘Oπ”Τ,132292,“‹“s,Ό“‹s,’†’¬‚R’–Ϊ,2020-11-04,09,κΛZ‘ξ,‚»‚Μ‘Ό,{ω‚Ή‚Έ,‚Θ‚µ
ή“,Τγ‚Λ‚η‚Ά,“c–³,•Ϋ’J‰w‘Oπ”Τ,132292,“‹“s,Ό“‹s,“’¬‚R’–Ϊ,2020-08-04,02,’“Τi—Φjκ,’“Τi—Φjκ,{ω‚Ή‚Έ,‚Θ‚µ
ή“,Τγ‚Λ‚η‚Ά,“c–³,“•©π”Τ,132292,“‹“s,Ό“‹s,•xm’¬‚S’–Ϊ,2020-02-20,08,‚»‚Μ‘Ό,‚»‚Μ‘Ό,{ω‚Ή‚Έ,‚Θ‚µ
ή“,Τγ‚Λ‚η‚Ά,“c–³,“•©π”Τ,132292,“‹“s,Ό“‹s,•xm’¬‚S’–Ϊ,2020-04-01,21,’“Τi—Φjκ,’“Τi—Φjκ,{ω‚Ή‚Έ,‚Θ‚µ
ή“,Τγ‚Λ‚η‚Ά,“c–³,ς’¬π”Τ,132292,“‹“s,Ό“‹s,’†’¬‚U’–Ϊ,2020-03-28,19,’“Τi—Φjκ,’“Τi—Φjκ,{ω‚Ή‚Έ,‚Θ‚µ
ή“,Τγ‚Λ‚η‚Ά,“c–³,•Ϋ’JV’¬π”Τ,132292,“‹“s,Ό“‹s,V’¬‚S’–Ϊ,2020-10-05,07,‚»‚Μ‘Ό,’“Τi—Φjκ,{ω‚Ή‚Έ,‚Θ‚µ
ή“,Τγ‚Λ‚η‚Ά,“c–³,•Ϋ’JV’¬π”Τ,132292,“‹“s,Ό“‹s,V’¬‚U’–Ϊ,2020-06-02,14,‚»‚Μ‘Ό,’“Τi—Φjκ,{ω‚Ή‚Έ,‚Θ‚µ
ή“,Τγ‚Λ‚η‚Ά,“c–³,–μ‰Ξ~π”Τ,132225,“‹“s,“‹v—―•Δs,‰Ί—Ά‚V’–Ϊ,2020-03-05,19,‚SK‚ΔΘγ‹¤“―Z‘ξ,’“Τi—Φjκ,{ω‚Ή‚Έ,‚Θ‚µ
ή“,Τγ‚Λ‚η‚Ά,“c–³,‘κRπ”Τ,132225,“‹“s,“‹v—―•Δs,‘κR‚S’–Ϊ,2020-06-10,13,“ΉHγ,‚»‚Μ‘Ό,{ω‚Ή‚Έ,‚Θ‚µ
ή“,Τγ‚Λ‚η‚Ά,“c–³,‘κRπ”Τ,132225,“‹“s,“‹v—―•Δs,‘O‘ς‚S’–Ϊ,2020-02-05,11,’“Τi—Φjκ,’“Τi—Φjκ,{ω‚Ή‚Έ,‚Θ‚µ
ή“,Τγ‚Λ‚η‚Ά,“c–³,‘κRπ”Τ,132225,“‹“s,“‹v—―•Δs,‘O‘ς‚S’–Ϊ,2020-03-28,06,’“Τi—Φjκ,’“Τi—Φjκ,{ω‚Ή‚Έ,‚Θ‚µ
ή“,Τγ‚Λ‚η‚Ά,“c–³,‘κRπ”Τ,132225,“‹“s,“‹v—―•Δs,–φE‚Q’–Ϊ,2020-07-20,07,‚SK‚ΔΘγ‹¤“―Z‘ξ,’“Τi—Φjκ,{ω‚Ή‚Έ,‚ ‚θ
ή“,Τγ‚Λ‚η‚Ά,“c–³,“μ‘ςπ”Τ,132225,“‹“s,“‹v—―•Δs,’†‰›’¬‚R’–Ϊ,2020-03-17,15,‚»‚Μ‘Ό,‚»‚Μ‘Ό,{ω‚Ή‚Έ,‚ ‚θ
ή“,Τγ‚Λ‚η‚Ά,“c–³,“μ‘ςπ”Τ,132225,“‹“s,“‹v—―•Δs,–{’¬‚Q’–Ϊ,2020-07-31,12,’“Τi—Φjκ,’“Τi—Φjκ,{ω‚Ή‚Έ,‚ ‚θ
ή“,Τγ‚Λ‚η‚Ά,“c–³,‘O‘ςπ”Τ,132225,“‹“s,“‹v—―•Δs,’†‰›’¬‚T’–Ϊ,2020-03-31,11,κΛZ‘ξ,‚»‚Μ‘Ό,{ω‚Ή‚Έ,‚Θ‚µ
ή“,Τγ‚Λ‚η‚Ά,“c–³,‘O‘ςπ”Τ,132225,“‹“s,“‹v—―•Δs,‘O‘ς‚P’–Ϊ,2019-12-28,14,’“Τi—Φjκ,’“Τi—Φjκ,{ω‚Ή‚Έ,‚Θ‚µ
ή“,Τγ‚Λ‚η‚Ά,“c–³,‘O‘ςπ”Τ,132225,“‹“s,“‹v—―•Δs,‘O‘ς‚P’–Ϊ,2020-04-17,14,“ΉHγ,‚»‚Μ‘Ό,{ω‚Ή‚Έ,‚ ‚θ
ή“,Τγ‚Λ‚η‚Ά,“c–³,γ‚Μ΄π”Τ,132225,“‹“s,“‹v—―•Δs,‹ΰR’¬‚P’–Ϊ,2020-02-06,02,’“Τi—Φjκ,’“Τi—Φjκ,{ω‚Ή‚Έ,‚ ‚θ
ή“,Τγ‚Λ‚η‚Ά,“c–³,‚Π‚Ξ‚θ‚ª‹u‰w‘Oπ”Τ,132292,“‹“s,Ό“‹s,—Ξ’¬‚R’–Ϊ,2020-09-08,08,“ΉHγ,‚»‚Μ‘Ό,{ω‚Ή‚Έ,‚ ‚θ
ή“,Τγ‚Λ‚η‚Ά,“c–³,‰Ί—Ά’“έ,132225,“‹“s,“‹v—―•Δs,‰Ί—Ά‚R’–Ϊ,2020-07-30,15,‚»‚Μ‘Ό,’“Τi—Φjκ,{ω‚Ή‚Έ,‚Θ‚µ
ή“,Τγ‚Λ‚η‚Ά,“c–³,‰Ί—Ά’“έ,132225,“‹“s,“‹v—―•Δs,‰Ί—Ά‚T’–Ϊ,2020-03-09,17,‚»‚Μ‘Ό,’“Τi—Φjκ,{ω‚Ή‚Έ,‚Θ‚µ
ή“,Τγ‚Λ‚η‚Ά,“c–³,‰Ί—Ά’“έ,132225,“‹“s,“‹v—―•Δs,‰Ί—Ά‚T’–Ϊ,2020-05-15,08,’“Τi—Φjκ,’“Τi—Φjκ,{ω‚Ή‚Έ,‚Θ‚µ
ή“,Τγ‚Λ‚η‚Ά,“c–³,‰Ί—Ά’“έ,132225,“‹“s,“‹v—―•Δs,‰Ί—Ά‚V’–Ϊ,2020-02-15,18,’“Τi—Φjκ,’“Τi—Φjκ,{ω‚Ή‚Έ,‚Θ‚µ
ή“,Τγ‚Λ‚η‚Ά,“c–³,“‹v—―•Δ‰w‘Oπ”Τ,132225,“‹“s,“‹v—―•Δs,K’¬‚P’–Ϊ,2020-07-02,17,‚»‚Μ‘Ό‚ΜZ‘ξi‚RK‚ΔΘ‰Ί‹¤“―Z‘ξ“™j,’“Τi—Φjκ,{ω‚Ή‚Έ,‚Θ‚µ
ή“,Τγ‚Λ‚η‚Ά,“c–³,“‹v—―•Δ‰w‘Oπ”Τ,132225,“‹“s,“‹v—―•Δs,“–{’¬,2020-07-31,21,“ΉHγ,‚»‚Μ‘Ό,{ω‚Ή‚Έ,‚Θ‚µ
ή“,Τγ‚Λ‚η‚Ά,“‘ΊR,“‘ΊR‰w‘Oπ”Τ,132136,“‹“s,“‘ΊRs,‰¶‘½’¬‚R’–Ϊ,2020-09-29,11,‚»‚Μ‘Ό,’“Τi—Φjκ,{ω‚Ή‚Έ,‚ ‚θ
ή“,Τγ‚Λ‚η‚Ά,“‘ΊR,“‘ΊR‰w‘Oπ”Τ,132136,“‹“s,“‘ΊRs,‰¶‘½’¬‚R’–Ϊ,2020-10-11,14,‚»‚Μ‘Ό,’“Τi—Φjκ,{ω‚Ή‚Έ,‚Θ‚µ
ή“,Τγ‚Λ‚η‚Ά,“‘ΊR,“‘ΊR‰w‘Oπ”Τ,132136,“‹“s,“‘ΊRs,–{’¬‚P’–Ϊ,2020-09-17,13,‚»‚Μ‘Ό,’“Τi—Φjκ,{ω‚Ή‚Έ,‚ ‚θ
ή“,Τγ‚Λ‚η‚Ά,“‘ΊR,“‘ΊR‰w‘Oπ”Τ,132136,“‹“s,“‘ΊRs,–{’¬‚P’–Ϊ,2020-09-22,09,“ΉHγ,‚»‚Μ‘Ό,{ω‚Ή‚Έ,‚ ‚θ
ή“,Τγ‚Λ‚η‚Ά,“‘ΊR,“‘ΊR‰w‘Oπ”Τ,132136,“‹“s,“‘ΊRs,–{’¬‚P’–Ϊ,2020-12-22,13,‚»‚Μ‘Ό,’“Τi—Φjκ,{ω‚Ή‚Έ,‚Θ‚µ
ή“,Τγ‚Λ‚η‚Ά,“‘ΊR,“‘ΊR‰w‘Oπ”Τ,132136,“‹“s,“‘ΊRs,–{’¬‚Q’–Ϊ,2020-04-29,14,‚»‚Μ‘Ό,’“Τi—Φjκ,{ω‚Ή‚Έ,‚Θ‚µ
ή“,Τγ‚Λ‚η‚Ά,“‘ΊR,“‘ΊR‰w‘Oπ”Τ,132136,“‹“s,“‘ΊRs,–{’¬‚R’–Ϊ,2020-07-19,10,‚»‚Μ‘Ό,‚»‚Μ‘Ό,{ω‚Ή‚Έ,‚ ‚θ
ή“,Τγ‚Λ‚η‚Ά,“‘ΊR,”ªβπ”Τ,132136,“‹“s,“‘ΊRs,‰h’¬‚R’–Ϊ,2020-10-15,10,“ΉHγ,‚»‚Μ‘Ό,{ω‚Ή‚Έ,‚Θ‚µ
ή“,Τγ‚Λ‚η‚Ά,“‘ΊR,”ªβπ”Τ,132136,“‹“s,“‘ΊRs,•xm©’¬‚T’–Ϊ,2020-08-30,16,‚»‚Μ‘Ό,‚»‚Μ‘Ό,{ω‚Ή‚Έ,‚ ‚θ
ή“,Τγ‚Λ‚η‚Ά,“‘ΊR,”ªβπ”Τ,132136,“‹“s,“‘ΊRs,”όZ’¬‚P’–Ϊ,2020-02-18,18,‚»‚Μ‘Ό,’“Τi—Φjκ,{ω‚Ή‚Έ,‚Θ‚µ
ή“,Τγ‚Λ‚η‚Ά,“‘ΊR,”ªβπ”Τ,132136,“‹“s,“‘ΊRs,”όZ’¬‚P’–Ϊ,2020-05-11,15,‚SK‚ΔΘγ‹¤“―Z‘ξ,’“Τi—Φjκ,{ω‚Ή‚Έ,‚Θ‚µ
ή“,Τγ‚Λ‚η‚Ά,“‘ΊR,‹v•Δμ‰w‘Oπ”Τ,132136,“‹“s,“‘ΊRs,‰h’¬‚P’–Ϊ,2020-10-06,09,“ΉHγ,‚»‚Μ‘Ό,{ω‚Ή‚Έ,‚ ‚θ
ή“,Τγ‚Λ‚η‚Ά,“‘ΊR,‹v•Δμ‰w‘Oπ”Τ,132136,“‹“s,“‘ΊRs,‰h’¬‚Q’–Ϊ,2020-09-09,13,‚»‚Μ‘Ό,‚»‚Μ‘Ό,{ω‚Ή‚Έ,‚Θ‚µ
ή“,Τγ‚Λ‚η‚Ά,“‘ΊR,‹v•Δμ‰w‘Oπ”Τ,132136,“‹“s,“‘ΊRs,‰h’¬‚Q’–Ϊ,2020-09-18,15,“ΉHγ,‚»‚Μ‘Ό,{ω‚Ή‚Έ,‚Θ‚µ
ή“,Τγ‚Λ‚η‚Ά,“‘ΊR,‹v•Δμ‰w‘Oπ”Τ,132136,“‹“s,“‘ΊRs,‰h’¬‚Q’–Ϊ,2020-10-14,10,“ΉHγ,‚»‚Μ‘Ό,{ω‚Ή‚Έ,‚ ‚θ
ή“,Τγ‚Λ‚η‚Ά,“‘ΊR,‹v•Δμ‰w‘Oπ”Τ,132136,“‹“s,“‘ΊRs,”‹R’¬‚R’–Ϊ,2020-07-27,10,“ΉHγ,‚»‚Μ‘Ό,{ω‚Ή‚Έ,‚Θ‚µ
ή“,Τγ‚Λ‚η‚Ά,“‘ΊR,‹v•Δμ‰w‘Oπ”Τ,132136,“‹“s,“‘ΊRs,–{’¬‚S’–Ϊ,2020-07-15,11,‚»‚Μ‘Ό,‚»‚Μ‘Ό,{ω‚Ή‚Έ,‚ ‚θ
ή“,Τγ‚Λ‚η‚Ά,“‘ΊR,‹v•Δμ‰w‘Oπ”Τ,132136,“‹“s,“‘ΊRs,–{’¬‚S’–Ϊ,2020-09-18,15,“ΉHγ,‚»‚Μ‘Ό,{ω‚Ή‚Έ,‚Θ‚µ
ή“,Τγ‚Λ‚η‚Ά,“‘ΊR,‹v•Δμ‰w‘Oπ”Τ,132136,“‹“s,“‘ΊRs,–{’¬‚S’–Ϊ,2020-09-29,09,‚»‚Μ‘Ό,’“Τi—Φjκ,{ω‚Ή‚Έ,‚ ‚θ
ή“,Τγ‚Λ‚η‚Ά,“‘ΊR,‹v•Δμ‰w‘Oπ”Τ,132136,“‹“s,“‘ΊRs,–{’¬‚S’–Ϊ,2020-09-30,10,“ΉHγ,‚»‚Μ‘Ό,{ω‚Ή‚Έ,‚ ‚θ
ή“,Τγ‚Λ‚η‚Ά,“‘ΊR,‹v•Δμ‰w‘Oπ”Τ,132136,“‹“s,“‘ΊRs,–{’¬‚S’–Ϊ,2020-10-07,08,‚»‚Μ‘Ό‚ΜZ‘ξi‚RK‚ΔΘ‰Ί‹¤“―Z‘ξ“™j,‚»‚Μ‘Ό,{ω‚Ή‚Έ,‚ ‚θ
ή“,Τγ‚Λ‚η‚Ά,“‘ΊR,΄£‰w‘Oπ”Τ,132217,“‹“s,΄£s,ΌR‚Q’–Ϊ,2020-11-18,10,“ΉHγ,‚»‚Μ‘Ό,{ω‚Ή‚Έ,‚Θ‚µ
ή“,Τγ‚Λ‚η‚Ά,“‘ΊR,΄£‰w‘Oπ”Τ,132217,“‹“s,΄£s,³’¬‚P’–Ϊ,2020-07-21,20,‚»‚Μ‘Ό,’“Τi—Φjκ,{ω‚Ή‚Έ,‚Θ‚µ
ή“,Τγ‚Λ‚η‚Ά,“‘ΊR,΄£‰w‘Oπ”Τ,132217,“‹“s,΄£s,³’¬‚P’–Ϊ,2020-07-22,20,‚»‚Μ‘Ό,’“Τi—Φjκ,{ω‚Ή‚Έ,‚Θ‚µ
ή“,Τγ‚Λ‚η‚Ά,“‘ΊR,΄£‰w‘Oπ”Τ,132217,“‹“s,΄£s,³’¬‚P’–Ϊ,2020-08-25,20,‚»‚Μ‘Ό,’“Τi—Φjκ,{ω‚Ή‚Έ,‚Θ‚µ
ή“,Τγ‚Λ‚η‚Ά,“‘ΊR,΄£‰w‘Oπ”Τ,132217,“‹“s,΄£s,³’¬‚Q’–Ϊ,2020-07-25,20,‚»‚Μ‘Ό,’“Τi—Φjκ,{ω‚Ή‚Έ,‚Θ‚µ
ή“,Τγ‚Λ‚η‚Ά,“‘ΊR,΄£‰w‘Oπ”Τ,132217,“‹“s,΄£s,³’¬‚Q’–Ϊ,2020-07-28,20,‚»‚Μ‘Ό,’“Τi—Φjκ,{ω‚Ή‚Έ,‚Θ‚µ
ή“,Τγ‚Λ‚η‚Ά,“‘ΊR,‹v•Δμ’“έ,132136,“‹“s,“‘ΊRs,‹v•Δμ’¬‚R’–Ϊ,2020-10-20,13,‚»‚Μ‘Ό,’“Τi—Φjκ,{ω‚Ή‚Έ,‚ ‚θ
ή“,Τγ‚Λ‚η‚Ά,“‘ΊR,H’ΓO’–Ϊπ”Τ,132136,“‹“s,“‘ΊRs,Β—t’¬‚R’–Ϊ,2020-12-15,13,“ΉHγ,‚»‚Μ‘Ό,{ω‚Ή‚Έ,‚ ‚θ
ή“,Τγ‚Λ‚η‚Ά,“‘ΊR,H’ΓO’–Ϊπ”Τ,132136,“‹“s,“‘ΊRs,‹v•Δμ’¬‚P’–Ϊ,2020-08-03,14,‚»‚Μ‘Ό,’“Τi—Φjκ,{ω‚Ή‚Έ,‚Θ‚µ
ή“,Τγ‚Λ‚η‚Ά,“‘ΊR,’†΄Λ’“έ,132217,“‹“s,΄£s,’†΄Λ‚P’–Ϊ,2020-11-28,13,“ΉHγ,‚»‚Μ‘Ό,{ω‚Ή‚Έ,‚ ‚θ
ή“,Τγ‚Λ‚η‚Ά,“‘ΊR,’†΄Λ’“έ,132217,“‹“s,΄£s,’†΄Λ‚P’–Ϊ,2020-12-15,08,‚»‚Μ‘Ό,‚»‚Μ‘Ό,{ω‚Ή‚Έ,‚ ‚θ
ή“,Τγ‚Λ‚η‚Ά,“‘ΊR,’†—Ά’“έ,132217,“‹“s,΄£s,’†—Ά‚R’–Ϊ,2020-07-26,18,‚»‚Μ‘Ό,’“Τi—Φjκ,{ω‚Ή‚Έ,‚Θ‚µ
ή“,Τγ‚Λ‚η‚Ά,“‘ΊR,’†—Ά’“έ,132217,“‹“s,΄£s,’†—Ά‚R’–Ϊ,2020-07-28,19,‚»‚Μ‘Ό,’“Τi—Φjκ,{ω‚Ή‚Έ,‚Θ‚µ
ή“,Τγ‚Λ‚η‚Ά,“‘ΊR,H’Γ‰w‘Oπ”Τ,132217,“‹“s,΄£s,–μ‰–‚P’–Ϊ,2020-08-26,23,κΛZ‘ξ,’“Τi—Φjκ,{ω‚Ή‚Έ,‚ ‚θ
ή“,Τγ‚Λ‚η‚Ά,“‘ΊR,‰Ί΄Λ’“έ,132217,“‹“s,΄£s,‰Ί΄Λ‚Q’–Ϊ,2020-10-05,19,‚»‚Μ‘Ό‚ΜZ‘ξi‚RK‚ΔΘ‰Ί‹¤“―Z‘ξ“™j,’“Τi—Φjκ,{ω‚Ή‚Έ,‚ ‚θ
ή“,Τγ‚Λ‚η‚Ά,“‘ΊR,Β—t’“έ,132136,“‹“s,“‘ΊRs,‰¶‘½’¬‚P’–Ϊ,2020-04-25,09,‚»‚Μ‘Ό,’“Τi—Φjκ,{ω‚Ή‚Έ,‚Θ‚µ
ή“,Τγ‚Λ‚η‚Ά,•‘ –μ,‹gΛ›‰wΌϋπ”Τ,132039,“‹“s,•‘ –μs,‹gΛ›–{’¬‚Q’–Ϊ,2020-03-11,17,‚»‚Μ‘Ό,’“Τi—Φjκ,{ω‚Ή‚Έ,‚ ‚θ
ή“,Τγ‚Λ‚η‚Ά,•‘ –μ,‹gΛ›‰w“ϋπ”Τ,132039,“‹“s,•‘ –μs,‹gΛ›–{’¬‚P’–Ϊ,2020-04-17,07,“ΉHγ,‚»‚Μ‘Ό,{ω‚Ή‚Έ,‚ ‚θ
ή“,Τγ‚Λ‚η‚Ά,•‘ –μ,‹gΛ›‰w“ϋπ”Τ,132039,“‹“s,•‘ –μs,‹gΛ›–{’¬‚P’–Ϊ,2020-07-12,10,“ΉHγ,‚»‚Μ‘Ό,{ω‚Ή‚Έ,‚ ‚θ
ή“,Τγ‚Λ‚η‚Ά,•‘ –μ,”ª”¦’¬π”Τ,132039,“‹“s,•‘ –μs,”ª”¦’¬‚P’–Ϊ,2019-11-21,•s–Ύ,’“Τi—Φjκ,’“Τi—Φjκ,{ω‚Ή‚Έ,‚Θ‚µ
ή“,Τγ‚Λ‚η‚Ά,•‘ –μ,•‘ ‹«‰w“μϋπ”Τ,132039,“‹“s,•‘ –μs,‹«“μ’¬‚P’–Ϊ,2020-04-23,17,’“Τi—Φjκ,’“Τi—Φjκ,{ω‚Ή‚Έ,‚Θ‚µ
ή“,Τγ‚Λ‚η‚Ά,•‘ –μ,•‘ ‹«‰w“μϋπ”Τ,132039,“‹“s,•‘ –μs,‹«“μ’¬‚T’–Ϊ,2020-11-21,19,’“Τi—Φjκ,’“Τi—Φjκ,{ω‚Ή‚Έ,‚Θ‚µ
ή“,Τγ‚Λ‚η‚Ά,•‘ –μ,•‘ ‹«‰w“μϋπ”Τ,132039,“‹“s,•‘ –μs,‹«‚P’–Ϊ,2020-01-27,18,’“Τi—Φjκ,’“Τi—Φjκ,{ω‚Ή‚Έ,‚Θ‚µ
ή“,Τγ‚Λ‚η‚Ά,•‘ –μ,•‘ ‹«‰w“μϋπ”Τ,132039,“‹“s,•‘ –μs,‹«‚P’–Ϊ,2020-08-06,13,‚»‚Μ‘Ό,’“Τi—Φjκ,{ω‚Ή‚Έ,‚ ‚θ
ή“,Τγ‚Λ‚η‚Ά,•‘ –μ,—Ξ’¬π”Τ,132039,“‹“s,•‘ –μs,‹gΛ›–k’¬‚S’–Ϊ,2020-12-22,09,‚»‚Μ‘Ό,’“Τi—Φjκ,{ω‚Ή‚Έ,‚Θ‚µ
ή“,Τγ‚Λ‚η‚Ά,•‘ –μ,—Ξ’¬π”Τ,132039,“‹“s,•‘ –μs,—Ξ’¬‚P’–Ϊ,2020-04-10,15,‚»‚Μ‘Ό,’“Τi—Φjκ,{ω‚Ή‚Έ,‚ ‚θ
ή“,Τγ‚Λ‚η‚Ά,•‘ –μ,—Ξ’¬π”Τ,132039,“‹“s,•‘ –μs,—Ξ’¬‚Q’–Ϊ,2020-04-07,11,‚»‚Μ‘Ό,’“Τi—Φjκ,{ω‚Ή‚Έ,‚Θ‚µ
ή“,Τγ‚Λ‚η‚Ά,•‘ –μ,—Ξ’¬π”Τ,132039,“‹“s,•‘ –μs,—Ξ’¬‚Q’–Ϊ,2020-07-11,07,‚»‚Μ‘Ό,’“Τi—Φjκ,{ω‚Ή‚Έ,‚Θ‚µ
ή“,Τγ‚Λ‚η‚Ά,O‘ι,O‘ι‰w‘Oπ”Τ,132047,“‹“s,O‘ιs,‰ΊA‚S’–Ϊ,2020-04-11,17,‚»‚Μ‘Ό‚ΜZ‘ξi‚RK‚ΔΘ‰Ί‹¤“―Z‘ξ“™j,’“Τi—Φjκ,{ω‚Ή‚Έ,‚ ‚θ
ή“,Τγ‚Λ‚η‚Ά,O‘ι,Ο‹v•Ϋπ”Τ,132047,“‹“s,O‘ιs,Vμ‚U’–Ϊ,2020-07-04,20,‚»‚Μ‘Ό,’“Τi—Φjκ,{ω‚Ή‚Έ,‚ ‚θ
ή“,Τγ‚Λ‚η‚Ά,O‘ι,–μθπ”Τ,132047,“‹“s,O‘ιs,–μθ‚P’–Ϊ,2020-03-26,19,‚»‚Μ‘Ό,’“Τi—Φjκ,{ω‚Ή‚Έ,‚ ‚θ
ή“,Τγ‚Λ‚η‚Ά,O‘ι,–μθπ”Τ,132047,“‹“s,O‘ιs,–μθ‚Q’–Ϊ,2020-02-23,10,‚»‚Μ‘Ό,’“Τi—Φjκ,{ω‚Ή‚Έ,‚ ‚θ
ή“,Τγ‚Λ‚η‚Ά,O‘ι,–μθπ”Τ,132047,“‹“s,O‘ιs,–μθ‚Q’–Ϊ,2020-06-03,13,‚»‚Μ‘Ό,’“Τi—Φjκ,{ω‚Ή‚Έ,‚Θ‚µ
ή“,Τγ‚Λ‚η‚Ά,O‘ι,–μθπ”Τ,132047,“‹“s,O‘ιs,–μθ‚Q’–Ϊ,2020-11-17,18,“ΉHγ,‚»‚Μ‘Ό,{ω‚Ή‚Έ,‚Θ‚µ
ή“,Τγ‚Λ‚η‚Ά,O‘ι,Vμπ”Τ,132047,“‹“s,O‘ιs,Vμ‚U’–Ϊ,2020-04-22,20,“ΉHγ,‚»‚Μ‘Ό,{ω‚Ή‚Έ,‚ ‚θ
ή“,Τγ‚Λ‚η‚Ά,O‘ι,Vμπ”Τ,132047,“‹“s,O‘ιs,Vμ‚U’–Ϊ,2020-08-28,01,κΛZ‘ξ,‚»‚Μ‘Ό,{ω‚Ή‚Έ,‚Θ‚µ
ή“,Τγ‚Λ‚η‚Ά,O‘ι,–΄—η’“έ,132047,“‹“s,O‘ιs,–΄—η‚Q’–Ϊ,2020-05-14,10,“ΉHγ,‚»‚Μ‘Ό,{ω‚Ή‚Έ,‚ ‚θ
ή“,Τγ‚Λ‚η‚Ά,O‘ι,’†΄’“έ,132047,“‹“s,O‘ιs,’†΄‚S’–Ϊ,2020-11-19,18,’“Τi—Φjκ,’“Τi—Φjκ,{ω‚Ή‚Έ,‚Θ‚µ
ή“,Τγ‚Λ‚η‚Ά,O‘ι,δ”V“ªφ‰€‰w‘Oπ”Τ,132047,“‹“s,O‘ιs,δ‚Μ“ª‚S’–Ϊ,2020-08-02,15,“ΉHγ,‚»‚Μ‘Ό,{ω‚Ή‚Έ,‚ ‚θ
ή“,Τγ‚Λ‚η‚Ά,O‘ι,γAπ”Τ,132047,“‹“s,O‘ιs,γA‚U’–Ϊ,2020-03-12,18,‚»‚Μ‘Ό,’“Τi—Φjκ,{ω‚Ή‚Έ,‚Θ‚µ
ή“,Τγ‚Λ‚η‚Ά,O‘ι,γAπ”Τ,132047,“‹“s,O‘ιs,γA‚U’–Ϊ,2020-03-27,11,‚»‚Μ‘Ό,’“Τi—Φjκ,{ω‚Ή‚Έ,‚ ‚θ
ή“,Τγ‚Λ‚η‚Ά,O‘ι,γAπ”Τ,132047,“‹“s,O‘ιs,γA‚V’–Ϊ,2020-05-23,17,‚»‚Μ‘Ό,’“Τi—Φjκ,{ω‚Ή‚Έ,‚Θ‚µ
ή“,Τγ‚Λ‚η‚Ά,’²•z,‰ΊΞ΄π”Τ,132080,“‹“s,’²•zs,’²•zƒP‹u‚P’–Ϊ,2020-01-31,15,‚»‚Μ‘Ό,’“Τi—Φjκ,{ω‚Ή‚Έ,‚ ‚θ
ή“,Τγ‚Λ‚η‚Ά,’²•z,•z“cπ”Τ,132080,“‹“s,’²•zs,υ’n‚Q’–Ϊ,2020-02-27,17,“ΉHγ,‚»‚Μ‘Ό,{ω‚Ή‚Έ,‚ ‚θ
ή“,Τγ‚Λ‚η‚Ά,’²•z,‚Β‚Β‚¶ƒP‹u‰w‘Oπ”Τ,132080,“‹“s,’²•zs,Ό‚Β‚Β‚¶ƒP‹u‚P’–Ϊ,2020-12-13,09,‚»‚Μ‘Ό,’“Τi—Φjκ,{ω‚Ή‚Έ,‚Θ‚µ
ή“,Τγ‚Λ‚η‚Ά,’²•z,εμπ”Τ,132080,“‹“s,’²•zs,εμ’¬‚Q’–Ϊ,2020-08-05,19,“ΉHγ,‚»‚Μ‘Ό,{ω‚Ή‚Έ,‚Θ‚µ
ή“,Τγ‚Λ‚η‚Ά,’²•z,εμπ”Τ,132080,“‹“s,’²•zs,α—t’¬‚Q’–Ϊ,2020-03-24,11,‚»‚Μ‘Ό,’“Τi—Φjκ,{ω‚Ή‚Έ,‚Θ‚µ
ή“,Τγ‚Λ‚η‚Ά,’²•z,‹‰¤‘½–€μ‰w‘Oπ”Τ,132080,“‹“s,’²•zs,¬“‡’¬‚R’–Ϊ,2020-06-08,09,‚»‚Μ‘Ό,’“Τi—Φjκ,{ω‚Ή‚Έ,‚Θ‚µ
ή“,Τγ‚Λ‚η‚Ά,’²•z,‹‰¤‘½–€μ‰w‘Oπ”Τ,132080,“‹“s,’²•zs,•z“c‚T’–Ϊ,2020-10-20,07,“ΉHγ,‚»‚Μ‘Ό,{ω‚Ή‚Έ,‚ ‚θ
ή“,Τγ‚Λ‚η‚Ά,’²•z,‘—Μπ”Τ,132195,“‹“s,]s,aς–{’¬‚S’–Ϊ,2020-05-13,13,‚»‚Μ‘Ό,‚»‚Μ‘Ό,{ω‚Ή‚Έ,‚Θ‚µ
ή“,Τγ‚Λ‚η‚Ά,’²•z,A•¨φ‰€‘O’“έ,132080,“‹“s,’²•zs,[‘ε›–k’¬‚U’–Ϊ,2020-05-23,11,‚»‚Μ‘Ό,’“Τi—Φjκ,{ω‚Ή‚Έ,‚Θ‚µ
ή“,Τγ‚Λ‚η‚Ά,’²•z,‹e–μ‘δπ”Τ,132080,“‹“s,’²•zs,²{’¬‚Q’–Ϊ,2020-01-11,18,’“Τi—Φjκ,’“Τi—Φjκ,{ω‚Ή‚Έ,‚ ‚θ
ή“,Τγ‚Λ‚η‚Ά,’²•z,]π”Τ,132195,“‹“s,]s,aς–{’¬‚P’–Ϊ,2020-12-26,13,“ΉHγ,‚»‚Μ‘Ό,{ω‚Ή‚Έ,‚ ‚θ
ή“,Τγ‚Λ‚η‚Ά,’²•z,]π”Τ,132195,“‹“s,]s,aς–{’¬‚Q’–Ϊ,2020-08-08,13,κΛZ‘ξ,’“Τi—Φjκ,{ω‚Ή‚Έ,‚ ‚θ
ή“,Τγ‚Λ‚η‚Ά,’²•z,]π”Τ,132195,“‹“s,]s,βΛ–k‚P’–Ϊ,2020-02-21,10,κΛZ‘ξ,’“Τi—Φjκ,{ω‚Ή‚Έ,‚ ‚θ
ή“,Τγ‚Λ‚η‚Ά,’²•z,aς‘½–€μπ”Τ,132195,“‹“s,]s,“aς‚S’–Ϊ,2020-08-21,13,’“Τi—Φjκ,’“Τi—Φjκ,{ω‚Ή‚Έ,‚ ‚θ
ή“,Τγ‚Λ‚η‚Ά,’²•z,βΛπ”Τ,132195,“‹“s,]s,βΛ–k‚Q’–Ϊ,2020-06-12,16,‚»‚Μ‘Ό,’“Τi—Φjκ,{ω‚Ή‚Έ,‚Θ‚µ
ή“,Τγ‚Λ‚η‚Ά,’²•z,¬oπ”Τ,132080,“‹“s,’²•zs,“όΤ’¬‚P’–Ϊ,2020-09-05,10,‚»‚Μ‘Ό,’“Τi—Φjκ,{ω‚Ή‚Έ,‚Θ‚µ
ή“,Τγ‚Λ‚η‚Ά,’²•z,¬oπ”Τ,132195,“‹“s,]s,“–μμ‚R’–Ϊ,2020-01-31,21,’“Τi—Φjκ,’“Τi—Φjκ,{ω‚Ή‚Έ,‚Θ‚µ
ή“,Τγ‚Λ‚η‚Ά,’²•z,‘½–€μZ‘ξπ”Τ,132080,“‹“s,’²•zs,υ’n‚R’–Ϊ,2020-06-09,16,‚SK‚ΔΘγ‹¤“―Z‘ξ,’“Τi—Φjκ,{ω‚Ή‚Έ,‚ ‚θ
ή“,Τγ‚Λ‚η‚Ά,’²•z,’²•z‰w‘Oπ”Τ,132080,“‹“s,’²•zs,¬“‡’¬‚P’–Ϊ,2020-02-19,20,’“Τi—Φjκ,’“Τi—Φjκ,{ω‚Ή‚Έ,‚Θ‚µ
ή“,Τγ‚Λ‚η‚Ά,’²•z,’²•z‰w‘Oπ”Τ,132080,“‹“s,’²•zs,¬“‡’¬‚P’–Ϊ,2020-07-28,09,’“Τi—Φjκ,’“Τi—Φjκ,{ω‚Ή‚Έ,‚Θ‚µ
ή“,Τγ‚Λ‚η‚Ά,’²•z,’²•z‰w‘Oπ”Τ,132080,“‹“s,’²•zs,¬“‡’¬‚Q’–Ϊ,2020-03-13,15,“ΉHγ,‚»‚Μ‘Ό,{ω‚Ή‚Έ,‚ ‚θ
ή“,Τγ‚Λ‚η‚Ά,’²•z,’²•z‰w‘Oπ”Τ,132080,“‹“s,’²•zs,•z“c‚Q’–Ϊ,2020-07-29,15,’“Τi—Φjκ,’“Τi—Φjκ,{ω‚Ή‚Έ,‚ ‚θ
ή“,Τγ‚Λ‚η‚Ά,¬•½,‰Τ¬‹ΰδ‰w‘Oπ”Τ,132110,“‹“s,¬•½s,‰Τ¬‹ΰδ‚R’–Ϊ,2020-04-25,11,’“Τi—Φjκ,’“Τi—Φjκ,{ω‚Ή‚Έ,‚Θ‚µ
ή“,Τγ‚Λ‚η‚Ά,¬•½,‰Τ¬‹ΰδ‰w‘Oπ”Τ,132110,“‹“s,¬•½s,‰Τ¬‹ΰδ“μ’¬‚R’–Ϊ,2020-01-23,20,‚»‚Μ‘Ό,’“Τi—Φjκ,{ω‚Ή‚Έ,‚Θ‚µ
ή“,Τγ‚Λ‚η‚Ά,¬•½,‰Τ¬‹ΰδ‰w‘Oπ”Τ,132110,“‹“s,¬•½s,δK’¬,2020-11-17,03,‚»‚Μ‘Ό,’“Τi—Φjκ,{ω‚Ή‚Έ,‚Θ‚µ
ή“,Τγ‚Λ‚η‚Ά,¬•½,¬•½‰w‘Oπ”Τ,132110,“‹“s,¬•½s,“V_’¬‚S’–Ϊ,2020-01-24,21,’“Τi—Φjκ,’“Τi—Φjκ,{ω‚Ή‚Έ,‚ ‚θ
ή“,Τγ‚Λ‚η‚Ά,¬•½,¬•½‰w‘Oπ”Τ,132110,“‹“s,¬•½s,”ό‰€’¬‚Q’–Ϊ,2020-06-29,21,‚»‚Μ‘Ό‚ΜZ‘ξi‚RK‚ΔΘ‰Ί‹¤“―Z‘ξ“™j,’“Τi—Φjκ,{ω‚Ή‚Έ,‚Θ‚µ
ή“,Τγ‚Λ‚η‚Ά,¬•½,‘ι‚Μ‘δ‰w‘Oπ”Τ,132110,“‹“s,¬•½s,γ…–{’¬‚Q’–Ϊ,2020-02-13,01,‚»‚Μ‘Ό‚ΜZ‘ξi‚RK‚ΔΘ‰Ί‹¤“―Z‘ξ“™j,’“Τi—Φjκ,{ω‚Ή‚Έ,‚ ‚θ
ή“,Τγ‚Λ‚η‚Ά,¬•½,‘ι‚Μ‘δ‰w‘Oπ”Τ,132110,“‹“s,¬•½s,‚½‚©‚Μ‘δ,2020-09-22,20,’“Τi—Φjκ,’“Τi—Φjκ,{ω‚Ή‚Έ,‚ ‚θ
ή“,Τγ‚Λ‚η‚Ά,¬•½,‘ι‚Μ‘δ‰w‘Oπ”Τ,132110,“‹“s,¬•½s,’Γ“c’¬‚P’–Ϊ,2019-12-26,08,‚»‚Μ‘Ό,’“Τi—Φjκ,{ω‚Ή‚Έ,‚ ‚θ
ή“,Τγ‚Λ‚η‚Ά,¬•½,¬μ‰w‘Oπ”Τ,132110,“‹“s,¬•½s,¬μΌ’¬‚S’–Ϊ,2020-08-26,13,“ΉHγ,‚»‚Μ‘Ό,{ω‚Ή‚Έ,‚ ‚θ
ή“,Τγ‚Λ‚η‚Ά,¬•½,¬μ‰w‘Oπ”Τ,132110,“‹“s,¬•½s,¬μ“’¬‚Q’–Ϊ,2020-07-22,18,‚SK‚ΔΘγ‹¤“―Z‘ξ,’“Τi—Φjκ,{ω‚Ή‚Έ,‚Θ‚µ
ή“,Τγ‚Λ‚η‚Ά,¬•½,μ•½‹΄’“έ,132110,“‹“s,¬•½s,γ…V’¬‚Q’–Ϊ,2020-12-12,13,“ΉHγ,‚»‚Μ‘Ό,{ω‚Ή‚Έ,‚ ‚θ
ή“,Τγ‚Λ‚η‚Ά,¬•½,‘εΐ’¬π”Τ,132110,“‹“s,¬•½s,‰Τ¬‹ΰδ‚T’–Ϊ,2020-05-08,12,‚»‚Μ‘Ό,’“Τi—Φjκ,{ω‚Ή‚Έ,‚Θ‚µ
ή“,Τγ‚Λ‚η‚Ά,¬•½,γhπ”Τ,132110,“‹“s,¬•½s,¬μ’¬‚P’–Ϊ,2019-12-28,13,‚»‚Μ‘Ό,’“Τi—Φjκ,{ω‚Ή‚Έ,‚Θ‚µ
ή“,Τγ‚Λ‚η‚Ά,¬•½,γhπ”Τ,132110,“‹“s,¬•½s,¬μ’¬‚P’–Ϊ,2020-03-09,14,“ΉHγ,‚»‚Μ‘Ό,{ω‚Ή‚Έ,‚ ‚θ
ή“,Τγ‚Λ‚η‚Ά,¬•½,γhπ”Τ,132110,“‹“s,¬•½s,γ…V’¬‚P’–Ϊ,2020-06-15,11,κΛZ‘ξ,‚»‚Μ‘Ό,{ω‚Ή‚Έ,‚Θ‚µ
ή“,Τγ‚Λ‚η‚Ά,V“‡,έ’n,133639,“‹“s,V“‡‘Ί,–{‘Ί‚P’–Ϊ,2020-12-06,14,κΛZ‘ξ,‚»‚Μ‘Ό,{ω‚Ή‚Έ,‚ ‚θ
ή“,Τγ‚Λ‚η‚Ά,”ªδ“‡,μό’“έ,134015,“‹“s,”ªδ’¬,’†”V‹½,2020-10-22,20,‚»‚Μ‘Ό,‚»‚Μ‘Ό,{ω‚Ή‚Έ,‚ ‚θ
