ί–Ό,θϋ,Ηx@i”­¶’nj,Ηπ”ΤE’“έi”­¶’nj,s‹ζ’¬‘ΊƒR[ƒhi”­¶’nj,“s“Ή•{§i”­¶’nj,s‹ζ’¬‘Ίi”­¶’nj,’¬’–Ϊi”­¶’nj,”­¶”N“ϊinϊj,”­¶inϊj,”­¶κ‚Μ‘®«,»‹ΰΘO‚Με‚Θ”νQ•i
ή“,•”•i‚Λ‚η‚Ά,’†‰›,–{’¬π”Τ,131024,“‹“s,’†‰›‹ζ,“ϊ–{‹΄–{Ξ’¬‚S’–Ϊ,2018-03-25,13,‚»‚Μ‘Ό,ƒiƒ“ƒo[ƒvƒ[ƒg
ή“,•”•i‚Λ‚η‚Ά,’†‰›,“ϊ–{‹΄π”Τ,131024,“‹“s,’†‰›‹ζ,“ϊ–{‹΄‚P’–Ϊ,2018-01-22,09,“ΉHγ,‚»‚Μ‘Ό
ή“,•”•i‚Λ‚η‚Ά,’†‰›,“ϊ–{‹΄π”Τ,131024,“‹“s,’†‰›‹ζ,“ϊ–{‹΄Ί’¬‚P’–Ϊ,2018-05-01,15,“ΉHγ,‚»‚Μ‘Ό
ή“,•”•i‚Λ‚η‚Ά,’†‰›,”ªdF’Κπ”Τ,131024,“‹“s,’†‰›‹ζ,”ªdF‚P’–Ϊ,2017-12-20,•s–Ύ,“ΉHγ,ƒiƒ“ƒo[ƒvƒ[ƒg
ή“,•”•i‚Λ‚η‚Ά,’†‰›,”ªdF’Κπ”Τ,131024,“‹“s,’†‰›‹ζ,”ªdF‚Q’–Ϊ,2018-11-09,11,’“Τi—Φjκ,‚»‚Μ‘Ό
ή“,•”•i‚Λ‚η‚Ά,’†‰›,‚‹΄π”Τ,131024,“‹“s,’†‰›‹ζ,Vμ‚Q’–Ϊ,2018-07-19,09,‚SK‚ΔΘγ‹¤“―Z‘ξ,‚»‚Μ‘Ό
ή“,•”•i‚Λ‚η‚Ά,[μ,X‰Ίπ”Τ,131083,“‹“s,]“‹ζ,ν”Υ‚P’–Ϊ,2018-01-23,12,’“Τi—Φjκ,‚»‚Μ‘Ό
ή“,•”•i‚Λ‚η‚Ά,[μ,X‰Ίπ”Τ,131083,“‹“s,]“‹ζ,ν”Υ‚P’–Ϊ,2018-04-14,19,‚»‚Μ‘Ό,‚»‚Μ‘Ό
ή“,•”•i‚Λ‚η‚Ά,[μ,Z‹gπ”Τ,131083,“‹“s,]“‹ζ,–Ρ—‚P’–Ϊ,2018-07-08,15,’“Τi—Φjκ,‚»‚Μ‘Ό
ή“,•”•i‚Λ‚η‚Ά,[μ,Z‹gπ”Τ,131083,“‹“s,]“‹ζ,–Ρ—‚P’–Ϊ,2018-07-08,21,’“Τi—Φjκ,ƒiƒ“ƒo[ƒvƒ[ƒg
ή“,•”•i‚Λ‚η‚Ά,[μ,“—zπ”Τ,131083,“‹“s,]“‹ζ,‰–•l‚Q’–Ϊ,2017-12-01,08,‚SK‚ΔΘγ‹¤“―Z‘ξ,ƒiƒ“ƒo[ƒvƒ[ƒg
ή“,•”•i‚Λ‚η‚Ά,[μ,“—zπ”Τ,131083,“‹“s,]“‹ζ,‰–•l‚Q’–Ϊ,2018-08-20,16,‚SK‚ΔΘγ‹¤“―Z‘ξ,‚»‚Μ‘Ό
ή“,•”•i‚Λ‚η‚Ά,[μ,“—zπ”Τ,131083,“‹“s,]“‹ζ,“—z‚R’–Ϊ,2018-07-22,17,’“Τi—Φjκ,ƒiƒ“ƒo[ƒvƒ[ƒg
ή“,•”•i‚Λ‚η‚Ά,[μ,“—zπ”Τ,131083,“‹“s,]“‹ζ,“—z‚R’–Ϊ,2018-09-19,23,κΛZ‘ξ,ƒiƒ“ƒo[ƒvƒ[ƒg
ή“,•”•i‚Λ‚η‚Ά,[μ,“—zπ”Τ,131083,“‹“s,]“‹ζ,“—z‚S’–Ϊ,2018-06-29,18,‚SK‚ΔΘγ‹¤“―Z‘ξ,‚»‚Μ‘Ό
ή“,•”•i‚Λ‚η‚Ά,[μ,“—zπ”Τ,131083,“‹“s,]“‹ζ,“—z‚S’–Ϊ,2018-07-20,12,‚SK‚ΔΘγ‹¤“―Z‘ξ,ƒiƒ“ƒo[ƒvƒ[ƒg
ή“,•”•i‚Λ‚η‚Ά,[μ,–ε‘O’‡’¬π”Τ,131083,“‹“s,]“‹ζ,–ε‘O’‡’¬‚Q’–Ϊ,2018-09-19,18,’“Τi—Φjκ,‚»‚Μ‘Ό
ή“,•”•i‚Λ‚η‚Ά,[μ,η“cπ”Τ,131083,“‹“s,]“‹ζ,ηΞ‚R’–Ϊ,2018-10-14,19,’“Τi—Φjκ,ƒiƒ“ƒo[ƒvƒ[ƒg
ή“,•”•i‚Λ‚η‚Ά,[μ,–LFπ”Τ,131083,“‹“s,]“‹ζ,–LF‚Q’–Ϊ,2018-01-13,09,’“Τi—Φjκ,ƒiƒ“ƒo[ƒvƒ[ƒg
ή“,•”•i‚Λ‚η‚Ά,[μ,–LFπ”Τ,131083,“‹“s,]“‹ζ,–LF‚Q’–Ϊ,2018-01-20,15,’“Τi—Φjκ,‚»‚Μ‘Ό
ή“,•”•i‚Λ‚η‚Ά,[μ,–LFπ”Τ,131083,“‹“s,]“‹ζ,–LF‚S’–Ϊ,2018-04-30,15,‚SK‚ΔΘγ‹¤“―Z‘ξ,ƒiƒ“ƒo[ƒvƒ[ƒg
ή“,•”•i‚Λ‚η‚Ά,[μ,–LFπ”Τ,131083,“‹“s,]“‹ζ,–LF‚S’–Ϊ,2018-10-03,20,‚SK‚ΔΘγ‹¤“―Z‘ξ,ƒiƒ“ƒo[ƒvƒ[ƒg
ή“,•”•i‚Λ‚η‚Ά,[μ,–LFπ”Τ,131083,“‹“s,]“‹ζ,–LF‚T’–Ϊ,2018-08-01,06,‚SK‚ΔΘγ‹¤“―Z‘ξ,ƒ^ƒCƒ„EƒzƒC[ƒ‹
ή“,•”•i‚Λ‚η‚Ά,[μ,»‘γ”όpΩ‘Oπ”Τ,131083,“‹“s,]“‹ζ,•½–μ‚R’–Ϊ,2018-01-26,20,’“Τi—Φjκ,ƒ^ƒCƒ„EƒzƒC[ƒ‹
ή“,•”•i‚Λ‚η‚Ά,[μ,}μπ”Τ,131083,“‹“s,]“‹ζ,’ª©‚Q’–Ϊ,2018-06-11,15,‚»‚Μ‘Ό,‚»‚Μ‘Ό
ή“,•”•i‚Λ‚η‚Ά,[μ,}μπ”Τ,131083,“‹“s,]“‹ζ,ΓΞκ‚Q’–Ϊ,2018-04-01,22,‚SK‚ΔΘγ‹¤“―Z‘ξ,ƒiƒ“ƒo[ƒvƒ[ƒg
ή“,•”•i‚Λ‚η‚Ά,’¬,sƒP’J©•tπ”Τ,131016,“‹“s,η‘γ“c‹ζ,Z”Τ’¬,2018-07-20,07,“ΉHγ,‚»‚Μ‘Ό
ή“,•”•i‚Λ‚η‚Ά,Ϋ‚Μ“ΰ,“ΰK’¬π”Τ,131016,“‹“s,η‘γ“c‹ζ,“ΰK’¬‚P’–Ϊ,2018-10-26,19,“ΉHγ,‚»‚Μ‘Ό
ή“,•”•i‚Λ‚η‚Ά,Ϋ‚Μ“ΰ,“ΰK’¬π”Τ,131016,“‹“s,η‘γ“c‹ζ,“ΰK’¬‚Q’–Ϊ,2018-04-17,09,’“Τi—Φjκ,‚»‚Μ‘Ό
ή“,•”•i‚Λ‚η‚Ά,Ϋ‚Μ“ΰ,“ϊ”δ’Jφ‰€‘Oπ”Τ,131016,“‹“s,η‘γ“c‹ζ,“ϊ”δ’Jφ‰€,2018-04-26,18,’“Τi—Φjκ,‚»‚Μ‘Ό
ή“,•”•i‚Λ‚η‚Ά,Ϋ‚Μ“ΰ,“ϊ”δ’Jφ‰€‘Oπ”Τ,131016,“‹“s,η‘γ“c‹ζ,—Ly’¬‚P’–Ϊ,2018-09-05,14,’“Τi—Φjκ,‚»‚Μ‘Ό
ή“,•”•i‚Λ‚η‚Ά,Ϋ‚Μ“ΰ,—Ly’¬‰w‘Oπ”Τ,131016,“‹“s,η‘γ“c‹ζ,—Ly’¬‚Q’–Ϊ,2018-05-23,08,“ΉHγ,ƒ^ƒCƒ„EƒzƒC[ƒ‹
ή“,•”•i‚Λ‚η‚Ά,Ϋ‚Μ“ΰ,“‹‰w‘Oπ”Τ,131016,“‹“s,η‘γ“c‹ζ,Ϋ‚Μ“ΰ‚P’–Ϊ,2018-05-25,16,’“Τi—Φjκ,ƒ^ƒCƒ„EƒzƒC[ƒ‹
ή“,•”•i‚Λ‚η‚Ά,Ϋ‚Μ“ΰ,”ªdFϋπ”Τ,131016,“‹“s,η‘γ“c‹ζ,Ϋ‚Μ“ΰ‚P’–Ϊ,2018-04-30,12,’“Τi—Φjκ,ƒ^ƒCƒ„EƒzƒC[ƒ‹
ή“,•”•i‚Λ‚η‚Ά,Ϋ‚Μ“ΰ,a“c‘q–εOπ”Τ,131016,“‹“s,η‘γ“c‹ζ,‘εθ’¬‚P’–Ϊ,2018-09-06,16,“ΉHγ,‚»‚Μ‘Ό
ή“,•”•i‚Λ‚η‚Ά,_“c,i’¬π”Τ,131016,“‹“s,η‘γ“c‹ζ,_“c‘½’¬‚Q’–Ϊ,2018-09-07,23,“ΉHγ,‚»‚Μ‘Ό
ή“,•”•i‚Λ‚η‚Ά,_“c,_•Ϋ’¬π”Τ,131016,“‹“s,η‘γ“c‹ζ,,2018-05-10,12,“ΉHγ,ƒiƒ“ƒo[ƒvƒ[ƒg
ή“,•”•i‚Λ‚η‚Ά,_“c,_•Ϋ’¬π”Τ,131016,“‹“s,η‘γ“c‹ζ,_“c_•Ϋ’¬‚P’–Ϊ,2018-12-01,13,“ΉHγ,‚»‚Μ‘Ό
ή“,•”•i‚Λ‚η‚Ά,–Ά‹΄,_“c‰wπ”Τ,131016,“‹“s,η‘γ“c‹ζ,“_“c‚P’–Ϊ,2018-11-09,19,‚»‚Μ‘Ό‚ΜZ‘ξi‚RK‚ΔΘ‰Ί‹¤“―Z‘ξ“™j,ƒiƒ“ƒo[ƒvƒ[ƒg
ή“,•”•i‚Λ‚η‚Ά,–Ά‹΄,β–{’¬π”Τ,131016,“‹“s,η‘γ“c‹ζ,β–{’¬‚R’–Ϊ,2018-02-14,17,‚SK‚ΔΘγ‹¤“―Z‘ξ,ƒ^ƒCƒ„EƒzƒC[ƒ‹
ή“,•”•i‚Λ‚η‚Ά,–Ά‹΄,β–{’¬π”Τ,131016,“‹“s,η‘γ“c‹ζ,_“cβ–{’¬,2018-04-27,17,’“Τi—Φjκ,‚»‚Μ‘Ό
ή“,•”•i‚Λ‚η‚Ά,–Ά‹΄,β–{’¬π”Τ,131016,“‹“s,η‘γ“c‹ζ,“_“c‚P’–Ϊ,2018-10-05,18,‚SK‚ΔΘγ‹¤“―Z‘ξ,ƒiƒ“ƒo[ƒvƒ[ƒg
ή“,•”•i‚Λ‚η‚Ά,–Ά‹΄,”ό‘q‹΄π”Τ,131016,“‹“s,η‘γ“c‹ζ,_“c²‹vΤ’¬‚R’–Ϊ,2018-01-12,16,’“Τi—Φjκ,ƒiƒ“ƒo[ƒvƒ[ƒg
ή“,•”•i‚Λ‚η‚Ά,–Ά‹΄,”ό‘q‹΄π”Τ,131016,“‹“s,η‘γ“c‹ζ,_“c²‹vΤ’¬‚R’–Ϊ,2018-01-12,23,’“Τi—Φjκ,ƒiƒ“ƒo[ƒvƒ[ƒg
ή“,•”•i‚Λ‚η‚Ά,–Ά‹΄,H—t΄π”Τ,131016,“‹“s,η‘γ“c‹ζ,_“c‘¶’¬,2018-03-27,08,’“Τi—Φjκ,‚»‚Μ‘Ό
ή“,•”•i‚Λ‚η‚Ά,–Ά‹΄,H—t΄π”Τ,131016,“‹“s,η‘γ“c‹ζ,O_“c‚P’–Ϊ,2018-12-05,05,“ΉHγ,‚»‚Μ‘Ό
ή“,•”•i‚Λ‚η‚Ά,–Ά‹΄,H—t΄π”Τ,131016,“‹“s,η‘γ“c‹ζ,O_“c‚R’–Ϊ,2018-03-04,12,‚»‚Μ‘Ό,‚»‚Μ‘Ό
ή“,•”•i‚Λ‚η‚Ά,–Ά‹΄,H—t΄π”Τ,131016,“‹“s,η‘γ“c‹ζ,O_“c‚S’–Ϊ,2018-05-05,10,’“Τi—Φjκ,‚»‚Μ‘Ό
ή“,•”•i‚Λ‚η‚Ά,‹vΌ,…“V‹{‘Oπ”Τ,131024,“‹“s,’†‰›‹ζ,“ϊ–{‹΄ak’¬‚P’–Ϊ,2018-07-09,13,“ΉHγ,ƒiƒ“ƒo[ƒvƒ[ƒg
ή“,•”•i‚Λ‚η‚Ά,‹vΌ,•l’¬π”Τ,131024,“‹“s,’†‰›‹ζ,“ϊ–{‹΄•l’¬‚Q’–Ϊ,2018-05-31,07,’“Τi—Φjκ,‚»‚Μ‘Ό
ή“,•”•i‚Λ‚η‚Ά,‹vΌ,•l’¬π”Τ,131024,“‹“s,’†‰›‹ζ,“ϊ–{‹΄•l’¬‚R’–Ϊ,2018-01-09,11,’“Τi—Φjκ,‚»‚Μ‘Ό
ή“,•”•i‚Λ‚η‚Ά,‹vΌ,““ϊ–{‹΄π”Τ,131024,“‹“s,’†‰›‹ζ,““ϊ–{‹΄‚R’–Ϊ,2018-09-18,12,“ΉHγ,‚»‚Μ‘Ό
ή“,•”•i‚Λ‚η‚Ά,’z’n,‹βΐκ’–Ϊπ”Τ,131024,“‹“s,’†‰›‹ζ,‹βΐ‚P’–Ϊ,2018-11-03,18,“ΉHγ,‚»‚Μ‘Ό
ή“,•”•i‚Λ‚η‚Ά,’z’n,’†‰›sκπ”Τ,131024,“‹“s,’†‰›‹ζ,’z’n‚T’–Ϊ,2018-05-15,18,’“Τi—Φjκ,‚»‚Μ‘Ό
ή“,•”•i‚Λ‚η‚Ά,’z’n,V•x’¬π”Τ,131024,“‹“s,’†‰›‹ζ,–ΎΞ’¬,2018-06-25,17,’“Τi—Φjκ,‚»‚Μ‘Ό
ή“,•”•i‚Λ‚η‚Ά,’z’n,V•x’¬π”Τ,131024,“‹“s,’†‰›‹ζ,–ΎΞ’¬,2018-06-25,19,‚»‚Μ‘Ό,‚»‚Μ‘Ό
ή“,•”•i‚Λ‚η‚Ά,’z’n,–©π”Τ,131024,“‹“s,’†‰›‹ζ,–©‚P’–Ϊ,2018-02-20,20,‚SK‚ΔΘγ‹¤“―Z‘ξ,‚»‚Μ‘Ό
ή“,•”•i‚Λ‚η‚Ά,’z’n,–©π”Τ,131024,“‹“s,’†‰›‹ζ,–©‚P’–Ϊ,2018-02-26,17,‚SK‚ΔΘγ‹¤“―Z‘ξ,‚»‚Μ‘Ό
ή“,•”•i‚Λ‚η‚Ά,“‡,‚Η‚«‹΄π”Τ,131024,“‹“s,’†‰›‹ζ,‚Η‚«‚Q’–Ϊ,2017-12-16,02,“ΉHγ,ƒiƒ“ƒo[ƒvƒ[ƒg
ή“,•”•i‚Λ‚η‚Ά,“‡,‚Η‚«‹΄π”Τ,131024,“‹“s,’†‰›‹ζ,‚Η‚«‚Q’–Ϊ,2018-07-07,23,‚SK‚ΔΘγ‹¤“―Z‘ξ,‚»‚Μ‘Ό
ή“,•”•i‚Λ‚η‚Ά,“‡,‚Η‚«‹΄π”Τ,131024,“‹“s,’†‰›‹ζ,‚Η‚«‚T’–Ϊ,2018-03-10,22,‚SK‚ΔΘγ‹¤“―Z‘ξ,‚»‚Μ‘Ό
ή“,•”•i‚Λ‚η‚Ά,“‡,‚Η‚«‹΄π”Τ,131024,“‹“s,’†‰›‹ζ,“‡‚R’–Ϊ,2018-03-17,15,’“Τi—Φjκ,ƒ^ƒCƒ„EƒzƒC[ƒ‹
ή“,•”•i‚Λ‚η‚Ά,¤“†,‘ε–επ”Τ,131032,“‹“s,`‹ζ,Ε‘ε–ε‚Q’–Ϊ,2018-07-06,09,‚SK‚ΔΘγ‹¤“―Z‘ξ,ƒiƒ“ƒo[ƒvƒ[ƒg
ή“,•”•i‚Λ‚η‚Ά,O“c,O“cj’¬π”Τ,131032,“‹“s,`‹ζ,O“c‚T’–Ϊ,2018-05-11,18,“ΉHγ,‚»‚Μ‘Ό
ή“,•”•i‚Λ‚η‚Ά,O“c,O“c’Κπ”Τ,131032,“‹“s,`‹ζ,Ε‚R’–Ϊ,2018-01-02,17,’“Τi—Φjκ,ƒiƒ“ƒo[ƒvƒ[ƒg
ή“,•”•i‚Λ‚η‚Ά,O“c,O“c’Κπ”Τ,131032,“‹“s,`‹ζ,Ε‚R’–Ϊ,2018-08-17,09,‚SK‚ΔΘγ‹¤“―Z‘ξ,ƒiƒ“ƒo[ƒvƒ[ƒg
ή“,•”•i‚Λ‚η‚Ά,O“c,O“c’Κπ”Τ,131032,“‹“s,`‹ζ,Ε‚T’–Ϊ,2018-12-09,21,’“Τi—Φjκ,‚»‚Μ‘Ό
ή“,•”•i‚Λ‚η‚Ά,O“c,O“c’Κπ”Τ,131032,“‹“s,`‹ζ,O“c‚Q’–Ϊ,2018-10-25,08,‚»‚Μ‘Ό,‚»‚Μ‘Ό
ή“,•”•i‚Λ‚η‚Ά,O“c,“c’¬‰w“ϋπ”Τ,131032,“‹“s,`‹ζ,Ε‰Y‚Q’–Ϊ,2017-12-29,15,’“Τi—Φjκ,‚»‚Μ‘Ό
ή“,•”•i‚Λ‚η‚Ά,O“c,“c’¬‰w“ϋπ”Τ,131032,“‹“s,`‹ζ,Ε‰Y‚S’–Ϊ,2018-08-20,23,“ΉHγ,‚»‚Μ‘Ό
ή“,•”•i‚Λ‚η‚Ά,O“c,“c’¬‰w“ϋπ”Τ,131032,“‹“s,`‹ζ,Ε‰Y‚S’–Ϊ,2018-12-14,15,‚SK‚ΔΘγ‹¤“―Z‘ξ,‚»‚Μ‘Ό
ή“,•”•i‚Λ‚η‚Ά,O“c,Cέ’Κπ”Τ,131032,“‹“s,`‹ζ,Cέ‚R’–Ϊ,2018-02-07,20,‚SK‚ΔΘγ‹¤“―Z‘ξ,‚»‚Μ‘Ό
ή“,•”•i‚Λ‚η‚Ά,‚—Φ,•iμ‰w`“μϋπ”Τ,131032,“‹“s,`‹ζ,`“μ‚R’–Ϊ,2018-11-18,13,’“Τi—Φjκ,ƒiƒ“ƒo[ƒvƒ[ƒg
ή“,•”•i‚Λ‚η‚Ά,‚—Φ,•iμ‰w‚—Φϋπ”Τ,131032,“‹“s,`‹ζ,‚—Φ‚R’–Ϊ,2018-10-22,08,’“Τi—Φjκ,‚»‚Μ‘Ό
ή“,•”•i‚Λ‚η‚Ά,–ƒ•z,κ”V‹΄π”Τ,131032,“‹“s,`‹ζ,–ƒ•z\”Τ‚Q’–Ϊ,2018-07-24,17,κΛZ‘ξ,ƒiƒ“ƒo[ƒvƒ[ƒg
ή“,•”•i‚Λ‚η‚Ά,–ƒ•z,κ”V‹΄π”Τ,131032,“‹“s,`‹ζ,Ό–ƒ•z‚P’–Ϊ,2018-03-13,07,‚SK‚ΔΘγ‹¤“―Z‘ξ,ƒiƒ“ƒo[ƒvƒ[ƒg
ή“,•”•i‚Λ‚η‚Ά,–ƒ•z,κ”V‹΄π”Τ,131032,“‹“s,`‹ζ,“–ƒ•z‚R’–Ϊ,2018-11-22,21,‚SK‚ΔΘγ‹¤“―Z‘ξ,‚»‚Μ‘Ό
ή“,•”•i‚Λ‚η‚Ά,–ƒ•z,·‰ª’¬π”Τ,131032,“‹“s,`‹ζ,“μ–ƒ•z‚S’–Ϊ,2018-03-20,18,κΛZ‘ξ,ƒ^ƒCƒ„EƒzƒC[ƒ‹
ή“,•”•i‚Λ‚η‚Ά,–ƒ•z,·‰ª’¬π”Τ,131032,“‹“s,`‹ζ,“μ–ƒ•z‚S’–Ϊ,2018-11-15,21,‚SK‚ΔΘγ‹¤“―Z‘ξ,‚»‚Μ‘Ό
ή“,•”•i‚Λ‚η‚Ά,–ƒ•z,·‰ª’¬π”Τ,131032,“‹“s,`‹ζ,“μ–ƒ•z‚S’–Ϊ,2018-11-17,18,“ΉHγ,‚»‚Μ‘Ό
ή“,•”•i‚Λ‚η‚Ά,–ƒ•z,·‰ª’¬π”Τ,131032,“‹“s,`‹ζ,³–ƒ•z‚P’–Ϊ,2018-12-10,22,‚SK‚ΔΘγ‹¤“―Z‘ξ,ƒiƒ“ƒo[ƒvƒ[ƒg
ή“,•”•i‚Λ‚η‚Ά,–ƒ•z,Ό–ƒ•zπ”Τ,131032,“‹“s,`‹ζ,Ό–ƒ•z‚R’–Ϊ,2018-01-24,21,“ΉHγ,‚»‚Μ‘Ό
ή“,•”•i‚Λ‚η‚Ά,–ƒ•z,Ό–ƒ•zπ”Τ,131032,“‹“s,`‹ζ,Ό–ƒ•z‚S’–Ϊ,2018-08-02,14,‚SK‚ΔΘγ‹¤“―Z‘ξ,‚»‚Μ‘Ό
ή“,•”•i‚Λ‚η‚Ά,–ƒ•z,Ό–ƒ•zπ”Τ,131032,“‹“s,`‹ζ,“μ–ƒ•z‚S’–Ϊ,2018-12-02,20,κΛZ‘ξ,‚»‚Μ‘Ό
ή“,•”•i‚Λ‚η‚Ά,–ƒ•z,Z–{–ΨZ’–Ϊπ”Τ,131032,“‹“s,`‹ζ,Z–{–Ψ‚V’–Ϊ,2018-05-12,15,‚SK‚ΔΘγ‹¤“―Z‘ξ,ƒ^ƒCƒ„EƒzƒC[ƒ‹
ή“,•”•i‚Λ‚η‚Ά,–ƒ•z,Z–{–ΨZ’–Ϊπ”Τ,131032,“‹“s,`‹ζ,Z–{–Ψ‚V’–Ϊ,2018-07-12,09,’“Τi—Φjκ,ƒ^ƒCƒ„EƒzƒC[ƒ‹
ή“,•”•i‚Λ‚η‚Ά,Τβ,Τβ©•π”Τ,131032,“‹“s,`‹ζ,Τβ‚R’–Ϊ,2018-08-05,18,’“Τi—Φjκ,‚»‚Μ‘Ό
ή“,•”•i‚Λ‚η‚Ά,Τβ,Τβ©•π”Τ,131032,“‹“s,`‹ζ,Τβ‚S’–Ϊ,2018-09-04,12,’“Τi—Φjκ,‚»‚Μ‘Ό
ή“,•”•i‚Λ‚η‚Ά,Τβ,ΒRκ’–Ϊπ”Τ,131032,“‹“s,`‹ζ,“μΒR‚S’–Ϊ,2018-08-17,10,“ΉHγ,‚»‚Μ‘Ό
ή“,•”•i‚Λ‚η‚Ά,Τβ,•\Q“Ήπ”Τ,131032,“‹“s,`‹ζ,“μΒR‚V’–Ϊ,2018-11-20,18,κΛZ‘ξ,‚»‚Μ‘Ό
ή“,•”•i‚Λ‚η‚Ά,Τβ,•\Q“Ήπ”Τ,131032,“‹“s,`‹ζ,“μΒR‚V’–Ϊ,2018-11-27,18,κΛZ‘ξ,‚»‚Μ‘Ό
ή“,•”•i‚Λ‚η‚Ά,“‹pέ,‘ζά‘δκπ”Τ,131091,“‹“s,•iμ‹ζ,”ª’ª‚P’–Ϊ,2018-02-16,13,’“Τi—Φjκ,‚»‚Μ‘Ό
ή“,•”•i‚Λ‚η‚Ά,“‹pέ,‘ζά‘δκπ”Τ,131091,“‹“s,•iμ‹ζ,”ª’ª‚P’–Ϊ,2018-08-10,19,’“Τi—Φjκ,‚»‚Μ‘Ό
ή“,•”•i‚Λ‚η‚Ά,“‹pέ,‘ε“csκ‘Oπ”Τ,131113,“‹“s,‘ε“c‹ζ,ι“μ“‡‚R’–Ϊ,2018-07-04,19,’“Τi—Φjκ,ƒiƒ“ƒo[ƒvƒ[ƒg
ή“,•”•i‚Λ‚η‚Ά,“‹pέ,‘ε“csκ‘Oπ”Τ,131113,“‹“s,‘ε“c‹ζ,“C‚R’–Ϊ,2018-03-30,07,’“Τi—Φjκ,‚»‚Μ‘Ό
ή“,•”•i‚Λ‚η‚Ά,“‹pέ,‚¨‘δκC•lφ‰€‰w‘Oπ”Τ,131032,“‹“s,`‹ζ,‘δκ‚P’–Ϊ,2018-05-23,20,’“Τi—Φjκ,‚»‚Μ‘Ό
ή“,•”•i‚Λ‚η‚Ά,“‹pέ,‚¨‘δκC•lφ‰€‰w‘Oπ”Τ,131083,“‹“s,]“‹ζ,—L–Ύ‚R’–Ϊ,2018-11-08,18,’“Τi—Φjκ,ƒiƒ“ƒo[ƒvƒ[ƒg
ή“,•”•i‚Λ‚η‚Ά,“‹pέ,‚¨‘δκC•lφ‰€‰w‘Oπ”Τ,131083,“‹“s,]“‹ζ,ΒC‚R’–Ϊ,2018-06-20,16,’“Τi—Φjκ,‚»‚Μ‘Ό
ή“,•”•i‚Λ‚η‚Ά,“‹pέ,“s‹΄π”Τ,131083,“‹“s,]“‹ζ,—L–Ύ‚R’–Ϊ,2018-06-21,08,’“Τi—Φjκ,‚»‚Μ‘Ό
ή“,•”•i‚Λ‚η‚Ά,“‹pέ,“s‹΄π”Τ,131083,“‹“s,]“‹ζ,—L–Ύ‚R’–Ϊ,2018-07-13,13,’“Τi—Φjκ,‚»‚Μ‘Ό
ή“,•”•i‚Λ‚η‚Ά,“‹pέ,“s‹΄π”Τ,131083,“‹“s,]“‹ζ,“‰_‚P’–Ϊ,2018-01-29,19,‚SK‚ΔΘγ‹¤“―Z‘ξ,‚»‚Μ‘Ό
ή“,•”•i‚Λ‚η‚Ά,“‹pέ,“s‹΄π”Τ,131083,“‹“s,]“‹ζ,“‰_‚P’–Ϊ,2018-06-18,12,’“Τi—Φjκ,‚»‚Μ‘Ό
ή“,•”•i‚Λ‚η‚Ά,“‹pέ,“s‹΄π”Τ,131083,“‹“s,]“‹ζ,“‰_‚P’–Ϊ,2018-08-26,14,’“Τi—Φjκ,‚»‚Μ‘Ό
ή“,•”•i‚Λ‚η‚Ά,“‹pέ,“s‹΄π”Τ,131083,“‹“s,]“‹ζ,“‰_‚P’–Ϊ,2018-10-13,12,“ΉHγ,‚»‚Μ‘Ό
ή“,•”•i‚Λ‚η‚Ά,“‹pέ,“s‹΄π”Τ,131083,“‹“s,]“‹ζ,“‰_‚Q’–Ϊ,2018-03-12,02,‚SK‚ΔΘγ‹¤“―Z‘ξ,‚»‚Μ‘Ό
ή“,•”•i‚Λ‚η‚Ά,“‹pέ,“s‹΄π”Τ,131083,“‹“s,]“‹ζ,“‰_‚Q’–Ϊ,2018-03-15,17,’“Τi—Φjκ,‚»‚Μ‘Ό
ή“,•”•i‚Λ‚η‚Ά,“‹pέ,“s‹΄π”Τ,131083,“‹“s,]“‹ζ,“‰_‚Q’–Ϊ,2018-03-16,17,‚»‚Μ‘Ό,‚»‚Μ‘Ό
ή“,•”•i‚Λ‚η‚Ά,“‹pέ,’C–¤π”Τ,131083,“‹“s,]“‹ζ,’C–¤‚P’–Ϊ,2015-08-15,16,‚SK‚ΔΘγ‹¤“―Z‘ξ,ƒiƒ“ƒo[ƒvƒ[ƒg
ή“,•”•i‚Λ‚η‚Ά,“‹pέ,’C–¤π”Τ,131083,“‹“s,]“‹ζ,’C–¤‚R’–Ϊ,2018-02-26,22,’“Τi—Φjκ,‚»‚Μ‘Ό
ή“,•”•i‚Λ‚η‚Ά,“‹pέ,’C–¤π”Τ,131083,“‹“s,]“‹ζ,’C–¤‚R’–Ϊ,2018-02-27,18,’“Τi—Φjκ,‚»‚Μ‘Ό
ή“,•”•i‚Λ‚η‚Ά,“‹pέ,V–Ψκ‰w‘Oπ”Τ,131083,“‹“s,]“‹ζ,V–Ψκ‚S’–Ϊ,2018-10-29,09,’“Τi—Φjκ,‚»‚Μ‘Ό
ή“,•”•i‚Λ‚η‚Ά,•iμ,δ“aRπ”Τ,131091,“‹“s,•iμ‹ζ,–k•iμ‚T’–Ϊ,2018-02-20,07,’“Τi—Φjκ,‚»‚Μ‘Ό
ή“,•”•i‚Λ‚η‚Ά,•iμ,Oƒc–Ψπ”Τ,131091,“‹“s,•iμ‹ζ,Ό•iμ‚Q’–Ϊ,2018-10-15,17,‚SK‚ΔΘγ‹¤“―Z‘ξ,‚»‚Μ‘Ό
ή“,•”•i‚Λ‚η‚Ά,•iμ,Oƒc–Ψπ”Τ,131091,“‹“s,•iμ‹ζ,Ό•iμ‚R’–Ϊ,2018-07-08,02,’“Τi—Φjκ,‚»‚Μ‘Ό
ή“,•”•i‚Λ‚η‚Ά,•iμ,Β•¨‰΅’‰w‘Oπ”Τ,131091,“‹“s,•iμ‹ζ,“•iμ‚R’–Ϊ,2018-11-04,20,“ΉHγ,ƒiƒ“ƒo[ƒvƒ[ƒg
ή“,•”•i‚Λ‚η‚Ά,•iμ,Β•¨‰΅’‰w‘Oπ”Τ,131091,“‹“s,•iμ‹ζ,“•iμ‚S’–Ϊ,2018-11-08,21,“ΉHγ,‚»‚Μ‘Ό
ή“,•”•i‚Λ‚η‚Ά,•iμ,“V‰¤Fπ”Τ,131091,“‹“s,•iμ‹ζ,“•iμ‚P’–Ϊ,2018-07-27,19,“ΉHγ,ƒiƒ“ƒo[ƒvƒ[ƒg
ή“,•”•i‚Λ‚η‚Ά,•iμ,“V‰¤Fπ”Τ,131091,“‹“s,•iμ‹ζ,“•iμ‚Q’–Ϊ,2018-03-23,13,’“Τi—Φjκ,‚»‚Μ‘Ό
ή“,•”•i‚Λ‚η‚Ά,•iμ,“V‰¤Fπ”Τ,131091,“‹“s,•iμ‹ζ,“•iμ‚Q’–Ϊ,2018-08-28,18,’“Τi—Φjκ,‚»‚Μ‘Ό
ή“,•”•i‚Λ‚η‚Ά,•iμ,“V‰¤Fπ”Τ,131091,“‹“s,•iμ‹ζ,“•iμ‚Q’–Ϊ,2018-09-22,20,’“Τi—Φjκ,‚»‚Μ‘Ό
ή“,•”•i‚Λ‚η‚Ά,•iμ,“V‰¤Fπ”Τ,131091,“‹“s,•iμ‹ζ,“•iμ‚Q’–Ϊ,2018-09-23,18,’“Τi—Φjκ,‚»‚Μ‘Ό
ή“,•”•i‚Λ‚η‚Ά,•iμ,“V‰¤Fπ”Τ,131091,“‹“s,•iμ‹ζ,“•iμ‚R’–Ϊ,2018-07-30,09,’“Τi—Φjκ,‚»‚Μ‘Ό
ή“,•”•i‚Λ‚η‚Ά,•iμ,“V‰¤Fπ”Τ,131091,“‹“s,•iμ‹ζ,“•iμ‚R’–Ϊ,2018-10-04,09,’“Τi—Φjκ,‚»‚Μ‘Ό
ή“,•”•i‚Λ‚η‚Ά,•iμ,“V‰¤Fπ”Τ,131091,“‹“s,•iμ‹ζ,“•iμ‚R’–Ϊ,2018-10-15,16,’“Τi—Φjκ,‚»‚Μ‘Ό
ή“,•”•i‚Λ‚η‚Ά,•iμ,“V‰¤Fπ”Τ,131091,“‹“s,•iμ‹ζ,“•iμ‚R’–Ϊ,2018-11-11,08,’“Τi—Φjκ,‚»‚Μ‘Ό
ή“,•”•i‚Λ‚η‚Ά,‘εδ,‘εδ’¬‰w‘Oπ”Τ,131091,“‹“s,•iμ‹ζ,‘εδ‚P’–Ϊ,2018-10-25,18,’“Τi—Φjκ,‚»‚Μ‘Ό
ή“,•”•i‚Λ‚η‚Ά,‘εδ,‘εδ’¬‰w‘Oπ”Τ,131091,“‹“s,•iμ‹ζ,‘εδ‚S’–Ϊ,2018-04-09,08,’“Τi—Φjκ,‚»‚Μ‘Ό
ή“,•”•i‚Λ‚η‚Ά,‘εδ,—§‰ομπ”Τ,131091,“‹“s,•iμ‹ζ,“‡‚Q’–Ϊ,2018-01-20,11,‚»‚Μ‘Ό,‚»‚Μ‘Ό
ή“,•”•i‚Λ‚η‚Ά,‘εδ,“μ‘εδπ”Τ,131091,“‹“s,•iμ‹ζ,“μ‘εδ‚R’–Ϊ,2018-05-22,00,“ΉHγ,‚»‚Μ‘Ό
ή“,•”•i‚Λ‚η‚Ά,‘εδ,“μ‘εδπ”Τ,131091,“‹“s,•iμ‹ζ,“μ‘εδ‚U’–Ϊ,2017-12-29,14,‚»‚Μ‘Ό,‚»‚Μ‘Ό
ή“,•”•i‚Λ‚η‚Ά,‘εδ,Ό‘εδ‰w‘Oπ”Τ,131091,“‹“s,•iμ‹ζ,Ό‘εδ‚T’–Ϊ,2018-12-25,19,κΛZ‘ξ,‚»‚Μ‘Ό
ή“,•”•i‚Λ‚η‚Ά,‘εδ,Ό‘εδ‰w‘Oπ”Τ,131091,“‹“s,•iμ‹ζ,Ό‘εδ‚U’–Ϊ,2018-11-22,19,κΛZ‘ξ,‚»‚Μ‘Ό
ή“,•”•i‚Λ‚η‚Ά,‘εδ,”ª’ª’c’nπ”Τ,131091,“‹“s,•iμ‹ζ,”ª’ª‚T’–Ϊ,2018-01-16,17,‚SK‚ΔΘγ‹¤“―Z‘ξ,‚»‚Μ‘Ό
ή“,•”•i‚Λ‚η‚Ά,‘εδ,”ª’ª’c’nπ”Τ,131091,“‹“s,•iμ‹ζ,”ª’ª‚T’–Ϊ,2018-01-17,18,‚SK‚ΔΘγ‹¤“―Z‘ξ,‚»‚Μ‘Ό
ή“,•”•i‚Λ‚η‚Ά,‘εδ,”ª’ª’c’nπ”Τ,131091,“‹“s,•iμ‹ζ,”ª’ª‚T’–Ϊ,2018-01-17,19,‚SK‚ΔΘγ‹¤“―Z‘ξ,‚»‚Μ‘Ό
ή“,•”•i‚Λ‚η‚Ά,‘εδ,”ª’ª’c’nπ”Τ,131091,“‹“s,•iμ‹ζ,”ª’ª‚T’–Ϊ,2018-04-13,17,‚SK‚ΔΘγ‹¤“―Z‘ξ,‚»‚Μ‘Ό
ή“,•”•i‚Λ‚η‚Ά,‘εδ,”ª’ª’c’nπ”Τ,131091,“‹“s,•iμ‹ζ,”ª’ª‚T’–Ϊ,2018-04-26,21,‚SK‚ΔΘγ‹¤“―Z‘ξ,‚»‚Μ‘Ό
ή“,•”•i‚Λ‚η‚Ά,‘εδ,”ª’ª’c’nπ”Τ,131091,“‹“s,•iμ‹ζ,”ª’ª‚T’–Ϊ,2018-05-10,17,‚SK‚ΔΘγ‹¤“―Z‘ξ,‚»‚Μ‘Ό
ή“,•”•i‚Λ‚η‚Ά,‘εδ,”ª’ª’c’nπ”Τ,131091,“‹“s,•iμ‹ζ,”ª’ª‚T’–Ϊ,2018-05-31,18,‚SK‚ΔΘγ‹¤“―Z‘ξ,‚Θ‚µ
ή“,•”•i‚Λ‚η‚Ά,‘εδ,”ª’ª’c’nπ”Τ,131091,“‹“s,•iμ‹ζ,”ª’ª‚T’–Ϊ,2018-12-08,23,‚SK‚ΔΘγ‹¤“―Z‘ξ,ƒiƒ“ƒo[ƒvƒ[ƒg
ή“,•”•i‚Λ‚η‚Ά,‘εθ,’†΄ϋπ”Τ,131091,“‹“s,•iμ‹ζ,Όά”½“c‚U’–Ϊ,2018-06-22,21,‚SK‚ΔΘγ‹¤“―Z‘ξ,‚»‚Μ‘Ό
ή“,•”•i‚Λ‚η‚Ά,‘εθ,Όά”½“cπ”Τ,131091,“‹“s,•iμ‹ζ,Όά”½“c‚R’–Ϊ,2018-12-15,10,“ΉHγ,‚»‚Μ‘Ό
ή“,•”•i‚Λ‚η‚Ά,‘εθ,Όά”½“cπ”Τ,131091,“‹“s,•iμ‹ζ,Όά”½“c‚T’–Ϊ,2018-03-10,13,’“Τi—Φjκ,‚»‚Μ‘Ό
ή“,•”•i‚Λ‚η‚Ά,‰`΄,‰`΄’†‰„‰w‘Oπ”Τ,131091,“‹“s,•iμ‹ζ,“’†‰„‚Q’–Ϊ,2018-08-07,10,“ΉHγ,ƒiƒ“ƒo[ƒvƒ[ƒg
ή“,•”•i‚Λ‚η‚Ά,‰`΄,•½’Λ‹΄π”Τ,131091,“‹“s,•iμ‹ζ,•½’Λ‚Q’–Ϊ,2018-12-02,17,‚»‚Μ‘Ό,ƒ^ƒCƒ„EƒzƒC[ƒ‹
ή“,•”•i‚Λ‚η‚Ά,‰`΄,Λ‰zπ”Τ,131091,“‹“s,•iμ‹ζ,Λ‰z‚T’–Ϊ,2018-11-08,21,κΛZ‘ξ,ƒiƒ“ƒo[ƒvƒ[ƒg
ή“,•”•i‚Λ‚η‚Ά,‰`΄,“ρ—t’¬π”Τ,131091,“‹“s,•iμ‹ζ,Ό•iμ‚P’–Ϊ,2018-10-11,07,’“Τi—Φjκ,‚»‚Μ‘Ό
ή“,•”•i‚Λ‚η‚Ά,‰`΄,“ρ—t’¬π”Τ,131091,“‹“s,•iμ‹ζ,Ό•iμ‚P’–Ϊ,2018-10-22,15,‚»‚Μ‘Ό,‚»‚Μ‘Ό
ή“,•”•i‚Λ‚η‚Ά,‰`΄,–L’¬π”Τ,131091,“‹“s,•iμ‹ζ,–L’¬‚U’–Ϊ,2018-06-19,18,‚SK‚ΔΘγ‹¤“―Z‘ξ,‚»‚Μ‘Ό
ή“,•”•i‚Λ‚η‚Ά,‰`΄,Ή‘Oπ”Τ,131091,“‹“s,•iμ‹ζ,“ρ—t‚S’–Ϊ,2018-06-04,16,κΛZ‘ξ,‚»‚Μ‘Ό
ή“,•”•i‚Λ‚η‚Ά,‰`΄,Ή‘Oπ”Τ,131091,“‹“s,•iμ‹ζ,–L’¬‚U’–Ϊ,2018-11-18,23,κΛZ‘ξ,‚»‚Μ‘Ό
ή“,•”•i‚Λ‚η‚Ά,‰`΄,•‘ ¬Rπ”Τ,131091,“‹“s,•iμ‹ζ,¬R‘δ‚P’–Ϊ,2018-01-17,20,“ΉHγ,‚»‚Μ‘Ό
ή“,•”•i‚Λ‚η‚Ά,‰`΄,•‘ ¬Rπ”Τ,131091,“‹“s,•iμ‹ζ,¬R‘δ‚Q’–Ϊ,2018-11-11,06,“ΉHγ,‚»‚Μ‘Ό
ή“,•”•i‚Λ‚η‚Ά,‘εX,,131113,“‹“s,‘ε“c‹ζ,,2018-06-10,15,“ΉHγ,ƒiƒ“ƒo[ƒvƒ[ƒg
ή“,•”•i‚Λ‚η‚Ά,‘εX,XƒPθπ”Τ,131113,“‹“s,‘ε“c‹ζ,‘εX“μ‚Q’–Ϊ,2018-05-15,22,‚»‚Μ‘Ό‚ΜZ‘ξi‚RK‚ΔΘ‰Ί‹¤“―Z‘ξ“™j,‚»‚Μ‘Ό
ή“,•”•i‚Λ‚η‚Ά,‘εX,XƒPθπ”Τ,131113,“‹“s,‘ε“c‹ζ,’†‰›‚S’–Ϊ,2018-05-09,07,’“Τi—Φjκ,‚»‚Μ‘Ό
ή“,•”•i‚Λ‚η‚Ά,‘εX,’JΛπ”Τ,131113,“‹“s,‘ε“c‹ζ,‘εX’†‚R’–Ϊ,2018-06-23,22,‚SK‚ΔΘγ‹¤“―Z‘ξ,‚»‚Μ‘Ό
ή“,•”•i‚Λ‚η‚Ά,‘εX,’JΛπ”Τ,131113,“‹“s,‘ε“c‹ζ,‘εXΌ‚R’–Ϊ,2018-11-18,08,’“Τi—Φjκ,ƒiƒ“ƒo[ƒvƒ[ƒg
ή“,•”•i‚Λ‚η‚Ά,‘εX,‘εXΌπ”Τ,131113,“‹“s,‘ε“c‹ζ,‘εX–k‚S’–Ϊ,2018-06-20,07,‚»‚Μ‘Ό‚ΜZ‘ξi‚RK‚ΔΘ‰Ί‹¤“―Z‘ξ“™j,‚»‚Μ‘Ό
ή“,•”•i‚Λ‚η‚Ά,‘εX,‘εXΌπ”Τ,131113,“‹“s,‘ε“c‹ζ,‘εXΌ‚R’–Ϊ,2017-12-22,18,‚SK‚ΔΘγ‹¤“―Z‘ξ,‚»‚Μ‘Ό
ή“,•”•i‚Λ‚η‚Ά,‘εX,‘εXΌπ”Τ,131113,“‹“s,‘ε“c‹ζ,‘εXΌ‚R’–Ϊ,2018-01-03,10,’“Τi—Φjκ,‚»‚Μ‘Ό
ή“,•”•i‚Λ‚η‚Ά,‘εX,‘εXΌπ”Τ,131113,“‹“s,‘ε“c‹ζ,‘εXΌ‚R’–Ϊ,2018-01-15,09,‚SK‚ΔΘγ‹¤“―Z‘ξ,ƒ^ƒCƒ„EƒzƒC[ƒ‹
ή“,•”•i‚Λ‚η‚Ά,‘εX,‘εXCέπ”Τ,131113,“‹“s,‘ε“c‹ζ,‘εX“‚P’–Ϊ,2017-04-01,•s–Ύ,‚SK‚ΔΘγ‹¤“―Z‘ξ,ƒiƒ“ƒo[ƒvƒ[ƒg
ή“,•”•i‚Λ‚η‚Ά,‘εX,‘εXCέπ”Τ,131113,“‹“s,‘ε“c‹ζ,‘εX“‚P’–Ϊ,2018-06-17,10,’“Τi—Φjκ,ƒiƒ“ƒo[ƒvƒ[ƒg
ή“,•”•i‚Λ‚η‚Ά,‘εX,‘εXCέπ”Τ,131113,“‹“s,‘ε“c‹ζ,‘εX“‚P’–Ϊ,2018-07-22,13,’“Τi—Φjκ,‚»‚Μ‘Ό
ή“,•”•i‚Λ‚η‚Ά,‘εX,‘εXCέπ”Τ,131113,“‹“s,‘ε“c‹ζ,‘εX“‚P’–Ϊ,2018-09-01,19,‚SK‚ΔΘγ‹¤“―Z‘ξ,‚»‚Μ‘Ό
ή“,•”•i‚Λ‚η‚Ά,‘εX,‘εXCέπ”Τ,131113,“‹“s,‘ε“c‹ζ,‘εX“‚P’–Ϊ,2018-11-27,01,’“Τi—Φjκ,‚»‚Μ‘Ό
ή“,•”•i‚Λ‚η‚Ά,‘εX,‘εXCέπ”Τ,131113,“‹“s,‘ε“c‹ζ,‘εX–{’¬‚Q’–Ϊ,2018-03-17,17,’“Τi—Φjκ,ƒiƒ“ƒo[ƒvƒ[ƒg
ή“,•”•i‚Λ‚η‚Ά,‘εX,‘εXCέπ”Τ,131113,“‹“s,‘ε“c‹ζ,Ίa“‡‚Q’–Ϊ,2018-04-14,16,“ΉHγ,‚»‚Μ‘Ό
ή“,•”•i‚Λ‚η‚Ά,‘εX,‘εXCέπ”Τ,131113,“‹“s,‘ε“c‹ζ,•½a“‡‚P’–Ϊ,2018-09-26,10,’“Τi—Φjκ,‚»‚Μ‘Ό
ή“,•”•i‚Λ‚η‚Ά,‘εX,t“ϊ‹΄π”Τ,131113,“‹“s,‘ε“c‹ζ,’†‰›‚P’–Ϊ,2018-09-09,19,‚»‚Μ‘Ό‚ΜZ‘ξi‚RK‚ΔΘ‰Ί‹¤“―Z‘ξ“™j,‚»‚Μ‘Ό
ή“,•”•i‚Λ‚η‚Ά,‘εX,t“ϊ‹΄π”Τ,131113,“‹“s,‘ε“c‹ζ,’†‰›‚R’–Ϊ,2018-02-03,21,“ΉHγ,ƒiƒ“ƒo[ƒvƒ[ƒg
ή“,•”•i‚Λ‚η‚Ά,‘εX,R‰¤π”Τ,131113,“‹“s,‘ε“c‹ζ,R‰¤‚Q’–Ϊ,2018-10-10,20,‚»‚Μ‘Ό‚ΜZ‘ξi‚RK‚ΔΘ‰Ί‹¤“―Z‘ξ“™j,‚»‚Μ‘Ό
ή“,•”•i‚Λ‚η‚Ά,“c‰€’²•z,,,,,,2018-04-08,17,κΛZ‘ξ,ƒiƒ“ƒo[ƒvƒ[ƒg
ή“,•”•i‚Λ‚η‚Ά,“c‰€’²•z,τ‘«’rπ”Τ,131113,“‹“s,‘ε“c‹ζ,γ’r‘δ‚P’–Ϊ,2018-11-25,16,’“Τi—Φjκ,‚»‚Μ‘Ό
ή“,•”•i‚Λ‚η‚Ά,“c‰€’²•z,τ‘«’rπ”Τ,131113,“‹“s,‘ε“c‹ζ,–kη‘©‚Q’–Ϊ,2018-11-19,17,‚»‚Μ‘Ό,ƒiƒ“ƒo[ƒvƒ[ƒg
ή“,•”•i‚Λ‚η‚Ά,“c‰€’²•z,τ‘«’rπ”Τ,131113,“‹“s,‘ε“c‹ζ,“α’J‚R’–Ϊ,2018-02-11,13,κΛZ‘ξ,ƒiƒ“ƒo[ƒvƒ[ƒg
ή“,•”•i‚Λ‚η‚Ά,“c‰€’²•z,Ξμ‘δπ”Τ,131113,“‹“s,‘ε“c‹ζ,“α’J‚P’–Ϊ,2018-07-16,22,“ΉHγ,ƒiƒ“ƒo[ƒvƒ[ƒg
ή“,•”•i‚Λ‚η‚Ά,“c‰€’²•z,Ξμ‘δπ”Τ,131113,“‹“s,‘ε“c‹ζ,“μα’J‚P’–Ϊ,2018-01-04,16,’“Τi—Φjκ,ƒiƒ“ƒo[ƒvƒ[ƒg
ή“,•”•i‚Λ‚η‚Ά,“c‰€’²•z,Ξμ‘δπ”Τ,131113,“‹“s,‘ε“c‹ζ,“μα’J‚S’–Ϊ,2018-12-03,08,‚»‚Μ‘Ό‚ΜZ‘ξi‚RK‚ΔΘ‰Ί‹¤“―Z‘ξ“™j,‚»‚Μ‘Ό
ή“,•”•i‚Λ‚η‚Ά,“c‰€’²•z,“ΉX‹΄π”Τ,131113,“‹“s,‘ε“c‹ζ,’‡’rγ‚P’–Ϊ,2018-11-04,10,“ΉHγ,ƒiƒ“ƒo[ƒvƒ[ƒg
ή“,•”•i‚Λ‚η‚Ά,“c‰€’²•z,Ϋq‹΄π”Τ,131113,“‹“s,‘ε“c‹ζ,“c‰€’²•z–{’¬,2018-05-25,11,“ΉHγ,‚»‚Μ‘Ό
ή“,•”•i‚Λ‚η‚Ά,—“c,‹‹}—“c‰w‘Oπ”Τ,131113,“‹“s,‘ε“c‹ζ,—“c‚P’–Ϊ,2018-07-03,19,’“Τi—Φjκ,ƒiƒ“ƒo[ƒvƒ[ƒg
ή“,•”•i‚Λ‚η‚Ά,—“c,‹‹}—“c‰w‘Oπ”Τ,131113,“‹“s,‘ε“c‹ζ,—“c‚P’–Ϊ,2018-08-09,18,‚SK‚ΔΘγ‹¤“―Z‘ξ,ƒiƒ“ƒo[ƒvƒ[ƒg
ή“,•”•i‚Λ‚η‚Ά,—“c,‹‹}—“c‰w‘Oπ”Τ,131113,“‹“s,‘ε“c‹ζ,—“c‚S’–Ϊ,2018-11-21,09,’“Τi—Φjκ,‚»‚Μ‘Ό
ή“,•”•i‚Λ‚η‚Ά,—“c,‹‹}—“c‰w‘Oπ”Τ,131113,“‹“s,‘ε“c‹ζ,“μ—“c‚P’–Ϊ,2017-12-01,•s–Ύ,‚»‚Μ‘Ό,‚»‚Μ‘Ό
ή“,•”•i‚Λ‚η‚Ά,—“c,‹‹}—“c‰w‘Oπ”Τ,131113,“‹“s,‘ε“c‹ζ,“μ—“c‚P’–Ϊ,2018-01-11,13,’“Τi—Φjκ,ƒiƒ“ƒo[ƒvƒ[ƒg
ή“,•”•i‚Λ‚η‚Ά,—“c,‹‹}—“c‰w‘Oπ”Τ,131113,“‹“s,‘ε“c‹ζ,“μ—“c‚P’–Ϊ,2018-09-11,19,‚SK‚ΔΘγ‹¤“―Z‘ξ,‚»‚Μ‘Ό
ή“,•”•i‚Λ‚η‚Ά,—“c,‹‹}—“c‰w‘Oπ”Τ,131113,“‹“s,‘ε“c‹ζ,“μ—“c‚P’–Ϊ,2018-10-29,13,’“Τi—Φjκ,‚»‚Μ‘Ό
ή“,•”•i‚Λ‚η‚Ά,—“c,—“c‰w“ϋπ”Τ,131113,“‹“s,‘ε“c‹ζ,—“c‚T’–Ϊ,2018-07-14,21,“ΉHγ,‚»‚Μ‘Ό
ή“,•”•i‚Λ‚η‚Ά,—“c,—“c‰w“ϋπ”Τ,131113,“‹“s,‘ε“c‹ζ,—“c‚T’–Ϊ,2018-09-08,18,“ΉHγ,‚»‚Μ‘Ό
ή“,•”•i‚Λ‚η‚Ά,—“c,—“c‰w“ϋπ”Τ,131113,“‹“s,‘ε“c‹ζ,—“c‚T’–Ϊ,2018-10-19,17,’“Τi—Φjκ,‚»‚Μ‘Ό
ή“,•”•i‚Λ‚η‚Ά,—“c,—“c‰w“ϋπ”Τ,131113,“‹“s,‘ε“c‹ζ,—“c–{’¬‚P’–Ϊ,2018-12-07,18,‚SK‚ΔΘγ‹¤“―Z‘ξ,‚»‚Μ‘Ό
ή“,•”•i‚Λ‚η‚Ά,—“c,—“c‰wΌϋπ”Τ,131113,“‹“s,‘ε“c‹ζ,Ό—“c‚S’–Ϊ,2018-08-06,04,‚»‚Μ‘Ό‚ΜZ‘ξi‚RK‚ΔΘ‰Ί‹¤“―Z‘ξ“™j,ƒiƒ“ƒo[ƒvƒ[ƒg
ή“,•”•i‚Λ‚η‚Ά,—“c,—“c‰wΌϋπ”Τ,131113,“‹“s,‘ε“c‹ζ,Ό—“c‚V’–Ϊ,2018-04-18,07,“ΉHγ,‚»‚Μ‘Ό
ή“,•”•i‚Λ‚η‚Ά,—“c,—“c‰wΌϋπ”Τ,131113,“‹“s,‘ε“c‹ζ,Ό—“c‚V’–Ϊ,2018-11-11,02,‚»‚Μ‘Ό,‚»‚Μ‘Ό
ή“,•”•i‚Λ‚η‚Ά,—“c,—“c‰wΌϋπ”Τ,131113,“‹“s,‘ε“c‹ζ,Ό—“c‚V’–Ϊ,2018-12-08,17,’“Τi—Φjκ,ƒiƒ“ƒo[ƒvƒ[ƒg
ή“,•”•i‚Λ‚η‚Ά,—“c,—“c‰wΌϋπ”Τ,131113,“‹“s,‘ε“c‹ζ,Ό—“c‚W’–Ϊ,2018-05-20,17,‚SK‚ΔΘγ‹¤“―Z‘ξ,‚»‚Μ‘Ό
ή“,•”•i‚Λ‚η‚Ά,—“c,—“c‰wΌϋπ”Τ,131113,“‹“s,‘ε“c‹ζ,Ό—“c‚W’–Ϊ,2018-05-24,18,‚SK‚ΔΘγ‹¤“―Z‘ξ,ƒ^ƒCƒ„EƒzƒC[ƒ‹
ή“,•”•i‚Λ‚η‚Ά,—“c,ΌZ‹½π”Τ,131113,“‹“s,‘ε“c‹ζ,ΌZ‹½‚R’–Ϊ,2018-06-07,19,‚»‚Μ‘Ό,ƒiƒ“ƒo[ƒvƒ[ƒg
ή“,•”•i‚Λ‚η‚Ά,—“c,ΌZ‹½π”Τ,131113,“‹“s,‘ε“c‹ζ,ΌZ‹½‚S’–Ϊ,2018-08-03,06,κΛZ‘ξ,ƒiƒ“ƒo[ƒvƒ[ƒg
ή“,•”•i‚Λ‚η‚Ά,—“c,“Z‹½π”Τ,131113,“‹“s,‘ε“c‹ζ,’‡Z‹½‚S’–Ϊ,2017-12-31,14,‚»‚Μ‘Ό,ƒiƒ“ƒo[ƒvƒ[ƒg
ή“,•”•i‚Λ‚η‚Ά,—“c,“Z‹½π”Τ,131113,“‹“s,‘ε“c‹ζ,’‡Z‹½‚S’–Ϊ,2018-02-22,04,’“Τi—Φjκ,ƒiƒ“ƒo[ƒvƒ[ƒg
ή“,•”•i‚Λ‚η‚Ά,—“c,“Z‹½π”Τ,131113,“‹“s,‘ε“c‹ζ,“Z‹½‚R’–Ϊ,2018-04-22,12,‚SK‚ΔΘγ‹¤“―Z‘ξ,‚»‚Μ‘Ό
ή“,•”•i‚Λ‚η‚Ά,—“c,“Z‹½π”Τ,131113,“‹“s,‘ε“c‹ζ,“μZ‹½‚Q’–Ϊ,2017-12-27,20,‚SK‚ΔΘγ‹¤“―Z‘ξ,ƒiƒ“ƒo[ƒvƒ[ƒg
ή“,•”•i‚Λ‚η‚Ά,—“c,“Z‹½π”Τ,131113,“‹“s,‘ε“c‹ζ,“μZ‹½‚Q’–Ϊ,2018-04-21,19,‚SK‚ΔΘγ‹¤“―Z‘ξ,ƒiƒ“ƒo[ƒvƒ[ƒg
ή“,•”•i‚Λ‚η‚Ά,—“c,“Z‹½π”Τ,131113,“‹“s,‘ε“c‹ζ,“μZ‹½‚Q’–Ϊ,2018-10-22,17,‚SK‚ΔΘγ‹¤“―Z‘ξ,‚»‚Μ‘Ό
ή“,•”•i‚Λ‚η‚Ά,—“c,GFπ”Τ,131113,“‹“s,‘ε“c‹ζ,’‡Z‹½‚Q’–Ϊ,2018-04-06,16,“ΉHγ,‚»‚Μ‘Ό
ή“,•”•i‚Λ‚η‚Ά,—“c,“ϊ‚Μo’Κπ”Τ,131113,“‹“s,‘ε“c‹ζ,Όβο’J‚P’–Ϊ,2018-07-03,18,“ΉHγ,‚»‚Μ‘Ό
ή“,•”•i‚Λ‚η‚Ά,—“c,“ϊ‚Μo’Κπ”Τ,131113,“‹“s,‘ε“c‹ζ,Όβο’J‚P’–Ϊ,2018-08-07,11,‚»‚Μ‘Ό‚ΜZ‘ξi‚RK‚ΔΘ‰Ί‹¤“―Z‘ξ“™j,‚»‚Μ‘Ό
ή“,•”•i‚Λ‚η‚Ά,—“c,“ϊ‚Μo’Κπ”Τ,131113,“‹“s,‘ε“c‹ζ,Όβο’J‚S’–Ϊ,2018-01-17,22,’“Τi—Φjκ,ƒiƒ“ƒo[ƒvƒ[ƒg
ή“,•”•i‚Λ‚η‚Ά,—“c,“ϊ‚Μo’Κπ”Τ,131113,“‹“s,‘ε“c‹ζ,“μ—“c‚Q’–Ϊ,2018-03-06,12,’“Τi—Φjκ,ƒiƒ“ƒo[ƒvƒ[ƒg
ή“,•”•i‚Λ‚η‚Ά,—“c,–{‰H“cπ”Τ,131113,“‹“s,‘ε“c‹ζ,–{‰H“c‚P’–Ϊ,2018-02-03,13,‚»‚Μ‘Ό‚ΜZ‘ξi‚RK‚ΔΘ‰Ί‹¤“―Z‘ξ“™j,ƒ^ƒCƒ„EƒzƒC[ƒ‹
ή“,•”•i‚Λ‚η‚Ά,—“c,–{‰H“cπ”Τ,131113,“‹“s,‘ε“c‹ζ,–{‰H“c‚Q’–Ϊ,2018-08-29,19,‚»‚Μ‘Ό,‚»‚Μ‘Ό
ή“,•”•i‚Λ‚η‚Ά,—“c,–{‰H“cπ”Τ,131113,“‹“s,‘ε“c‹ζ,–{‰H“c‚Q’–Ϊ,2018-09-17,10,’“Τi—Φjκ,ƒiƒ“ƒo[ƒvƒ[ƒg
ή“,•”•i‚Λ‚η‚Ά,—“c,‘ε’Ή‹π”Τ,131113,“‹“s,‘ε“c‹ζ,Όβο’J‚R’–Ϊ,2018-06-10,17,“ΉHγ,ƒiƒ“ƒo[ƒvƒ[ƒg
ή“,•”•i‚Λ‚η‚Ά,—“c,‘ε’Ή‹π”Τ,131113,“‹“s,‘ε“c‹ζ,Όβο’J‚R’–Ϊ,2018-08-27,06,’“Τi—Φjκ,‚»‚Μ‘Ό
ή“,•”•i‚Λ‚η‚Ά,—“c,‘ε’Ή‹π”Τ,131113,“‹“s,‘ε“c‹ζ,‰H“c‚Q’–Ϊ,2018-05-06,20,“ΉHγ,ƒiƒ“ƒo[ƒvƒ[ƒg
ή“,•”•i‚Λ‚η‚Ά,—“c,‘ε’Ή‹π”Τ,131113,“‹“s,‘ε“c‹ζ,‰H“c‚Q’–Ϊ,2018-06-05,19,’“Τi—Φjκ,ƒiƒ“ƒo[ƒvƒ[ƒg
ή“,•”•i‚Λ‚η‚Ά,—“c,‘ε’Ή‹π”Τ,131113,“‹“s,‘ε“c‹ζ,‰H“c‚R’–Ϊ,2018-04-23,00,κΛZ‘ξ,ƒiƒ“ƒo[ƒvƒ[ƒg
ή“,•”•i‚Λ‚η‚Ά,—“c,‘ε’Ή‹π”Τ,131113,“‹“s,‘ε“c‹ζ,‰H“c‚T’–Ϊ,2018-06-04,17,’“Τi—Φjκ,ƒiƒ“ƒo[ƒvƒ[ƒg
ή“,•”•i‚Λ‚η‚Ά,—“c,–kβο’Jπ”Τ,131113,“‹“s,‘ε“c‹ζ,‘εX“μ‚P’–Ϊ,2018-06-25,03,“ΉHγ,ƒiƒ“ƒo[ƒvƒ[ƒg
ή“,•”•i‚Λ‚η‚Ά,—“c,–kβο’Jπ”Τ,131113,“‹“s,‘ε“c‹ζ,“βο’J‚Q’–Ϊ,2018-05-14,18,‚»‚Μ‘Ό‚ΜZ‘ξi‚RK‚ΔΘ‰Ί‹¤“―Z‘ξ“™j,‚»‚Μ‘Ό
ή“,•”•i‚Λ‚η‚Ά,—“c,–kβο’Jπ”Τ,131113,“‹“s,‘ε“c‹ζ,“βο’J‚S’–Ϊ,2018-06-22,16,‚SK‚ΔΘγ‹¤“―Z‘ξ,ƒiƒ“ƒo[ƒvƒ[ƒg
ή“,•”•i‚Λ‚η‚Ά,—“c,–kβο’Jπ”Τ,131113,“‹“s,‘ε“c‹ζ,“βο’J‚S’–Ϊ,2018-08-09,21,‚»‚Μ‘Ό,ƒ^ƒCƒ„EƒzƒC[ƒ‹
ή“,•”•i‚Λ‚η‚Ά,’rγ,s–μ‘qπ”Τ,131113,“‹“s,‘ε“c‹ζ,’†‰›‚U’–Ϊ,2018-11-30,14,κΛZ‘ξ,‚»‚Μ‘Ό
ή“,•”•i‚Λ‚η‚Ά,’rγ,“μ”nπ”Τ,131113,“‹“s,‘ε“c‹ζ,“μ”n‚P’–Ϊ,2018-03-09,19,κΛZ‘ξ,‚»‚Μ‘Ό
ή“,•”•i‚Λ‚η‚Ά,’rγ,“μ”nπ”Τ,131113,“‹“s,‘ε“c‹ζ,“μ”n‚Q’–Ϊ,2018-09-28,19,κΛZ‘ξ,‚»‚Μ‘Ό
ή“,•”•i‚Λ‚η‚Ά,’rγ,O–{Όπ”Τ,131113,“‹“s,‘ε“c‹ζ,’†”n‚Q’–Ϊ,2018-03-04,23,“ΉHγ,‚»‚Μ‘Ό
ή“,•”•i‚Λ‚η‚Ά,’rγ,O–{Όπ”Τ,131113,“‹“s,‘ε“c‹ζ,“”n‚P’–Ϊ,2018-03-14,16,κΛZ‘ξ,‚»‚Μ‘Ό
ή“,•”•i‚Λ‚η‚Ά,’rγ,O–{Όπ”Τ,131113,“‹“s,‘ε“c‹ζ,“”n‚P’–Ϊ,2018-03-15,01,κΛZ‘ξ,‚»‚Μ‘Ό
ή“,•”•i‚Λ‚η‚Ά,’rγ,‹v‚ª΄π”Τ,131113,“‹“s,‘ε“c‹ζ,‹v‚ª΄‚T’–Ϊ,2018-11-02,23,‚SK‚ΔΘγ‹¤“―Z‘ξ,ƒiƒ“ƒo[ƒvƒ[ƒg
ή“,•”•i‚Λ‚η‚Ά,’rγ,’rγ‰w‘Oπ”Τ,131113,“‹“s,‘ε“c‹ζ,’rγ‚U’–Ϊ,2018-11-22,10,’“Τi—Φjκ,ƒiƒ“ƒo[ƒvƒ[ƒg
ή“,•”•i‚Λ‚η‚Ά,’rγ,@ΐπ”Τ,131113,“‹“s,‘ε“c‹ζ,V—“c‚Q’–Ϊ,2018-03-17,23,‚SK‚ΔΘγ‹¤“―Z‘ξ,‚»‚Μ‘Ό
ή“,•”•i‚Λ‚η‚Ά,’rγ,@ΐπ”Τ,131113,“‹“s,‘ε“c‹ζ,Ό—“c‚Q’–Ϊ,2018-06-05,22,’“Τi—Φjκ,‚»‚Μ‘Ό
ή“,•”•i‚Λ‚η‚Ά,’rγ,@ΐπ”Τ,131113,“‹“s,‘ε“c‹ζ,“–ξϋ‚R’–Ϊ,2018-06-16,17,‚SK‚ΔΘγ‹¤“―Z‘ξ,‚»‚Μ‘Ό
ή“,•”•i‚Λ‚η‚Ά,’rγ,@ΐπ”Τ,131113,“‹“s,‘ε“c‹ζ,“–ξϋ‚R’–Ϊ,2018-12-07,23,‚SK‚ΔΘγ‹¤“―Z‘ξ,‚»‚Μ‘Ό
ή“,•”•i‚Λ‚η‚Ά,’rγ,‘½–€μ‘ε‹΄π”Τ,131113,“‹“s,‘ε“c‹ζ,‘½–€μ‚Q’–Ϊ,2018-06-19,20,‚SK‚ΔΘγ‹¤“―Z‘ξ,ƒiƒ“ƒo[ƒvƒ[ƒg
ή“,•”•i‚Λ‚η‚Ά,’rγ,Ό”nπ”Τ,131113,“‹“s,‘ε“c‹ζ,’rγ‚Q’–Ϊ,2018-06-29,20,‚SK‚ΔΘγ‹¤“―Z‘ξ,‚»‚Μ‘Ό
ή“,•”•i‚Λ‚η‚Ά,’rγ,Ό”nπ”Τ,131113,“‹“s,‘ε“c‹ζ,’†”n‚R’–Ϊ,2018-11-03,22,‚SK‚ΔΘγ‹¤“―Z‘ξ,‚»‚Μ‘Ό
ή“,•”•i‚Λ‚η‚Ά,’rγ,η’Ήπ”Τ,131113,“‹“s,‘ε“c‹ζ,η’Ή‚R’–Ϊ,2018-04-12,18,‚SK‚ΔΘγ‹¤“―Z‘ξ,‚»‚Μ‘Ό
ή“,•”•i‚Λ‚η‚Ά,’rγ,ƒKƒX‹΄π”Τ,131113,“‹“s,‘ε“c‹ζ,–ξϋ‚Q’–Ϊ,2017-11-01,08,‚SK‚ΔΘγ‹¤“―Z‘ξ,ƒiƒ“ƒo[ƒvƒ[ƒg
ή“,•”•i‚Λ‚η‚Ά,“‹‹σ`,‘Ϋόƒ^[ƒ~ƒiƒ‹π”Τ,131113,“‹“s,‘ε“c‹ζ,‰H“c‹σ`‚R’–Ϊ,2018-11-04,07,’“Τi—Φjκ,‚»‚Μ‘Ό
ή“,•”•i‚Λ‚η‚Ά,“‹‹σ`,‘ζ‚Pƒ^[ƒ~ƒiƒ‹π”Τ,131113,“‹“s,‘ε“c‹ζ,‰H“c‹σ`‚R’–Ϊ,2018-08-14,05,’“Τi—Φjκ,‚»‚Μ‘Ό
ή“,•”•i‚Λ‚η‚Ά,Ά“c’J,O¬’ƒ‰®π”Τ,131121,“‹“s,Ά“c’J‹ζ,O¬’ƒ‰®‚Q’–Ϊ,2018-03-31,22,“ΉHγ,‚»‚Μ‘Ό
ή“,•”•i‚Λ‚η‚Ά,Ά“c’J,O¬’ƒ‰®π”Τ,131121,“‹“s,Ά“c’J‹ζ,‘Ύq“°‚Q’–Ϊ,2018-01-08,08,‚»‚Μ‘Ό,‚»‚Μ‘Ό
ή“,•”•i‚Λ‚η‚Ά,Ά“c’J,O¬’ƒ‰®π”Τ,131121,“‹“s,Ά“c’J‹ζ,‘Ύq“°‚S’–Ϊ,2018-11-01,19,“ΉHγ,‚»‚Μ‘Ό
ή“,•”•i‚Λ‚η‚Ά,Ά“c’J,Ohπ”Τ,131121,“‹“s,Ά“c’J‹ζ,’rK‚R’–Ϊ,2018-01-20,22,’“Τi—Φjκ,‚»‚Μ‘Ό
ή“,•”•i‚Λ‚η‚Ά,Ά“c’J,Ohπ”Τ,131121,“‹“s,Ά“c’J‹ζ,’rK‚R’–Ϊ,2018-07-07,02,’“Τi—Φjκ,‚»‚Μ‘Ό
ή“,•”•i‚Λ‚η‚Ά,Ά“c’J,Ohπ”Τ,131121,“‹“s,Ά“c’J‹ζ,‰Ί”n‚Q’–Ϊ,2018-10-18,08,‚SK‚ΔΘγ‹¤“―Z‘ξ,‚»‚Μ‘Ό
ή“,•”•i‚Λ‚η‚Ά,Ά“c’J,Ohπ”Τ,131121,“‹“s,Ά“c’J‹ζ,‰Ί”n‚Q’–Ϊ,2018-10-31,11,‚SK‚ΔΘγ‹¤“―Z‘ξ,‚»‚Μ‘Ό
ή“,•”•i‚Λ‚η‚Ά,Ά“c’J,Ohπ”Τ,131121,“‹“s,Ά“c’J‹ζ,‰Ί”n‚Q’–Ϊ,2018-11-11,12,‚SK‚ΔΘγ‹¤“―Z‘ξ,‚»‚Μ‘Ό
ή“,•”•i‚Λ‚η‚Ά,Ά“c’J,Ohπ”Τ,131121,“‹“s,Ά“c’J‹ζ,‰Ί”n‚Q’–Ϊ,2018-11-24,17,‚»‚Μ‘Ό‚ΜZ‘ξi‚RK‚ΔΘ‰Ί‹¤“―Z‘ξ“™j,‚»‚Μ‘Ό
ή“,•”•i‚Λ‚η‚Ά,Ά“c’J,Ohπ”Τ,131121,“‹“s,Ά“c’J‹ζ,‘Ύq“°‚Q’–Ϊ,2018-12-05,17,κΛZ‘ξ,‚»‚Μ‘Ό
ή“,•”•i‚Λ‚η‚Ά,Ά“c’J,Ohπ”Τ,131121,“‹“s,Ά“c’J‹ζ,Oh‚Q’–Ϊ,2017-12-31,14,κΛZ‘ξ,‚»‚Μ‘Ό
ή“,•”•i‚Λ‚η‚Ά,Ά“c’J,‰Ί”nl’–Ϊπ”Τ,131121,“‹“s,Ά“c’J‹ζ,‰Ί”n‚Q’–Ϊ,2018-12-10,19,‚»‚Μ‘Ό‚ΜZ‘ξi‚RK‚ΔΘ‰Ί‹¤“―Z‘ξ“™j,‚»‚Μ‘Ό
ή“,•”•i‚Λ‚η‚Ά,Ά“c’J,‰Ί”nl’–Ϊπ”Τ,131121,“‹“s,Ά“c’J‹ζ,‰Ί”n‚Q’–Ϊ,2018-12-10,21,“ΉHγ,‚»‚Μ‘Ό
ή“,•”•i‚Λ‚η‚Ά,Ά“c’J,γ”nπ”Τ,131121,“‹“s,Ά“c’J‹ζ,‹ξ‘ς‚Q’–Ϊ,2017-12-30,18,‚»‚Μ‘Ό‚ΜZ‘ξi‚RK‚ΔΘ‰Ί‹¤“―Z‘ξ“™j,‚»‚Μ‘Ό
ή“,•”•i‚Λ‚η‚Ά,Ά“c’J,γ”nπ”Τ,131121,“‹“s,Ά“c’J‹ζ,‹ξ‘ς‚Q’–Ϊ,2018-06-25,10,‚SK‚ΔΘγ‹¤“―Z‘ξ,ƒiƒ“ƒo[ƒvƒ[ƒg
ή“,•”•i‚Λ‚η‚Ά,Ά“c’J,γ”nπ”Τ,131121,“‹“s,Ά“c’J‹ζ,–μ‘ς‚Q’–Ϊ,2018-02-14,17,κΛZ‘ξ,‚»‚Μ‘Ό
ή“,•”•i‚Λ‚η‚Ά,Ά“c’J,γ”nπ”Τ,131121,“‹“s,Ά“c’J‹ζ,–μ‘ς‚S’–Ϊ,2018-07-26,01,“ΉHγ,‚»‚Μ‘Ό
ή“,•”•i‚Λ‚η‚Ά,Ά“c’J,Ά“c’Jπ”Τ,131121,“‹“s,Ά“c’J‹ζ,Ά“c’J‚R’–Ϊ,2018-05-13,16,‚SK‚ΔΘγ‹¤“―Z‘ξ,‚»‚Μ‘Ό
ή“,•”•i‚Λ‚η‚Ά,Ά“c’J,α—Ρπ”Τ,131121,“‹“s,Ά“c’J‹ζ,γ”n‚T’–Ϊ,2018-11-20,12,‚»‚Μ‘Ό,ƒ^ƒCƒ„EƒzƒC[ƒ‹
ή“,•”•i‚Λ‚η‚Ά,Ά“c’J,α—Ρπ”Τ,131121,“‹“s,Ά“c’J‹ζ,Ά“c’J‚R’–Ϊ,2018-11-23,16,‚»‚Μ‘Ό,‚»‚Μ‘Ό
ή“,•”•i‚Λ‚η‚Ά,Ά“c’J,χ‹uπ”Τ,131121,“‹“s,Ά“c’J‹ζ,χ‹u‚T’–Ϊ,2018-07-13,18,’“Τi—Φjκ,‚»‚Μ‘Ό
ή“,•”•i‚Λ‚η‚Ά,–k‘ς,o“°‰w‘Oπ”Τ,131121,“‹“s,Ά“c’J‹ζ,o“°‚P’–Ϊ,2018-03-20,11,’“Τi—Φjκ,ƒiƒ“ƒo[ƒvƒ[ƒg
ή“,•”•i‚Λ‚η‚Ά,–k‘ς,o“°‰w‘Oπ”Τ,131121,“‹“s,Ά“c’J‹ζ,o“°‚T’–Ϊ,2018-03-21,03,‚»‚Μ‘Ό,ƒiƒ“ƒo[ƒvƒ[ƒg
ή“,•”•i‚Λ‚η‚Ά,–k‘ς,‹{‘O‹΄π”Τ,131121,“‹“s,Ά“c’J‹ζ,”~‹u‚Q’–Ϊ,2017-08-01,•s–Ύ,’“Τi—Φjκ,‚»‚Μ‘Ό
ή“,•”•i‚Λ‚η‚Ά,–k‘ς,’W“‡’Κπ”Τ,131121,“‹“s,Ά“c’J‹ζ,‘γ‘ς‚S’–Ϊ,2018-02-13,12,κΛZ‘ξ,ƒiƒ“ƒo[ƒvƒ[ƒg
ή“,•”•i‚Λ‚η‚Ά,–k‘ς,‰Hª–Ψπ”Τ,131121,“‹“s,Ά“c’J‹ζ,‰Hª–Ψ‚Q’–Ϊ,2017-09-27,19,‚»‚Μ‘Ό‚ΜZ‘ξi‚RK‚ΔΘ‰Ί‹¤“―Z‘ξ“™j,‚»‚Μ‘Ό
ή“,•”•i‚Λ‚η‚Ά,–k‘ς,ΤΌπ”Τ,131121,“‹“s,Ά“c’J‹ζ,Τ’η‚T’–Ϊ,2018-07-01,17,‚»‚Μ‘Ό‚ΜZ‘ξi‚RK‚ΔΘ‰Ί‹¤“―Z‘ξ“™j,ƒ^ƒCƒ„EƒzƒC[ƒ‹
ή“,•”•i‚Λ‚η‚Ά,–k‘ς,–Ύ‘ε‘O‰w‘Oπ”Τ,131121,“‹“s,Ά“c’J‹ζ,Ό΄‚Q’–Ϊ,2018-04-06,10,κΛZ‘ξ,ƒiƒ“ƒo[ƒvƒ[ƒg
ή“,•”•i‚Λ‚η‚Ά,‹Κμ,‹γ•i•§π”Τ,131121,“‹“s,Ά“c’J‹ζ,“™X—Ν‚V’–Ϊ,2018-04-07,18,’“Τi—Φjκ,ƒ^ƒCƒ„EƒzƒC[ƒ‹
ή“,•”•i‚Λ‚η‚Ά,‹Κμ,”φR‘δ‰w‘Oπ”Τ,131121,“‹“s,Ά“c’J‹ζ,“™X—Ν‚S’–Ϊ,2018-07-08,11,’“Τi—Φjκ,‚»‚Μ‘Ό
ή“,•”•i‚Λ‚η‚Ά,‹Κμ,”φR‘δ‰w‘Oπ”Τ,131121,“‹“s,Ά“c’J‹ζ,“™X—Ν‚V’–Ϊ,2018-07-31,22,‚»‚Μ‘Ό‚ΜZ‘ξi‚RK‚ΔΘ‰Ί‹¤“―Z‘ξ“™j,ƒiƒ“ƒo[ƒvƒ[ƒg
ή“,•”•i‚Λ‚η‚Ά,‹Κμ,”φR‘δ‰w‘Oπ”Τ,131121,“‹“s,Ά“c’J‹ζ,“™X—Ν‚W’–Ϊ,2018-04-08,00,‚»‚Μ‘Ό‚ΜZ‘ξi‚RK‚ΔΘ‰Ί‹¤“―Z‘ξ“™j,ƒ^ƒCƒ„EƒzƒC[ƒ‹
ή“,•”•i‚Λ‚η‚Ά,‹Κμ,“ρq‹Κμπ”Τ,131121,“‹“s,Ά“c’J‹ζ,‹Κμ‚S’–Ϊ,2018-03-07,21,κΛZ‘ξ,‚»‚Μ‘Ό
ή“,•”•i‚Λ‚η‚Ά,‹Κμ,£“cπ”Τ,131121,“‹“s,Ά“c’J‹ζ,γ–μ–Ρ‚S’–Ϊ,2018-01-23,05,’“Τi—Φjκ,ƒiƒ“ƒo[ƒvƒ[ƒg
ή“,•”•i‚Λ‚η‚Ά,‹Κμ,£“cπ”Τ,131121,“‹“s,Ά“c’J‹ζ,£“c‚T’–Ϊ,2018-02-18,08,‚»‚Μ‘Ό‚ΜZ‘ξi‚RK‚ΔΘ‰Ί‹¤“―Z‘ξ“™j,ƒiƒ“ƒo[ƒvƒ[ƒg
ή“,•”•i‚Λ‚η‚Ά,‹Κμ,£“cπ”Τ,131121,“‹“s,Ά“c’J‹ζ,‹Κμ‘δ‚Q’–Ϊ,2018-12-09,07,’“Τi—Φjκ,ƒiƒ“ƒo[ƒvƒ[ƒg
ή“,•”•i‚Λ‚η‚Ά,‹Κμ,—p‰κπ”Τ,131121,“‹“s,Ά“c’J‹ζ,γ—p‰κ‚R’–Ϊ,2018-11-30,00,“ΉHγ,ƒiƒ“ƒo[ƒvƒ[ƒg
ή“,•”•i‚Λ‚η‚Ά,‹Κμ,—p‰κπ”Τ,131121,“‹“s,Ά“c’J‹ζ,—p‰κ‚Q’–Ϊ,2018-08-26,18,’“Τi—Φjκ,‚»‚Μ‘Ό
ή“,•”•i‚Λ‚η‚Ά,‹Κμ,[‘ςπ”Τ,131121,“‹“s,Ά“c’J‹ζ,[‘ς‚Q’–Ϊ,2018-04-07,07,’“Τi—Φjκ,ƒ^ƒCƒ„EƒzƒC[ƒ‹
ή“,•”•i‚Λ‚η‚Ά,‹Κμ,[‘ςπ”Τ,131121,“‹“s,Ά“c’J‹ζ,[‘ς‚S’–Ϊ,2018-11-22,05,κΛZ‘ξ,ƒiƒ“ƒo[ƒvƒ[ƒg
ή“,•”•i‚Λ‚η‚Ά,‹Κμ,[‘ςπ”Τ,131121,“‹“s,Ά“c’J‹ζ,[‘ς‚U’–Ϊ,2018-04-20,18,‚SK‚ΔΘγ‹¤“―Z‘ξ,ƒiƒ“ƒo[ƒvƒ[ƒg
ή“,•”•i‚Λ‚η‚Ά,‹Κμ,χV’¬π”Τ,131121,“‹“s,Ά“c’J‹ζ,‹ξ‘ς‚R’–Ϊ,2018-06-24,18,‚»‚Μ‘Ό‚ΜZ‘ξi‚RK‚ΔΘ‰Ί‹¤“―Z‘ξ“™j,ƒ^ƒCƒ„EƒzƒC[ƒ‹
ή“,•”•i‚Λ‚η‚Ά,‹Κμ,χV’¬π”Τ,131121,“‹“s,Ά“c’J‹ζ,‹ξ‘ς‚S’–Ϊ,2018-01-07,07,‚»‚Μ‘Ό‚ΜZ‘ξi‚RK‚ΔΘ‰Ί‹¤“―Z‘ξ“™j,‚»‚Μ‘Ό
ή“,•”•i‚Λ‚η‚Ά,‹Κμ,χV’¬π”Τ,131121,“‹“s,Ά“c’J‹ζ,χV’¬‚P’–Ϊ,2017-12-10,17,‚»‚Μ‘Ό‚ΜZ‘ξi‚RK‚ΔΘ‰Ί‹¤“―Z‘ξ“™j,‚»‚Μ‘Ό
ή“,•”•i‚Λ‚η‚Ά,‹Κμ,χV’¬π”Τ,131121,“‹“s,Ά“c’J‹ζ,χV’¬‚Q’–Ϊ,2018-08-07,06,‚»‚Μ‘Ό‚ΜZ‘ξi‚RK‚ΔΘ‰Ί‹¤“―Z‘ξ“™j,‚»‚Μ‘Ό
ή“,•”•i‚Λ‚η‚Ά,‹Κμ,χV’¬π”Τ,131121,“‹“s,Ά“c’J‹ζ,V’¬‚P’–Ϊ,2018-03-01,16,‚»‚Μ‘Ό‚ΜZ‘ξi‚RK‚ΔΘ‰Ί‹¤“―Z‘ξ“™j,ƒiƒ“ƒo[ƒvƒ[ƒg
ή“,•”•i‚Λ‚η‚Ά,¬ι,‘ct’J‘ε‘ π”Τ,131121,“‹“s,Ά“c’J‹ζ,‘ct’J‚R’–Ϊ,2018-01-19,07,’“Τi—Φjκ,‚»‚Μ‘Ό
ή“,•”•i‚Λ‚η‚Ά,¬ι,‘ct’J‘ε‘ π”Τ,131121,“‹“s,Ά“c’J‹ζ,‘ct’J‚R’–Ϊ,2018-01-30,07,’“Τi—Φjκ,‚»‚Μ‘Ό
ή“,•”•i‚Λ‚η‚Ά,¬ι,‘ct’J‘ε‘ π”Τ,131121,“‹“s,Ά“c’J‹ζ,‘ct’J‚S’–Ϊ,2018-10-07,11,‚SK‚ΔΘγ‹¤“―Z‘ξ,‚»‚Μ‘Ό
ή“,•”•i‚Λ‚η‚Ά,¬ι,‘ct’J‘ε‘ π”Τ,131121,“‹“s,Ά“c’J‹ζ,ηΞ‘δ‚Q’–Ϊ,2018-04-08,12,‚»‚Μ‘Ό‚ΜZ‘ξi‚RK‚ΔΘ‰Ί‹¤“―Z‘ξ“™j,‚»‚Μ‘Ό
ή“,•”•i‚Λ‚η‚Ά,¬ι,¬ιπ”Τ,131121,“‹“s,Ά“c’J‹ζ,¬ι‚Q’–Ϊ,2018-04-12,12,’“Τi—Φjκ,‚»‚Μ‘Ό
ή“,•”•i‚Λ‚η‚Ά,¬ι,ηΞ‘δπ”Τ,131121,“‹“s,Ά“c’J‹ζ,‘ct’J‚U’–Ϊ,2018-07-02,13,‚»‚Μ‘Ό‚ΜZ‘ξi‚RK‚ΔΘ‰Ί‹¤“―Z‘ξ“™j,‚»‚Μ‘Ό
ή“,•”•i‚Λ‚η‚Ά,¬ι,ηΞ‘δπ”Τ,131121,“‹“s,Ά“c’J‹ζ,ηΞ‘δ‚R’–Ϊ,2018-11-17,12,‚»‚Μ‘Ό,‚»‚Μ‘Ό
ή“,•”•i‚Λ‚η‚Ά,¬ι,ηΞ‘δπ”Τ,131121,“‹“s,Ά“c’J‹ζ,ηΞ‘δ‚S’–Ϊ,2018-11-16,15,‚SK‚ΔΘγ‹¤“―Z‘ξ,‚»‚Μ‘Ό
ή“,•”•i‚Λ‚η‚Ά,¬ι,ηΞ‘δπ”Τ,131121,“‹“s,Ά“c’J‹ζ,ηΞ‘δ‚T’–Ϊ,2018-11-14,17,‚»‚Μ‘Ό‚ΜZ‘ξi‚RK‚ΔΘ‰Ί‹¤“―Z‘ξ“™j,‚»‚Μ‘Ό
ή“,•”•i‚Λ‚η‚Ά,¬ι,‰GRπ”Τ,131121,“‹“s,Ά“c’J‹ζ,–k‰GR‚P’–Ϊ,2018-02-24,16,‚SK‚ΔΘγ‹¤“―Z‘ξ,‚»‚Μ‘Ό
ή“,•”•i‚Λ‚η‚Ά,¬ι,‰GRπ”Τ,131121,“‹“s,Ά“c’J‹ζ,–k‰GR‚P’–Ϊ,2018-03-25,17,‚»‚Μ‘Ό‚ΜZ‘ξi‚RK‚ΔΘ‰Ί‹¤“―Z‘ξ“™j,‚»‚Μ‘Ό
ή“,•”•i‚Λ‚η‚Ά,¬ι,‰GRπ”Τ,131121,“‹“s,Ά“c’J‹ζ,“μ‰GR‚P’–Ϊ,2018-04-02,22,‚SK‚ΔΘγ‹¤“―Z‘ξ,‚»‚Μ‘Ό
ή“,•”•i‚Λ‚η‚Ά,¬ι,‰GRπ”Τ,131121,“‹“s,Ά“c’J‹ζ,“μ‰GR‚P’–Ϊ,2018-12-17,18,‚»‚Μ‘Ό‚ΜZ‘ξi‚RK‚ΔΘ‰Ί‹¤“―Z‘ξ“™j,‚»‚Μ‘Ό
ή“,•”•i‚Λ‚η‚Ά,¬ι,‰GRπ”Τ,131121,“‹“s,Ά“c’J‹ζ,“μ‰GR‚Q’–Ϊ,2018-04-08,17,‚SK‚ΔΘγ‹¤“―Z‘ξ,‚»‚Μ‘Ό
ή“,•”•i‚Λ‚η‚Ά,¬ι,‰GRπ”Τ,131121,“‹“s,Ά“c’J‹ζ,“μ‰GR‚T’–Ϊ,2018-02-07,08,’“Τi—Φjκ,‚»‚Μ‘Ό
ή“,•”•i‚Λ‚η‚Ά,¬ι,‰GRπ”Τ,131121,“‹“s,Ά“c’J‹ζ,“μ‰GR‚T’–Ϊ,2018-10-06,11,‚»‚Μ‘Ό‚ΜZ‘ξi‚RK‚ΔΘ‰Ί‹¤“―Z‘ξ“™j,ƒiƒ“ƒo[ƒvƒ[ƒg
ή“,•”•i‚Λ‚η‚Ά,¬ι,‰GRπ”Τ,131121,“‹“s,Ά“c’J‹ζ,“μ‰GR‚T’–Ϊ,2018-12-18,13,‚»‚Μ‘Ό‚ΜZ‘ξi‚RK‚ΔΘ‰Ί‹¤“―Z‘ξ“™j,ƒiƒ“ƒo[ƒvƒ[ƒg
ή“,•”•i‚Λ‚η‚Ά,¬ι,‰GRπ”Τ,131121,“‹“s,Ά“c’J‹ζ,“μ‰GR‚U’–Ϊ,2018-11-27,06,’“Τi—Φjκ,‚»‚Μ‘Ό
ή“,•”•i‚Λ‚η‚Ά,¬ι,γ–k‘ς‰w‘Oπ”Τ,131121,“‹“s,Ά“c’J‹ζ,γ–k‘ς‚R’–Ϊ,2018-02-14,13,κΛZ‘ξ,ƒiƒ“ƒo[ƒvƒ[ƒg
ή“,•”•i‚Λ‚η‚Ά,¬ι,ηΞ‘D‹΄‰w‘Oπ”Τ,131121,“‹“s,Ά“c’J‹ζ,‹m‚Q’–Ϊ,2018-12-20,22,‚»‚Μ‘Ό‚ΜZ‘ξi‚RK‚ΔΘ‰Ί‹¤“―Z‘ξ“™j,‚»‚Μ‘Ό
ή“,•”•i‚Λ‚η‚Ά,¬ι,ηΞ‘D‹΄‰w‘Oπ”Τ,131121,“‹“s,Ά“c’J‹ζ,‘D‹΄‚P’–Ϊ,2017-10-21,•s–Ύ,“ΉHγ,ƒiƒ“ƒo[ƒvƒ[ƒg
ή“,•”•i‚Λ‚η‚Ά,¬ι,‘ε‘ “ρ’–Ϊπ”Τ,131121,“‹“s,Ά“c’J‹ζ,‹m‚R’–Ϊ,2018-01-12,00,’“Τi—Φjκ,‚»‚Μ‘Ό
ή“,•”•i‚Λ‚η‚Ά,¬ι,‘ε‘ “ρ’–Ϊπ”Τ,131121,“‹“s,Ά“c’J‹ζ,‹m‚R’–Ϊ,2018-01-15,13,“ΉHγ,‚»‚Μ‘Ό
ή“,•”•i‚Λ‚η‚Ά,¬ι,μ‘½©’“έ,131121,“‹“s,Ά“c’J‹ζ,μ‘½©‚P’–Ϊ,2018-06-07,05,“ΉHγ,ƒiƒ“ƒo[ƒvƒ[ƒg
ή“,•”•i‚Λ‚η‚Ά,¬ι,μ‘½©’“έ,131121,“‹“s,Ά“c’J‹ζ,μ‘½©‚Q’–Ϊ,2018-05-13,20,‚»‚Μ‘Ό‚ΜZ‘ξi‚RK‚ΔΘ‰Ί‹¤“―Z‘ξ“™j,‚»‚Μ‘Ό
ή“,•”•i‚Λ‚η‚Ά,¬ι,μ‘½©’“έ,131121,“‹“s,Ά“c’J‹ζ,μ‘½©‚S’–Ϊ,2018-05-10,•s–Ύ,’“Τi—Φjκ,ƒiƒ“ƒo[ƒvƒ[ƒg
ή“,•”•i‚Λ‚η‚Ά,¬ι,–k‰GR’“έ,131121,“‹“s,Ά“c’J‹ζ,–k‰GR‚V’–Ϊ,2018-03-11,16,’“Τi—Φjκ,ƒiƒ“ƒo[ƒvƒ[ƒg
ή“,•”•i‚Λ‚η‚Ά,¬ι,Ό—t’Κ’“έ,131121,“‹“s,Ά“c’J‹ζ,–k‰GR‚P’–Ϊ,2018-02-03,19,κΛZ‘ξ,‚»‚Μ‘Ό
ή“,•”•i‚Λ‚η‚Ά,¬ι,Ό—t’Κ’“έ,131121,“‹“s,Ά“c’J‹ζ,–k‰GR‚Q’–Ϊ,2018-04-06,21,‚SK‚ΔΘγ‹¤“―Z‘ξ,‚»‚Μ‘Ό
ή“,•”•i‚Λ‚η‚Ά,¬ι,χγ…π”Τ,131121,“‹“s,Ά“c’J‹ζ,γ–k‘ς‚P’–Ϊ,2018-01-28,22,’“Τi—Φjκ,ƒiƒ“ƒo[ƒvƒ[ƒg
ή“,•”•i‚Λ‚η‚Ά,¬ι,‘D‹΄π”Τ,131121,“‹“s,Ά“c’J‹ζ,”ª”¦R‚P’–Ϊ,2018-05-27,13,κΛZ‘ξ,‚»‚Μ‘Ό
ή“,•”•i‚Λ‚η‚Ά,¬ι,‘D‹΄π”Τ,131121,“‹“s,Ά“c’J‹ζ,‘D‹΄‚U’–Ϊ,2018-01-19,20,“ΉHγ,‚»‚Μ‘Ό
ή“,•”•i‚Λ‚η‚Ά,¬ι,‘D‹΄π”Τ,131121,“‹“s,Ά“c’J‹ζ,‘D‹΄‚U’–Ϊ,2018-07-05,16,‚SK‚ΔΘγ‹¤“―Z‘ξ,‚»‚Μ‘Ό
ή“,•”•i‚Λ‚η‚Ά,¬ι,‘D‹΄π”Τ,131121,“‹“s,Ά“c’J‹ζ,‘D‹΄‚U’–Ϊ,2018-09-30,15,“ΉHγ,‚»‚Μ‘Ό
ή“,•”•i‚Λ‚η‚Ά,¬ι,‘D‹΄π”Τ,131121,“‹“s,Ά“c’J‹ζ,‘D‹΄‚V’–Ϊ,2018-02-01,08,‚SK‚ΔΘγ‹¤“―Z‘ξ,‚»‚Μ‘Ό
ή“,•”•i‚Λ‚η‚Ά,¬ι,‘D‹΄π”Τ,131121,“‹“s,Ά“c’J‹ζ,‘D‹΄‚V’–Ϊ,2018-07-29,20,‚SK‚ΔΘγ‹¤“―Z‘ξ,‚»‚Μ‘Ό
ή“,•”•i‚Λ‚η‚Ά,–Ϊ•,‰Ί–Ϊ•π”Τ,131105,“‹“s,–Ϊ•‹ζ,‰Ί–Ϊ•‚R’–Ϊ,2018-12-06,17,‚SK‚ΔΘγ‹¤“―Z‘ξ,‚»‚Μ‘Ό
ή“,•”•i‚Λ‚η‚Ά,–Ϊ•,‰Ί–Ϊ•π”Τ,131105,“‹“s,–Ϊ•‹ζ,–Ϊ•‚Q’–Ϊ,2018-01-13,11,“ΉHγ,‚»‚Μ‘Ό
ή“,•”•i‚Λ‚η‚Ά,–Ϊ•,–ϋ–Κπ”Τ,131105,“‹“s,–Ϊ•‹ζ,‰Ί–Ϊ•‚U’–Ϊ,2018-05-10,20,‚»‚Μ‘Ό‚ΜZ‘ξi‚RK‚ΔΘ‰Ί‹¤“―Z‘ξ“™j,‚»‚Μ‘Ό
ή“,•”•i‚Λ‚η‚Ά,–Ϊ•,–ϋ–Κπ”Τ,131105,“‹“s,–Ϊ•‹ζ,’†’¬‚P’–Ϊ,2018-11-28,22,’“Τi—Φjκ,‚»‚Μ‘Ό
ή“,•”•i‚Λ‚η‚Ά,–Ϊ•,–ϋ–Κπ”Τ,131105,“‹“s,–Ϊ•‹ζ,’†–Ϊ•‚S’–Ϊ,2018-12-19,17,κΛZ‘ξ,‚»‚Μ‘Ό
ή“,•”•i‚Λ‚η‚Ά,–Ϊ•,—S“V›‰w‘Oπ”Τ,131105,“‹“s,–Ϊ•‹ζ,’†’¬‚Q’–Ϊ,2018-01-11,17,‚»‚Μ‘Ό‚ΜZ‘ξi‚RK‚ΔΘ‰Ί‹¤“―Z‘ξ“™j,‚»‚Μ‘Ό
ή“,•”•i‚Λ‚η‚Ά,–Ϊ•,—S“V›‰w‘Oπ”Τ,131105,“‹“s,–Ϊ•‹ζ,’†’¬‚Q’–Ϊ,2018-08-02,18,‚»‚Μ‘Ό,‚»‚Μ‘Ό
ή“,•”•i‚Λ‚η‚Ά,–Ϊ•,—S“V›‰w‘Oπ”Τ,131105,“‹“s,–Ϊ•‹ζ,—S“V›‚P’–Ϊ,2018-12-19,18,κΛZ‘ξ,‚»‚Μ‘Ό
ή“,•”•i‚Λ‚η‚Ά,–Ϊ•,—S“V›‰w‘Oπ”Τ,131105,“‹“s,–Ϊ•‹ζ,—S“V›‚Q’–Ϊ,2018-12-23,15,“ΉHγ,‚»‚Μ‘Ό
ή“,•”•i‚Λ‚η‚Ά,–Ϊ•,—S“V›‰w‘Oπ”Τ,131105,“‹“s,–Ϊ•‹ζ,—S“V›‚Q’–Ϊ,2018-12-23,20,κΛZ‘ξ,‚»‚Μ‘Ό
ή“,•”•i‚Λ‚η‚Ά,–Ϊ•,’†–Ϊ•‰w‘Oπ”Τ,131105,“‹“s,–Ϊ•‹ζ,Β—t‘δ‚P’–Ϊ,2018-07-23,20,’“Τi—Φjκ,ƒiƒ“ƒo[ƒvƒ[ƒg
ή“,•”•i‚Λ‚η‚Ά,–Ϊ•,’†–Ϊ•‰w‘Oπ”Τ,131105,“‹“s,–Ϊ•‹ζ,γ–Ϊ•‚Q’–Ϊ,2017-12-14,09,’“Τi—Φjκ,ƒiƒ“ƒo[ƒvƒ[ƒg
ή“,•”•i‚Λ‚η‚Ά,–Ϊ•,’†–Ϊ•‰w‘Oπ”Τ,131105,“‹“s,–Ϊ•‹ζ,’†–Ϊ•‚T’–Ϊ,2018-10-31,10,‚»‚Μ‘Ό‚ΜZ‘ξi‚RK‚ΔΘ‰Ί‹¤“―Z‘ξ“™j,ƒ^ƒCƒ„EƒzƒC[ƒ‹
ή“,•”•i‚Λ‚η‚Ά,–Ϊ•,‘ε‹΄π”Τ,131105,“‹“s,–Ϊ•‹ζ,‘ε‹΄‚Q’–Ϊ,2018-02-09,19,“ΉHγ,‚»‚Μ‘Ό
ή“,•”•i‚Λ‚η‚Ά,–Ϊ•,‘ε‹΄π”Τ,131105,“‹“s,–Ϊ•‹ζ,‹ξκ‚R’–Ϊ,2018-04-09,12,’“Τi—Φjκ,‚»‚Μ‘Ό
ή“,•”•i‚Λ‚η‚Ά,”θ•¶’J,`‚Μ–Ψβπ”Τ,131105,“‹“s,–Ϊ•‹ζ,“‚ª‹u‚Q’–Ϊ,2018-01-10,19,κΛZ‘ξ,ƒ^ƒCƒ„EƒzƒC[ƒ‹
ή“,•”•i‚Λ‚η‚Ά,”θ•¶’J,`‚Μ–Ψβπ”Τ,131105,“‹“s,–Ϊ•‹ζ,“‚ª‹u‚Q’–Ϊ,2018-09-25,03,‚SK‚ΔΘγ‹¤“―Z‘ξ,‚»‚Μ‘Ό
ή“,•”•i‚Λ‚η‚Ά,”θ•¶’J,“s—§‘εw‰w‘Oπ”Τ,131105,“‹“s,–Ϊ•‹ζ,”ª‰_‚Q’–Ϊ,2018-08-23,19,κΛZ‘ξ,‚»‚Μ‘Ό
ή“,•”•i‚Λ‚η‚Ά,”θ•¶’J,©—R‚ª‹uπ”Τ,131105,“‹“s,–Ϊ•‹ζ,”ª‰_‚S’–Ϊ,2018-04-14,13,‚»‚Μ‘Ό‚ΜZ‘ξi‚RK‚ΔΘ‰Ί‹¤“―Z‘ξ“™j,ƒiƒ“ƒo[ƒvƒ[ƒg
ή“,•”•i‚Λ‚η‚Ά,”θ•¶’J,΄’¬π”Τ,131105,“‹“s,–Ϊ•‹ζ,΄’¬‚Q’–Ϊ,2018-05-20,18,κΛZ‘ξ,‚»‚Μ‘Ό
ή“,•”•i‚Λ‚η‚Ά,”θ•¶’J,–{’¬“ρ’–Ϊπ”Τ,131105,“‹“s,–Ϊ•‹ζ,–Ϊ•–{’¬‚P’–Ϊ,2018-06-30,10,κΛZ‘ξ,ƒiƒ“ƒo[ƒvƒ[ƒg
ή“,•”•i‚Λ‚η‚Ά,”θ•¶’J,–{’¬“ρ’–Ϊπ”Τ,131105,“‹“s,–Ϊ•‹ζ,–Ϊ•–{’¬‚T’–Ϊ,2018-05-04,16,κΛZ‘ξ,‚»‚Μ‘Ό
ή“,•”•i‚Λ‚η‚Ά,”θ•¶’J,w|‘εw‰w‘Oπ”Τ,131105,“‹“s,–Ϊ•‹ζ,‘ι”Τ‚Q’–Ϊ,2018-09-03,18,‚»‚Μ‘Ό‚ΜZ‘ξi‚RK‚ΔΘ‰Ί‹¤“―Z‘ξ“™j,‚»‚Μ‘Ό
ή“,•”•i‚Λ‚η‚Ά,”θ•¶’J,w|‘εw‰w‘Oπ”Τ,131105,“‹“s,–Ϊ•‹ζ,‘ι”Τ‚R’–Ϊ,2018-08-13,16,’“Τi—Φjκ,‚»‚Μ‘Ό
ή“,•”•i‚Λ‚η‚Ά,”θ•¶’J,w|‘εw‰w‘Oπ”Τ,131105,“‹“s,–Ϊ•‹ζ,”θ•¶’J‚S’–Ϊ,2018-10-03,15,‚»‚Μ‘Ό,‚»‚Μ‘Ό
ή“,•”•i‚Λ‚η‚Ά,”θ•¶’J,“‚ª‹u’“έ,131105,“‹“s,–Ϊ•‹ζ,“‚ª‹u‚P’–Ϊ,2018-05-24,15,‚SK‚ΔΘγ‹¤“―Z‘ξ,‚»‚Μ‘Ό
ή“,•”•i‚Λ‚η‚Ά,a’J,a’J‰w‘Oπ”Τ,131130,“‹“s,a’J‹ζ,χ‹u’¬,2018-12-09,11,’“Τi—Φjκ,ƒiƒ“ƒo[ƒvƒ[ƒg
ή“,•”•i‚Λ‚η‚Ά,a’J,‰F“cμπ”Τ,131130,“‹“s,a’J‹ζ,‰F“cμ’¬,2018-06-21,07,’“Τi—Φjκ,‚»‚Μ‘Ό
ή“,•”•i‚Λ‚η‚Ά,a’J,‰F“cμπ”Τ,131130,“‹“s,a’J‹ζ,‰F“cμ’¬,2018-12-17,12,“ΉHγ,ƒiƒ“ƒo[ƒvƒ[ƒg
ή“,•”•i‚Λ‚η‚Ά,a’J,‰F“cμπ”Τ,131130,“‹“s,a’J‹ζ,_R’¬,2018-10-26,18,‚SK‚ΔΘγ‹¤“―Z‘ξ,‚»‚Μ‘Ό
ή“,•”•i‚Λ‚η‚Ά,a’J,b”δυ‰w‘Oπ”Τ,131130,“‹“s,a’J‹ζ,b”δυΌ‚P’–Ϊ,2018-02-20,00,’“Τi—Φjκ,‚»‚Μ‘Ό
ή“,•”•i‚Λ‚η‚Ά,a’J,b”δυ‰w‘Oπ”Τ,131130,“‹“s,a’J‹ζ,b”δυΌ‚Q’–Ϊ,2018-10-16,00,“ΉHγ,‚»‚Μ‘Ό
ή“,•”•i‚Λ‚η‚Ά,a’J,b”δυ‰w‘Oπ”Τ,131130,“‹“s,a’J‹ζ,b”δυΌ‚Q’–Ϊ,2018-12-01,22,‚»‚Μ‘Ό‚ΜZ‘ξi‚RK‚ΔΘ‰Ί‹¤“―Z‘ξ“™j,‚»‚Μ‘Ό
ή“,•”•i‚Λ‚η‚Ά,a’J,b”δυ‰w‘Oπ”Τ,131130,“‹“s,a’J‹ζ,b”δυΌ‚Q’–Ϊ,2018-12-02,19,‚SK‚ΔΘγ‹¤“―Z‘ξ,‚»‚Μ‘Ό
ή“,•”•i‚Λ‚η‚Ά,a’J,b”δυ‰w‘Oπ”Τ,131130,“‹“s,a’J‹ζ,b”δυΌ‚Q’–Ϊ,2018-12-03,03,‚SK‚ΔΘγ‹¤“―Z‘ξ,‚»‚Μ‘Ό
ή“,•”•i‚Λ‚η‚Ά,a’J,L”φά’–Ϊπ”Τ,131130,“‹“s,a’J‹ζ,L”φ‚T’–Ϊ,2018-10-19,17,“ΉHγ,‚»‚Μ‘Ό
ή“,•”•i‚Λ‚η‚Ά,a’J,”«Rπ”Τ,131130,“‹“s,a’J‹ζ,χ‹u’¬,2018-10-15,06,‚»‚Μ‘Ό‚ΜZ‘ξi‚RK‚ΔΘ‰Ί‹¤“―Z‘ξ“™j,ƒ^ƒCƒ„EƒzƒC[ƒ‹
ή“,•”•i‚Λ‚η‚Ά,a’J,b”δυl’–Ϊπ”Τ,131130,“‹“s,a’J‹ζ,b”δυ‚S’–Ϊ,2018-04-01,11,’“Τi—Φjκ,‚»‚Μ‘Ό
ή“,•”•i‚Λ‚η‚Ά,a’J,”ό’|π”Τ,131130,“‹“s,a’J‹ζ,a’J‚P’–Ϊ,2018-05-23,12,‚SK‚ΔΘγ‹¤“―Z‘ξ,ƒiƒ“ƒo[ƒvƒ[ƒg
ή“,•”•i‚Λ‚η‚Ά,΄h,‘γX–Ψ‰w‘Oπ”Τ,131130,“‹“s,a’J‹ζ,η‘Κƒ–’J‚S’–Ϊ,2018-12-03,10,‚SK‚ΔΘγ‹¤“―Z‘ξ,‚»‚Μ‘Ό
ή“,•”•i‚Λ‚η‚Ά,΄h,‘γX–Ψ“ρ’–Ϊπ”Τ,131130,“‹“s,a’J‹ζ,‘γX–Ψ‚Q’–Ϊ,2018-07-05,18,‚»‚Μ‘Ό,ƒiƒ“ƒo[ƒvƒ[ƒg
ή“,•”•i‚Λ‚η‚Ά,΄h,‘γX–Ψ“ρ’–Ϊπ”Τ,131130,“‹“s,a’J‹ζ,‘γX–Ψ‚Q’–Ϊ,2018-07-06,07,‚»‚Μ‘Ό,ƒiƒ“ƒo[ƒvƒ[ƒg
ή“,•”•i‚Λ‚η‚Ά,΄h,‘γX–Ψ“ρ’–Ϊπ”Τ,131130,“‹“s,a’J‹ζ,‘γX–Ψ‚Q’–Ϊ,2018-09-11,09,“ΉHγ,ƒiƒ“ƒo[ƒvƒ[ƒg
ή“,•”•i‚Λ‚η‚Ά,΄h,η‘ΚƒP’J‰w‘Oπ”Τ,131130,“‹“s,a’J‹ζ,_‹{‘O‚Q’–Ϊ,2018-08-27,18,‚»‚Μ‘Ό,ƒiƒ“ƒo[ƒvƒ[ƒg
ή“,•”•i‚Λ‚η‚Ά,΄h,_‹{‘Oπ”Τ,131130,“‹“s,a’J‹ζ,_‹{‘O‚S’–Ϊ,2018-01-29,17,‚»‚Μ‘Ό,‚»‚Μ‘Ό
ή“,•”•i‚Λ‚η‚Ά,΄h,_‹{‘Oπ”Τ,131130,“‹“s,a’J‹ζ,_‹{‘O‚S’–Ϊ,2018-10-15,08,’“Τi—Φjκ,‚»‚Μ‘Ό
ή“,•”•i‚Λ‚η‚Ά,‘γX–Ψ,‰‘δ‰w‘Oπ”Τ,131130,“‹“s,a’J‹ζ,–{’¬‚P’–Ϊ,2018-12-08,14,’“Τi—Φjκ,ƒiƒ“ƒo[ƒvƒ[ƒg
ή“,•”•i‚Λ‚η‚Ά,‘γX–Ψ,‰‘δ‰w‘Oπ”Τ,131130,“‹“s,a’J‹ζ,‘γX–Ψ‚R’–Ϊ,2018-02-15,00,κΛZ‘ξ,ƒiƒ“ƒo[ƒvƒ[ƒg
ή“,•”•i‚Λ‚η‚Ά,‘γX–Ψ,‰‘δ‰w‘Oπ”Τ,131130,“‹“s,a’J‹ζ,‘γX–Ψ‚S’–Ϊ,2018-03-28,22,“ΉHγ,ƒiƒ“ƒo[ƒvƒ[ƒg
ή“,•”•i‚Λ‚η‚Ά,‘γX–Ψ,‰‘δ‰w‘Oπ”Τ,131130,“‹“s,a’J‹ζ,‘γX–Ψ‚S’–Ϊ,2018-04-27,00,’“Τi—Φjκ,ƒiƒ“ƒo[ƒvƒ[ƒg
ή“,•”•i‚Λ‚η‚Ά,‘γX–Ψ,΄…‹΄π”Τ,131130,“‹“s,a’J‹ζ,–{’¬‚R’–Ϊ,2018-05-29,05,“ΉHγ,‚»‚Μ‘Ό
ή“,•”•i‚Λ‚η‚Ά,‘γX–Ψ,•s“®‘Oπ”Τ,131130,“‹“s,a’J‹ζ,–{’¬‚T’–Ϊ,2018-07-23,19,κΛZ‘ξ,‚»‚Μ‘Ό
ή“,•”•i‚Λ‚η‚Ά,‘γX–Ψ,•s“®‘Oπ”Τ,131130,“‹“s,a’J‹ζ,–{’¬‚T’–Ϊ,2018-08-24,03,“ΉHγ,‚»‚Μ‘Ό
ή“,•”•i‚Λ‚η‚Ά,‘γX–Ψ,•s“®‘Oπ”Τ,131130,“‹“s,a’J‹ζ,–{’¬‚T’–Ϊ,2018-10-05,09,’“Τi—Φjκ,ƒiƒ“ƒo[ƒvƒ[ƒg
ή“,•”•i‚Λ‚η‚Ά,‘γX–Ψ,•s“®‘Oπ”Τ,131130,“‹“s,a’J‹ζ,–{’¬‚U’–Ϊ,2018-02-28,19,‚SK‚ΔΘγ‹¤“―Z‘ξ,‚»‚Μ‘Ό
ή“,•”•i‚Λ‚η‚Ά,‘γX–Ψ,•s“®‘Oπ”Τ,131130,“‹“s,a’J‹ζ,–{’¬‚U’–Ϊ,2018-08-10,23,‚»‚Μ‘Ό‚ΜZ‘ξi‚RK‚ΔΘ‰Ί‹¤“―Z‘ξ“™j,‚»‚Μ‘Ό
ή“,•”•i‚Λ‚η‚Ά,‘γX–Ψ,ω’Λπ”Τ,131130,“‹“s,a’J‹ζ,ω’Λ‚P’–Ϊ,2018-10-20,12,’“Τi—Φjκ,‚»‚Μ‘Ό
ή“,•”•i‚Λ‚η‚Ά,‘γX–Ψ,ω’Λπ”Τ,131130,“‹“s,a’J‹ζ,ω’Λ‚Q’–Ϊ,2018-05-16,17,‚SK‚ΔΘγ‹¤“―Z‘ξ,‚»‚Μ‘Ό
ή“,•”•i‚Λ‚η‚Ά,‘γX–Ψ,‘γX–Ψγ΄‰w‘Oπ”Τ,131130,“‹“s,a’J‹ζ,Ό΄‚P’–Ϊ,2018-06-03,11,’“Τi—Φjκ,‚»‚Μ‘Ό
ή“,•”•i‚Λ‚η‚Ά,‘γX–Ψ,‰‘δ“ρ’–Ϊπ”Τ,131130,“‹“s,a’J‹ζ,³‘γX–Ψ’¬,2018-04-07,19,‚SK‚ΔΘγ‹¤“―Z‘ξ,‚»‚Μ‘Ό
ή“,•”•i‚Λ‚η‚Ά,‹,–φ’¬π”Τ,131041,“‹“s,Vh‹ζ,s’J–ς‰¤›’¬,2018-05-12,00,‚SK‚ΔΘγ‹¤“―Z‘ξ,ƒiƒ“ƒo[ƒvƒ[ƒg
ή“,•”•i‚Λ‚η‚Ά,‹,‰Ν“c’¬π”Τ,131041,“‹“s,Vh‹ζ,αΌ’¬,2018-02-16,20,‚SK‚ΔΘγ‹¤“―Z‘ξ,ƒiƒ“ƒo[ƒvƒ[ƒg
ή“,•”•i‚Λ‚η‚Ά,‹,_yβγπ”Τ,131041,“‹“s,Vh‹ζ,•¥•ϋ’¬,2017-12-11,•s–Ύ,’“Τi—Φjκ,‚»‚Μ‘Ό
ή“,•”•i‚Λ‚η‚Ά,‹,”ª”¦‘Oπ”Τ,131041,“‹“s,Vh‹ζ,s’J’‡”V’¬,2018-07-09,18,‚SK‚ΔΘγ‹¤“―Z‘ξ,‚»‚Μ‘Ό
ή“,•”•i‚Λ‚η‚Ά,Vh,F–μ_Π‘Oπ”Τ,131041,“‹“s,Vh‹ζ,ΌVh‚S’–Ϊ,2018-05-05,13,κΛZ‘ξ,ƒiƒ“ƒo[ƒvƒ[ƒg
ή“,•”•i‚Λ‚η‚Ά,Vh,F–μ_Π‘Oπ”Τ,131041,“‹“s,Vh‹ζ,ΌVh‚S’–Ϊ,2018-05-30,10,“ΉHγ,ƒiƒ“ƒo[ƒvƒ[ƒg
ή“,•”•i‚Λ‚η‚Ά,Vh,F–μ_Π‘Oπ”Τ,131041,“‹“s,Vh‹ζ,ΌVh‚S’–Ϊ,2018-10-06,22,‚SK‚ΔΘγ‹¤“―Z‘ξ,ƒiƒ“ƒo[ƒvƒ[ƒg
ή“,•”•i‚Λ‚η‚Ά,Vh,¬qβπ”Τ,131041,“‹“s,Vh‹ζ,ΌVh‚V’–Ϊ,2018-09-20,15,‚»‚Μ‘Ό,ƒiƒ“ƒo[ƒvƒ[ƒg
ή“,•”•i‚Λ‚η‚Ά,Vh,¬qβπ”Τ,131041,“‹“s,Vh‹ζ,ΌVh‚W’–Ϊ,2018-09-17,09,’“Τi—Φjκ,ƒiƒ“ƒo[ƒvƒ[ƒg
ή“,•”•i‚Λ‚η‚Ά,Vh,–kVhκ’–Ϊπ”Τ,131041,“‹“s,Vh‹ζ,–kVh‚P’–Ϊ,2018-08-17,16,‚SK‚ΔΘγ‹¤“―Z‘ξ,‚»‚Μ‘Ό
ή“,•”•i‚Λ‚η‚Ά,Vh,–kVhκ’–Ϊπ”Τ,131041,“‹“s,Vh‹ζ,–kVh‚Q’–Ϊ,2018-02-26,09,“ΉHγ,ƒiƒ“ƒo[ƒvƒ[ƒg
ή“,•”•i‚Λ‚η‚Ά,Vh,—„‹΄sκ‘Oπ”Τ,131041,“‹“s,Vh‹ζ,–kVh‚R’–Ϊ,2018-11-13,04,“ΉHγ,ƒiƒ“ƒo[ƒvƒ[ƒg
ή“,•”•i‚Λ‚η‚Ά,Vh,—„‹΄sκ‘Oπ”Τ,131041,“‹“s,Vh‹ζ,•Sl’¬‚R’–Ϊ,2018-12-13,16,‚SK‚ΔΘγ‹¤“―Z‘ξ,‚»‚Μ‘Ό
ή“,•”•i‚Λ‚η‚Ά,Vh,•Sl’¬π”Τ,131041,“‹“s,Vh‹ζ,•Sl’¬‚Q’–Ϊ,2018-06-30,14,’“Τi—Φjκ,‚»‚Μ‘Ό
ή“,•”•i‚Λ‚η‚Ά,Vh,•Sl’¬π”Τ,131041,“‹“s,Vh‹ζ,•Sl’¬‚Q’–Ϊ,2018-07-23,21,‚SK‚ΔΘγ‹¤“―Z‘ξ,‚»‚Μ‘Ό
ή“,•”•i‚Λ‚η‚Ά,Vh,•Sl’¬π”Τ,131041,“‹“s,Vh‹ζ,•Sl’¬‚Q’–Ϊ,2018-10-14,18,“ΉHγ,‚»‚Μ‘Ό
ή“,•”•i‚Λ‚η‚Ά,Vh,‘ε‹v•Ϋπ”Τ,131041,“‹“s,Vh‹ζ,‘ε‹v•Ϋ‚P’–Ϊ,2018-05-29,11,‚SK‚ΔΘγ‹¤“―Z‘ξ,ƒiƒ“ƒo[ƒvƒ[ƒg
ή“,•”•i‚Λ‚η‚Ά,Vh,‘ε‹v•Ϋπ”Τ,131041,“‹“s,Vh‹ζ,‘ε‹v•Ϋ‚Q’–Ϊ,2018-10-06,23,“ΉHγ,ƒiƒ“ƒo[ƒvƒ[ƒg
ή“,•”•i‚Λ‚η‚Ά,Vh,VhZ’–Ϊπ”Τ,131041,“‹“s,Vh‹ζ,Vh‚U’–Ϊ,2018-06-04,19,“ΉHγ,‚»‚Μ‘Ό
ή“,•”•i‚Λ‚η‚Ά,Vh,VhZ’–Ϊπ”Τ,131041,“‹“s,Vh‹ζ,Vh‚U’–Ϊ,2018-07-20,20,“ΉHγ,ƒiƒ“ƒo[ƒvƒ[ƒg
ή“,•”•i‚Λ‚η‚Ά,Vh,‰Μ•‘κ’¬π”Τ,131041,“‹“s,Vh‹ζ,‰Μ•‘κ’¬‚P’–Ϊ,2018-07-30,19,“ΉHγ,‚»‚Μ‘Ό
ή“,•”•i‚Λ‚η‚Ά,Vh,‰Μ•‘κ’¬π”Τ,131041,“‹“s,Vh‹ζ,‰Μ•‘κ’¬‚Q’–Ϊ,2018-01-17,19,“ΉHγ,ƒiƒ“ƒo[ƒvƒ[ƒg
ή“,•”•i‚Λ‚η‚Ά,Vh,‰Μ•‘κ’¬π”Τ,131041,“‹“s,Vh‹ζ,‰Μ•‘κ’¬‚Q’–Ϊ,2018-01-27,23,“ΉHγ,‚»‚Μ‘Ό
ή“,•”•i‚Λ‚η‚Ά,Vh,‰Μ•‘κ’¬π”Τ,131041,“‹“s,Vh‹ζ,‰Μ•‘κ’¬‚Q’–Ϊ,2018-10-12,07,‚»‚Μ‘Ό,‚»‚Μ‘Ό
ή“,•”•i‚Λ‚η‚Ά,Vh,Vh‰w“ϋπ”Τ,131041,“‹“s,Vh‹ζ,Vh‚R’–Ϊ,2018-05-16,06,‚»‚Μ‘Ό,‚»‚Μ‘Ό
ή“,•”•i‚Λ‚η‚Ά,Λ’Λ,Λ’Λκ’–Ϊπ”Τ,131041,“‹“s,Vh‹ζ,Ό‘ξ“c‚Q’–Ϊ,2018-05-31,21,‚SK‚ΔΘγ‹¤“―Z‘ξ,‚»‚Μ‘Ό
ή“,•”•i‚Λ‚η‚Ά,Λ’Λ,‚“c”nκ‰w‘Oπ”Τ,131041,“‹“s,Vh‹ζ,‚“c”nκ‚R’–Ϊ,2018-08-04,22,“ΉHγ,ƒiƒ“ƒo[ƒvƒ[ƒg
ή“,•”•i‚Λ‚η‚Ά,Λ’Λ,‚“c”nκ‰w‘Oπ”Τ,131041,“‹“s,Vh‹ζ,‚“c”nκ‚R’–Ϊ,2018-12-27,18,“ΉHγ,ƒ^ƒCƒ„EƒzƒC[ƒ‹
ή“,•”•i‚Λ‚η‚Ά,Λ’Λ,‚“c”nκ‰w‘Oπ”Τ,131041,“‹“s,Vh‹ζ,‚“c”nκ‚S’–Ϊ,2018-04-30,17,’“Τi—Φjκ,‚»‚Μ‘Ό
ή“,•”•i‚Λ‚η‚Ά,Λ’Λ,‰Ί—‡‰w‘Oπ”Τ,131041,“‹“s,Vh‹ζ,’†—‡‚Q’–Ϊ,2018-08-23,22,‚»‚Μ‘Ό‚ΜZ‘ξi‚RK‚ΔΘ‰Ί‹¤“―Z‘ξ“™j,‚»‚Μ‘Ό
ή“,•”•i‚Λ‚η‚Ά,Λ’Λ,γ—‡π”Τ,131041,“‹“s,Vh‹ζ,γ—‡‚Q’–Ϊ,2018-06-10,12,’“Τi—Φjκ,‚»‚Μ‘Ό
ή“,•”•i‚Λ‚η‚Ά,l’J,l’J©•π”Τ,131041,“‹“s,Vh‹ζ,l’J‚P’–Ϊ,2018-08-15,18,’“Τi—Φjκ,‚»‚Μ‘Ό
ή“,•”•i‚Λ‚η‚Ά,l’J,l’JO’–Ϊπ”Τ,131041,“‹“s,Vh‹ζ,‘ε‹’¬,2018-12-07,17,‚SK‚ΔΘγ‹¤“―Z‘ξ,‚»‚Μ‘Ό
ή“,•”•i‚Λ‚η‚Ά,l’J,l’JO’–Ϊπ”Τ,131041,“‹“s,Vh‹ζ,l’J‚S’–Ϊ,2018-06-22,10,“ΉHγ,‚»‚Μ‘Ό
ή“,•”•i‚Λ‚η‚Ά,l’J,M”Z’¬π”Τ,131041,“‹“s,Vh‹ζ,{‰κ’¬,2017-08-20,00,‚SK‚ΔΘγ‹¤“―Z‘ξ,ƒiƒ“ƒo[ƒvƒ[ƒg
ή“,•”•i‚Λ‚η‚Ά,l’J,M”Z’¬π”Τ,131041,“‹“s,Vh‹ζ,{‰κ’¬,2018-09-18,08,‚SK‚ΔΘγ‹¤“―Z‘ξ,‚»‚Μ‘Ό
ή“,•”•i‚Λ‚η‚Ά,’†–μ,,131075,“‹“s,–n“c‹ζ,‹T‘ς‚S’–Ϊ,2018-08-04,17,‚»‚Μ‘Ό,ƒiƒ“ƒo[ƒvƒ[ƒg
ή“,•”•i‚Λ‚η‚Ά,’†–μ,“’†–μ‰w‘Oπ”Τ,131148,“‹“s,’†–μ‹ζ,“’†–μ‚P’–Ϊ,2018-10-16,04,’“Τi—Φjκ,‚»‚Μ‘Ό
ή“,•”•i‚Λ‚η‚Ά,’†–μ,’†–μ‰w‘Oπ”Τ,131148,“‹“s,’†–μ‹ζ,’†–μ‚S’–Ϊ,2018-11-01,07,’“Τi—Φjκ,‚»‚Μ‘Ό
ή“,•”•i‚Λ‚η‚Ά,’†–μ,’†–μ‰w‘Oπ”Τ,131148,“‹“s,’†–μ‹ζ,’†–μ‚T’–Ϊ,2018-06-05,12,’“Τi—Φjκ,‚»‚Μ‘Ό
ή“,•”•i‚Λ‚η‚Ά,’†–μ,’†–μ‰w‘Oπ”Τ,131148,“‹“s,’†–μ‹ζ,’†–μ‚T’–Ϊ,2018-08-01,20,’“Τi—Φjκ,ƒiƒ“ƒo[ƒvƒ[ƒg
ή“,•”•i‚Λ‚η‚Ά,’†–μ,’†–μ‰w‘Oπ”Τ,131148,“‹“s,’†–μ‹ζ,’†–μ‚T’–Ϊ,2018-12-20,20,“ΉHγ,‚»‚Μ‘Ό
ή“,•”•i‚Λ‚η‚Ά,’†–μ,“η‰®‰΅’π”Τ,131148,“‹“s,’†–μ‹ζ,’†‰›‚R’–Ϊ,2018-03-18,14,‚»‚Μ‘Ό,‚»‚Μ‘Ό
ή“,•”•i‚Λ‚η‚Ά,’†–μ,“μ‘δπ”Τ,131148,“‹“s,’†–μ‹ζ,“μ‘δ‚R’–Ϊ,2018-11-08,17,‚SK‚ΔΘγ‹¤“―Z‘ξ,‚»‚Μ‘Ό
ή“,•”•i‚Λ‚η‚Ά,’†–μ,“μ‘δπ”Τ,131148,“‹“s,’†–μ‹ζ,“μ‘δ‚T’–Ϊ,2018-07-04,18,κΛZ‘ξ,‚»‚Μ‘Ό
ή“,•”•i‚Λ‚η‚Ά,–μ•ϋ,–ςt‰w‘Oπ”Τ,131148,“‹“s,’†–μ‹ζ,Vδ‚T’–Ϊ,2018-03-20,20,’“Τi—Φjκ,‚»‚Μ‘Ό
ή“,•”•i‚Λ‚η‚Ά,–μ•ϋ,–ςt‰w‘Oπ”Τ,131148,“‹“s,’†–μ‹ζ,Ό‚ª‹u‚P’–Ϊ,2018-02-20,00,“ΉHγ,‚»‚Μ‘Ό
ή“,•”•i‚Λ‚η‚Ά,–μ•ϋ,γ‚“cπ”Τ,131148,“‹“s,’†–μ‹ζ,γ‚“c‚P’–Ϊ,2017-11-01,•s–Ύ,‚»‚Μ‘Ό‚ΜZ‘ξi‚RK‚ΔΘ‰Ί‹¤“―Z‘ξ“™j,ƒiƒ“ƒo[ƒvƒ[ƒg
ή“,•”•i‚Λ‚η‚Ά,–μ•ϋ,ΐ‘άπ”Τ,131148,“‹“s,’†–μ‹ζ,ΐ‘ά‚R’–Ϊ,2018-06-09,18,‚»‚Μ‘Ό‚ΜZ‘ξi‚RK‚ΔΘ‰Ί‹¤“―Z‘ξ“™j,‚»‚Μ‘Ό
ή“,•”•i‚Λ‚η‚Ά,–μ•ϋ,ΐ‘άπ”Τ,131148,“‹“s,’†–μ‹ζ,ΐ‘ά‚R’–Ϊ,2018-06-09,19,‚»‚Μ‘Ό‚ΜZ‘ξi‚RK‚ΔΘ‰Ί‹¤“―Z‘ξ“™j,‚»‚Μ‘Ό
ή“,•”•i‚Λ‚η‚Ά,–μ•ϋ,ΐ‘άπ”Τ,131148,“‹“s,’†–μ‹ζ,ΐ‘ά‚R’–Ϊ,2018-12-04,22,‚»‚Μ‘Ό‚ΜZ‘ξi‚RK‚ΔΘ‰Ί‹¤“―Z‘ξ“™j,‚»‚Μ‘Ό
ή“,•”•i‚Λ‚η‚Ά,–μ•ϋ,–μ•ϋ‰w‘Oπ”Τ,131148,“‹“s,’†–μ‹ζ,–μ•ϋ‚S’–Ϊ,2018-06-20,12,‚»‚Μ‘Ό,ƒiƒ“ƒo[ƒvƒ[ƒg
ή“,•”•i‚Λ‚η‚Ά,–μ•ϋ,–μ•ϋ‰w‘Oπ”Τ,131148,“‹“s,’†–μ‹ζ,–μ•ϋ‚U’–Ϊ,2018-06-22,05,‚»‚Μ‘Ό,‚»‚Μ‘Ό
ή“,•”•i‚Λ‚η‚Ά,–μ•ϋ,‰Ζ­’Κπ”Τ,131148,“‹“s,’†–μ‹ζ,λ‹{‚R’–Ϊ,2018-12-05,10,’“Τi—Φjκ,ƒiƒ“ƒo[ƒvƒ[ƒg
ή“,•”•i‚Λ‚η‚Ά,–μ•ϋ,λ‹{‰w‘Oπ”Τ,131148,“‹“s,’†–μ‹ζ,”’λ‚Q’–Ϊ,2018-04-22,22,‚»‚Μ‘Ό‚ΜZ‘ξi‚RK‚ΔΘ‰Ί‹¤“―Z‘ξ“™j,ƒiƒ“ƒo[ƒvƒ[ƒg
ή“,•”•i‚Λ‚η‚Ά,–μ•ϋ,α‹{π”Τ,131148,“‹“s,’†–μ‹ζ,‘εa’¬‚P’–Ϊ,2018-06-16,10,‚»‚Μ‘Ό‚ΜZ‘ξi‚RK‚ΔΘ‰Ί‹¤“―Z‘ξ“™j,‚»‚Μ‘Ό
ή“,•”•i‚Λ‚η‚Ά,™•ΐ,,,,,,2018-07-09,06,’“Τi—Φjκ,ƒiƒ“ƒo[ƒvƒ[ƒg
ή“,•”•i‚Λ‚η‚Ά,™•ΐ,V‚‰~›‰w‘Oπ”Τ,131156,“‹“s,™•ΐ‹ζ,‚‰~›“μ‚R’–Ϊ,2018-01-02,10,κΛZ‘ξ,ƒiƒ“ƒo[ƒvƒ[ƒg
ή“,•”•i‚Λ‚η‚Ά,™•ΐ,V‚‰~›‰w‘Oπ”Τ,131156,“‹“s,™•ΐ‹ζ,Όƒm–Ψ‚R’–Ϊ,2018-09-02,19,‚SK‚ΔΘγ‹¤“―Z‘ξ,‚»‚Μ‘Ό
ή“,•”•i‚Λ‚η‚Ά,™•ΐ,–xƒm“ΰπ”Τ,131156,“‹“s,™•ΐ‹ζ,–xƒm“ΰ‚Q’–Ϊ,2017-12-07,13,’“Τi—Φjκ,ƒiƒ“ƒo[ƒvƒ[ƒg
ή“,•”•i‚Λ‚η‚Ά,™•ΐ,–xƒm“ΰπ”Τ,131156,“‹“s,™•ΐ‹ζ,–xƒm“ΰ‚Q’–Ϊ,2018-06-19,15,‚»‚Μ‘Ό‚ΜZ‘ξi‚RK‚ΔΘ‰Ί‹¤“―Z‘ξ“™j,‚»‚Μ‘Ό
ή“,•”•i‚Λ‚η‚Ά,™•ΐ,‚‰~›π”Τ,131156,“‹“s,™•ΐ‹ζ,‚‰~›“μ‚P’–Ϊ,2018-07-11,09,’“Τi—Φjκ,‚»‚Μ‘Ό
ή“,•”•i‚Λ‚η‚Ά,™•ΐ,‚‰~›‰w‘Oπ”Τ,131156,“‹“s,™•ΐ‹ζ,‚‰~›–k‚Q’–Ϊ,2018-07-22,07,’“Τi—Φjκ,‚»‚Μ‘Ό
ή“,•”•i‚Λ‚η‚Ά,™•ΐ,‚‰~›‰w‘Oπ”Τ,131156,“‹“s,™•ΐ‹ζ,‚‰~›–k‚R’–Ϊ,2018-09-07,00,‚SK‚ΔΘγ‹¤“―Z‘ξ,‚»‚Μ‘Ό
ή“,•”•i‚Λ‚η‚Ά,™•ΐ,Ά²’J‰w‘Oπ”Τ,131156,“‹“s,™•ΐ‹ζ,Ά²’J–k‚Q’–Ϊ,2018-04-28,16,’“Τi—Φjκ,‚»‚Μ‘Ό
ή“,•”•i‚Λ‚η‚Ά,™•ΐ,Ά²’J‰w‘Oπ”Τ,131156,“‹“s,™•ΐ‹ζ,Ά²’J“μ‚Q’–Ϊ,2018-08-02,07,’“Τi—Φjκ,‚»‚Μ‘Ό
ή“,•”•i‚Λ‚η‚Ά,™•ΐ,Ά²’J‰w‘Oπ”Τ,131156,“‹“s,™•ΐ‹ζ,¬“c“‚T’–Ϊ,2018-05-17,00,‚SK‚ΔΘγ‹¤“―Z‘ξ,‚»‚Μ‘Ό
ή“,•”•i‚Λ‚η‚Ά,™•ΐ,¬“cπ”Τ,131156,“‹“s,™•ΐ‹ζ,¬“c“‚P’–Ϊ,2016-02-01,00,’“Τi—Φjκ,ƒiƒ“ƒo[ƒvƒ[ƒg
ή“,•”•i‚Λ‚η‚Ά,™•ΐ,¬“cπ”Τ,131156,“‹“s,™•ΐ‹ζ,¬“c“‚P’–Ϊ,2018-04-22,13,“ΉHγ,ƒiƒ“ƒo[ƒvƒ[ƒg
ή“,•”•i‚Λ‚η‚Ά,™•ΐ,¬“cΌ’“έ,131156,“‹“s,™•ΐ‹ζ,¬“cΌ‚P’–Ϊ,2018-06-09,12,‚»‚Μ‘Ό‚ΜZ‘ξi‚RK‚ΔΘ‰Ί‹¤“―Z‘ξ“™j,‚»‚Μ‘Ό
ή“,•”•i‚Λ‚η‚Ά,‚δΛ,ς“μπ”Τ,131156,“‹“s,™•ΐ‹ζ,•ϋ“μ‚P’–Ϊ,2018-03-11,22,’“Τi—Φjκ,‚»‚Μ‘Ό
ή“,•”•i‚Λ‚η‚Ά,‚δΛ,ς“μπ”Τ,131156,“‹“s,™•ΐ‹ζ,•ϋ“μ‚P’–Ϊ,2018-04-01,02,’“Τi—Φjκ,‚»‚Μ‘Ό
ή“,•”•i‚Λ‚η‚Ά,‚δΛ,@Ή›‘Oπ”Τ,131156,“‹“s,™•ΐ‹ζ,‰Ί‚δΛ‚R’–Ϊ,2018-02-15,05,’“Τi—Φjκ,ƒiƒ“ƒo[ƒvƒ[ƒg
ή“,•”•i‚Λ‚η‚Ά,‚δΛ,•ϋ“μπ”Τ,131156,“‹“s,™•ΐ‹ζ,–xƒm“ΰ‚P’–Ϊ,2018-10-06,12,‚SK‚ΔΘγ‹¤“―Z‘ξ,‚»‚Μ‘Ό
ή“,•”•i‚Λ‚η‚Ά,‚δΛ,Ό‰¬“μπ”Τ,131156,“‹“s,™•ΐ‹ζ,Ό‰¬“μ‚Q’–Ϊ,2018-06-10,09,’“Τi—Φjκ,ƒiƒ“ƒo[ƒvƒ[ƒg
ή“,•”•i‚Λ‚η‚Ά,‚δΛ,Ό‰¬“μπ”Τ,131156,“‹“s,™•ΐ‹ζ,‹{‘O‚Q’–Ϊ,2018-03-10,00,‚»‚Μ‘Ό‚ΜZ‘ξi‚RK‚ΔΘ‰Ί‹¤“―Z‘ξ“™j,‚»‚Μ‘Ό
ή“,•”•i‚Λ‚η‚Ά,‚δΛ,‰Ί‚δΛπ”Τ,131156,“‹“s,™•ΐ‹ζ,‰Ί‚δΛ‚Q’–Ϊ,2018-03-01,18,“ΉHγ,‚»‚Μ‘Ό
ή“,•”•i‚Λ‚η‚Ά,‚δΛ,γ‚δΛπ”Τ,131156,“‹“s,™•ΐ‹ζ,γ‚δΛ‚P’–Ϊ,2018-03-11,16,‚»‚Μ‘Ό‚ΜZ‘ξi‚RK‚ΔΘ‰Ί‹¤“―Z‘ξ“™j,‚»‚Μ‘Ό
ή“,•”•i‚Λ‚η‚Ά,‚δΛ,γ‚δΛπ”Τ,131156,“‹“s,™•ΐ‹ζ,γ‚δΛ‚P’–Ϊ,2018-07-26,13,‚SK‚ΔΘγ‹¤“―Z‘ξ,ƒiƒ“ƒo[ƒvƒ[ƒg
ή“,•”•i‚Λ‚η‚Ά,‚δΛ,‚δΛΌπ”Τ,131156,“‹“s,™•ΐ‹ζ,‚δΛΌ‚Q’–Ϊ,2018-03-18,23,‚»‚Μ‘Ό‚ΜZ‘ξi‚RK‚ΔΘ‰Ί‹¤“―Z‘ξ“™j,‚»‚Μ‘Ό
ή“,•”•i‚Λ‚η‚Ά,‰¬E,“δl’–Ϊπ”Τ,131156,“‹“s,™•ΐ‹ζ,γ‰¬‚R’–Ϊ,2018-03-13,17,’“Τi—Φjκ,‚»‚Μ‘Ό
ή“,•”•i‚Λ‚η‚Ά,‰¬E,‰¬E‰w–kϋπ”Τ,131156,“‹“s,™•ΐ‹ζ,“Vΐ‚Q’–Ϊ,2018-03-17,08,‚SK‚ΔΘγ‹¤“―Z‘ξ,ƒiƒ“ƒo[ƒvƒ[ƒg
ή“,•”•i‚Λ‚η‚Ά,‰¬E,‰Ίδ‘‰w‘Oπ”Τ,131156,“‹“s,™•ΐ‹ζ,‰Ίδ‘‚R’–Ϊ,2018-12-01,09,‚SK‚ΔΘγ‹¤“―Z‘ξ,ƒiƒ“ƒo[ƒvƒ[ƒg
ή“,•”•i‚Λ‚η‚Ά,‰¬E,δ‰¬‰w‘Oπ”Τ,131156,“‹“s,™•ΐ‹ζ,δ‘‚S’–Ϊ,2018-09-07,18,‚SK‚ΔΘγ‹¤“―Z‘ξ,‚»‚Μ‘Ό
ή“,•”•i‚Λ‚η‚Ά,•xβ,’|‘π”Τ,131059,“‹“s,•¶‹‹ζ,‘ε’Λ‚R’–Ϊ,2018-11-26,20,‚SK‚ΔΘγ‹¤“―Z‘ξ,‚»‚Μ‘Ό
ή“,•”•i‚Λ‚η‚Ά,•xβ,γyπ”Τ,131059,“‹“s,•¶‹‹ζ,t“ϊ‚Q’–Ϊ,2018-08-12,20,‚SK‚ΔΘγ‹¤“―Z‘ξ,‚»‚Μ‘Ό
ή“,•”•i‚Λ‚η‚Ά,‘ε’Λ,]Λμ‹΄π”Τ,131059,“‹“s,•¶‹‹ζ,…“Ή‚Q’–Ϊ,2018-03-24,15,’“Τi—Φjκ,‚»‚Μ‘Ό
ή“,•”•i‚Λ‚η‚Ά,–{•xm,ª’Γπ”Τ,131059,“‹“s,•¶‹‹ζ,ª’Γ‚Q’–Ϊ,2018-12-08,19,κΛZ‘ξ,‚»‚Μ‘Ό
ή“,•”•i‚Λ‚η‚Ά,‹ξ,γ•xm‘Oπ”Τ,131059,“‹“s,•¶‹‹ζ,–{‹ξ‚T’–Ϊ,2018-12-15,23,’“Τi—Φjκ,‚»‚Μ‘Ό
ή“,•”•i‚Λ‚η‚Ά,‘ƒ›,‘ƒ›‰w‘Oπ”Τ,131164,“‹“s,–L“‡‹ζ,‹ξ‚S’–Ϊ,2018-02-12,22,‚SK‚ΔΘγ‹¤“―Z‘ξ,‚»‚Μ‘Ό
ή“,•”•i‚Λ‚η‚Ά,‘ƒ›,‘ƒ›‰w‘Oπ”Τ,131164,“‹“s,–L“‡‹ζ,‹ξ‚T’–Ϊ,2018-06-08,16,’“Τi—Φjκ,‚»‚Μ‘Ό
ή“,•”•i‚Λ‚η‚Ά,‘ƒ›,‹ξ‰w‘Oπ”Τ,131164,“‹“s,–L“‡‹ζ,‹ξ‚P’–Ϊ,2018-08-12,20,‚SK‚ΔΘγ‹¤“―Z‘ξ,ƒ^ƒCƒ„EƒzƒC[ƒ‹
ή“,•”•i‚Λ‚η‚Ά,‘ƒ›,‹ξ‰w‘Oπ”Τ,131164,“‹“s,–L“‡‹ζ,‹ξ‚P’–Ϊ,2018-08-22,17,‚SK‚ΔΘγ‹¤“―Z‘ξ,‚»‚Μ‘Ό
ή“,•”•i‚Λ‚η‚Ά,‘ƒ›,‘ε’Λ‰w‘Oπ”Τ,131164,“‹“s,–L“‡‹ζ,“μ‘ε’Λ‚P’–Ϊ,2018-03-11,22,‚»‚Μ‘Ό‚ΜZ‘ξi‚RK‚ΔΘ‰Ί‹¤“―Z‘ξ“™j,‚»‚Μ‘Ό
ή“,•”•i‚Λ‚η‚Ά,‘ƒ›,ƒTƒ“ƒVƒƒƒCƒ“‘Oπ”Τ,131164,“‹“s,–L“‡‹ζ,“’r‘ά‚R’–Ϊ,2018-09-13,09,’“Τi—Φjκ,‚»‚Μ‘Ό
ή“,•”•i‚Λ‚η‚Ά,’r‘ά,’r‘ά–{’¬π”Τ,131164,“‹“s,–L“‡‹ζ,’r‘ά–{’¬‚Q’–Ϊ,2018-10-27,02,“ΉHγ,‚»‚Μ‘Ό
ή“,•”•i‚Λ‚η‚Ά,’r‘ά,’r‘ά‰w“ϋπ”Τ,131164,“‹“s,–L“‡‹ζ,“’r‘ά‚P’–Ϊ,2018-03-30,23,’“Τi—Φjκ,‚»‚Μ‘Ό
ή“,•”•i‚Λ‚η‚Ά,’r‘ά,’r‘ά‰wΌϋπ”Τ,131164,“‹“s,–L“‡‹ζ,Ό’r‘ά‚P’–Ϊ,2018-06-29,18,’“Τi—Φjκ,‚»‚Μ‘Ό
ή“,•”•i‚Λ‚η‚Ά,’r‘ά,’r‘ά‰wΌϋπ”Τ,131164,“‹“s,–L“‡‹ζ,Ό’r‘ά‚P’–Ϊ,2018-09-02,16,’“Τi—Φjκ,ƒ^ƒCƒ„EƒzƒC[ƒ‹
ή“,•”•i‚Λ‚η‚Ά,’r‘ά,’r‘ά‰wΌϋπ”Τ,131164,“‹“s,–L“‡‹ζ,Ό’r‘ά‚P’–Ϊ,2018-11-21,13,’“Τi—Φjκ,‚»‚Μ‘Ό
ή“,•”•i‚Λ‚η‚Ά,’r‘ά,’r‘ά‰wΌϋπ”Τ,131164,“‹“s,–L“‡‹ζ,Ό’r‘ά‚R’–Ϊ,2018-06-26,15,’“Τi—Φjκ,‚»‚Μ‘Ό
ή“,•”•i‚Λ‚η‚Ά,’r‘ά,γ’r‘άπ”Τ,131164,“‹“s,–L“‡‹ζ,γ’r‘ά‚S’–Ϊ,2018-09-16,22,’“Τi—Φjκ,‚»‚Μ‘Ό
ή“,•”•i‚Λ‚η‚Ά,’r‘ά,μ‰z’Κπ”Τ,131164,“‹“s,–L“‡‹ζ,’r‘ά–{’¬‚Q’–Ϊ,2017-07-21,•s–Ύ,‚»‚Μ‘Ό,ƒiƒ“ƒo[ƒvƒ[ƒg
ή“,•”•i‚Λ‚η‚Ά,’r‘ά,•½a’Κπ”Τ,131164,“‹“s,–L“‡‹ζ,’r‘ά‚Q’–Ϊ,2018-09-12,04,‚SK‚ΔΘγ‹¤“―Z‘ξ,‚»‚Μ‘Ό
ή“,•”•i‚Λ‚η‚Ά,–Ϊ”’,“μ’r‘άπ”Τ,131164,“‹“s,–L“‡‹ζ,Gi‚ª’J‚R’–Ϊ,2018-06-03,20,‚SK‚ΔΘγ‹¤“―Z‘ξ,‚»‚Μ‘Ό
ή“,•”•i‚Λ‚η‚Ά,–Ϊ”’,“μ’r‘άπ”Τ,131164,“‹“s,–L“‡‹ζ,“μ’r‘ά‚R’–Ϊ,2018-06-14,19,‚»‚Μ‘Ό‚ΜZ‘ξi‚RK‚ΔΘ‰Ί‹¤“―Z‘ξ“™j,ƒiƒ“ƒo[ƒvƒ[ƒg
ή“,•”•i‚Λ‚η‚Ά,–Ϊ”’,’Ε–Ό’¬‰w‘Oπ”Τ,131164,“‹“s,–L“‡‹ζ,’·θ‚Q’–Ϊ,2018-11-17,08,κΛZ‘ξ,‚»‚Μ‘Ό
ή“,•”•i‚Λ‚η‚Ά,–Ϊ”’,’Ε–Ό’¬‰w‘Oπ”Τ,131164,“‹“s,–L“‡‹ζ,“μ’·θ‚P’–Ϊ,2018-04-22,20,’“Τi—Φjκ,‚»‚Μ‘Ό
ή“,•”•i‚Λ‚η‚Ά,–Ϊ”’,“’·θ‰w‘Oπ”Τ,131164,“‹“s,–L“‡‹ζ,’·θ‚S’–Ϊ,2018-12-07,19,‚»‚Μ‘Ό‚ΜZ‘ξi‚RK‚ΔΘ‰Ί‹¤“―Z‘ξ“™j,ƒ^ƒCƒ„EƒzƒC[ƒ‹
ή“,•”•i‚Λ‚η‚Ά,–Ϊ”’,ημπ”Τ,131164,“‹“s,–L“‡‹ζ,’·θ‚R’–Ϊ,2018-08-21,09,‚»‚Μ‘Ό,‚»‚Μ‘Ό
ή“,•”•i‚Λ‚η‚Ά,–Ϊ”’,η“oΆ‹΄π”Τ,131164,“‹“s,–L“‡‹ζ,‚“c‚P’–Ϊ,2018-08-26,16,’“Τi—Φjκ,ƒiƒ“ƒo[ƒvƒ[ƒg
ή“,•”•i‚Λ‚η‚Ά,‘κ–μμ,”ς’ΉRπ”Τ,131172,“‹“s,–k‹ζ,‘κ–μμ‚P’–Ϊ,2018-01-16,20,’“Τi—Φjκ,‚»‚Μ‘Ό
ή“,•”•i‚Λ‚η‚Ά,‘κ–μμ,’†—Άπ”Τ,131172,“‹“s,–k‹ζ,“c’[‚S’–Ϊ,2018-06-13,08,‚SK‚ΔΘγ‹¤“―Z‘ξ,‚»‚Μ‘Ό
ή“,•”•i‚Λ‚η‚Ά,‘κ–μμ,““c’[π”Τ,131172,“‹“s,–k‹ζ,‘κ–μμ‚T’–Ϊ,2018-12-20,18,“ΉHγ,ƒiƒ“ƒo[ƒvƒ[ƒg
ή“,•”•i‚Λ‚η‚Ά,‘κ–μμ,““c’[π”Τ,131172,“‹“s,–k‹ζ,ΌƒP΄‚R’–Ϊ,2018-08-19,21,’“Τi—Φjκ,ƒiƒ“ƒo[ƒvƒ[ƒg
ή“,•”•i‚Λ‚η‚Ά,‰¤q,–L“‡ά’–Ϊ’“έ,131172,“‹“s,–k‹ζ,–L“‡‚T’–Ϊ,2018-01-30,11,‚SK‚ΔΘγ‹¤“―Z‘ξ,‚»‚Μ‘Ό
ή“,•”•i‚Λ‚η‚Ά,‰¤q,–L“‡ά’–Ϊ’“έ,131172,“‹“s,–k‹ζ,–L“‡‚T’–Ϊ,2018-04-27,21,‚SK‚ΔΘγ‹¤“―Z‘ξ,‚»‚Μ‘Ό
ή“,•”•i‚Λ‚η‚Ά,‰¤q,–L“‡ά’–Ϊ’“έ,131172,“‹“s,–k‹ζ,–L“‡‚T’–Ϊ,2018-06-15,17,“ΉHγ,‚»‚Μ‘Ό
ή“,•”•i‚Λ‚η‚Ά,‰¤q,–L“‡ά’–Ϊ’“έ,131172,“‹“s,–k‹ζ,–L“‡‚T’–Ϊ,2018-11-29,19,’“Τi—Φjκ,‚»‚Μ‘Ό
ή“,•”•i‚Λ‚η‚Ά,‰¤q,–L“‡ά’–Ϊ’“έ,131172,“‹“s,–k‹ζ,–L“‡‚U’–Ϊ,2018-02-22,19,κΛZ‘ξ,‚»‚Μ‘Ό
ή“,•”•i‚Λ‚η‚Ά,‰¤q,‰¤qά’–Ϊπ”Τ,131172,“‹“s,–k‹ζ,‰¤q‚T’–Ϊ,2018-04-07,09,‚SK‚ΔΘγ‹¤“―Z‘ξ,‚»‚Μ‘Ό
ή“,•”•i‚Λ‚η‚Ά,‰¤q,‰¤qά’–Ϊπ”Τ,131172,“‹“s,–k‹ζ,‰¤q‚T’–Ϊ,2018-07-22,11,‚SK‚ΔΘγ‹¤“―Z‘ξ,‚»‚Μ‘Ό
ή“,•”•i‚Λ‚η‚Ά,‰¤q,‰¤qά’–Ϊπ”Τ,131172,“‹“s,–k‹ζ,–L“‡‚T’–Ϊ,2018-05-02,18,’“Τi—Φjκ,‚»‚Μ‘Ό
ή“,•”•i‚Λ‚η‚Ά,‰¤q,‰¤qά’–Ϊπ”Τ,131172,“‹“s,–k‹ζ,–L“‡‚T’–Ϊ,2018-06-28,19,’“Τi—Φjκ,‚»‚Μ‘Ό
ή“,•”•i‚Λ‚η‚Ά,‰¤q,‰¤qά’–Ϊπ”Τ,131172,“‹“s,–k‹ζ,–L“‡‚T’–Ϊ,2018-09-12,01,‚SK‚ΔΘγ‹¤“―Z‘ξ,‚»‚Μ‘Ό
ή“,•”•i‚Λ‚η‚Ά,‰¤q,‰¤qά’–Ϊπ”Τ,131172,“‹“s,–k‹ζ,–L“‡‚T’–Ϊ,2018-09-14,06,’“Τi—Φjκ,ƒ^ƒCƒ„EƒzƒC[ƒ‹
ή“,•”•i‚Λ‚η‚Ά,‰¤q,‰¤qά’–Ϊπ”Τ,131172,“‹“s,–k‹ζ,–L“‡‚W’–Ϊ,2018-07-14,05,‚»‚Μ‘Ό‚ΜZ‘ξi‚RK‚ΔΘ‰Ί‹¤“―Z‘ξ“™j,‚»‚Μ‘Ό
ή“,•”•i‚Λ‚η‚Ά,‰¤q,“\ππ”Τ,131172,“‹“s,–k‹ζ,“\π‚S’–Ϊ,2018-01-15,•s–Ύ,“ΉHγ,ƒiƒ“ƒo[ƒvƒ[ƒg
ή“,•”•i‚Λ‚η‚Ά,‰¤q,\π‰w‘Oπ”Τ,131172,“‹“s,–k‹ζ,\π’‡΄‚P’–Ϊ,2018-07-27,01,“ΉHγ,ƒ^ƒCƒ„EƒzƒC[ƒ‹
ή“,•”•i‚Λ‚η‚Ά,‰¤q,‰¤q–{’¬π”Τ,131172,“‹“s,–k‹ζ,‰¤q–{’¬‚P’–Ϊ,2018-11-30,07,’“Τi—Φjκ,‚»‚Μ‘Ό
ή“,•”•i‚Λ‚η‚Ά,‰¤q,‰¤q–{’¬π”Τ,131172,“‹“s,–k‹ζ,έ’¬‚P’–Ϊ,2018-09-12,06,‚»‚Μ‘Ό,‚»‚Μ‘Ό
ή“,•”•i‚Λ‚η‚Ά,‰¤q,‰¤q–{’¬π”Τ,131172,“‹“s,–k‹ζ,’†\π‚P’–Ϊ,2018-07-09,11,“ΉHγ,‚»‚Μ‘Ό
ή“,•”•i‚Λ‚η‚Ά,Τ‰H,u–Ξl’–Ϊπ”Τ,131172,“‹“s,–k‹ζ,u–Ξ‚R’–Ϊ,2018-02-22,13,’“Τi—Φjκ,‚»‚Μ‘Ό
ή“,•”•i‚Λ‚η‚Ά,Τ‰H,Τ‰H‰w‘Oπ”Τ,131172,“‹“s,–k‹ζ,Τ‰H‚P’–Ϊ,2018-01-15,21,’“Τi—Φjκ,‚»‚Μ‘Ό
ή“,•”•i‚Λ‚η‚Ά,Τ‰H,Τ‰H‰w‘Oπ”Τ,131172,“‹“s,–k‹ζ,Τ‰H‚P’–Ϊ,2018-07-08,09,’“Τi—Φjκ,‚»‚Μ‘Ό
ή“,•”•i‚Λ‚η‚Ά,Τ‰H,Τ‰H‰w‘Oπ”Τ,131172,“‹“s,–k‹ζ,Τ‰H‚P’–Ϊ,2018-11-14,10,’“Τi—Φjκ,‚»‚Μ‘Ό
ή“,•”•i‚Λ‚η‚Ά,Τ‰H,Τ‰H‰w‘Oπ”Τ,131172,“‹“s,–k‹ζ,Τ‰H‚Q’–Ϊ,2018-03-13,18,’“Τi—Φjκ,‚»‚Μ‘Ό
ή“,•”•i‚Λ‚η‚Ά,Τ‰H,Τ‰H‰w‘Oπ”Τ,131172,“‹“s,–k‹ζ,Τ‰H“μ‚P’–Ϊ,2018-09-07,12,’“Τi—Φjκ,‚»‚Μ‘Ό
ή“,•”•i‚Λ‚η‚Ά,Τ‰H,Τ‰H‰w‘Oπ”Τ,131172,“‹“s,–k‹ζ,Τ‰H“μ‚P’–Ϊ,2018-09-23,13,‚SK‚ΔΘγ‹¤“―Z‘ξ,ƒiƒ“ƒo[ƒvƒ[ƒg
ή“,•”•i‚Λ‚η‚Ά,Τ‰H,β•£π”Τ,131172,“‹“s,–k‹ζ,Τ‰H‚P’–Ϊ,2018-02-27,18,‚SK‚ΔΘγ‹¤“―Z‘ξ,‚»‚Μ‘Ό
ή“,•”•i‚Λ‚η‚Ά,Τ‰H,‹{–xπ”Τ,131172,“‹“s,–k‹ζ,_’J‚R’–Ϊ,2018-03-05,23,’“Τi—Φjκ,ƒiƒ“ƒo[ƒvƒ[ƒg
ή“,•”•i‚Λ‚η‚Ά,Τ‰H,Ό‚ª‹uπ”Τ,131172,“‹“s,–k‹ζ,Ό‚ª‹u‚R’–Ϊ,2018-06-19,23,‚SK‚ΔΘγ‹¤“―Z‘ξ,‚»‚Μ‘Ό
ή“,•”•i‚Λ‚η‚Ά,Τ‰H,–@‘P›π”Τ,131172,“‹“s,–k‹ζ,Τ‰HΌ‚T’–Ϊ,2018-03-26,19,‚SK‚ΔΘγ‹¤“―Z‘ξ,ƒ^ƒCƒ„EƒzƒC[ƒ‹
ή“,•”•i‚Λ‚η‚Ά,Τ‰H,Τ‰H–kπ”Τ,131172,“‹“s,–k‹ζ,Τ‰H‚R’–Ϊ,2018-07-14,13,‚SK‚ΔΘγ‹¤“―Z‘ξ,‚»‚Μ‘Ό
ή“,•”•i‚Λ‚η‚Ά,Τ‰H,Τ‰H–kπ”Τ,131172,“‹“s,–k‹ζ,Τ‰H–k‚Q’–Ϊ,2018-04-01,•s–Ύ,‚SK‚ΔΘγ‹¤“―Z‘ξ,‚»‚Μ‘Ό
ή“,•”•i‚Λ‚η‚Ά,Τ‰H,Τ‰H–kπ”Τ,131172,“‹“s,–k‹ζ,Τ‰H–k‚Q’–Ϊ,2018-08-21,21,’“Τi—Φjκ,‚»‚Μ‘Ό
ή“,•”•i‚Λ‚η‚Ά,Τ‰H,•‚Τπ”Τ,131172,“‹“s,–k‹ζ,•‚Τ‚R’–Ϊ,2018-01-15,23,‚SK‚ΔΘγ‹¤“―Z‘ξ,‚»‚Μ‘Ό
ή“,•”•i‚Λ‚η‚Ά,Τ‰H,•‚Τπ”Τ,131172,“‹“s,–k‹ζ,•‚Τ‚T’–Ϊ,2018-06-14,20,“ΉHγ,ƒiƒ“ƒo[ƒvƒ[ƒg
ή“,•”•i‚Λ‚η‚Ά,”Β‹΄,•½”φπ”Τ,131199,“‹“s,”Β‹΄‹ζ,”Β‹΄‚P’–Ϊ,2018-01-09,21,’“Τi—Φjκ,‚»‚Μ‘Ό
ή“,•”•i‚Λ‚η‚Ά,”Β‹΄,•½”φπ”Τ,131199,“‹“s,”Β‹΄‹ζ,”Β‹΄‚P’–Ϊ,2018-10-24,23,’“Τi—Φjκ,ƒiƒ“ƒo[ƒvƒ[ƒg
ή“,•”•i‚Λ‚η‚Ά,”Β‹΄,•½”φπ”Τ,131199,“‹“s,”Β‹΄‹ζ,”Β‹΄‚R’–Ϊ,2018-05-23,15,‚»‚Μ‘Ό,ƒiƒ“ƒo[ƒvƒ[ƒg
ή“,•”•i‚Λ‚η‚Ά,”Β‹΄,•½”φπ”Τ,131199,“‹“s,”Β‹΄‹ζ,”Β‹΄‚R’–Ϊ,2018-06-01,18,‚»‚Μ‘Ό,ƒiƒ“ƒo[ƒvƒ[ƒg
ή“,•”•i‚Λ‚η‚Ά,”Β‹΄,•½”φπ”Τ,131199,“‹“s,”Β‹΄‹ζ,”Β‹΄‚S’–Ϊ,2017-12-21,•s–Ύ,‚SK‚ΔΘγ‹¤“―Z‘ξ,‚»‚Μ‘Ό
ή“,•”•i‚Λ‚η‚Ά,”Β‹΄,•½”φπ”Τ,131199,“‹“s,”Β‹΄‹ζ,”Β‹΄‚S’–Ϊ,2018-07-31,23,“ΉHγ,‚»‚Μ‘Ό
ή“,•”•i‚Λ‚η‚Ά,”Β‹΄,‰Α‰κπ”Τ,131199,“‹“s,”Β‹΄‹ζ,‰Α‰κ‚Q’–Ϊ,2018-02-20,08,‚»‚Μ‘Ό,‚»‚Μ‘Ό
ή“,•”•i‚Λ‚η‚Ά,”Β‹΄,‰Α‰κπ”Τ,131199,“‹“s,”Β‹΄‹ζ,‰Α‰κ‚Q’–Ϊ,2018-10-27,17,‚SK‚ΔΘγ‹¤“―Z‘ξ,‚»‚Μ‘Ό
ή“,•”•i‚Λ‚η‚Ά,”Β‹΄,”Β‹΄–{’¬π”Τ,131199,“‹“s,”Β‹΄‹ζ,ξ‰Χ‘δ,2018-11-30,12,’“Τi—Φjκ,‚»‚Μ‘Ό
ή“,•”•i‚Λ‚η‚Ά,”Β‹΄,”Β‹΄–{’¬π”Τ,131199,“‹“s,”Β‹΄‹ζ,–{’¬,2018-02-27,08,‚SK‚ΔΘγ‹¤“―Z‘ξ,‚»‚Μ‘Ό
ή“,•”•i‚Λ‚η‚Ά,”Β‹΄,”Β‹΄–{’¬π”Τ,131199,“‹“s,”Β‹΄‹ζ,‘εa’¬,2018-10-30,07,’“Τi—Φjκ,‚»‚Μ‘Ό
ή“,•”•i‚Λ‚η‚Ά,”Β‹΄,F–μ’¬π”Τ,131199,“‹“s,”Β‹΄‹ζ,’†Ϋ’¬,2018-08-17,15,‚SK‚ΔΘγ‹¤“―Z‘ξ,ƒiƒ“ƒo[ƒvƒ[ƒg
ή“,•”•i‚Λ‚η‚Ά,”Β‹΄,—{η‰@‘Oπ”Τ,131199,“‹“s,”Β‹΄‹ζ,‘εR“’¬,2018-01-04,12,’“Τi—Φjκ,‚»‚Μ‘Ό
ή“,•”•i‚Λ‚η‚Ά,”Β‹΄,‘εR’¬π”Τ,131199,“‹“s,”Β‹΄‹ζ,‘εR’¬,2017-12-31,•s–Ύ,“ΉHγ,ƒiƒ“ƒo[ƒvƒ[ƒg
ή“,•”•i‚Λ‚η‚Ά,”Β‹΄,‘εR’¬π”Τ,131199,“‹“s,”Β‹΄‹ζ,‘εR’¬,2018-08-28,09,“ΉHγ,‚»‚Μ‘Ό
ή“,•”•i‚Λ‚η‚Ά,”Β‹΄,‘ε’Jϋπ”Τ,131199,“‹“s,”Β‹΄‹ζ,‘ε’Jϋ‚P’–Ϊ,2018-07-14,06,κΛZ‘ξ,ƒiƒ“ƒo[ƒvƒ[ƒg
ή“,•”•i‚Λ‚η‚Ά,”Β‹΄,‘ε’Jϋπ”Τ,131199,“‹“s,”Β‹΄‹ζ,‘ε’Jϋ‚Q’–Ϊ,2018-11-05,14,‚»‚Μ‘Ό,‚»‚Μ‘Ό
ή“,•”•i‚Λ‚η‚Ά,”Β‹΄,‘ε’Jϋπ”Τ,131199,“‹“s,”Β‹΄‹ζ,ό΄‚R’–Ϊ,2018-10-16,05,‚»‚Μ‘Ό‚ΜZ‘ξi‚RK‚ΔΘ‰Ί‹¤“―Z‘ξ“™j,‚»‚Μ‘Ό
ή“,•”•i‚Λ‚η‚Ά,”Β‹΄,–ΞCπ”Τ,131199,“‹“s,”Β‹΄‹ζ,¬–Ξª‚Q’–Ϊ,2018-11-29,16,‚SK‚ΔΘγ‹¤“―Z‘ξ,‚»‚Μ‘Ό
ή“,•”•i‚Λ‚η‚Ά,”Β‹΄,“R’¬π”Τ,131199,“‹“s,”Β‹΄‹ζ,“V’¬‚Q’–Ϊ,2018-02-26,22,‚SK‚ΔΘγ‹¤“―Z‘ξ,‚»‚Μ‘Ό
ή“,•”•i‚Λ‚η‚Ά,”Β‹΄,“R’¬π”Τ,131199,“‹“s,”Β‹΄‹ζ,“V’¬‚Q’–Ϊ,2018-06-15,18,“ΉHγ,ƒiƒ“ƒo[ƒvƒ[ƒg
ή“,•”•i‚Λ‚η‚Ά,”Β‹΄,’†”Β‹΄π”Τ,131199,“‹“s,”Β‹΄‹ζ,’†”Β‹΄,2018-05-16,18,’“Τi—Φjκ,‚»‚Μ‘Ό
ή“,•”•i‚Λ‚η‚Ά,”Β‹΄,’†”Β‹΄π”Τ,131199,“‹“s,”Β‹΄‹ζ,‘o—t’¬,2018-01-09,21,‚SK‚ΔΘγ‹¤“―Z‘ξ,‚»‚Μ‘Ό
ή“,•”•i‚Λ‚η‚Ά,”Β‹΄,ν”Υ‘δπ”Τ,131199,“‹“s,”Β‹΄‹ζ,ν”Υ‘δ‚P’–Ϊ,2018-05-20,17,‚»‚Μ‘Ό,ƒiƒ“ƒo[ƒvƒ[ƒg
ή“,•”•i‚Λ‚η‚Ά,”Β‹΄,ν”Υ‘δπ”Τ,131199,“‹“s,”Β‹΄‹ζ,ν”Υ‘δ‚P’–Ϊ,2018-10-19,11,’“Τi—Φjκ,‚»‚Μ‘Ό
ή“,•”•i‚Λ‚η‚Ά,”Β‹΄,ν”Υ‘δπ”Τ,131199,“‹“s,”Β‹΄‹ζ,ν”Υ‘δ‚R’–Ϊ,2018-01-25,18,‚»‚Μ‘Ό‚ΜZ‘ξi‚RK‚ΔΘ‰Ί‹¤“―Z‘ξ“™j,‚»‚Μ‘Ό
ή“,•”•i‚Λ‚η‚Ά,”Β‹΄,ν”Υ‘δπ”Τ,131199,“‹“s,”Β‹΄‹ζ,“μν”Υ‘δ‚Q’–Ϊ,2018-10-20,•s–Ύ,“ΉHγ,ƒiƒ“ƒo[ƒvƒ[ƒg
ή“,•”•i‚Λ‚η‚Ά,”Β‹΄,γ”Β‹΄‰w‘Oπ”Τ,131199,“‹“s,”Β‹΄‹ζ,γ”Β‹΄‚Q’–Ϊ,2018-08-07,09,’“Τi—Φjκ,‚»‚Μ‘Ό
ή“,•”•i‚Λ‚η‚Ά,”Β‹΄,γ”Β‹΄‰w‘Oπ”Τ,131199,“‹“s,”Β‹΄‹ζ,ν”Υ‘δ‚S’–Ϊ,2018-03-21,•s–Ύ,‚»‚Μ‘Ό‚ΜZ‘ξi‚RK‚ΔΘ‰Ί‹¤“―Z‘ξ“™j,ƒiƒ“ƒo[ƒvƒ[ƒg
ή“,•”•i‚Λ‚η‚Ά,”Β‹΄,χμO’–Ϊ’“έ,131199,“‹“s,”Β‹΄‹ζ,χμ‚R’–Ϊ,2018-12-26,19,‚SK‚ΔΘγ‹¤“―Z‘ξ,‚»‚Μ‘Ό
ή“,•”•i‚Λ‚η‚Ά,u‘Ί,,131199,“‹“s,”Β‹΄‹ζ,’†‘δ‚R’–Ϊ,2018-04-30,20,‚»‚Μ‘Ό,ƒiƒ“ƒo[ƒvƒ[ƒg
ή“,•”•i‚Λ‚η‚Ά,u‘Ί,΄…’¬π”Τ,131199,“‹“s,”Β‹΄‹ζ,ς’¬,2018-05-10,21,‚»‚Μ‘Ό,ƒiƒ“ƒo[ƒvƒ[ƒg
ή“,•”•i‚Λ‚η‚Ά,u‘Ί,΄…’¬π”Τ,131199,“‹“s,”Β‹΄‹ζ,ς’¬,2018-09-16,12,‚»‚Μ‘Ό‚ΜZ‘ξi‚RK‚ΔΘ‰Ί‹¤“―Z‘ξ“™j,ƒiƒ“ƒo[ƒvƒ[ƒg
ή“,•”•i‚Λ‚η‚Ά,u‘Ί,΄…’¬π”Τ,131199,“‹“s,”Β‹΄‹ζ,΄…’¬,2018-03-08,06,‚»‚Μ‘Ό‚ΜZ‘ξi‚RK‚ΔΘ‰Ί‹¤“―Z‘ξ“™j,ƒ^ƒCƒ„EƒzƒC[ƒ‹
ή“,•”•i‚Λ‚η‚Ά,u‘Ί,¬“¤‘ςπ”Τ,131199,“‹“s,”Β‹΄‹ζ,¬“¤‘ς‚R’–Ϊ,2018-01-14,17,‚SK‚ΔΘγ‹¤“―Z‘ξ,‚»‚Μ‘Ό
ή“,•”•i‚Λ‚η‚Ά,u‘Ί,¬“¤‘ςπ”Τ,131199,“‹“s,”Β‹΄‹ζ,¬“¤‘ς‚R’–Ϊ,2018-05-17,19,’“Τi—Φjκ,‚»‚Μ‘Ό
ή“,•”•i‚Λ‚η‚Ά,u‘Ί,βγπ”Τ,131199,“‹“s,”Β‹΄‹ζ,u‘Ί‚P’–Ϊ,2018-11-25,16,‚SK‚ΔΘγ‹¤“―Z‘ξ,‚»‚Μ‘Ό
ή“,•”•i‚Λ‚η‚Ά,u‘Ί,βγπ”Τ,131199,“‹“s,”Β‹΄‹ζ,u‘Ί‚R’–Ϊ,2018-02-21,18,’“Τi—Φjκ,ƒiƒ“ƒo[ƒvƒ[ƒg
ή“,•”•i‚Λ‚η‚Ά,u‘Ί,βγπ”Τ,131199,“‹“s,”Β‹΄‹ζ,u‘Ί‚R’–Ϊ,2018-08-15,09,’“Τi—Φjκ,‚»‚Μ‘Ό
ή“,•”•i‚Λ‚η‚Ά,u‘Ί,β‰Ίπ”Τ,131199,“‹“s,”Β‹΄‹ζ,M“n‚R’–Ϊ,2018-12-07,18,’“Τi—Φjκ,‚»‚Μ‘Ό
ή“,•”•i‚Λ‚η‚Ά,u‘Ί,β‰Ίπ”Τ,131199,“‹“s,”Β‹΄‹ζ,M“n‚S’–Ϊ,2018-01-27,10,‚SK‚ΔΘγ‹¤“―Z‘ξ,ƒiƒ“ƒo[ƒvƒ[ƒg
ή“,•”•i‚Λ‚η‚Ά,u‘Ί,‘O–μ’¬π”Τ,131199,“‹“s,”Β‹΄‹ζ,‘O–μ’¬‚Q’–Ϊ,2016-05-15,22,‚SK‚ΔΘγ‹¤“―Z‘ξ,ƒiƒ“ƒo[ƒvƒ[ƒg
ή“,•”•i‚Λ‚η‚Ά,u‘Ί,Ό‘δπ”Τ,131199,“‹“s,”Β‹΄‹ζ,Ό‘δ‚Q’–Ϊ,2018-07-21,18,“ΉHγ,ƒiƒ“ƒo[ƒvƒ[ƒg
ή“,•”•i‚Λ‚η‚Ά,u‘Ί,Ό‘δπ”Τ,131199,“‹“s,”Β‹΄‹ζ,Ό‘δ‚R’–Ϊ,2018-12-16,22,‚»‚Μ‘Ό‚ΜZ‘ξi‚RK‚ΔΘ‰Ί‹¤“―Z‘ξ“™j,‚»‚Μ‘Ό
ή“,•”•i‚Λ‚η‚Ά,—ϋ”n,Ρδπ”Τ,131202,“‹“s,—ϋ”n‹ζ,όR‚P’–Ϊ,2018-05-03,23,’“Τi—Φjκ,ƒ^ƒCƒ„EƒzƒC[ƒ‹
ή“,•”•i‚Λ‚η‚Ά,—ϋ”n,Ρδπ”Τ,131202,“‹“s,—ϋ”n‹ζ,όR‚P’–Ϊ,2018-07-06,23,‚»‚Μ‘Ό‚ΜZ‘ξi‚RK‚ΔΘ‰Ί‹¤“―Z‘ξ“™j,ƒiƒ“ƒo[ƒvƒ[ƒg
ή“,•”•i‚Λ‚η‚Ά,—ϋ”n,Ρδπ”Τ,131202,“‹“s,—ϋ”n‹ζ,όR‚P’–Ϊ,2018-07-20,21,‚»‚Μ‘Ό‚ΜZ‘ξi‚RK‚ΔΘ‰Ί‹¤“―Z‘ξ“™j,ƒiƒ“ƒo[ƒvƒ[ƒg
ή“,•”•i‚Λ‚η‚Ά,—ϋ”n,’†‘Ί‹΄π”Τ,131202,“‹“s,—ϋ”n‹ζ,’†‘Ί‚R’–Ϊ,2018-06-23,18,’“Τi—Φjκ,ƒ^ƒCƒ„EƒzƒC[ƒ‹
ή“,•”•i‚Λ‚η‚Ά,—ϋ”n,’†‘Ί‹΄π”Τ,131202,“‹“s,—ϋ”n‹ζ,’†‘Ί‚R’–Ϊ,2018-06-25,02,’“Τi—Φjκ,ƒ^ƒCƒ„EƒzƒC[ƒ‹
ή“,•”•i‚Λ‚η‚Ά,—ϋ”n,’†‘Ί‹΄π”Τ,131202,“‹“s,—ϋ”n‹ζ,’†‘Ί–k‚R’–Ϊ,2018-04-01,01,’“Τi—Φjκ,‚»‚Μ‘Ό
ή“,•”•i‚Λ‚η‚Ά,—ϋ”n,–L“‡‰€‘Oπ”Τ,131202,“‹“s,—ϋ”n‹ζ,—ϋ”n‚S’–Ϊ,2018-04-02,21,’“Τi—Φjκ,‚»‚Μ‘Ό
ή“,•”•i‚Λ‚η‚Ά,—ϋ”n,—ϋ”n‰w‘Oπ”Τ,131202,“‹“s,—ϋ”n‹ζ,–L‹Κ–k‚T’–Ϊ,2018-07-06,20,‚SK‚ΔΘγ‹¤“―Z‘ξ,‚»‚Μ‘Ό
ή“,•”•i‚Λ‚η‚Ά,—ϋ”n,—ϋ”n‰w‘Oπ”Τ,131202,“‹“s,—ϋ”n‹ζ,—ϋ”n‚P’–Ϊ,2018-08-24,08,’“Τi—Φjκ,‚»‚Μ‘Ό
ή“,•”•i‚Λ‚η‚Ά,—ϋ”n,–L‹Κπ”Τ,131202,“‹“s,—ϋ”n‹ζ,–L‹Κ–k‚Q’–Ϊ,2018-11-26,22,‚SK‚ΔΘγ‹¤“―Z‘ξ,ƒiƒ“ƒo[ƒvƒ[ƒg
ή“,•”•i‚Λ‚η‚Ά,—ϋ”n,χ‘δπ”Τ,131202,“‹“s,—ϋ”n‹ζ,χ‘δ‚P’–Ϊ,2018-09-11,20,‚»‚Μ‘Ό‚ΜZ‘ξi‚RK‚ΔΘ‰Ί‹¤“―Z‘ξ“™j,‚»‚Μ‘Ό
ή“,•”•i‚Λ‚η‚Ά,—ϋ”n,χ‘δπ”Τ,131202,“‹“s,—ϋ”n‹ζ,χ‘δ‚T’–Ϊ,2017-08-01,•s–Ύ,κΛZ‘ξ,ƒiƒ“ƒo[ƒvƒ[ƒg
ή“,•”•i‚Λ‚η‚Ά,—ϋ”n,]Γ“c‰w‘Oπ”Τ,131202,“‹“s,—ϋ”n‹ζ,‰h’¬,2018-10-22,18,“ΉHγ,‚»‚Μ‘Ό
ή“,•”•i‚Λ‚η‚Ά,—ϋ”n,•Xμ‘δ’“έ,131202,“‹“s,—ϋ”n‹ζ,•Xμ‘δ‚R’–Ϊ,2018-03-17,16,’“Τi—Φjκ,‚»‚Μ‘Ό
ή“,•”•i‚Λ‚η‚Ά,—ϋ”n,t“ϊ’¬π”Τ,131202,“‹“s,—ϋ”n‹ζ,t“ϊ’¬‚P’–Ϊ,2018-10-29,20,’“Τi—Φjκ,ƒ^ƒCƒ„EƒzƒC[ƒ‹
ή“,•”•i‚Λ‚η‚Ά,—ϋ”n,t“ϊ’¬π”Τ,131202,“‹“s,—ϋ”n‹ζ,t“ϊ’¬‚R’–Ϊ,2018-10-24,23,’“Τi—Φjκ,ƒ^ƒCƒ„EƒzƒC[ƒ‹
ή“,•”•i‚Λ‚η‚Ά,—ϋ”n,t“ϊ’¬π”Τ,131202,“‹“s,—ϋ”n‹ζ,t“ϊ’¬‚T’–Ϊ,2018-06-26,20,’“Τi—Φjκ,‚»‚Μ‘Ό
ή“,•”•i‚Λ‚η‚Ά,—ϋ”n,‘‹{π”Τ,131202,“‹“s,—ϋ”n‹ζ,‘‹{‚S’–Ϊ,2018-03-26,17,κΛZ‘ξ,‚»‚Μ‘Ό
ή“,•”•i‚Λ‚η‚Ά,—ϋ”n,‘‹{π”Τ,131202,“‹“s,—ϋ”n‹ζ,•½a‘δ‚S’–Ϊ,2017-05-20,02,‚SK‚ΔΘγ‹¤“―Z‘ξ,ƒiƒ“ƒo[ƒvƒ[ƒg
ή“,•”•i‚Λ‚η‚Ά,—ϋ”n,‘‹{π”Τ,131202,“‹“s,—ϋ”n‹ζ,•½a‘δ‚S’–Ϊ,2018-07-17,16,‚SK‚ΔΘγ‹¤“―Z‘ξ,‚»‚Μ‘Ό
ή“,•”•i‚Λ‚η‚Ά,—ϋ”n,•Xμ_Π‘Oπ”Τ,131202,“‹“s,—ϋ”n‹ζ,–L‹Κ“μ‚R’–Ϊ,2018-07-07,21,κΛZ‘ξ,ƒiƒ“ƒo[ƒvƒ[ƒg
ή“,•”•i‚Λ‚η‚Ά,—ϋ”n,•Xμ_Π‘Oπ”Τ,131202,“‹“s,—ϋ”n‹ζ,–L‹Κ“μ‚R’–Ϊ,2018-10-01,13,‚SK‚ΔΘγ‹¤“―Z‘ξ,‚»‚Μ‘Ό
ή“,•”•i‚Λ‚η‚Ά,Ξ_δ,Ξ_δφ‰€‰w‘Oπ”Τ,131202,“‹“s,—ϋ”n‹ζ,Ξ_δ‘δ‚P’–Ϊ,2018-11-30,10,’“Τi—Φjκ,‚»‚Μ‘Ό
ή“,•”•i‚Λ‚η‚Ά,Ξ_δ,Ξ_δφ‰€‰w‘Oπ”Τ,131202,“‹“s,—ϋ”n‹ζ,Ξ_δ’¬‚W’–Ϊ,2018-08-15,19,‚»‚Μ‘Ό‚ΜZ‘ξi‚RK‚ΔΘ‰Ί‹¤“―Z‘ξ“™j,ƒiƒ“ƒo[ƒvƒ[ƒg
ή“,•”•i‚Λ‚η‚Ά,Ξ_δ,‘εςw‰€‰w‘Oπ”Τ,131202,“‹“s,—ϋ”n‹ζ,“‘ες‚P’–Ϊ,2018-02-24,12,’“Τi—Φjκ,ƒiƒ“ƒo[ƒvƒ[ƒg
ή“,•”•i‚Λ‚η‚Ά,Ξ_δ,‘εςw‰€‰w‘Oπ”Τ,131202,“‹“s,—ϋ”n‹ζ,“‘ες‚P’–Ϊ,2018-05-19,18,’“Τi—Φjκ,‚»‚Μ‘Ό
ή“,•”•i‚Λ‚η‚Ά,Ξ_δ,‘εςw‰€‰w‘Oπ”Τ,131202,“‹“s,—ϋ”n‹ζ,“‘ες‚R’–Ϊ,2018-07-23,08,’“Τi—Φjκ,ƒiƒ“ƒo[ƒvƒ[ƒg
ή“,•”•i‚Λ‚η‚Ά,Ξ_δ,‘εςw‰€‰w‘Oπ”Τ,131202,“‹“s,—ϋ”n‹ζ,“‘ες‚U’–Ϊ,2018-08-15,18,‚»‚Μ‘Ό‚ΜZ‘ξi‚RK‚ΔΘ‰Ί‹¤“―Z‘ξ“™j,‚»‚Μ‘Ό
ή“,•”•i‚Λ‚η‚Ά,Ξ_δ,•‘ Φ‰w‘Oπ”Τ,131202,“‹“s,—ϋ”n‹ζ,Ξ_δ‘δ‚V’–Ϊ,2018-04-10,18,κΛZ‘ξ,‚»‚Μ‘Ό
ή“,•”•i‚Λ‚η‚Ά,Ξ_δ,γΞ_δ‰w‘Oπ”Τ,131202,“‹“s,—ϋ”n‹ζ,γΞ_δ‚Q’–Ϊ,2018-04-09,06,’“Τi—Φjκ,‚»‚Μ‘Ό
ή“,•”•i‚Λ‚η‚Ά,Ξ_δ,γΞ_δ‰w‘Oπ”Τ,131202,“‹“s,—ϋ”n‹ζ,γΞ_δ‚Q’–Ϊ,2018-07-31,07,’“Τi—Φjκ,‚»‚Μ‘Ό
ή“,•”•i‚Λ‚η‚Ά,Ξ_δ,γΞ_δ‰w‘Oπ”Τ,131202,“‹“s,—ϋ”n‹ζ,γΞ_δ‚Q’–Ϊ,2018-09-12,07,’“Τi—Φjκ,‚»‚Μ‘Ό
ή“,•”•i‚Λ‚η‚Ά,Ξ_δ,‘εςw‰€π”Τ,131202,“‹“s,—ϋ”n‹ζ,‘εςw‰€’¬‚U’–Ϊ,2018-08-18,16,κΛZ‘ξ,‚»‚Μ‘Ό
ή“,•”•i‚Λ‚η‚Ά,Ξ_δ,‘εςw‰€π”Τ,131202,“‹“s,—ϋ”n‹ζ,‘εςw‰€’¬‚W’–Ϊ,2018-01-08,16,’“Τi—Φjκ,ƒiƒ“ƒo[ƒvƒ[ƒg
ή“,•”•i‚Λ‚η‚Ά,Ξ_δ,‘εςw‰€π”Τ,131202,“‹“s,—ϋ”n‹ζ,‘εςw‰€’¬‚W’–Ϊ,2018-06-21,14,’“Τi—Φjκ,ƒiƒ“ƒo[ƒvƒ[ƒg
ή“,•”•i‚Λ‚η‚Ά,Ξ_δ,‘εςw‰€π”Τ,131202,“‹“s,—ϋ”n‹ζ,‘εςw‰€’¬‚W’–Ϊ,2018-12-21,17,‚»‚Μ‘Ό‚ΜZ‘ξi‚RK‚ΔΘ‰Ί‹¤“―Z‘ξ“™j,ƒiƒ“ƒo[ƒvƒ[ƒg
ή“,•”•i‚Λ‚η‚Ά,Ξ_δ,Φ’¬π”Τ,131202,“‹“s,—ϋ”n‹ζ,γΞ_δ‚P’–Ϊ,2018-06-03,18,‚»‚Μ‘Ό‚ΜZ‘ξi‚RK‚ΔΘ‰Ί‹¤“―Z‘ξ“™j,‚»‚Μ‘Ό
ή“,•”•i‚Λ‚η‚Ά,Ξ_δ,Φ’¬π”Τ,131202,“‹“s,—ϋ”n‹ζ,Φ’¬–k‚P’–Ϊ,2018-06-30,17,‚»‚Μ‘Ό‚ΜZ‘ξi‚RK‚ΔΘ‰Ί‹¤“―Z‘ξ“™j,‚»‚Μ‘Ό
ή“,•”•i‚Λ‚η‚Ά,Ξ_δ,Φ’¬π”Τ,131202,“‹“s,—ϋ”n‹ζ,Φ’¬“μ‚R’–Ϊ,2018-08-12,18,’“Τi—Φjκ,ƒiƒ“ƒo[ƒvƒ[ƒg
ή“,•”•i‚Λ‚η‚Ά,Ξ_δ,Φ’¬π”Τ,131202,“‹“s,—ϋ”n‹ζ,Φ’¬“μ‚R’–Ϊ,2018-10-16,19,‚»‚Μ‘Ό‚ΜZ‘ξi‚RK‚ΔΘ‰Ί‹¤“―Z‘ξ“™j,‚»‚Μ‘Ό
ή“,•”•i‚Λ‚η‚Ά,Ξ_δ,“‘ες’“έ,131202,“‹“s,—ϋ”n‹ζ,“‘ες‚Q’–Ϊ,2018-07-06,20,‚SK‚ΔΘγ‹¤“―Z‘ξ,ƒiƒ“ƒo[ƒvƒ[ƒg
ή“,•”•i‚Λ‚η‚Ά,Ξ_δ,–k‘εςπ”Τ,131202,“‹“s,—ϋ”n‹ζ,‘ες’¬‚R’–Ϊ,2018-01-06,20,‚»‚Μ‘Ό‚ΜZ‘ξi‚RK‚ΔΘ‰Ί‹¤“―Z‘ξ“™j,‚»‚Μ‘Ό
ή“,•”•i‚Λ‚η‚Ά,Ξ_δ,–k‘εςπ”Τ,131202,“‹“s,—ϋ”n‹ζ,‘ες’¬‚R’–Ϊ,2018-10-28,01,’“Τi—Φjκ,‚»‚Μ‘Ό
ή“,•”•i‚Λ‚η‚Ά,Ξ_δ,Ό‘εςπ”Τ,131202,“‹“s,—ϋ”n‹ζ,Ό‘ες‚R’–Ϊ,2017-10-11,•s–Ύ,’“Τi—Φjκ,ƒiƒ“ƒo[ƒvƒ[ƒg
ή“,•”•i‚Λ‚η‚Ά,Ξ_δ,Ό‘εςπ”Τ,131202,“‹“s,—ϋ”n‹ζ,Ό‘ες‚R’–Ϊ,2018-06-16,17,‚»‚Μ‘Ό,‚»‚Μ‘Ό
ή“,•”•i‚Λ‚η‚Ά,Ξ_δ,Ό‘εςπ”Τ,131202,“‹“s,—ϋ”n‹ζ,Ό‘ες‚R’–Ϊ,2018-06-24,15,’“Τi—Φjκ,ƒiƒ“ƒo[ƒvƒ[ƒg
ή“,•”•i‚Λ‚η‚Ά,Ξ_δ,Ό‘εςπ”Τ,131202,“‹“s,—ϋ”n‹ζ,Ό‘ες‚R’–Ϊ,2018-06-25,22,’“Τi—Φjκ,‚»‚Μ‘Ό
ή“,•”•i‚Λ‚η‚Ά,Ξ_δ,Ό‘εςπ”Τ,131202,“‹“s,—ϋ”n‹ζ,Ό‘ες‚R’–Ϊ,2018-09-09,19,‚»‚Μ‘Ό‚ΜZ‘ξi‚RK‚ΔΘ‰Ί‹¤“―Z‘ξ“™j,ƒiƒ“ƒo[ƒvƒ[ƒg
ή“,•”•i‚Λ‚η‚Ά,Ξ_δ,Ό‘εςπ”Τ,131202,“‹“s,—ϋ”n‹ζ,Ό‘ες‚S’–Ϊ,2018-09-01,17,’“Τi—Φjκ,‚»‚Μ‘Ό
ή“,•”•i‚Λ‚η‚Ά,Ξ_δ,•xmX“Ήπ”Τ,131202,“‹“s,—ϋ”n‹ζ,Ξ_δ‘δ‚R’–Ϊ,2018-05-06,09,‚»‚Μ‘Ό‚ΜZ‘ξi‚RK‚ΔΘ‰Ί‹¤“―Z‘ξ“™j,‚»‚Μ‘Ό
ή“,•”•i‚Λ‚η‚Ά,Ξ_δ,Ξ_δ“μ’“έ,131202,“‹“s,—ϋ”n‹ζ,‰ΊΞ_δ‚S’–Ϊ,2018-09-12,19,‚»‚Μ‘Ό‚ΜZ‘ξi‚RK‚ΔΘ‰Ί‹¤“―Z‘ξ“™j,‚»‚Μ‘Ό
ή“,•”•i‚Λ‚η‚Ά,Ξ_δ,Ξ_δ“μ’“έ,131202,“‹“s,—ϋ”n‹ζ,‰ΊΞ_δ‚T’–Ϊ,2018-07-23,11,‚»‚Μ‘Ό‚ΜZ‘ξi‚RK‚ΔΘ‰Ί‹¤“―Z‘ξ“™j,‚»‚Μ‘Ό
ή“,•”•i‚Λ‚η‚Ά,‚“‡•½,‚“‡•½‰w‘Oπ”Τ,131199,“‹“s,”Β‹΄‹ζ,‚“‡•½‚Q’–Ϊ,2018-04-02,10,‚»‚Μ‘Ό,‚»‚Μ‘Ό
ή“,•”•i‚Λ‚η‚Ά,‚“‡•½,‚“‡•½‰w‘Oπ”Τ,131199,“‹“s,”Β‹΄‹ζ,‚“‡•½‚Q’–Ϊ,2018-07-30,17,‚SK‚ΔΘγ‹¤“―Z‘ξ,‚»‚Μ‘Ό
ή“,•”•i‚Λ‚η‚Ά,‚“‡•½,‚“‡•½‰w‘Oπ”Τ,131199,“‹“s,”Β‹΄‹ζ,‚“‡•½‚Q’–Ϊ,2018-11-13,05,‚SK‚ΔΘγ‹¤“―Z‘ξ,‚»‚Μ‘Ό
ή“,•”•i‚Λ‚η‚Ά,‚“‡•½,‚“‡•½‰w‘Oπ”Τ,131199,“‹“s,”Β‹΄‹ζ,‚“‡•½‚Q’–Ϊ,2018-12-15,16,‚SK‚ΔΘγ‹¤“―Z‘ξ,‚»‚Μ‘Ό
ή“,•”•i‚Λ‚η‚Ά,‚“‡•½,‚“‡•½‰w‘Oπ”Τ,131199,“‹“s,”Β‹΄‹ζ,‚“‡•½‚R’–Ϊ,2018-07-31,16,’“Τi—Φjκ,‚»‚Μ‘Ό
ή“,•”•i‚Λ‚η‚Ά,‚“‡•½,‚“‡•½‰w‘Oπ”Τ,131199,“‹“s,”Β‹΄‹ζ,‚“‡•½‚V’–Ϊ,2017-09-01,•s–Ύ,’“Τi—Φjκ,ƒiƒ“ƒo[ƒvƒ[ƒg
ή“,•”•i‚Λ‚η‚Ά,‚“‡•½,‚“‡•½‰w‘Oπ”Τ,131199,“‹“s,”Β‹΄‹ζ,‚“‡•½‚V’–Ϊ,2018-04-01,12,’“Τi—Φjκ,ƒiƒ“ƒo[ƒvƒ[ƒg
ή“,•”•i‚Λ‚η‚Ά,‚“‡•½,‚“‡•½‰w‘Oπ”Τ,131199,“‹“s,”Β‹΄‹ζ,‚“‡•½‚V’–Ϊ,2018-07-01,10,“ΉHγ,‚»‚Μ‘Ό
ή“,•”•i‚Λ‚η‚Ά,‚“‡•½,‚“‡•½‰w‘Oπ”Τ,131199,“‹“s,”Β‹΄‹ζ,‚“‡•½‚W’–Ϊ,2018-11-28,07,’“Τi—Φjκ,ƒ^ƒCƒ„EƒzƒC[ƒ‹
ή“,•”•i‚Λ‚η‚Ά,‚“‡•½,Ό‘δ‰w‘Oπ”Τ,131199,“‹“s,”Β‹΄‹ζ,‚“‡•½‚P’–Ϊ,2018-09-19,09,‚»‚Μ‘Ό,‚»‚Μ‘Ό
ή“,•”•i‚Λ‚η‚Ά,‚“‡•½,Ό‘δ‰w‘Oπ”Τ,131199,“‹“s,”Β‹΄‹ζ,‚“‡•½‚X’–Ϊ,2018-01-29,13,’“Τi—Φjκ,ƒiƒ“ƒo[ƒvƒ[ƒg
ή“,•”•i‚Λ‚η‚Ά,‚“‡•½,ω–Ϊ‹΄π”Τ,131199,“‹“s,”Β‹΄‹ζ,‚“‡•½‚U’–Ϊ,2018-11-03,10,’“Τi—Φjκ,‚»‚Μ‘Ό
ή“,•”•i‚Λ‚η‚Ά,‚“‡•½,ω–Ϊ‹΄π”Τ,131199,“‹“s,”Β‹΄‹ζ,O‰€‚P’–Ϊ,2018-05-01,07,’“Τi—Φjκ,‚»‚Μ‘Ό
ή“,•”•i‚Λ‚η‚Ά,‚“‡•½,ω–Ϊ‹΄π”Τ,131199,“‹“s,”Β‹΄‹ζ,O‰€‚Q’–Ϊ,2018-07-23,14,’“Τi—Φjκ,‚»‚Μ‘Ό
ή“,•”•i‚Λ‚η‚Ά,‚“‡•½,–k–μπ”Τ,131199,“‹“s,”Β‹΄‹ζ,“ΏΫ‚S’–Ϊ,2018-04-13,00,’“Τi—Φjκ,ƒ^ƒCƒ„EƒzƒC[ƒ‹
ή“,•”•i‚Λ‚η‚Ά,‚“‡•½,–k–μπ”Τ,131199,“‹“s,”Β‹΄‹ζ,“ΏΫ‚T’–Ϊ,2018-09-19,17,‚SK‚ΔΘγ‹¤“―Z‘ξ,‚»‚Μ‘Ό
ή“,•”•i‚Λ‚η‚Ά,‚“‡•½,‰ΊΤ’Λπ”Τ,131199,“‹“s,”Β‹΄‹ζ,Τ’Λ‚P’–Ϊ,2018-07-02,20,“ΉHγ,‚»‚Μ‘Ό
ή“,•”•i‚Λ‚η‚Ά,‚“‡•½,‰ΊΤ’Λπ”Τ,131199,“‹“s,”Β‹΄‹ζ,Τ’ΛV’¬‚R’–Ϊ,2018-01-04,15,‚SK‚ΔΘγ‹¤“―Z‘ξ,‚»‚Μ‘Ό
ή“,•”•i‚Λ‚η‚Ά,‚“‡•½,¬‘‰w‘Oπ”Τ,131199,“‹“s,”Β‹΄‹ζ,¬‘‚P’–Ϊ,2018-12-21,16,“ΉHγ,‚»‚Μ‘Ό
ή“,•”•i‚Λ‚η‚Ά,‚“‡•½,Ό‰@‘Oπ”Τ,131199,“‹“s,”Β‹΄‹ζ,l—t‚Q’–Ϊ,2018-12-28,16,’“Τi—Φjκ,‚»‚Μ‘Ό
ή“,•”•i‚Λ‚η‚Ά,υ‚ª‹u,–k’¬π”Τ,131202,“‹“s,—ϋ”n‹ζ,–k’¬‚Q’–Ϊ,2018-10-21,18,‚SK‚ΔΘγ‹¤“―Z‘ξ,‚»‚Μ‘Ό
ή“,•”•i‚Λ‚η‚Ά,υ‚ª‹u,“c•Ώπ”Τ,131202,“‹“s,—ϋ”n‹ζ,–k’¬‚V’–Ϊ,2018-09-01,18,’“Τi—Φjκ,‚»‚Μ‘Ό
ή“,•”•i‚Λ‚η‚Ά,υ‚ª‹u,“c•Ώπ”Τ,131202,“‹“s,—ϋ”n‹ζ,“c•Ώ‚P’–Ϊ,2018-10-19,18,’“Τi—Φjκ,‚»‚Μ‘Ό
ή“,•”•i‚Λ‚η‚Ά,υ‚ª‹u,“c•Ώπ”Τ,131202,“‹“s,—ϋ”n‹ζ,“c•Ώ‚S’–Ϊ,2018-08-20,19,’“Τi—Φjκ,‚»‚Μ‘Ό
ή“,•”•i‚Λ‚η‚Ά,υ‚ª‹u,“c•Ώπ”Τ,131202,“‹“s,—ϋ”n‹ζ,υ‚ª‹u‚Q’–Ϊ,2018-07-08,12,’“Τi—Φjκ,‚»‚Μ‘Ό
ή“,•”•i‚Λ‚η‚Ά,υ‚ª‹u,υ‚ª‹uO’–Ϊπ”Τ,131202,“‹“s,—ϋ”n‹ζ,‚Ό‚T’–Ϊ,2018-10-30,13,’“Τi—Φjκ,‚»‚Μ‘Ό
ή“,•”•i‚Λ‚η‚Ά,υ‚ª‹u,υ‚ª‹uO’–Ϊπ”Τ,131202,“‹“s,—ϋ”n‹ζ,υ‚ª‹u‚Q’–Ϊ,2018-10-28,12,’“Τi—Φjκ,ƒiƒ“ƒo[ƒvƒ[ƒg
ή“,•”•i‚Λ‚η‚Ά,υ‚ª‹u,υ‚ª‹uO’–Ϊπ”Τ,131202,“‹“s,—ϋ”n‹ζ,υ‚ª‹u‚R’–Ϊ,2018-06-08,06,’“Τi—Φjκ,‚»‚Μ‘Ό
ή“,•”•i‚Λ‚η‚Ά,υ‚ª‹u,υ‚ª‹uO’–Ϊπ”Τ,131202,“‹“s,—ϋ”n‹ζ,υ‚ª‹u‚R’–Ϊ,2018-07-28,02,‚SK‚ΔΘγ‹¤“―Z‘ξ,‚»‚Μ‘Ό
ή“,•”•i‚Λ‚η‚Ά,υ‚ª‹u,υ‚ª‹uO’–Ϊπ”Τ,131202,“‹“s,—ϋ”n‹ζ,υ‚ª‹u‚T’–Ϊ,2018-09-21,08,‚»‚Μ‘Ό‚ΜZ‘ξi‚RK‚ΔΘ‰Ί‹¤“―Z‘ξ“™j,ƒ^ƒCƒ„EƒzƒC[ƒ‹
ή“,•”•i‚Λ‚η‚Ά,υ‚ª‹u,υ‚ª‹uO’–Ϊπ”Τ,131202,“‹“s,—ϋ”n‹ζ,υ‚ª‹u‚T’–Ϊ,•s–Ύ,•s–Ύ,’“Τi—Φjκ,‚»‚Μ‘Ό
ή“,•”•i‚Λ‚η‚Ά,υ‚ª‹u,υ‚ª‹uO’–Ϊπ”Τ,131202,“‹“s,—ϋ”n‹ζ,υ‚ª‹u‚T’–Ϊ,2018-10-14,16,‚SK‚ΔΘγ‹¤“―Z‘ξ,‚»‚Μ‘Ό
ή“,•”•i‚Λ‚η‚Ά,υ‚ª‹u,υ‚ª‹uO’–Ϊπ”Τ,131202,“‹“s,—ϋ”n‹ζ,υ‚ª‹u‚T’–Ϊ,2018-12-02,12,’“Τi—Φjκ,ƒiƒ“ƒo[ƒvƒ[ƒg
ή“,•”•i‚Λ‚η‚Ά,υ‚ª‹u,υ‚ª‹uO’–Ϊπ”Τ,131202,“‹“s,—ϋ”n‹ζ,υ‚ª‹u‚V’–Ϊ,2018-10-04,23,’“Τi—Φjκ,‚»‚Μ‘Ό
ή“,•”•i‚Λ‚η‚Ά,υ‚ª‹u,—ϋ”n‚–μ‘δ‰w‘Oπ”Τ,131202,“‹“s,—ϋ”n‹ζ,•xm©‘δ‚P’–Ϊ,2018-07-20,16,“ΉHγ,‚»‚Μ‘Ό
ή“,•”•i‚Λ‚η‚Ά,υ‚ª‹u,—ϋ”n‚–μ‘δ‰w‘Oπ”Τ,131202,“‹“s,—ϋ”n‹ζ,•xm©‘δ‚Q’–Ϊ,2018-09-20,20,‚»‚Μ‘Ό‚ΜZ‘ξi‚RK‚ΔΘ‰Ί‹¤“―Z‘ξ“™j,‚»‚Μ‘Ό
ή“,•”•i‚Λ‚η‚Ά,υ‚ª‹u,—ϋ”n‚–μ‘δ‰w‘Oπ”Τ,131202,“‹“s,—ϋ”n‹ζ,“μ“c’†‚Q’–Ϊ,2018-02-18,09,’“Τi—Φjκ,ƒiƒ“ƒo[ƒvƒ[ƒg
ή“,•”•i‚Λ‚η‚Ά,υ‚ª‹u,—ϋ”n‚–μ‘δ‰w‘Oπ”Τ,131202,“‹“s,—ϋ”n‹ζ,“μ“c’†‚T’–Ϊ,2018-12-02,04,“ΉHγ,ƒiƒ“ƒo[ƒvƒ[ƒg
ή“,•”•i‚Λ‚η‚Ά,υ‚ª‹u,’J΄π”Τ,131202,“‹“s,—ϋ”n‹ζ,‚–μ‘δ‚P’–Ϊ,2017-12-04,18,’“Τi—Φjκ,‚»‚Μ‘Ό
ή“,•”•i‚Λ‚η‚Ά,υ‚ª‹u,“yx“cπ”Τ,131202,“‹“s,—ϋ”n‹ζ,®’¬‚Q’–Ϊ,2018-11-27,08,’“Τi—Φjκ,‚»‚Μ‘Ό
ή“,•”•i‚Λ‚η‚Ά,υ‚ª‹u,O΄‘δπ”Τ,131202,“‹“s,—ϋ”n‹ζ,“yx“c‚R’–Ϊ,2018-09-28,18,κΛZ‘ξ,ƒiƒ“ƒo[ƒvƒ[ƒg
ή“,•”•i‚Λ‚η‚Ά,υ‚ª‹u,‚Ό’“έ,131202,“‹“s,—ϋ”n‹ζ,‚Ό‚P’–Ϊ,2018-02-03,18,κΛZ‘ξ,ƒiƒ“ƒo[ƒvƒ[ƒg
ή“,•”•i‚Λ‚η‚Ά,γ–μ,‘δ“π”Τ,131067,“‹“s,‘δ“‹ζ,‘δ“‚P’–Ϊ,2018-04-01,18,’“Τi—Φjκ,ƒiƒ“ƒo[ƒvƒ[ƒg
ή“,•”•i‚Λ‚η‚Ά,γ–μ,•–επ”Τ,131067,“‹“s,‘δ“‹ζ,γ–μ‚R’–Ϊ,2018-10-20,12,“ΉHγ,‚»‚Μ‘Ό
ή“,•”•i‚Λ‚η‚Ά,γ–μ,δ“k’¬π”Τ,131067,“‹“s,‘δ“‹ζ,“γ–μ‚P’–Ϊ,2018-04-12,08,’“Τi—Φjκ,‚»‚Μ‘Ό
ή“,•”•i‚Λ‚η‚Ά,γ–μ,δ“k’¬π”Τ,131067,“‹“s,‘δ“‹ζ,“γ–μ‚P’–Ϊ,2018-04-16,16,’“Τi—Φjκ,ƒiƒ“ƒo[ƒvƒ[ƒg
ή“,•”•i‚Λ‚η‚Ά,γ–μ,δ“k’¬π”Τ,131067,“‹“s,‘δ“‹ζ,“γ–μ‚Q’–Ϊ,2018-10-15,00,“ΉHγ,‚»‚Μ‘Ό
ή“,•”•i‚Λ‚η‚Ά,γ–μ,φ‰€‘Oπ”Τ,131067,“‹“s,‘δ“‹ζ,γ–μφ‰€,2018-12-26,11,’“Τi—Φjκ,‚»‚Μ‘Ό
ή“,•”•i‚Λ‚η‚Ά,γ–μ,“®•¨‰€‘Oπ”Τ,131067,“‹“s,‘δ“‹ζ,γ–μφ‰€,2018-05-20,10,“ΉHγ,ƒiƒ“ƒo[ƒvƒ[ƒg
ή“,•”•i‚Λ‚η‚Ά,γ–μ,“®•¨‰€‘Oπ”Τ,131067,“‹“s,‘δ“‹ζ,γ–μφ‰€,2018-06-01,16,“ΉHγ,ƒiƒ“ƒo[ƒvƒ[ƒg
ή“,•”•i‚Λ‚η‚Ά,‰Ί’J,ις’J‰w‘Oπ”Τ,131067,“‹“s,‘δ“‹ζ,ªέ‚Q’–Ϊ,2018-06-26,17,‚SK‚ΔΘγ‹¤“―Z‘ξ,‚»‚Μ‘Ό
ή“,•”•i‚Λ‚η‚Ά,‰Ί’J,ις’J‰w‘Oπ”Τ,131067,“‹“s,‘δ“‹ζ,ªέ‚S’–Ϊ,2018-08-10,20,’“Τi—Φjκ,‚»‚Μ‘Ό
ή“,•”•i‚Λ‚η‚Ά,σ‘,“ϊ–{’ηπ”Τ,131067,“‹“s,‘δ“‹ζ,΄μ‚Q’–Ϊ,2018-07-09,02,‚»‚Μ‘Ό,‚»‚Μ‘Ό
ή“,•”•i‚Λ‚η‚Ά,σ‘,“ϊ–{’ηπ”Τ,131067,“‹“s,‘δ“‹ζ,΄μ‚Q’–Ϊ,2018-12-10,17,‚SK‚ΔΘγ‹¤“―Z‘ξ,‚»‚Μ‘Ό
ή“,•”•i‚Λ‚η‚Ά,σ‘,‹g΄π”Τ,131067,“‹“s,‘δ“‹ζ,η‘©‚R’–Ϊ,2018-04-10,23,“ΉHγ,ƒiƒ“ƒo[ƒvƒ[ƒg
ή“,•”•i‚Λ‚η‚Ά,σ‘,Όσ‘O’–Ϊπ”Τ,131067,“‹“s,‘δ“‹ζ,σ‘‚R’–Ϊ,2018-02-01,•s–Ύ,κΛZ‘ξ,‚»‚Μ‘Ό
ή“,•”•i‚Λ‚η‚Ά,σ‘,φ‰€Z‹ζπ”Τ,131067,“‹“s,‘δ“‹ζ,σ‘‚P’–Ϊ,2018-10-06,23,“ΉHγ,‚»‚Μ‘Ό
ή“,•”•i‚Λ‚η‚Ά,σ‘,φ‰€Z‹ζπ”Τ,131067,“‹“s,‘δ“‹ζ,σ‘‚R’–Ϊ,2018-07-31,22,“ΉHγ,‚»‚Μ‘Ό
ή“,•”•i‚Λ‚η‚Ά,σ‘,Ή“V’¬π”Τ,131067,“‹“s,‘δ“‹ζ,σ‘‚S’–Ϊ,2017-02-15,•s–Ύ,“ΉHγ,ƒiƒ“ƒo[ƒvƒ[ƒg
ή“,•”•i‚Λ‚η‚Ά,σ‘,‹΄κπ”Τ,131067,“‹“s,‘δ“‹ζ,΅Λ‚Q’–Ϊ,2018-04-30,01,“ΉHγ,‚»‚Μ‘Ό
ή“,•”•i‚Λ‚η‚Ά,σ‘,‹΄κπ”Τ,131067,“‹“s,‘δ“‹ζ,‹΄κ‚P’–Ϊ,2018-04-15,18,‚SK‚ΔΘγ‹¤“―Z‘ξ,‚»‚Μ‘Ό
ή“,•”•i‚Λ‚η‚Ά,‘ ‘O,‹e‰®‹΄π”Τ,131067,“‹“s,‘δ“‹ζ,‹ξ`‚P’–Ϊ,2018-04-20,20,‚SK‚ΔΘγ‹¤“―Z‘ξ,‚»‚Μ‘Ό
ή“,•”•i‚Λ‚η‚Ά,‘ ‘O,‹e‰®‹΄π”Τ,131067,“‹“s,‘δ“‹ζ,“γ–μ‚U’–Ϊ,2018-10-22,07,‚»‚Μ‘Ό,‚»‚Μ‘Ό
ή“,•”•i‚Λ‚η‚Ά,‘ ‘O,{‰κ‹΄π”Τ,131067,“‹“s,‘δ“‹ζ,σ‘‹΄‚R’–Ϊ,2018-09-06,17,’“Τi—Φjκ,ƒiƒ“ƒo[ƒvƒ[ƒg
ή“,•”•i‚Λ‚η‚Ά,‘ ‘O,{‰κ‹΄π”Τ,131067,“‹“s,‘δ“‹ζ,–φ‹΄‚Q’–Ϊ,2018-10-17,18,“ΉHγ,ƒiƒ“ƒo[ƒvƒ[ƒg
ή“,•”•i‚Λ‚η‚Ά,”φ‹v,F–μ‘Oπ”Τ,131181,“‹“s,rμ‹ζ,“”φ‹v‚U’–Ϊ,2018-04-12,22,“ΉHγ,‚»‚Μ‘Ό
ή“,•”•i‚Λ‚η‚Ά,”φ‹v,”φ’|‹΄π”Τ,131181,“‹“s,rμ‹ζ,’¬‰®‚V’–Ϊ,2018-06-20,09,’“Τi—Φjκ,ƒiƒ“ƒo[ƒvƒ[ƒg
ή“,•”•i‚Λ‚η‚Ά,”φ‹v,Ό”φ‹vπ”Τ,131181,“‹“s,rμ‹ζ,Ό”φ‹v‚P’–Ϊ,2018-09-04,10,“ΉHγ,ƒiƒ“ƒo[ƒvƒ[ƒg
ή“,•”•i‚Λ‚η‚Ά,”φ‹v,Ό”φ‹vπ”Τ,131181,“‹“s,rμ‹ζ,Ό”φ‹v‚Q’–Ϊ,2018-08-08,15,’“Τi—Φjκ,ƒiƒ“ƒo[ƒvƒ[ƒg
ή“,•”•i‚Λ‚η‚Ά,“μηZ,“V‰¤‘Oπ”Τ,131181,“‹“s,rμ‹ζ,“μηZ‚U’–Ϊ,2018-11-13,21,‚»‚Μ‘Ό‚ΜZ‘ξi‚RK‚ΔΘ‰Ί‹¤“―Z‘ξ“™j,‚»‚Μ‘Ό
ή“,•”•i‚Λ‚η‚Ά,“μηZ,“μηZ”ª’–Ϊπ”Τ,131181,“‹“s,rμ‹ζ,“μηZ‚S’–Ϊ,2018-08-04,18,“ΉHγ,ƒiƒ“ƒo[ƒvƒ[ƒg
ή“,•”•i‚Λ‚η‚Ά,“μηZ,“μηZ”ª’–Ϊπ”Τ,131181,“‹“s,rμ‹ζ,“μηZ‚S’–Ϊ,2018-09-04,23,‚SK‚ΔΘγ‹¤“―Z‘ξ,ƒiƒ“ƒo[ƒvƒ[ƒg
ή“,•”•i‚Λ‚η‚Ά,“μηZ,“μηZ”ª’–Ϊπ”Τ,131181,“‹“s,rμ‹ζ,“μηZ‚W’–Ϊ,2018-04-22,15,‚SK‚ΔΘγ‹¤“―Z‘ξ,‚»‚Μ‘Ό
ή“,•”•i‚Λ‚η‚Ά,“μηZ,“μηZ”ª’–Ϊπ”Τ,131181,“‹“s,rμ‹ζ,“μηZ‚W’–Ϊ,2018-08-03,•s–Ύ,‚SK‚ΔΘγ‹¤“―Z‘ξ,ƒiƒ“ƒo[ƒvƒ[ƒg
ή“,•”•i‚Λ‚η‚Ά,“μηZ,“μηZO’–Ϊπ”Τ,131181,“‹“s,rμ‹ζ,“μηZ‚R’–Ϊ,2018-06-13,18,‚SK‚ΔΘγ‹¤“―Z‘ξ,‚»‚Μ‘Ό
ή“,•”•i‚Λ‚η‚Ά,“μηZ,“μηZ‰w“ϋπ”Τ,131181,“‹“s,rμ‹ζ,“μηZ‚S’–Ϊ,2018-08-31,09,’“Τi—Φjκ,‚»‚Μ‘Ό
ή“,•”•i‚Λ‚η‚Ά,rμ,““ϊ•ι—Άπ”Τ,131181,“‹“s,rμ‹ζ,““ϊ•ι—Ά‚S’–Ϊ,2018-02-11,12,‚SK‚ΔΘγ‹¤“―Z‘ξ,‚»‚Μ‘Ό
ή“,•”•i‚Λ‚η‚Ά,rμ,rμά’–Ϊπ”Τ,131181,“‹“s,rμ‹ζ,rμ‚T’–Ϊ,2018-06-25,19,‚SK‚ΔΘγ‹¤“―Z‘ξ,ƒiƒ“ƒo[ƒvƒ[ƒg
ή“,•”•i‚Λ‚η‚Ά,rμ,rμά’–Ϊπ”Τ,131181,“‹“s,rμ‹ζ,rμ‚V’–Ϊ,2018-01-20,03,‚»‚Μ‘Ό‚ΜZ‘ξi‚RK‚ΔΘ‰Ί‹¤“―Z‘ξ“™j,ƒiƒ“ƒo[ƒvƒ[ƒg
ή“,•”•i‚Λ‚η‚Ά,rμ,“ϊ•ι—Ά‰w‘Oπ”Τ,131181,“‹“s,rμ‹ζ,““ϊ•ι—Ά‚U’–Ϊ,2018-09-01,14,κΛZ‘ξ,ƒiƒ“ƒo[ƒvƒ[ƒg
ή“,•”•i‚Λ‚η‚Ά,ηZ,–kηZ‰wΌϋπ”Τ,131211,“‹“s,‘«—§‹ζ,ηZ‚P’–Ϊ,2018-07-10,21,’“Τi—Φjκ,ƒiƒ“ƒo[ƒvƒ[ƒg
ή“,•”•i‚Λ‚η‚Ά,ηZ,–kηZ‰wΌϋπ”Τ,131211,“‹“s,‘«—§‹ζ,ηZ®’¬,2018-10-17,06,’“Τi—Φjκ,‚»‚Μ‘Ό
ή“,•”•i‚Λ‚η‚Ά,ηZ,ηZl’–Ϊπ”Τ,131211,“‹“s,‘«—§‹ζ,ηZ‚S’–Ϊ,2018-01-07,21,‚SK‚ΔΘγ‹¤“―Z‘ξ,‚»‚Μ‘Ό
ή“,•”•i‚Λ‚η‚Ά,ηZ,‘ε‹΄π”Τ,131211,“‹“s,‘«—§‹ζ,ηZ‰Ν΄’¬,2018-04-21,10,‚SK‚ΔΘγ‹¤“―Z‘ξ,ƒ^ƒCƒ„EƒzƒC[ƒ‹
ή“,•”•i‚Λ‚η‚Ά,ηZ,®’¬π”Τ,131211,“‹“s,‘«—§‹ζ,–φ΄‚P’–Ϊ,2018-04-13,21,‚»‚Μ‘Ό‚ΜZ‘ξi‚RK‚ΔΘ‰Ί‹¤“―Z‘ξ“™j,‚»‚Μ‘Ό
ή“,•”•i‚Λ‚η‚Ά,ηZ,–kηZ‰w“ϋπ”Τ,131211,“‹“s,‘«—§‹ζ,ηZ®’¬,2018-04-09,14,’“Τi—Φjκ,‚»‚Μ‘Ό
ή“,•”•i‚Λ‚η‚Ά,ηZ,–kηZ‰w“ϋπ”Τ,131211,“‹“s,‘«—§‹ζ,ηZ®’¬,2018-09-08,06,’“Τi—Φjκ,‚»‚Μ‘Ό
ή“,•”•i‚Λ‚η‚Ά,ηZ,–kηZ‰w“ϋπ”Τ,131211,“‹“s,‘«—§‹ζ,“ϊƒmo’¬,2018-04-01,21,‚SK‚ΔΘγ‹¤“―Z‘ξ,ƒiƒ“ƒo[ƒvƒ[ƒg
ή“,•”•i‚Λ‚η‚Ά,ΌVδ,”~“cµ’–Ϊπ”Τ,131211,“‹“s,‘«—§‹ζ,”~“‡‚Q’–Ϊ,2018-08-23,20,‚SK‚ΔΘγ‹¤“―Z‘ξ,‚»‚Μ‘Ό
ή“,•”•i‚Λ‚η‚Ά,ΌVδ,”~“cµ’–Ϊπ”Τ,131211,“‹“s,‘«—§‹ζ,”~“c‚V’–Ϊ,2018-04-01,22,‚SK‚ΔΘγ‹¤“―Z‘ξ,‚»‚Μ‘Ό
ή“,•”•i‚Λ‚η‚Ά,ΌVδ,”~“cµ’–Ϊπ”Τ,131211,“‹“s,‘«—§‹ζ,”~“c‚V’–Ϊ,2018-09-26,14,’“Τi—Φjκ,ƒ^ƒCƒ„EƒzƒC[ƒ‹
ή“,•”•i‚Λ‚η‚Ά,ΌVδ,”~“cµ’–Ϊπ”Τ,131211,“‹“s,‘«—§‹ζ,”~“c‚W’–Ϊ,2018-06-29,17,’“Τi—Φjκ,‚»‚Μ‘Ό
ή“,•”•i‚Λ‚η‚Ά,ΌVδ,”~“cµ’–Ϊπ”Τ,131211,“‹“s,‘«—§‹ζ,”~“c‚W’–Ϊ,2018-12-27,21,’“Τi—Φjκ,ƒiƒ“ƒo[ƒvƒ[ƒg
ή“,•”•i‚Λ‚η‚Ά,ΌVδ,‘εt‘Oπ”Τ,131211,“‹“s,‘«—§‹ζ,ΌVδ‚V’–Ϊ,2018-04-21,17,’“Τi—Φjκ,‚»‚Μ‘Ό
ή“,•”•i‚Λ‚η‚Ά,ΌVδ,ΌVδ‰w‘Oπ”Τ,131211,“‹“s,‘«—§‹ζ,”~“‡‚R’–Ϊ,2018-03-30,00,‚SK‚ΔΘγ‹¤“―Z‘ξ,ƒiƒ“ƒo[ƒvƒ[ƒg
ή“,•”•i‚Λ‚η‚Ά,ΌVδ,ΌVδ‰w‘Oπ”Τ,131211,“‹“s,‘«—§‹ζ,I΄‚R’–Ϊ,2018-09-08,15,’“Τi—Φjκ,ƒ^ƒCƒ„EƒzƒC[ƒ‹
ή“,•”•i‚Λ‚η‚Ά,ΌVδ,ΌVδ‰w‘Oπ”Τ,131211,“‹“s,‘«—§‹ζ,ΌVδ‰h’¬‚P’–Ϊ,2018-02-24,18,“ΉHγ,ƒiƒ“ƒo[ƒvƒ[ƒg
ή“,•”•i‚Λ‚η‚Ά,ΌVδ,ΌVδ‰w‘Oπ”Τ,131211,“‹“s,‘«—§‹ζ,ΌVδ‰h’¬‚P’–Ϊ,2018-05-22,09,’“Τi—Φjκ,‚»‚Μ‘Ό
ή“,•”•i‚Λ‚η‚Ά,ΌVδ,ΌVδ‰w‘Oπ”Τ,131211,“‹“s,‘«—§‹ζ,ΌVδ‰h’¬‚Q’–Ϊ,2018-05-12,10,’“Τi—Φjκ,‚»‚Μ‘Ό
ή“,•”•i‚Λ‚η‚Ά,ΌVδ,ΌVδ‰w‘Oπ”Τ,131211,“‹“s,‘«—§‹ζ,ΌVδ‰h’¬‚Q’–Ϊ,2018-09-16,10,’“Τi—Φjκ,‚»‚Μ‘Ό
ή“,•”•i‚Λ‚η‚Ά,ΌVδ,ΌVδ‰w‘Oπ”Τ,131211,“‹“s,‘«—§‹ζ,ΌVδ‰h’¬‚Q’–Ϊ,2018-12-25,15,’“Τi—Φjκ,‚»‚Μ‘Ό
ή“,•”•i‚Λ‚η‚Ά,ΌVδ,–{–Ψπ”Τ,131211,“‹“s,‘«—§‹ζ,–{–Ψ“μ’¬,2018-09-01,22,‚»‚Μ‘Ό,‚»‚Μ‘Ό
ή“,•”•i‚Λ‚η‚Ά,ΌVδ,]–kπ”Τ,131211,“‹“s,‘«—§‹ζ,]–k‚Q’–Ϊ,2018-01-14,12,κΛZ‘ξ,ƒiƒ“ƒo[ƒvƒ[ƒg
ή“,•”•i‚Λ‚η‚Ά,ΌVδ,]–kπ”Τ,131211,“‹“s,‘«—§‹ζ,]–k‚S’–Ϊ,2018-10-29,20,‚SK‚ΔΘγ‹¤“―Z‘ξ,‚»‚Μ‘Ό
ή“,•”•i‚Λ‚η‚Ά,ΌVδ,]–kπ”Τ,131211,“‹“s,‘«—§‹ζ,]–k‚V’–Ϊ,2018-05-18,07,‚SK‚ΔΘγ‹¤“―Z‘ξ,ƒiƒ“ƒo[ƒvƒ[ƒg
ή“,•”•i‚Λ‚η‚Ά,ΌVδ,‹{ιπ”Τ,131211,“‹“s,‘«—§‹ζ,¬‘δ‚P’–Ϊ,2018-08-28,09,‚»‚Μ‘Ό,‚»‚Μ‘Ό
ή“,•”•i‚Λ‚η‚Ά,ΌVδ,‹{ιπ”Τ,131211,“‹“s,‘«—§‹ζ,¬‘δ‚P’–Ϊ,2018-09-05,13,’“Τi—Φjκ,‚»‚Μ‘Ό
ή“,•”•i‚Λ‚η‚Ά,ΌVδ,‹{ιπ”Τ,131211,“‹“s,‘«—§‹ζ,¬‘δ‚Q’–Ϊ,2018-03-21,22,’“Τi—Φjκ,ƒiƒ“ƒo[ƒvƒ[ƒg
ή“,•”•i‚Λ‚η‚Ά,ΌVδ,“‡ªπ”Τ,131211,“‹“s,‘«—§‹ζ,“‡ª‚P’–Ϊ,2018-04-09,18,’“Τi—Φjκ,ƒiƒ“ƒo[ƒvƒ[ƒg
ή“,•”•i‚Λ‚η‚Ά,ΌVδ,“‡ªπ”Τ,131211,“‹“s,‘«—§‹ζ,Z‚P’–Ϊ,2018-02-09,17,’“Τi—Φjκ,ƒiƒ“ƒo[ƒvƒ[ƒg
ή“,•”•i‚Λ‚η‚Ά,ΌVδ,“‡ªπ”Τ,131211,“‹“s,‘«—§‹ζ,Z‚P’–Ϊ,2018-10-22,17,‚SK‚ΔΘγ‹¤“―Z‘ξ,‚»‚Μ‘Ό
ή“,•”•i‚Λ‚η‚Ά,ΌVδ,“‡ªπ”Τ,131211,“‹“s,‘«—§‹ζ,Z‚Q’–Ϊ,2018-08-26,22,’“Τi—Φjκ,ƒiƒ“ƒo[ƒvƒ[ƒg
ή“,•”•i‚Λ‚η‚Ά,ΌVδ,“‡ªπ”Τ,131211,“‹“s,‘«—§‹ζ,Z‚R’–Ϊ,2018-02-24,17,‚SK‚ΔΘγ‹¤“―Z‘ξ,‚»‚Μ‘Ό
ή“,•”•i‚Λ‚η‚Ά,ΌVδ,Mΐπ”Τ,131211,“‹“s,‘«—§‹ζ,]–k‚U’–Ϊ,2018-03-15,•s–Ύ,’“Τi—Φjκ,‚»‚Μ‘Ό
ή“,•”•i‚Λ‚η‚Ά,ΌVδ,Mΐπ”Τ,131211,“‹“s,‘«—§‹ζ,]–k‚U’–Ϊ,2018-08-09,07,’“Τi—Φjκ,ƒiƒ“ƒo[ƒvƒ[ƒg
ή“,•”•i‚Λ‚η‚Ά,ΌVδ,Mΐπ”Τ,131211,“‹“s,‘«—§‹ζ,Mΐ‚P’–Ϊ,2018-09-22,05,’“Τi—Φjκ,‚»‚Μ‘Ό
ή“,•”•i‚Λ‚η‚Ά,ΌVδ,Mΐπ”Τ,131211,“‹“s,‘«—§‹ζ,­•l‚U’–Ϊ,2018-05-23,19,‚SK‚ΔΘγ‹¤“―Z‘ξ,‚»‚Μ‘Ό
ή“,•”•i‚Λ‚η‚Ά,ΌVδ,Mΐπ”Τ,131211,“‹“s,‘«—§‹ζ,­•l‚U’–Ϊ,2018-06-08,10,’“Τi—Φjκ,‚»‚Μ‘Ό
ή“,•”•i‚Λ‚η‚Ά,ΌVδ,Mΐπ”Τ,131211,“‹“s,‘«—§‹ζ,­•l‚U’–Ϊ,2018-10-20,19,‚SK‚ΔΘγ‹¤“―Z‘ξ,ƒiƒ“ƒo[ƒvƒ[ƒg
ή“,•”•i‚Λ‚η‚Ά,ΌVδ,Mΐπ”Τ,131211,“‹“s,‘«—§‹ζ,­•l‚V’–Ϊ,2018-04-20,17,’“Τi—Φjκ,ƒ^ƒCƒ„EƒzƒC[ƒ‹
ή“,•”•i‚Λ‚η‚Ά,ΌVδ,Mΐπ”Τ,131211,“‹“s,‘«—§‹ζ,­•l‚V’–Ϊ,2018-10-01,19,“ΉHγ,‚»‚Μ‘Ό
ή“,•”•i‚Λ‚η‚Ά,ΌVδ,­•lπ”Τ,131211,“‹“s,‘«—§‹ζ,­•l‚Q’–Ϊ,2018-02-13,13,’“Τi—Φjκ,ƒiƒ“ƒo[ƒvƒ[ƒg
ή“,•”•i‚Λ‚η‚Ά,ΌVδ,V“c’“έ,131211,“‹“s,‘«—§‹ζ,V“c‚P’–Ϊ,2015-01-30,•s–Ύ,’“Τi—Φjκ,ƒiƒ“ƒo[ƒvƒ[ƒg
ή“,•”•i‚Λ‚η‚Ά,ΌVδ,V“c’“έ,131211,“‹“s,‘«—§‹ζ,V“c‚R’–Ϊ,2018-09-12,17,‚SK‚ΔΘγ‹¤“―Z‘ξ,‚»‚Μ‘Ό
ή“,•”•i‚Λ‚η‚Ά,ΌVδ,V“c’“έ,131211,“‹“s,‘«—§‹ζ,V“c‚R’–Ϊ,2018-11-18,15,‚SK‚ΔΘγ‹¤“―Z‘ξ,‚»‚Μ‘Ό
ή“,•”•i‚Λ‚η‚Ά,ΌVδ,ΌVδά’–Ϊπ”Τ,131211,“‹“s,‘«—§‹ζ,ΌVδ‚R’–Ϊ,2018-03-17,00,’“Τi—Φjκ,‚»‚Μ‘Ό
ή“,•”•i‚Λ‚η‚Ά,ΌVδ,ΌVδά’–Ϊπ”Τ,131211,“‹“s,‘«—§‹ζ,ΌVδ‚S’–Ϊ,2018-01-14,15,“ΉHγ,‚»‚Μ‘Ό
ή“,•”•i‚Λ‚η‚Ά,ΌVδ,ξπ”Τ,131211,“‹“s,‘«—§‹ζ,ξ‚P’–Ϊ,2018-04-27,15,’“Τi—Φjκ,ƒiƒ“ƒo[ƒvƒ[ƒg
ή“,•”•i‚Λ‚η‚Ά,ΌVδ,ξπ”Τ,131211,“‹“s,‘«—§‹ζ,ξ‚P’–Ϊ,2018-08-26,15,’“Τi—Φjκ,ƒiƒ“ƒo[ƒvƒ[ƒg
ή“,•”•i‚Λ‚η‚Ά,ΌVδ,ξπ”Τ,131211,“‹“s,‘«—§‹ζ,ξ‚Q’–Ϊ,2018-02-10,15,‚»‚Μ‘Ό,‚»‚Μ‘Ό
ή“,•”•i‚Λ‚η‚Ά,ΌVδ,ξπ”Τ,131211,“‹“s,‘«—§‹ζ,ξ‚Q’–Ϊ,2018-04-30,16,’“Τi—Φjκ,ƒiƒ“ƒo[ƒvƒ[ƒg
ή“,•”•i‚Λ‚η‚Ά,ΌVδ,ξπ”Τ,131211,“‹“s,‘«—§‹ζ,ξ‚Q’–Ϊ,2018-05-14,20,‚SK‚ΔΘγ‹¤“―Z‘ξ,‚»‚Μ‘Ό
ή“,•”•i‚Λ‚η‚Ά,ΌVδ,ξπ”Τ,131211,“‹“s,‘«—§‹ζ,ξ‚R’–Ϊ,2018-03-01,20,‚SK‚ΔΘγ‹¤“―Z‘ξ,‚»‚Μ‘Ό
ή“,•”•i‚Λ‚η‚Ά,ΌVδ,ξπ”Τ,131211,“‹“s,‘«—§‹ζ,ξ‚R’–Ϊ,2018-06-07,19,‚»‚Μ‘Ό‚ΜZ‘ξi‚RK‚ΔΘ‰Ί‹¤“―Z‘ξ“™j,‚»‚Μ‘Ό
ή“,•”•i‚Λ‚η‚Ά,»£,‘ε’J“cπ”Τ,131211,“‹“s,‘«—§‹ζ,‘ε’J“c‚P’–Ϊ,2018-01-24,19,‚»‚Μ‘Ό‚ΜZ‘ξi‚RK‚ΔΘ‰Ί‹¤“―Z‘ξ“™j,ƒiƒ“ƒo[ƒvƒ[ƒg
ή“,•”•i‚Λ‚η‚Ά,»£,‘ε’J“cπ”Τ,131211,“‹“s,‘«—§‹ζ,‘ε’J“c‚P’–Ϊ,2018-10-01,17,‚SK‚ΔΘγ‹¤“―Z‘ξ,ƒiƒ“ƒo[ƒvƒ[ƒg
ή“,•”•i‚Λ‚η‚Ά,»£,‘ε’J“cπ”Τ,131211,“‹“s,‘«—§‹ζ,‘ε’J“c‚T’–Ϊ,2018-03-27,06,’“Τi—Φjκ,ƒiƒ“ƒo[ƒvƒ[ƒg
ή“,•”•i‚Λ‚η‚Ά,»£,‘ε’J“cπ”Τ,131211,“‹“s,‘«—§‹ζ,’J’†‚R’–Ϊ,2018-11-01,10,’“Τi—Φjκ,ƒiƒ“ƒo[ƒvƒ[ƒg
ή“,•”•i‚Λ‚η‚Ά,»£,‘ε’J“cπ”Τ,131211,“‹“s,‘«—§‹ζ,’J’†‚S’–Ϊ,2018-03-24,14,‚SK‚ΔΘγ‹¤“―Z‘ξ,ƒ^ƒCƒ„EƒzƒC[ƒ‹
ή“,•”•i‚Λ‚η‚Ά,»£,»£Z’–Ϊπ”Τ,131211,“‹“s,‘«—§‹ζ,’J’†‚Q’–Ϊ,2017-03-01,•s–Ύ,‚»‚Μ‘Ό‚ΜZ‘ξi‚RK‚ΔΘ‰Ί‹¤“―Z‘ξ“™j,ƒiƒ“ƒo[ƒvƒ[ƒg
ή“,•”•i‚Λ‚η‚Ά,»£,»£Z’–Ϊπ”Τ,131211,“‹“s,‘«—§‹ζ,’J’†‚Q’–Ϊ,2018-08-01,00,‚SK‚ΔΘγ‹¤“―Z‘ξ,‚»‚Μ‘Ό
ή“,•”•i‚Λ‚η‚Ά,»£,»£Z’–Ϊπ”Τ,131211,“‹“s,‘«—§‹ζ,’J’†‚Q’–Ϊ,2018-09-18,06,‚»‚Μ‘Ό,‚»‚Μ‘Ό
ή“,•”•i‚Λ‚η‚Ά,»£,»£‰wΌϋπ”Τ,131211,“‹“s,‘«—§‹ζ,Ό»£‚R’–Ϊ,2018-03-05,19,‚»‚Μ‘Ό‚ΜZ‘ξi‚RK‚ΔΘ‰Ί‹¤“―Z‘ξ“™j,‚»‚Μ‘Ό
ή“,•”•i‚Λ‚η‚Ά,»£,O“Ήπ”Τ,131211,“‹“s,‘«—§‹ζ,Βδ‚Q’–Ϊ,2018-03-31,20,‚»‚Μ‘Ό‚ΜZ‘ξi‚RK‚ΔΘ‰Ί‹¤“―Z‘ξ“™j,‚»‚Μ‘Ό
ή“,•”•i‚Λ‚η‚Ά,»£,O“Ήπ”Τ,131211,“‹“s,‘«—§‹ζ,Βδ‚R’–Ϊ,2018-05-12,17,‚SK‚ΔΘγ‹¤“―Z‘ξ,‚»‚Μ‘Ό
ή“,•”•i‚Λ‚η‚Ά,»£,O“Ήπ”Τ,131211,“‹“s,‘«—§‹ζ,Βδ‚S’–Ϊ,2018-03-18,16,‚»‚Μ‘Ό‚ΜZ‘ξi‚RK‚ΔΘ‰Ί‹¤“―Z‘ξ“™j,‚»‚Μ‘Ό
ή“,•”•i‚Λ‚η‚Ά,»£,O“Ήπ”Τ,131211,“‹“s,‘«—§‹ζ,Βδ‚S’–Ϊ,2018-03-28,18,κΛZ‘ξ,‚»‚Μ‘Ό
ή“,•”•i‚Λ‚η‚Ά,»£,O“Ήπ”Τ,131211,“‹“s,‘«—§‹ζ,O“Ή‚Q’–Ϊ,2018-05-12,17,‚SK‚ΔΘγ‹¤“―Z‘ξ,ƒiƒ“ƒo[ƒvƒ[ƒg
ή“,•”•i‚Λ‚η‚Ά,»£,O“Ήπ”Τ,131211,“‹“s,‘«—§‹ζ,O“Ή‚Q’–Ϊ,2018-06-10,10,‚SK‚ΔΘγ‹¤“―Z‘ξ,ƒiƒ“ƒo[ƒvƒ[ƒg
ή“,•”•i‚Λ‚η‚Ά,»£,’†‰›–{’¬π”Τ,131211,“‹“s,‘«—§‹ζ,’†‰›–{’¬‚P’–Ϊ,2018-08-26,14,‚SK‚ΔΘγ‹¤“―Z‘ξ,ƒiƒ“ƒo[ƒvƒ[ƒg
ή“,•”•i‚Λ‚η‚Ά,»£,’†‰›–{’¬π”Τ,131211,“‹“s,‘«—§‹ζ,•½–μ‚P’–Ϊ,2018-10-20,16,’“Τi—Φjκ,ƒiƒ“ƒo[ƒvƒ[ƒg
ή“,•”•i‚Λ‚η‚Ά,»£,’†‰›–{’¬π”Τ,131211,“‹“s,‘«—§‹ζ,•½–μ‚Q’–Ϊ,2018-04-06,19,‚»‚Μ‘Ό‚ΜZ‘ξi‚RK‚ΔΘ‰Ί‹¤“―Z‘ξ“™j,ƒ^ƒCƒ„EƒzƒC[ƒ‹
ή“,•”•i‚Λ‚η‚Ά,»£,_–Ύπ”Τ,131211,“‹“s,‘«—§‹ζ,–k‰Α•½’¬,2018-10-07,16,‚»‚Μ‘Ό‚ΜZ‘ξi‚RK‚ΔΘ‰Ί‹¤“―Z‘ξ“™j,ƒiƒ“ƒo[ƒvƒ[ƒg
ή“,•”•i‚Λ‚η‚Ά,»£,_–Ύπ”Τ,131211,“‹“s,‘«—§‹ζ,_–Ύ‚R’–Ϊ,2018-04-09,17,’“Τi—Φjκ,‚»‚Μ‘Ό
ή“,•”•i‚Λ‚η‚Ά,»£,_–Ύπ”Τ,131211,“‹“s,‘«—§‹ζ,Z–Ψ‚R’–Ϊ,2018-03-28,08,‚SK‚ΔΘγ‹¤“―Z‘ξ,‚»‚Μ‘Ό
ή“,•”•i‚Λ‚η‚Ά,»£,κƒc‰Ζπ”Τ,131211,“‹“s,‘«—§‹ζ,‰Α•½‚Q’–Ϊ,2018-05-18,17,‚SK‚ΔΘγ‹¤“―Z‘ξ,‚»‚Μ‘Ό
ή“,•”•i‚Λ‚η‚Ά,»£,κƒc‰Ζπ”Τ,131211,“‹“s,‘«—§‹ζ,κƒc‰Ζ‚R’–Ϊ,2018-04-02,19,‚SK‚ΔΘγ‹¤“―Z‘ξ,‚»‚Μ‘Ό
ή“,•”•i‚Λ‚η‚Ά,»£,κƒc‰Ζπ”Τ,131211,“‹“s,‘«—§‹ζ,κƒc‰Ζ‚R’–Ϊ,2018-04-27,19,‚»‚Μ‘Ό,‚»‚Μ‘Ό
ή“,•”•i‚Λ‚η‚Ά,»£,κƒc‰Ζπ”Τ,131211,“‹“s,‘«—§‹ζ,κƒc‰Ζ‚R’–Ϊ,2018-05-28,17,’“Τi—Φjκ,‚»‚Μ‘Ό
ή“,•”•i‚Λ‚η‚Ά,»£,κƒc‰Ζπ”Τ,131211,“‹“s,‘«—§‹ζ,κƒc‰Ζ‚R’–Ϊ,2018-10-03,18,κΛZ‘ξ,‚»‚Μ‘Ό
ή“,•”•i‚Λ‚η‚Ά,»£,κƒc‰Ζπ”Τ,131211,“‹“s,‘«—§‹ζ,κƒc‰Ζ‚R’–Ϊ,2018-10-15,19,“ΉHγ,ƒ^ƒCƒ„EƒzƒC[ƒ‹
ή“,•”•i‚Λ‚η‚Ά,»£,κƒc‰Ζπ”Τ,131211,“‹“s,‘«—§‹ζ,•Ϋ’Λ’¬,2018-02-16,16,’“Τi—Φjκ,‚»‚Μ‘Ό
ή“,•”•i‚Λ‚η‚Ά,»£,“aπ”Τ,131211,“‹“s,‘«—§‹ζ,“a‚P’–Ϊ,2018-05-08,16,’“Τi—Φjκ,‚»‚Μ‘Ό
ή“,•”•i‚Λ‚η‚Ά,»£,‘«—§l’–Ϊπ”Τ,131211,“‹“s,‘«—§‹ζ,‘«—§‚P’–Ϊ,2018-04-20,18,‚SK‚ΔΘγ‹¤“―Z‘ξ,ƒiƒ“ƒo[ƒvƒ[ƒg
ή“,•”•i‚Λ‚η‚Ά,»£,»£‰w“ϋπ”Τ,131211,“‹“s,‘«—§‹ζ,»£‚Q’–Ϊ,2018-06-26,07,’“Τi—Φjκ,‚»‚Μ‘Ό
ή“,•”•i‚Λ‚η‚Ά,»£,»£‰w“ϋπ”Τ,131211,“‹“s,‘«—§‹ζ,»£‚R’–Ϊ,2018-09-10,09,κΛZ‘ξ,‚»‚Μ‘Ό
ή“,•”•i‚Λ‚η‚Ά,»£,»£‰w“ϋπ”Τ,131211,“‹“s,‘«—§‹ζ,»£‚T’–Ϊ,2018-03-26,20,“ΉHγ,‚»‚Μ‘Ό
ή“,•”•i‚Λ‚η‚Ά,’|‚Μ’Λ,‰Τ”¨–k’“έ,131211,“‹“s,‘«—§‹ζ,‰Τ”¨‚T’–Ϊ,2017-11-20,08,‚SK‚ΔΘγ‹¤“―Z‘ξ,‚Θ‚µ
ή“,•”•i‚Λ‚η‚Ά,’|‚Μ’Λ,‰Τ”¨π”Τ,131211,“‹“s,‘«—§‹ζ,‰Τ”¨‚Q’–Ϊ,2018-11-30,20,‚SK‚ΔΘγ‹¤“―Z‘ξ,ƒiƒ“ƒo[ƒvƒ[ƒg
ή“,•”•i‚Λ‚η‚Ά,’|‚Μ’Λ,‰Τ”¨π”Τ,131211,“‹“s,‘«—§‹ζ,‰Τ”¨‚Q’–Ϊ,2018-12-14,22,’“Τi—Φjκ,‚»‚Μ‘Ό
ή“,•”•i‚Λ‚η‚Ά,’|‚Μ’Λ,‰Τ”¨π”Τ,131211,“‹“s,‘«—§‹ζ,‰Τ”¨‚R’–Ϊ,2018-02-25,19,’“Τi—Φjκ,ƒiƒ“ƒo[ƒvƒ[ƒg
ή“,•”•i‚Λ‚η‚Ά,’|‚Μ’Λ,‰Τ”¨π”Τ,131211,“‹“s,‘«—§‹ζ,‰Τ”¨‚T’–Ϊ,2018-02-20,20,‚SK‚ΔΘγ‹¤“―Z‘ξ,ƒiƒ“ƒo[ƒvƒ[ƒg
ή“,•”•i‚Λ‚η‚Ά,’|‚Μ’Λ,‰Τ”¨π”Τ,131211,“‹“s,‘«—§‹ζ,“μ‰Τ”¨‚Q’–Ϊ,2018-05-28,16,’“Τi—Φjκ,‚»‚Μ‘Ό
ή“,•”•i‚Λ‚η‚Ά,’|‚Μ’Λ,‰Τ”¨π”Τ,131211,“‹“s,‘«—§‹ζ,“μ‰Τ”¨‚Q’–Ϊ,2018-07-02,22,κΛZ‘ξ,‚»‚Μ‘Ό
ή“,•”•i‚Λ‚η‚Ά,’|‚Μ’Λ,‰Τ”¨π”Τ,131211,“‹“s,‘«—§‹ζ,“μ‰Τ”¨‚R’–Ϊ,2018-04-11,00,’“Τi—Φjκ,ƒiƒ“ƒo[ƒvƒ[ƒg
ή“,•”•i‚Λ‚η‚Ά,’|‚Μ’Λ,‰Τ”¨π”Τ,131211,“‹“s,‘«—§‹ζ,“μ‰Τ”¨‚R’–Ϊ,2018-12-01,12,’“Τi—Φjκ,ƒiƒ“ƒo[ƒvƒ[ƒg
ή“,•”•i‚Λ‚η‚Ά,’|‚Μ’Λ,•Ϋ–ΨΤπ”Τ,131211,“‹“s,‘«—§‹ζ,“Z’¬,2018-10-20,•s–Ύ,’“Τi—Φjκ,ƒiƒ“ƒo[ƒvƒ[ƒg
ή“,•”•i‚Λ‚η‚Ά,’|‚Μ’Λ,•Ϋ–ΨΤπ”Τ,131211,“‹“s,‘«—§‹ζ,•Ϋ–ΨΤ‚S’–Ϊ,2018-03-07,06,’“Τi—Φjκ,‚»‚Μ‘Ό
ή“,•”•i‚Λ‚η‚Ά,’|‚Μ’Λ,Ό•Ϋ–ΨΤπ”Τ,131211,“‹“s,‘«—§‹ζ,Ό•Ϋ–ΨΤ‚R’–Ϊ,2018-05-20,13,‚SK‚ΔΘγ‹¤“―Z‘ξ,‚»‚Μ‘Ό
ή“,•”•i‚Λ‚η‚Ά,’|‚Μ’Λ,Ό•Ϋ–ΨΤπ”Τ,131211,“‹“s,‘«—§‹ζ,Ό•Ϋ–ΨΤ‚S’–Ϊ,2017-08-01,•s–Ύ,‚SK‚ΔΘγ‹¤“―Z‘ξ,ƒiƒ“ƒo[ƒvƒ[ƒg
ή“,•”•i‚Λ‚η‚Ά,’|‚Μ’Λ,Ό•Ϋ–ΨΤπ”Τ,131211,“‹“s,‘«—§‹ζ,Ό•Ϋ–ΨΤ‚S’–Ϊ,2018-06-26,20,‚SK‚ΔΘγ‹¤“―Z‘ξ,‚»‚Μ‘Ό
ή“,•”•i‚Λ‚η‚Ά,’|‚Μ’Λ,Ό•Ϋ–ΨΤπ”Τ,131211,“‹“s,‘«—§‹ζ,•Ϋ–ΨΤ‚S’–Ϊ,2018-01-20,20,’“Τi—Φjκ,ƒiƒ“ƒo[ƒvƒ[ƒg
ή“,•”•i‚Λ‚η‚Ά,’|‚Μ’Λ,Ό•Ϋ–ΨΤπ”Τ,131211,“‹“s,‘«—§‹ζ,•Ϋ–ΨΤ‚T’–Ϊ,2018-07-01,17,’“Τi—Φjκ,ƒiƒ“ƒo[ƒvƒ[ƒg
ή“,•”•i‚Λ‚η‚Ά,’|‚Μ’Λ,’|‚Μ’Λ‰w‘Oπ”Τ,131211,“‹“s,‘«—§‹ζ,’|‚Μ’Λ‚P’–Ϊ,2017-12-12,07,“ΉHγ,ƒiƒ“ƒo[ƒvƒ[ƒg
ή“,•”•i‚Λ‚η‚Ά,’|‚Μ’Λ,’|‚Μ’Λ‰w‘Oπ”Τ,131211,“‹“s,‘«—§‹ζ,’|‚Μ’Λ‚P’–Ϊ,2018-08-11,18,’“Τi—Φjκ,‚»‚Μ‘Ό
ή“,•”•i‚Λ‚η‚Ά,’|‚Μ’Λ,’|‚Μ’Λ‰w‘Oπ”Τ,131211,“‹“s,‘«—§‹ζ,’|‚Μ’Λ‚R’–Ϊ,2018-05-01,01,κΛZ‘ξ,ƒiƒ“ƒo[ƒvƒ[ƒg
ή“,•”•i‚Λ‚η‚Ά,’|‚Μ’Λ,Ι‹»’¬π”Τ,131211,“‹“s,‘«—§‹ζ,Ι‹»‚S’–Ϊ,2018-09-07,12,‚SK‚ΔΘγ‹¤“―Z‘ξ,ƒiƒ“ƒo[ƒvƒ[ƒg
ή“,•”•i‚Λ‚η‚Ά,’|‚Μ’Λ,Ι‹»’¬π”Τ,131211,“‹“s,‘«—§‹ζ,Ι‹»‚T’–Ϊ,2018-11-12,17,‚SK‚ΔΘγ‹¤“―Z‘ξ,ƒiƒ“ƒo[ƒvƒ[ƒg
ή“,•”•i‚Λ‚η‚Ά,’|‚Μ’Λ,Ι‹»’¬π”Τ,131211,“‹“s,‘«—§‹ζ,Ό’|‚Μ’Λ‚P’–Ϊ,2018-09-26,02,‚SK‚ΔΘγ‹¤“―Z‘ξ,ƒiƒ“ƒo[ƒvƒ[ƒg
ή“,•”•i‚Λ‚η‚Ά,’|‚Μ’Λ,Ι‹»’¬π”Τ,131211,“‹“s,‘«—§‹ζ,Ό’|‚Μ’Λ‚P’–Ϊ,2018-11-10,13,’“Τi—Φjκ,‚»‚Μ‘Ό
ή“,•”•i‚Λ‚η‚Ά,’|‚Μ’Λ,Ι‹»’¬π”Τ,131211,“‹“s,‘«—§‹ζ,Ι‹»–{’¬‚Q’–Ϊ,2018-05-26,21,’“Τi—Φjκ,ƒiƒ“ƒo[ƒvƒ[ƒg
ή“,•”•i‚Λ‚η‚Ά,’|‚Μ’Λ,“ό’J’¬π”Τ,131211,“‹“s,‘«—§‹ζ,“ό’J‚P’–Ϊ,2018-02-21,22,’“Τi—Φjκ,‚»‚Μ‘Ό
ή“,•”•i‚Λ‚η‚Ά,’|‚Μ’Λ,“ό’J’¬π”Τ,131211,“‹“s,‘«—§‹ζ,“ό’J‚P’–Ϊ,2018-10-13,04,’“Τi—Φjκ,ƒiƒ“ƒo[ƒvƒ[ƒg
ή“,•”•i‚Λ‚η‚Ά,’|‚Μ’Λ,“ό’J’¬π”Τ,131211,“‹“s,‘«—§‹ζ,“ό’J‚R’–Ϊ,2018-05-20,13,’“Τi—Φjκ,‚»‚Μ‘Ό
ή“,•”•i‚Λ‚η‚Ά,’|‚Μ’Λ,“ό’J’¬π”Τ,131211,“‹“s,‘«—§‹ζ,“ό’J‚W’–Ϊ,2018-04-08,18,‚SK‚ΔΘγ‹¤“―Z‘ξ,‚»‚Μ‘Ό
ή“,•”•i‚Λ‚η‚Ά,’|‚Μ’Λ,“ό’J’¬π”Τ,131211,“‹“s,‘«—§‹ζ,“ό’J‚W’–Ϊ,2018-04-19,06,’“Τi—Φjκ,‚»‚Μ‘Ό
ή“,•”•i‚Λ‚η‚Ά,’|‚Μ’Λ,“ό’J’¬π”Τ,131211,“‹“s,‘«—§‹ζ,“ό’J‚W’–Ϊ,2018-06-29,21,‚SK‚ΔΘγ‹¤“―Z‘ξ,‚»‚Μ‘Ό
ή“,•”•i‚Λ‚η‚Ά,’|‚Μ’Λ,“ό’J’¬π”Τ,131211,“‹“s,‘«—§‹ζ,“ό’J‚X’–Ϊ,2018-01-27,15,’“Τi—Φjκ,‚»‚Μ‘Ό
ή“,•”•i‚Λ‚η‚Ά,’|‚Μ’Λ,“ό’J’¬π”Τ,131211,“‹“s,‘«—§‹ζ,“ό’J‚X’–Ϊ,2018-10-03,12,’“Τi—Φjκ,‚»‚Μ‘Ό
ή“,•”•i‚Λ‚η‚Ά,’|‚Μ’Λ,©ΐ‘γe…φ‰€‰w‘Oπ”Τ,131211,“‹“s,‘«—§‹ζ,Ιl‚Q’–Ϊ,2018-04-01,12,’“Τi—Φjκ,‚»‚Μ‘Ό
ή“,•”•i‚Λ‚η‚Ά,’|‚Μ’Λ,©ΐ‘γe…φ‰€‰w‘Oπ”Τ,131211,“‹“s,‘«—§‹ζ,Ιl‚T’–Ϊ,2018-06-12,18,“ΉHγ,‚»‚Μ‘Ό
ή“,•”•i‚Λ‚η‚Ά,’|‚Μ’Λ,©ΐ‘γe…φ‰€‰w‘Oπ”Τ,131211,“‹“s,‘«—§‹ζ,Ιl‚T’–Ϊ,2018-06-26,18,‚SK‚ΔΘγ‹¤“―Z‘ξ,‚»‚Μ‘Ό
ή“,•”•i‚Λ‚η‚Ά,’|‚Μ’Λ,©ΐ‘γe…φ‰€‰w‘Oπ”Τ,131211,“‹“s,‘«—§‹ζ,Ιl‚U’–Ϊ,2018-02-19,17,’“Τi—Φjκ,ƒiƒ“ƒo[ƒvƒ[ƒg
ή“,•”•i‚Λ‚η‚Ά,’|‚Μ’Λ,©ΐ‘γe…φ‰€‰w‘Oπ”Τ,131211,“‹“s,‘«—§‹ζ,Γη’J–{’¬‚Q’–Ϊ,2018-07-23,17,‚»‚Μ‘Ό‚ΜZ‘ξi‚RK‚ΔΘ‰Ί‹¤“―Z‘ξ“™j,ƒiƒ“ƒo[ƒvƒ[ƒg
ή“,•”•i‚Λ‚η‚Ά,’|‚Μ’Λ,Γη’J’“έ,131211,“‹“s,‘«—§‹ζ,ΌΙ‹»‚Q’–Ϊ,2018-07-06,18,’“Τi—Φjκ,ƒiƒ“ƒo[ƒvƒ[ƒg
ή“,•”•i‚Λ‚η‚Ά,ι“,iJ‹΄π”Τ,131083,“‹“s,]“‹ζ,‘ε“‡‚P’–Ϊ,2018-02-25,19,‚SK‚ΔΘγ‹¤“―Z‘ξ,‚»‚Μ‘Ό
ή“,•”•i‚Λ‚η‚Ά,ι“,iJ‹΄π”Τ,131083,“‹“s,]“‹ζ,‘ε“‡‚S’–Ϊ,2018-07-06,00,’“Τi—Φjκ,‚»‚Μ‘Ό
ή“,•”•i‚Λ‚η‚Ά,ι“,iJ‹΄π”Τ,131083,“‹“s,]“‹ζ,‘ε“‡‚S’–Ϊ,2018-09-05,20,‚SK‚ΔΘγ‹¤“―Z‘ξ,‚»‚Μ‘Ό
ή“,•”•i‚Λ‚η‚Ά,ι“,iJ‹΄π”Τ,131083,“‹“s,]“‹ζ,‘ε“‡‚S’–Ϊ,2018-11-18,17,‚SK‚ΔΘγ‹¤“―Z‘ξ,‚»‚Μ‘Ό
ή“,•”•i‚Λ‚η‚Ά,ι“,iJ‹΄π”Τ,131083,“‹“s,]“‹ζ,–k»‚Q’–Ϊ,2018-08-31,05,’“Τi—Φjκ,‚»‚Μ‘Ό
ή“,•”•i‚Λ‚η‚Ά,ι“,“ϊ‘‚‹΄π”Τ,131083,“‹“s,]“‹ζ,V»‚Q’–Ϊ,2018-03-28,18,’“Τi—Φjκ,‚»‚Μ‘Ό
ή“,•”•i‚Λ‚η‚Ά,ι“,“ϊ‘‚‹΄π”Τ,131083,“‹“s,]“‹ζ,“μ»‚Q’–Ϊ,2017-12-21,•s–Ύ,‚SK‚ΔΘγ‹¤“―Z‘ξ,ƒiƒ“ƒo[ƒvƒ[ƒg
ή“,•”•i‚Λ‚η‚Ά,ι“,“ϊ‘‚‹΄π”Τ,131083,“‹“s,]“‹ζ,“μ»‚Q’–Ϊ,2017-12-28,18,‚SK‚ΔΘγ‹¤“―Z‘ξ,ƒiƒ“ƒo[ƒvƒ[ƒg
ή“,•”•i‚Λ‚η‚Ά,ι“,“ϊ‘‚‹΄π”Τ,131083,“‹“s,]“‹ζ,“μ»‚Q’–Ϊ,2018-01-01,19,‚SK‚ΔΘγ‹¤“―Z‘ξ,ƒiƒ“ƒo[ƒvƒ[ƒg
ή“,•”•i‚Λ‚η‚Ά,ι“,“ϊ‘‚‹΄π”Τ,131083,“‹“s,]“‹ζ,“μ»‚Q’–Ϊ,2018-06-24,23,‚SK‚ΔΘγ‹¤“―Z‘ξ,ƒ^ƒCƒ„EƒzƒC[ƒ‹
ή“,•”•i‚Λ‚η‚Ά,ι“,“ϊ‘‚‹΄π”Τ,131083,“‹“s,]“‹ζ,“μ»‚Q’–Ϊ,2018-10-21,18,‚SK‚ΔΘγ‹¤“―Z‘ξ,ƒiƒ“ƒo[ƒvƒ[ƒg
ή“,•”•i‚Λ‚η‚Ά,ι“,‹Ό‹΄Όπ”Τ,131083,“‹“s,]“‹ζ,“»‚S’–Ϊ,2018-02-24,16,’“Τi—Φjκ,ƒiƒ“ƒo[ƒvƒ[ƒg
ή“,•”•i‚Λ‚η‚Ά,ι“,–k»ά’–Ϊπ”Τ,131083,“‹“s,]“‹ζ,–k»‚Q’–Ϊ,2018-07-29,15,’“Τi—Φjκ,‚»‚Μ‘Ό
ή“,•”•i‚Λ‚η‚Ά,ι“,–k»ά’–Ϊπ”Τ,131083,“‹“s,]“‹ζ,–k»‚Q’–Ϊ,2018-11-26,17,’“Τi—Φjκ,ƒ^ƒCƒ„EƒzƒC[ƒ‹
ή“,•”•i‚Λ‚η‚Ά,ι“,–k»ά’–Ϊπ”Τ,131083,“‹“s,]“‹ζ,–k»‚R’–Ϊ,2017-12-25,12,‚»‚Μ‘Ό‚ΜZ‘ξi‚RK‚ΔΘ‰Ί‹¤“―Z‘ξ“™j,‚»‚Μ‘Ό
ή“,•”•i‚Λ‚η‚Ά,ι“,–k»ά’–Ϊπ”Τ,131083,“‹“s,]“‹ζ,–k»‚R’–Ϊ,2018-08-19,17,‚SK‚ΔΘγ‹¤“―Z‘ξ,‚»‚Μ‘Ό
ή“,•”•i‚Λ‚η‚Ά,ι“,–k»ά’–Ϊπ”Τ,131083,“‹“s,]“‹ζ,–k»‚T’–Ϊ,2018-03-03,16,‚SK‚ΔΘγ‹¤“―Z‘ξ,ƒiƒ“ƒo[ƒvƒ[ƒg
ή“,•”•i‚Λ‚η‚Ά,ι“,–k»ά’–Ϊπ”Τ,131083,“‹“s,]“‹ζ,–k»‚T’–Ϊ,2018-10-26,21,‚SK‚ΔΘγ‹¤“―Z‘ξ,ƒiƒ“ƒo[ƒvƒ[ƒg
ή“,•”•i‚Λ‚η‚Ά,ι“,”Τ‹΄π”Τ,131083,“‹“s,]“‹ζ,“»‚Q’–Ϊ,2018-08-11,17,‚SK‚ΔΘγ‹¤“―Z‘ξ,ƒiƒ“ƒo[ƒvƒ[ƒg
ή“,•”•i‚Λ‚η‚Ά,ι“,”Τ‹΄π”Τ,131083,“‹“s,]“‹ζ,“»‚Q’–Ϊ,2018-08-15,10,‚SK‚ΔΘγ‹¤“―Z‘ξ,ƒiƒ“ƒo[ƒvƒ[ƒg
ή“,•”•i‚Λ‚η‚Ά,ι“,”Τ‹΄π”Τ,131083,“‹“s,]“‹ζ,“»‚R’–Ϊ,2018-01-10,19,’“Τi—Φjκ,‚»‚Μ‘Ό
ή“,•”•i‚Λ‚η‚Ά,ι“,‘ε“‡π”Τ,131083,“‹“s,]“‹ζ,‘ε“‡‚T’–Ϊ,2018-01-03,10,‚SK‚ΔΘγ‹¤“―Z‘ξ,‚»‚Μ‘Ό
ή“,•”•i‚Λ‚η‚Ά,ι“,‘ε“‡π”Τ,131083,“‹“s,]“‹ζ,‘ε“‡‚T’–Ϊ,2018-08-29,09,’“Τi—Φjκ,‚»‚Μ‘Ό
ή“,•”•i‚Λ‚η‚Ά,ι“,‘ε“‡π”Τ,131083,“‹“s,]“‹ζ,‘ε“‡‚U’–Ϊ,2018-03-04,21,‚SK‚ΔΘγ‹¤“―Z‘ξ,ƒiƒ“ƒo[ƒvƒ[ƒg
ή“,•”•i‚Λ‚η‚Ά,ι“,‘ε“‡π”Τ,131083,“‹“s,]“‹ζ,‘ε“‡‚U’–Ϊ,2018-07-21,17,‚SK‚ΔΘγ‹¤“―Z‘ξ,ƒiƒ“ƒo[ƒvƒ[ƒg
ή“,•”•i‚Λ‚η‚Ά,ι“,‘ε“‡π”Τ,131083,“‹“s,]“‹ζ,‘ε“‡‚U’–Ϊ,2018-07-23,18,‚SK‚ΔΘγ‹¤“―Z‘ξ,ƒiƒ“ƒo[ƒvƒ[ƒg
ή“,•”•i‚Λ‚η‚Ά,ι“,‘ε“‡π”Τ,131083,“‹“s,]“‹ζ,‘ε“‡‚U’–Ϊ,2018-07-25,09,‚SK‚ΔΘγ‹¤“―Z‘ξ,ƒiƒ“ƒo[ƒvƒ[ƒg
ή“,•”•i‚Λ‚η‚Ά,ι“,‘ε“‡π”Τ,131083,“‹“s,]“‹ζ,‘ε“‡‚U’–Ϊ,2018-11-23,07,’“Τi—Φjκ,‚»‚Μ‘Ό
ή“,•”•i‚Λ‚η‚Ά,ι“,‹TΛπ”Τ,131083,“‹“s,]“‹ζ,‹TΛ‚V’–Ϊ,2018-01-30,14,‚SK‚ΔΘγ‹¤“―Z‘ξ,ƒiƒ“ƒo[ƒvƒ[ƒg
ή“,•”•i‚Λ‚η‚Ά,ι“,‹TΛπ”Τ,131083,“‹“s,]“‹ζ,‹TΛ‚V’–Ϊ,2018-06-15,12,‚SK‚ΔΘγ‹¤“―Z‘ξ,ƒiƒ“ƒo[ƒvƒ[ƒg
ή“,•”•i‚Λ‚η‚Ά,ι“,‹TΛπ”Τ,131083,“‹“s,]“‹ζ,‹TΛ‚V’–Ϊ,2018-06-17,20,‚SK‚ΔΘγ‹¤“―Z‘ξ,ƒiƒ“ƒo[ƒvƒ[ƒg
ή“,•”•i‚Λ‚η‚Ά,ι“,‹TΛπ”Τ,131083,“‹“s,]“‹ζ,‹TΛ‚X’–Ϊ,2018-07-13,18,’“Τi—Φjκ,‚»‚Μ‘Ό
ή“,•”•i‚Λ‚η‚Ά,ι“,“V_‹΄π”Τ,131083,“‹“s,]“‹ζ,‹TΛ‚Q’–Ϊ,2018-01-30,15,‚SK‚ΔΘγ‹¤“―Z‘ξ,ƒiƒ“ƒo[ƒvƒ[ƒg
ή“,•”•i‚Λ‚η‚Ά,ι“,“V_‹΄π”Τ,131083,“‹“s,]“‹ζ,‹TΛ‚Q’–Ϊ,2018-10-23,11,“ΉHγ,ƒiƒ“ƒo[ƒvƒ[ƒg
ή“,•”•i‚Λ‚η‚Ά,ι“,“V_‹΄π”Τ,131083,“‹“s,]“‹ζ,‹TΛ‚R’–Ϊ,2018-06-02,20,“ΉHγ,‚»‚Μ‘Ό
ή“,•”•i‚Λ‚η‚Ά,ι“,‹TΛ‰w‘Oπ”Τ,131083,“‹“s,]“‹ζ,‹TΛ‚P’–Ϊ,2018-03-21,08,’“Τi—Φjκ,ƒ^ƒCƒ„EƒzƒC[ƒ‹
ή“,•”•i‚Λ‚η‚Ά,ι“,‹TΛ‰w‘Oπ”Τ,131083,“‹“s,]“‹ζ,‹TΛ‚Q’–Ϊ,2018-09-03,20,’“Τi—Φjκ,‚»‚Μ‘Ό
ή“,•”•i‚Λ‚η‚Ά,ι“,‹TΛ‰w‘Oπ”Τ,131083,“‹“s,]“‹ζ,‹TΛ‚T’–Ϊ,2017-12-25,13,’“Τi—Φjκ,‚»‚Μ‘Ό
ή“,•”•i‚Λ‚η‚Ά,ι“,‹TΛ‰w‘Oπ”Τ,131083,“‹“s,]“‹ζ,‹TΛ‚T’–Ϊ,2018-04-19,10,“ΉHγ,‚»‚Μ‘Ό
ή“,•”•i‚Λ‚η‚Ά,ι“,‹TΛ‰w‘Oπ”Τ,131083,“‹“s,]“‹ζ,‹TΛ‚T’–Ϊ,2018-05-11,11,κΛZ‘ξ,‚»‚Μ‘Ό
ή“,•”•i‚Λ‚η‚Ά,ι“,“‘ε“‡‰w‘Oπ”Τ,131083,“‹“s,]“‹ζ,‘ε“‡‚V’–Ϊ,2018-01-23,18,‚SK‚ΔΘγ‹¤“―Z‘ξ,‚»‚Μ‘Ό
ή“,•”•i‚Λ‚η‚Ά,ι“,“‘ε“‡‰w‘Oπ”Τ,131083,“‹“s,]“‹ζ,‘ε“‡‚V’–Ϊ,2018-07-20,19,‚SK‚ΔΘγ‹¤“―Z‘ξ,‚»‚Μ‘Ό
ή“,•”•i‚Λ‚η‚Ά,ι“,“‘ε“‡‰w‘Oπ”Τ,131083,“‹“s,]“‹ζ,‘ε“‡‚W’–Ϊ,2018-05-02,17,’“Τi—Φjκ,‚»‚Μ‘Ό
ή“,•”•i‚Λ‚η‚Ά,ι“,“‘ε“‡‰w‘Oπ”Τ,131083,“‹“s,]“‹ζ,‘ε“‡‚W’–Ϊ,2018-06-08,09,‚SK‚ΔΘγ‹¤“―Z‘ξ,ƒiƒ“ƒo[ƒvƒ[ƒg
ή“,•”•i‚Λ‚η‚Ά,ι“,“‘ε“‡‰w‘Oπ”Τ,131083,“‹“s,]“‹ζ,‘ε“‡‚W’–Ϊ,2018-06-23,19,‚SK‚ΔΘγ‹¤“―Z‘ξ,‚»‚Μ‘Ό
ή“,•”•i‚Λ‚η‚Ά,ι“,“‘ε“‡‰w‘Oπ”Τ,131083,“‹“s,]“‹ζ,‘ε“‡‚W’–Ϊ,2018-08-09,19,‚SK‚ΔΘγ‹¤“―Z‘ξ,ƒiƒ“ƒo[ƒvƒ[ƒg
ή“,•”•i‚Λ‚η‚Ά,–{,—Ό‘π”Τ,131075,“‹“s,–n“c‹ζ,—Ό‘‚S’–Ϊ,2018-09-28,15,‚»‚Μ‘Ό,ƒiƒ“ƒo[ƒvƒ[ƒg
ή“,•”•i‚Λ‚η‚Ά,–{,‹eμ“ρ’–Ϊπ”Τ,131075,“‹“s,–n“c‹ζ,]“‹΄‚T’–Ϊ,2018-04-01,23,‚SK‚ΔΘγ‹¤“―Z‘ξ,‚»‚Μ‘Ό
ή“,•”•i‚Λ‚η‚Ά,–{,]“‹΄π”Τ,131075,“‹“s,–n“c‹ζ,‹T‘ς‚S’–Ϊ,2018-10-05,17,“ΉHγ,‚»‚Μ‘Ό
ή“,•”•i‚Λ‚η‚Ά,–{,‹Ρ…’¬‰w–kϋπ”Τ,131075,“‹“s,–n“c‹ζ,‹Ρ…‚S’–Ϊ,2018-05-24,11,‚»‚Μ‘Ό,‚»‚Μ‘Ό
ή“,•”•i‚Λ‚η‚Ά,–{,‹Ρ…’¬‰w–kϋπ”Τ,131075,“‹“s,–n“c‹ζ,‘Ύ•½‚P’–Ϊ,2018-07-01,16,κΛZ‘ξ,‚»‚Μ‘Ό
ή“,•”•i‚Λ‚η‚Ά,–{,‹Ρ…’¬‰w–kϋπ”Τ,131075,“‹“s,–n“c‹ζ,‘Ύ•½‚P’–Ϊ,2018-09-12,18,‚SK‚ΔΘγ‹¤“―Z‘ξ,‚»‚Μ‘Ό
ή“,•”•i‚Λ‚η‚Ά,–{,‹Ρ…’¬‰w–kϋπ”Τ,131075,“‹“s,–n“c‹ζ,‘Ύ•½‚P’–Ϊ,2018-11-09,11,‚SK‚ΔΘγ‹¤“―Z‘ξ,‚»‚Μ‘Ό
ή“,•”•i‚Λ‚η‚Ά,–{,‹Ρ…’¬‰w–kϋπ”Τ,131075,“‹“s,–n“c‹ζ,‘Ύ•½‚S’–Ϊ,2018-06-22,18,‚SK‚ΔΘγ‹¤“―Z‘ξ,‚»‚Μ‘Ό
ή“,•”•i‚Λ‚η‚Ά,–{,‹Ρ…’¬‰w–kϋπ”Τ,131075,“‹“s,–n“c‹ζ,‘Ύ•½‚S’–Ϊ,2018-11-14,15,‚»‚Μ‘Ό,‚»‚Μ‘Ό
ή“,•”•i‚Λ‚η‚Ά,–{,‰΅μπ”Τ,131075,“‹“s,–n“c‹ζ,–{‚S’–Ϊ,2018-08-15,18,’“Τi—Φjκ,ƒiƒ“ƒo[ƒvƒ[ƒg
ή“,•”•i‚Λ‚η‚Ά,–{,‰΅μπ”Τ,131075,“‹“s,–n“c‹ζ,–{‚S’–Ϊ,2018-12-09,14,’“Τi—Φjκ,ƒiƒ“ƒo[ƒvƒ[ƒg
ή“,•”•i‚Λ‚η‚Ά,–{,‰΅μπ”Τ,131075,“‹“s,–n“c‹ζ,‰΅μ‚R’–Ϊ,2018-09-13,19,’“Τi—Φjκ,‚»‚Μ‘Ό
ή“,•”•i‚Λ‚η‚Ά,–{,‰΅μπ”Τ,131075,“‹“s,–n“c‹ζ,‰΅μ‚T’–Ϊ,2018-02-27,17,‚SK‚ΔΘγ‹¤“―Z‘ξ,‚»‚Μ‘Ό
ή“,•”•i‚Λ‚η‚Ά,–{,‰΅μπ”Τ,131075,“‹“s,–n“c‹ζ,‰΅μ‚T’–Ϊ,2018-02-28,10,‚SK‚ΔΘγ‹¤“―Z‘ξ,‚»‚Μ‘Ό
ή“,•”•i‚Λ‚η‚Ά,–{,‰γ‰w‘Oπ”Τ,131075,“‹“s,–n“c‹ζ,‰γ‚P’–Ϊ,2018-02-19,06,‚»‚Μ‘Ό,‚»‚Μ‘Ό
ή“,•”•i‚Λ‚η‚Ά,–{,‰γ‰w‘Oπ”Τ,131075,“‹“s,–n“c‹ζ,‰γ‚P’–Ϊ,2018-07-07,18,‚SK‚ΔΘγ‹¤“―Z‘ξ,‚»‚Μ‘Ό
ή“,•”•i‚Λ‚η‚Ά,–{,‰γ‰w‘Oπ”Τ,131075,“‹“s,–n“c‹ζ,‹Ζ•½‚P’–Ϊ,2018-04-14,23,‚SK‚ΔΘγ‹¤“―Z‘ξ,‚»‚Μ‘Ό
ή“,•”•i‚Λ‚η‚Ά,–{,αΘ‹΄π”Τ,131075,“‹“s,–n“c‹ζ,αΘ‹΄‚P’–Ϊ,2018-11-22,09,’“Τi—Φjκ,‚»‚Μ‘Ό
ή“,•”•i‚Λ‚η‚Ά,–{,‰΅–Τπ”Τ,131075,“‹“s,–n“c‹ζ,–{‚P’–Ϊ,2018-03-31,00,κΛZ‘ξ,‚»‚Μ‘Ό
ή“,•”•i‚Λ‚η‚Ά,–{,‰΅–Τπ”Τ,131075,“‹“s,–n“c‹ζ,–{‚Q’–Ϊ,2018-05-28,11,’“Τi—Φjκ,ƒ^ƒCƒ„EƒzƒC[ƒ‹
ή“,•”•i‚Λ‚η‚Ά,–{,Ξ΄O’–Ϊπ”Τ,131075,“‹“s,–n“c‹ζ,Ξ΄‚R’–Ϊ,2018-06-17,15,‚»‚Μ‘Ό,ƒiƒ“ƒo[ƒvƒ[ƒg
ή“,•”•i‚Λ‚η‚Ά,–{,Ξ΄O’–Ϊπ”Τ,131075,“‹“s,–n“c‹ζ,Ξ΄‚R’–Ϊ,2018-06-17,17,’“Τi—Φjκ,ƒiƒ“ƒo[ƒvƒ[ƒg
ή“,•”•i‚Λ‚η‚Ά,–{,Ξ΄O’–Ϊπ”Τ,131075,“‹“s,–n“c‹ζ,‹T‘ς‚Q’–Ϊ,2018-11-14,22,‚SK‚ΔΘγ‹¤“―Z‘ξ,ƒ^ƒCƒ„EƒzƒC[ƒ‹
ή“,•”•i‚Λ‚η‚Ά,ό“‡,•½δ‹΄π”Τ,131075,“‹“s,–n“c‹ζ,—§‰Τ‚U’–Ϊ,2018-03-04,14,‚SK‚ΔΘγ‹¤“―Z‘ξ,‚»‚Μ‘Ό
ή“,•”•i‚Λ‚η‚Ά,ό“‡,¬‘Ίδπ”Τ,131075,“‹“s,–n“c‹ζ,—§‰Τ‚P’–Ϊ,2018-03-17,18,‚SK‚ΔΘγ‹¤“―Z‘ξ,‚»‚Μ‘Ό
ή“,•”•i‚Λ‚η‚Ά,ό“‡,¬‘Ίδπ”Τ,131075,“‹“s,–n“c‹ζ,—§‰Τ‚P’–Ϊ,2018-05-18,15,‚SK‚ΔΘγ‹¤“―Z‘ξ,‚»‚Μ‘Ό
ή“,•”•i‚Λ‚η‚Ά,ό“‡,¬‘Ίδπ”Τ,131075,“‹“s,–n“c‹ζ,—§‰Τ‚P’–Ϊ,2018-12-07,18,‚SK‚ΔΘγ‹¤“―Z‘ξ,ƒiƒ“ƒo[ƒvƒ[ƒg
ή“,•”•i‚Λ‚η‚Ά,ό“‡,¬‘Ίδπ”Τ,131075,“‹“s,–n“c‹ζ,•¶‰Τ‚P’–Ϊ,2018-09-07,19,‚»‚Μ‘Ό‚ΜZ‘ξi‚RK‚ΔΘ‰Ί‹¤“―Z‘ξ“™j,‚»‚Μ‘Ό
ή“,•”•i‚Λ‚η‚Ά,ό“‡,‹“‡“ρ’–Ϊπ”Τ,131075,“‹“s,–n“c‹ζ,‹“‡‚Q’–Ϊ,2018-09-16,15,‚SK‚ΔΘγ‹¤“―Z‘ξ,‚»‚Μ‘Ό
ή“,•”•i‚Λ‚η‚Ά,ό“‡,‹“‡“ρ’–Ϊπ”Τ,131075,“‹“s,–n“c‹ζ,‹“‡‚Q’–Ϊ,2018-09-17,15,‚SK‚ΔΘγ‹¤“―Z‘ξ,‚»‚Μ‘Ό
ή“,•”•i‚Λ‚η‚Ά,ό“‡,‹“‡“ρ’–Ϊπ”Τ,131075,“‹“s,–n“c‹ζ,‹“‡‚R’–Ϊ,2018-11-13,22,‚SK‚ΔΘγ‹¤“―Z‘ξ,‚»‚Μ‘Ό
ή“,•”•i‚Λ‚η‚Ά,ό“‡,“ό“‡π”Τ,131075,“‹“s,–n“c‹ζ,‹“‡‚P’–Ϊ,2018-08-23,21,’“Τi—Φjκ,ƒiƒ“ƒo[ƒvƒ[ƒg
ή“,•”•i‚Λ‚η‚Ά,ό“‡,“ό“‡π”Τ,131075,“‹“s,–n“c‹ζ,“ό“‡‚Q’–Ϊ,2018-04-04,09,’“Τi—Φjκ,‚»‚Μ‘Ό
ή“,•”•i‚Λ‚η‚Ά,ό“‡,“ό“‡π”Τ,131075,“‹“s,–n“c‹ζ,“ό“‡‚Q’–Ϊ,2018-11-25,10,‚SK‚ΔΘγ‹¤“―Z‘ξ,ƒ^ƒCƒ„EƒzƒC[ƒ‹
ή“,•”•i‚Λ‚η‚Ά,ό“‡,”’ιΆ‹΄π”Τ,131075,“‹“s,–n“c‹ζ,–n“c‚P’–Ϊ,2018-03-14,02,‚SK‚ΔΘγ‹¤“―Z‘ξ,‚»‚Μ‘Ό
ή“,•”•i‚Λ‚η‚Ά,ό“‡,”’ιΆ‹΄π”Τ,131075,“‹“s,–n“c‹ζ,–n“c‚Q’–Ϊ,2018-06-30,08,κΛZ‘ξ,‚»‚Μ‘Ό
ή“,•”•i‚Λ‚η‚Ά,ό“‡,”’ιΆ‹΄π”Τ,131075,“‹“s,–n“c‹ζ,–n“c‚Q’–Ϊ,2018-10-08,05,‚SK‚ΔΘγ‹¤“―Z‘ξ,‚»‚Μ‘Ό
ή“,•”•i‚Λ‚η‚Ά,ό“‡,”’ιΆ‹΄π”Τ,131075,“‹“s,–n“c‹ζ,’η’Κ‚P’–Ϊ,2018-09-28,18,‚SK‚ΔΘγ‹¤“―Z‘ξ,ƒ^ƒCƒ„EƒzƒC[ƒ‹
ή“,•”•i‚Λ‚η‚Ά,ό“‡,”’ιΆ‹΄π”Τ,131075,“‹“s,–n“c‹ζ,“ό“‡‚S’–Ϊ,2018-03-17,12,‚SK‚ΔΘγ‹¤“―Z‘ξ,‚»‚Μ‘Ό
ή“,•”•i‚Λ‚η‚Ά,ό“‡,–n“cO’–Ϊπ”Τ,131075,“‹“s,–n“c‹ζ,“ό“‡‚T’–Ϊ,2018-02-17,17,“ΉHγ,‚»‚Μ‘Ό
ή“,•”•i‚Λ‚η‚Ά,ό“‡,lƒc–Ψ‹΄π”Τ,131075,“‹“s,–n“c‹ζ,”ªL‚U’–Ϊ,2018-08-24,18,’“Τi—Φjκ,‚»‚Μ‘Ό
ή“,•”•i‚Λ‚η‚Ά,ό“‡,”ªLl’–Ϊπ”Τ,131075,“‹“s,–n“c‹ζ,“–n“c‚Q’–Ϊ,2018-05-20,09,’“Τi—Φjκ,‚»‚Μ‘Ό
ή“,•”•i‚Λ‚η‚Ά,ό“‡,”ªLl’–Ϊπ”Τ,131075,“‹“s,–n“c‹ζ,”ªL‚S’–Ϊ,2018-05-18,16,‚SK‚ΔΘγ‹¤“―Z‘ξ,‚»‚Μ‘Ό
ή“,•”•i‚Λ‚η‚Ά,‹T—L,¬›π”Τ,131229,“‹“s,‹ό‹ζ,¬›‚Q’–Ϊ,2018-02-02,20,’“Τi—Φjκ,ƒ^ƒCƒ„EƒzƒC[ƒ‹
ή“,•”•i‚Λ‚η‚Ά,‹T—L,¬›π”Τ,131229,“‹“s,‹ό‹ζ,¬›‚S’–Ϊ,2018-10-03,19,’“Τi—Φjκ,‚»‚Μ‘Ό
ή“,•”•i‚Λ‚η‚Ά,‹T—L,–xΨµ’–Ϊπ”Τ,131229,“‹“s,‹ό‹ζ,–xΨ‚U’–Ϊ,2018-05-20,22,’“Τi—Φjκ,ƒ^ƒCƒ„EƒzƒC[ƒ‹
ή“,•”•i‚Λ‚η‚Ά,‹T—L,–xΨµ’–Ϊπ”Τ,131229,“‹“s,‹ό‹ζ,–xΨ‚U’–Ϊ,2018-10-21,15,“ΉHγ,‚»‚Μ‘Ό
ή“,•”•i‚Λ‚η‚Ά,‹T—L,ΒΛπ”Τ,131229,“‹“s,‹ό‹ζ,ΒΛ‚S’–Ϊ,2018-05-18,17,’“Τi—Φjκ,ƒiƒ“ƒo[ƒvƒ[ƒg
ή“,•”•i‚Λ‚η‚Ά,‹T—L,ΒΛπ”Τ,131229,“‹“s,‹ό‹ζ,ΒΛ‚W’–Ϊ,2018-02-14,20,‚»‚Μ‘Ό‚ΜZ‘ξi‚RK‚ΔΘ‰Ί‹¤“―Z‘ξ“™j,‚»‚Μ‘Ό
ή“,•”•i‚Λ‚η‚Ά,‹T—L,‹T—L‰w“μϋπ”Τ,131229,“‹“s,‹ό‹ζ,‹T—L‚Q’–Ϊ,2018-02-19,20,κΛZ‘ξ,ƒ^ƒCƒ„EƒzƒC[ƒ‹
ή“,•”•i‚Λ‚η‚Ά,‹T—L,‹T—L‰w“μϋπ”Τ,131229,“‹“s,‹ό‹ζ,‹T—L‚R’–Ϊ,2018-08-25,21,’“Τi—Φjκ,‚»‚Μ‘Ό
ή“,•”•i‚Λ‚η‚Ά,‹T—L,‹T—L‰w“μϋπ”Τ,131229,“‹“s,‹ό‹ζ,‹T—L‚R’–Ϊ,2018-09-19,16,’“Τi—Φjκ,‚»‚Μ‘Ό
ή“,•”•i‚Λ‚η‚Ά,‹T—L,‹T—L‰w“μϋπ”Τ,131229,“‹“s,‹ό‹ζ,‹T—L‚R’–Ϊ,2018-11-01,09,’“Τi—Φjκ,‚»‚Μ‘Ό
ή“,•”•i‚Λ‚η‚Ά,‹T—L,‹T—L‰w–kϋπ”Τ,131229,“‹“s,‹ό‹ζ,‹T—L‚R’–Ϊ,2018-10-19,11,’“Τi—Φjκ,‚»‚Μ‘Ό
ή“,•”•i‚Λ‚η‚Ά,‹T—L,‹T—L‰w–kϋπ”Τ,131229,“‹“s,‹ό‹ζ,‹T—L‚T’–Ϊ,2018-07-05,21,’“Τi—Φjκ,‚»‚Μ‘Ό
ή“,•”•i‚Λ‚η‚Ά,‹T—L,Δ–”π”Τ,131229,“‹“s,‹ό‹ζ,Δ–”‚P’–Ϊ,2018-10-31,20,‚SK‚ΔΘγ‹¤“―Z‘ξ,‚»‚Μ‘Ό
ή“,•”•i‚Λ‚η‚Ά,‹T—L,Ό‹T—Lπ”Τ,131229,“‹“s,‹ό‹ζ,‹T—L‚S’–Ϊ,2018-05-24,18,‚SK‚ΔΘγ‹¤“―Z‘ξ,‚»‚Μ‘Ό
ή“,•”•i‚Λ‚η‚Ά,‹T—L,Ό‹T—Lπ”Τ,131229,“‹“s,‹ό‹ζ,‹T—L‚S’–Ϊ,2018-05-28,13,’“Τi—Φjκ,‚»‚Μ‘Ό
ή“,•”•i‚Λ‚η‚Ά,‹T—L,Ό‹T—Lπ”Τ,131229,“‹“s,‹ό‹ζ,Ό‹T—L‚Q’–Ϊ,2018-10-14,00,‚SK‚ΔΘγ‹¤“―Z‘ξ,ƒiƒ“ƒo[ƒvƒ[ƒg
ή“,•”•i‚Λ‚η‚Ά,‹T—L,ΒΛ–k•”’“έ,131229,“‹“s,‹ό‹ζ,ΒΛ‚T’–Ϊ,2018-05-12,17,’“Τi—Φjκ,ƒ^ƒCƒ„EƒzƒC[ƒ‹
ή“,•”•i‚Λ‚η‚Ά,‹T—L,ΒΛ–k•”’“έ,131229,“‹“s,‹ό‹ζ,ΒΛ‚V’–Ϊ,2018-11-12,19,‚SK‚ΔΘγ‹¤“―Z‘ξ,‚»‚Μ‘Ό
ή“,•”•i‚Λ‚η‚Ά,‹T—L,‹ΰ’¬‰w–kϋπ”Τ,131229,“‹“s,‹ό‹ζ,Vh‚U’–Ϊ,2018-01-01,19,‚SK‚ΔΘγ‹¤“―Z‘ξ,ƒiƒ“ƒo[ƒvƒ[ƒg
ή“,•”•i‚Λ‚η‚Ά,‹T—L,‹ΰ’¬‰w–kϋπ”Τ,131229,“‹“s,‹ό‹ζ,“‹ΰ’¬‚P’–Ϊ,2018-03-31,19,‚SK‚ΔΘγ‹¤“―Z‘ξ,ƒiƒ“ƒo[ƒvƒ[ƒg
ή“,•”•i‚Λ‚η‚Ά,‹T—L,‹ΰ’¬‰w–kϋπ”Τ,131229,“‹“s,‹ό‹ζ,“μ…³‚P’–Ϊ,2018-11-02,22,‚SK‚ΔΘγ‹¤“―Z‘ξ,‚»‚Μ‘Ό
ή“,•”•i‚Λ‚η‚Ά,‹T—L,…³φ‰€‘Oπ”Τ,131229,“‹“s,‹ό‹ζ,“‹ΰ’¬‚P’–Ϊ,2018-11-16,10,’“Τi—Φjκ,‚»‚Μ‘Ό
ή“,•”•i‚Λ‚η‚Ά,‹T—L,…³φ‰€‘Oπ”Τ,131229,“‹“s,‹ό‹ζ,“…³‚T’–Ϊ,2018-04-19,16,‚»‚Μ‘Ό‚ΜZ‘ξi‚RK‚ΔΘ‰Ί‹¤“―Z‘ξ“™j,ƒ^ƒCƒ„EƒzƒC[ƒ‹
ή“,•”•i‚Λ‚η‚Ά,‹T—L,…³’“έ,131229,“‹“s,‹ό‹ζ,Ό…³‚P’–Ϊ,2018-03-25,02,κΛZ‘ξ,ƒ^ƒCƒ„EƒzƒC[ƒ‹
ή“,•”•i‚Λ‚η‚Ά,‹T—L,…³’“έ,131229,“‹“s,‹ό‹ζ,Ό…³‚P’–Ϊ,2018-04-16,16,’“Τi—Φjκ,ƒ^ƒCƒ„EƒzƒC[ƒ‹
ή“,•”•i‚Λ‚η‚Ά,‹T—L,…³’“έ,131229,“‹“s,‹ό‹ζ,Ό…³‚Q’–Ϊ,2018-03-26,06,’“Τi—Φjκ,ƒ^ƒCƒ„EƒzƒC[ƒ‹
ή“,•”•i‚Λ‚η‚Ά,‹T—L,Δ–”“ρ’–Ϊπ”Τ,131229,“‹“s,‹ό‹ζ,Δ–”‚Q’–Ϊ,2018-04-04,19,‚»‚Μ‘Ό,‚»‚Μ‘Ό
ή“,•”•i‚Λ‚η‚Ά,‹T—L,Δ–”“ρ’–Ϊπ”Τ,131229,“‹“s,‹ό‹ζ,Δ–”‚Q’–Ϊ,2018-06-15,12,‚SK‚ΔΘγ‹¤“―Z‘ξ,‚»‚Μ‘Ό
ή“,•”•i‚Λ‚η‚Ά,‹T—L,Δ–”“ρ’–Ϊπ”Τ,131229,“‹“s,‹ό‹ζ,Δ–”‚R’–Ϊ,2017-12-10,12,‚SK‚ΔΘγ‹¤“―Z‘ξ,ƒiƒ“ƒo[ƒvƒ[ƒg
ή“,•”•i‚Λ‚η‚Ά,‹T—L,Δ–”“ρ’–Ϊπ”Τ,131229,“‹“s,‹ό‹ζ,Vh‚R’–Ϊ,2018-04-04,16,’“Τi—Φjκ,‚»‚Μ‘Ό
ή“,•”•i‚Λ‚η‚Ά,‹T—L,“μ…³π”Τ,131229,“‹“s,‹ό‹ζ,Vh‚U’–Ϊ,2018-09-02,17,“ΉHγ,‚»‚Μ‘Ό
ή“,•”•i‚Λ‚η‚Ά,‹T—L,‹O‹΄π”Τ,131229,“‹“s,‹ό‹ζ,Ό…³‚U’–Ϊ,2018-02-13,23,‚»‚Μ‘Ό,ƒiƒ“ƒo[ƒvƒ[ƒg
ή“,•”•i‚Λ‚η‚Ά,‹T—L,‹O‹΄π”Τ,131229,“‹“s,‹ό‹ζ,Ό…³‚U’–Ϊ,2018-06-08,19,‚»‚Μ‘Ό,‚»‚Μ‘Ό
ή“,•”•i‚Λ‚η‚Ά,‹T—L,‹O‹΄π”Τ,131229,“‹“s,‹ό‹ζ,“…³‚T’–Ϊ,2018-01-26,18,’“Τi—Φjκ,‚»‚Μ‘Ό
ή“,•”•i‚Λ‚η‚Ά,‹T—L,‹O‹΄π”Τ,131229,“‹“s,‹ό‹ζ,“…³‚T’–Ϊ,2018-04-24,16,‚SK‚ΔΘγ‹¤“―Z‘ξ,ƒ^ƒCƒ„EƒzƒC[ƒ‹
ή“,•”•i‚Λ‚η‚Ά,‹T—L,‹O‹΄π”Τ,131229,“‹“s,‹ό‹ζ,“…³‚T’–Ϊ,2018-07-07,17,‚SK‚ΔΘγ‹¤“―Z‘ξ,‚»‚Μ‘Ό
ή“,•”•i‚Λ‚η‚Ά,‹T—L,‹O‹΄π”Τ,131229,“‹“s,‹ό‹ζ,…³‚S’–Ϊ,2018-11-02,20,κΛZ‘ξ,‚»‚Μ‘Ό
ή“,•”•i‚Λ‚η‚Ά,‹T—L,‹O‹΄π”Τ,131229,“‹“s,‹ό‹ζ,…³‚T’–Ϊ,2018-11-20,10,’“Τi—Φjκ,‚»‚Μ‘Ό
ή“,•”•i‚Λ‚η‚Ά,‹ό,,131211,“‹“s,‘«—§‹ζ,’†μ‚P’–Ϊ,2016-10-01,•s–Ύ,’“Τi—Φjκ,ƒiƒ“ƒo[ƒvƒ[ƒg
ή“,•”•i‚Λ‚η‚Ά,‹ό,lƒc–Ψπ”Τ,131229,“‹“s,‹ό‹ζ,l‚Β–Ψ‚Q’–Ϊ,2018-04-06,18,‚»‚Μ‘Ό‚ΜZ‘ξi‚RK‚ΔΘ‰Ί‹¤“―Z‘ξ“™j,‚»‚Μ‘Ό
ή“,•”•i‚Λ‚η‚Ά,‹ό,lƒc–Ψπ”Τ,131229,“‹“s,‹ό‹ζ,l‚Β–Ψ‚Q’–Ϊ,2018-11-25,15,’“Τi—Φjκ,‚»‚Μ‘Ό
ή“,•”•i‚Λ‚η‚Ά,‹ό,–xΨ‰w‘Oπ”Τ,131229,“‹“s,‹ό‹ζ,–xΨ‚Q’–Ϊ,2018-11-16,18,“ΉHγ,‚»‚Μ‘Ό
ή“,•”•i‚Λ‚η‚Ά,‹ό,•σ’¬π”Τ,131229,“‹“s,‹ό‹ζ,•σ’¬‚P’–Ϊ,2018-02-12,22,’“Τi—Φjκ,‚»‚Μ‘Ό
ή“,•”•i‚Λ‚η‚Ά,‹ό,•σ’¬π”Τ,131229,“‹“s,‹ό‹ζ,•σ’¬‚Q’–Ϊ,2018-05-13,18,‚»‚Μ‘Ό‚ΜZ‘ξi‚RK‚ΔΘ‰Ί‹¤“―Z‘ξ“™j,‚»‚Μ‘Ό
ή“,•”•i‚Λ‚η‚Ά,‹ό,—§Ξπ”Τ,131229,“‹“s,‹ό‹ζ,—§Ξ‚S’–Ϊ,2018-09-30,19,‚SK‚ΔΘγ‹¤“―Z‘ξ,ƒ^ƒCƒ„EƒzƒC[ƒ‹
ή“,•”•i‚Λ‚η‚Ά,‹ό,—§Ξ‰w‘Oπ”Τ,131229,“‹“s,‹ό‹ζ,—§Ξ‚Q’–Ϊ,2018-03-06,18,‚»‚Μ‘Ό‚ΜZ‘ξi‚RK‚ΔΘ‰Ί‹¤“―Z‘ξ“™j,‚»‚Μ‘Ό
ή“,•”•i‚Λ‚η‚Ά,‹ό,—§Ξ‰w‘Oπ”Τ,131229,“‹“s,‹ό‹ζ,—§Ξ‚S’–Ϊ,2018-10-29,14,κΛZ‘ξ,‚»‚Μ‘Ό
ή“,•”•i‚Λ‚η‚Ά,‹ό,—§Ξ‰w‘Oπ”Τ,131229,“‹“s,‹ό‹ζ,—§Ξ‚T’–Ϊ,2018-05-09,12,’“Τi—Φjκ,ƒ^ƒCƒ„EƒzƒC[ƒ‹
ή“,•”•i‚Λ‚η‚Ά,‹ό,Β“u‰w‘Oπ”Τ,131229,“‹“s,‹ό‹ζ,ΒΛ‚R’–Ϊ,2018-10-17,06,’“Τi—Φjκ,‚»‚Μ‘Ό
ή“,•”•i‚Λ‚η‚Ά,‹ό,‚»‰w‘Oπ”Τ,131229,“‹“s,‹ό‹ζ,‚»‚P’–Ϊ,2018-05-29,02,“ΉHγ,‚Θ‚µ
ή“,•”•i‚Λ‚η‚Ά,‹ό,‚»‰w‘Oπ”Τ,131229,“‹“s,‹ό‹ζ,‚»‚R’–Ϊ,2012-05-06,11,κΛZ‘ξ,ƒiƒ“ƒo[ƒvƒ[ƒg
ή“,•”•i‚Λ‚η‚Ά,‹ό,‚»‰w‘Oπ”Τ,131229,“‹“s,‹ό‹ζ,‚»‚T’–Ϊ,2018-03-04,17,‚»‚Μ‘Ό‚ΜZ‘ξi‚RK‚ΔΘ‰Ί‹¤“―Z‘ξ“™j,‚»‚Μ‘Ό
ή“,•”•i‚Λ‚η‚Ά,‹ό,‚»‰w‘Oπ”Τ,131229,“‹“s,‹ό‹ζ,‚»‚T’–Ϊ,2018-03-27,16,‚»‚Μ‘Ό‚ΜZ‘ξi‚RK‚ΔΘ‰Ί‹¤“―Z‘ξ“™j,‚»‚Μ‘Ό
ή“,•”•i‚Λ‚η‚Ά,‹ό,Χ“cπ”Τ,131229,“‹“s,‹ό‹ζ,Χ“c‚R’–Ϊ,2018-11-28,12,‚SK‚ΔΘγ‹¤“―Z‘ξ,ƒiƒ“ƒo[ƒvƒ[ƒg
ή“,•”•i‚Λ‚η‚Ά,‹ό,Χ“cπ”Τ,131229,“‹“s,‹ό‹ζ,Χ“c‚S’–Ϊ,2018-02-13,20,‚»‚Μ‘Ό,ƒiƒ“ƒo[ƒvƒ[ƒg
ή“,•”•i‚Λ‚η‚Ά,‹ό,V¬β‰w‘Oπ”Τ,131229,“‹“s,‹ό‹ζ,V¬β‚R’–Ϊ,2018-02-18,22,’“Τi—Φjκ,ƒ^ƒCƒ„EƒzƒC[ƒ‹
ή“,•”•i‚Λ‚η‚Ά,‹ό,‚½‚Β‚έ‹΄π”Τ,131229,“‹“s,‹ό‹ζ,ΌV¬β‚S’–Ϊ,2018-12-07,10,‚»‚Μ‘Ό‚ΜZ‘ξi‚RK‚ΔΘ‰Ί‹¤“―Z‘ξ“™j,‚»‚Μ‘Ό
ή“,•”•i‚Λ‚η‚Ά,‹ό,‚½‚Β‚έ‹΄π”Τ,131229,“‹“s,‹ό‹ζ,“V¬β‚P’–Ϊ,2018-10-16,20,’“Τi—Φjκ,‚»‚Μ‘Ό
ή“,•”•i‚Λ‚η‚Ά,‹ό,‚½‚Β‚έ‹΄π”Τ,131229,“‹“s,‹ό‹ζ,“V¬β‚P’–Ϊ,2018-12-07,08,’“Τi—Φjκ,‚»‚Μ‘Ό
ή“,•”•i‚Λ‚η‚Ά,‹ό,‚½‚Β‚έ‹΄π”Τ,131229,“‹“s,‹ό‹ζ,“V¬β‚Q’–Ϊ,2018-02-05,16,‚»‚Μ‘Ό‚ΜZ‘ξi‚RK‚ΔΘ‰Ί‹¤“―Z‘ξ“™j,‚»‚Μ‘Ό
ή“,•”•i‚Λ‚η‚Ά,‹ό,‚½‚Β‚έ‹΄π”Τ,131229,“‹“s,‹ό‹ζ,“V¬β‚V’–Ϊ,2018-12-15,18,‚»‚Μ‘Ό‚ΜZ‘ξi‚RK‚ΔΘ‰Ί‹¤“―Z‘ξ“™j,‚»‚Μ‘Ό
ή“,•”•i‚Λ‚η‚Ά,‹ό,γ•½δπ”Τ,131229,“‹“s,‹ό‹ζ,“V¬β‚U’–Ϊ,2018-01-10,10,’“Τi—Φjκ,‚»‚Μ‘Ό
ή“,•”•i‚Λ‚η‚Ά,‹ό,γ•½δπ”Τ,131229,“‹“s,‹ό‹ζ,“V¬β‚U’–Ϊ,2018-01-30,20,“ΉHγ,ƒiƒ“ƒo[ƒvƒ[ƒg
ή“,•”•i‚Λ‚η‚Ά,‹ό,γ•½δπ”Τ,131229,“‹“s,‹ό‹ζ,“V¬β‚U’–Ϊ,2018-02-28,23,’“Τi—Φjκ,ƒiƒ“ƒo[ƒvƒ[ƒg
ή“,•”•i‚Λ‚η‚Ά,‹ό,γ•½δπ”Τ,131229,“‹“s,‹ό‹ζ,“V¬β‚V’–Ϊ,2018-09-20,14,‚»‚Μ‘Ό‚ΜZ‘ξi‚RK‚ΔΘ‰Ί‹¤“―Z‘ξ“™j,‚»‚Μ‘Ό
ή“,•”•i‚Λ‚η‚Ά,‹ό,γ•½δπ”Τ,131229,“‹“s,‹ό‹ζ,“V¬β‚W’–Ϊ,2018-03-23,12,’“Τi—Φjκ,‚»‚Μ‘Ό
ή“,•”•i‚Λ‚η‚Ά,‹ό,γ•½δπ”Τ,131229,“‹“s,‹ό‹ζ,“V¬β‚W’–Ϊ,2018-07-30,22,‚»‚Μ‘Ό‚ΜZ‘ξi‚RK‚ΔΘ‰Ί‹¤“―Z‘ξ“™j,‚»‚Μ‘Ό
ή“,•”•i‚Λ‚η‚Ά,‹ό,•½a‹΄π”Τ,131229,“‹“s,‹ό‹ζ,“—§Ξ‚S’–Ϊ,2018-04-23,17,’“Τi—Φjκ,ƒ^ƒCƒ„EƒzƒC[ƒ‹
ή“,•”•i‚Λ‚η‚Ά,‹ό,•½a‹΄π”Τ,131229,“‹“s,‹ό‹ζ,“—§Ξ‚S’–Ϊ,2018-05-06,01,‚»‚Μ‘Ό‚ΜZ‘ξi‚RK‚ΔΘ‰Ί‹¤“―Z‘ξ“™j,‚»‚Μ‘Ό
ή“,•”•i‚Λ‚η‚Ά,‹ό,lƒc–Ψ‰w‘Oπ”Τ,131229,“‹“s,‹ό‹ζ,“l‚Β–Ψ‚S’–Ϊ,2018-06-01,04,‚»‚Μ‘Ό‚ΜZ‘ξi‚RK‚ΔΘ‰Ί‹¤“―Z‘ξ“™j,ƒiƒ“ƒo[ƒvƒ[ƒg
ή“,•”•i‚Λ‚η‚Ά,‹ό,‰Λπ”Τ,131229,“‹“s,‹ό‹ζ,‰Λ‚R’–Ϊ,2018-01-10,14,’“Τi—Φjκ,‚»‚Μ‘Ό
ή“,•”•i‚Λ‚η‚Ά,‹ό,‰Λπ”Τ,131229,“‹“s,‹ό‹ζ,‰Λ‚R’–Ϊ,2018-01-10,17,’“Τi—Φjκ,‚»‚Μ‘Ό
ή“,•”•i‚Λ‚η‚Ά,‹ό,‰Λπ”Τ,131229,“‹“s,‹ό‹ζ,‰Λ‚R’–Ϊ,2018-02-18,17,‚»‚Μ‘Ό‚ΜZ‘ξi‚RK‚ΔΘ‰Ί‹¤“―Z‘ξ“™j,‚»‚Μ‘Ό
ή“,•”•i‚Λ‚η‚Ά,‹ό,‰Λπ”Τ,131229,“‹“s,‹ό‹ζ,‰Λ‚S’–Ϊ,2018-04-12,18,’“Τi—Φjκ,‚»‚Μ‘Ό
ή“,•”•i‚Λ‚η‚Ά,‹ό,‰Λπ”Τ,131229,“‹“s,‹ό‹ζ,‰Λ‚S’–Ϊ,2018-09-30,12,‚»‚Μ‘Ό,‚»‚Μ‘Ό
ή“,•”•i‚Λ‚η‚Ά,‹ό,‰Λπ”Τ,131229,“‹“s,‹ό‹ζ,‰Λ‚U’–Ϊ,2016-12-19,17,‚»‚Μ‘Ό‚ΜZ‘ξi‚RK‚ΔΘ‰Ί‹¤“―Z‘ξ“™j,ƒiƒ“ƒo[ƒvƒ[ƒg
ή“,•”•i‚Λ‚η‚Ά,‹ό,‰Λπ”Τ,131229,“‹“s,‹ό‹ζ,‰Λ‚V’–Ϊ,2018-03-18,20,‚»‚Μ‘Ό,ƒiƒ“ƒo[ƒvƒ[ƒg
ή“,•”•i‚Λ‚η‚Ά,‹ό,‰Λπ”Τ,131229,“‹“s,‹ό‹ζ,‰Λ‚W’–Ϊ,2018-07-30,21,κΛZ‘ξ,ƒiƒ“ƒo[ƒvƒ[ƒg
ή“,•”•i‚Λ‚η‚Ά,‹ό,™‘qπ”Τ,131229,“‹“s,‹ό‹ζ,™‘q‚R’–Ϊ,2018-01-11,04,’“Τi—Φjκ,‚»‚Μ‘Ό
ή“,•”•i‚Λ‚η‚Ά,‹ό,™‘qπ”Τ,131229,“‹“s,‹ό‹ζ,™‘q‚R’–Ϊ,2018-08-04,17,‚»‚Μ‘Ό,ƒiƒ“ƒo[ƒvƒ[ƒg
ή“,•”•i‚Λ‚η‚Ά,¬Όμ,,,,,,2018-10-16,21,’“Τi—Φjκ,ƒiƒ“ƒo[ƒvƒ[ƒg
ή“,•”•i‚Λ‚η‚Ά,¬Όμ,•½δµ’–Ϊπ”Τ,131237,“‹“s,]Λμ‹ζ,•½δ‚V’–Ϊ,2018-07-12,08,’“Τi—Φjκ,‚»‚Μ‘Ό
ή“,•”•i‚Λ‚η‚Ά,¬Όμ,Ό“‡l’–Ϊπ”Τ,131237,“‹“s,]Λμ‹ζ,Ό“‡‚R’–Ϊ,2018-09-01,19,‚»‚Μ‘Ό‚ΜZ‘ξi‚RK‚ΔΘ‰Ί‹¤“―Z‘ξ“™j,‚»‚Μ‘Ό
ή“,•”•i‚Λ‚η‚Ά,¬Όμ,”ª‘ ‹΄π”Τ,131237,“‹“s,]Λμ‹ζ,’†‰›‚Q’–Ϊ,2018-01-31,22,’“Τi—Φjκ,‚»‚Μ‘Ό
ή“,•”•i‚Λ‚η‚Ά,¬Όμ,”ª‘ ‹΄π”Τ,131237,“‹“s,]Λμ‹ζ,’†‰›‚Q’–Ϊ,2018-02-28,03,‚»‚Μ‘Ό‚ΜZ‘ξi‚RK‚ΔΘ‰Ί‹¤“―Z‘ξ“™j,ƒiƒ“ƒo[ƒvƒ[ƒg
ή“,•”•i‚Λ‚η‚Ά,¬Όμ,”ª‘ ‹΄π”Τ,131237,“‹“s,]Λμ‹ζ,’†‰›‚R’–Ϊ,2018-03-20,15,’“Τi—Φjκ,‚»‚Μ‘Ό
ή“,•”•i‚Λ‚η‚Ά,¬Όμ,”ª‘ ‹΄π”Τ,131237,“‹“s,]Λμ‹ζ,‘ε™‚P’–Ϊ,2018-02-14,18,’“Τi—Φjκ,‚»‚Μ‘Ό
ή“,•”•i‚Λ‚η‚Ά,¬Όμ,”ª‘ ‹΄π”Τ,131237,“‹“s,]Λμ‹ζ,‘ε™‚T’–Ϊ,2018-05-02,22,κΛZ‘ξ,ƒiƒ“ƒo[ƒvƒ[ƒg
ή“,•”•i‚Λ‚η‚Ά,¬Όμ,‹—t’Κπ”Τ,131237,“‹“s,]Λμ‹ζ,κ”V]‚P’–Ϊ,2018-01-10,16,’“Τi—Φjκ,‚»‚Μ‘Ό
ή“,•”•i‚Λ‚η‚Ά,¬Όμ,‹—t’Κπ”Τ,131237,“‹“s,]Λμ‹ζ,’†‰›‚Q’–Ϊ,2018-03-18,18,‚SK‚ΔΘγ‹¤“―Z‘ξ,‚»‚Μ‘Ό
ή“,•”•i‚Λ‚η‚Ά,¬Όμ,‹—t’Κπ”Τ,131237,“‹“s,]Λμ‹ζ,Όκ”V]‚P’–Ϊ,2018-07-26,18,κΛZ‘ξ,ƒiƒ“ƒo[ƒvƒ[ƒg
ή“,•”•i‚Λ‚η‚Ά,¬Όμ,‹—t’Κπ”Τ,131237,“‹“s,]Λμ‹ζ,‘ε™‚Q’–Ϊ,2018-10-07,22,‚SK‚ΔΘγ‹¤“―Z‘ξ,‚»‚Μ‘Ό
ή“,•”•i‚Λ‚η‚Ά,¬Όμ,Ό]π”Τ,131237,“‹“s,]Λμ‹ζ,Όκ”V]‚R’–Ϊ,2018-09-28,03,’“Τi—Φjκ,‚»‚Μ‘Ό
ή“,•”•i‚Λ‚η‚Ά,¬Όμ,Ό]π”Τ,131237,“‹“s,]Λμ‹ζ,“¬Όμ‚Q’–Ϊ,2018-10-07,15,’“Τi—Φjκ,‚»‚Μ‘Ό
ή“,•”•i‚Λ‚η‚Ά,¬Όμ,Ό]π”Τ,131237,“‹“s,]Λμ‹ζ,“¬Όμ‚Q’–Ϊ,2018-10-14,20,’“Τi—Φjκ,‚»‚Μ‘Ό
ή“,•”•i‚Λ‚η‚Ά,¬Όμ,Ό]π”Τ,131237,“‹“s,]Λμ‹ζ,“¬Όμ‚Q’–Ϊ,2018-11-17,15,’“Τi—Φjκ,‚»‚Μ‘Ό
ή“,•”•i‚Λ‚η‚Ά,¬Όμ,Ό]π”Τ,131237,“‹“s,]Λμ‹ζ,Ό]‚P’–Ϊ,2018-07-13,11,’“Τi—Φjκ,ƒiƒ“ƒo[ƒvƒ[ƒg
ή“,•”•i‚Λ‚η‚Ά,¬Όμ,Ό]π”Τ,131237,“‹“s,]Λμ‹ζ,Ό]‚S’–Ϊ,2018-01-13,16,’“Τi—Φjκ,‚»‚Μ‘Ό
ή“,•”•i‚Λ‚η‚Ά,¬Όμ,Ό]π”Τ,131237,“‹“s,]Λμ‹ζ,Ό]‚T’–Ϊ,2018-01-12,15,’“Τi—Φjκ,‚»‚Μ‘Ό
ή“,•”•i‚Λ‚η‚Ά,¬Όμ,Ό]π”Τ,131237,“‹“s,]Λμ‹ζ,Ό]‚U’–Ϊ,2018-03-20,19,‚»‚Μ‘Ό,‚»‚Μ‘Ό
ή“,•”•i‚Λ‚η‚Ά,¬Όμ,κ”V]π”Τ,131237,“‹“s,]Λμ‹ζ,κ”V]‚T’–Ϊ,2018-07-08,13,‚»‚Μ‘Ό‚ΜZ‘ξi‚RK‚ΔΘ‰Ί‹¤“―Z‘ξ“™j,‚»‚Μ‘Ό
ή“,•”•i‚Λ‚η‚Ά,¬Όμ,κ”V]π”Τ,131237,“‹“s,]Λμ‹ζ,κ”V]‚U’–Ϊ,2018-02-02,17,’“Τi—Φjκ,‚»‚Μ‘Ό
ή“,•”•i‚Λ‚η‚Ά,¬Όμ,κ”V]π”Τ,131237,“‹“s,]Λμ‹ζ,κ”V]‚U’–Ϊ,2018-02-03,17,’“Τi—Φjκ,‚»‚Μ‘Ό
ή“,•”•i‚Λ‚η‚Ά,¬Όμ,κ”V]π”Τ,131237,“‹“s,]Λμ‹ζ,κ”V]‚U’–Ϊ,2018-02-26,16,‚»‚Μ‘Ό,‚»‚Μ‘Ό
ή“,•”•i‚Λ‚η‚Ά,¬Όμ,κ”V]π”Τ,131237,“‹“s,]Λμ‹ζ,κ”V]‚V’–Ϊ,2018-01-25,18,’“Τi—Φjκ,‚»‚Μ‘Ό
ή“,•”•i‚Λ‚η‚Ά,¬Όμ,κ”V]π”Τ,131237,“‹“s,]Λμ‹ζ,t]’¬‚S’–Ϊ,2018-08-26,22,“ΉHγ,ƒiƒ“ƒo[ƒvƒ[ƒg
ή“,•”•i‚Λ‚η‚Ά,¬Όμ,κ”V]π”Τ,131237,“‹“s,]Λμ‹ζ,Ό]‚V’–Ϊ,2018-01-13,11,’“Τi—Φjκ,‚»‚Μ‘Ό
ή“,•”•i‚Λ‚η‚Ά,¬Όμ,κ”V]π”Τ,131237,“‹“s,]Λμ‹ζ,Ό]‚V’–Ϊ,2018-02-02,17,’“Τi—Φjκ,‚»‚Μ‘Ό
ή“,•”•i‚Λ‚η‚Ά,¬Όμ,΅δπ”Τ,131237,“‹“s,]Λμ‹ζ,κ”V]‚W’–Ϊ,2018-08-23,16,’“Τi—Φjκ,‚»‚Μ‘Ό
ή“,•”•i‚Λ‚η‚Ά,¬Όμ,΅δπ”Τ,131237,“‹“s,]Λμ‹ζ,κ”V]‚W’–Ϊ,2018-08-23,19,‚SK‚ΔΘγ‹¤“―Z‘ξ,‚»‚Μ‘Ό
ή“,•”•i‚Λ‚η‚Ά,¬Όμ,΅δπ”Τ,131237,“‹“s,]Λμ‹ζ,κ”V]‚W’–Ϊ,2018-10-01,•s–Ύ,‚SK‚ΔΘγ‹¤“―Z‘ξ,ƒ^ƒCƒ„EƒzƒC[ƒ‹
ή“,•”•i‚Λ‚η‚Ά,¬Όμ,΅δπ”Τ,131237,“‹“s,]Λμ‹ζ,κ”V]‚W’–Ϊ,2018-11-22,18,’“Τi—Φjκ,‚»‚Μ‘Ό
ή“,•”•i‚Λ‚η‚Ά,¬Όμ,΅δπ”Τ,131237,“‹“s,]Λμ‹ζ,Ό]‚R’–Ϊ,2018-07-05,14,’“Τi—Φjκ,‚»‚Μ‘Ό
ή“,•”•i‚Λ‚η‚Ά,¬Όμ,΅δπ”Τ,131237,“‹“s,]Λμ‹ζ,Ό]‚R’–Ϊ,2018-07-10,17,’“Τi—Φjκ,‚»‚Μ‘Ό
ή“,•”•i‚Λ‚η‚Ά,¬Όμ,΅δπ”Τ,131237,“‹“s,]Λμ‹ζ,Ό]‚S’–Ϊ,2018-02-14,19,‚SK‚ΔΘγ‹¤“―Z‘ξ,‚»‚Μ‘Ό
ή“,•”•i‚Λ‚η‚Ά,¬Όμ,΅δπ”Τ,131237,“‹“s,]Λμ‹ζ,Ό]‚S’–Ϊ,2018-05-13,17,‚SK‚ΔΘγ‹¤“―Z‘ξ,ƒiƒ“ƒo[ƒvƒ[ƒg
ή“,•”•i‚Λ‚η‚Ά,¬Όμ,’Φ’¬’“έ,131237,“‹“s,]Λμ‹ζ,t]’¬‚Q’–Ϊ,2018-04-05,18,‚SK‚ΔΘγ‹¤“―Z‘ξ,‚»‚Μ‘Ό
ή“,•”•i‚Λ‚η‚Ά,¬Όμ,’Φ’¬’“έ,131237,“‹“s,]Λμ‹ζ,t]’¬‚Q’–Ϊ,2018-05-25,15,‚SK‚ΔΘγ‹¤“―Z‘ξ,‚»‚Μ‘Ό
ή“,•”•i‚Λ‚η‚Ά,¬Όμ,“μΒθπ”Τ,131237,“‹“s,]Λμ‹ζ,]Λμ‚P’–Ϊ,2018-01-10,18,’“Τi—Φjκ,‚»‚Μ‘Ό
ή“,•”•i‚Λ‚η‚Ά,¬Όμ,“μΒθπ”Τ,131237,“‹“s,]Λμ‹ζ,]Λμ‚P’–Ϊ,2018-09-22,18,’“Τi—Φjκ,‚»‚Μ‘Ό
ή“,•”•i‚Λ‚η‚Ά,¬Όμ,“μΒθπ”Τ,131237,“‹“s,]Λμ‹ζ,‰ΊΒθ’¬,2018-06-14,02,κΛZ‘ξ,‚»‚Μ‘Ό
ή“,•”•i‚Λ‚η‚Ά,¬Όμ,“μΒθπ”Τ,131237,“‹“s,]Λμ‹ζ,“μΒθ’¬‚T’–Ϊ,2018-02-01,16,‚SK‚ΔΘγ‹¤“―Z‘ξ,ƒiƒ“ƒo[ƒvƒ[ƒg
ή“,•”•i‚Λ‚η‚Ά,¬Όμ,“μΒθπ”Τ,131237,“‹“s,]Λμ‹ζ,“μΒθ’¬‚T’–Ϊ,2018-06-29,17,‚SK‚ΔΘγ‹¤“―Z‘ξ,‚»‚Μ‘Ό
ή“,•”•i‚Λ‚η‚Ά,¬Όμ,“μΒθπ”Τ,131237,“‹“s,]Λμ‹ζ,“μΒθ’¬‚T’–Ϊ,2018-12-08,04,‚SK‚ΔΘγ‹¤“―Z‘ξ,ƒiƒ“ƒo[ƒvƒ[ƒg
ή“,•”•i‚Λ‚η‚Ά,¬Όμ,“¬Όμπ”Τ,131237,“‹“s,]Λμ‹ζ,“¬Όμ‚S’–Ϊ,2018-02-02,18,’“Τi—Φjκ,‚»‚Μ‘Ό
ή“,•”•i‚Λ‚η‚Ά,¬Όμ,“¬Όμπ”Τ,131237,“‹“s,]Λμ‹ζ,“¬Όμ‚S’–Ϊ,2018-02-03,15,’“Τi—Φjκ,‚»‚Μ‘Ό
ή“,•”•i‚Λ‚η‚Ά,¬Όμ,“]π”Τ,131237,“‹“s,]Λμ‹ζ,“]‚Q’–Ϊ,2018-01-09,17,’“Τi—Φjκ,‚»‚Μ‘Ό
ή“,•”•i‚Λ‚η‚Ά,¬Όμ,]‰w‘Oπ”Τ,131237,“‹“s,]Λμ‹ζ,]Λμ‚R’–Ϊ,2018-01-09,07,‚»‚Μ‘Ό,‚»‚Μ‘Ό
ή“,•”•i‚Λ‚η‚Ά,¬Όμ,]‰w‘Oπ”Τ,131237,“‹“s,]Λμ‹ζ,]Λμ‚R’–Ϊ,2018-04-20,19,‚SK‚ΔΘγ‹¤“―Z‘ξ,‚»‚Μ‘Ό
ή“,•”•i‚Λ‚η‚Ά,¬Όμ,]‰w‘Oπ”Τ,131237,“‹“s,]Λμ‹ζ,Ό]‚R’–Ϊ,2018-09-25,20,κΛZ‘ξ,ƒiƒ“ƒo[ƒvƒ[ƒg
ή“,•”•i‚Λ‚η‚Ά,¬Όμ,]‰w‘Oπ”Τ,131237,“‹“s,]Λμ‹ζ,Ό]‚R’–Ϊ,2018-11-09,19,‚»‚Μ‘Ό‚ΜZ‘ξi‚RK‚ΔΘ‰Ί‹¤“―Z‘ξ“™j,‚»‚Μ‘Ό
ή“,•”•i‚Λ‚η‚Ά,¬Όμ,]‰w‘Oπ”Τ,131237,“‹“s,]Λμ‹ζ,]‚Q’–Ϊ,2018-01-15,21,‚SK‚ΔΘγ‹¤“―Z‘ξ,‚»‚Μ‘Ό
ή“,•”•i‚Λ‚η‚Ά,¬Όμ,]‰w‘Oπ”Τ,131237,“‹“s,]Λμ‹ζ,]‚R’–Ϊ,2018-04-23,17,’“Τi—Φjκ,‚»‚Μ‘Ό
ή“,•”•i‚Λ‚η‚Ά,¬Όμ,¬Όμκ’–Ϊπ”Τ,131237,“‹“s,]Λμ‹ζ,¬Όμ‚P’–Ϊ,2018-10-06,18,“ΉHγ,‚»‚Μ‘Ό
ή“,•”•i‚Λ‚η‚Ά,¬Όμ,Βθ‰w‘Oπ”Τ,131237,“‹“s,]Λμ‹ζ,Βθ’¬‚Q’–Ϊ,2018-02-15,22,’“Τi—Φjκ,‚»‚Μ‘Ό
ή“,•”•i‚Λ‚η‚Ά,¬Όμ,Βθ‰w‘Oπ”Τ,131237,“‹“s,]Λμ‹ζ,Βθ’¬‚Q’–Ϊ,2018-08-29,19,’“Τi—Φjκ,‚»‚Μ‘Ό
ή“,•”•i‚Λ‚η‚Ά,¬Όμ,Βθ‰w‘Oπ”Τ,131237,“‹“s,]Λμ‹ζ,Βθ’¬‚Q’–Ϊ,2018-11-03,14,’“Τi—Φjκ,ƒ^ƒCƒ„EƒzƒC[ƒ‹
ή“,•”•i‚Λ‚η‚Ά,¬Όμ,Βθ‰w‘Oπ”Τ,131237,“‹“s,]Λμ‹ζ,Βθ’¬‚R’–Ϊ,2018-07-13,17,’“Τi—Φjκ,ƒiƒ“ƒo[ƒvƒ[ƒg
ή“,•”•i‚Λ‚η‚Ά,¬Όμ,Βθ‰w‘Oπ”Τ,131237,“‹“s,]Λμ‹ζ,Βθ’¬‚T’–Ϊ,2018-02-05,17,’“Τi—Φjκ,‚»‚Μ‘Ό
ή“,•”•i‚Λ‚η‚Ά,¬Όμ,Βθ‰w‘Oπ”Τ,131237,“‹“s,]Λμ‹ζ,Βθ’¬‚U’–Ϊ,2018-02-14,17,’“Τi—Φjκ,‚»‚Μ‘Ό
ή“,•”•i‚Λ‚η‚Ά,¬Όμ,Βθ‰w‘Oπ”Τ,131237,“‹“s,]Λμ‹ζ,Βθ’¬‚U’–Ϊ,2018-02-15,18,‚»‚Μ‘Ό,‚»‚Μ‘Ό
ή“,•”•i‚Λ‚η‚Ά,¬Όμ,Βθ‰w‘Oπ”Τ,131237,“‹“s,]Λμ‹ζ,Βθ’¬‚V’–Ϊ,2018-01-11,16,’“Τi—Φjκ,‚»‚Μ‘Ό
ή“,•”•i‚Λ‚η‚Ά,¬Όμ,Βθ‰w‘Oπ”Τ,131237,“‹“s,]Λμ‹ζ,Βθ’¬‚V’–Ϊ,2018-01-11,18,’“Τi—Φjκ,‚»‚Μ‘Ό
ή“,•”•i‚Λ‚η‚Ά,¬Όμ,Βθ‰w‘Oπ”Τ,131237,“‹“s,]Λμ‹ζ,Βθ’¬‚V’–Ϊ,2018-02-15,18,’“Τi—Φjκ,‚»‚Μ‘Ό
ή“,•”•i‚Λ‚η‚Ά,¬Όμ,Βθ‰w‘Oπ”Τ,131237,“‹“s,]Λμ‹ζ,Βθ’¬‚V’–Ϊ,2018-03-28,15,‚»‚Μ‘Ό,‚»‚Μ‘Ό
ή“,•”•i‚Λ‚η‚Ά,¬Όμ,Βθ‰w‘Oπ”Τ,131237,“‹“s,]Λμ‹ζ,Βθ’¬‚W’–Ϊ,2018-05-18,15,’“Τi—Φjκ,ƒiƒ“ƒo[ƒvƒ[ƒg
ή“,•”•i‚Λ‚η‚Ά,¬Όμ,Βθ‰w‘Oπ”Τ,131237,“‹“s,]Λμ‹ζ,V–x‚P’–Ϊ,2018-08-10,20,‚»‚Μ‘Ό‚ΜZ‘ξi‚RK‚ΔΘ‰Ί‹¤“―Z‘ξ“™j,‚»‚Μ‘Ό
ή“,•”•i‚Λ‚η‚Ά,¬Όμ,Βθ‰w‘Oπ”Τ,131237,“‹“s,]Λμ‹ζ,V–x‚P’–Ϊ,2018-09-22,12,’“Τi—Φjκ,‚»‚Μ‘Ό
ή“,•”•i‚Λ‚η‚Ά,¬Όμ,Βθ‰w‘Oπ”Τ,131237,“‹“s,]Λμ‹ζ,V–x‚Q’–Ϊ,2018-05-08,03,’“Τi—Φjκ,ƒJ[ƒiƒr
ή“,•”•i‚Λ‚η‚Ά,¬Όμ,Βθ‰w‘Oπ”Τ,131237,“‹“s,]Λμ‹ζ,V–x‚Q’–Ϊ,2018-09-02,10,’“Τi—Φjκ,‚»‚Μ‘Ό
ή“,•”•i‚Λ‚η‚Ά,¬Όμ,Βθ‰w‘Oπ”Τ,131237,“‹“s,]Λμ‹ζ,V–x‚Q’–Ϊ,2018-09-26,14,’“Τi—Φjκ,ƒiƒ“ƒo[ƒvƒ[ƒg
ή“,•”•i‚Λ‚η‚Ά,¬Όμ,Βθ‰w‘Oπ”Τ,131237,“‹“s,]Λμ‹ζ,t]’¬‚P’–Ϊ,2018-06-29,04,‚SK‚ΔΘγ‹¤“―Z‘ξ,‚»‚Μ‘Ό
ή“,•”•i‚Λ‚η‚Ά,¬Όμ,Βθ‰w‘Oπ”Τ,131237,“‹“s,]Λμ‹ζ,t]’¬‚P’–Ϊ,2018-08-28,07,‚SK‚ΔΘγ‹¤“―Z‘ξ,ƒiƒ“ƒo[ƒvƒ[ƒg
ή“,•”•i‚Λ‚η‚Ά,¬Όμ,Βθ‰w‘Oπ”Τ,131237,“‹“s,]Λμ‹ζ,t]’¬‚P’–Ϊ,2018-10-30,14,‚SK‚ΔΘγ‹¤“―Z‘ξ,ƒiƒ“ƒo[ƒvƒ[ƒg
ή“,•”•i‚Λ‚η‚Ά,¬Όμ,Βθ‰w‘Oπ”Τ,131237,“‹“s,]Λμ‹ζ,“μΒθ’¬‚T’–Ϊ,2018-08-04,13,‚SK‚ΔΘγ‹¤“―Z‘ξ,‚»‚Μ‘Ό
ή“,•”•i‚Λ‚η‚Ά,¬Όμ,Βθ‰w‘Oπ”Τ,131237,“‹“s,]Λμ‹ζ,]‚P’–Ϊ,2018-01-19,18,κΛZ‘ξ,‚»‚Μ‘Ό
ή“,•”•i‚Λ‚η‚Ά,¬Όμ,Βθ‰w‘Oπ”Τ,131237,“‹“s,]Λμ‹ζ,]‚P’–Ϊ,2018-03-16,17,‚»‚Μ‘Ό,‚»‚Μ‘Ό
ή“,•”•i‚Λ‚η‚Ά,¬Όμ,Βθ‰w‘Oπ”Τ,131237,“‹“s,]Λμ‹ζ,]‚P’–Ϊ,2018-03-16,19,’“Τi—Φjκ,‚»‚Μ‘Ό
ή“,•”•i‚Λ‚η‚Ά,¬Όμ,Βθ‰w‘Oπ”Τ,131237,“‹“s,]Λμ‹ζ,]‚R’–Ϊ,2018-04-23,17,‚»‚Μ‘Ό,‚»‚Μ‘Ό
ή“,•”•i‚Λ‚η‚Ά,¬β,“μ¬βπ”Τ,131237,“‹“s,]Λμ‹ζ,“μ¬β‚Q’–Ϊ,2018-03-05,16,’“Τi—Φjκ,‚»‚Μ‘Ό
ή“,•”•i‚Λ‚η‚Ά,¬β,“μ¬βπ”Τ,131237,“‹“s,]Λμ‹ζ,“μ¬β‚Q’–Ϊ,2018-05-02,21,‚SK‚ΔΘγ‹¤“―Z‘ξ,‚»‚Μ‘Ό
ή“,•”•i‚Λ‚η‚Ά,¬β,“μ¬βπ”Τ,131237,“‹“s,]Λμ‹ζ,“μ¬β‚Q’–Ϊ,2018-05-04,19,‚SK‚ΔΘγ‹¤“―Z‘ξ,‚»‚Μ‘Ό
ή“,•”•i‚Λ‚η‚Ά,¬β,“μ¬βπ”Τ,131237,“‹“s,]Λμ‹ζ,“μ¬β‚Q’–Ϊ,2018-07-05,00,’“Τi—Φjκ,‚»‚Μ‘Ό
ή“,•”•i‚Λ‚η‚Ά,¬β,“μ¬βπ”Τ,131237,“‹“s,]Λμ‹ζ,“μ¬β‚R’–Ϊ,2018-05-02,17,’“Τi—Φjκ,‚»‚Μ‘Ό
ή“,•”•i‚Λ‚η‚Ά,¬β,“ρ–‡‹΄π”Τ,131237,“‹“s,]Λμ‹ζ,‹»‹{’¬,2018-02-05,16,’“Τi—Φjκ,‚»‚Μ‘Ό
ή“,•”•i‚Λ‚η‚Ά,¬β,“ρ–‡‹΄π”Τ,131237,“‹“s,]Λμ‹ζ,“μ¬β‚Q’–Ϊ,2018-07-08,13,’“Τi—Φjκ,ƒ^ƒCƒ„EƒzƒC[ƒ‹
ή“,•”•i‚Λ‚η‚Ά,¬β,“ρ–‡‹΄π”Τ,131237,“‹“s,]Λμ‹ζ,“μ¬β‚T’–Ϊ,2018-12-07,17,’“Τi—Φjκ,‚»‚Μ‘Ό
ή“,•”•i‚Λ‚η‚Ά,¬β,“ρ–‡‹΄π”Τ,131237,“‹“s,]Λμ‹ζ,“Ό–{‚P’–Ϊ,2018-02-20,18,’“Τi—Φjκ,‚»‚Μ‘Ό
ή“,•”•i‚Λ‚η‚Ά,¬β,›΄‹΄π”Τ,131237,“‹“s,]Λμ‹ζ,’†‰›‚R’–Ϊ,2018-03-20,18,‚»‚Μ‘Ό,‚»‚Μ‘Ό
ή“,•”•i‚Λ‚η‚Ά,¬β,›΄‹΄π”Τ,131237,“‹“s,]Λμ‹ζ,‘ε™‚T’–Ϊ,2018-02-14,22,’“Τi—Φjκ,‚»‚Μ‘Ό
ή“,•”•i‚Λ‚η‚Ά,¬β,›΄‹΄π”Τ,131237,“‹“s,]Λμ‹ζ,–{κF‚P’–Ϊ,2018-07-06,19,‚»‚Μ‘Ό‚ΜZ‘ξi‚RK‚ΔΘ‰Ί‹¤“―Z‘ξ“™j,‚»‚Μ‘Ό
ή“,•”•i‚Λ‚η‚Ά,¬β,›΄‹΄π”Τ,131237,“‹“s,]Λμ‹ζ,–{κF‚Q’–Ϊ,2018-02-06,19,“ΉHγ,ƒiƒ“ƒo[ƒvƒ[ƒg
ή“,•”•i‚Λ‚η‚Ά,¬β,›΄‹΄π”Τ,131237,“‹“s,]Λμ‹ζ,–{κF‚Q’–Ϊ,2018-07-15,22,’“Τi—Φjκ,ƒ^ƒCƒ„EƒzƒC[ƒ‹
ή“,•”•i‚Λ‚η‚Ά,¬β,›΄‹΄π”Τ,131237,“‹“s,]Λμ‹ζ,Ό–{‚P’–Ϊ,2018-02-14,20,’“Τi—Φjκ,‚»‚Μ‘Ό
ή“,•”•i‚Λ‚η‚Ά,¬β,›΄‹΄π”Τ,131237,“‹“s,]Λμ‹ζ,Ό–{‚P’–Ϊ,2018-02-21,21,’“Τi—Φjκ,ƒ^ƒCƒ„EƒzƒC[ƒ‹
ή“,•”•i‚Λ‚η‚Ά,¬β,›΄‹΄π”Τ,131237,“‹“s,]Λμ‹ζ,Ό–{‚P’–Ϊ,2018-05-14,08,’“Τi—Φjκ,ƒiƒ“ƒo[ƒvƒ[ƒg
ή“,•”•i‚Λ‚η‚Ά,¬β,›΄‹΄π”Τ,131237,“‹“s,]Λμ‹ζ,Ό–{‚Q’–Ϊ,2018-02-05,17,’“Τi—Φjκ,‚»‚Μ‘Ό
ή“,•”•i‚Λ‚η‚Ά,¬β,¬β‰w‘Oπ”Τ,131237,“‹“s,]Λμ‹ζ,“μ¬β‚V’–Ϊ,2018-09-13,19,’“Τi—Φjκ,‚»‚Μ‘Ό
ή“,•”•i‚Λ‚η‚Ά,¬β,¬β‰w‘Oπ”Τ,131237,“‹“s,]Λμ‹ζ,“μ¬β‚V’–Ϊ,2018-10-02,16,’“Τi—Φjκ,‚»‚Μ‘Ό
ή“,•”•i‚Λ‚η‚Ά,¬β,Ό¬βπ”Τ,131237,“‹“s,]Λμ‹ζ,“¬β‚P’–Ϊ,2018-04-17,19,‚»‚Μ‘Ό,‚»‚Μ‘Ό
ή“,•”•i‚Λ‚η‚Ά,¬β,‹¬¬β‰w‘Oπ”Τ,131237,“‹“s,]Λμ‹ζ,–k¬β‚U’–Ϊ,2018-03-06,08,’“Τi—Φjκ,‚»‚Μ‘Ό
ή“,•”•i‚Λ‚η‚Ά,¬β,‹¬¬β‰w‘Oπ”Τ,131237,“‹“s,]Λμ‹ζ,–k¬β‚U’–Ϊ,2018-04-25,18,“ΉHγ,ƒiƒ“ƒo[ƒvƒ[ƒg
ή“,•”•i‚Λ‚η‚Ά,¬β,‹¬¬β‰w‘Oπ”Τ,131237,“‹“s,]Λμ‹ζ,–k¬β‚V’–Ϊ,2018-04-27,19,’“Τi—Φjκ,ƒiƒ“ƒo[ƒvƒ[ƒg
ή“,•”•i‚Λ‚η‚Ά,¬β,‹¬¬β‰w‘Oπ”Τ,131237,“‹“s,]Λμ‹ζ,–k¬β‚V’–Ϊ,2018-07-16,21,κΛZ‘ξ,‚»‚Μ‘Ό
ή“,•”•i‚Λ‚η‚Ά,¬β,‹¬¬β‰w‘Oπ”Τ,131237,“‹“s,]Λμ‹ζ,Ό¬β‚T’–Ϊ,2018-02-22,21,‚»‚Μ‘Ό,ƒiƒ“ƒo[ƒvƒ[ƒg
ή“,•”•i‚Λ‚η‚Ά,¬β,‹¬¬β‰w‘Oπ”Τ,131237,“‹“s,]Λμ‹ζ,Ό¬β‚T’–Ϊ,2018-03-01,19,‚»‚Μ‘Ό,‚»‚Μ‘Ό
ή“,•”•i‚Λ‚η‚Ά,¬β,]Λμπ”Τ,131237,“‹“s,]Λμ‹ζ,–k¬β‚S’–Ϊ,2018-10-24,07,‚»‚Μ‘Ό‚ΜZ‘ξi‚RK‚ΔΘ‰Ί‹¤“―Z‘ξ“™j,‚»‚Μ‘Ό
ή“,•”•i‚Λ‚η‚Ά,¬β,–k¬β’“έ,131237,“‹“s,]Λμ‹ζ,–k¬β‚V’–Ϊ,2018-01-11,18,‚»‚Μ‘Ό‚ΜZ‘ξi‚RK‚ΔΘ‰Ί‹¤“―Z‘ξ“™j,‚»‚Μ‘Ό
ή“,•”•i‚Λ‚η‚Ά,¬β,–k¬β’“έ,131237,“‹“s,]Λμ‹ζ,–k¬β‚W’–Ϊ,2018-04-10,14,‚»‚Μ‘Ό‚ΜZ‘ξi‚RK‚ΔΘ‰Ί‹¤“―Z‘ξ“™j,ƒiƒ“ƒo[ƒvƒ[ƒg
ή“,•”•i‚Λ‚η‚Ά,¬β,γκF’“έ,131237,“‹“s,]Λμ‹ζ,γκF‚P’–Ϊ,2018-01-31,15,’“Τi—Φjκ,‚»‚Μ‘Ό
ή“,•”•i‚Λ‚η‚Ά,¬β,­π”Τ,131237,“‹“s,]Λμ‹ζ,­‚P’–Ϊ,2018-01-11,19,’“Τi—Φjκ,‚»‚Μ‘Ό
ή“,•”•i‚Λ‚η‚Ά,¬β,­π”Τ,131237,“‹“s,]Λμ‹ζ,­‚Q’–Ϊ,2018-02-28,17,’“Τi—Φjκ,‚»‚Μ‘Ό
ή“,•”•i‚Λ‚η‚Ά,¬β,­π”Τ,131237,“‹“s,]Λμ‹ζ,­‚R’–Ϊ,2018-03-01,16,‚»‚Μ‘Ό,‚»‚Μ‘Ό
ή“,•”•i‚Λ‚η‚Ά,¬β,­π”Τ,131237,“‹“s,]Λμ‹ζ,­‚S’–Ϊ,2018-03-05,22,’“Τi—Φjκ,‚»‚Μ‘Ό
ή“,•”•i‚Λ‚η‚Ά,¬β,­π”Τ,131237,“‹“s,]Λμ‹ζ,­‚T’–Ϊ,2018-11-26,19,’“Τi—Φjκ,ƒiƒ“ƒo[ƒvƒ[ƒg
ή“,•”•i‚Λ‚η‚Ά,¬β,­π”Τ,131237,“‹“s,]Λμ‹ζ,Βθ’¬‚P’–Ϊ,2018-03-05,14,’“Τi—Φjκ,‚»‚Μ‘Ό
ή“,•”•i‚Λ‚η‚Ά,¬β,­π”Τ,131237,“‹“s,]Λμ‹ζ,ΌΒθ‚P’–Ϊ,2018-03-01,21,’“Τi—Φjκ,‚»‚Μ‘Ό
ή“,•”•i‚Λ‚η‚Ά,¬β,­π”Τ,131237,“‹“s,]Λμ‹ζ,ΌΒθ‚P’–Ϊ,2018-09-11,20,‚»‚Μ‘Ό‚ΜZ‘ξi‚RK‚ΔΘ‰Ί‹¤“―Z‘ξ“™j,ƒiƒ“ƒo[ƒvƒ[ƒg
ή“,•”•i‚Λ‚η‚Ά,¬β,­π”Τ,131237,“‹“s,]Λμ‹ζ,ΌΒθ‚Q’–Ϊ,2018-01-14,21,’“Τi—Φjκ,ƒiƒ“ƒo[ƒvƒ[ƒg
ή“,•”•i‚Λ‚η‚Ά,¬β,­π”Τ,131237,“‹“s,]Λμ‹ζ,ΌΒθ‚Q’–Ϊ,2018-03-01,15,’“Τi—Φjκ,‚»‚Μ‘Ό
ή“,•”•i‚Λ‚η‚Ά,¬β,­π”Τ,131237,“‹“s,]Λμ‹ζ,ΌΒθ‚Q’–Ϊ,2018-03-01,20,’“Τi—Φjκ,‚»‚Μ‘Ό
ή“,•”•i‚Λ‚η‚Ά,¬β,γΒθ’“έ,131237,“‹“s,]Λμ‹ζ,­‚P’–Ϊ,2018-02-08,15,’“Τi—Φjκ,‚»‚Μ‘Ό
ή“,•”•i‚Λ‚η‚Ά,¬β,γΒθ’“έ,131237,“‹“s,]Λμ‹ζ,Βθ’¬‚P’–Ϊ,2018-01-19,23,‚»‚Μ‘Ό‚ΜZ‘ξi‚RK‚ΔΘ‰Ί‹¤“―Z‘ξ“™j,‚»‚Μ‘Ό
ή“,•”•i‚Λ‚η‚Ά,¬β,γΒθ’“έ,131237,“‹“s,]Λμ‹ζ,Βθ’¬‚P’–Ϊ,2018-02-12,16,’“Τi—Φjκ,ƒ^ƒCƒ„EƒzƒC[ƒ‹
ή“,•”•i‚Λ‚η‚Ά,¬β,γΒθ’“έ,131237,“‹“s,]Λμ‹ζ,γΒθ‚P’–Ϊ,2018-12-29,18,’“Τi—Φjκ,ƒiƒ“ƒo[ƒvƒ[ƒg
ή“,•”•i‚Λ‚η‚Ά,¬β,γΒθ’“έ,131237,“‹“s,]Λμ‹ζ,γΒθ‚Q’–Ϊ,2018-01-11,18,’“Τi—Φjκ,‚»‚Μ‘Ό
ή“,•”•i‚Λ‚η‚Ά,¬β,γΒθ’“έ,131237,“‹“s,]Λμ‹ζ,γΒθ‚Q’–Ϊ,2018-01-26,19,’“Τi—Φjκ,ƒiƒ“ƒo[ƒvƒ[ƒg
ή“,•”•i‚Λ‚η‚Ά,¬β,γΒθ’“έ,131237,“‹“s,]Λμ‹ζ,γΒθ‚Q’–Ϊ,2018-04-25,17,’“Τi—Φjκ,‚»‚Μ‘Ό
ή“,•”•i‚Λ‚η‚Ά,‹Ό,‘D–x‰w‘Oπ”Τ,131237,“‹“s,]Λμ‹ζ,“ρ”V]’¬,2018-02-28,20,’“Τi—Φjκ,‚»‚Μ‘Ό
ή“,•”•i‚Λ‚η‚Ά,‹Ό,‘D–x‰w‘Oπ”Τ,131237,“‹“s,]Λμ‹ζ,“ρ”V]’¬,2018-07-18,23,’“Τi—Φjκ,ƒ^ƒCƒ„EƒzƒC[ƒ‹
ή“,•”•i‚Λ‚η‚Ά,‹Ό,‘D–x‰w‘Oπ”Τ,131237,“‹“s,]Λμ‹ζ,‘D–x‚R’–Ϊ,2018-07-06,09,’“Τi—Φjκ,‚»‚Μ‘Ό
ή“,•”•i‚Λ‚η‚Ά,‹Ό,‘D–x‰w‘Oπ”Τ,131237,“‹“s,]Λμ‹ζ,‘D–x‚R’–Ϊ,2018-08-28,20,’“Τi—Φjκ,ƒ^ƒCƒ„EƒzƒC[ƒ‹
ή“,•”•i‚Λ‚η‚Ά,‹Ό,‘D–x‰w‘Oπ”Τ,131237,“‹“s,]Λμ‹ζ,‘D–x‚U’–Ϊ,2018-05-29,19,’“Τi—Φjκ,‚»‚Μ‘Ό
ή“,•”•i‚Λ‚η‚Ά,‹Ό,‘D–x‰w‘Oπ”Τ,131237,“‹“s,]Λμ‹ζ,‘D–x‚U’–Ϊ,2018-06-02,18,‚SK‚ΔΘγ‹¤“―Z‘ξ,ƒiƒ“ƒo[ƒvƒ[ƒg
ή“,•”•i‚Λ‚η‚Ά,‹Ό,‹Ό‹΄“π”Τ,131237,“‹“s,]Λμ‹ζ,–k‹Ό‚Q’–Ϊ,2018-01-13,10,’“Τi—Φjκ,‚»‚Μ‘Ό
ή“,•”•i‚Λ‚η‚Ά,‹Ό,‹Ό‹΄“π”Τ,131237,“‹“s,]Λμ‹ζ,–k‹Ό‚Q’–Ϊ,2018-05-16,15,‚SK‚ΔΘγ‹¤“―Z‘ξ,‚»‚Μ‘Ό
ή“,•”•i‚Λ‚η‚Ά,‹Ό,‹Ό‹΄“π”Τ,131237,“‹“s,]Λμ‹ζ,–k‹Ό‚Q’–Ϊ,2018-06-14,22,’“Τi—Φjκ,ƒ^ƒCƒ„EƒzƒC[ƒ‹
ή“,•”•i‚Λ‚η‚Ά,‹Ό,‹Ό‹΄“π”Τ,131237,“‹“s,]Λμ‹ζ,–k‹Ό‚T’–Ϊ,2018-01-25,19,’“Τi—Φjκ,‚»‚Μ‘Ό
ή“,•”•i‚Λ‚η‚Ά,‹Ό,‹Ό‹΄“π”Τ,131237,“‹“s,]Λμ‹ζ,Ό‹Ό‚Q’–Ϊ,2018-03-06,17,‚»‚Μ‘Ό‚ΜZ‘ξi‚RK‚ΔΘ‰Ί‹¤“―Z‘ξ“™j,‚»‚Μ‘Ό
ή“,•”•i‚Λ‚η‚Ά,‹Ό,‹¤‰h‹΄π”Τ,131237,“‹“s,]Λμ‹ζ,’†‹Ό‚Q’–Ϊ,2018-04-22,11,‚»‚Μ‘Ό‚ΜZ‘ξi‚RK‚ΔΘ‰Ί‹¤“―Z‘ξ“™j,ƒiƒ“ƒo[ƒvƒ[ƒg
ή“,•”•i‚Λ‚η‚Ά,‹Ό,‹¤‰h‹΄π”Τ,131237,“‹“s,]Λμ‹ζ,’†‹Ό‚Q’–Ϊ,2018-04-24,16,’“Τi—Φjκ,ƒiƒ“ƒo[ƒvƒ[ƒg
ή“,•”•i‚Λ‚η‚Ά,‹Ό,‹¤‰h‹΄π”Τ,131237,“‹“s,]Λμ‹ζ,’†‹Ό‚R’–Ϊ,2018-03-28,19,‚»‚Μ‘Ό,‚»‚Μ‘Ό
ή“,•”•i‚Λ‚η‚Ά,‹Ό,‹¤‰h‹΄π”Τ,131237,“‹“s,]Λμ‹ζ,’†‹Ό‚S’–Ϊ,2018-08-29,18,“ΉHγ,‚»‚Μ‘Ό
ή“,•”•i‚Λ‚η‚Ά,‹Ό,‹¤‰h‹΄π”Τ,131237,“‹“s,]Λμ‹ζ,“‹Ό‚Q’–Ϊ,2018-06-03,18,“ΉHγ,‚»‚Μ‘Ό
ή“,•”•i‚Λ‚η‚Ά,‹Ό,‹¤‰h‹΄π”Τ,131237,“‹“s,]Λμ‹ζ,“‹Ό‚T’–Ϊ,2018-01-23,19,‚»‚Μ‘Ό‚ΜZ‘ξi‚RK‚ΔΘ‰Ί‹¤“―Z‘ξ“™j,ƒiƒ“ƒo[ƒvƒ[ƒg
ή“,•”•i‚Λ‚η‚Ά,‹Ό,“‹Όά’–Ϊπ”Τ,131237,“‹“s,]Λμ‹ζ,“‹Ό‚P’–Ϊ,2018-01-13,15,’“Τi—Φjκ,‚»‚Μ‘Ό
ή“,•”•i‚Λ‚η‚Ά,‹Ό,“‹Όά’–Ϊπ”Τ,131237,“‹“s,]Λμ‹ζ,“‹Ό‚S’–Ϊ,2018-05-21,21,’“Τi—Φjκ,ƒ^ƒCƒ„EƒzƒC[ƒ‹
ή“,•”•i‚Λ‚η‚Ά,‹Ό,“‹Όά’–Ϊπ”Τ,131237,“‹“s,]Λμ‹ζ,“‹Ό‚T’–Ϊ,2018-08-08,22,’“Τi—Φjκ,ƒ^ƒCƒ„EƒzƒC[ƒ‹
ή“,•”•i‚Λ‚η‚Ά,‹Ό,Ό‹Ό‰w‘Oπ”Τ,131237,“‹“s,]Λμ‹ζ,Ό‹Ό‚R’–Ϊ,2018-05-14,17,‚»‚Μ‘Ό‚ΜZ‘ξi‚RK‚ΔΘ‰Ί‹¤“―Z‘ξ“™j,‚»‚Μ‘Ό
ή“,•”•i‚Λ‚η‚Ά,‹Ό,Ό‹Ό‰w‘Oπ”Τ,131237,“‹“s,]Λμ‹ζ,Ό‹Ό‚T’–Ϊ,2018-03-24,13,‚SK‚ΔΘγ‹¤“―Z‘ξ,ƒiƒ“ƒo[ƒvƒ[ƒg
ή“,•”•i‚Λ‚η‚Ά,‹Ό,Ό‹Ό‰w‘Oπ”Τ,131237,“‹“s,]Λμ‹ζ,Ό‹Ό‚U’–Ϊ,2018-03-27,18,“ΉHγ,‚»‚Μ‘Ό
ή“,•”•i‚Λ‚η‚Ά,‹Ό,Ό‹Ό‰w‘Oπ”Τ,131237,“‹“s,]Λμ‹ζ,Ό‹Ό‚U’–Ϊ,2018-11-24,16,’“Τi—Φjκ,‚»‚Μ‘Ό
ή“,•”•i‚Λ‚η‚Ά,‹Ό,Ό‹Ό‰w‘Oπ”Τ,131237,“‹“s,]Λμ‹ζ,Ό‹Ό‚V’–Ϊ,2018-01-06,06,‚SK‚ΔΘγ‹¤“―Z‘ξ,‚»‚Μ‘Ό
ή“,•”•i‚Λ‚η‚Ά,‹Ό,‰Fμ“c’“έ,131237,“‹“s,]Λμ‹ζ,‰Fμ“c’¬,2018-05-22,09,’“Τi—Φjκ,ƒ^ƒCƒ„EƒzƒC[ƒ‹
ή“,•”•i‚Λ‚η‚Ά,‹Ό,‰Fμ“c’“έ,131237,“‹“s,]Λμ‹ζ,–k‹Ό‚T’–Ϊ,2018-06-27,17,’“Τi—Φjκ,ƒ^ƒCƒ„EƒzƒC[ƒ‹
ή“,•”•i‚Λ‚η‚Ά,‹Ό,“‹Ό‹γ’–Ϊ’“έ,131237,“‹“s,]Λμ‹ζ,“‹Ό‚V’–Ϊ,2018-07-01,18,‚»‚Μ‘Ό‚ΜZ‘ξi‚RK‚ΔΘ‰Ί‹¤“―Z‘ξ“™j,‚»‚Μ‘Ό
ή“,•”•i‚Λ‚η‚Ά,‹Ό,“‹Ό‹γ’–Ϊ’“έ,131237,“‹“s,]Λμ‹ζ,“‹Ό‚V’–Ϊ,2018-07-19,12,‚»‚Μ‘Ό‚ΜZ‘ξi‚RK‚ΔΘ‰Ί‹¤“―Z‘ξ“™j,‚»‚Μ‘Ό
ή“,•”•i‚Λ‚η‚Ά,‹Ό,“‹Ό‹γ’–Ϊ’“έ,131237,“‹“s,]Λμ‹ζ,“‹Ό‚W’–Ϊ,2018-07-10,03,‚»‚Μ‘Ό‚ΜZ‘ξi‚RK‚ΔΘ‰Ί‹¤“―Z‘ξ“™j,‚»‚Μ‘Ό
ή“,•”•i‚Λ‚η‚Ά,‹Ό,“‹Ό‹γ’–Ϊ’“έ,131237,“‹“s,]Λμ‹ζ,“‹Ό‚W’–Ϊ,2018-07-29,19,’“Τi—Φjκ,ƒ^ƒCƒ„EƒzƒC[ƒ‹
ή“,•”•i‚Λ‚η‚Ά,‹Ό,“μ‹Όπ”Τ,131237,“‹“s,]Λμ‹ζ,“μ‹Ό‚P’–Ϊ,2018-01-20,18,‚»‚Μ‘Ό‚ΜZ‘ξi‚RK‚ΔΘ‰Ί‹¤“―Z‘ξ“™j,ƒiƒ“ƒo[ƒvƒ[ƒg
ή“,•”•i‚Λ‚η‚Ά,‹Ό,“μ‹Όπ”Τ,131237,“‹“s,]Λμ‹ζ,“μ‹Ό‚Q’–Ϊ,2017-12-28,16,’“Τi—Φjκ,‚»‚Μ‘Ό
ή“,•”•i‚Λ‚η‚Ά,‹Ό,“μ‹Όπ”Τ,131237,“‹“s,]Λμ‹ζ,“μ‹Ό‚Q’–Ϊ,2018-02-28,21,’“Τi—Φjκ,ƒ^ƒCƒ„EƒzƒC[ƒ‹
ή“,•”•i‚Λ‚η‚Ά,‹Ό,“μ‹Όπ”Τ,131237,“‹“s,]Λμ‹ζ,“μ‹Ό‚Q’–Ϊ,2018-06-18,00,‚»‚Μ‘Ό‚ΜZ‘ξi‚RK‚ΔΘ‰Ί‹¤“―Z‘ξ“™j,‚»‚Μ‘Ό
ή“,•”•i‚Λ‚η‚Ά,‹Ό,“μ‹Όπ”Τ,131237,“‹“s,]Λμ‹ζ,“μ‹Ό‚R’–Ϊ,2018-03-06,17,‚»‚Μ‘Ό‚ΜZ‘ξi‚RK‚ΔΘ‰Ί‹¤“―Z‘ξ“™j,‚»‚Μ‘Ό
ή“,•”•i‚Λ‚η‚Ά,‹Ό,“μ‹Όπ”Τ,131237,“‹“s,]Λμ‹ζ,“μ‹Ό‚R’–Ϊ,2018-03-15,20,’“Τi—Φjκ,‚»‚Μ‘Ό
ή“,•”•i‚Λ‚η‚Ά,‹Ό,“μ‹Όπ”Τ,131237,“‹“s,]Λμ‹ζ,“μ‹Ό‚R’–Ϊ,2018-09-17,17,‚SK‚ΔΘγ‹¤“―Z‘ξ,ƒiƒ“ƒo[ƒvƒ[ƒg
ή“,•”•i‚Λ‚η‚Ά,‹Ό,“μ‹Όπ”Τ,131237,“‹“s,]Λμ‹ζ,“μ‹Ό‚R’–Ϊ,2018-12-12,12,‚»‚Μ‘Ό‚ΜZ‘ξi‚RK‚ΔΘ‰Ί‹¤“―Z‘ξ“™j,‚»‚Μ‘Ό
ή“,•”•i‚Λ‚η‚Ά,‹Ό,“μ‹Όπ”Τ,131237,“‹“s,]Λμ‹ζ,“μ‹Ό‚S’–Ϊ,2018-02-17,17,’“Τi—Φjκ,ƒiƒ“ƒo[ƒvƒ[ƒg
ή“,•”•i‚Λ‚η‚Ά,‹Ό,“μ‹Όπ”Τ,131237,“‹“s,]Λμ‹ζ,“μ‹Ό‚S’–Ϊ,2018-06-18,14,‚SK‚ΔΘγ‹¤“―Z‘ξ,‚»‚Μ‘Ό
ή“,•”•i‚Λ‚η‚Ά,‹Ό,“μ‹Όπ”Τ,131237,“‹“s,]Λμ‹ζ,“μ‹Ό‚S’–Ϊ,2018-06-18,17,’“Τi—Φjκ,‚»‚Μ‘Ό
ή“,•”•i‚Λ‚η‚Ά,‹Ό,“μ‹Όπ”Τ,131237,“‹“s,]Λμ‹ζ,“μ‹Ό‚S’–Ϊ,2018-10-17,12,’“Τi—Φjκ,‚»‚Μ‘Ό
ή“,•”•i‚Λ‚η‚Ά,‹Ό,΄V’¬π”Τ,131237,“‹“s,]Λμ‹ζ,Ό‹Ό‚W’–Ϊ,2018-10-21,19,‚SK‚ΔΘγ‹¤“―Z‘ξ,‚»‚Μ‘Ό
ή“,•”•i‚Λ‚η‚Ά,‹Ό,΄V’¬π”Τ,131237,“‹“s,]Λμ‹ζ,Ό‹Ό‚W’–Ϊ,2018-10-26,01,’“Τi—Φjκ,‚»‚Μ‘Ό
ή“,•”•i‚Λ‚η‚Ά,‹Ό,΄V’¬π”Τ,131237,“‹“s,]Λμ‹ζ,΄V’¬‚P’–Ϊ,2018-09-17,19,’“Τi—Φjκ,ƒiƒ“ƒo[ƒvƒ[ƒg
ή“,•”•i‚Λ‚η‚Ά,‹Ό,΄V’¬π”Τ,131237,“‹“s,]Λμ‹ζ,΄V’¬‚Q’–Ϊ,2018-06-25,15,‚SK‚ΔΘγ‹¤“―Z‘ξ,‚»‚Μ‘Ό
ή“,•”•i‚Λ‚η‚Ά,‹Ό,‹Ό‰w‘Oπ”Τ,131237,“‹“s,]Λμ‹ζ,’†‹Ό‚T’–Ϊ,2017-01-19,19,’“Τi—Φjκ,ƒiƒ“ƒo[ƒvƒ[ƒg
ή“,•”•i‚Λ‚η‚Ά,‹Ό,‹Ό‰w‘Oπ”Τ,131237,“‹“s,]Λμ‹ζ,’†‹Ό‚U’–Ϊ,2018-03-21,22,‚SK‚ΔΘγ‹¤“―Z‘ξ,ƒiƒ“ƒo[ƒvƒ[ƒg
ή“,•”•i‚Λ‚η‚Ά,‹Ό,‹Ό‰w‘Oπ”Τ,131237,“‹“s,]Λμ‹ζ,“‹Ό‚U’–Ϊ,2018-06-29,14,‚SK‚ΔΘγ‹¤“―Z‘ξ,‚»‚Μ‘Ό
ή“,•”•i‚Λ‚η‚Ά,‹Ό,]ΛμZ’–Ϊπ”Τ,131237,“‹“s,]Λμ‹ζ,]Λμ‚T’–Ϊ,2018-01-14,10,’“Τi—Φjκ,‚»‚Μ‘Ό
ή“,•”•i‚Λ‚η‚Ά,‹Ό,]ΛμZ’–Ϊπ”Τ,131237,“‹“s,]Λμ‹ζ,]Λμ‚U’–Ϊ,2018-02-10,20,‚»‚Μ‘Ό‚ΜZ‘ξi‚RK‚ΔΘ‰Ί‹¤“―Z‘ξ“™j,‚»‚Μ‘Ό
ή“,•”•i‚Λ‚η‚Ά,‹Ό,]ΛμZ’–Ϊπ”Τ,131237,“‹“s,]Λμ‹ζ,]Λμ‚U’–Ϊ,2018-05-31,21,‚»‚Μ‘Ό‚ΜZ‘ξi‚RK‚ΔΘ‰Ί‹¤“―Z‘ξ“™j,‚»‚Μ‘Ό
ή“,•”•i‚Λ‚η‚Ά,‹Ό,]ΛμZ’–Ϊπ”Τ,131237,“‹“s,]Λμ‹ζ,t]’¬‚T’–Ϊ,2018-02-04,18,’“Τi—Φjκ,ƒ^ƒCƒ„EƒzƒC[ƒ‹
ή“,•”•i‚Λ‚η‚Ά,‹Ό,—ΥCφ‰€π”Τ,131237,“‹“s,]Λμ‹ζ,“μ‹Ό‚T’–Ϊ,2018-02-03,12,’“Τi—Φjκ,ƒiƒ“ƒo[ƒvƒ[ƒg
ή“,•”•i‚Λ‚η‚Ά,‹Ό,—ΥCφ‰€π”Τ,131237,“‹“s,]Λμ‹ζ,“μ‹Ό‚T’–Ϊ,2018-07-09,13,’“Τi—Φjκ,‚»‚Μ‘Ό
ή“,•”•i‚Λ‚η‚Ά,‹Ό,—ΥCφ‰€π”Τ,131237,“‹“s,]Λμ‹ζ,—ΥC’¬‚P’–Ϊ,2018-05-19,16,’“Τi—Φjκ,ƒ^ƒCƒ„EƒzƒC[ƒ‹
ή“,•”•i‚Λ‚η‚Ά,‹Ό,—ΥCφ‰€π”Τ,131237,“‹“s,]Λμ‹ζ,—ΥC’¬‚Q’–Ϊ,2018-05-31,16,‚SK‚ΔΘγ‹¤“―Z‘ξ,‚»‚Μ‘Ό
ή“,•”•i‚Λ‚η‚Ά,‹Ό,—ΥCφ‰€π”Τ,131237,“‹“s,]Λμ‹ζ,—ΥC’¬‚Q’–Ϊ,2018-08-07,12,‚SK‚ΔΘγ‹¤“―Z‘ξ,‚»‚Μ‘Ό
ή“,•”•i‚Λ‚η‚Ά,‹Ό,—ΥCφ‰€π”Τ,131237,“‹“s,]Λμ‹ζ,—ΥC’¬‚Q’–Ϊ,2018-10-25,21,’“Τi—Φjκ,‚»‚Μ‘Ό
ή“,•”•i‚Λ‚η‚Ά,‹Ό,—ΥCφ‰€π”Τ,131237,“‹“s,]Λμ‹ζ,—ΥC’¬‚Q’–Ϊ,2018-11-07,00,‚SK‚ΔΘγ‹¤“―Z‘ξ,‚»‚Μ‘Ό
ή“,•”•i‚Λ‚η‚Ά,‹Ό,—ΥCφ‰€π”Τ,131237,“‹“s,]Λμ‹ζ,—ΥC’¬‚Q’–Ϊ,2018-11-17,13,‚SK‚ΔΘγ‹¤“―Z‘ξ,‚»‚Μ‘Ό
ή“,•”•i‚Λ‚η‚Ά,‹Ό,—ΥCφ‰€π”Τ,131237,“‹“s,]Λμ‹ζ,—ΥC’¬‚Q’–Ϊ,2018-12-06,14,‚SK‚ΔΘγ‹¤“―Z‘ξ,‚»‚Μ‘Ό
ή“,•”•i‚Λ‚η‚Ά,‹Ό,—ΥCφ‰€π”Τ,131237,“‹“s,]Λμ‹ζ,—ΥC’¬‚T’–Ϊ,2014-06-23,17,‚SK‚ΔΘγ‹¤“―Z‘ξ,ƒiƒ“ƒo[ƒvƒ[ƒg
ή“,•”•i‚Λ‚η‚Ά,‹Ό,—ΥCφ‰€π”Τ,131237,“‹“s,]Λμ‹ζ,—ΥC’¬‚U’–Ϊ,2018-10-12,10,’“Τi—Φjκ,‚»‚Μ‘Ό
ή“,•”•i‚Λ‚η‚Ά,“μ‘ε‘ς,–k–μ‰w‘Oπ”Τ,132012,“‹“s,”ª‰¤qs,–k–μ’¬,2018-12-05,17,‚SK‚ΔΘγ‹¤“―Z‘ξ,‚»‚Μ‘Ό
ή“,•”•i‚Λ‚η‚Ά,“μ‘ε‘ς,–k–μ‰w‘Oπ”Τ,132012,“‹“s,”ª‰¤qs,¦ƒP‹u‚R’–Ϊ,2018-10-16,15,‚SK‚ΔΘγ‹¤“―Z‘ξ,ƒiƒ“ƒo[ƒvƒ[ƒg
ή“,•”•i‚Λ‚η‚Ά,“μ‘ε‘ς,‰Ί—M–Ψπ”Τ,132012,“‹“s,”ª‰¤qs,‰z–μ,2018-12-28,18,κΛZ‘ξ,ƒiƒ“ƒo[ƒvƒ[ƒg
ή“,•”•i‚Λ‚η‚Ά,“μ‘ε‘ς,‰Ί—M–Ψπ”Τ,132012,“‹“s,”ª‰¤qs,‰z–μ,2018-12-28,21,κΛZ‘ξ,ƒiƒ“ƒo[ƒvƒ[ƒg
ή“,•”•i‚Λ‚η‚Ά,“μ‘ε‘ς,‰Ί—M–Ψπ”Τ,132012,“‹“s,”ª‰¤qs,‰Ί—M–Ψ‚Q’–Ϊ,2018-02-04,09,‚»‚Μ‘Ό‚ΜZ‘ξi‚RK‚ΔΘ‰Ί‹¤“―Z‘ξ“™j,ƒ^ƒCƒ„EƒzƒC[ƒ‹
ή“,•”•i‚Λ‚η‚Ά,“μ‘ε‘ς,‰Ί—M–Ψπ”Τ,132012,“‹“s,”ª‰¤qs,‰Ί—M–Ψ‚Q’–Ϊ,2018-06-29,22,’“Τi—Φjκ,ƒ^ƒCƒ„EƒzƒC[ƒ‹
ή“,•”•i‚Λ‚η‚Ά,“μ‘ε‘ς,Ό‚ª’Jπ”Τ,132012,“‹“s,”ª‰¤qs,‘ε’Λ,2018-11-24,13,‚SK‚ΔΘγ‹¤“―Z‘ξ,‚»‚Μ‘Ό
ή“,•”•i‚Λ‚η‚Ά,“μ‘ε‘ς,‚—δπ”Τ,132012,“‹“s,”ª‰¤qs,•Π‘q’¬,2018-05-16,12,‚»‚Μ‘Ό,‚»‚Μ‘Ό
ή“,•”•i‚Λ‚η‚Ά,“μ‘ε‘ς,‚—δπ”Τ,132012,“‹“s,”ª‰¤qs,•Π‘q’¬,2018-10-20,20,‚»‚Μ‘Ό,‚»‚Μ‘Ό
ή“,•”•i‚Λ‚η‚Ά,“μ‘ε‘ς,–x”V“ΰ‰w‘Oπ”Τ,132012,“‹“s,”ª‰¤qs,•Κ‚P’–Ϊ,2018-02-28,18,‚SK‚ΔΘγ‹¤“―Z‘ξ,ƒiƒ“ƒo[ƒvƒ[ƒg
ή“,•”•i‚Λ‚η‚Ά,“μ‘ε‘ς,–x”V“ΰ‰w‘Oπ”Τ,132012,“‹“s,”ª‰¤qs,•Κ‚Q’–Ϊ,2018-01-06,16,‚SK‚ΔΘγ‹¤“―Z‘ξ,ƒiƒ“ƒo[ƒvƒ[ƒg
ή“,•”•i‚Λ‚η‚Ά,“μ‘ε‘ς,–x”V“ΰ‰w‘Oπ”Τ,132012,“‹“s,”ª‰¤qs,•Κ‚Q’–Ϊ,2018-08-28,22,‚SK‚ΔΘγ‹¤“―Z‘ξ,ƒiƒ“ƒo[ƒvƒ[ƒg
ή“,•”•i‚Λ‚η‚Ά,“μ‘ε‘ς,–x”V“ΰ‰w‘Oπ”Τ,132012,“‹“s,”ª‰¤qs,–x”V“ΰ‚R’–Ϊ,2018-02-20,19,’“Τi—Φjκ,‚»‚Μ‘Ό
ή“,•”•i‚Λ‚η‚Ά,“μ‘ε‘ς,“μ‘ε‘ς‰w‘Oπ”Τ,132012,“‹“s,”ª‰¤qs,“μ‘ε‘ς‚P’–Ϊ,2018-02-09,00,’“Τi—Φjκ,‚»‚Μ‘Ό
ή“,•”•i‚Λ‚η‚Ά,“μ‘ε‘ς,“μ‘ε‘ς‰w‘Oπ”Τ,132012,“‹“s,”ª‰¤qs,“μ‘ε‘ς‚Q’–Ϊ,2018-01-21,22,’“Τi—Φjκ,ƒ^ƒCƒ„EƒzƒC[ƒ‹
ή“,•”•i‚Λ‚η‚Ά,“μ‘ε‘ς,‚έ‚Θ‚έ–μπ”Τ,132012,“‹“s,”ª‰¤qs,‚έ‚Θ‚έ–μ‚P’–Ϊ,2018-10-22,17,’“Τi—Φjκ,‚»‚Μ‘Ό
ή“,•”•i‚Λ‚η‚Ά,“μ‘ε‘ς,‘΄‰w‘Oπ”Τ,132098,“‹“s,’¬“cs,‘΄’¬,2018-02-17,13,‚»‚Μ‘Ό,‚»‚Μ‘Ό
ή“,•”•i‚Λ‚η‚Ά,“μ‘ε‘ς,‘΄‰w‘Oπ”Τ,132098,“‹“s,’¬“cs,‘΄’¬,2018-08-05,06,‚SK‚ΔΘγ‹¤“―Z‘ξ,‚»‚Μ‘Ό
ή“,•”•i‚Λ‚η‚Ά,“μ‘ε‘ς,‘΄‰w‘Oπ”Τ,132098,“‹“s,’¬“cs,‘΄’¬,2018-10-01,14,‚»‚Μ‘Ό‚ΜZ‘ξi‚RK‚ΔΘ‰Ί‹¤“―Z‘ξ“™j,ƒiƒ“ƒo[ƒvƒ[ƒg
ή“,•”•i‚Λ‚η‚Ά,“μ‘ε‘ς,γ—M–Ψ’“έ,132012,“‹“s,”ª‰¤qs,γ—M–Ψ,2018-09-24,10,‚»‚Μ‘Ό,ƒiƒ“ƒo[ƒvƒ[ƒg
ή“,•”•i‚Λ‚η‚Ά,“μ‘ε‘ς,γ—M–Ψ’“έ,132012,“‹“s,”ª‰¤qs,γ—M–Ψ‚R’–Ϊ,2018-05-09,16,‚SK‚ΔΘγ‹¤“―Z‘ξ,ƒiƒ“ƒo[ƒvƒ[ƒg
ή“,•”•i‚Λ‚η‚Ά,“μ‘ε‘ς,γ—M–Ψ’“έ,132012,“‹“s,”ª‰¤qs,–ψ…,2018-11-09,07,κΛZ‘ξ,ƒiƒ“ƒo[ƒvƒ[ƒg
ή“,•”•i‚Λ‚η‚Ά,“μ‘ε‘ς,γ—M–Ψ’“έ,132012,“‹“s,”ª‰¤qs,–ψ…‚Q’–Ϊ,2018-10-30,23,‚SK‚ΔΘγ‹¤“―Z‘ξ,ƒiƒ“ƒo[ƒvƒ[ƒg
ή“,•”•i‚Λ‚η‚Ά,“μ‘ε‘ς,γ—M–Ψ’“έ,132012,“‹“s,”ª‰¤qs,–ψ…‚Q’–Ϊ,2018-11-24,19,‚»‚Μ‘Ό‚ΜZ‘ξi‚RK‚ΔΘ‰Ί‹¤“―Z‘ξ“™j,ƒiƒ“ƒo[ƒvƒ[ƒg
ή“,•”•i‚Λ‚η‚Ά,“μ‘ε‘ς,¬”δι’“έ,132012,“‹“s,”ª‰¤qs,¬”δι’¬,2018-06-01,12,‚SK‚ΔΘγ‹¤“―Z‘ξ,ƒiƒ“ƒo[ƒvƒ[ƒg
ή“,•”•i‚Λ‚η‚Ά,“μ‘ε‘ς,“μ—z‘δ’“έ,132012,“‹“s,”ª‰¤qs,‰Ί—M–Ψ,2018-10-14,16,‚»‚Μ‘Ό‚ΜZ‘ξi‚RK‚ΔΘ‰Ί‹¤“―Z‘ξ“™j,ƒiƒ“ƒo[ƒvƒ[ƒg
ή“,•”•i‚Λ‚η‚Ά,“μ‘ε‘ς,“μ—z‘δ’“έ,132012,“‹“s,”ª‰¤qs,“μ—z‘δ‚P’–Ϊ,2018-05-02,15,κΛZ‘ξ,ƒ^ƒCƒ„EƒzƒC[ƒ‹
ή“,•”•i‚Λ‚η‚Ά,“μ‘ε‘ς,“μ‘ε‘ς’“έ,132012,“‹“s,”ª‰¤qs,“μ‘ε‘ς‚R’–Ϊ,2018-01-02,14,‚SK‚ΔΘγ‹¤“―Z‘ξ,‚»‚Μ‘Ό
ή“,•”•i‚Λ‚η‚Ά,“μ‘ε‘ς,“μ‘ε‘ς’“έ,132012,“‹“s,”ª‰¤qs,“μ‘ε‘ς‚R’–Ϊ,2018-10-21,13,‚SK‚ΔΘγ‹¤“―Z‘ξ,‚»‚Μ‘Ό
ή“,•”•i‚Λ‚η‚Ά,“μ‘ε‘ς,‹{γ’“έ,132012,“‹“s,”ª‰¤qs,γ—M–Ψ‚Q’–Ϊ,2018-12-29,14,‚SK‚ΔΘγ‹¤“―Z‘ξ,ƒiƒ“ƒo[ƒvƒ[ƒg
ή“,•”•i‚Λ‚η‚Ά,“μ‘ε‘ς,¬R’“έ,132098,“‹“s,’¬“cs,¬Rƒ–‹u‚R’–Ϊ,2018-11-17,16,’“Τi—Φjκ,‚»‚Μ‘Ό
ή“,•”•i‚Λ‚η‚Ά,“μ‘ε‘ς,‘΄’“έ,132098,“‹“s,’¬“cs,¬Rƒ–‹u‚U’–Ϊ,2018-12-03,19,κΛZ‘ξ,ƒiƒ“ƒo[ƒvƒ[ƒg
ή“,•”•i‚Λ‚η‚Ά,“μ‘ε‘ς,‘εΛ’“έ,132098,“‹“s,’¬“cs,‘΄’¬,2018-06-24,13,‚»‚Μ‘Ό,‚»‚Μ‘Ό
ή“,•”•i‚Λ‚η‚Ά,‚”φ,‚ί‚¶‚λ‘δπ”Τ,132012,“‹“s,”ª‰¤qs,­“c’¬,2018-12-05,20,‚»‚Μ‘Ό‚ΜZ‘ξi‚RK‚ΔΘ‰Ί‹¤“―Z‘ξ“™j,‚»‚Μ‘Ό
ή“,•”•i‚Λ‚η‚Ά,‚”φ,’·–[’¬π”Τ,132012,“‹“s,”ª‰¤qs,’·–[’¬,2018-06-06,16,’“Τi—Φjκ,ƒ^ƒCƒ„EƒzƒC[ƒ‹
ή“,•”•i‚Λ‚η‚Ά,‚”φ,’·–[’¬π”Τ,132012,“‹“s,”ª‰¤qs,’·–[’¬,2018-07-02,07,‚SK‚ΔΘγ‹¤“―Z‘ξ,ƒiƒ“ƒo[ƒvƒ[ƒg
ή“,•”•i‚Λ‚η‚Ά,‚”φ,’·–[’¬π”Τ,132012,“‹“s,”ª‰¤qs,’·–[’¬,2018-07-16,20,‚SK‚ΔΘγ‹¤“―Z‘ξ,‚»‚Μ‘Ό
ή“,•”•i‚Λ‚η‚Ά,‚”φ,’·–[’¬π”Τ,132012,“‹“s,”ª‰¤qs,’·–[’¬,2018-08-16,18,’“Τi—Φjκ,ƒiƒ“ƒo[ƒvƒ[ƒg
ή“,•”•i‚Λ‚η‚Ά,‚”φ,’·–[’¬π”Τ,132012,“‹“s,”ª‰¤qs,’·–[’¬,2018-09-18,22,‚SK‚ΔΘγ‹¤“―Z‘ξ,ƒiƒ“ƒo[ƒvƒ[ƒg
ή“,•”•i‚Λ‚η‚Ά,‚”φ,‰΅μ’¬π”Τ,132012,“‹“s,”ª‰¤qs,‰΅μ’¬,2018-06-02,00,’“Τi—Φjκ,ƒ^ƒCƒ„EƒzƒC[ƒ‹
ή“,•”•i‚Λ‚η‚Ά,‚”φ,³”ª‰¤qπ”Τ,132012,“‹“s,”ª‰¤qs,³”ª‰¤q’¬‚P’–Ϊ,2018-06-25,16,‚»‚Μ‘Ό‚ΜZ‘ξi‚RK‚ΔΘ‰Ί‹¤“―Z‘ξ“™j,‚»‚Μ‘Ό
ή“,•”•i‚Λ‚η‚Ά,‚”φ,³”ª‰¤qπ”Τ,132012,“‹“s,”ª‰¤qs,³”ª‰¤q’¬‚Q’–Ϊ,2018-02-17,18,‚»‚Μ‘Ό‚ΜZ‘ξi‚RK‚ΔΘ‰Ί‹¤“―Z‘ξ“™j,ƒiƒ“ƒo[ƒvƒ[ƒg
ή“,•”•i‚Λ‚η‚Ά,‚”φ,ΩƒP‹u’“έ,132012,“‹“s,”ª‰¤qs,Ω’¬,2018-02-10,19,‚SK‚ΔΘγ‹¤“―Z‘ξ,‚»‚Μ‘Ό
ή“,•”•i‚Λ‚η‚Ά,‚”φ,ΩƒP‹u’“έ,132012,“‹“s,”ª‰¤qs,Ω’¬,2018-05-07,16,‚SK‚ΔΘγ‹¤“―Z‘ξ,ƒJ[ƒiƒr
ή“,•”•i‚Λ‚η‚Ά,‚”φ,ΩƒP‹u’“έ,132012,“‹“s,”ª‰¤qs,Ω’¬,2018-07-03,13,‚»‚Μ‘Ό,‚»‚Μ‘Ό
ή“,•”•i‚Λ‚η‚Ά,‚”φ,›“c’c’n’“έ,132012,“‹“s,”ª‰¤qs,›“c’¬,2018-08-11,18,’“Τi—Φjκ,ƒiƒ“ƒo[ƒvƒ[ƒg
ή“,•”•i‚Λ‚η‚Ά,‘½–€’†‰›,χƒP‹u‰w‘Oπ”Τ,132241,“‹“s,‘½–€s,ΦΛ‚P’–Ϊ,2018-07-10,12,’“Τi—Φjκ,‚»‚Μ‘Ό
ή“,•”•i‚Λ‚η‚Ά,‘½–€’†‰›,¤“†π”Τ,132241,“‹“s,‘½–€s,¤“†‚R’–Ϊ,2018-03-17,19,‚SK‚ΔΘγ‹¤“―Z‘ξ,‚»‚Μ‘Ό
ή“,•”•i‚Λ‚η‚Ά,‘½–€’†‰›,¤“†π”Τ,132241,“‹“s,‘½–€s,¤“†‚R’–Ϊ,2018-09-16,19,‚SK‚ΔΘγ‹¤“―Z‘ξ,ƒ^ƒCƒ„EƒzƒC[ƒ‹
ή“,•”•i‚Λ‚η‚Ά,‘½–€’†‰›,¤“†π”Τ,132241,“‹“s,‘½–€s,—‡‚S’–Ϊ,2018-08-28,18,‚SK‚ΔΘγ‹¤“―Z‘ξ,ƒiƒ“ƒo[ƒvƒ[ƒg
ή“,•”•i‚Λ‚η‚Ά,‘½–€’†‰›,¤“†π”Τ,132241,“‹“s,‘½–€s,Lζ‚S’–Ϊ,2017-12-01,00,‚SK‚ΔΘγ‹¤“―Z‘ξ,ƒiƒ“ƒo[ƒvƒ[ƒg
ή“,•”•i‚Λ‚η‚Ά,‘½–€’†‰›,¤“†π”Τ,132241,“‹“s,‘½–€s,“›•ϋ,2018-04-04,16,‚SK‚ΔΘγ‹¤“―Z‘ξ,ƒiƒ“ƒo[ƒvƒ[ƒg
ή“,•”•i‚Λ‚η‚Ά,‘½–€’†‰›,¤“†π”Τ,132241,“‹“s,‘½–€s,a“c,2017-12-29,11,‚SK‚ΔΘγ‹¤“―Z‘ξ,ƒiƒ“ƒo[ƒvƒ[ƒg
ή“,•”•i‚Λ‚η‚Ά,‘½–€’†‰›,¤“†π”Τ,132241,“‹“s,‘½–€s,a“c‚R’–Ϊ,2017-12-14,22,‚SK‚ΔΘγ‹¤“―Z‘ξ,ƒiƒ“ƒo[ƒvƒ[ƒg
ή“,•”•i‚Λ‚η‚Ά,‘½–€’†‰›,‰iR‰w‘Oπ”Τ,132241,“‹“s,‘½–€s,z–K‚P’–Ϊ,2018-01-01,00,‚»‚Μ‘Ό‚ΜZ‘ξi‚RK‚ΔΘ‰Ί‹¤“―Z‘ξ“™j,ƒiƒ“ƒo[ƒvƒ[ƒg
ή“,•”•i‚Λ‚η‚Ά,‘½–€’†‰›,‰iR‰w‘Oπ”Τ,132241,“‹“s,‘½–€s,z–K‚Q’–Ϊ,2018-11-17,17,’“Τi—Φjκ,‚»‚Μ‘Ό
ή“,•”•i‚Λ‚η‚Ά,‘½–€’†‰›,‰iR‰w‘Oπ”Τ,132241,“‹“s,‘½–€s,‰iR‚P’–Ϊ,2018-03-27,10,‚»‚Μ‘Ό‚ΜZ‘ξi‚RK‚ΔΘ‰Ί‹¤“―Z‘ξ“™j,ƒiƒ“ƒo[ƒvƒ[ƒg
ή“,•”•i‚Λ‚η‚Ά,‘½–€’†‰›,‰iR‰w‘Oπ”Τ,132241,“‹“s,‘½–€s,‰iR‚P’–Ϊ,2018-09-26,08,’“Τi—Φjκ,‚»‚Μ‘Ό
ή“,•”•i‚Λ‚η‚Ά,‘½–€’†‰›,‰iR‰w‘Oπ”Τ,132241,“‹“s,‘½–€s,‰iR‚P’–Ϊ,2018-10-17,08,’“Τi—Φjκ,‚»‚Μ‘Ό
ή“,•”•i‚Λ‚η‚Ά,‘½–€’†‰›,‰iR‰w‘Oπ”Τ,132241,“‹“s,‘½–€s,‰iR‚Q’–Ϊ,2017-12-25,15,‚SK‚ΔΘγ‹¤“―Z‘ξ,ƒiƒ“ƒo[ƒvƒ[ƒg
ή“,•”•i‚Λ‚η‚Ά,‘½–€’†‰›,‰iR‰w‘Oπ”Τ,132241,“‹“s,‘½–€s,‰iR‚Q’–Ϊ,2018-08-10,19,‚SK‚ΔΘγ‹¤“―Z‘ξ,‚»‚Μ‘Ό
ή“,•”•i‚Λ‚η‚Ά,‘½–€’†‰›,‰iRl’–Ϊπ”Τ,132241,“‹“s,‘½–€s,z–K‚S’–Ϊ,2018-02-15,15,‚SK‚ΔΘγ‹¤“―Z‘ξ,‚»‚Μ‘Ό
ή“,•”•i‚Λ‚η‚Ά,‘½–€’†‰›,‰iRl’–Ϊπ”Τ,132241,“‹“s,‘½–€s,z–K‚S’–Ϊ,2018-08-31,14,‚SK‚ΔΘγ‹¤“―Z‘ξ,ƒiƒ“ƒo[ƒvƒ[ƒg
ή“,•”•i‚Λ‚η‚Ά,‘½–€’†‰›,‰iRl’–Ϊπ”Τ,132241,“‹“s,‘½–€s,‰iR‚S’–Ϊ,2018-04-18,09,‚SK‚ΔΘγ‹¤“―Z‘ξ,ƒiƒ“ƒo[ƒvƒ[ƒg
ή“,•”•i‚Λ‚η‚Ά,‘½–€’†‰›,Lζπ”Τ,132241,“‹“s,‘½–€s,—‡‚S’–Ϊ,2017-12-22,13,‚SK‚ΔΘγ‹¤“―Z‘ξ,‚»‚Μ‘Ό
ή“,•”•i‚Λ‚η‚Ά,‘½–€’†‰›,Lζπ”Τ,132241,“‹“s,‘½–€s,—‡‚S’–Ϊ,2018-02-23,08,‚SK‚ΔΘγ‹¤“―Z‘ξ,ƒiƒ“ƒo[ƒvƒ[ƒg
ή“,•”•i‚Λ‚η‚Ά,‘½–€’†‰›,Lζπ”Τ,132241,“‹“s,‘½–€s,—‡‚S’–Ϊ,2018-10-13,11,‚SK‚ΔΘγ‹¤“―Z‘ξ,‚»‚Μ‘Ό
ή“,•”•i‚Λ‚η‚Ά,‘½–€’†‰›,Lζπ”Τ,132241,“‹“s,‘½–€s,—‡‚S’–Ϊ,2018-12-21,12,‚SK‚ΔΘγ‹¤“―Z‘ξ,‚»‚Μ‘Ό
ή“,•”•i‚Λ‚η‚Ά,‘½–€’†‰›,Lζπ”Τ,132241,“‹“s,‘½–€s,Lζ‚S’–Ϊ,2017-12-28,08,‚SK‚ΔΘγ‹¤“―Z‘ξ,ƒiƒ“ƒo[ƒvƒ[ƒg
ή“,•”•i‚Λ‚η‚Ά,‘½–€’†‰›,Lζπ”Τ,132241,“‹“s,‘½–€s,Lζ‚S’–Ϊ,2018-10-29,23,‚SK‚ΔΘγ‹¤“―Z‘ξ,ƒiƒ“ƒo[ƒvƒ[ƒg
ή“,•”•i‚Λ‚η‚Ά,‘½–€’†‰›,Lζπ”Τ,132241,“‹“s,‘½–€s,Lζ‚T’–Ϊ,2018-03-29,14,‚SK‚ΔΘγ‹¤“―Z‘ξ,‚»‚Μ‘Ό
ή“,•”•i‚Λ‚η‚Ά,‘½–€’†‰›,Lζπ”Τ,132241,“‹“s,‘½–€s,Lζ‚T’–Ϊ,2018-10-23,11,‚»‚Μ‘Ό,ƒiƒ“ƒo[ƒvƒ[ƒg
ή“,•”•i‚Λ‚η‚Ά,‘½–€’†‰›,‘½–€ƒZƒ“ƒ^[‰w‘Oπ”Τ,132241,“‹“s,‘½–€s,—‡‚P’–Ϊ,2018-06-04,08,’“Τi—Φjκ,‚»‚Μ‘Ό
ή“,•”•i‚Λ‚η‚Ά,‘½–€’†‰›,‘½–€ƒZƒ“ƒ^[‰w‘Oπ”Τ,132241,“‹“s,‘½–€s,—‡‚S’–Ϊ,2018-06-29,19,‚SK‚ΔΘγ‹¤“―Z‘ξ,ƒiƒ“ƒo[ƒvƒ[ƒg
ή“,•”•i‚Λ‚η‚Ά,‘½–€’†‰›,‘½–€ƒZƒ“ƒ^[‰w‘Oπ”Τ,132241,“‹“s,‘½–€s,—‡‚T’–Ϊ,2017-12-16,14,‚SK‚ΔΘγ‹¤“―Z‘ξ,ƒiƒ“ƒo[ƒvƒ[ƒg
ή“,•”•i‚Λ‚η‚Ά,‘½–€’†‰›,‘½–€ƒZƒ“ƒ^[‰w‘Oπ”Τ,132241,“‹“s,‘½–€s,—‡‚T’–Ϊ,2018-06-07,18,‚SK‚ΔΘγ‹¤“―Z‘ξ,‚Θ‚µ
ή“,•”•i‚Λ‚η‚Ά,‘½–€’†‰›,‘εΫπ”Τ,132250,“‹“s,ξιs,‘εΫ,2018-02-06,08,’“Τi—Φjκ,‚»‚Μ‘Ό
ή“,•”•i‚Λ‚η‚Ά,‘½–€’†‰›,‘εΫπ”Τ,132250,“‹“s,ξιs,‘εΫ,2018-02-14,08,’“Τi—Φjκ,‚»‚Μ‘Ό
ή“,•”•i‚Λ‚η‚Ά,‘½–€’†‰›,‘εΫπ”Τ,132250,“‹“s,ξιs,‘εΫ,2018-10-03,12,‚»‚Μ‘Ό,ƒiƒ“ƒo[ƒvƒ[ƒg
ή“,•”•i‚Λ‚η‚Ά,‘½–€’†‰›,‘εΫπ”Τ,132250,“‹“s,ξιs,“’·ΐ,2018-10-08,09,‚»‚Μ‘Ό‚ΜZ‘ξi‚RK‚ΔΘ‰Ί‹¤“―Z‘ξ“™j,ƒiƒ“ƒo[ƒvƒ[ƒg
ή“,•”•i‚Λ‚η‚Ά,‘½–€’†‰›,–ξ–μϋπ”Τ,132250,“‹“s,ξιs,–ξ–μϋ,2018-04-01,09,’“Τi—Φjκ,‚»‚Μ‘Ό
ή“,•”•i‚Λ‚η‚Ά,‘½–€’†‰›,–ξ–μϋπ”Τ,132250,“‹“s,ξιs,–ξ–μϋ,2018-04-17,18,‚»‚Μ‘Ό‚ΜZ‘ξi‚RK‚ΔΘ‰Ί‹¤“―Z‘ξ“™j,‚»‚Μ‘Ό
ή“,•”•i‚Λ‚η‚Ά,‘½–€’†‰›,–ξ–μϋπ”Τ,132250,“‹“s,ξιs,–ξ–μϋ,2018-05-01,15,’“Τi—Φjκ,ƒ^ƒCƒ„EƒzƒC[ƒ‹
ή“,•”•i‚Λ‚η‚Ά,‘½–€’†‰›,•½”φπ”Τ,132250,“‹“s,ξιs,•½”φ‚Q’–Ϊ,2018-01-31,21,’“Τi—Φjκ,‚»‚Μ‘Ό
ή“,•”•i‚Λ‚η‚Ά,‘½–€’†‰›,•½”φπ”Τ,132250,“‹“s,ξιs,•½”φ‚R’–Ϊ,2018-04-16,18,‚SK‚ΔΘγ‹¤“―Z‘ξ,‚»‚Μ‘Ό
ή“,•”•i‚Λ‚η‚Ά,‘½–€’†‰›,a“c’“έ,132241,“‹“s,‘½–€s,a“c,2018-07-20,17,‚»‚Μ‘Ό‚ΜZ‘ξi‚RK‚ΔΘ‰Ί‹¤“―Z‘ξ“™j,‚»‚Μ‘Ό
ή“,•”•i‚Λ‚η‚Ά,‘½–€’†‰›,–kLζ’“έ,132241,“‹“s,‘½–€s,–LƒP‹u‚Q’–Ϊ,2017-06-23,00,‚SK‚ΔΘγ‹¤“―Z‘ξ,ƒiƒ“ƒo[ƒvƒ[ƒg
ή“,•”•i‚Λ‚η‚Ά,‘½–€’†‰›,ΉƒP‹u’“έ,132241,“‹“s,‘½–€s,ΉƒP‹u‚P’–Ϊ,2018-08-08,10,‚»‚Μ‘Ό‚ΜZ‘ξi‚RK‚ΔΘ‰Ί‹¤“―Z‘ξ“™j,ƒiƒ“ƒo[ƒvƒ[ƒg
ή“,•”•i‚Λ‚η‚Ά,‘½–€’†‰›,—‡Z’–Ϊ’“έ,132241,“‹“s,‘½–€s,—‡‚U’–Ϊ,2018-01-19,21,‚SK‚ΔΘγ‹¤“―Z‘ξ,‚»‚Μ‘Ό
ή“,•”•i‚Λ‚η‚Ά,‘½–€’†‰›,—‡Z’–Ϊ’“έ,132241,“‹“s,‘½–€s,—‡‚U’–Ϊ,2018-02-06,09,‚SK‚ΔΘγ‹¤“―Z‘ξ,ƒ^ƒCƒ„EƒzƒC[ƒ‹
ή“,•”•i‚Λ‚η‚Ά,‘½–€’†‰›,—‡Z’–Ϊ’“έ,132241,“‹“s,‘½–€s,—‡‚U’–Ϊ,2018-05-28,18,‚SK‚ΔΘγ‹¤“―Z‘ξ,‚»‚Μ‘Ό
ή“,•”•i‚Λ‚η‚Ά,‘½–€’†‰›,Aυ›’“έ,132241,“‹“s,‘½–€s,Aυ›‚R’–Ϊ,2018-01-14,19,’“Τi—Φjκ,ƒ^ƒCƒ„EƒzƒC[ƒ‹
ή“,•”•i‚Λ‚η‚Ά,‘½–€’†‰›,•S‘Ί’“έ,132250,“‹“s,ξιs,•S‘Ί,2018-01-26,19,’“Τi—Φjκ,ƒ^ƒCƒ„EƒzƒC[ƒ‹
ή“,•”•i‚Λ‚η‚Ά,‘½–€’†‰›,ό—z‘δ’“έ,132250,“‹“s,ξιs,ό—z‘δ‚U’–Ϊ,2018-03-09,12,‚SK‚ΔΘγ‹¤“―Z‘ξ,ƒiƒ“ƒo[ƒvƒ[ƒg
ή“,•”•i‚Λ‚η‚Ά,‘½–€’†‰›,ό—z‘δ’“έ,132250,“‹“s,ξιs,ό—z‘δ‚U’–Ϊ,2018-06-15,16,‚SK‚ΔΘγ‹¤“―Z‘ξ,‚»‚Μ‘Ό
ή“,•”•i‚Λ‚η‚Ά,‘½–€’†‰›,ό—z‘δ’“έ,132250,“‹“s,ξιs,ό—z‘δ‚U’–Ϊ,2018-07-03,23,‚SK‚ΔΘγ‹¤“―Z‘ξ,ƒ^ƒCƒ„EƒzƒC[ƒ‹
ή“,•”•i‚Λ‚η‚Ά,‘½–€’†‰›,ό—z‘δ’“έ,132250,“‹“s,ξιs,ό—z‘δ‚U’–Ϊ,2018-09-06,18,’“Τi—Φjκ,ƒiƒ“ƒo[ƒvƒ[ƒg
ή“,•”•i‚Λ‚η‚Ά,‘½–€’†‰›,’·•τ’“έ,132250,“‹“s,ξιs,’·•τ‚R’–Ϊ,2018-06-15,22,‚SK‚ΔΘγ‹¤“―Z‘ξ,ƒiƒ“ƒo[ƒvƒ[ƒg
ή“,•”•i‚Λ‚η‚Ά,‘½–€’†‰›,α—t‘δ‰w‘Oπ”Τ,132250,“‹“s,ξιs,ό—z‘δ‚S’–Ϊ,2018-11-16,17,’“Τi—Φjκ,ƒ^ƒCƒ„EƒzƒC[ƒ‹
ή“,•”•i‚Λ‚η‚Ά,‘½–€’†‰›,α—t‘δ‰w‘Oπ”Τ,132250,“‹“s,ξιs,’·•τ‚R’–Ϊ,2018-05-01,10,‚SK‚ΔΘγ‹¤“―Z‘ξ,ƒiƒ“ƒo[ƒvƒ[ƒg
ή“,•”•i‚Λ‚η‚Ά,‘½–€’†‰›,α—t‘δ‰w‘Oπ”Τ,132250,“‹“s,ξιs,α—t‘δ‚P’–Ϊ,2018-11-22,20,‚SK‚ΔΘγ‹¤“―Z‘ξ,‚»‚Μ‘Ό
ή“,•”•i‚Λ‚η‚Ά,‘½–€’†‰›,α—t‘δ‰w‘Oπ”Τ,132250,“‹“s,ξιs,α—t‘δ‚Q’–Ϊ,2018-11-13,23,‚SK‚ΔΘγ‹¤“―Z‘ξ,‚»‚Μ‘Ό
ή“,•”•i‚Λ‚η‚Ά,‘½–€’†‰›,α—t‘δ‰w‘Oπ”Τ,132250,“‹“s,ξιs,α—t‘δ‚S’–Ϊ,2018-07-08,12,‚SK‚ΔΘγ‹¤“―Z‘ξ,ƒiƒ“ƒo[ƒvƒ[ƒg
ή“,•”•i‚Λ‚η‚Ά,‘½–€’†‰›,α—t‘δ‰w‘Oπ”Τ,132250,“‹“s,ξιs,α—t‘δ‚S’–Ϊ,2018-10-07,13,‚SK‚ΔΘγ‹¤“―Z‘ξ,ƒiƒ“ƒo[ƒvƒ[ƒg
ή“,•”•i‚Λ‚η‚Ά,‘½–€’†‰›,α—t‘δ‰w‘Oπ”Τ,132250,“‹“s,ξιs,α—t‘δ‚S’–Ϊ,2018-10-21,18,‚SK‚ΔΘγ‹¤“―Z‘ξ,ƒ^ƒCƒ„EƒzƒC[ƒ‹
ή“,•”•i‚Λ‚η‚Ά,‘½–€’†‰›,“‚–Ψ“c‰w‘O’“έ,132241,“‹“s,‘½–€s,’ί–q‚Q’–Ϊ,2018-02-09,13,’“Τi—Φjκ,‚»‚Μ‘Ό
ή“,•”•i‚Λ‚η‚Ά,“‘εa,‚―‚β‚«’Κπ”Τ,132209,“‹“s,“‘εas,΄΄‚P’–Ϊ,2018-07-20,18,‚SK‚ΔΘγ‹¤“―Z‘ξ,‚»‚Μ‘Ό
ή“,•”•i‚Λ‚η‚Ά,“‘εa,‚―‚β‚«’Κπ”Τ,132209,“‹“s,“‘εas,΄΄‚R’–Ϊ,2017-12-30,17,‚SK‚ΔΘγ‹¤“―Z‘ξ,ƒiƒ“ƒo[ƒvƒ[ƒg
ή“,•”•i‚Λ‚η‚Ά,“‘εa,‚―‚β‚«’Κπ”Τ,132209,“‹“s,“‘εas,΄΄‚R’–Ϊ,2018-06-20,12,‚SK‚ΔΘγ‹¤“―Z‘ξ,ƒiƒ“ƒo[ƒvƒ[ƒg
ή“,•”•i‚Λ‚η‚Ά,“‘εa,‚―‚β‚«’Κπ”Τ,132209,“‹“s,“‘εas,΄΄‚R’–Ϊ,2018-07-28,18,‚SK‚ΔΘγ‹¤“―Z‘ξ,‚»‚Μ‘Ό
ή“,•”•i‚Λ‚η‚Ά,“‘εa,“μXπ”Τ,132209,“‹“s,“‘εas,χ‚ª‹u‚P’–Ϊ,2017-12-30,18,‚SK‚ΔΘγ‹¤“―Z‘ξ,ƒiƒ“ƒo[ƒvƒ[ƒg
ή“,•”•i‚Λ‚η‚Ά,“‘εa,“μXπ”Τ,132209,“‹“s,“‘εas,χ‚ª‹u‚P’–Ϊ,2018-12-20,07,’“Τi—Φjκ,ƒ^ƒCƒ„EƒzƒC[ƒ‹
ή“,•”•i‚Λ‚η‚Ά,“‘εa,“μXπ”Τ,132209,“‹“s,“‘εas,“μX‚P’–Ϊ,2018-06-20,08,‚SK‚ΔΘγ‹¤“―Z‘ξ,ƒiƒ“ƒo[ƒvƒ[ƒg
ή“,•”•i‚Λ‚η‚Ά,“‘εa,“μXπ”Τ,132209,“‹“s,“‘εas,“μX‚P’–Ϊ,2018-06-22,20,‚SK‚ΔΘγ‹¤“―Z‘ξ,‚»‚Μ‘Ό
ή“,•”•i‚Λ‚η‚Ά,“‘εa,“μXπ”Τ,132209,“‹“s,“‘εas,ό΄‚R’–Ϊ,2018-06-30,16,‚SK‚ΔΘγ‹¤“―Z‘ξ,ƒiƒ“ƒo[ƒvƒ[ƒg
ή“,•”•i‚Λ‚η‚Ά,“‘εa,“μXπ”Τ,132209,“‹“s,“‘εas,ό΄‚U’–Ϊ,2018-08-08,19,’“Τi—Φjκ,ƒ^ƒCƒ„EƒzƒC[ƒ‹
ή“,•”•i‚Λ‚η‚Ά,“‘εa,“μXπ”Τ,132209,“‹“s,“‘εas,ό΄‚U’–Ϊ,2018-10-02,22,‚SK‚ΔΘγ‹¤“―Z‘ξ,‚»‚Μ‘Ό
ή“,•”•i‚Λ‚η‚Ά,“‘εa,“μXπ”Τ,132209,“‹“s,“‘εas,ό΄‚U’–Ϊ,2018-11-15,17,‚SK‚ΔΘγ‹¤“―Z‘ξ,ƒiƒ“ƒo[ƒvƒ[ƒg
ή“,•”•i‚Λ‚η‚Ά,“‘εa,“ή—Η‹΄π”Τ,132209,“‹“s,“‘εas,’‡΄‚S’–Ϊ,2017-12-29,14,’“Τi—Φjκ,‚»‚Μ‘Ό
ή“,•”•i‚Λ‚η‚Ά,“‘εa,‘ΊRπ”Τ,132233,“‹“s,•‘ ‘ΊRs,‰|‚P’–Ϊ,2018-01-02,11,’“Τi—Φjκ,‚»‚Μ‘Ό
ή“,•”•i‚Λ‚η‚Ά,“‘εa,‘ΊRπ”Τ,132233,“‹“s,•‘ ‘ΊRs,‘ε“μ‚P’–Ϊ,2018-06-19,08,‚»‚Μ‘Ό‚ΜZ‘ξi‚RK‚ΔΘ‰Ί‹¤“―Z‘ξ“™j,ƒ^ƒCƒ„EƒzƒC[ƒ‹
ή“,•”•i‚Λ‚η‚Ά,“‘εa,‘ΊRπ”Τ,132233,“‹“s,•‘ ‘ΊRs,—Ξ‚ª‹u,2015-08-01,08,‚SK‚ΔΘγ‹¤“―Z‘ξ,ƒiƒ“ƒo[ƒvƒ[ƒg
ή“,•”•i‚Λ‚η‚Ά,“‘εa,‘ΊRπ”Τ,132233,“‹“s,•‘ ‘ΊRs,—Ξ‚ª‹u,2018-05-15,16,‚SK‚ΔΘγ‹¤“―Z‘ξ,ƒiƒ“ƒo[ƒvƒ[ƒg
ή“,•”•i‚Λ‚η‚Ά,“‘εa,’†“΅π”Τ,132233,“‹“s,•‘ ‘ΊRs,Oƒc“΅‚P’–Ϊ,2018-04-01,22,‚SK‚ΔΘγ‹¤“―Z‘ξ,‚»‚Μ‘Ό
ή“,•”•i‚Λ‚η‚Ά,“‘εa,’†“΅π”Τ,132233,“‹“s,•‘ ‘ΊRs,’†“΅‚T’–Ϊ,2018-08-06,22,κΛZ‘ξ,ƒiƒ“ƒo[ƒvƒ[ƒg
ή“,•”•i‚Λ‚η‚Ά,“‘εa,’†“΅π”Τ,132233,“‹“s,•‘ ‘ΊRs,’†‰›‚P’–Ϊ,2018-06-09,04,κΛZ‘ξ,‚»‚Μ‘Ό
ή“,•”•i‚Λ‚η‚Ά,“‘εa,’†“΅π”Τ,132233,“‹“s,•‘ ‘ΊRs,–{’¬‚Q’–Ϊ,2018-02-25,21,‚»‚Μ‘Ό‚ΜZ‘ξi‚RK‚ΔΘ‰Ί‹¤“―Z‘ξ“™j,ƒiƒ“ƒo[ƒvƒ[ƒg
ή“,•”•i‚Λ‚η‚Ά,“‘εa,Oƒc–Ψπ”Τ,132233,“‹“s,•‘ ‘ΊRs,Oƒc“΅‚R’–Ϊ,2018-01-18,21,κΛZ‘ξ,‚»‚Μ‘Ό
ή“,•”•i‚Λ‚η‚Ά,“‘εa,Oƒc–Ψπ”Τ,132233,“‹“s,•‘ ‘ΊRs,έ‚P’–Ϊ,2018-03-17,00,‚»‚Μ‘Ό‚ΜZ‘ξi‚RK‚ΔΘ‰Ί‹¤“―Z‘ξ“™j,‚»‚Μ‘Ό
ή“,•”•i‚Λ‚η‚Ά,“‘εa,Oƒc–Ψπ”Τ,132233,“‹“s,•‘ ‘ΊRs,’†΄‚Q’–Ϊ,2018-04-21,18,‚»‚Μ‘Ό,ƒiƒ“ƒo[ƒvƒ[ƒg
ή“,•”•i‚Λ‚η‚Ά,“‘εa,‹Κμγ…‰w‘Oπ”Τ,132209,“‹“s,“‘εas,χ‚ª‹u‚Q’–Ϊ,2018-05-01,22,‚SK‚ΔΘγ‹¤“―Z‘ξ,ƒiƒ“ƒo[ƒvƒ[ƒg
ή“,•”•i‚Λ‚η‚Ά,Β”~,“Β”~‰w‘Oπ”Τ,132055,“‹“s,Β”~s,ªƒ–•z‚P’–Ϊ,2018-09-29,02,‚»‚Μ‘Ό,ƒiƒ“ƒo[ƒvƒ[ƒg
ή“,•”•i‚Λ‚η‚Ά,Β”~,“Β”~‰w‘Oπ”Τ,132055,“‹“s,Β”~s,“Β”~‚Q’–Ϊ,2018-01-01,19,‚SK‚ΔΘγ‹¤“―Z‘ξ,ƒiƒ“ƒo[ƒvƒ[ƒg
ή“,•”•i‚Λ‚η‚Ά,Β”~,“Β”~‰w‘Oπ”Τ,132055,“‹“s,Β”~s,“Β”~‚T’–Ϊ,2018-10-10,14,’“Τi—Φjκ,‚»‚Μ‘Ό
ή“,•”•i‚Λ‚η‚Ά,Β”~,‰Ί’·•£’“έ,132055,“‹“s,Β”~s,’·•£‚R’–Ϊ,2018-05-25,23,κΛZ‘ξ,ƒiƒ“ƒo[ƒvƒ[ƒg
ή“,•”•i‚Λ‚η‚Ά,Β”~,‘ε–ε’“έ,132055,“‹“s,Β”~s,–μγ’¬‚Q’–Ϊ,2018-05-06,11,‚SK‚ΔΘγ‹¤“―Z‘ξ,ƒiƒ“ƒo[ƒvƒ[ƒg
ή“,•”•i‚Λ‚η‚Ά,Β”~,΅›’“έ,132055,“‹“s,Β”~s,–Ψ–μ‰Ί‚P’–Ϊ,2018-10-06,18,‚»‚Μ‘Ό‚ΜZ‘ξi‚RK‚ΔΘ‰Ί‹¤“―Z‘ξ“™j,ƒ^ƒCƒ„EƒzƒC[ƒ‹
ή“,•”•i‚Λ‚η‚Ά,Β”~,V’¬π”Τ,132055,“‹“s,Β”~s,V’¬‚R’–Ϊ,2018-01-24,05,’“Τi—Φjκ,ƒiƒ“ƒo[ƒvƒ[ƒg
ή“,•”•i‚Λ‚η‚Ά,Β”~,V’¬π”Τ,132055,“‹“s,Β”~s,V’¬‚U’–Ϊ,2018-01-15,16,‚»‚Μ‘Ό,ƒiƒ“ƒo[ƒvƒ[ƒg
ή“,•”•i‚Λ‚η‚Ά,Β”~,V’¬π”Τ,132055,“‹“s,Β”~s,V’¬‚U’–Ϊ,2018-01-23,17,’“Τi—Φjκ,‚»‚Μ‘Ό
ή“,•”•i‚Λ‚η‚Ά,Β”~,V’¬π”Τ,132055,“‹“s,Β”~s,V’¬‚U’–Ϊ,2018-09-10,20,‚»‚Μ‘Ό,ƒiƒ“ƒo[ƒvƒ[ƒg
ή“,•”•i‚Λ‚η‚Ά,Β”~,V’¬π”Τ,132055,“‹“s,Β”~s,V’¬‚X’–Ϊ,2018-03-31,15,’“Τi—Φjκ,ƒ^ƒCƒ„EƒzƒC[ƒ‹
ή“,•”•i‚Λ‚η‚Ά,Β”~,V’¬π”Τ,132055,“‹“s,Β”~s,–μγ’¬‚R’–Ϊ,2018-03-28,20,‚SK‚ΔΘγ‹¤“―Z‘ξ,‚»‚Μ‘Ό
ή“,•”•i‚Λ‚η‚Ά,Β”~,΅δ’“έ,132055,“‹“s,Β”~s,΅δ‚P’–Ϊ,2018-11-12,23,’“Τi—Φjκ,‚»‚Μ‘Ό
ή“,•”•i‚Λ‚η‚Ά,Β”~,¬‘]–Ψ’“έ,132055,“‹“s,Β”~s,•x‰ª‚P’–Ϊ,2017-08-11,•s–Ύ,‚»‚Μ‘Ό,ƒiƒ“ƒo[ƒvƒ[ƒg
ή“,•”•i‚Λ‚η‚Ά,Β”~,”¨’†’“έ,132055,“‹“s,Β”~s,”¨’†‚P’–Ϊ,2018-09-27,23,’“Τi—Φjκ,ƒiƒ“ƒo[ƒvƒ[ƒg
ή“,•”•i‚Λ‚η‚Ά,Β”~,‰Ν•Σ‰w‘Oπ”Τ,132055,“‹“s,Β”~s,‰Ν•Σ’¬‚P‚O’–Ϊ,2018-02-05,16,‚»‚Μ‘Ό,‚»‚Μ‘Ό
ή“,•”•i‚Λ‚η‚Ά,Β”~,‰Ν•Σ‰w‘Oπ”Τ,132055,“‹“s,Β”~s,“Β”~‚S’–Ϊ,2018-08-30,13,’“Τi—Φjκ,‚»‚Μ‘Ό
ή“,•”•i‚Λ‚η‚Ά,ά“ϊs,ά“ϊs‰w‘Oπ”Τ,132284,“‹“s,‚ ‚«‚ι–μs,Ϊ’J‘δ,2017-10-17,17,’“Τi—Φjκ,ƒiƒ“ƒo[ƒvƒ[ƒg
ή“,•”•i‚Λ‚η‚Ά,ά“ϊs,ά“ϊs‰w‘Oπ”Τ,132284,“‹“s,‚ ‚«‚ι–μs,Ϊ’J‘δ,2018-06-15,06,’“Τi—Φjκ,‚»‚Μ‘Ό
ή“,•”•i‚Λ‚η‚Ά,•¶,•¶‰w‘Oπ”Τ,132187,“‹“s,•¶s,‰Α”ό•½‚P’–Ϊ,2016-08-01,00,‚SK‚ΔΘγ‹¤“―Z‘ξ,ƒiƒ“ƒo[ƒvƒ[ƒg
ή“,•”•i‚Λ‚η‚Ά,•¶,•¶‰w‘Oπ”Τ,132187,“‹“s,•¶s,‰Α”ό•½‚S’–Ϊ,2018-05-19,20,‚SK‚ΔΘγ‹¤“―Z‘ξ,‚»‚Μ‘Ό
ή“,•”•i‚Λ‚η‚Ά,•¶,•¶‰w‘Oπ”Τ,132187,“‹“s,•¶s,•‘ –μ‘δ‚P’–Ϊ,2018-03-16,13,‚SK‚ΔΘγ‹¤“―Z‘ξ,‚»‚Μ‘Ό
ή“,•”•i‚Λ‚η‚Ά,•¶,“ΰoπ”Τ,132187,“‹“s,•¶s,‘εFμ,2018-08-17,19,“ΉHγ,ƒ^ƒCƒ„EƒzƒC[ƒ‹
ή“,•”•i‚Λ‚η‚Ά,•¶,” ªƒPθ’“έ,133035,“‹“s,•δ’¬,‘ε•‘ ,2018-03-31,16,‚»‚Μ‘Ό,ƒiƒ“ƒo[ƒvƒ[ƒg
ή“,•”•i‚Λ‚η‚Ά,•¶,Ξ”¨’“έ,133035,“‹“s,•δ’¬,‘ε“aƒP’J,2018-05-29,19,‚»‚Μ‘Ό‚ΜZ‘ξi‚RK‚ΔΘ‰Ί‹¤“―Z‘ξ“™j,‚»‚Μ‘Ό
ή“,•”•i‚Λ‚η‚Ά,•¶,³‹·R’“έ,133035,“‹“s,•δ’¬,‘ε‹ξ`•xmR,2018-01-18,23,‚»‚Μ‘Ό‚ΜZ‘ξi‚RK‚ΔΘ‰Ί‹¤“―Z‘ξ“™j,ƒiƒ“ƒo[ƒvƒ[ƒg
ή“,•”•i‚Λ‚η‚Ά,•¶,³‹·R’“έ,133035,“‹“s,•δ’¬,‘ε‹ξ`•xmR,2018-01-27,20,‚»‚Μ‘Ό,ƒ^ƒCƒ„EƒzƒC[ƒ‹
ή“,•”•i‚Λ‚η‚Ά,•¶,³‹·R’“έ,133035,“‹“s,•δ’¬,‘ε‚ª,2018-03-30,14,’“Τi—Φjκ,‚»‚Μ‘Ό
ή“,•”•i‚Λ‚η‚Ά,•¶,³‹·R’“έ,133035,“‹“s,•δ’¬,‘ε•xmRI΄V“c,2018-02-14,06,‚»‚Μ‘Ό,‚»‚Μ‘Ό
ή“,•”•i‚Λ‚η‚Ά,•¶,•‘ –μ’“έ,133035,“‹“s,•δ’¬,‚ή‚³‚µ–μ‚P’–Ϊ,2018-01-01,19,‚SK‚ΔΘγ‹¤“―Z‘ξ,ƒiƒ“ƒo[ƒvƒ[ƒg
ή“,•”•i‚Λ‚η‚Ά,•¶,•‘ –μ’“έ,133035,“‹“s,•δ’¬,‚ή‚³‚µ–μ‚P’–Ϊ,2018-01-19,19,‚SK‚ΔΘγ‹¤“―Z‘ξ,‚»‚Μ‘Ό
ή“,•”•i‚Λ‚η‚Ά,•¶,•‘ –μ’“έ,133035,“‹“s,•δ’¬,‚ή‚³‚µ–μ‚P’–Ϊ,2018-08-16,19,‚SK‚ΔΘγ‹¤“―Z‘ξ,‚»‚Μ‘Ό
ή“,•”•i‚Λ‚η‚Ά,•¶,•‘ –μ’“έ,133035,“‹“s,•δ’¬,‚ή‚³‚µ–μ‚P’–Ϊ,2018-09-17,16,‚SK‚ΔΘγ‹¤“―Z‘ξ,‚»‚Μ‘Ό
ή“,•”•i‚Λ‚η‚Ά,•¶,•‘ –μ’“έ,133035,“‹“s,•δ’¬,‚ή‚³‚µ–μ‚R’–Ϊ,2018-06-20,19,‚»‚Μ‘Ό,‚»‚Μ‘Ό
ή“,•”•i‚Λ‚η‚Ά,•¶,•‘ –μ’“έ,133035,“‹“s,•δ’¬,‚ή‚³‚µ–μ‚R’–Ϊ,2018-10-22,20,‚»‚Μ‘Ό,‚»‚Μ‘Ό
ή“,•”•i‚Λ‚η‚Ά,•¶,‰H‘ΊΌ’“έ,132276,“‹“s,‰H‘Ίs,‰H‰Α”ό‚Q’–Ϊ,2018-07-04,23,’“Τi—Φjκ,ƒ^ƒCƒ„EƒzƒC[ƒ‹
ή“,•”•i‚Λ‚η‚Ά,•¶,_–Ύ‘δπ”Τ,132276,“‹“s,‰H‘Ίs,_–Ύ‘δ‚P’–Ϊ,2018-01-06,00,’“Τi—Φjκ,‚»‚Μ‘Ό
ή“,•”•i‚Λ‚η‚Ά,•¶,‰H‘Ί‰w‘Oπ”Τ,132276,“‹“s,‰H‘Ίs,‰h’¬‚Q’–Ϊ,2018-05-02,19,‚»‚Μ‘Ό,‚»‚Μ‘Ό
ή“,•”•i‚Λ‚η‚Ά,•¶,‰H‘Ί‰w‘Oπ”Τ,132276,“‹“s,‰H‘Ίs,‹Κμ‚Q’–Ϊ,2018-05-04,10,‚SK‚ΔΘγ‹¤“―Z‘ξ,ƒiƒ“ƒo[ƒvƒ[ƒg
ή“,•”•i‚Λ‚η‚Ά,•¶,‰H‘Ί‰w‘Oπ”Τ,132276,“‹“s,‰H‘Ίs,‰H“‚P’–Ϊ,2018-07-09,07,’“Τi—Φjκ,‚»‚Μ‘Ό
ή“,•”•i‚Λ‚η‚Ά,•¶,‰H‘Ί‰w‘Oπ”Τ,132276,“‹“s,‰H‘Ίs,—Ξƒ–‹u‚T’–Ϊ,2018-09-28,07,’“Τi—Φjκ,‚»‚Μ‘Ό
ή“,•”•i‚Λ‚η‚Ά,•¶,“ρ‹{’“έ,132284,“‹“s,‚ ‚«‚ι–μs,‘‰Τ,2018-09-05,23,κΛZ‘ξ,ƒiƒ“ƒo[ƒvƒ[ƒg
ή“,•”•i‚Λ‚η‚Ά,•¶,“ρ‹{’“έ,132284,“‹“s,‚ ‚«‚ι–μs,–μ•Σ,2018-05-13,14,’“Τi—Φjκ,‚»‚Μ‘Ό
ή“,•”•i‚Λ‚η‚Ά,•¶,Ίγ’“έ,132284,“‹“s,‚ ‚«‚ι–μs,γ‘γp,2018-04-17,06,’“Τi—Φjκ,‚»‚Μ‘Ό
ή“,•”•i‚Λ‚η‚Ά,•¶,¬μ‰w‘Oπ”Τ,132276,“‹“s,‰H‘Ίs,‰h’¬‚Q’–Ϊ,2018-10-25,22,‚»‚Μ‘Ό‚ΜZ‘ξi‚RK‚ΔΘ‰Ί‹¤“―Z‘ξ“™j,‚»‚Μ‘Ό
ή“,•”•i‚Λ‚η‚Ά,•¶,¬μ‰w‘Oπ”Τ,132276,“‹“s,‰H‘Ίs,¬μ‘δ‚Q’–Ϊ,2018-05-05,11,’“Τi—Φjκ,‚»‚Μ‘Ό
ή“,•”•i‚Λ‚η‚Ά,•¶,Hμ‰w‘Oπ”Τ,132284,“‹“s,‚ ‚«‚ι–μs,Hμ‚U’–Ϊ,2018-04-22,12,’“Τi—Φjκ,‚»‚Μ‘Ό
ή“,•”•i‚Λ‚η‚Ά,•¶,Hμ‰w‘Oπ”Τ,132284,“‹“s,‚ ‚«‚ι–μs,H—―‚T’–Ϊ,2018-01-09,10,’“Τi—Φjκ,ƒiƒ“ƒo[ƒvƒ[ƒg
ή“,•”•i‚Λ‚η‚Ά,•¶,” ªƒ–θ‰w‘Oπ”Τ,133035,“‹“s,•δ’¬,‘ε” ªƒPθ,2018-10-03,16,’“Τi—Φjκ,‚»‚Μ‘Ό
ή“,•”•i‚Λ‚η‚Ά,•¶,” ªƒ–θ‰w‘Oπ”Τ,133035,“‹“s,•δ’¬,” ªƒPθΌΌ΄,2016-03-01,•s–Ύ,κΛZ‘ξ,ƒiƒ“ƒo[ƒvƒ[ƒg
ή“,•”•i‚Λ‚η‚Ά,”ª‰¤q,’Η•ªπ”Τ,132012,“‹“s,”ª‰¤qs,¬–ε’¬,2018-10-01,07,κΛZ‘ξ,ƒiƒ“ƒo[ƒvƒ[ƒg
ή“,•”•i‚Λ‚η‚Ά,”ª‰¤q,’Η•ªπ”Τ,132012,“‹“s,”ª‰¤qs,³–{‹½’¬‚S’–Ϊ,2018-06-12,08,’“Τi—Φjκ,‚»‚Μ‘Ό
ή“,•”•i‚Λ‚η‚Ά,”ª‰¤q,”ª‰¤q‰w“μϋπ”Τ,132012,“‹“s,”ª‰¤qs,qΐ’¬‚R’–Ϊ,2018-08-24,08,’“Τi—Φjκ,ƒiƒ“ƒo[ƒvƒ[ƒg
ή“,•”•i‚Λ‚η‚Ά,”ª‰¤q,”ª‰¤q‰w–kϋπ”Τ,132012,“‹“s,”ª‰¤qs,–Ύ_’¬‚P’–Ϊ,2018-11-19,23,‚»‚Μ‘Ό‚ΜZ‘ξi‚RK‚ΔΘ‰Ί‹¤“―Z‘ξ“™j,ƒiƒ“ƒo[ƒvƒ[ƒg
ή“,•”•i‚Λ‚η‚Ά,”ª‰¤q,”ª‰¤q‰w–kϋπ”Τ,132012,“‹“s,”ª‰¤qs,–Ύ_’¬‚S’–Ϊ,2018-11-19,12,’“Τi—Φjκ,ƒiƒ“ƒo[ƒvƒ[ƒg
ή“,•”•i‚Λ‚η‚Ά,”ª‰¤q,‘εa“cπ”Τ,132012,“‹“s,”ª‰¤qs,‘εa“c’¬‚P’–Ϊ,2018-01-11,18,‚»‚Μ‘Ό‚ΜZ‘ξi‚RK‚ΔΘ‰Ί‹¤“―Z‘ξ“™j,‚»‚Μ‘Ό
ή“,•”•i‚Λ‚η‚Ά,”ª‰¤q,‘εa“cπ”Τ,132012,“‹“s,”ª‰¤qs,‘εa“c’¬‚P’–Ϊ,2018-10-27,17,‚SK‚ΔΘγ‹¤“―Z‘ξ,ƒ^ƒCƒ„EƒzƒC[ƒ‹
ή“,•”•i‚Λ‚η‚Ά,”ª‰¤q,ΐΛ’“έ,132012,“‹“s,”ª‰¤qs,‹Ε’¬‚P’–Ϊ,2018-01-05,19,’“Τi—Φjκ,ƒiƒ“ƒo[ƒvƒ[ƒg
ή“,•”•i‚Λ‚η‚Ά,”ª‰¤q,ξ‰Χβπ”Τ,132012,“‹“s,”ª‰¤qs,’†–μR‰¤‚R’–Ϊ,2018-10-28,13,‚»‚Μ‘Ό‚ΜZ‘ξi‚RK‚ΔΘ‰Ί‹¤“―Z‘ξ“™j,ƒiƒ“ƒo[ƒvƒ[ƒg
ή“,•”•i‚Λ‚η‚Ά,”ª‰¤q,Ά–Ϊπ”Τ,132012,“‹“s,”ª‰¤qs,’†–μ’¬,2018-12-06,17,‚SK‚ΔΘγ‹¤“―Z‘ξ,ƒiƒ“ƒo[ƒvƒ[ƒg
ή“,•”•i‚Λ‚η‚Ά,”ª‰¤q,Ά–Ϊπ”Τ,132012,“‹“s,”ª‰¤qs,“θ΄’¬,2018-04-13,17,’“Τi—Φjκ,‚»‚Μ‘Ό
ή“,•”•i‚Λ‚η‚Ά,”ª‰¤q,Ά–Ϊπ”Τ,132012,“‹“s,”ª‰¤qs,“θ΄’¬,2018-10-06,18,’“Τi—Φjκ,‚»‚Μ‘Ό
ή“,•”•i‚Λ‚η‚Ά,”ª‰¤q,–k”ª‰¤qπ”Τ,132012,“‹“s,”ª‰¤qs,‚‘q’¬,2018-09-08,12,‚SK‚ΔΘγ‹¤“―Z‘ξ,‚»‚Μ‘Ό
ή“,•”•i‚Λ‚η‚Ά,”ª‰¤q,¶“ό’¬’“έ,132012,“‹“s,”ª‰¤qs,’J–μ’¬,2018-11-25,17,‚»‚Μ‘Ό‚ΜZ‘ξi‚RK‚ΔΘ‰Ί‹¤“―Z‘ξ“™j,ƒiƒ“ƒo[ƒvƒ[ƒg
ή“,•”•i‚Λ‚η‚Ά,”ª‰¤q,¶“ό’¬’“έ,132012,“‹“s,”ª‰¤qs,’J–μ’¬,2018-11-30,23,‚»‚Μ‘Ό‚ΜZ‘ξi‚RK‚ΔΘ‰Ί‹¤“―Z‘ξ“™j,ƒiƒ“ƒo[ƒvƒ[ƒg
ή“,•”•i‚Λ‚η‚Ά,”ª‰¤q,¶“ό’¬’“έ,132012,“‹“s,”ª‰¤qs,‚έ‚Β‚Ά‘δ‚Q’–Ϊ,2018-07-03,17,‚»‚Μ‘Ό,ƒiƒ“ƒo[ƒvƒ[ƒg
ή“,•”•i‚Λ‚η‚Ά,”ª‰¤q,¶“ό’¬’“έ,132012,“‹“s,”ª‰¤qs,‚έ‚Β‚Ά‘δ‚Q’–Ϊ,2018-09-29,22,κΛZ‘ξ,ƒiƒ“ƒo[ƒvƒ[ƒg
ή“,•”•i‚Λ‚η‚Ά,”ª‰¤q,¶“ό’¬’“έ,132012,“‹“s,”ª‰¤qs,‚έ‚Β‚Ά‘δ‚Q’–Ϊ,2018-12-23,12,κΛZ‘ξ,ƒiƒ“ƒo[ƒvƒ[ƒg
ή“,•”•i‚Λ‚η‚Ά,’¬“c,’¬“c‰w‘Oπ”Τ,132098,“‹“s,’¬“cs,΄’¬“c‚U’–Ϊ,2018-08-09,08,’“Τi—Φjκ,‚»‚Μ‘Ό
ή“,•”•i‚Λ‚η‚Ά,’¬“c,’¬“c‰w‘Oπ”Τ,132098,“‹“s,’¬“cs,X–μ‚P’–Ϊ,2018-02-03,20,’“Τi—Φjκ,ƒiƒ“ƒo[ƒvƒ[ƒg
ή“,•”•i‚Λ‚η‚Ά,’¬“c,’¬“c‰w‘Oπ”Τ,132098,“‹“s,’¬“cs,X–μ‚P’–Ϊ,2018-04-20,18,‚SK‚ΔΘγ‹¤“―Z‘ξ,ƒ^ƒCƒ„EƒzƒC[ƒ‹
ή“,•”•i‚Λ‚η‚Ά,’¬“c,’¬“c‰w‘Oπ”Τ,132098,“‹“s,’¬“cs,X–μ‚Q’–Ϊ,2018-08-20,19,’“Τi—Φjκ,‚»‚Μ‘Ό
ή“,•”•i‚Λ‚η‚Ά,’¬“c,’†’¬π”Τ,132098,“‹“s,’¬“cs,’†’¬‚Q’–Ϊ,2018-05-06,09,’“Τi—Φjκ,‚»‚Μ‘Ό
ή“,•”•i‚Λ‚η‚Ά,’¬“c,’†’¬π”Τ,132098,“‹“s,’¬“cs,’†’¬‚Q’–Ϊ,2018-12-15,16,‚SK‚ΔΘγ‹¤“―Z‘ξ,ƒiƒ“ƒo[ƒvƒ[ƒg
ή“,•”•i‚Λ‚η‚Ά,’¬“c,’†’¬π”Τ,132098,“‹“s,’¬“cs,X–μ‚U’–Ϊ,2018-04-17,01,’“Τi—Φjκ,‚»‚Μ‘Ό
ή“,•”•i‚Λ‚η‚Ά,’¬“c,΄’¬“cπ”Τ,132098,“‹“s,’¬“cs,¬£‚V’–Ϊ,•s–Ύ,•s–Ύ,‚SK‚ΔΘγ‹¤“―Z‘ξ,ƒiƒ“ƒo[ƒvƒ[ƒg
ή“,•”•i‚Λ‚η‚Ά,’¬“c,X–μπ”Τ,132098,“‹“s,’¬“cs,X–μ‚S’–Ϊ,2018-02-21,22,‚SK‚ΔΘγ‹¤“―Z‘ξ,ƒiƒ“ƒo[ƒvƒ[ƒg
ή“,•”•i‚Λ‚η‚Ά,’¬“c,X–μπ”Τ,132098,“‹“s,’¬“cs,X–μ‚S’–Ϊ,2018-03-01,01,‚SK‚ΔΘγ‹¤“―Z‘ξ,‚»‚Μ‘Ό
ή“,•”•i‚Λ‚η‚Ά,’¬“c,‹ΰXπ”Τ,132098,“‹“s,’¬“cs,‹ΰX‚Q’–Ϊ,2018-01-14,10,‚SK‚ΔΘγ‹¤“―Z‘ξ,‚»‚Μ‘Ό
ή“,•”•i‚Λ‚η‚Ά,’¬“c,‹ΰXπ”Τ,132098,“‹“s,’¬“cs,‹ΰX‚V’–Ϊ,2018-06-01,18,‚SK‚ΔΘγ‹¤“―Z‘ξ,ƒiƒ“ƒo[ƒvƒ[ƒg
ή“,•”•i‚Λ‚η‚Ά,’¬“c,‹ΰXπ”Τ,132098,“‹“s,’¬“cs,‹ΰX‚V’–Ϊ,2018-11-10,19,’“Τi—Φjκ,‚Θ‚µ
ή“,•”•i‚Λ‚η‚Ά,’¬“c,’ίΤπ”Τ,132098,“‹“s,’¬“cs,¬μ‚U’–Ϊ,2018-10-09,10,‚SK‚ΔΘγ‹¤“―Z‘ξ,‚»‚Μ‘Ό
ή“,•”•i‚Λ‚η‚Ά,’¬“c,’ίΤπ”Τ,132098,“‹“s,’¬“cs,¬μ‚U’–Ϊ,2018-12-13,15,’“Τi—Φjκ,ƒiƒ“ƒo[ƒvƒ[ƒg
ή“,•”•i‚Λ‚η‚Ά,’¬“c,’ίΤπ”Τ,132098,“‹“s,’¬“cs,‹ΰX‚T’–Ϊ,2018-08-12,09,‚»‚Μ‘Ό‚ΜZ‘ξi‚RK‚ΔΘ‰Ί‹¤“―Z‘ξ“™j,ƒiƒ“ƒo[ƒvƒ[ƒg
ή“,•”•i‚Λ‚η‚Ά,’¬“c,’ίΤπ”Τ,132098,“‹“s,’¬“cs,’ίΤ‚R’–Ϊ,2018-04-11,17,‚»‚Μ‘Ό,ƒiƒ“ƒo[ƒvƒ[ƒg
ή“,•”•i‚Λ‚η‚Ά,’¬“c,’ίΤπ”Τ,132098,“‹“s,’¬“cs,’ίΤ‚U’–Ϊ,2018-03-29,23,’“Τi—Φjκ,ƒ^ƒCƒ„EƒzƒC[ƒ‹
ή“,•”•i‚Λ‚η‚Ά,’¬“c,’ίΤπ”Τ,132098,“‹“s,’¬“cs,“μ’¬“c‚P’–Ϊ,2018-02-01,02,’“Τi—Φjκ,‚»‚Μ‘Ό
ή“,•”•i‚Λ‚η‚Ά,’¬“c,’ίΤπ”Τ,132098,“‹“s,’¬“cs,“μ’¬“c‚Q’–Ϊ,2018-02-16,22,‚»‚Μ‘Ό‚ΜZ‘ξi‚RK‚ΔΘ‰Ί‹¤“―Z‘ξ“™j,‚»‚Μ‘Ό
ή“,•”•i‚Λ‚η‚Ά,’¬“c,’ίΤπ”Τ,132098,“‹“s,’¬“cs,“μ’¬“c‚Q’–Ϊ,2018-04-06,17,’“Τi—Φjκ,ƒ^ƒCƒ„EƒzƒC[ƒ‹
ή“,•”•i‚Λ‚η‚Ά,’¬“c,¬£’“έ,132098,“‹“s,’¬“cs,¬£‚V’–Ϊ,2018-12-15,12,‚SK‚ΔΘγ‹¤“―Z‘ξ,ƒiƒ“ƒo[ƒvƒ[ƒg
ή“,•”•i‚Λ‚η‚Ά,’¬“c,¬£’“έ,132098,“‹“s,’¬“cs,¬£‚W’–Ϊ,2018-02-09,21,‚»‚Μ‘Ό‚ΜZ‘ξi‚RK‚ΔΘ‰Ί‹¤“―Z‘ξ“™j,ƒ^ƒCƒ„EƒzƒC[ƒ‹
ή“,•”•i‚Λ‚η‚Ά,’¬“c,¬£’“έ,132098,“‹“s,’¬“cs,Ό¬£‚P’–Ϊ,2018-08-08,20,’“Τi—Φjκ,‚»‚Μ‘Ό
ή“,•”•i‚Λ‚η‚Ά,’¬“c,“μ‘ε’J’“έ,132098,“‹“s,’¬“cs,“μ‘ε’J,2018-05-10,10,‚»‚Μ‘Ό‚ΜZ‘ξi‚RK‚ΔΘ‰Ί‹¤“―Z‘ξ“™j,ƒiƒ“ƒo[ƒvƒ[ƒg
ή“,•”•i‚Λ‚η‚Ά,’¬“c,‹Κμw‰€’“έ,132098,“‹“s,’¬“cs,‹Κμw‰€‚Q’–Ϊ,2018-07-26,05,’“Τi—Φjκ,ƒiƒ“ƒo[ƒvƒ[ƒg
ή“,•”•i‚Λ‚η‚Ά,’¬“c,‹Κ—Ρ‘δ’“έ,132098,“‹“s,’¬“cs,‹Κμw‰€‚P’–Ϊ,2018-09-22,17,κΛZ‘ξ,‚»‚Μ‘Ό
ή“,•”•i‚Λ‚η‚Ά,’¬“c,–{’¬“cπ”Τ,132098,“‹“s,’¬“cs,®’¬‚R’–Ϊ,2018-06-15,18,’“Τi—Φjκ,‚»‚Μ‘Ό
ή“,•”•i‚Λ‚η‚Ά,’¬“c,–{’¬“cπ”Τ,132098,“‹“s,’¬“cs,–{’¬“c,2018-10-28,07,‚SK‚ΔΘγ‹¤“―Z‘ξ,ƒiƒ“ƒo[ƒvƒ[ƒg
ή“,•”•i‚Λ‚η‚Ά,’¬“c,–{’¬“cπ”Τ,132098,“‹“s,’¬“cs,–{’¬“c,2018-11-02,17,‚SK‚ΔΘγ‹¤“―Z‘ξ,ƒiƒ“ƒo[ƒvƒ[ƒg
ή“,•”•i‚Λ‚η‚Ά,’¬“c,’ίμ‰w‘Oπ”Τ,132098,“‹“s,’¬“cs,”\ƒ–’J‚P’–Ϊ,2018-07-20,06,’“Τi—Φjκ,‚»‚Μ‘Ό
ή“,•”•i‚Λ‚η‚Ά,’¬“c,‘ε‘ ’“έ,132098,“‹“s,’¬“cs,‘ε‘ ’¬,2018-05-27,00,’“Τi—Φjκ,ƒ^ƒCƒ„EƒzƒC[ƒ‹
ή“,•”•i‚Λ‚η‚Ά,’¬“c,^υ›’“έ,132098,“‹“s,’¬“cs,LΡ’¬,2018-09-11,21,κΛZ‘ξ,‚»‚Μ‘Ό
ή“,•”•i‚Λ‚η‚Ά,’¬“c,^υ›’“έ,132098,“‹“s,’¬“cs,^υ›‚R’–Ϊ,2018-11-07,14,‚»‚Μ‘Ό,‚»‚Μ‘Ό
ή“,•”•i‚Λ‚η‚Ά,’¬“c,–μ’Γ“c’“έ,132098,“‹“s,’¬“cs,–μ’Γ“c’¬,2018-12-19,17,’“Τi—Φjκ,ƒiƒ“ƒo[ƒvƒ[ƒg
ή“,•”•i‚Λ‚η‚Ά,’¬“c,¬–μH’“έ,132098,“‹“s,’¬“cs,¬–μH’¬,2018-02-17,17,κΛZ‘ξ,ƒiƒ“ƒo[ƒvƒ[ƒg
ή“,•”•i‚Λ‚η‚Ά,’¬“c,¬–μH’“έ,132098,“‹“s,’¬“cs,¬–μH’¬,2018-07-29,08,’“Τi—Φjκ,‚»‚Μ‘Ό
ή“,•”•i‚Λ‚η‚Ά,’¬“c,}t’“έ,132098,“‹“s,’¬“cs,}t’¬,2018-03-19,07,’“Τi—Φjκ,ƒiƒ“ƒo[ƒvƒ[ƒg
ή“,•”•i‚Λ‚η‚Ά,’¬“c,–Ψ‘]π”Τ,132098,“‹“s,’¬“cs,–{’¬“c,2018-03-11,12,‚SK‚ΔΘγ‹¤“―Z‘ξ,‚»‚Μ‘Ό
ή“,•”•i‚Λ‚η‚Ά,’¬“c,–Ψ‘]π”Τ,132098,“‹“s,’¬“cs,–{’¬“c,2018-05-19,23,‚SK‚ΔΘγ‹¤“―Z‘ξ,ƒiƒ“ƒo[ƒvƒ[ƒg
ή“,•”•i‚Λ‚η‚Ά,’¬“c,–Ψ‘]π”Τ,132098,“‹“s,’¬“cs,–{’¬“c,2018-10-17,18,‚SK‚ΔΘγ‹¤“―Z‘ξ,ƒiƒ“ƒo[ƒvƒ[ƒg
ή“,•”•i‚Λ‚η‚Ά,’¬“c,–Ψ‘]π”Τ,132098,“‹“s,’¬“cs,–{’¬“c,2018-11-09,07,‚SK‚ΔΘγ‹¤“―Z‘ξ,‚»‚Μ‘Ό
ή“,•”•i‚Λ‚η‚Ά,’¬“c,–Ψ‘]π”Τ,132098,“‹“s,’¬“cs,–{’¬“c,2018-11-13,07,‚SK‚ΔΘγ‹¤“―Z‘ξ,ƒiƒ“ƒo[ƒvƒ[ƒg
ή“,•”•i‚Λ‚η‚Ά,’¬“c,–Ψ‘]π”Τ,132098,“‹“s,’¬“cs,–Ψ‘]“‚P’–Ϊ,2018-06-08,15,‚»‚Μ‘Ό‚ΜZ‘ξi‚RK‚ΔΘ‰Ί‹¤“―Z‘ξ“™j,‚»‚Μ‘Ό
ή“,•”•i‚Λ‚η‚Ά,’¬“c,–Ψ‘]π”Τ,132098,“‹“s,’¬“cs,–Ψ‘]“‚P’–Ϊ,2018-09-22,19,’“Τi—Φjκ,‚»‚Μ‘Ό
ή“,•”•i‚Λ‚η‚Ά,’¬“c,–Ψ‘]π”Τ,132098,“‹“s,’¬“cs,–Ψ‘]“‚Q’–Ϊ,2018-03-13,20,‚SK‚ΔΘγ‹¤“―Z‘ξ,‚»‚Μ‘Ό
ή“,•”•i‚Λ‚η‚Ά,’¬“c,–Ψ‘]π”Τ,132098,“‹“s,’¬“cs,–Ψ‘]“‚S’–Ϊ,2018-01-12,00,‚SK‚ΔΘγ‹¤“―Z‘ξ,ƒiƒ“ƒo[ƒvƒ[ƒg
ή“,•”•i‚Λ‚η‚Ά,’¬“c,–Ψ‘]π”Τ,132098,“‹“s,’¬“cs,–Ψ‘]“‚S’–Ϊ,2018-03-11,08,‚SK‚ΔΘγ‹¤“―Z‘ξ,‚»‚Μ‘Ό
ή“,•”•i‚Λ‚η‚Ά,’¬“c,–Ψ‘]π”Τ,132098,“‹“s,’¬“cs,–Ψ‘]“‚S’–Ϊ,2018-06-13,16,‚SK‚ΔΘγ‹¤“―Z‘ξ,ƒiƒ“ƒo[ƒvƒ[ƒg
ή“,•”•i‚Λ‚η‚Ά,’¬“c,¬R“c’“έ,132098,“‹“s,’¬“cs,‰Ί¬R“c’¬,2018-11-13,17,’“Τi—Φjκ,ƒiƒ“ƒo[ƒvƒ[ƒg
ή“,•”•i‚Λ‚η‚Ά,’¬“c,’ίμπ”Τ,132098,“‹“s,’¬“cs,’ίμ‚S’–Ϊ,2018-01-24,15,“ΉHγ,‚»‚Μ‘Ό
ή“,•”•i‚Λ‚η‚Ά,’¬“c,Rθπ”Τ,132098,“‹“s,’¬“cs,Rθ’¬,2018-02-23,20,‚SK‚ΔΘγ‹¤“―Z‘ξ,‚»‚Μ‘Ό
ή“,•”•i‚Λ‚η‚Ά,’¬“c,Rθπ”Τ,132098,“‹“s,’¬“cs,Rθ’¬,2018-08-29,12,‚SK‚ΔΘγ‹¤“―Z‘ξ,‚»‚Μ‘Ό
ή“,•”•i‚Λ‚η‚Ά,’¬“c,Rθπ”Τ,132098,“‹“s,’¬“cs,Rθ’¬,2018-12-16,16,’“Τi—Φjκ,ƒiƒ“ƒo[ƒvƒ[ƒg
ή“,•”•i‚Λ‚η‚Ά,’¬“c,“΅‚Μ‘δ’c’nπ”Τ,132098,“‹“s,’¬“cs,‹ΰδ’¬,2018-12-07,19,’“Τi—Φjκ,ƒ^ƒCƒ„EƒzƒC[ƒ‹
ή“,•”•i‚Λ‚η‚Ά,’¬“c,“΅‚Μ‘δ’c’nπ”Τ,132098,“‹“s,’¬“cs,–{’¬“c,2018-07-18,16,‚SK‚ΔΘγ‹¤“―Z‘ξ,‚»‚Μ‘Ό
ή“,•”•i‚Λ‚η‚Ά,’¬“c,“΅‚Μ‘δ’c’nπ”Τ,132098,“‹“s,’¬“cs,–{’¬“c,2018-11-10,16,’“Τi—Φjκ,ƒ^ƒCƒ„EƒzƒC[ƒ‹
ή“,•”•i‚Λ‚η‚Ά,’¬“c,“΅‚Μ‘δ’c’nπ”Τ,132098,“‹“s,’¬“cs,‹ΰδ‚Q’–Ϊ,2018-08-01,16,‚»‚Μ‘Ό‚ΜZ‘ξi‚RK‚ΔΘ‰Ί‹¤“―Z‘ξ“™j,‚»‚Μ‘Ό
ή“,•”•i‚Λ‚η‚Ά,’¬“c,“΅‚Μ‘δ’c’nπ”Τ,132098,“‹“s,’¬“cs,‹ΰδ‚T’–Ϊ,2018-08-28,18,κΛZ‘ξ,‚»‚Μ‘Ό
ή“,•”•i‚Λ‚η‚Ά,’¬“c,¬£‘δ’“έ,132098,“‹“s,’¬“cs,¬£‘δ‚P’–Ϊ,2018-07-16,20,’“Τi—Φjκ,ƒ^ƒCƒ„EƒzƒC[ƒ‹
ή“,•”•i‚Λ‚η‚Ά,’¬“c,¬£‰w‘Oπ”Τ,132098,“‹“s,’¬“cs,¬£‚ª‹u‚R’–Ϊ,2018-11-09,07,‚»‚Μ‘Ό‚ΜZ‘ξi‚RK‚ΔΘ‰Ί‹¤“―Z‘ξ“™j,ƒ^ƒCƒ„EƒzƒC[ƒ‹
ή“,•”•i‚Λ‚η‚Ά,’¬“c,’‰¶’“έ,132098,“‹“s,’¬“cs,’‰¶‚R’–Ϊ,2018-01-29,01,‚»‚Μ‘Ό‚ΜZ‘ξi‚RK‚ΔΘ‰Ί‹¤“―Z‘ξ“™j,ƒ^ƒCƒ„EƒzƒC[ƒ‹
ή“,•”•i‚Λ‚η‚Ά,’¬“c,’‰¶’“έ,132098,“‹“s,’¬“cs,’‰¶‚R’–Ϊ,2018-07-03,11,’“Τi—Φjκ,‚»‚Μ‘Ό
ή“,•”•i‚Λ‚η‚Ά,’¬“c,’‰¶’“έ,132098,“‹“s,’¬“cs,’‰¶‚S’–Ϊ,2018-11-27,19,‚»‚Μ‘Ό‚ΜZ‘ξi‚RK‚ΔΘ‰Ί‹¤“―Z‘ξ“™j,‚»‚Μ‘Ό
ή“,•”•i‚Λ‚η‚Ά,’¬“c,O—Φ’“έ,132098,“‹“s,’¬“cs,O—Φ’¬,2018-01-10,20,’“Τi—Φjκ,ƒ^ƒCƒ„EƒzƒC[ƒ‹
ή“,•”•i‚Λ‚η‚Ά,’¬“c,O—Φ’“έ,132098,“‹“s,’¬“cs,O—Φ’¬,2018-05-12,20,‚»‚Μ‘Ό‚ΜZ‘ξi‚RK‚ΔΘ‰Ί‹¤“―Z‘ξ“™j,ƒiƒ“ƒo[ƒvƒ[ƒg
ή“,•”•i‚Λ‚η‚Ά,’¬“c,O—Φ’“έ,132098,“‹“s,’¬“cs,O—Φ—ΞR‚P’–Ϊ,2017-12-06,00,‚SK‚ΔΘγ‹¤“―Z‘ξ,ƒiƒ“ƒo[ƒvƒ[ƒg
ή“,•”•i‚Λ‚η‚Ά,’¬“c,’‰¶’n‹ζπ”Τ,132098,“‹“s,’¬“cs,’‰¶‚Q’–Ϊ,2018-04-19,20,‚»‚Μ‘Ό‚ΜZ‘ξi‚RK‚ΔΘ‰Ί‹¤“―Z‘ξ“™j,ƒ^ƒCƒ„EƒzƒC[ƒ‹
ή“,•”•i‚Λ‚η‚Ά,’¬“c,’‰¶’n‹ζπ”Τ,132098,“‹“s,’¬“cs,Rθ’¬,2018-10-26,15,’“Τi—Φjκ,ƒ^ƒCƒ„EƒzƒC[ƒ‹
ή“,•”•i‚Λ‚η‚Ά,’¬“c,’‰¶’n‹ζπ”Τ,132098,“‹“s,’¬“cs,Rθ’¬,2018-12-15,21,‚SK‚ΔΘγ‹¤“―Z‘ξ,‚»‚Μ‘Ό
ή“,•”•i‚Λ‚η‚Ά,“ϊ–μ,“ϊ–μ‰w‘Oπ”Τ,132128,“‹“s,“ϊ–μs,‘ε“ϊ–μ,2018-08-10,17,‚»‚Μ‘Ό,‚»‚Μ‘Ό
ή“,•”•i‚Λ‚η‚Ά,“ϊ–μ,“ϊ–μ‰w‘Oπ”Τ,132128,“‹“s,“ϊ–μs,“ϊ–μ–{’¬‚Q’–Ϊ,2018-08-11,13,’“Τi—Φjκ,‚»‚Μ‘Ό
ή“,•”•i‚Λ‚η‚Ά,“ϊ–μ,“ϊ–μ‰w‘Oπ”Τ,132128,“‹“s,“ϊ–μs,“ϊ–μ–{’¬‚Q’–Ϊ,2018-09-18,06,’“Τi—Φjκ,‚»‚Μ‘Ό
ή“,•”•i‚Λ‚η‚Ά,“ϊ–μ,–L“c‰w‘Oπ”Τ,132128,“‹“s,“ϊ–μs,®‚ª‹u‚P’–Ϊ,2018-06-22,07,’“Τi—Φjκ,‚»‚Μ‘Ό
ή“,•”•i‚Λ‚η‚Ά,“ϊ–μ,–L“c‰w‘Oπ”Τ,132128,“‹“s,“ϊ–μs,“–L“c‚S’–Ϊ,2018-08-13,17,‚»‚Μ‘Ό,‚»‚Μ‘Ό
ή“,•”•i‚Λ‚η‚Ά,“ϊ–μ,‘½–€•½π”Τ,132128,“‹“s,“ϊ–μs,®‚ª‹u‚Q’–Ϊ,2016-04-01,17,κΛZ‘ξ,ƒiƒ“ƒo[ƒvƒ[ƒg
ή“,•”•i‚Λ‚η‚Ά,“ϊ–μ,“ϊ–μ‹΄’“έ,132128,“‹“s,“ϊ–μs,‘ε“ϊ–μ,2018-06-09,08,’“Τi—Φjκ,ƒ^ƒCƒ„EƒzƒC[ƒ‹
ή“,•”•i‚Λ‚η‚Ά,“ϊ–μ,“ϊ–μ‹΄’“έ,132128,“‹“s,“ϊ–μs,‘ε“ϊ–μ,2018-08-09,18,‚»‚Μ‘Ό,‚»‚Μ‘Ό
ή“,•”•i‚Λ‚η‚Ά,“ϊ–μ,“ϊ–μ‹΄’“έ,132128,“‹“s,“ϊ–μs,–θ›‚P’–Ϊ,2018-08-09,19,‚»‚Μ‘Ό‚ΜZ‘ξi‚RK‚ΔΘ‰Ί‹¤“―Z‘ξ“™j,‚»‚Μ‘Ό
ή“,•”•i‚Λ‚η‚Ά,“ϊ–μ,“ϊ–μ‹΄’“έ,132128,“‹“s,“ϊ–μs,–θ›‚Q’–Ϊ,2018-08-08,18,‚»‚Μ‘Ό,‚»‚Μ‘Ό
ή“,•”•i‚Λ‚η‚Ά,“ϊ–μ,‹{’“έ,132128,“‹“s,“ϊ–μs,‘εγ“c,2018-06-15,04,’“Τi—Φjκ,ƒ^ƒCƒ„EƒzƒC[ƒ‹
ή“,•”•i‚Λ‚η‚Ά,“ϊ–μ,‹{’“έ,132128,“‹“s,“ϊ–μs,‘εμ•Σ–x”V“ΰ,2018-10-14,17,’“Τi—Φjκ,ƒiƒ“ƒo[ƒvƒ[ƒg
ή“,•”•i‚Λ‚η‚Ά,“ϊ–μ,“υ›’“έ,132128,“‹“s,“ϊ–μs,‰h’¬‚T’–Ϊ,2018-05-23,20,‚»‚Μ‘Ό,‚»‚Μ‘Ό
ή“,•”•i‚Λ‚η‚Ά,“ϊ–μ,“υ›’“έ,132128,“‹“s,“ϊ–μs,‰h’¬‚T’–Ϊ,2018-06-11,19,‚»‚Μ‘Ό‚ΜZ‘ξi‚RK‚ΔΘ‰Ί‹¤“―Z‘ξ“™j,ƒiƒ“ƒo[ƒvƒ[ƒg
ή“,•”•i‚Λ‚η‚Ά,“ϊ–μ,•½Rπ”Τ,132128,“‹“s,“ϊ–μs,•½R‚S’–Ϊ,2017-09-03,12,‚SK‚ΔΘγ‹¤“―Z‘ξ,‚»‚Μ‘Ό
ή“,•”•i‚Λ‚η‚Ά,“ϊ–μ,•½Rπ”Τ,132128,“‹“s,“ϊ–μs,•½R‚U’–Ϊ,2018-05-19,02,‚SK‚ΔΘγ‹¤“―Z‘ξ,ƒiƒ“ƒo[ƒvƒ[ƒg
ή“,•”•i‚Λ‚η‚Ά,“ϊ–μ,•½Rπ”Τ,132128,“‹“s,“ϊ–μs,“μ•½‚V’–Ϊ,2017-09-30,08,‚»‚Μ‘Ό‚ΜZ‘ξi‚RK‚ΔΘ‰Ί‹¤“―Z‘ξ“™j,ƒiƒ“ƒo[ƒvƒ[ƒg
ή“,•”•i‚Λ‚η‚Ά,“ϊ–μ,•½Rπ”Τ,132128,“‹“s,“ϊ–μs,“μ•½‚V’–Ϊ,2018-10-15,12,‚»‚Μ‘Ό‚ΜZ‘ξi‚RK‚ΔΘ‰Ί‹¤“―Z‘ξ“™j,ƒiƒ“ƒo[ƒvƒ[ƒg
ή“,•”•i‚Λ‚η‚Ά,“ϊ–μ,•S‘‰€π”Τ,132128,“‹“s,“ϊ–μs,‘εVδ,2018-11-01,12,κΛZ‘ξ,‚»‚Μ‘Ό
ή“,•”•i‚Λ‚η‚Ά,“ϊ–μ,•S‘‰€π”Τ,132128,“‹“s,“ϊ–μs,—μ,2018-05-12,18,‚»‚Μ‘Ό‚ΜZ‘ξi‚RK‚ΔΘ‰Ί‹¤“―Z‘ξ“™j,ƒ^ƒCƒ„EƒzƒC[ƒ‹
ή“,•”•i‚Λ‚η‚Ά,“ϊ–μ,‘½–€“®•¨φ‰€‘Oπ”Τ,132128,“‹“s,“ϊ–μs,’φ‹v•Ϋ‚P’–Ϊ,2018-03-05,05,“ΉHγ,‚»‚Μ‘Ό
ή“,•”•i‚Λ‚η‚Ά,“ϊ–μ,‘½–€“®•¨φ‰€‘Oπ”Τ,132128,“‹“s,“ϊ–μs,’φ‹v•Ϋ‚Q’–Ϊ,2018-04-13,16,’“Τi—Φjκ,ƒ^ƒCƒ„EƒzƒC[ƒ‹
ή“,•”•i‚Λ‚η‚Ά,“ϊ–μ,•S‘’c’nπ”Τ,132128,“‹“s,“ϊ–μs,’φ‹v•Ϋ,2014-06-01,12,‚SK‚ΔΘγ‹¤“―Z‘ξ,ƒiƒ“ƒo[ƒvƒ[ƒg
ή“,•”•i‚Λ‚η‚Ά,Ί“‡,’†_’“έ,132071,“‹“s,Ί“‡s,’†_’¬,2017-08-19,02,‚SK‚ΔΘγ‹¤“―Z‘ξ,‚»‚Μ‘Ό
ή“,•”•i‚Λ‚η‚Ά,Ί“‡,’†_’“έ,132071,“‹“s,Ί“‡s,’†_’¬,2018-07-21,02,‚SK‚ΔΘγ‹¤“―Z‘ξ,‚»‚Μ‘Ό
ή“,•”•i‚Λ‚η‚Ά,Ί“‡,‘ε_’“έ,132071,“‹“s,Ί“‡s,γμ΄’¬‚R’–Ϊ,2018-09-18,18,‚»‚Μ‘Ό‚ΜZ‘ξi‚RK‚ΔΘ‰Ί‹¤“―Z‘ξ“™j,ƒiƒ“ƒo[ƒvƒ[ƒg
ή“,•”•i‚Λ‚η‚Ά,Ί“‡,–xό’“έ,132071,“‹“s,Ί“‡s,”ό–x’¬‚P’–Ϊ,2018-02-18,22,‚»‚Μ‘Ό‚ΜZ‘ξi‚RK‚ΔΘ‰Ί‹¤“―Z‘ξ“™j,‚»‚Μ‘Ό
ή“,•”•i‚Λ‚η‚Ά,Ί“‡,¬‰Χ“cπ”Τ,132071,“‹“s,Ί“‡s,”q“‡’¬‚Q’–Ϊ,2017-12-30,14,’“Τi—Φjκ,ƒiƒ“ƒo[ƒvƒ[ƒg
ή“,•”•i‚Λ‚η‚Ά,Ί“‡,”q“‡‰w‘Oπ”Τ,132071,“‹“s,Ί“‡s,Ό΄’¬‚P’–Ϊ,2018-12-25,15,‚SK‚ΔΘγ‹¤“―Z‘ξ,ƒiƒ“ƒo[ƒvƒ[ƒg
ή“,•”•i‚Λ‚η‚Ά,—§μ,‰Hί’¬π”Τ,132152,“‹“s,‘—§s,Ό‚Q’–Ϊ,2018-09-30,18,‚»‚Μ‘Ό‚ΜZ‘ξi‚RK‚ΔΘ‰Ί‹¤“―Z‘ξ“™j,ƒ^ƒCƒ„EƒzƒC[ƒ‹
ή“,•”•i‚Λ‚η‚Ά,—§μ,‹Ρ’¬π”Τ,132021,“‹“s,—§μs,‹Ρ’¬‚R’–Ϊ,2018-04-11,21,’“Τi—Φjκ,ƒiƒ“ƒo[ƒvƒ[ƒg
ή“,•”•i‚Λ‚η‚Ά,—§μ,—§μ‰w“μϋπ”Τ,132021,“‹“s,—§μs,Δθ’¬‚P’–Ϊ,2018-10-18,17,‚»‚Μ‘Ό‚ΜZ‘ξi‚RK‚ΔΘ‰Ί‹¤“―Z‘ξ“™j,‚»‚Μ‘Ό
ή“,•”•i‚Λ‚η‚Ά,—§μ,—§μ‰w“μϋπ”Τ,132021,“‹“s,—§μs,Δθ’¬‚R’–Ϊ,2018-07-19,19,’“Τi—Φjκ,‚»‚Μ‘Ό
ή“,•”•i‚Λ‚η‚Ά,—§μ,—§μ‰w“μϋπ”Τ,132021,“‹“s,—§μs,‹Ρ’¬‚Q’–Ϊ,2018-02-24,13,’“Τi—Φjκ,‚»‚Μ‘Ό
ή“,•”•i‚Λ‚η‚Ά,—§μ,—§μ‰w“μϋπ”Τ,132021,“‹“s,—§μs,‹Ρ’¬‚Q’–Ϊ,2018-12-28,00,‚SK‚ΔΘγ‹¤“―Z‘ξ,ƒiƒ“ƒo[ƒvƒ[ƒg
ή“,•”•i‚Λ‚η‚Ά,—§μ,•xm’Λπ”Τ,132021,“‹“s,—§μs,•xm©’¬‚T’–Ϊ,2018-02-27,16,“ΉHγ,‚»‚Μ‘Ό
ή“,•”•i‚Λ‚η‚Ά,—§μ,—§μ‰w–kϋπ”Τ,132021,“‹“s,—§μs,’¬‚P’–Ϊ,2018-01-20,18,‚SK‚ΔΘγ‹¤“―Z‘ξ,‚»‚Μ‘Ό
ή“,•”•i‚Λ‚η‚Ά,—§μ,—§μ‰w–kϋπ”Τ,132021,“‹“s,—§μs,’¬‚Q’–Ϊ,2018-08-14,17,’“Τi—Φjκ,‚»‚Μ‘Ό
ή“,•”•i‚Λ‚η‚Ά,—§μ,‚Ό’¬π”Τ,132021,“‹“s,—§μs,ς’¬,2018-04-15,17,’“Τi—Φjκ,ƒ^ƒCƒ„EƒzƒC[ƒ‹
ή“,•”•i‚Λ‚η‚Ά,—§μ,‚Ό’¬π”Τ,132021,“‹“s,—§μs,ς’¬,2018-07-23,16,’“Τi—Φjκ,ƒ^ƒCƒ„EƒzƒC[ƒ‹
ή“,•”•i‚Λ‚η‚Ά,—§μ,‚Ό’¬π”Τ,132021,“‹“s,—§μs,ς’¬,2018-09-07,10,’“Τi—Φjκ,‚»‚Μ‘Ό
ή“,•”•i‚Λ‚η‚Ά,—§μ,‚Ό’¬π”Τ,132021,“‹“s,—§μs,‚Ό’¬‚Q’–Ϊ,2018-04-09,15,’“Τi—Φjκ,‚»‚Μ‘Ό
ή“,•”•i‚Λ‚η‚Ά,—§μ,’J•Ϋπ”Τ,132152,“‹“s,‘—§s,•xm©‘δ‚S’–Ϊ,2018-03-18,13,“ΉHγ,ƒiƒ“ƒo[ƒvƒ[ƒg
ή“,•”•i‚Λ‚η‚Ά,—§μ,’J•Ϋπ”Τ,132152,“‹“s,‘—§s,•xm©‘δ‚S’–Ϊ,2018-03-21,•s–Ύ,‚SK‚ΔΘγ‹¤“―Z‘ξ,ƒiƒ“ƒo[ƒvƒ[ƒg
ή“,•”•i‚Λ‚η‚Ά,—§μ,’J•Ϋπ”Τ,132152,“‹“s,‘—§s,’J•Ϋ,2018-09-09,12,’“Τi—Φjκ,ƒ^ƒCƒ„EƒzƒC[ƒ‹
ή“,•”•i‚Λ‚η‚Ά,—§μ,’J•Ϋπ”Τ,132152,“‹“s,‘—§s,ς‚P’–Ϊ,2018-02-13,05,’“Τi—Φjκ,ƒ^ƒCƒ„EƒzƒC[ƒ‹
ή“,•”•i‚Λ‚η‚Ά,—§μ,’J•Ϋπ”Τ,132152,“‹“s,‘—§s,ς‚T’–Ϊ,2018-03-07,18,’“Τi—Φjκ,‚»‚Μ‘Ό
ή“,•”•i‚Λ‚η‚Ά,—§μ,•xm©’¬π”Τ,132021,“‹“s,—§μs,•xm©’¬‚V’–Ϊ,2018-06-11,19,‚»‚Μ‘Ό,‚»‚Μ‘Ό
ή“,•”•i‚Λ‚η‚Ά,—§μ,“V‰¤‹΄π”Τ,132021,“‹“s,—§μs,γ»’¬‚P’–Ϊ,2018-01-12,23,‚SK‚ΔΘγ‹¤“―Z‘ξ,ƒiƒ“ƒo[ƒvƒ[ƒg
ή“,•”•i‚Λ‚η‚Ά,—§μ,“V‰¤‹΄π”Τ,132021,“‹“s,—§μs,γ»’¬‚P’–Ϊ,2018-03-02,06,‚SK‚ΔΘγ‹¤“―Z‘ξ,‚»‚Μ‘Ό
ή“,•”•i‚Λ‚η‚Ά,—§μ,“V‰¤‹΄π”Τ,132021,“‹“s,—§μs,γ»’¬‚T’–Ϊ,2018-04-09,18,‚SK‚ΔΘγ‹¤“―Z‘ξ,ƒiƒ“ƒo[ƒvƒ[ƒg
ή“,•”•i‚Λ‚η‚Ά,—§μ,“V‰¤‹΄π”Τ,132021,“‹“s,—§μs,γ»’¬‚T’–Ϊ,2018-10-01,18,’“Τi—Φjκ,ƒ^ƒCƒ„EƒzƒC[ƒ‹
ή“,•”•i‚Λ‚η‚Ά,—§μ,“V‰¤‹΄π”Τ,132021,“‹“s,—§μs,Ό»’¬‚P’–Ϊ,2018-07-07,15,’“Τi—Φjκ,‚»‚Μ‘Ό
ή“,•”•i‚Λ‚η‚Ά,—§μ,»μ”ª”Τπ”Τ,132021,“‹“s,—§μs,K’¬‚P’–Ϊ,2018-09-27,17,κΛZ‘ξ,ƒiƒ“ƒo[ƒvƒ[ƒg
ή“,•”•i‚Λ‚η‚Ά,—§μ,»μ”ª”Τπ”Τ,132021,“‹“s,—§μs,K’¬‚R’–Ϊ,2018-11-06,12,’“Τi—Φjκ,‚»‚Μ‘Ό
ή“,•”•i‚Λ‚η‚Ά,—§μ,»μ”ª”Τπ”Τ,132021,“‹“s,—§μs,K’¬‚T’–Ϊ,2018-06-01,00,’“Τi—Φjκ,ƒiƒ“ƒo[ƒvƒ[ƒg
ή“,•”•i‚Λ‚η‚Ά,—§μ,•xm©‘δπ”Τ,132152,“‹“s,‘—§s,•xm©‘δ‚S’–Ϊ,2018-02-21,16,‚SK‚ΔΘγ‹¤“―Z‘ξ,ƒiƒ“ƒo[ƒvƒ[ƒg
ή“,•”•i‚Λ‚η‚Ά,—§μ,α—t’¬’“έ,132021,“‹“s,—§μs,α—t’¬‚R’–Ϊ,2018-06-20,22,’“Τi—Φjκ,‚»‚Μ‘Ό
ή“,•”•i‚Λ‚η‚Ά,—§μ,κ”Τ’¬Z’–Ϊ’“έ,132021,“‹“s,—§μs,κ”Τ’¬‚U’–Ϊ,2018-10-13,20,’“Τi—Φjκ,ƒiƒ“ƒo[ƒvƒ[ƒg
ή“,•”•i‚Λ‚η‚Ά,•{’†,‰h’¬π”Τ,132063,“‹“s,•{’†s,°©’¬‚Q’–Ϊ,2018-02-12,07,’“Τi—Φjκ,ƒ^ƒCƒ„EƒzƒC[ƒ‹
ή“,•”•i‚Λ‚η‚Ά,•{’†,–{hπ”Τ,132063,“‹“s,•{’†s,“ϊV’¬‚R’–Ϊ,2018-02-24,09,κΛZ‘ξ,‚»‚Μ‘Ό
ή“,•”•i‚Λ‚η‚Ά,•{’†,’†‰Ν΄π”Τ,132063,“‹“s,•{’†s,Z‹g’¬‚S’–Ϊ,2018-02-23,19,‚»‚Μ‘Ό‚ΜZ‘ξi‚RK‚ΔΘ‰Ί‹¤“―Z‘ξ“™j,‚»‚Μ‘Ό
ή“,•”•i‚Λ‚η‚Ά,•{’†,’†‰Ν΄π”Τ,132063,“‹“s,•{’†s,l’J‚Q’–Ϊ,2018-01-23,20,κΛZ‘ξ,ƒ^ƒCƒ„EƒzƒC[ƒ‹
ή“,•”•i‚Λ‚η‚Ά,•{’†,¥­π”Τ,132063,“‹“s,•{’†s,¬–φ’¬‚T’–Ϊ,2018-10-04,17,‚SK‚ΔΘγ‹¤“―Z‘ξ,ƒiƒ“ƒo[ƒvƒ[ƒg
ή“,•”•i‚Λ‚η‚Ά,•{’†,‘ζά’†wZ‘Oπ”Τ,132063,“‹“s,•{’†s,V’¬‚P’–Ϊ,2018-09-09,14,’“Τi—Φjκ,‚»‚Μ‘Ό
ή“,•”•i‚Λ‚η‚Ά,•{’†,•ª”~’“έ,132063,“‹“s,•{’†s,•{’†’¬‚Q’–Ϊ,2018-09-12,18,‚»‚Μ‘Ό‚ΜZ‘ξi‚RK‚ΔΘ‰Ί‹¤“―Z‘ξ“™j,‚»‚Μ‘Ό
ή“,•”•i‚Λ‚η‚Ά,•{’†,“ϊ|’¬π”Τ,132063,“‹“s,•{’†s,“ϊ|’¬,2018-06-02,19,‚SK‚ΔΘγ‹¤“―Z‘ξ,‚»‚Μ‘Ό
ή“,•”•i‚Λ‚η‚Ά,•{’†,”’…‘δπ”Τ,132063,“‹“s,•{’†s,”’…‘δ‚Q’–Ϊ,2018-10-08,19,‚»‚Μ‘Ό‚ΜZ‘ξi‚RK‚ΔΘ‰Ί‹¤“―Z‘ξ“™j,ƒ^ƒCƒ„EƒzƒC[ƒ‹
ή“,•”•i‚Λ‚η‚Ά,•{’†,‘ε‘°π”Τ,132063,“‹“s,•{’†s,”ª”¦’¬‚P’–Ϊ,2018-07-01,14,’“Τi—Φjκ,‚»‚Μ‘Ό
ή“,•”•i‚Λ‚η‚Ά,•{’†,‘ε‘°π”Τ,132063,“‹“s,•{’†s,•{’†’¬‚P’–Ϊ,2018-04-23,07,‚»‚Μ‘Ό,‚»‚Μ‘Ό
ή“,•”•i‚Λ‚η‚Ά,•{’†,‘ε‘°π”Τ,132063,“‹“s,•{’†s,‹{’¬‚P’–Ϊ,2018-04-04,09,’“Τi—Φjκ,‚»‚Μ‘Ό
ή“,•”•i‚Λ‚η‚Ά,•{’†,l’J’“έ,132063,“‹“s,•{’†s,l’J‚T’–Ϊ,2018-07-17,07,‚»‚Μ‘Ό,‚»‚Μ‘Ό
ή“,•”•i‚Λ‚η‚Ά,•{’†,l’J’“έ,132063,“‹“s,•{’†s,l’J‚U’–Ϊ,2018-04-29,17,κΛZ‘ξ,‚»‚Μ‘Ό
ή“,•”•i‚Λ‚η‚Ά,¬‹ΰδ,“¬‹ΰδ‰w‘Oπ”Τ,132101,“‹“s,¬‹ΰδs,–μ’¬‚S’–Ϊ,2018-11-23,17,‚SK‚ΔΘγ‹¤“―Z‘ξ,‚»‚Μ‘Ό
ή“,•”•i‚Λ‚η‚Ά,¬‹ΰδ,Ρδ–k’¬π”Τ,132101,“‹“s,¬‹ΰδs,Ρδ–k’¬‚R’–Ϊ,2018-02-25,18,’“Τi—Φjκ,‚»‚Μ‘Ό
ή“,•”•i‚Λ‚η‚Ά,¬‹ΰδ,Ρδ–k’¬π”Τ,132101,“‹“s,¬‹ΰδs,Ρδ–k’¬‚R’–Ϊ,2018-05-06,18,‚SK‚ΔΘγ‹¤“―Z‘ξ,‚»‚Μ‘Ό
ή“,•”•i‚Λ‚η‚Ά,¬‹ΰδ,¬‹ΰδφ‰€‘Oπ”Τ,132101,“‹“s,¬‹ΰδs,—Ξ’¬‚Q’–Ϊ,2018-11-23,03,‚»‚Μ‘Ό‚ΜZ‘ξi‚RK‚ΔΘ‰Ί‹¤“―Z‘ξ“™j,‚»‚Μ‘Ό
ή“,•”•i‚Λ‚η‚Ά,¬‹ΰδ,—φƒPE‰w‘Oπ”Τ,132144,“‹“s,‘•ª›s,Λ‘q‚S’–Ϊ,2018-10-22,17,‚»‚Μ‘Ό‚ΜZ‘ξi‚RK‚ΔΘ‰Ί‹¤“―Z‘ξ“™j,‚»‚Μ‘Ό
ή“,•”•i‚Λ‚η‚Ά,¬‹ΰδ,—φƒPE‰w‘Oπ”Τ,132144,“‹“s,‘•ª›s,“—φƒ–E‚T’–Ϊ,2018-09-01,15,’“Τi—Φjκ,ƒ^ƒCƒ„EƒzƒC[ƒ‹
ή“,•”•i‚Λ‚η‚Ά,¬‹ΰδ,—φƒPE‰w‘Oπ”Τ,132144,“‹“s,‘•ª›s,“—φƒ–E‚T’–Ϊ,2018-10-01,13,’“Τi—Φjκ,‚»‚Μ‘Ό
ή“,•”•i‚Λ‚η‚Ά,¬‹ΰδ,Ό’¬π”Τ,132144,“‹“s,‘•ª›s,Ό’¬‚S’–Ϊ,2018-01-06,22,‚SK‚ΔΘγ‹¤“―Z‘ξ,‚»‚Μ‘Ό
ή“,•”•i‚Λ‚η‚Ά,¬‹ΰδ,Ό‘•ª›‰w‘Oπ”Τ,132144,“‹“s,‘•ª›s,“—φƒ–E‚T’–Ϊ,2018-09-22,18,‚»‚Μ‘Ό,‚»‚Μ‘Ό
ή“,•”•i‚Λ‚η‚Ά,¬‹ΰδ,•‘ ¬‹ΰδ‰w‘Oπ”Τ,132101,“‹“s,¬‹ΰδs,–{’¬‚Q’–Ϊ,2018-08-19,13,‚»‚Μ‘Ό‚ΜZ‘ξi‚RK‚ΔΘ‰Ί‹¤“―Z‘ξ“™j,‚»‚Μ‘Ό
ή“,•”•i‚Λ‚η‚Ά,¬‹ΰδ,•‘ ¬‹ΰδ‰w‘Oπ”Τ,132101,“‹“s,¬‹ΰδs,–{’¬‚T’–Ϊ,2018-03-29,21,’“Τi—Φjκ,‚»‚Μ‘Ό
ή“,•”•i‚Λ‚η‚Ά,“c–³,“c–³‰w‘Oπ”Τ,132292,“‹“s,Ό“‹s,–k’¬‚P’–Ϊ,2018-09-05,18,‚»‚Μ‘Ό‚ΜZ‘ξi‚RK‚ΔΘ‰Ί‹¤“―Z‘ξ“™j,‚»‚Μ‘Ό
ή“,•”•i‚Λ‚η‚Ά,“c–³,“c–³‰w‘Oπ”Τ,132292,“‹“s,Ό“‹s,“c–³’¬‚P’–Ϊ,2018-08-05,15,‚SK‚ΔΘγ‹¤“―Z‘ξ,‚»‚Μ‘Ό
ή“,•”•i‚Λ‚η‚Ά,“c–³,“c–³‰w‘Oπ”Τ,132292,“‹“s,Ό“‹s,“c–³’¬‚T’–Ϊ,2018-08-09,13,‚SK‚ΔΘγ‹¤“―Z‘ξ,‚»‚Μ‘Ό
ή“,•”•i‚Λ‚η‚Ά,“c–³,“c–³‰w‘Oπ”Τ,132292,“‹“s,Ό“‹s,“μ’¬‚R’–Ϊ,2018-11-19,08,‚»‚Μ‘Ό‚ΜZ‘ξi‚RK‚ΔΘ‰Ί‹¤“―Z‘ξ“™j,ƒiƒ“ƒo[ƒvƒ[ƒg
ή“,•”•i‚Λ‚η‚Ά,“c–³,“c–³‰w‘Oπ”Τ,132292,“‹“s,Ό“‹s,“μ’¬‚S’–Ϊ,2018-01-17,03,’“Τi—Φjκ,ƒiƒ“ƒo[ƒvƒ[ƒg
ή“,•”•i‚Λ‚η‚Ά,“c–³,–φ‘ς‰w‘Oπ”Τ,132292,“‹“s,Ό“‹s,•Ϋ’J’¬‚R’–Ϊ,2018-01-13,19,‚»‚Μ‘Ό‚ΜZ‘ξi‚RK‚ΔΘ‰Ί‹¤“―Z‘ξ“™j,‚»‚Μ‘Ό
ή“,•”•i‚Λ‚η‚Ά,“c–³,–φ‘ς‰w‘Oπ”Τ,132292,“‹“s,Ό“‹s,“μ’¬‚Q’–Ϊ,2018-10-29,15,’“Τi—Φjκ,ƒiƒ“ƒo[ƒvƒ[ƒg
ή“,•”•i‚Λ‚η‚Ά,“c–³,‚Π‚Ξ‚θ‚ª‹u’c’nπ”Τ,132225,“‹“s,“‹v—―•Δs,“μ‘ς‚T’–Ϊ,2017-11-11,23,‚SK‚ΔΘγ‹¤“―Z‘ξ,ƒiƒ“ƒo[ƒvƒ[ƒg
ή“,•”•i‚Λ‚η‚Ά,“c–³,‚Π‚Ξ‚θ‚ª‹u’c’nπ”Τ,132225,“‹“s,“‹v—―•Δs,“μ‘ς‚T’–Ϊ,2018-10-27,20,‚»‚Μ‘Ό‚ΜZ‘ξi‚RK‚ΔΘ‰Ί‹¤“―Z‘ξ“™j,ƒiƒ“ƒo[ƒvƒ[ƒg
ή“,•”•i‚Λ‚η‚Ά,“c–³,‚Π‚Ξ‚θ‚ª‹u’c’nπ”Τ,132292,“‹“s,Ό“‹s,—Ξ’¬‚R’–Ϊ,2018-01-13,14,‚SK‚ΔΘγ‹¤“―Z‘ξ,ƒiƒ“ƒo[ƒvƒ[ƒg
ή“,•”•i‚Λ‚η‚Ά,“c–³,‚Π‚Ξ‚θ‚ª‹u’c’nπ”Τ,132292,“‹“s,Ό“‹s,—Ξ’¬‚R’–Ϊ,2018-01-15,18,‚SK‚ΔΘγ‹¤“―Z‘ξ,‚»‚Μ‘Ό
ή“,•”•i‚Λ‚η‚Ά,“c–³,‚Π‚Ξ‚θ‚ª‹u’c’nπ”Τ,132292,“‹“s,Ό“‹s,—Ξ’¬‚R’–Ϊ,2018-02-25,17,‚SK‚ΔΘγ‹¤“―Z‘ξ,ƒiƒ“ƒo[ƒvƒ[ƒg
ή“,•”•i‚Λ‚η‚Ά,“c–³,“•©π”Τ,132292,“‹“s,Ό“‹s,•xm’¬‚P’–Ϊ,2018-09-06,18,‚SK‚ΔΘγ‹¤“―Z‘ξ,‚»‚Μ‘Ό
ή“,•”•i‚Λ‚η‚Ά,“c–³,–μ‰Ξ~π”Τ,132225,“‹“s,“‹v—―•Δs,‰Ί—Ά‚V’–Ϊ,2018-08-02,18,’“Τi—Φjκ,ƒ^ƒCƒ„EƒzƒC[ƒ‹
ή“,•”•i‚Λ‚η‚Ά,“c–³,‘κRπ”Τ,132225,“‹“s,“‹v—―•Δs,‰Ί—Ά‚S’–Ϊ,2018-12-05,17,κΛZ‘ξ,ƒiƒ“ƒo[ƒvƒ[ƒg
ή“,•”•i‚Λ‚η‚Ά,“c–³,‘κRπ”Τ,132225,“‹“s,“‹v—―•Δs,‘κR‚R’–Ϊ,2018-08-03,10,‚SK‚ΔΘγ‹¤“―Z‘ξ,‚»‚Μ‘Ό
ή“,•”•i‚Λ‚η‚Ά,“c–³,‘κRπ”Τ,132225,“‹“s,“‹v—―•Δs,–φE‚R’–Ϊ,2018-01-15,17,‚SK‚ΔΘγ‹¤“―Z‘ξ,ƒiƒ“ƒo[ƒvƒ[ƒg
ή“,•”•i‚Λ‚η‚Ά,“c–³,“μ‘ςπ”Τ,132225,“‹“s,“‹v—―•Δs,–{’¬‚R’–Ϊ,2018-09-17,17,’“Τi—Φjκ,ƒ^ƒCƒ„EƒzƒC[ƒ‹
ή“,•”•i‚Λ‚η‚Ά,“c–³,γ‚Μ΄π”Τ,132225,“‹“s,“‹v—―•Δs,‹ΰR’¬‚P’–Ϊ,2018-07-24,15,κΛZ‘ξ,ƒiƒ“ƒo[ƒvƒ[ƒg
ή“,•”•i‚Λ‚η‚Ά,“c–³,‚Π‚Ξ‚θ‚ª‹u‰w‘Oπ”Τ,132292,“‹“s,Ό“‹s,‚Π‚Ξ‚θ‚ª‹u‚R’–Ϊ,2018-07-03,11,‚SK‚ΔΘγ‹¤“―Z‘ξ,ƒiƒ“ƒo[ƒvƒ[ƒg
ή“,•”•i‚Λ‚η‚Ά,“c–³,‚Π‚Ξ‚θ‚ª‹u‰w‘Oπ”Τ,132292,“‹“s,Ό“‹s,‚Π‚Ξ‚θ‚ª‹u–k‚P’–Ϊ,2018-02-20,15,’“Τi—Φjκ,ƒiƒ“ƒo[ƒvƒ[ƒg
ή“,•”•i‚Λ‚η‚Ά,“c–³,‚Π‚Ξ‚θ‚ª‹u‰w‘Oπ”Τ,132292,“‹“s,Ό“‹s,’JΛ’¬‚Q’–Ϊ,2018-06-26,17,‚SK‚ΔΘγ‹¤“―Z‘ξ,ƒiƒ“ƒo[ƒvƒ[ƒg
ή“,•”•i‚Λ‚η‚Ά,“c–³,‚Π‚Ξ‚θ‚ª‹u‰w‘Oπ”Τ,132292,“‹“s,Ό“‹s,’JΛ’¬‚Q’–Ϊ,2018-08-31,01,‚SK‚ΔΘγ‹¤“―Z‘ξ,ƒiƒ“ƒo[ƒvƒ[ƒg
ή“,•”•i‚Λ‚η‚Ά,“c–³,‰Ί—Ά’“έ,132225,“‹“s,“‹v—―•Δs,‰Ί—Ά‚Q’–Ϊ,2018-10-11,19,’“Τi—Φjκ,ƒ^ƒCƒ„EƒzƒC[ƒ‹
ή“,•”•i‚Λ‚η‚Ά,“c–³,‰Ί—Ά’“έ,132225,“‹“s,“‹v—―•Δs,‰Ί—Ά‚R’–Ϊ,2018-02-11,18,’“Τi—Φjκ,ƒ^ƒCƒ„EƒzƒC[ƒ‹
ή“,•”•i‚Λ‚η‚Ά,“c–³,‰Ί—Ά’“έ,132225,“‹“s,“‹v—―•Δs,‰Ί—Ά‚S’–Ϊ,2018-02-08,16,‚SK‚ΔΘγ‹¤“―Z‘ξ,‚»‚Μ‘Ό
ή“,•”•i‚Λ‚η‚Ά,“c–³,‰Ί—Ά’“έ,132225,“‹“s,“‹v—―•Δs,‰Ί—Ά‚S’–Ϊ,2018-06-19,18,‚SK‚ΔΘγ‹¤“―Z‘ξ,‚»‚Μ‘Ό
ή“,•”•i‚Λ‚η‚Ά,“c–³,‰Ί—Ά’“έ,132225,“‹“s,“‹v—―•Δs,‰Ί—Ά‚S’–Ϊ,2018-07-23,17,‚SK‚ΔΘγ‹¤“―Z‘ξ,‚»‚Μ‘Ό
ή“,•”•i‚Λ‚η‚Ά,“c–³,‰Ί—Ά’“έ,132225,“‹“s,“‹v—―•Δs,‰Ί—Ά‚S’–Ϊ,2018-09-15,18,‚SK‚ΔΘγ‹¤“―Z‘ξ,ƒiƒ“ƒo[ƒvƒ[ƒg
ή“,•”•i‚Λ‚η‚Ά,“c–³,‰Ί—Ά’“έ,132225,“‹“s,“‹v—―•Δs,‰Ί—Ά‚T’–Ϊ,2017-12-31,17,“ΉHγ,ƒiƒ“ƒo[ƒvƒ[ƒg
ή“,•”•i‚Λ‚η‚Ά,“c–³,“‹v—―•Δ‰w‘Oπ”Τ,132225,“‹“s,“‹v—―•Δs,γ‚Μ΄‚P’–Ϊ,2018-11-11,16,‚SK‚ΔΘγ‹¤“―Z‘ξ,ƒ^ƒCƒ„EƒzƒC[ƒ‹
ή“,•”•i‚Λ‚η‚Ά,“c–³,“‹v—―•Δ‰w‘Oπ”Τ,132225,“‹“s,“‹v—―•Δs,•Xμ‘δ‚Q’–Ϊ,2018-10-04,19,‚»‚Μ‘Ό‚ΜZ‘ξi‚RK‚ΔΘ‰Ί‹¤“―Z‘ξ“™j,‚»‚Μ‘Ό
ή“,•”•i‚Λ‚η‚Ά,“c–³,“‹v—―•Δ‰w‘Oπ”Τ,132225,“‹“s,“‹v—―•Δs,–{’¬‚P’–Ϊ,2018-03-05,00,“ΉHγ,ƒiƒ“ƒo[ƒvƒ[ƒg
ή“,•”•i‚Λ‚η‚Ά,“c–³,“‹v—―•Δ‰w‘Oπ”Τ,132225,“‹“s,“‹v—―•Δs,–{’¬‚P’–Ϊ,2018-06-04,07,’“Τi—Φjκ,‚»‚Μ‘Ό
ή“,•”•i‚Λ‚η‚Ά,“c–³,“‹v—―•Δ‰w‘Oπ”Τ,132225,“‹“s,“‹v—―•Δs,–{’¬‚P’–Ϊ,2018-11-18,00,‚SK‚ΔΘγ‹¤“―Z‘ξ,‚»‚Μ‘Ό
ή“,•”•i‚Λ‚η‚Ά,“‘ΊR,“‘ΊR‰w‘Oπ”Τ,132136,“‹“s,“‘ΊRs,–μϋ’¬‚Q’–Ϊ,2018-06-13,19,‚SK‚ΔΘγ‹¤“―Z‘ξ,ƒiƒ“ƒo[ƒvƒ[ƒg
ή“,•”•i‚Λ‚η‚Ά,“‘ΊR,”ªβπ”Τ,132136,“‹“s,“‘ΊRs,•xm©’¬‚P’–Ϊ,2018-07-29,10,‚SK‚ΔΘγ‹¤“―Z‘ξ,ƒiƒ“ƒo[ƒvƒ[ƒg
ή“,•”•i‚Λ‚η‚Ά,“‘ΊR,”ªβπ”Τ,132136,“‹“s,“‘ΊRs,”όZ’¬‚P’–Ϊ,2018-05-18,11,‚SK‚ΔΘγ‹¤“―Z‘ξ,‚»‚Μ‘Ό
ή“,•”•i‚Λ‚η‚Ά,“‘ΊR,‹v•Δμ‰w‘Oπ”Τ,132136,“‹“s,“‘ΊRs,‰h’¬‚Q’–Ϊ,2018-08-30,11,’“Τi—Φjκ,‚»‚Μ‘Ό
ή“,•”•i‚Λ‚η‚Ά,“‘ΊR,‹v•Δμ‰w‘Oπ”Τ,132136,“‹“s,“‘ΊRs,‰h’¬‚Q’–Ϊ,2018-10-07,16,‚»‚Μ‘Ό‚ΜZ‘ξi‚RK‚ΔΘ‰Ί‹¤“―Z‘ξ“™j,‚»‚Μ‘Ό
ή“,•”•i‚Λ‚η‚Ά,“‘ΊR,‹v•Δμ‰w‘Oπ”Τ,132136,“‹“s,“‘ΊRs,”‹R’¬‚T’–Ϊ,2018-01-25,12,‚SK‚ΔΘγ‹¤“―Z‘ξ,‚»‚Μ‘Ό
ή“,•”•i‚Λ‚η‚Ά,“‘ΊR,΄£‰w‘Oπ”Τ,132217,“‹“s,΄£s,ΌR‚P’–Ϊ,2018-03-30,00,‚SK‚ΔΘγ‹¤“―Z‘ξ,ƒiƒ“ƒo[ƒvƒ[ƒg
ή“,•”•i‚Λ‚η‚Ά,“‘ΊR,΄£‰w‘Oπ”Τ,132217,“‹“s,΄£s,ΌR‚Q’–Ϊ,2018-06-25,12,‚»‚Μ‘Ό‚ΜZ‘ξi‚RK‚ΔΘ‰Ί‹¤“―Z‘ξ“™j,ƒ^ƒCƒ„EƒzƒC[ƒ‹
ή“,•”•i‚Λ‚η‚Ά,“‘ΊR,΄£‰w‘Oπ”Τ,132217,“‹“s,΄£s,ΌR‚Q’–Ϊ,2018-12-25,22,‚»‚Μ‘Ό‚ΜZ‘ξi‚RK‚ΔΘ‰Ί‹¤“―Z‘ξ“™j,‚»‚Μ‘Ό
ή“,•”•i‚Λ‚η‚Ά,“‘ΊR,‹v•Δμ’“έ,132136,“‹“s,“‘ΊRs,‹v•Δμ’¬‚R’–Ϊ,2017-09-10,18,’“Τi—Φjκ,ƒiƒ“ƒo[ƒvƒ[ƒg
ή“,•”•i‚Λ‚η‚Ά,“‘ΊR,’†΄Λ’“έ,132217,“‹“s,΄£s,’†΄Λ‚P’–Ϊ,2018-02-06,09,‚»‚Μ‘Ό‚ΜZ‘ξi‚RK‚ΔΘ‰Ί‹¤“―Z‘ξ“™j,ƒiƒ“ƒo[ƒvƒ[ƒg
ή“,•”•i‚Λ‚η‚Ά,“‘ΊR,’†—Ά’“έ,132217,“‹“s,΄£s,’†—Ά‚P’–Ϊ,2018-02-21,16,’“Τi—Φjκ,‚»‚Μ‘Ό
ή“,•”•i‚Λ‚η‚Ά,“‘ΊR,H’Γ‰w‘Oπ”Τ,132217,“‹“s,΄£s,–μ‰–‚P’–Ϊ,2018-11-30,18,’“Τi—Φjκ,‚»‚Μ‘Ό
ή“,•”•i‚Λ‚η‚Ά,“‘ΊR,®‚ª‹uπ”Τ,132217,“‹“s,΄£s,®‚ª‹u‚Q’–Ϊ,2018-09-27,22,‚SK‚ΔΘγ‹¤“―Z‘ξ,ƒ^ƒCƒ„EƒzƒC[ƒ‹
ή“,•”•i‚Λ‚η‚Ά,“‘ΊR,®‚ª‹uπ”Τ,132217,“‹“s,΄£s,®‚ª‹u‚Q’–Ϊ,2018-11-01,22,‚SK‚ΔΘγ‹¤“―Z‘ξ,‚»‚Μ‘Ό
ή“,•”•i‚Λ‚η‚Ά,“‘ΊR,®‚ª‹uπ”Τ,132217,“‹“s,΄£s,®‚ª‹u‚R’–Ϊ,2018-08-22,17,‚»‚Μ‘Ό‚ΜZ‘ξi‚RK‚ΔΘ‰Ί‹¤“―Z‘ξ“™j,ƒiƒ“ƒo[ƒvƒ[ƒg
ή“,•”•i‚Λ‚η‚Ά,“‘ΊR,®‚ª‹uπ”Τ,132217,“‹“s,΄£s,’†—Ά‚T’–Ϊ,2018-08-21,14,κΛZ‘ξ,‚»‚Μ‘Ό
ή“,•”•i‚Λ‚η‚Ά,“‘ΊR,’|‹u’“έ,132217,“‹“s,΄£s,’|‹u‚Q’–Ϊ,2018-03-29,13,‚SK‚ΔΘγ‹¤“―Z‘ξ,‚»‚Μ‘Ό
ή“,•”•i‚Λ‚η‚Ά,“‘ΊR,Β—t’“έ,132136,“‹“s,“‘ΊRs,Β—t’¬‚Q’–Ϊ,2018-01-08,09,’“Τi—Φjκ,ƒ^ƒCƒ„EƒzƒC[ƒ‹
ή“,•”•i‚Λ‚η‚Ά,•‘ –μ,‹gΛ›‰wΌϋπ”Τ,132039,“‹“s,•‘ –μs,‹gΛ›“μ’¬‚P’–Ϊ,2018-09-17,18,’“Τi—Φjκ,‚»‚Μ‘Ό
ή“,•”•i‚Λ‚η‚Ά,•‘ –μ,”ª”¦‹{Όπ”Τ,132039,“‹“s,•‘ –μs,‹gΛ›–k’¬‚P’–Ϊ,2018-06-09,18,“ΉHγ,ƒiƒ“ƒo[ƒvƒ[ƒg
ή“,•”•i‚Λ‚η‚Ά,•‘ –μ,”ª”¦’¬π”Τ,132039,“‹“s,•‘ –μs,”ª”¦’¬‚S’–Ϊ,2018-07-02,21,“ΉHγ,‚»‚Μ‘Ό
ή“,•”•i‚Λ‚η‚Ά,O‘ι,O‘ι‰w‘Oπ”Τ,132047,“‹“s,O‘ιs,‰ΊA‚R’–Ϊ,2018-10-05,07,’“Τi—Φjκ,‚»‚Μ‘Ό
ή“,•”•i‚Λ‚η‚Ά,O‘ι,O‘ι‰w‘Oπ”Τ,132047,“‹“s,O‘ιs,‰ΊA‚S’–Ϊ,2018-06-01,20,’“Τi—Φjκ,‚»‚Μ‘Ό
ή“,•”•i‚Λ‚η‚Ά,O‘ι,“V•¶‘δ‰Ί’“έ,132047,“‹“s,O‘ιs,‘ε‘ς‚T’–Ϊ,2018-04-12,09,’“Τi—Φjκ,ƒ^ƒCƒ„EƒzƒC[ƒ‹
ή“,•”•i‚Λ‚η‚Ά,O‘ι,Vμπ”Τ,132047,“‹“s,O‘ιs,Vμ‚R’–Ϊ,2018-05-12,18,‚»‚Μ‘Ό‚ΜZ‘ξi‚RK‚ΔΘ‰Ί‹¤“―Z‘ξ“™j,‚»‚Μ‘Ό
ή“,•”•i‚Λ‚η‚Ά,O‘ι,’†εμπ”Τ,132047,“‹“s,O‘ιs,Vμ‚Q’–Ϊ,2018-09-13,21,‚»‚Μ‘Ό‚ΜZ‘ξi‚RK‚ΔΘ‰Ί‹¤“―Z‘ξ“™j,‚»‚Μ‘Ό
ή“,•”•i‚Λ‚η‚Ά,O‘ι,’†εμπ”Τ,132047,“‹“s,O‘ιs,Vμ‚T’–Ϊ,2018-11-10,16,‚»‚Μ‘Ό‚ΜZ‘ξi‚RK‚ΔΘ‰Ί‹¤“―Z‘ξ“™j,‚»‚Μ‘Ό
ή“,•”•i‚Λ‚η‚Ά,O‘ι,’†εμπ”Τ,132047,“‹“s,O‘ιs,’†΄‚Q’–Ϊ,2018-11-27,21,‚»‚Μ‘Ό‚ΜZ‘ξi‚RK‚ΔΘ‰Ί‹¤“―Z‘ξ“™j,‚»‚Μ‘Ό
ή“,•”•i‚Λ‚η‚Ά,O‘ι,–΄—η’“έ,132047,“‹“s,O‘ιs,–΄—η‚Q’–Ϊ,2018-11-08,18,‚SK‚ΔΘγ‹¤“―Z‘ξ,‚»‚Μ‘Ό
ή“,•”•i‚Λ‚η‚Ά,O‘ι,–΄—η’“έ,132047,“‹“s,O‘ιs,–΄—η‚U’–Ϊ,2018-06-18,22,‚»‚Μ‘Ό‚ΜZ‘ξi‚RK‚ΔΘ‰Ί‹¤“―Z‘ξ“™j,‚»‚Μ‘Ό
ή“,•”•i‚Λ‚η‚Ά,O‘ι,’†΄’“έ,132047,“‹“s,O‘ιs,’†΄‚R’–Ϊ,2018-01-09,00,’“Τi—Φjκ,ƒiƒ“ƒo[ƒvƒ[ƒg
ή“,•”•i‚Λ‚η‚Ά,O‘ι,’†΄’“έ,132047,“‹“s,O‘ιs,’†΄‚R’–Ϊ,2018-03-25,15,‚SK‚ΔΘγ‹¤“―Z‘ξ,‚»‚Μ‘Ό
ή“,•”•i‚Λ‚η‚Ά,O‘ι,’†΄’“έ,132047,“‹“s,O‘ιs,’†΄‚S’–Ϊ,2018-11-24,17,‚SK‚ΔΘγ‹¤“―Z‘ξ,‚»‚Μ‘Ό
ή“,•”•i‚Λ‚η‚Ά,’²•z,‰ΊΞ΄π”Τ,132080,“‹“s,’²•zs,•xm©’¬‚Q’–Ϊ,2018-05-13,20,’“Τi—Φjκ,ƒiƒ“ƒo[ƒvƒ[ƒg
ή“,•”•i‚Λ‚η‚Ά,’²•z,‰ΊΞ΄π”Τ,132080,“‹“s,’²•zs,•xm©’¬‚Q’–Ϊ,2018-05-16,10,’“Τi—Φjκ,ƒiƒ“ƒo[ƒvƒ[ƒg
ή“,•”•i‚Λ‚η‚Ά,’²•z,•z“cπ”Τ,132080,“‹“s,’²•zs,υ’n‚Q’–Ϊ,2018-01-09,14,‚»‚Μ‘Ό‚ΜZ‘ξi‚RK‚ΔΘ‰Ί‹¤“―Z‘ξ“™j,‚»‚Μ‘Ό
ή“,•”•i‚Λ‚η‚Ά,’²•z,•z“cπ”Τ,132080,“‹“s,’²•zs,•z“c‚R’–Ϊ,2018-03-13,07,‚»‚Μ‘Ό‚ΜZ‘ξi‚RK‚ΔΘ‰Ί‹¤“―Z‘ξ“™j,‚»‚Μ‘Ό
ή“,•”•i‚Λ‚η‚Ά,’²•z,•z“cπ”Τ,132080,“‹“s,’²•zs,•z“c‚R’–Ϊ,2018-03-16,00,‚»‚Μ‘Ό‚ΜZ‘ξi‚RK‚ΔΘ‰Ί‹¤“―Z‘ξ“™j,‚»‚Μ‘Ό
ή“,•”•i‚Λ‚η‚Ά,’²•z,’–•ϋπ”Τ,132195,“‹“s,]s,‹ξδ’¬‚Q’–Ϊ,2018-01-08,12,’“Τi—Φjκ,ƒiƒ“ƒo[ƒvƒ[ƒg
ή“,•”•i‚Λ‚η‚Ά,’²•z,‹‰¤‘½–€μ‰w‘Oπ”Τ,132080,“‹“s,’²•zs,‘½–€μ‚S’–Ϊ,2018-03-14,06,‚»‚Μ‘Ό‚ΜZ‘ξi‚RK‚ΔΘ‰Ί‹¤“―Z‘ξ“™j,ƒiƒ“ƒo[ƒvƒ[ƒg
ή“,•”•i‚Λ‚η‚Ά,’²•z,γΞ΄π”Τ,132080,“‹“s,’²•zs,•xm©’¬‚R’–Ϊ,2018-07-14,17,‚SK‚ΔΘγ‹¤“―Z‘ξ,ƒiƒ“ƒo[ƒvƒ[ƒg
ή“,•”•i‚Λ‚η‚Ά,’²•z,γΞ΄π”Τ,132080,“‹“s,’²•zs,•xm©’¬‚R’–Ϊ,2018-11-23,18,’“Τi—Φjκ,ƒiƒ“ƒo[ƒvƒ[ƒg
ή“,•”•i‚Λ‚η‚Ά,’²•z,[‘ε›π”Τ,132080,“‹“s,’²•zs,[‘ε›“’¬‚P’–Ϊ,2018-07-08,05,‚»‚Μ‘Ό‚ΜZ‘ξi‚RK‚ΔΘ‰Ί‹¤“―Z‘ξ“™j,‚»‚Μ‘Ό
ή“,•”•i‚Λ‚η‚Ά,’²•z,[‘ε›π”Τ,132080,“‹“s,’²•zs,[‘ε›“’¬‚T’–Ϊ,2018-09-14,07,‚»‚Μ‘Ό‚ΜZ‘ξi‚RK‚ΔΘ‰Ί‹¤“―Z‘ξ“™j,‚»‚Μ‘Ό
ή“,•”•i‚Λ‚η‚Ά,’²•z,[‘ε›π”Τ,132080,“‹“s,’²•zs,[‘ε›“’¬‚U’–Ϊ,2018-10-07,20,’“Τi—Φjκ,‚»‚Μ‘Ό
ή“,•”•i‚Λ‚η‚Ά,’²•z,A•¨φ‰€‘O’“έ,132080,“‹“s,’²•zs,[‘ε›–k’¬‚U’–Ϊ,2018-04-09,19,‚»‚Μ‘Ό‚ΜZ‘ξi‚RK‚ΔΘ‰Ί‹¤“―Z‘ξ“™j,‚»‚Μ‘Ό
ή“,•”•i‚Λ‚η‚Ά,’²•z,‹{‚Μγ’“έ,132080,“‹“s,’²•zs,Δθ‚Q’–Ϊ,2018-04-20,17,‚SK‚ΔΘγ‹¤“―Z‘ξ,ƒiƒ“ƒo[ƒvƒ[ƒg
ή“,•”•i‚Λ‚η‚Ά,’²•z,‹e–μ‘δπ”Τ,132080,“‹“s,’²•zs,Ό‚Β‚Β‚¶ƒP‹u‚R’–Ϊ,2017-12-11,08,’“Τi—Φjκ,‚»‚Μ‘Ό
ή“,•”•i‚Λ‚η‚Ά,’²•z,’†aςπ”Τ,132195,“‹“s,]s,’†aς‚Q’–Ϊ,2018-03-06,17,‚»‚Μ‘Ό‚ΜZ‘ξi‚RK‚ΔΘ‰Ί‹¤“―Z‘ξ“™j,‚»‚Μ‘Ό
ή“,•”•i‚Λ‚η‚Ά,’²•z,’†aςπ”Τ,132195,“‹“s,]s,’†aς‚T’–Ϊ,2017-03-15,13,κΛZ‘ξ,ƒiƒ“ƒo[ƒvƒ[ƒg
ή“,•”•i‚Λ‚η‚Ά,’²•z,]π”Τ,132195,“‹“s,]s,“aς‚P’–Ϊ,2018-04-30,10,’“Τi—Φjκ,‚»‚Μ‘Ό
ή“,•”•i‚Λ‚η‚Ά,’²•z,aς‘½–€μπ”Τ,132195,“‹“s,]s,³aς‚Q’–Ϊ,2018-02-06,17,κΛZ‘ξ,‚»‚Μ‘Ό
ή“,•”•i‚Λ‚η‚Ά,’²•z,¬oπ”Τ,132195,“‹“s,]s,“–μμ‚R’–Ϊ,2018-07-10,22,‚SK‚ΔΘγ‹¤“―Z‘ξ,‚»‚Μ‘Ό
ή“,•”•i‚Λ‚η‚Ά,’²•z,¬oπ”Τ,132195,“‹“s,]s,“–μμ‚R’–Ϊ,2018-09-26,18,’“Τi—Φjκ,‚»‚Μ‘Ό
ή“,•”•i‚Λ‚η‚Ά,’²•z,‘½–€μZ‘ξπ”Τ,132080,“‹“s,’²•zs,υ’n‚R’–Ϊ,2018-09-06,20,‚SK‚ΔΘγ‹¤“―Z‘ξ,‚»‚Μ‘Ό
ή“,•”•i‚Λ‚η‚Ά,’²•z,’²•z‰w‘Oπ”Τ,132080,“‹“s,’²•zs,¬“‡’¬‚P’–Ϊ,2018-04-04,21,’“Τi—Φjκ,‚»‚Μ‘Ό
ή“,•”•i‚Λ‚η‚Ά,’²•z,’²•z‰w‘Oπ”Τ,132080,“‹“s,’²•zs,•z“c‚S’–Ϊ,2018-10-08,22,“ΉHγ,‚»‚Μ‘Ό
ή“,•”•i‚Λ‚η‚Ά,’²•z,’²•z‰w‘Oπ”Τ,132080,“‹“s,’²•zs,•z“c‚S’–Ϊ,2018-11-15,09,’“Τi—Φjκ,‚»‚Μ‘Ό
ή“,•”•i‚Λ‚η‚Ά,’²•z,”ς“c‹‹‰w‘Oπ”Τ,132080,“‹“s,’²•zs,γΞ΄‚R’–Ϊ,2018-03-30,17,‚»‚Μ‘Ό‚ΜZ‘ξi‚RK‚ΔΘ‰Ί‹¤“―Z‘ξ“™j,‚»‚Μ‘Ό
ή“,•”•i‚Λ‚η‚Ά,¬•½,‰Τ¬‹ΰδ‰w‘Oπ”Τ,132110,“‹“s,¬•½s,‰Τ¬‹ΰδ‚P’–Ϊ,2018-09-14,18,‚»‚Μ‘Ό‚ΜZ‘ξi‚RK‚ΔΘ‰Ί‹¤“―Z‘ξ“™j,ƒ^ƒCƒ„EƒzƒC[ƒ‹
ή“,•”•i‚Λ‚η‚Ά,¬•½,‰Τ¬‹ΰδ‰w‘Oπ”Τ,132110,“‹“s,¬•½s,‰Τ¬‹ΰδ‚P’–Ϊ,2018-09-15,18,‚»‚Μ‘Ό‚ΜZ‘ξi‚RK‚ΔΘ‰Ί‹¤“―Z‘ξ“™j,ƒ^ƒCƒ„EƒzƒC[ƒ‹
ή“,•”•i‚Λ‚η‚Ά,¬•½,‰Τ¬‹ΰδ‰w‘Oπ”Τ,132110,“‹“s,¬•½s,‰Τ¬‹ΰδ“μ’¬‚P’–Ϊ,2018-10-12,22,‚»‚Μ‘Ό‚ΜZ‘ξi‚RK‚ΔΘ‰Ί‹¤“―Z‘ξ“™j,‚»‚Μ‘Ό
ή“,•”•i‚Λ‚η‚Ά,¬•½,‰Τ¬‹ΰδ‰w‘Oπ”Τ,132110,“‹“s,¬•½s,‰Τ¬‹ΰδ“μ’¬‚Q’–Ϊ,2018-06-20,12,’“Τi—Φjκ,‚»‚Μ‘Ό
ή“,•”•i‚Λ‚η‚Ά,¬•½,¬•½‰w‘Oπ”Τ,132110,“‹“s,¬•½s,”ό‰€’¬‚P’–Ϊ,2018-09-05,15,“ΉHγ,‚»‚Μ‘Ό
ή“,•”•i‚Λ‚η‚Ά,¬•½,‘ι‚Μ‘δ‰w‘Oπ”Τ,132110,“‹“s,¬•½s,¬μ’¬‚Q’–Ϊ,2018-10-02,16,‚»‚Μ‘Ό,‚»‚Μ‘Ό
ή“,•”•i‚Λ‚η‚Ά,¬•½,‘ι‚Μ‘δ‰w‘Oπ”Τ,132110,“‹“s,¬•½s,γ…–{’¬‚R’–Ϊ,2018-01-04,09,‚»‚Μ‘Ό‚ΜZ‘ξi‚RK‚ΔΘ‰Ί‹¤“―Z‘ξ“™j,‚»‚Μ‘Ό
ή“,•”•i‚Λ‚η‚Ά,¬•½,‘ι‚Μ‘δ‰w‘Oπ”Τ,132110,“‹“s,¬•½s,’Γ“c’¬‚P’–Ϊ,2018-05-28,20,’“Τi—Φjκ,‚»‚Μ‘Ό
ή“,•”•i‚Λ‚η‚Ά,¬•½,‘ι‚Μ‘δ‰w‘Oπ”Τ,132110,“‹“s,¬•½s,“V_’¬‚R’–Ϊ,2018-06-28,04,“ΉHγ,‚»‚Μ‘Ό
ή“,•”•i‚Λ‚η‚Ά,¬•½,¬μ‰w‘Oπ”Τ,132110,“‹“s,¬•½s,¬μΌ’¬‚Q’–Ϊ,2018-03-13,11,‚SK‚ΔΘγ‹¤“―Z‘ξ,ƒiƒ“ƒo[ƒvƒ[ƒg
ή“,•”•i‚Λ‚η‚Ά,¬•½,¬μ‰w‘Oπ”Τ,132110,“‹“s,¬•½s,¬μΌ’¬‚S’–Ϊ,2018-04-07,19,‚»‚Μ‘Ό‚ΜZ‘ξi‚RK‚ΔΘ‰Ί‹¤“―Z‘ξ“™j,ƒiƒ“ƒo[ƒvƒ[ƒg
ή“,•”•i‚Λ‚η‚Ά,¬•½,¬μ‰w‘Oπ”Τ,132110,“‹“s,¬•½s,¬μΌ’¬‚S’–Ϊ,2018-04-09,18,‚SK‚ΔΘγ‹¤“―Z‘ξ,ƒiƒ“ƒo[ƒvƒ[ƒg
ή“,•”•i‚Λ‚η‚Ά,¬•½,¬μ‰w‘Oπ”Τ,132110,“‹“s,¬•½s,¬μΌ’¬‚S’–Ϊ,2018-04-13,22,‚SK‚ΔΘγ‹¤“―Z‘ξ,ƒiƒ“ƒo[ƒvƒ[ƒg
ή“,•”•i‚Λ‚η‚Ά,¬•½,’‡’¬π”Τ,132110,“‹“s,¬•½s,¬μ’¬‚Q’–Ϊ,2018-08-14,20,‚»‚Μ‘Ό‚ΜZ‘ξi‚RK‚ΔΘ‰Ί‹¤“―Z‘ξ“™j,ƒiƒ“ƒo[ƒvƒ[ƒg
ή“,•”•i‚Λ‚η‚Ά,¬•½,’‡’¬π”Τ,132110,“‹“s,¬•½s,’‡’¬,2018-01-20,19,‚»‚Μ‘Ό,‚»‚Μ‘Ό
ή“,•”•i‚Λ‚η‚Ά,¬•½,’‡’¬π”Τ,132110,“‹“s,¬•½s,’‡’¬,2018-10-02,21,’“Τi—Φjκ,ƒiƒ“ƒo[ƒvƒ[ƒg
ή“,•”•i‚Λ‚η‚Ά,¬•½,μ•½‹΄’“έ,132110,“‹“s,¬•½s,γ…“μ’¬‚R’–Ϊ,2018-10-13,22,‚»‚Μ‘Ό‚ΜZ‘ξi‚RK‚ΔΘ‰Ί‹¤“―Z‘ξ“™j,‚»‚Μ‘Ό
ή“,•”•i‚Λ‚η‚Ά,¬•½,‘εΐ’¬π”Τ,132110,“‹“s,¬•½s,‘εΐ’¬‚S’–Ϊ,2018-05-18,16,‚»‚Μ‘Ό‚ΜZ‘ξi‚RK‚ΔΘ‰Ί‹¤“―Z‘ξ“™j,‚»‚Μ‘Ό
ή“,•”•i‚Λ‚η‚Ά,¬•½,‘εΐ’¬π”Τ,132110,“‹“s,¬•½s,‘εΐ’¬‚S’–Ϊ,2018-08-04,12,‚»‚Μ‘Ό‚ΜZ‘ξi‚RK‚ΔΘ‰Ί‹¤“―Z‘ξ“™j,‚»‚Μ‘Ό
ή“,•”•i‚Λ‚η‚Ά,O‘ξ“‡,’Ψ“c’“έ,,,,,2018-06-09,13,κΛZ‘ξ,‚»‚Μ‘Ό
