ί–Ό,θϋ,Ηx@i”­¶’nj,Ηπ”ΤE’“έi”­¶’nj,s‹ζ’¬‘ΊƒR[ƒhi”­¶’nj,“s“Ή•{§i”­¶’nj,s‹ζ’¬‘Ίi”­¶’nj,’¬’–Ϊi”­¶’nj,”­¶”N“ϊinϊj,”­¶inϊj,”­¶κ‚Μ‘®«,{ωΦW,»‹ΰ”νQ‚Μ—L–³
ή“,Τγ‚Λ‚η‚Ά,[μ,X‰Ίπ”Τ,131083,“‹“s,]“‹ζ,X‰Ί‚T’–Ϊ,2019-09-11,17,‚SK‚ΔΘγ‹¤“―Z‘ξ,{ω‚µ‚½,‚ ‚θ
ή“,Τγ‚Λ‚η‚Ά,[μ,Z‹gπ”Τ,131083,“‹“s,]“‹ζ,ξ‹΄‚P’–Ϊ,2019-11-14,16,’“Τi—Φjκ,{ω‚µ‚½,‚ ‚θ
ή“,Τγ‚Λ‚η‚Ά,[μ,»‘γ”όpΩ‘Oπ”Τ,131083,“‹“s,]“‹ζ,OD‚R’–Ϊ,2019-09-14,16,’“Τi—Φjκ,{ω‚µ‚½,‚ ‚θ
ή“,Τγ‚Λ‚η‚Ά,[μ,}μπ”Τ,131083,“‹“s,]“‹ζ,}μ‚P’–Ϊ,2019-09-25,19,’“Τi—Φjκ,{ω‚µ‚½,‚Θ‚µ
ή“,Τγ‚Λ‚η‚Ά,–Ά‹΄,”ό‘q‹΄π”Τ,131016,“‹“s,η‘γ“c‹ζ,_“caς’¬,2019-11-22,14,“ΉHγ,{ω‚µ‚½,‚ ‚θ
ή“,Τγ‚Λ‚η‚Ά,‹vΌ,““ϊ–{‹΄π”Τ,131024,“‹“s,’†‰›‹ζ,“ϊ–{‹΄”n‹ς’¬‚Q’–Ϊ,2019-10-22,18,’“Τi—Φjκ,{ω‚µ‚½,‚Θ‚µ
ή“,Τγ‚Λ‚η‚Ά,“‹pέ,‘ζά‘δκπ”Τ,131091,“‹“s,•iμ‹ζ,”ª’ª‚R’–Ϊ,2019-04-30,18,’“Τi—Φjκ,{ω‚µ‚½,‚Θ‚µ
ή“,Τγ‚Λ‚η‚Ά,“‹pέ,‚¨‘δκC•lφ‰€‰w‘Oπ”Τ,131083,“‹“s,]“‹ζ,ΒC‚P’–Ϊ,2019-09-14,14,’“Τi—Φjκ,{ω‚µ‚½,‚ ‚θ
ή“,Τγ‚Λ‚η‚Ά,“‹pέ,’C–¤π”Τ,131083,“‹“s,]“‹ζ,’C–¤‚P’–Ϊ,2019-09-03,13,’“Τi—Φjκ,{ω‚µ‚½,‚ ‚θ
ή“,Τγ‚Λ‚η‚Ά,•iμ,δ“aRπ”Τ,131091,“‹“s,•iμ‹ζ,–k•iμ‚S’–Ϊ,2019-07-25,08,’“Τi—Φjκ,{ω‚µ‚½,‚ ‚θ
ή“,Τγ‚Λ‚η‚Ά,‘εX,’JΛπ”Τ,131113,“‹“s,‘ε“c‹ζ,‘εX’†‚R’–Ϊ,2019-11-09,02,‚»‚Μ‘Ό,{ω‚µ‚½,‚Θ‚µ
ή“,Τγ‚Λ‚η‚Ά,‘εX,‘εXCέπ”Τ,131113,“‹“s,‘ε“c‹ζ,‘εX–k‚R’–Ϊ,2019-07-26,00,’“Τi—Φjκ,{ω‚µ‚½,‚ ‚θ
ή“,Τγ‚Λ‚η‚Ά,‘εX,‘εXCέπ”Τ,131113,“‹“s,‘ε“c‹ζ,‘εX–k‚U’–Ϊ,2019-07-21,18,’“Τi—Φjκ,{ω‚µ‚½,‚ ‚θ
ή“,Τγ‚Λ‚η‚Ά,‘εX,‘εXCέπ”Τ,131113,“‹“s,‘ε“c‹ζ,‘εX–{’¬‚Q’–Ϊ,2019-07-25,15,’“Τi—Φjκ,{ω‚µ‚½,‚Θ‚µ
ή“,Τγ‚Λ‚η‚Ά,‘εX,‘εX‰w‘Oπ”Τ,131113,“‹“s,‘ε“c‹ζ,‘εX–k‚P’–Ϊ,2019-04-21,17,’“Τi—Φjκ,{ω‚µ‚½,‚Θ‚µ
ή“,Τγ‚Λ‚η‚Ά,—“c,“ϊ‚Μo’Κπ”Τ,131113,“‹“s,‘ε“c‹ζ,“μ—“c‚R’–Ϊ,2019-06-07,09,’“Τi—Φjκ,{ω‚µ‚½,‚ ‚θ
ή“,Τγ‚Λ‚η‚Ά,—“c,–{‰H“cπ”Τ,131113,“‹“s,‘ε“c‹ζ,”‹’†‚P’–Ϊ,2019-04-07,16,’“Τi—Φjκ,{ω‚µ‚½,‚Θ‚µ
ή“,Τγ‚Λ‚η‚Ά,—“c,–{‰H“cπ”Τ,131113,“‹“s,‘ε“c‹ζ,”‹’†‚P’–Ϊ,2019-04-08,21,’“Τi—Φjκ,{ω‚µ‚½,‚Θ‚µ
ή“,Τγ‚Λ‚η‚Ά,—“c,–{‰H“cπ”Τ,131113,“‹“s,‘ε“c‹ζ,–{‰H“c‚Q’–Ϊ,2019-03-10,16,‚SK‚ΔΘγ‹¤“―Z‘ξ,{ω‚µ‚½,‚Θ‚µ
ή“,Τγ‚Λ‚η‚Ά,—“c,‘ε’Ή‹π”Τ,131113,“‹“s,‘ε“c‹ζ,‰H“c‚S’–Ϊ,2019-11-02,16,’“Τi—Φjκ,{ω‚µ‚½,‚Θ‚µ
ή“,Τγ‚Λ‚η‚Ά,—“c,‘ε’Ή‹π”Τ,131113,“‹“s,‘ε“c‹ζ,‰H“c‚S’–Ϊ,2019-11-03,19,’“Τi—Φjκ,{ω‚µ‚½,‚Θ‚µ
ή“,Τγ‚Λ‚η‚Ά,—“c,‘ε’Ή‹π”Τ,131113,“‹“s,‘ε“c‹ζ,‰H“c‚T’–Ϊ,2019-11-01,18,’“Τi—Φjκ,{ω‚µ‚½,‚Θ‚µ
ή“,Τγ‚Λ‚η‚Ά,’rγ,‹v‚ª΄π”Τ,131113,“‹“s,‘ε“c‹ζ,‹v‚ª΄‚Q’–Ϊ,2019-10-16,05,’“Τi—Φjκ,{ω‚µ‚½,‚Θ‚µ
ή“,Τγ‚Λ‚η‚Ά,’rγ,ƒKƒX‹΄π”Τ,131113,“‹“s,‘ε“c‹ζ,‰ΊΫq‚R’–Ϊ,2019-10-18,20,‚»‚Μ‘Ό‚ΜZ‘ξi‚RK‚ΔΘ‰Ί‹¤“―Z‘ξ“™j,{ω‚µ‚½,‚Θ‚µ
ή“,Τγ‚Λ‚η‚Ά,‹Κμ,“ρq‹Κμπ”Τ,131121,“‹“s,Ά“c’J‹ζ,γ–μ–Ρ‚Q’–Ϊ,2019-01-31,19,’“Τi—Φjκ,{ω‚µ‚½,‚Θ‚µ
ή“,Τγ‚Λ‚η‚Ά,‹Κμ,—p‰κπ”Τ,131121,“‹“s,Ά“c’J‹ζ,γ—p‰κ‚T’–Ϊ,2019-01-05,00,‚»‚Μ‘Ό‚ΜZ‘ξi‚RK‚ΔΘ‰Ί‹¤“―Z‘ξ“™j,{ω‚µ‚½,‚Θ‚µ
ή“,Τγ‚Λ‚η‚Ά,‹Κμ,“™X—Ν•s“®‘O’“έ,131121,“‹“s,Ά“c’J‹ζ,–μ–Ρ‚P’–Ϊ,2019-01-31,20,‚»‚Μ‘Ό‚ΜZ‘ξi‚RK‚ΔΘ‰Ί‹¤“―Z‘ξ“™j,{ω‚µ‚½,‚Θ‚µ
ή“,Τγ‚Λ‚η‚Ά,‹Κμ,“™X—Ν•s“®‘O’“έ,131121,“‹“s,Ά“c’J‹ζ,–μ–Ρ‚Q’–Ϊ,2019-01-31,17,‚»‚Μ‘Ό,{ω‚µ‚½,‚Θ‚µ
ή“,Τγ‚Λ‚η‚Ά,‹Κμ,“™X—Ν•s“®‘O’“έ,131121,“‹“s,Ά“c’J‹ζ,–μ–Ρ‚Q’–Ϊ,2019-01-31,19,’“Τi—Φjκ,{ω‚µ‚½,‚Θ‚µ
ή“,Τγ‚Λ‚η‚Ά,¬ι,‘ct’J‘ε‘ π”Τ,131121,“‹“s,Ά“c’J‹ζ,ηΞ‘δ‚Q’–Ϊ,2019-04-14,22,κΛZ‘ξ,{ω‚µ‚½,‚Θ‚µ
ή“,Τγ‚Λ‚η‚Ά,¬ι,ηΞ‘δπ”Τ,131121,“‹“s,Ά“c’J‹ζ,””’J‚Q’–Ϊ,2019-06-19,04,’“Τi—Φjκ,{ω‚µ‚½,‚ ‚θ
ή“,Τγ‚Λ‚η‚Ά,¬ι,μ‘½©‰w‘Oπ”Τ,131121,“‹“s,Ά“c’J‹ζ,μ‘½©‚S’–Ϊ,2019-02-06,03,‚SK‚ΔΘγ‹¤“―Z‘ξ,{ω‚µ‚½,‚Θ‚µ
ή“,Τγ‚Λ‚η‚Ά,a’J,‰F“cμπ”Τ,131130,“‹“s,a’J‹ζ,‰F“cμ’¬,2019-11-26,20,’“Τi—Φjκ,{ω‚µ‚½,‚ ‚θ
ή“,Τγ‚Λ‚η‚Ά,‘γX–Ψ,‰‘δ‰w‘Oπ”Τ,131130,“‹“s,a’J‹ζ,–{’¬‚P’–Ϊ,2018-12-13,17,’“Τi—Φjκ,{ω‚µ‚½,‚Θ‚µ
ή“,Τγ‚Λ‚η‚Ά,Vh,F–μ_Π‘Oπ”Τ,131041,“‹“s,Vh‹ζ,ΌVh‚S’–Ϊ,2019-11-17,14,’“Τi—Φjκ,{ω‚µ‚½,‚ ‚θ
ή“,Τγ‚Λ‚η‚Ά,Vh,‰Μ•‘κ’¬π”Τ,131041,“‹“s,Vh‹ζ,‰Μ•‘κ’¬‚Q’–Ϊ,2019-06-26,09,“ΉHγ,{ω‚µ‚½,‚Θ‚µ
ή“,Τγ‚Λ‚η‚Ά,Vh,‰Μ•‘κ’¬π”Τ,131041,“‹“s,Vh‹ζ,‰Μ•‘κ’¬‚Q’–Ϊ,2019-11-27,09,’“Τi—Φjκ,{ω‚µ‚½,‚Θ‚µ
ή“,Τγ‚Λ‚η‚Ά,Λ’Λ,Λ’Λκ’–Ϊπ”Τ,131041,“‹“s,Vh‹ζ,Ό‘ξ“c‚Q’–Ϊ,2018-11-01,22,’“Τi—Φjκ,{ω‚µ‚½,‚ ‚θ
ή“,Τγ‚Λ‚η‚Ά,Λ’Λ,Λ’Λκ’–Ϊπ”Τ,131041,“‹“s,Vh‹ζ,Ό‘ξ“c‚Q’–Ϊ,2019-02-01,22,’“Τi—Φjκ,{ω‚µ‚½,‚ ‚θ
ή“,Τγ‚Λ‚η‚Ά,Λ’Λ,γ—‡π”Τ,131041,“‹“s,Vh‹ζ,γ—‡‚Q’–Ϊ,2019-07-09,15,’“Τi—Φjκ,{ω‚µ‚½,‚Θ‚µ
ή“,Τγ‚Λ‚η‚Ά,’†–μ,–{‹½’Κπ”Τ,131148,“‹“s,’†–μ‹ζ,–ν¶’¬‚R’–Ϊ,2018-11-01,22,’“Τi—Φjκ,{ω‚µ‚½,‚ ‚θ
ή“,Τγ‚Λ‚η‚Ά,–μ•ϋ,–ςt‰w‘Oπ”Τ,131148,“‹“s,’†–μ‹ζ,Vδ‚Q’–Ϊ,2019-02-21,02,’“Τi—Φjκ,{ω‚µ‚½,‚ ‚θ
ή“,Τγ‚Λ‚η‚Ά,–μ•ϋ,]΄’¬π”Τ,131148,“‹“s,’†–μ‹ζ,]΄’¬‚Q’–Ϊ,2019-11-24,23,κΛZ‘ξ,{ω‚µ‚½,‚Θ‚µ
ή“,Τγ‚Λ‚η‚Ά,™•ΐ,–xƒm“ΰπ”Τ,131156,“‹“s,™•ΐ‹ζ,–xƒm“ΰ‚Q’–Ϊ,2019-08-11,14,’“Τi—Φjκ,{ω‚µ‚½,‚ ‚θ
ή“,Τγ‚Λ‚η‚Ά,™•ΐ,–xƒm“ΰπ”Τ,131156,“‹“s,™•ΐ‹ζ,–xƒm“ΰ‚R’–Ϊ,2019-08-11,18,’“Τi—Φjκ,{ω‚µ‚½,‚ ‚θ
ή“,Τγ‚Λ‚η‚Ά,™•ΐ,a“c–{’¬π”Τ,131156,“‹“s,™•ΐ‹ζ,a“c‚P’–Ϊ,2019-09-14,23,’“Τi—Φjκ,{ω‚µ‚½,‚Θ‚µ
ή“,Τγ‚Λ‚η‚Ά,‰¬E,΅μπ”Τ,131156,“‹“s,™•ΐ‹ζ,΅μ‚P’–Ϊ,2019-04-26,19,‚»‚Μ‘Ό‚ΜZ‘ξi‚RK‚ΔΘ‰Ί‹¤“―Z‘ξ“™j,{ω‚µ‚½,‚Θ‚µ
ή“,Τγ‚Λ‚η‚Ά,–Ϊ”’,’Ε–Ό’¬‰w‘Oπ”Τ,131164,“‹“s,–L“‡‹ζ,’·θ‚Q’–Ϊ,2019-03-31,03,κΛZ‘ξ,{ω‚µ‚½,‚Θ‚µ
ή“,Τγ‚Λ‚η‚Ά,–Ϊ”’,’Ε–Ό’¬‰w‘Oπ”Τ,131164,“‹“s,–L“‡‹ζ,“μ’·θ‚P’–Ϊ,2018-06-17,09,’“Τi—Φjκ,{ω‚µ‚½,‚ ‚θ
ή“,Τγ‚Λ‚η‚Ά,–Ϊ”’,“’·θ‰w‘Oπ”Τ,131164,“‹“s,–L“‡‹ζ,η‘‚R’–Ϊ,2019-11-26,23,κΛZ‘ξ,{ω‚µ‚½,‚Θ‚µ
ή“,Τγ‚Λ‚η‚Ά,–Ϊ”’,—v’¬π”Τ,131164,“‹“s,–L“‡‹ζ,η‘‚P’–Ϊ,2018-09-29,17,‚»‚Μ‘Ό‚ΜZ‘ξi‚RK‚ΔΘ‰Ί‹¤“―Z‘ξ“™j,{ω‚µ‚½,‚ ‚θ
ή“,Τγ‚Λ‚η‚Ά,‰¤q,\π‰w‘Oπ”Τ,131172,“‹“s,–k‹ζ,γ\π‚R’–Ϊ,2019-12-05,09,’“Τi—Φjκ,{ω‚µ‚½,‚ ‚θ
ή“,Τγ‚Λ‚η‚Ά,Τ‰H,Τ‰H‰w‘Oπ”Τ,131172,“‹“s,–k‹ζ,Τ‰H“μ‚Q’–Ϊ,2019-09-20,10,‚»‚Μ‘Ό,{ω‚µ‚½,‚ ‚θ
ή“,Τγ‚Λ‚η‚Ά,Τ‰H,‹{–xπ”Τ,131172,“‹“s,–k‹ζ,_’J‚Q’–Ϊ,2019-02-10,22,κΛZ‘ξ,{ω‚µ‚½,‚ ‚θ
ή“,Τγ‚Λ‚η‚Ά,Τ‰H,‹{–xπ”Τ,131172,“‹“s,–k‹ζ,_’J‚Q’–Ϊ,2019-10-11,04,“ΉHγ,{ω‚µ‚½,‚ ‚θ
ή“,Τγ‚Λ‚η‚Ά,”Β‹΄,‘εR’¬π”Τ,131199,“‹“s,”Β‹΄‹ζ,K’¬,2018-12-11,02,‚SK‚ΔΘγ‹¤“―Z‘ξ,{ω‚µ‚½,‚ ‚θ
ή“,Τγ‚Λ‚η‚Ά,”Β‹΄,‘ε’Jϋπ”Τ,131199,“‹“s,”Β‹΄‹ζ,‘ε’Jϋ‚Q’–Ϊ,2018-03-21,22,κΛZ‘ξ,{ω‚µ‚½,‚ ‚θ
ή“,Τγ‚Λ‚η‚Ά,”Β‹΄,–ΞCπ”Τ,131199,“‹“s,”Β‹΄‹ζ,ό΄‚Q’–Ϊ,2019-10-25,21,κΛZ‘ξ,{ω‚µ‚½,‚ ‚θ
ή“,Τγ‚Λ‚η‚Ά,u‘Ί,΄…’¬π”Τ,131199,“‹“s,”Β‹΄‹ζ,‹{–{’¬,2019-03-27,06,’“Τi—Φjκ,{ω‚µ‚½,‚ ‚θ
ή“,Τγ‚Λ‚η‚Ά,u‘Ί,΄…’¬π”Τ,131199,“‹“s,”Β‹΄‹ζ,‹{–{’¬,2019-10-26,18,’“Τi—Φjκ,{ω‚µ‚½,‚ ‚θ
ή“,Τγ‚Λ‚η‚Ά,u‘Ί,βγπ”Τ,131199,“‹“s,”Β‹΄‹ζ,u‘Ί‚Q’–Ϊ,2019-06-23,05,‚»‚Μ‘Ό,{ω‚µ‚½,‚Θ‚µ
ή“,Τγ‚Λ‚η‚Ά,u‘Ί,β‰Ίπ”Τ,131199,“‹“s,”Β‹΄‹ζ,M“n‚Q’–Ϊ,2019-12-03,21,’“Τi—Φjκ,{ω‚µ‚½,‚ ‚θ
ή“,Τγ‚Λ‚η‚Ά,u‘Ί,’†‘δπ”Τ,131199,“‹“s,”Β‹΄‹ζ,α–Ψ‚P’–Ϊ,2019-04-29,10,’“Τi—Φjκ,{ω‚µ‚½,‚Θ‚µ
ή“,Τγ‚Λ‚η‚Ά,u‘Ί,Ό‘δπ”Τ,131199,“‹“s,”Β‹΄‹ζ,Ό‘δ‚Q’–Ϊ,2019-12-07,19,’“Τi—Φjκ,{ω‚µ‚½,‚Θ‚µ
ή“,Τγ‚Λ‚η‚Ά,Ξ_δ,Φ’¬π”Τ,131202,“‹“s,—ϋ”n‹ζ,Φ’¬“μ‚Q’–Ϊ,2019-08-10,17,‚»‚Μ‘Ό‚ΜZ‘ξi‚RK‚ΔΘ‰Ί‹¤“―Z‘ξ“™j,{ω‚µ‚½,‚ ‚θ
ή“,Τγ‚Λ‚η‚Ά,Ξ_δ,“μ‘εςπ”Τ,131202,“‹“s,—ϋ”n‹ζ,Ό‘ες‚P’–Ϊ,2019-02-08,07,’“Τi—Φjκ,{ω‚µ‚½,‚Θ‚µ
ή“,Τγ‚Λ‚η‚Ά,Ξ_δ,“μ‘εςπ”Τ,131202,“‹“s,—ϋ”n‹ζ,Ό‘ες‚P’–Ϊ,2019-02-08,20,’“Τi—Φjκ,{ω‚µ‚½,‚ ‚θ
ή“,Τγ‚Λ‚η‚Ά,‚“‡•½,‚“‡•½‰w‘Oπ”Τ,131199,“‹“s,”Β‹΄‹ζ,‚“‡•½‚W’–Ϊ,2019-01-20,21,’“Τi—Φjκ,{ω‚µ‚½,‚Θ‚µ
ή“,Τγ‚Λ‚η‚Ά,‚“‡•½,‚“‡•½‰w‘Oπ”Τ,131199,“‹“s,”Β‹΄‹ζ,O‰€‚Q’–Ϊ,2019-09-07,17,’“Τi—Φjκ,{ω‚µ‚½,‚Θ‚µ
ή“,Τγ‚Λ‚η‚Ά,‚“‡•½,Ό‘δ‰w‘Oπ”Τ,131199,“‹“s,”Β‹΄‹ζ,V‰Νέ‚P’–Ϊ,2019-04-05,21,“ΉHγ,{ω‚µ‚½,‚Θ‚µ
ή“,Τγ‚Λ‚η‚Ά,‚“‡•½,Ό‘δ‰w‘Oπ”Τ,131199,“‹“s,”Β‹΄‹ζ,‚“‡•½‚P’–Ϊ,2019-10-29,15,’“Τi—Φjκ,{ω‚µ‚½,‚ ‚θ
ή“,Τγ‚Λ‚η‚Ά,‚“‡•½,Ό‘δ‰w‘Oπ”Τ,131199,“‹“s,”Β‹΄‹ζ,‚“‡•½‚P’–Ϊ,2019-10-29,19,’“Τi—Φjκ,{ω‚µ‚½,‚ ‚θ
ή“,Τγ‚Λ‚η‚Ά,‚“‡•½,‰ΊΤ’Λπ”Τ,131199,“‹“s,”Β‹΄‹ζ,Τ’Λ‚Q’–Ϊ,2019-02-03,06,’“Τi—Φjκ,{ω‚µ‚½,‚Θ‚µ
ή“,Τγ‚Λ‚η‚Ά,‚“‡•½,Τ’Λπ”Τ,131199,“‹“s,”Β‹΄‹ζ,Τ’Λ‚R’–Ϊ,2019-02-03,21,’“Τi—Φjκ,{ω‚µ‚½,‚Θ‚µ
ή“,Τγ‚Λ‚η‚Ά,‚“‡•½,¬‘‰w‘Oπ”Τ,131199,“‹“s,”Β‹΄‹ζ,¬‘‚T’–Ϊ,2019-01-21,21,’“Τi—Φjκ,{ω‚µ‚½,‚Θ‚µ
ή“,Τγ‚Λ‚η‚Ά,‚“‡•½,Ό‰@‘Oπ”Τ,131199,“‹“s,”Β‹΄‹ζ,Τ’Λ‚V’–Ϊ,2019-02-03,17,’“Τi—Φjκ,{ω‚µ‚½,‚ ‚θ
ή“,Τγ‚Λ‚η‚Ά,υ‚ª‹u,“yx“cπ”Τ,131202,“‹“s,—ϋ”n‹ζ,“yx“c‚S’–Ϊ,2019-12-17,22,‚SK‚ΔΘγ‹¤“―Z‘ξ,{ω‚µ‚½,‚ ‚θ
ή“,Τγ‚Λ‚η‚Ά,υ‚ª‹u,O΄‘δπ”Τ,131202,“‹“s,—ϋ”n‹ζ,O΄‘δ‚R’–Ϊ,2019-10-04,22,‚»‚Μ‘Ό‚ΜZ‘ξi‚RK‚ΔΘ‰Ί‹¤“―Z‘ξ“™j,{ω‚µ‚½,‚ ‚θ
ή“,Τγ‚Λ‚η‚Ά,‰Ί’J,“ό’JΌπ”Τ,131067,“‹“s,‘δ“‹ζ,‰Ί’J‚P’–Ϊ,2019-05-01,08,“ΉHγ,{ω‚µ‚½,‚Θ‚µ
ή“,Τγ‚Λ‚η‚Ά,‘ ‘O,‹e‰®‹΄π”Τ,131067,“‹“s,‘δ“‹ζ,Ό‚ª’J‚P’–Ϊ,2019-12-01,14,’“Τi—Φjκ,{ω‚µ‚½,‚ ‚θ
ή“,Τγ‚Λ‚η‚Ά,‘ ‘O,{‰κ‹΄π”Τ,131067,“‹“s,‘δ“‹ζ,σ‘‹΄‚Q’–Ϊ,2019-11-28,12,’“Τi—Φjκ,{ω‚µ‚½,‚ ‚θ
ή“,Τγ‚Λ‚η‚Ά,ηZ,–kηZ‰w“ϋπ”Τ,131211,“‹“s,‘«—§‹ζ,–φ΄‚Q’–Ϊ,2019-11-26,17,‚»‚Μ‘Ό,{ω‚µ‚½,‚ ‚θ
ή“,Τγ‚Λ‚η‚Ά,ΌVδ,Mΐπ”Τ,131211,“‹“s,‘«—§‹ζ,‰Α‰κ‚Q’–Ϊ,2019-01-15,20,‚SK‚ΔΘγ‹¤“―Z‘ξ,{ω‚µ‚½,‚Θ‚µ
ή“,Τγ‚Λ‚η‚Ά,ΌVδ,Mΐπ”Τ,131211,“‹“s,‘«—§‹ζ,­•l‚V’–Ϊ,2019-12-01,18,’“Τi—Φjκ,{ω‚µ‚½,‚Θ‚µ
ή“,Τγ‚Λ‚η‚Ά,ΌVδ,­•lπ”Τ,131211,“‹“s,‘«—§‹ζ,­•l‚R’–Ϊ,2019-11-08,20,’“Τi—Φjκ,{ω‚µ‚½,‚Θ‚µ
ή“,Τγ‚Λ‚η‚Ά,ΌVδ,ξπ”Τ,131211,“‹“s,‘«—§‹ζ,ξ‚Q’–Ϊ,2019-06-30,21,’“Τi—Φjκ,{ω‚µ‚½,‚Θ‚µ
ή“,Τγ‚Λ‚η‚Ά,»£,‘ε’J“cπ”Τ,131211,“‹“s,‘«—§‹ζ,‘ε’J“c‚P’–Ϊ,2019-01-08,19,’“Τi—Φjκ,{ω‚µ‚½,‚Θ‚µ
ή“,Τγ‚Λ‚η‚Ά,»£,‘ε’J“cπ”Τ,131211,“‹“s,‘«—§‹ζ,‘ε’J“c‚P’–Ϊ,2019-04-10,01,’“Τi—Φjκ,{ω‚µ‚½,‚Θ‚µ
ή“,Τγ‚Λ‚η‚Ά,»£,»£Z’–Ϊπ”Τ,131211,“‹“s,‘«—§‹ζ,»£‚U’–Ϊ,2019-01-19,18,’“Τi—Φjκ,{ω‚µ‚½,‚Θ‚µ
ή“,Τγ‚Λ‚η‚Ά,»£,’†‰›–{’¬π”Τ,131211,“‹“s,‘«—§‹ζ,•½–μ‚Q’–Ϊ,2019-09-15,19,’“Τi—Φjκ,{ω‚µ‚½,‚Θ‚µ
ή“,Τγ‚Λ‚η‚Ά,»£,κƒc‰Ζπ”Τ,131211,“‹“s,‘«—§‹ζ,κƒc‰Ζ‚Q’–Ϊ,2019-05-03,15,’“Τi—Φjκ,{ω‚µ‚½,‚ ‚θ
ή“,Τγ‚Λ‚η‚Ά,»£,“aπ”Τ,131211,“‹“s,‘«—§‹ζ,“a‚T’–Ϊ,2019-04-08,08,’“Τi—Φjκ,{ω‚µ‚½,‚Θ‚µ
ή“,Τγ‚Λ‚η‚Ά,’|‚Μ’Λ,‰Τ”¨π”Τ,131211,“‹“s,‘«—§‹ζ,‰Τ”¨‚R’–Ϊ,2019-02-07,15,’“Τi—Φjκ,{ω‚µ‚½,‚Θ‚µ
ή“,Τγ‚Λ‚η‚Ά,’|‚Μ’Λ,Ό•Ϋ–ΨΤπ”Τ,131211,“‹“s,‘«—§‹ζ,Ό•Ϋ–ΨΤ‚Q’–Ϊ,2019-12-12,19,’“Τi—Φjκ,{ω‚µ‚½,‚Θ‚µ
ή“,Τγ‚Λ‚η‚Ά,’|‚Μ’Λ,’|‚Μ’Λ‰w‘Oπ”Τ,131211,“‹“s,‘«—§‹ζ,’|‚Μ’Λ‚P’–Ϊ,2019-07-10,21,’“Τi—Φjκ,{ω‚µ‚½,‚ ‚θ
ή“,Τγ‚Λ‚η‚Ά,’|‚Μ’Λ,’|‚Μ’Λ‰w‘Oπ”Τ,131211,“‹“s,‘«—§‹ζ,’|‚Μ’Λ‚U’–Ϊ,2019-12-23,15,’“Τi—Φjκ,{ω‚µ‚½,‚ ‚θ
ή“,Τγ‚Λ‚η‚Ά,’|‚Μ’Λ,Ι‹»’¬π”Τ,131211,“‹“s,‘«—§‹ζ,Ι‹»‚R’–Ϊ,2019-01-07,15,’“Τi—Φjκ,{ω‚µ‚½,‚Θ‚µ
ή“,Τγ‚Λ‚η‚Ά,’|‚Μ’Λ,“ό’J’¬π”Τ,131211,“‹“s,‘«—§‹ζ,“ό’J‚Q’–Ϊ,2019-02-22,18,’“Τi—Φjκ,{ω‚µ‚½,‚Θ‚µ
ή“,Τγ‚Λ‚η‚Ά,ι“,³”ª”¦π”Τ,131083,“‹“s,]“‹ζ,V»‚R’–Ϊ,2019-01-24,11,’“Τi—Φjκ,{ω‚µ‚½,‚ ‚θ
ή“,Τγ‚Λ‚η‚Ά,ι“,»’¬π”Τ,131083,“‹“s,]“‹ζ,–k»‚S’–Ϊ,2019-08-02,17,’“Τi—Φjκ,{ω‚µ‚½,‚ ‚θ
ή“,Τγ‚Λ‚η‚Ά,ι“,‘ε“‡π”Τ,131083,“‹“s,]“‹ζ,‘ε“‡‚S’–Ϊ,2019-09-03,13,’“Τi—Φjκ,{ω‚µ‚½,‚ ‚θ
ή“,Τγ‚Λ‚η‚Ά,ι“,‹TΛ‰w‘Oπ”Τ,131083,“‹“s,]“‹ζ,‹TΛ‚S’–Ϊ,2019-09-01,20,’“Τi—Φjκ,{ω‚µ‚½,‚ ‚θ
ή“,Τγ‚Λ‚η‚Ά,ι“,‹TΛ‰w‘Oπ”Τ,131083,“‹“s,]“‹ζ,‹TΛ‚S’–Ϊ,2019-09-03,19,’“Τi—Φjκ,{ω‚µ‚½,‚Θ‚µ
ή“,Τγ‚Λ‚η‚Ά,–{,]“‹΄π”Τ,131075,“‹“s,–n“c‹ζ,Ξ΄‚S’–Ϊ,2019-11-10,12,“ΉHγ,{ω‚µ‚½,‚ ‚θ
ή“,Τγ‚Λ‚η‚Ά,–{,]“‹΄π”Τ,131075,“‹“s,–n“c‹ζ,‹T‘ς‚S’–Ϊ,2019-07-13,14,’“Τi—Φjκ,{ω‚µ‚½,‚Θ‚µ
ή“,Τγ‚Λ‚η‚Ά,–{,‹Ρ…’¬‰w–kϋπ”Τ,131075,“‹“s,–n“c‹ζ,‹Ρ…‚P’–Ϊ,2019-09-05,18,’“Τi—Φjκ,{ω‚µ‚½,‚ ‚θ
ή“,Τγ‚Λ‚η‚Ά,–{,‰΅μπ”Τ,131075,“‹“s,–n“c‹ζ,‘Ύ•½‚Q’–Ϊ,2019-11-07,22,‚SK‚ΔΘγ‹¤“―Z‘ξ,{ω‚µ‚½,‚ ‚θ
ή“,Τγ‚Λ‚η‚Ά,–{,‰΅–Τπ”Τ,131075,“‹“s,–n“c‹ζ,–{‚Q’–Ϊ,2019-07-10,15,‚»‚Μ‘Ό,{ω‚µ‚½,‚ ‚θ
ή“,Τγ‚Λ‚η‚Ά,ό“‡,•½δ‹΄π”Τ,131075,“‹“s,–n“c‹ζ,—§‰Τ‚U’–Ϊ,2019-10-20,12,’“Τi—Φjκ,{ω‚µ‚½,‚ ‚θ
ή“,Τγ‚Λ‚η‚Ά,ό“‡,¬‘Ίδπ”Τ,131075,“‹“s,–n“c‹ζ,—§‰Τ‚T’–Ϊ,2019-10-21,09,’“Τi—Φjκ,{ω‚µ‚½,‚Θ‚µ
ή“,Τγ‚Λ‚η‚Ά,ό“‡,‹“‡“ρ’–Ϊπ”Τ,131075,“‹“s,–n“c‹ζ,‹“‡‚P’–Ϊ,2019-10-20,00,’“Τi—Φjκ,{ω‚µ‚½,‚Θ‚µ
ή“,Τγ‚Λ‚η‚Ά,ό“‡,‹“‡“ρ’–Ϊπ”Τ,131075,“‹“s,–n“c‹ζ,‹“‡‚R’–Ϊ,2019-07-04,09,’“Τi—Φjκ,{ω‚µ‚½,‚Θ‚µ
ή“,Τγ‚Λ‚η‚Ά,ό“‡,”ªLl’–Ϊπ”Τ,131075,“‹“s,–n“c‹ζ,”ªL‚S’–Ϊ,2019-09-05,19,κΛZ‘ξ,{ω‚µ‚½,‚ ‚θ
ή“,Τγ‚Λ‚η‚Ά,ό“‡,”ªLl’–Ϊπ”Τ,131075,“‹“s,–n“c‹ζ,”ªL‚S’–Ϊ,2019-09-05,21,’“Τi—Φjκ,{ω‚µ‚½,‚ ‚θ
ή“,Τγ‚Λ‚η‚Ά,ό“‡,”ªLl’–Ϊπ”Τ,131075,“‹“s,–n“c‹ζ,”ªL‚S’–Ϊ,2019-09-05,22,’“Τi—Φjκ,{ω‚µ‚½,‚Θ‚µ
ή“,Τγ‚Λ‚η‚Ά,‹T—L,‹T—L‰w“μϋπ”Τ,131229,“‹“s,‹ό‹ζ,‹T—L‚R’–Ϊ,2019-05-06,18,“ΉHγ,{ω‚µ‚½,‚ ‚θ
ή“,Τγ‚Λ‚η‚Ά,‹T—L,‹ΰ’¬‰w“μϋπ”Τ,131229,“‹“s,‹ό‹ζ,‹ΰ’¬‚S’–Ϊ,2019-05-02,21,’“Τi—Φjκ,{ω‚µ‚½,‚ ‚θ
ή“,Τγ‚Λ‚η‚Ά,‹T—L,‹ΰ’¬‰w“μϋπ”Τ,131229,“‹“s,‹ό‹ζ,‹ΰ’¬‚T’–Ϊ,2019-08-26,15,‚»‚Μ‘Ό‚ΜZ‘ξi‚RK‚ΔΘ‰Ί‹¤“―Z‘ξ“™j,{ω‚µ‚½,‚Θ‚µ
ή“,Τγ‚Λ‚η‚Ά,‹T—L,Δ–”π”Τ,131229,“‹“s,‹ό‹ζ,Δ–”‚S’–Ϊ,2019-08-28,21,’“Τi—Φjκ,{ω‚µ‚½,‚Θ‚µ
ή“,Τγ‚Λ‚η‚Ά,‹T—L,Δ–”π”Τ,131229,“‹“s,‹ό‹ζ,Δ–”‚S’–Ϊ,2019-11-07,17,‚SK‚ΔΘγ‹¤“―Z‘ξ,{ω‚µ‚½,‚Θ‚µ
ή“,Τγ‚Λ‚η‚Ά,‹T—L,Δ–”π”Τ,131229,“‹“s,‹ό‹ζ,Δ–”‚T’–Ϊ,2019-04-13,16,‚SK‚ΔΘγ‹¤“―Z‘ξ,{ω‚µ‚½,‚Θ‚µ
ή“,Τγ‚Λ‚η‚Ά,‹T—L,Δ–”π”Τ,131229,“‹“s,‹ό‹ζ,Δ–”‚U’–Ϊ,2019-08-17,18,’“Τi—Φjκ,{ω‚µ‚½,‚ ‚θ
ή“,Τγ‚Λ‚η‚Ά,‹T—L,Δ–”π”Τ,131229,“‹“s,‹ό‹ζ,Δ–”‚V’–Ϊ,2019-11-07,19,’“Τi—Φjκ,{ω‚µ‚½,‚Θ‚µ
ή“,Τγ‚Λ‚η‚Ά,‹T—L,Ό‹T—Lπ”Τ,131229,“‹“s,‹ό‹ζ,Ό‹T—L‚R’–Ϊ,2019-02-22,20,’“Τi—Φjκ,{ω‚µ‚½,‚ ‚θ
ή“,Τγ‚Λ‚η‚Ά,‹T—L,Ό‹T—Lπ”Τ,131229,“‹“s,‹ό‹ζ,Ό‹T—L‚R’–Ϊ,2019-03-13,21,’“Τi—Φjκ,{ω‚µ‚½,‚ ‚θ
ή“,Τγ‚Λ‚η‚Ά,‹T—L,Ό‹T—Lπ”Τ,131229,“‹“s,‹ό‹ζ,Ό‹T—L‚R’–Ϊ,2019-05-10,22,’“Τi—Φjκ,{ω‚µ‚½,‚ ‚θ
ή“,Τγ‚Λ‚η‚Ά,‹T—L,ΒΛ“μ•”’“έ,131229,“‹“s,‹ό‹ζ,ΒΛ‚R’–Ϊ,2019-04-20,01,‚SK‚ΔΘγ‹¤“―Z‘ξ,{ω‚µ‚½,‚ ‚θ
ή“,Τγ‚Λ‚η‚Ά,‹T—L,‹T“c‹΄’“έ,131229,“‹“s,‹ό‹ζ,‚»‚U’–Ϊ,2019-11-07,21,’“Τi—Φjκ,{ω‚µ‚½,‚Θ‚µ
ή“,Τγ‚Λ‚η‚Ά,‹T—L,‹T“c‹΄’“έ,131229,“‹“s,‹ό‹ζ,‚»‚V’–Ϊ,2019-11-07,19,’“Τi—Φjκ,{ω‚µ‚½,‚ ‚θ
ή“,Τγ‚Λ‚η‚Ά,‹T—L,“‹ΰ’¬π”Τ,131229,“‹“s,‹ό‹ζ,“‹ΰ’¬‚S’–Ϊ,2019-10-18,16,’“Τi—Φjκ,{ω‚µ‚½,‚Θ‚µ
ή“,Τγ‚Λ‚η‚Ά,‹T—L,…³φ‰€‘Oπ”Τ,131229,“‹“s,‹ό‹ζ,Vh‚T’–Ϊ,2019-11-07,18,’“Τi—Φjκ,{ω‚µ‚½,‚Θ‚µ
ή“,Τγ‚Λ‚η‚Ά,‹ό,—§Ξ‰w‘Oπ”Τ,131229,“‹“s,‹ό‹ζ,—§Ξ‚S’–Ϊ,2019-07-04,20,’“Τi—Φjκ,{ω‚µ‚½,‚ ‚θ
ή“,Τγ‚Λ‚η‚Ά,‹ό,Χ“cπ”Τ,131229,“‹“s,‹ό‹ζ,Χ“c‚P’–Ϊ,2019-03-12,19,’“Τi—Φjκ,{ω‚µ‚½,‚Θ‚µ
ή“,Τγ‚Λ‚η‚Ά,‹ό,Χ“cπ”Τ,131229,“‹“s,‹ό‹ζ,Χ“c‚P’–Ϊ,2019-08-12,23,’“Τi—Φjκ,{ω‚µ‚½,‚Θ‚µ
ή“,Τγ‚Λ‚η‚Ά,‹ό,Χ“cπ”Τ,131229,“‹“s,‹ό‹ζ,Χ“c‚S’–Ϊ,2019-01-05,•s–Ύ,’“Τi—Φjκ,{ω‚µ‚½,‚Θ‚µ
ή“,Τγ‚Λ‚η‚Ά,‹ό,Χ“cπ”Τ,131229,“‹“s,‹ό‹ζ,Χ“c‚S’–Ϊ,2019-07-24,19,’“Τi—Φjκ,{ω‚µ‚½,‚Θ‚µ
ή“,Τγ‚Λ‚η‚Ά,‹ό,Χ“cπ”Τ,131229,“‹“s,‹ό‹ζ,Χ“c‚T’–Ϊ,2019-08-27,00,κΛZ‘ξ,{ω‚µ‚½,‚ ‚θ
ή“,Τγ‚Λ‚η‚Ά,‹ό,V¬β‰w‘Oπ”Τ,131229,“‹“s,‹ό‹ζ,V¬β‚P’–Ϊ,2019-09-03,20,’“Τi—Φjκ,{ω‚µ‚½,‚ ‚θ
ή“,Τγ‚Λ‚η‚Ά,‹ό,V¬β‰w‘Oπ”Τ,131229,“‹“s,‹ό‹ζ,V¬β‚R’–Ϊ,2019-11-13,07,’“Τi—Φjκ,{ω‚µ‚½,‚ ‚θ
ή“,Τγ‚Λ‚η‚Ά,‹ό,‚½‚Β‚έ‹΄π”Τ,131229,“‹“s,‹ό‹ζ,“V¬β‚Q’–Ϊ,2019-09-26,21,‚SK‚ΔΘγ‹¤“―Z‘ξ,{ω‚µ‚½,‚ ‚θ
ή“,Τγ‚Λ‚η‚Ά,‹ό,γ•½δπ”Τ,131229,“‹“s,‹ό‹ζ,“V¬β‚S’–Ϊ,2019-03-25,20,‚»‚Μ‘Ό,{ω‚µ‚½,‚ ‚θ
ή“,Τγ‚Λ‚η‚Ά,‹ό,•½a‹΄π”Τ,131229,“‹“s,‹ό‹ζ,“—§Ξ‚P’–Ϊ,2019-10-18,19,‚»‚Μ‘Ό,{ω‚µ‚½,‚Θ‚µ
ή“,Τγ‚Λ‚η‚Ά,‹ό,lƒc–Ψ‰w‘Oπ”Τ,131229,“‹“s,‹ό‹ζ,“l‚Β–Ψ‚S’–Ϊ,2019-08-09,18,’“Τi—Φjκ,{ω‚µ‚½,‚ ‚θ
ή“,Τγ‚Λ‚η‚Ά,‹ό,™‘qπ”Τ,131229,“‹“s,‹ό‹ζ,™‘q‚P’–Ϊ,2019-08-26,16,’“Τi—Φjκ,{ω‚µ‚½,‚Θ‚µ
ή“,Τγ‚Λ‚η‚Ά,‹ό,™‘qπ”Τ,131229,“‹“s,‹ό‹ζ,™‘q‚R’–Ϊ,2019-01-14,15,’“Τi—Φjκ,{ω‚µ‚½,‚ ‚θ
ή“,Τγ‚Λ‚η‚Ά,‹ό,™‘qπ”Τ,131229,“‹“s,‹ό‹ζ,™‘q‚R’–Ϊ,2019-01-28,10,’“Τi—Φjκ,{ω‚µ‚½,‚Θ‚µ
ή“,Τγ‚Λ‚η‚Ά,‹ό,™‘qπ”Τ,131229,“‹“s,‹ό‹ζ,™‘q‚R’–Ϊ,2019-02-08,18,’“Τi—Φjκ,{ω‚µ‚½,‚Θ‚µ
ή“,Τγ‚Λ‚η‚Ά,‹ό,™‘qπ”Τ,131229,“‹“s,‹ό‹ζ,™‘q‚R’–Ϊ,2019-02-10,01,’“Τi—Φjκ,{ω‚µ‚½,‚ ‚θ
ή“,Τγ‚Λ‚η‚Ά,‹ό,™‘qπ”Τ,131229,“‹“s,‹ό‹ζ,™‘q‚R’–Ϊ,2019-05-29,16,’“Τi—Φjκ,{ω‚µ‚½,‚ ‚θ
ή“,Τγ‚Λ‚η‚Ά,‹ό,™‘qπ”Τ,131229,“‹“s,‹ό‹ζ,™‘q‚R’–Ϊ,2019-08-10,22,’“Τi—Φjκ,{ω‚µ‚½,‚Θ‚µ
ή“,Τγ‚Λ‚η‚Ά,‹ό,™‘qπ”Τ,131229,“‹“s,‹ό‹ζ,™‘q‚R’–Ϊ,2019-08-12,18,κΛZ‘ξ,{ω‚µ‚½,‚Θ‚µ
ή“,Τγ‚Λ‚η‚Ά,‹ό,™‘qπ”Τ,131229,“‹“s,‹ό‹ζ,™‘q‚R’–Ϊ,2019-08-12,22,’“Τi—Φjκ,{ω‚µ‚½,‚Θ‚µ
ή“,Τγ‚Λ‚η‚Ά,¬Όμ,¬Όμl’–Ϊπ”Τ,131237,“‹“s,]Λμ‹ζ,•½δ‚Q’–Ϊ,2019-09-01,22,’“Τi—Φjκ,{ω‚µ‚½,‚Θ‚µ
ή“,Τγ‚Λ‚η‚Ά,¬Όμ,•½δ‰w‘Oπ”Τ,131237,“‹“s,]Λμ‹ζ,•½δ‚P’–Ϊ,2019-11-15,12,’“Τi—Φjκ,{ω‚µ‚½,‚ ‚θ
ή“,Τγ‚Λ‚η‚Ά,¬Όμ,•½δ‰w‘Oπ”Τ,131237,“‹“s,]Λμ‹ζ,•½δ‚S’–Ϊ,2019-09-03,17,κΛZ‘ξ,{ω‚µ‚½,‚ ‚θ
ή“,Τγ‚Λ‚η‚Ά,¬Όμ,•½δ‰w‘Oπ”Τ,131237,“‹“s,]Λμ‹ζ,•½δ‚T’–Ϊ,2019-09-03,19,’“Τi—Φjκ,{ω‚µ‚½,‚Θ‚µ
ή“,Τγ‚Λ‚η‚Ά,¬Όμ,•½δµ’–Ϊπ”Τ,131237,“‹“s,]Λμ‹ζ,•½δ‚U’–Ϊ,2019-09-03,19,κΛZ‘ξ,{ω‚µ‚½,‚Θ‚µ
ή“,Τγ‚Λ‚η‚Ά,¬Όμ,•½δµ’–Ϊπ”Τ,131237,“‹“s,]Λμ‹ζ,•½δ‚V’–Ϊ,2019-09-03,14,κΛZ‘ξ,{ω‚µ‚½,‚Θ‚µ
ή“,Τγ‚Λ‚η‚Ά,¬Όμ,Ό“‡l’–Ϊπ”Τ,131237,“‹“s,]Λμ‹ζ,Ό]‚Q’–Ϊ,2019-07-06,20,’“Τi—Φjκ,{ω‚µ‚½,‚Θ‚µ
ή“,Τγ‚Λ‚η‚Ά,¬Όμ,”ª‘ ‹΄π”Τ,131237,“‹“s,]Λμ‹ζ,’†‰›‚P’–Ϊ,2019-07-07,03,’“Τi—Φjκ,{ω‚µ‚½,‚Θ‚µ
ή“,Τγ‚Λ‚η‚Ά,¬Όμ,”ª‘ ‹΄π”Τ,131237,“‹“s,]Λμ‹ζ,’†‰›‚Q’–Ϊ,2019-10-11,23,’“Τi—Φjκ,{ω‚µ‚½,‚ ‚θ
ή“,Τγ‚Λ‚η‚Ά,¬Όμ,”ª‘ ‹΄π”Τ,131237,“‹“s,]Λμ‹ζ,’†‰›‚Q’–Ϊ,2019-10-12,02,‚SK‚ΔΘγ‹¤“―Z‘ξ,{ω‚µ‚½,‚ ‚θ
ή“,Τγ‚Λ‚η‚Ά,¬Όμ,”ª‘ ‹΄π”Τ,131237,“‹“s,]Λμ‹ζ,’†‰›‚R’–Ϊ,2019-11-12,13,’“Τi—Φjκ,{ω‚µ‚½,‚ ‚θ
ή“,Τγ‚Λ‚η‚Ά,¬Όμ,”ª‘ ‹΄π”Τ,131237,“‹“s,]Λμ‹ζ,Ό“‡‚R’–Ϊ,2019-10-12,01,’“Τi—Φjκ,{ω‚µ‚½,‚ ‚θ
ή“,Τγ‚Λ‚η‚Ά,¬Όμ,”ª‘ ‹΄π”Τ,131237,“‹“s,]Λμ‹ζ,‘ε™‚S’–Ϊ,2019-02-10,20,‚SK‚ΔΘγ‹¤“―Z‘ξ,{ω‚µ‚½,‚ ‚θ
ή“,Τγ‚Λ‚η‚Ά,¬Όμ,”ª‘ ‹΄π”Τ,131237,“‹“s,]Λμ‹ζ,‘ε™‚T’–Ϊ,2019-07-01,23,’“Τi—Φjκ,{ω‚µ‚½,‚ ‚θ
ή“,Τγ‚Λ‚η‚Ά,¬Όμ,”ª‘ ‹΄π”Τ,131237,“‹“s,]Λμ‹ζ,‘ε™‚T’–Ϊ,2019-10-05,15,’“Τi—Φjκ,{ω‚µ‚½,‚ ‚θ
ή“,Τγ‚Λ‚η‚Ά,¬Όμ,”ª‘ ‹΄π”Τ,131237,“‹“s,]Λμ‹ζ,‘ε™‚T’–Ϊ,2019-11-18,21,’“Τi—Φjκ,{ω‚µ‚½,‚ ‚θ
ή“,Τγ‚Λ‚η‚Ά,¬Όμ,‹—t’Κπ”Τ,131237,“‹“s,]Λμ‹ζ,κ”V]‚P’–Ϊ,2019-07-17,20,’“Τi—Φjκ,{ω‚µ‚½,‚ ‚θ
ή“,Τγ‚Λ‚η‚Ά,¬Όμ,‹—t’Κπ”Τ,131237,“‹“s,]Λμ‹ζ,]Λμ‚Q’–Ϊ,2019-10-10,09,’“Τi—Φjκ,{ω‚µ‚½,‚ ‚θ
ή“,Τγ‚Λ‚η‚Ά,¬Όμ,‹—t’Κπ”Τ,131237,“‹“s,]Λμ‹ζ,Όκ”V]‚Q’–Ϊ,2019-10-16,23,‚»‚Μ‘Ό,{ω‚µ‚½,‚Θ‚µ
ή“,Τγ‚Λ‚η‚Ά,¬Όμ,‹—t’Κπ”Τ,131237,“‹“s,]Λμ‹ζ,Ό]‚P’–Ϊ,2019-05-10,14,’“Τi—Φjκ,{ω‚µ‚½,‚Θ‚µ
ή“,Τγ‚Λ‚η‚Ά,¬Όμ,‹—t’Κπ”Τ,131237,“‹“s,]Λμ‹ζ,Ό]‚Q’–Ϊ,2019-07-06,20,’“Τi—Φjκ,{ω‚µ‚½,‚ ‚θ
ή“,Τγ‚Λ‚η‚Ά,¬Όμ,‹—t’Κπ”Τ,131237,“‹“s,]Λμ‹ζ,‘ε™‚P’–Ϊ,2019-10-16,20,’“Τi—Φjκ,{ω‚µ‚½,‚ ‚θ
ή“,Τγ‚Λ‚η‚Ά,¬Όμ,Ό]π”Τ,131237,“‹“s,]Λμ‹ζ,Όκ”V]‚R’–Ϊ,2019-07-17,15,’“Τi—Φjκ,{ω‚µ‚½,‚ ‚θ
ή“,Τγ‚Λ‚η‚Ά,¬Όμ,Ό]π”Τ,131237,“‹“s,]Λμ‹ζ,Όκ”V]‚R’–Ϊ,2019-10-04,16,’“Τi—Φjκ,{ω‚µ‚½,‚Θ‚µ
ή“,Τγ‚Λ‚η‚Ά,¬Όμ,Ό]π”Τ,131237,“‹“s,]Λμ‹ζ,Όκ”V]‚S’–Ϊ,2019-07-19,22,’“Τi—Φjκ,{ω‚µ‚½,‚ ‚θ
ή“,Τγ‚Λ‚η‚Ά,¬Όμ,Ό]π”Τ,131237,“‹“s,]Λμ‹ζ,“¬Όμ‚Q’–Ϊ,2019-05-11,20,’“Τi—Φjκ,{ω‚µ‚½,‚Θ‚µ
ή“,Τγ‚Λ‚η‚Ά,¬Όμ,Ό]π”Τ,131237,“‹“s,]Λμ‹ζ,“¬Όμ‚Q’–Ϊ,2019-10-16,17,’“Τi—Φjκ,{ω‚µ‚½,‚ ‚θ
ή“,Τγ‚Λ‚η‚Ά,¬Όμ,Ό]π”Τ,131237,“‹“s,]Λμ‹ζ,“¬Όμ‚Q’–Ϊ,2019-10-16,19,κΛZ‘ξ,{ω‚µ‚½,‚ ‚θ
ή“,Τγ‚Λ‚η‚Ά,¬Όμ,Ό]π”Τ,131237,“‹“s,]Λμ‹ζ,Ό]‚R’–Ϊ,2019-11-07,18,’“Τi—Φjκ,{ω‚µ‚½,‚Θ‚µ
ή“,Τγ‚Λ‚η‚Ά,¬Όμ,Ό]π”Τ,131237,“‹“s,]Λμ‹ζ,Ό]‚U’–Ϊ,2019-08-26,22,’“Τi—Φjκ,{ω‚µ‚½,‚Θ‚µ
ή“,Τγ‚Λ‚η‚Ά,¬Όμ,κ”V]π”Τ,131237,“‹“s,]Λμ‹ζ,κ”V]‚R’–Ϊ,2019-07-19,18,‚»‚Μ‘Ό‚ΜZ‘ξi‚RK‚ΔΘ‰Ί‹¤“―Z‘ξ“™j,{ω‚µ‚½,‚ ‚θ
ή“,Τγ‚Λ‚η‚Ά,¬Όμ,κ”V]π”Τ,131237,“‹“s,]Λμ‹ζ,κ”V]‚T’–Ϊ,2019-10-21,19,‚»‚Μ‘Ό,{ω‚µ‚½,‚Θ‚µ
ή“,Τγ‚Λ‚η‚Ά,¬Όμ,κ”V]π”Τ,131237,“‹“s,]Λμ‹ζ,κ”V]‚V’–Ϊ,2019-10-24,19,’“Τi—Φjκ,{ω‚µ‚½,‚ ‚θ
ή“,Τγ‚Λ‚η‚Ά,¬Όμ,κ”V]π”Τ,131237,“‹“s,]Λμ‹ζ,t]’¬‚S’–Ϊ,2019-09-21,20,‚»‚Μ‘Ό,{ω‚µ‚½,‚Θ‚µ
ή“,Τγ‚Λ‚η‚Ά,¬Όμ,’Φ’¬’“έ,131237,“‹“s,]Λμ‹ζ,t]’¬‚Q’–Ϊ,2019-08-24,14,’“Τi—Φjκ,{ω‚µ‚½,‚Θ‚µ
ή“,Τγ‚Λ‚η‚Ά,¬Όμ,“¬Όμπ”Τ,131237,“‹“s,]Λμ‹ζ,“¬Όμ‚S’–Ϊ,2019-10-14,17,’“Τi—Φjκ,{ω‚µ‚½,‚ ‚θ
ή“,Τγ‚Λ‚η‚Ά,¬Όμ,“¬Όμπ”Τ,131237,“‹“s,]Λμ‹ζ,Ό]‚T’–Ϊ,2019-10-16,16,’“Τi—Φjκ,{ω‚µ‚½,‚ ‚θ
ή“,Τγ‚Λ‚η‚Ά,¬Όμ,]‰w‘Oπ”Τ,131237,“‹“s,]Λμ‹ζ,]‚S’–Ϊ,2019-07-11,17,κΛZ‘ξ,{ω‚µ‚½,‚Θ‚µ
ή“,Τγ‚Λ‚η‚Ά,¬Όμ,Βθ‰w‘Oπ”Τ,131237,“‹“s,]Λμ‹ζ,V–x‚P’–Ϊ,2019-07-09,19,’“Τi—Φjκ,{ω‚µ‚½,‚Θ‚µ
ή“,Τγ‚Λ‚η‚Ά,¬Όμ,Βθ‰w‘Oπ”Τ,131237,“‹“s,]Λμ‹ζ,]‚P’–Ϊ,2019-06-26,17,’“Τi—Φjκ,{ω‚µ‚½,‚Θ‚µ
ή“,Τγ‚Λ‚η‚Ά,¬Όμ,Βθ‰w‘Oπ”Τ,131237,“‹“s,]Λμ‹ζ,’J‰Ν“ΰ‚P’–Ϊ,2019-07-09,20,’“Τi—Φjκ,{ω‚µ‚½,‚Θ‚µ
ή“,Τγ‚Λ‚η‚Ά,¬β,κ—Ά’Λπ”Τ,131237,“‹“s,]Λμ‹ζ,“¬β‚R’–Ϊ,2019-01-24,01,’“Τi—Φjκ,{ω‚µ‚½,‚ ‚θ
ή“,Τγ‚Λ‚η‚Ά,¬β,κ—Ά’Λπ”Τ,131237,“‹“s,]Λμ‹ζ,“¬β‚S’–Ϊ,2019-07-20,11,κΛZ‘ξ,{ω‚µ‚½,‚Θ‚µ
ή“,Τγ‚Λ‚η‚Ά,¬β,κ—Ά’Λπ”Τ,131237,“‹“s,]Λμ‹ζ,“¬β‚S’–Ϊ,2019-08-29,18,’“Τi—Φjκ,{ω‚µ‚½,‚Θ‚µ
ή“,Τγ‚Λ‚η‚Ά,¬β,κ—Ά’Λπ”Τ,131237,“‹“s,]Λμ‹ζ,“¬β‚S’–Ϊ,2019-08-30,18,κΛZ‘ξ,{ω‚µ‚½,‚ ‚θ
ή“,Τγ‚Λ‚η‚Ά,¬β,κ—Ά’Λπ”Τ,131237,“‹“s,]Λμ‹ζ,“¬β‚T’–Ϊ,2019-07-20,15,’“Τi—Φjκ,{ω‚µ‚½,‚Θ‚µ
ή“,Τγ‚Λ‚η‚Ά,¬β,“μ¬βπ”Τ,131237,“‹“s,]Λμ‹ζ,“¬β‚P’–Ϊ,2019-07-26,21,’“Τi—Φjκ,{ω‚µ‚½,‚ ‚θ
ή“,Τγ‚Λ‚η‚Ά,¬β,“μ¬βπ”Τ,131237,“‹“s,]Λμ‹ζ,“¬β‚P’–Ϊ,2019-08-29,21,’“Τi—Φjκ,{ω‚µ‚½,‚Θ‚µ
ή“,Τγ‚Λ‚η‚Ά,¬β,“μ¬βπ”Τ,131237,“‹“s,]Λμ‹ζ,“μ¬β‚P’–Ϊ,2019-08-29,08,’“Τi—Φjκ,{ω‚µ‚½,‚Θ‚µ
ή“,Τγ‚Λ‚η‚Ά,¬β,“μ¬βπ”Τ,131237,“‹“s,]Λμ‹ζ,–kΒθ‚P’–Ϊ,2019-08-29,16,’“Τi—Φjκ,{ω‚µ‚½,‚ ‚θ
ή“,Τγ‚Λ‚η‚Ά,¬β,“μ¬βπ”Τ,131237,“‹“s,]Λμ‹ζ,–kΒθ‚Q’–Ϊ,2019-01-27,02,’“Τi—Φjκ,{ω‚µ‚½,‚Θ‚µ
ή“,Τγ‚Λ‚η‚Ά,¬β,“μ¬βπ”Τ,131237,“‹“s,]Λμ‹ζ,“Ό–{‚P’–Ϊ,2019-08-08,21,’“Τi—Φjκ,{ω‚µ‚½,‚ ‚θ
ή“,Τγ‚Λ‚η‚Ά,¬β,“ρ–‡‹΄π”Τ,131237,“‹“s,]Λμ‹ζ,“μ¬β‚P’–Ϊ,2019-08-28,20,’“Τi—Φjκ,{ω‚µ‚½,‚ ‚θ
ή“,Τγ‚Λ‚η‚Ά,¬β,“ρ–‡‹΄π”Τ,131237,“‹“s,]Λμ‹ζ,“μ¬β‚Q’–Ϊ,2019-08-15,21,‚»‚Μ‘Ό‚ΜZ‘ξi‚RK‚ΔΘ‰Ί‹¤“―Z‘ξ“™j,{ω‚µ‚½,‚ ‚θ
ή“,Τγ‚Λ‚η‚Ά,¬β,“ρ–‡‹΄π”Τ,131237,“‹“s,]Λμ‹ζ,“μ¬β‚T’–Ϊ,2019-02-07,20,’“Τi—Φjκ,{ω‚µ‚½,‚ ‚θ
ή“,Τγ‚Λ‚η‚Ά,¬β,“ρ–‡‹΄π”Τ,131237,“‹“s,]Λμ‹ζ,“μ¬β‚T’–Ϊ,2019-08-12,22,’“Τi—Φjκ,{ω‚µ‚½,‚Θ‚µ
ή“,Τγ‚Λ‚η‚Ά,¬β,›΄‹΄π”Τ,131237,“‹“s,]Λμ‹ζ,’†‰›‚R’–Ϊ,2019-08-15,18,κΛZ‘ξ,{ω‚µ‚½,‚ ‚θ
ή“,Τγ‚Λ‚η‚Ά,¬β,›΄‹΄π”Τ,131237,“‹“s,]Λμ‹ζ,–{κF‚P’–Ϊ,2019-07-06,21,’“Τi—Φjκ,{ω‚µ‚½,‚Θ‚µ
ή“,Τγ‚Λ‚η‚Ά,¬β,›΄‹΄π”Τ,131237,“‹“s,]Λμ‹ζ,–{κF‚P’–Ϊ,2019-08-10,17,’“Τi—Φjκ,{ω‚µ‚½,‚ ‚θ
ή“,Τγ‚Λ‚η‚Ά,¬β,›΄‹΄π”Τ,131237,“‹“s,]Λμ‹ζ,–{κF‚P’–Ϊ,2019-09-01,00,‚SK‚ΔΘγ‹¤“―Z‘ξ,{ω‚µ‚½,‚ ‚θ
ή“,Τγ‚Λ‚η‚Ά,¬β,›΄‹΄π”Τ,131237,“‹“s,]Λμ‹ζ,–{κF‚R’–Ϊ,2019-08-14,22,’“Τi—Φjκ,{ω‚µ‚½,‚Θ‚µ
ή“,Τγ‚Λ‚η‚Ά,¬β,›΄‹΄π”Τ,131237,“‹“s,]Λμ‹ζ,–{κF‚R’–Ϊ,2019-10-29,19,’“Τi—Φjκ,{ω‚µ‚½,‚ ‚θ
ή“,Τγ‚Λ‚η‚Ά,¬β,›΄‹΄π”Τ,131237,“‹“s,]Λμ‹ζ,–{κF‚R’–Ϊ,2019-10-30,01,’“Τi—Φjκ,{ω‚µ‚½,‚Θ‚µ
ή“,Τγ‚Λ‚η‚Ά,¬β,›΄‹΄π”Τ,131237,“‹“s,]Λμ‹ζ,Ό–{‚P’–Ϊ,2019-10-29,13,’“Τi—Φjκ,{ω‚µ‚½,‚ ‚θ
ή“,Τγ‚Λ‚η‚Ά,¬β,›΄‹΄π”Τ,131237,“‹“s,]Λμ‹ζ,Ό–{‚Q’–Ϊ,2019-06-30,13,κΛZ‘ξ,{ω‚µ‚½,‚ ‚θ
ή“,Τγ‚Λ‚η‚Ά,¬β,Ό¬βπ”Τ,131237,“‹“s,]Λμ‹ζ,Ό¬β‚Q’–Ϊ,2019-08-12,18,’“Τi—Φjκ,{ω‚µ‚½,‚Θ‚µ
ή“,Τγ‚Λ‚η‚Ά,¬β,Ό¬βπ”Τ,131237,“‹“s,]Λμ‹ζ,Ό¬β‚R’–Ϊ,2019-02-13,23,’“Τi—Φjκ,{ω‚µ‚½,‚Θ‚µ
ή“,Τγ‚Λ‚η‚Ά,¬β,–k¬β“ρ’–Ϊπ”Τ,131237,“‹“s,]Λμ‹ζ,–k¬β‚P’–Ϊ,2019-07-21,18,’“Τi—Φjκ,{ω‚µ‚½,‚Θ‚µ
ή“,Τγ‚Λ‚η‚Ά,¬β,–k¬β“ρ’–Ϊπ”Τ,131237,“‹“s,]Λμ‹ζ,–k¬β‚Q’–Ϊ,2019-08-28,21,’“Τi—Φjκ,{ω‚µ‚½,‚ ‚θ
ή“,Τγ‚Λ‚η‚Ά,¬β,‹¬¬β‰w‘Oπ”Τ,131237,“‹“s,]Λμ‹ζ,–k¬β‚T’–Ϊ,2019-09-21,17,’“Τi—Φjκ,{ω‚µ‚½,‚ ‚θ
ή“,Τγ‚Λ‚η‚Ά,¬β,‹¬¬β‰w‘Oπ”Τ,131237,“‹“s,]Λμ‹ζ,–k¬β‚U’–Ϊ,2019-07-20,20,’“Τi—Φjκ,{ω‚µ‚½,‚ ‚θ
ή“,Τγ‚Λ‚η‚Ά,¬β,‹¬¬β‰w‘Oπ”Τ,131237,“‹“s,]Λμ‹ζ,–k¬β‚V’–Ϊ,2019-08-08,21,’“Τi—Φjκ,{ω‚µ‚½,‚Θ‚µ
ή“,Τγ‚Λ‚η‚Ά,¬β,‹¬¬β‰w‘Oπ”Τ,131237,“‹“s,]Λμ‹ζ,Ό¬β‚T’–Ϊ,2019-09-20,23,’“Τi—Φjκ,{ω‚µ‚½,‚ ‚θ
ή“,Τγ‚Λ‚η‚Ά,¬β,]Λμπ”Τ,131237,“‹“s,]Λμ‹ζ,“¬β‚T’–Ϊ,2019-07-20,18,’“Τi—Φjκ,{ω‚µ‚½,‚Θ‚µ
ή“,Τγ‚Λ‚η‚Ά,¬β,­π”Τ,131237,“‹“s,]Λμ‹ζ,­‚P’–Ϊ,2019-08-13,21,’“Τi—Φjκ,{ω‚µ‚½,‚ ‚θ
ή“,Τγ‚Λ‚η‚Ά,¬β,­π”Τ,131237,“‹“s,]Λμ‹ζ,­‚S’–Ϊ,2019-08-08,22,’“Τi—Φjκ,{ω‚µ‚½,‚ ‚θ
ή“,Τγ‚Λ‚η‚Ά,¬β,­π”Τ,131237,“‹“s,]Λμ‹ζ,­‚T’–Ϊ,2019-08-06,18,’“Τi—Φjκ,{ω‚µ‚½,‚ ‚θ
ή“,Τγ‚Λ‚η‚Ά,¬β,­π”Τ,131237,“‹“s,]Λμ‹ζ,­‚T’–Ϊ,2019-08-06,19,’“Τi—Φjκ,{ω‚µ‚½,‚Θ‚µ
ή“,Τγ‚Λ‚η‚Ά,¬β,­π”Τ,131237,“‹“s,]Λμ‹ζ,Ό–{‚P’–Ϊ,2019-10-26,17,’“Τi—Φjκ,{ω‚µ‚½,‚ ‚θ
ή“,Τγ‚Λ‚η‚Ά,¬β,­π”Τ,131237,“‹“s,]Λμ‹ζ,γΒθ‚Q’–Ϊ,2019-03-23,19,’“Τi—Φjκ,{ω‚µ‚½,‚ ‚θ
ή“,Τγ‚Λ‚η‚Ά,¬β,­π”Τ,131237,“‹“s,]Λμ‹ζ,“Ό–{‚P’–Ϊ,2019-07-24,16,‚»‚Μ‘Ό,{ω‚µ‚½,‚ ‚θ
ή“,Τγ‚Λ‚η‚Ά,¬β,γΒθ’“έ,131237,“‹“s,]Λμ‹ζ,γΒθ‚Q’–Ϊ,2019-02-15,14,’“Τi—Φjκ,{ω‚µ‚½,‚Θ‚µ
ή“,Τγ‚Λ‚η‚Ά,¬β,γΒθ’“έ,131237,“‹“s,]Λμ‹ζ,γΒθ‚Q’–Ϊ,2019-03-16,18,’“Τi—Φjκ,{ω‚µ‚½,‚Θ‚µ
ή“,Τγ‚Λ‚η‚Ά,‹Ό,‘D–x‰w‘Oπ”Τ,131237,“‹“s,]Λμ‹ζ,‘D–x‚P’–Ϊ,2019-08-23,19,’“Τi—Φjκ,{ω‚µ‚½,‚ ‚θ
ή“,Τγ‚Λ‚η‚Ά,‹Ό,‘D–x‰w‘Oπ”Τ,131237,“‹“s,]Λμ‹ζ,‘D–x‚S’–Ϊ,2019-09-28,16,’“Τi—Φjκ,{ω‚µ‚½,‚Θ‚µ
ή“,Τγ‚Λ‚η‚Ά,‹Ό,‘D–x‰w‘Oπ”Τ,131237,“‹“s,]Λμ‹ζ,‘D–x‚T’–Ϊ,2019-10-03,18,’“Τi—Φjκ,{ω‚µ‚½,‚Θ‚µ
ή“,Τγ‚Λ‚η‚Ά,‹Ό,‘D–x‰w‘Oπ”Τ,131237,“‹“s,]Λμ‹ζ,‘D–x‚T’–Ϊ,2019-10-17,17,’“Τi—Φjκ,{ω‚µ‚½,‚Θ‚µ
ή“,Τγ‚Λ‚η‚Ά,‹Ό,‘D–x‰w‘Oπ”Τ,131237,“‹“s,]Λμ‹ζ,‘D–x‚T’–Ϊ,2019-10-26,17,‚SK‚ΔΘγ‹¤“―Z‘ξ,{ω‚µ‚½,‚Θ‚µ
ή“,Τγ‚Λ‚η‚Ά,‹Ό,‹Ό‹΄“π”Τ,131237,“‹“s,]Λμ‹ζ,–k‹Ό‚P’–Ϊ,2019-09-14,05,’“Τi—Φjκ,{ω‚µ‚½,‚Θ‚µ
ή“,Τγ‚Λ‚η‚Ά,‹Ό,‹Ό‹΄“π”Τ,131237,“‹“s,]Λμ‹ζ,–k‹Ό‚Q’–Ϊ,2019-09-21,19,’“Τi—Φjκ,{ω‚µ‚½,‚Θ‚µ
ή“,Τγ‚Λ‚η‚Ά,‹Ό,Ό‹Ό‰w‘Oπ”Τ,131237,“‹“s,]Λμ‹ζ,Ό‹Ό‚S’–Ϊ,2019-05-15,17,’“Τi—Φjκ,{ω‚µ‚½,‚ ‚θ
ή“,Τγ‚Λ‚η‚Ά,‹Ό,—ΥCφ‰€π”Τ,131237,“‹“s,]Λμ‹ζ,—ΥC’¬‚Q’–Ϊ,2019-07-08,12,’“Τi—Φjκ,{ω‚µ‚½,‚Θ‚µ
ή“,Τγ‚Λ‚η‚Ά,“μ‘ε‘ς,–k–μ‰w‘Oπ”Τ,132012,“‹“s,”ª‰¤qs,‘Ε‰z’¬,2019-03-31,03,κΛZ‘ξ,{ω‚µ‚½,‚Θ‚µ
ή“,Τγ‚Λ‚η‚Ά,“μ‘ε‘ς,–k–μ‰w‘Oπ”Τ,132012,“‹“s,”ª‰¤qs,–k–μ’¬,2019-05-08,08,κΛZ‘ξ,{ω‚µ‚½,‚ ‚θ
ή“,Τγ‚Λ‚η‚Ά,“μ‘ε‘ς,–k–μ‰w‘Oπ”Τ,132012,“‹“s,”ª‰¤qs,–k–μ’¬,2019-09-01,21,‚»‚Μ‘Ό‚ΜZ‘ξi‚RK‚ΔΘ‰Ί‹¤“―Z‘ξ“™j,{ω‚µ‚½,‚ ‚θ
ή“,Τγ‚Λ‚η‚Ά,“μ‘ε‘ς,–k–μ‰w‘Oπ”Τ,132012,“‹“s,”ª‰¤qs,’·ΐ’¬,2019-10-12,00,“ΉHγ,{ω‚µ‚½,‚ ‚θ
ή“,Τγ‚Λ‚η‚Ά,“μ‘ε‘ς,–k–μ‰w‘Oπ”Τ,132012,“‹“s,”ª‰¤qs,¦ƒP‹u‚P’–Ϊ,2019-12-18,02,κΛZ‘ξ,{ω‚µ‚½,‚ ‚θ
ή“,Τγ‚Λ‚η‚Ά,“μ‘ε‘ς,–k–μ‰w‘Oπ”Τ,132012,“‹“s,”ª‰¤qs,¦ƒP‹u‚Q’–Ϊ,2019-05-18,22,“ΉHγ,{ω‚µ‚½,‚Θ‚µ
ή“,Τγ‚Λ‚η‚Ά,“μ‘ε‘ς,‚—δπ”Τ,132012,“‹“s,”ª‰¤qs,•Π‘q’¬,2019-01-11,23,‚»‚Μ‘Ό‚ΜZ‘ξi‚RK‚ΔΘ‰Ί‹¤“―Z‘ξ“™j,{ω‚µ‚½,‚ ‚θ
ή“,Τγ‚Λ‚η‚Ά,“μ‘ε‘ς,‚—δπ”Τ,132012,“‹“s,”ª‰¤qs,–k–μ‘δ‚R’–Ϊ,2019-05-18,19,κΛZ‘ξ,{ω‚µ‚½,‚Θ‚µ
ή“,Τγ‚Λ‚η‚Ά,“μ‘ε‘ς,‚έ‚Θ‚έ–μπ”Τ,132012,“‹“s,”ª‰¤qs,•Π‘q’¬,2019-01-09,17,‚»‚Μ‘Ό,{ω‚µ‚½,‚Θ‚µ
ή“,Τγ‚Λ‚η‚Ά,“μ‘ε‘ς,‚έ‚Θ‚έ–μπ”Τ,132012,“‹“s,”ª‰¤qs,•Π‘q’¬,2019-01-09,19,‚»‚Μ‘Ό,{ω‚µ‚½,‚Θ‚µ
ή“,Τγ‚Λ‚η‚Ά,“μ‘ε‘ς,‚έ‚Θ‚έ–μπ”Τ,132012,“‹“s,”ª‰¤qs,•Π‘q’¬,2019-07-04,22,‚»‚Μ‘Ό‚ΜZ‘ξi‚RK‚ΔΘ‰Ί‹¤“―Z‘ξ“™j,{ω‚µ‚½,‚ ‚θ
ή“,Τγ‚Λ‚η‚Ά,“μ‘ε‘ς,‘΄‰w‘Oπ”Τ,132098,“‹“s,’¬“cs,‘΄’¬,2019-09-02,17,κΛZ‘ξ,{ω‚µ‚½,‚Θ‚µ
ή“,Τγ‚Λ‚η‚Ά,“μ‘ε‘ς,γ—M–Ψ’“έ,132012,“‹“s,”ª‰¤qs,γ—M–Ψ,2019-07-27,16,κΛZ‘ξ,{ω‚µ‚½,‚ ‚θ
ή“,Τγ‚Λ‚η‚Ά,“μ‘ε‘ς,γ—M–Ψ’“έ,132012,“‹“s,”ª‰¤qs,’†R,2019-08-06,21,’“Τi—Φjκ,{ω‚µ‚½,‚Θ‚µ
ή“,Τγ‚Λ‚η‚Ά,“μ‘ε‘ς,γ—M–Ψ’“έ,132012,“‹“s,”ª‰¤qs,–ψ…,2019-04-29,22,κΛZ‘ξ,{ω‚µ‚½,‚ ‚θ
ή“,Τγ‚Λ‚η‚Ά,“μ‘ε‘ς,¬”δι’“έ,132012,“‹“s,”ª‰¤qs,¬”δι’¬,2019-09-02,00,‚»‚Μ‘Ό‚ΜZ‘ξi‚RK‚ΔΘ‰Ί‹¤“―Z‘ξ“™j,{ω‚µ‚½,‚ ‚θ
ή“,Τγ‚Λ‚η‚Ά,“μ‘ε‘ς,¬R’“έ,132098,“‹“s,’¬“cs,¬R’¬,2019-01-06,19,“ΉHγ,{ω‚µ‚½,‚ ‚θ
ή“,Τγ‚Λ‚η‚Ά,“μ‘ε‘ς,¬R’“έ,132098,“‹“s,’¬“cs,¬R’¬,2019-01-06,23,‚»‚Μ‘Ό‚ΜZ‘ξi‚RK‚ΔΘ‰Ί‹¤“―Z‘ξ“™j,{ω‚µ‚½,‚ ‚θ
ή“,Τγ‚Λ‚η‚Ά,“μ‘ε‘ς,¬R’“έ,132098,“‹“s,’¬“cs,¬R’¬,2019-05-06,22,‚SK‚ΔΘγ‹¤“―Z‘ξ,{ω‚µ‚½,‚ ‚θ
ή“,Τγ‚Λ‚η‚Ά,“μ‘ε‘ς,‘εΛ’“έ,132098,“‹“s,’¬“cs,‘΄’¬,2019-04-07,19,’“Τi—Φjκ,{ω‚µ‚½,‚Θ‚µ
ή“,Τγ‚Λ‚η‚Ά,‚”φ,•ΐ–Ψ’¬π”Τ,132012,“‹“s,”ª‰¤qs,U“c’¬‚Q’–Ϊ,2019-01-11,20,κΛZ‘ξ,{ω‚µ‚½,‚ ‚θ
ή“,Τγ‚Λ‚η‚Ά,‚”φ,•ΐ–Ψ’¬π”Τ,132012,“‹“s,”ª‰¤qs,U“c’¬‚Q’–Ϊ,2019-04-02,19,κΛZ‘ξ,{ω‚µ‚½,‚Θ‚µ
ή“,Τγ‚Λ‚η‚Ά,‚”φ,•ΐ–Ψ’¬π”Τ,132012,“‹“s,”ª‰¤qs,U“c’¬‚Q’–Ϊ,2019-06-27,20,κΛZ‘ξ,{ω‚µ‚½,‚ ‚θ
ή“,Τγ‚Λ‚η‚Ά,‚”φ,•ΐ–Ψ’¬π”Τ,132012,“‹“s,”ª‰¤qs,U“c’¬‚Q’–Ϊ,2019-07-24,22,’“Τi—Φjκ,{ω‚µ‚½,‚ ‚θ
ή“,Τγ‚Λ‚η‚Ά,‚”φ,•ΐ–Ψ’¬π”Τ,132012,“‹“s,”ª‰¤qs,U“c’¬‚Q’–Ϊ,2019-08-18,16,κΛZ‘ξ,{ω‚µ‚½,‚ ‚θ
ή“,Τγ‚Λ‚η‚Ά,‚”φ,‚ί‚¶‚λ‘δπ”Τ,132012,“‹“s,”ª‰¤qs,R“c’¬,2019-04-02,16,’“Τi—Φjκ,{ω‚µ‚½,‚Θ‚µ
ή“,Τγ‚Λ‚η‚Ά,‚”φ,‰΅μ’¬π”Τ,132012,“‹“s,”ª‰¤qs,‰΅μ’¬,2019-11-08,00,κΛZ‘ξ,{ω‚µ‚½,‚Θ‚µ
ή“,Τγ‚Λ‚η‚Ά,‚”φ,z–Kπ”Τ,132012,“‹“s,”ª‰¤qs,l’J’¬,2019-06-06,15,’“Τi—Φjκ,{ω‚µ‚½,‚ ‚θ
ή“,Τγ‚Λ‚η‚Ά,‘½–€’†‰›,‰iR‰w‘Oπ”Τ,132241,“‹“s,‘½–€s,z–K‚P’–Ϊ,2019-11-16,19,κΛZ‘ξ,{ω‚µ‚½,‚ ‚θ
ή“,Τγ‚Λ‚η‚Ά,‘½–€’†‰›,Lζπ”Τ,132241,“‹“s,‘½–€s,Lζ‚R’–Ϊ,2019-01-05,15,’“Τi—Φjκ,{ω‚µ‚½,‚Θ‚µ
ή“,Τγ‚Λ‚η‚Ά,‘½–€’†‰›,‘½–€ƒZƒ“ƒ^[‰w‘Oπ”Τ,132241,“‹“s,‘½–€s,’ί–q‚Q’–Ϊ,2019-04-27,14,’“Τi—Φjκ,{ω‚µ‚½,‚ ‚θ
ή“,Τγ‚Λ‚η‚Ά,‘½–€’†‰›,‘½–€ƒZƒ“ƒ^[‰w‘Oπ”Τ,132241,“‹“s,‘½–€s,“μ–μ‚Q’–Ϊ,2018-12-29,17,’“Τi—Φjκ,{ω‚µ‚½,‚Θ‚µ
ή“,Τγ‚Λ‚η‚Ά,‘½–€’†‰›,–ξ–μϋπ”Τ,132250,“‹“s,ξιs,–ξ–μϋ,2019-02-17,17,‚SK‚ΔΘγ‹¤“―Z‘ξ,{ω‚µ‚½,‚Θ‚µ
ή“,Τγ‚Λ‚η‚Ά,‘½–€’†‰›,Aυ›’“έ,132241,“‹“s,‘½–€s,Aυ›‚R’–Ϊ,2019-04-12,23,‚SK‚ΔΘγ‹¤“―Z‘ξ,{ω‚µ‚½,‚ ‚θ
ή“,Τγ‚Λ‚η‚Ά,‘½–€’†‰›,Aυ›’“έ,132241,“‹“s,‘½–€s,Aυ›‚R’–Ϊ,2019-08-28,00,‚»‚Μ‘Ό‚ΜZ‘ξi‚RK‚ΔΘ‰Ί‹¤“―Z‘ξ“™j,{ω‚µ‚½,‚ ‚θ
ή“,Τγ‚Λ‚η‚Ά,‘½–€’†‰›,α—t‘δ‰w‘Oπ”Τ,132250,“‹“s,ξιs,α—t‘δ‚P’–Ϊ,2019-08-12,18,κΛZ‘ξ,{ω‚µ‚½,‚ ‚θ
ή“,Τγ‚Λ‚η‚Ά,“‘εa,‚―‚β‚«’Κπ”Τ,132209,“‹“s,“‘εas,΄΄‚Q’–Ϊ,2019-09-14,21,‚SK‚ΔΘγ‹¤“―Z‘ξ,{ω‚µ‚½,‚Θ‚µ
ή“,Τγ‚Λ‚η‚Ά,“‘εa,‚―‚β‚«’Κπ”Τ,132209,“‹“s,“‘εas,’‡΄‚Q’–Ϊ,2019-10-06,20,’“Τi—Φjκ,{ω‚µ‚½,‚ ‚θ
ή“,Τγ‚Λ‚η‚Ά,“‘εa,‚―‚β‚«’Κπ”Τ,132209,“‹“s,“‘εas,ό΄‚P’–Ϊ,2019-10-01,21,’“Τi—Φjκ,{ω‚µ‚½,‚ ‚θ
ή“,Τγ‚Λ‚η‚Ά,“‘εa,“ή—Η‹΄π”Τ,132209,“‹“s,“‘εas,—§–μ‚P’–Ϊ,2019-01-24,18,‚»‚Μ‘Ό‚ΜZ‘ξi‚RK‚ΔΘ‰Ί‹¤“―Z‘ξ“™j,{ω‚µ‚½,‚Θ‚µ
ή“,Τγ‚Λ‚η‚Ά,“‘εa,“ή—Η‹΄π”Τ,132209,“‹“s,“‘εas,—§–μ‚P’–Ϊ,2019-07-17,00,‚»‚Μ‘Ό‚ΜZ‘ξi‚RK‚ΔΘ‰Ί‹¤“―Z‘ξ“™j,{ω‚µ‚½,‚ ‚θ
ή“,Τγ‚Λ‚η‚Ά,“‘εa,“ή—Η‹΄π”Τ,132209,“‹“s,“‘εas,—§–μ‚Q’–Ϊ,2019-01-25,21,’“Τi—Φjκ,{ω‚µ‚½,‚Θ‚µ
ή“,Τγ‚Λ‚η‚Ά,“‘εa,“ή—Η‹΄π”Τ,132209,“‹“s,“‘εas,’†‰›‚P’–Ϊ,2019-04-20,23,‚»‚Μ‘Ό‚ΜZ‘ξi‚RK‚ΔΘ‰Ί‹¤“―Z‘ξ“™j,{ω‚µ‚½,‚ ‚θ
ή“,Τγ‚Λ‚η‚Ά,“‘εa,“ή—Η‹΄π”Τ,132209,“‹“s,“‘εas,“ή—Η‹΄‚T’–Ϊ,2019-06-20,00,’“Τi—Φjκ,{ω‚µ‚½,‚ ‚θ
ή“,Τγ‚Λ‚η‚Ά,“‘εa,“ή—Η‹΄π”Τ,132209,“‹“s,“‘εas,“ή—Η‹΄‚U’–Ϊ,2019-01-25,18,‚»‚Μ‘Ό‚ΜZ‘ξi‚RK‚ΔΘ‰Ί‹¤“―Z‘ξ“™j,{ω‚µ‚½,‚Θ‚µ
ή“,Τγ‚Λ‚η‚Ά,“‘εa,‘ΊRπ”Τ,132233,“‹“s,•‘ ‘ΊRs,‰|‚P’–Ϊ,2019-04-05,14,’“Τi—Φjκ,{ω‚µ‚½,‚Θ‚µ
ή“,Τγ‚Λ‚η‚Ά,“‘εa,‘ΊRπ”Τ,132233,“‹“s,•‘ ‘ΊRs,‘ε“μ‚Q’–Ϊ,2019-01-25,21,’“Τi—Φjκ,{ω‚µ‚½,‚Θ‚µ
ή“,Τγ‚Λ‚η‚Ά,“‘εa,‘ΊRπ”Τ,132233,“‹“s,•‘ ‘ΊRs,—Ξ‚ª‹u,2019-08-02,03,’“Τi—Φjκ,{ω‚µ‚½,‚ ‚θ
ή“,Τγ‚Λ‚η‚Ά,“‘εa,Oƒc–Ψπ”Τ,132233,“‹“s,•‘ ‘ΊRs,c–x‚T’–Ϊ,2019-11-11,19,κΛZ‘ξ,{ω‚µ‚½,‚Θ‚µ
ή“,Τγ‚Λ‚η‚Ά,“‘εa,‘ •~’“έ,132209,“‹“s,“‘εas,“ή—Η‹΄‚S’–Ϊ,2019-11-15,19,κΛZ‘ξ,{ω‚µ‚½,‚ ‚θ
ή“,Τγ‚Λ‚η‚Ά,“‘εa,πE’“έ,132209,“‹“s,“‘εas,πE‚R’–Ϊ,2019-01-25,22,‚»‚Μ‘Ό‚ΜZ‘ξi‚RK‚ΔΘ‰Ί‹¤“―Z‘ξ“™j,{ω‚µ‚½,‚ ‚θ
ή“,Τγ‚Λ‚η‚Ά,“‘εa,πE’“έ,132209,“‹“s,“‘εas,πE‚S’–Ϊ,2019-01-25,18,‚»‚Μ‘Ό‚ΜZ‘ξi‚RK‚ΔΘ‰Ί‹¤“―Z‘ξ“™j,{ω‚µ‚½,‚Θ‚µ
ή“,Τγ‚Λ‚η‚Ά,“‘εa,πE’“έ,132209,“‹“s,“‘εas,πE‚S’–Ϊ,2019-01-25,19,‚»‚Μ‘Ό‚ΜZ‘ξi‚RK‚ΔΘ‰Ί‹¤“―Z‘ξ“™j,{ω‚µ‚½,‚ ‚θ
ή“,Τγ‚Λ‚η‚Ά,“‘εa,‹Κμγ…‰w‘Oπ”Τ,132209,“‹“s,“‘εas,γ–k‘δ‚R’–Ϊ,2019-01-24,18,‚SK‚ΔΘγ‹¤“―Z‘ξ,{ω‚µ‚½,‚Θ‚µ
ή“,Τγ‚Λ‚η‚Ά,“‘εa,‹Κμγ…‰w‘Oπ”Τ,132209,“‹“s,“‘εas,γ–k‘δ‚R’–Ϊ,2019-01-25,21,‚»‚Μ‘Ό‚ΜZ‘ξi‚RK‚ΔΘ‰Ί‹¤“―Z‘ξ“™j,{ω‚µ‚½,‚Θ‚µ
ή“,Τγ‚Λ‚η‚Ά,“‘εa,‹Κμγ…‰w‘Oπ”Τ,132209,“‹“s,“‘εas,γ–k‘δ‚R’–Ϊ,2019-01-25,22,’“Τi—Φjκ,{ω‚µ‚½,‚Θ‚µ
ή“,Τγ‚Λ‚η‚Ά,Β”~,γ’·•£’“έ,132055,“‹“s,Β”~s,‹ξ–Ψ’¬‚Q’–Ϊ,2019-04-17,00,’“Τi—Φjκ,{ω‚µ‚½,‚Θ‚µ
ή“,Τγ‚Λ‚η‚Ά,Β”~,‰Ν•Σ’“έ,132055,“‹“s,Β”~s,‰Ν•Σ’¬‚V’–Ϊ,2019-03-19,22,‚»‚Μ‘Ό‚ΜZ‘ξi‚RK‚ΔΘ‰Ί‹¤“―Z‘ξ“™j,{ω‚µ‚½,‚ ‚θ
ή“,Τγ‚Λ‚η‚Ά,Β”~,΅›’“έ,132055,“‹“s,Β”~s,‘ε–ε‚R’–Ϊ,2019-08-04,21,‚»‚Μ‘Ό‚ΜZ‘ξi‚RK‚ΔΘ‰Ί‹¤“―Z‘ξ“™j,{ω‚µ‚½,‚ ‚θ
ή“,Τγ‚Λ‚η‚Ά,Β”~,V’¬π”Τ,132055,“‹“s,Β”~s,V’¬‚Q’–Ϊ,2019-05-14,23,’“Τi—Φjκ,{ω‚µ‚½,‚ ‚θ
ή“,Τγ‚Λ‚η‚Ά,Β”~,΅δ’“έ,132055,“‹“s,Β”~s,΅δ‚P’–Ϊ,2019-04-01,20,κΛZ‘ξ,{ω‚µ‚½,‚ ‚θ
ή“,Τγ‚Λ‚η‚Ά,Β”~,΅δ’“έ,132055,“‹“s,Β”~s,“΅‹΄‚Q’–Ϊ,2019-02-27,20,‚SK‚ΔΘγ‹¤“―Z‘ξ,{ω‚µ‚½,‚ ‚θ
ή“,Τγ‚Λ‚η‚Ά,Β”~,΅δ’“έ,132055,“‹“s,Β”~s,“΅‹΄‚Q’–Ϊ,2019-11-17,21,’“Τi—Φjκ,{ω‚µ‚½,‚ ‚θ
ή“,Τγ‚Λ‚η‚Ά,•¶,’†•¶’“έ,132187,“‹“s,•¶s,‘ε•¶,2018-01-21,01,κΛZ‘ξ,{ω‚µ‚½,‚Θ‚µ
ή“,Τγ‚Λ‚η‚Ά,•¶,’†•¶’“έ,132187,“‹“s,•¶s,‘ε•¶,2018-07-20,00,κΛZ‘ξ,{ω‚µ‚½,‚Θ‚µ
ή“,Τγ‚Λ‚η‚Ά,•¶,’†•¶’“έ,132187,“‹“s,•¶s,‘ε•¶,2018-09-28,02,κΛZ‘ξ,{ω‚µ‚½,‚Θ‚µ
ή“,Τγ‚Λ‚η‚Ά,•¶,’†•¶’“έ,132187,“‹“s,•¶s,‘ε•¶,2018-10-20,02,κΛZ‘ξ,{ω‚µ‚½,‚Θ‚µ
ή“,Τγ‚Λ‚η‚Ά,•¶,’†•¶’“έ,132187,“‹“s,•¶s,‘ε•¶,2018-10-26,00,κΛZ‘ξ,{ω‚µ‚½,‚Θ‚µ
ή“,Τγ‚Λ‚η‚Ά,•¶,” ªƒPθ–k’“έ,133035,“‹“s,•δ’¬,‘ε” ªƒPθ,2019-01-18,00,κΛZ‘ξ,{ω‚µ‚½,‚ ‚θ
ή“,Τγ‚Λ‚η‚Ά,•¶,Ξ”¨’“έ,133035,“‹“s,•δ’¬,‘ε“aƒP’J,2019-10-15,21,‚»‚Μ‘Ό‚ΜZ‘ξi‚RK‚ΔΘ‰Ί‹¤“―Z‘ξ“™j,{ω‚µ‚½,‚ ‚θ
ή“,Τγ‚Λ‚η‚Ά,•¶,’·‰ª’“έ,133035,“‹“s,•δ’¬,’·‰ª‚P’–Ϊ,2019-09-07,22,‚»‚Μ‘Ό‚ΜZ‘ξi‚RK‚ΔΘ‰Ί‹¤“―Z‘ξ“™j,{ω‚µ‚½,‚ ‚θ
ή“,Τγ‚Λ‚η‚Ά,•¶,•‘ –μ’“έ,133035,“‹“s,•δ’¬,‚ή‚³‚µ–μ‚P’–Ϊ,2019-09-24,21,‚SK‚ΔΘγ‹¤“―Z‘ξ,{ω‚µ‚½,‚Θ‚µ
ή“,Τγ‚Λ‚η‚Ά,•¶,‰H’“έ,132276,“‹“s,‰H‘Ίs,‰H’†‚Q’–Ϊ,2019-07-19,21,‚»‚Μ‘Ό‚ΜZ‘ξi‚RK‚ΔΘ‰Ί‹¤“―Z‘ξ“™j,{ω‚µ‚½,‚ ‚θ
ή“,Τγ‚Λ‚η‚Ά,•¶,‰H‘Ί‰w‘Oπ”Τ,132276,“‹“s,‰H‘Ίs,—Ξƒ–‹u‚S’–Ϊ,2019-07-22,22,‚»‚Μ‘Ό‚ΜZ‘ξi‚RK‚ΔΘ‰Ί‹¤“―Z‘ξ“™j,{ω‚µ‚½,‚ ‚θ
ή“,Τγ‚Λ‚η‚Ά,•¶,Hμ‰w‘Oπ”Τ,132284,“‹“s,‚ ‚«‚ι–μs,Hμ‚T’–Ϊ,2019-04-13,21,‚»‚Μ‘Ό‚ΜZ‘ξi‚RK‚ΔΘ‰Ί‹¤“―Z‘ξ“™j,{ω‚µ‚½,‚ ‚θ
ή“,Τγ‚Λ‚η‚Ά,•¶,” ªƒ–θ‰w‘Oπ”Τ,133035,“‹“s,•δ’¬,” ªƒPθΌΌ΄,2019-05-16,19,‚»‚Μ‘Ό‚ΜZ‘ξi‚RK‚ΔΘ‰Ί‹¤“―Z‘ξ“™j,{ω‚µ‚½,‚ ‚θ
ή“,Τγ‚Λ‚η‚Ά,•¶,” ªƒ–θ‰w‘Oπ”Τ,133035,“‹“s,•δ’¬,” ªƒPθΌΌ΄,2019-12-14,19,’“Τi—Φjκ,{ω‚µ‚½,‚ ‚θ
ή“,Τγ‚Λ‚η‚Ά,”ª‰¤q,Ό”ª‰¤q‰w‘Oπ”Τ,132012,“‹“s,”ª‰¤qs,ηl’¬‚R’–Ϊ,2019-01-24,23,κΛZ‘ξ,{ω‚µ‚½,‚ ‚θ
ή“,Τγ‚Λ‚η‚Ά,”ª‰¤q,’†–μπ”Τ,132012,“‹“s,”ª‰¤qs,΄μ’¬,2019-01-18,20,κΛZ‘ξ,{ω‚µ‚½,‚Θ‚µ
ή“,Τγ‚Λ‚η‚Ά,”ª‰¤q,’†–μπ”Τ,132012,“‹“s,”ª‰¤qs,’†–μγ’¬‚S’–Ϊ,2019-02-13,18,‚»‚Μ‘Ό‚ΜZ‘ξi‚RK‚ΔΘ‰Ί‹¤“―Z‘ξ“™j,{ω‚µ‚½,‚Θ‚µ
ή“,Τγ‚Λ‚η‚Ά,”ª‰¤q,’†–μπ”Τ,132012,“‹“s,”ª‰¤qs,’†–μγ’¬‚T’–Ϊ,2019-02-13,14,κΛZ‘ξ,{ω‚µ‚½,‚Θ‚µ
ή“,Τγ‚Λ‚η‚Ά,”ª‰¤q,•xmXπ”Τ,132012,“‹“s,”ª‰¤qs,—Ξ’¬,2019-01-12,15,κΛZ‘ξ,{ω‚µ‚½,‚ ‚θ
ή“,Τγ‚Λ‚η‚Ά,”ª‰¤q,•xmXπ”Τ,132012,“‹“s,”ª‰¤qs,—Ξ’¬,2019-02-24,18,κΛZ‘ξ,{ω‚µ‚½,‚ ‚θ
ή“,Τγ‚Λ‚η‚Ά,”ª‰¤q,•xmXπ”Τ,132012,“‹“s,”ª‰¤qs,—Ξ’¬,2019-04-06,21,‚SK‚ΔΘγ‹¤“―Z‘ξ,{ω‚µ‚½,‚ ‚θ
ή“,Τγ‚Λ‚η‚Ά,”ª‰¤q,•xmXπ”Τ,132012,“‹“s,”ª‰¤qs,—Ξ’¬,2019-05-09,00,κΛZ‘ξ,{ω‚µ‚½,‚ ‚θ
ή“,Τγ‚Λ‚η‚Ά,”ª‰¤q,•xmXπ”Τ,132012,“‹“s,”ª‰¤qs,—Ξ’¬,2019-08-04,22,“ΉHγ,{ω‚µ‚½,‚ ‚θ
ή“,Τγ‚Λ‚η‚Ά,”ª‰¤q,•xmXπ”Τ,132012,“‹“s,”ª‰¤qs,—Ξ’¬,2019-08-07,22,’“Τi—Φjκ,{ω‚µ‚½,‚ ‚θ
ή“,Τγ‚Λ‚η‚Ά,”ª‰¤q,•xmXπ”Τ,132012,“‹“s,”ª‰¤qs,—Ξ’¬,2019-08-19,22,κΛZ‘ξ,{ω‚µ‚½,‚Θ‚µ
ή“,Τγ‚Λ‚η‚Ά,”ª‰¤q,•xmXπ”Τ,132012,“‹“s,”ª‰¤qs,—Ξ’¬,2019-09-02,20,κΛZ‘ξ,{ω‚µ‚½,‚ ‚θ
ή“,Τγ‚Λ‚η‚Ά,”ª‰¤q,•xmXπ”Τ,132012,“‹“s,”ª‰¤qs,—Ξ’¬,2019-10-11,03,’“Τi—Φjκ,{ω‚µ‚½,‚ ‚θ
ή“,Τγ‚Λ‚η‚Ά,”ª‰¤q,‘εa“cπ”Τ,132012,“‹“s,”ª‰¤qs,‘εa“c’¬‚P’–Ϊ,2019-09-14,23,κΛZ‘ξ,{ω‚µ‚½,‚ ‚θ
ή“,Τγ‚Λ‚η‚Ά,”ª‰¤q,¬‹{’¬’“έ,132012,“‹“s,”ª‰¤qs,Ξμ’¬,2019-01-15,20,κΛZ‘ξ,{ω‚µ‚½,‚Θ‚µ
ή“,Τγ‚Λ‚η‚Ά,”ª‰¤q,¬‹{’¬’“έ,132012,“‹“s,”ª‰¤qs,Ξμ’¬,2019-03-07,19,κΛZ‘ξ,{ω‚µ‚½,‚ ‚θ
ή“,Τγ‚Λ‚η‚Ά,”ª‰¤q,¬‹{’¬’“έ,132012,“‹“s,”ª‰¤qs,¬‹{’¬,2019-02-21,09,κΛZ‘ξ,{ω‚µ‚½,‚Θ‚µ
ή“,Τγ‚Λ‚η‚Ά,”ª‰¤q,¬‹{’¬’“έ,132012,“‹“s,”ª‰¤qs,¬‹{’¬,2019-08-23,02,κΛZ‘ξ,{ω‚µ‚½,‚ ‚θ
ή“,Τγ‚Λ‚η‚Ά,”ª‰¤q,¬‹{’¬’“έ,132012,“‹“s,”ª‰¤qs,¬‹{’¬,2019-11-25,20,‚»‚Μ‘Ό‚ΜZ‘ξi‚RK‚ΔΘ‰Ί‹¤“―Z‘ξ“™j,{ω‚µ‚½,‚ ‚θ
ή“,Τγ‚Λ‚η‚Ά,”ª‰¤q,Ξμ’“έ,132012,“‹“s,”ª‰¤qs,Ξμ’¬,2019-03-07,21,κΛZ‘ξ,{ω‚µ‚½,‚Θ‚µ
ή“,Τγ‚Λ‚η‚Ά,”ª‰¤q,Ξμ’“έ,132012,“‹“s,”ª‰¤qs,Ξμ’¬,2019-04-25,22,κΛZ‘ξ,{ω‚µ‚½,‚Θ‚µ
ή“,Τγ‚Λ‚η‚Ά,”ª‰¤q,Ξμ’“έ,132012,“‹“s,”ª‰¤qs,Ξμ’¬,2019-04-25,22,κΛZ‘ξ,{ω‚µ‚½,‚ ‚θ
ή“,Τγ‚Λ‚η‚Ά,”ª‰¤q,Ξμ’“έ,132012,“‹“s,”ª‰¤qs,‰F’Γ–Ψ’¬,2019-03-25,23,κΛZ‘ξ,{ω‚µ‚½,‚ ‚θ
ή“,Τγ‚Λ‚η‚Ά,”ª‰¤q,Ά–Ϊπ”Τ,132012,“‹“s,”ª‰¤qs,Ά–Ϊ’¬,2019-09-17,21,κΛZ‘ξ,{ω‚µ‚½,‚Θ‚µ
ή“,Τγ‚Λ‚η‚Ά,”ª‰¤q,‰Ίμϋ’“έ,132012,“‹“s,”ª‰¤qs,μϋ’¬,2019-08-31,06,’“Τi—Φjκ,{ω‚µ‚½,‚Θ‚µ
ή“,Τγ‚Λ‚η‚Ά,”ª‰¤q,γμϋ’“έ,132012,“‹“s,”ª‰¤qs,”όR’¬,2019-10-17,12,’“Τi—Φjκ,{ω‚µ‚½,‚Θ‚µ
ή“,Τγ‚Λ‚η‚Ά,”ª‰¤q,‹v•ΫR’“έ,132012,“‹“s,”ª‰¤qs,‹v•ΫR’¬‚Q’–Ϊ,2019-08-13,20,“ΉHγ,{ω‚µ‚½,‚ ‚θ
ή“,Τγ‚Λ‚η‚Ά,’¬“c,΄’¬“cπ”Τ,132098,“‹“s,’¬“cs,΄’¬“c‚R’–Ϊ,2019-09-29,22,κΛZ‘ξ,{ω‚µ‚½,‚ ‚θ
ή“,Τγ‚Λ‚η‚Ά,’¬“c,‹ΰXπ”Τ,132098,“‹“s,’¬“cs,‹ΰX‚R’–Ϊ,2019-01-03,19,κΛZ‘ξ,{ω‚µ‚½,‚Θ‚µ
ή“,Τγ‚Λ‚η‚Ά,’¬“c,‹ΰXπ”Τ,132098,“‹“s,’¬“cs,‹ΰX‚R’–Ϊ,2019-01-03,22,‚SK‚ΔΘγ‹¤“―Z‘ξ,{ω‚µ‚½,‚Θ‚µ
ή“,Τγ‚Λ‚η‚Ά,’¬“c,‹ΰXπ”Τ,132098,“‹“s,’¬“cs,‚ƒ–β‚V’–Ϊ,2019-02-24,17,‚SK‚ΔΘγ‹¤“―Z‘ξ,{ω‚µ‚½,‚ ‚θ
ή“,Τγ‚Λ‚η‚Ά,’¬“c,’ίΤπ”Τ,132098,“‹“s,’¬“cs,‹ΰX‚S’–Ϊ,2019-03-08,18,’“Τi—Φjκ,{ω‚µ‚½,‚Θ‚µ
ή“,Τγ‚Λ‚η‚Ά,’¬“c,’ίΤπ”Τ,132098,“‹“s,’¬“cs,‹ΰX‚S’–Ϊ,2019-04-04,21,’“Τi—Φjκ,{ω‚µ‚½,‚Θ‚µ
ή“,Τγ‚Λ‚η‚Ά,’¬“c,’ίΤπ”Τ,132098,“‹“s,’¬“cs,‹ΰX‚T’–Ϊ,2019-05-29,12,κΛZ‘ξ,{ω‚µ‚½,‚ ‚θ
ή“,Τγ‚Λ‚η‚Ά,’¬“c,’ίΤπ”Τ,132098,“‹“s,’¬“cs,’ίΤ‚S’–Ϊ,2019-06-12,20,‚»‚Μ‘Ό‚ΜZ‘ξi‚RK‚ΔΘ‰Ί‹¤“―Z‘ξ“™j,{ω‚µ‚½,‚Θ‚µ
ή“,Τγ‚Λ‚η‚Ά,’¬“c,’ίΤπ”Τ,132098,“‹“s,’¬“cs,’ίΤ‚U’–Ϊ,2019-05-26,20,’“Τi—Φjκ,{ω‚µ‚½,‚ ‚θ
ή“,Τγ‚Λ‚η‚Ά,’¬“c,’ίΤπ”Τ,132098,“‹“s,’¬“cs,“μ’¬“c‚Q’–Ϊ,2019-03-09,19,κΛZ‘ξ,{ω‚µ‚½,‚Θ‚µ
ή“,Τγ‚Λ‚η‚Ά,’¬“c,’ίΤπ”Τ,132098,“‹“s,’¬“cs,“μ’¬“c‚S’–Ϊ,2019-06-14,18,’“Τi—Φjκ,{ω‚µ‚½,‚Θ‚µ
ή“,Τγ‚Λ‚η‚Ά,’¬“c,’ίΤπ”Τ,132098,“‹“s,’¬“cs,“μ’¬“c‚S’–Ϊ,2019-06-14,21,‚»‚Μ‘Ό‚ΜZ‘ξi‚RK‚ΔΘ‰Ί‹¤“―Z‘ξ“™j,{ω‚µ‚½,‚Θ‚µ
ή“,Τγ‚Λ‚η‚Ά,’¬“c,¬£’“έ,132098,“‹“s,’¬“cs,Ό¬£‚Q’–Ϊ,2019-01-03,20,κΛZ‘ξ,{ω‚µ‚½,‚Θ‚µ
ή“,Τγ‚Λ‚η‚Ά,’¬“c,“μ‘ε’J’“έ,132098,“‹“s,’¬“cs,“μ‘ε’J,2019-01-05,16,’“Τi—Φjκ,{ω‚µ‚½,‚Θ‚µ
ή“,Τγ‚Λ‚η‚Ά,’¬“c,–{’¬“cπ”Τ,132098,“‹“s,’¬“cs,–{’¬“c,2019-01-02,16,’“Τi—Φjκ,{ω‚µ‚½,‚Θ‚µ
ή“,Τγ‚Λ‚η‚Ά,’¬“c,–{’¬“cπ”Τ,132098,“‹“s,’¬“cs,–{’¬“c,2019-01-05,12,’“Τi—Φjκ,{ω‚µ‚½,‚Θ‚µ
ή“,Τγ‚Λ‚η‚Ά,’¬“c,–{’¬“cπ”Τ,132098,“‹“s,’¬“cs,–{’¬“c,2019-01-05,20,’“Τi—Φjκ,{ω‚µ‚½,‚Θ‚µ
ή“,Τγ‚Λ‚η‚Ά,’¬“c,–{’¬“cπ”Τ,132098,“‹“s,’¬“cs,–{’¬“c,2019-03-08,13,‚SK‚ΔΘγ‹¤“―Z‘ξ,{ω‚µ‚½,‚Θ‚µ
ή“,Τγ‚Λ‚η‚Ά,’¬“c,–{’¬“cπ”Τ,132098,“‹“s,’¬“cs,–{’¬“c,2019-03-09,19,‚SK‚ΔΘγ‹¤“―Z‘ξ,{ω‚µ‚½,‚Θ‚µ
ή“,Τγ‚Λ‚η‚Ά,’¬“c,–{’¬“cπ”Τ,132098,“‹“s,’¬“cs,–{’¬“c,2019-08-22,21,κΛZ‘ξ,{ω‚µ‚½,‚ ‚θ
ή“,Τγ‚Λ‚η‚Ά,’¬“c,‚Β‚­‚µ–μ‰w‘Oπ”Τ,132098,“‹“s,’¬“cs,‚Β‚­‚µ–μ‚Q’–Ϊ,2019-04-04,20,κΛZ‘ξ,{ω‚µ‚½,‚Θ‚µ
ή“,Τγ‚Λ‚η‚Ά,’¬“c,‚Β‚­‚µ–μ‰w‘Oπ”Τ,132098,“‹“s,’¬“cs,“μ’¬“c‚Q’–Ϊ,2019-04-05,22,κΛZ‘ξ,{ω‚µ‚½,‚Θ‚µ
ή“,Τγ‚Λ‚η‚Ά,’¬“c,“΅‚Μ‘δ’c’nπ”Τ,132098,“‹“s,’¬“cs,‹ΰδ‚Q’–Ϊ,2019-05-16,21,κΛZ‘ξ,{ω‚µ‚½,‚ ‚θ
ή“,Τγ‚Λ‚η‚Ά,’¬“c,¬£‰w‘Oπ”Τ,132098,“‹“s,’¬“cs,¬μ‚Q’–Ϊ,2019-04-04,23,‚SK‚ΔΘγ‹¤“―Z‘ξ,{ω‚µ‚½,‚Θ‚µ
ή“,Τγ‚Λ‚η‚Ά,’¬“c,¬£‰w‘Oπ”Τ,132098,“‹“s,’¬“cs,¬£‚ª‹u‚Q’–Ϊ,2018-12-28,19,’“Τi—Φjκ,{ω‚µ‚½,‚Θ‚µ
ή“,Τγ‚Λ‚η‚Ά,’¬“c,¬£‰w‘Oπ”Τ,132098,“‹“s,’¬“cs,¬£‚ª‹u‚R’–Ϊ,2019-01-03,18,’“Τi—Φjκ,{ω‚µ‚½,‚Θ‚µ
ή“,Τγ‚Λ‚η‚Ά,’¬“c,¬£‰w‘Oπ”Τ,132098,“‹“s,’¬“cs,¬£‚ª‹u‚R’–Ϊ,2019-09-05,21,‚»‚Μ‘Ό‚ΜZ‘ξi‚RK‚ΔΘ‰Ί‹¤“―Z‘ξ“™j,{ω‚µ‚½,‚ ‚θ
ή“,Τγ‚Λ‚η‚Ά,’¬“c,‚ƒ–β’“έ,132098,“‹“s,’¬“cs,‚ƒ–β‚V’–Ϊ,2019-01-23,23,“ΉHγ,{ω‚µ‚½,‚Θ‚µ
ή“,Τγ‚Λ‚η‚Ά,“ϊ–μ,–L“c‰w‘Oπ”Τ,132128,“‹“s,“ϊ–μs,®‚ª‹u‚P’–Ϊ,2019-09-24,18,κΛZ‘ξ,{ω‚µ‚½,‚ ‚θ
ή“,Τγ‚Λ‚η‚Ά,“ϊ–μ,–L“c‰w‘Oπ”Τ,132128,“‹“s,“ϊ–μs,–L“c‚S’–Ϊ,2019-04-13,21,’“Τi—Φjκ,{ω‚µ‚½,‚Θ‚µ
ή“,Τγ‚Λ‚η‚Ά,“ϊ–μ,–L“c‰w‘Oπ”Τ,132128,“‹“s,“ϊ–μs,“–L“c‚P’–Ϊ,2019-01-25,21,’“Τi—Φjκ,{ω‚µ‚½,‚Θ‚µ
ή“,Τγ‚Λ‚η‚Ά,“ϊ–μ,–L“c‰w‘Oπ”Τ,132128,“‹“s,“ϊ–μs,“–L“c‚R’–Ϊ,2019-04-11,17,κΛZ‘ξ,{ω‚µ‚½,‚Θ‚µ
ή“,Τγ‚Λ‚η‚Ά,“ϊ–μ,‘½–€•½π”Τ,132128,“‹“s,“ϊ–μs,‘½–€•½‚T’–Ϊ,2019-04-10,22,κΛZ‘ξ,{ω‚µ‚½,‚Θ‚µ
ή“,Τγ‚Λ‚η‚Ά,“ϊ–μ,‹{’“έ,132128,“‹“s,“ϊ–μs,‘εμ•Σ–x”V“ΰ,2019-01-25,19,κΛZ‘ξ,{ω‚µ‚½,‚ ‚θ
ή“,Τγ‚Λ‚η‚Ά,“ϊ–μ,‹{’“έ,132128,“‹“s,“ϊ–μs,‘εμ•Σ–x”V“ΰ,2019-04-05,20,κΛZ‘ξ,{ω‚µ‚½,‚ ‚θ
ή“,Τγ‚Λ‚η‚Ά,“ϊ–μ,‹{’“έ,132128,“‹“s,“ϊ–μs,‘εμ•Σ–x”V“ΰ,2019-04-05,22,κΛZ‘ξ,{ω‚µ‚½,‚ ‚θ
ή“,Τγ‚Λ‚η‚Ά,“ϊ–μ,“υ›’“έ,132128,“‹“s,“ϊ–μs,V’¬‚S’–Ϊ,2019-02-22,04,κΛZ‘ξ,{ω‚µ‚½,‚ ‚θ
ή“,Τγ‚Λ‚η‚Ά,“ϊ–μ,“υ›’“έ,132128,“‹“s,“ϊ–μs,V’¬‚S’–Ϊ,2019-12-05,21,κΛZ‘ξ,{ω‚µ‚½,‚ ‚θ
ή“,Τγ‚Λ‚η‚Ά,“ϊ–μ,“υ›’“έ,132128,“‹“s,“ϊ–μs,V’¬‚T’–Ϊ,2019-10-19,18,κΛZ‘ξ,{ω‚µ‚½,‚ ‚θ
ή“,Τγ‚Λ‚η‚Ά,“ϊ–μ,‘εβγ’“έ,132128,“‹“s,“ϊ–μs,“ϊ–μ‘δ‚P’–Ϊ,2019-05-22,02,κΛZ‘ξ,{ω‚µ‚½,‚ ‚θ
ή“,Τγ‚Λ‚η‚Ά,“ϊ–μ,‘εβγ’“έ,132128,“‹“s,“ϊ–μs,‘εβγ‚Q’–Ϊ,2019-05-13,22,’“Τi—Φjκ,{ω‚µ‚½,‚ ‚θ
ή“,Τγ‚Λ‚η‚Ά,“ϊ–μ,•½Rπ”Τ,132128,“‹“s,“ϊ–μs,•½R‚U’–Ϊ,2019-07-14,20,κΛZ‘ξ,{ω‚µ‚½,‚ ‚θ
ή“,Τγ‚Λ‚η‚Ά,“ϊ–μ,•S‘’c’nπ”Τ,132128,“‹“s,“ϊ–μs,Ό•½R‚T’–Ϊ,2019-11-22,22,“ΉHγ,{ω‚µ‚½,‚ ‚θ
ή“,Τγ‚Λ‚η‚Ά,“ϊ–μ,®‚ª‹u’“έ,132128,“‹“s,“ϊ–μs,®‚ª‹u‚T’–Ϊ,2019-03-03,21,κΛZ‘ξ,{ω‚µ‚½,‚Θ‚µ
ή“,Τγ‚Λ‚η‚Ά,“ϊ–μ,®‚ª‹u’“έ,132128,“‹“s,“ϊ–μs,®‚ª‹u‚T’–Ϊ,2019-03-03,23,“ΉHγ,{ω‚µ‚½,‚ ‚θ
ή“,Τγ‚Λ‚η‚Ά,“ϊ–μ,®‚ª‹u’“έ,132128,“‹“s,“ϊ–μs,Ό•½R‚T’–Ϊ,2019-07-18,19,‚»‚Μ‘Ό‚ΜZ‘ξi‚RK‚ΔΘ‰Ί‹¤“―Z‘ξ“™j,{ω‚µ‚½,‚ ‚θ
ή“,Τγ‚Λ‚η‚Ά,“ϊ–μ,®‚ª‹u’“έ,132128,“‹“s,“ϊ–μs,Ό•½R‚T’–Ϊ,2019-09-24,17,κΛZ‘ξ,{ω‚µ‚½,‚ ‚θ
ή“,Τγ‚Λ‚η‚Ά,“ϊ–μ,®‚ª‹u’“έ,132128,“‹“s,“ϊ–μs,Ό•½R‚T’–Ϊ,2019-11-22,20,κΛZ‘ξ,{ω‚µ‚½,‚ ‚θ
ή“,Τγ‚Λ‚η‚Ά,Ί“‡,•“‡π”Τ,132071,“‹“s,Ί“‡s,“’¬‚R’–Ϊ,2019-02-27,19,κΛZ‘ξ,{ω‚µ‚½,‚Θ‚µ
ή“,Τγ‚Λ‚η‚Ά,Ί“‡,‘½–€‘ε‹΄π”Τ,132071,“‹“s,Ί“‡s,’†_’¬‚Q’–Ϊ,2019-11-26,21,κΛZ‘ξ,{ω‚µ‚½,‚ ‚θ
ή“,Τγ‚Λ‚η‚Ά,Ί“‡,‘½–€‘ε‹΄π”Τ,132071,“‹“s,Ί“‡s,‹{‘ς’¬‚Q’–Ϊ,2019-03-11,00,’“Τi—Φjκ,{ω‚µ‚½,‚ ‚θ
ή“,Τγ‚Λ‚η‚Ά,Ί“‡,‘ε_’“έ,132071,“‹“s,Ί“‡s,‘ε_’¬‚R’–Ϊ,2019-01-17,23,‚»‚Μ‘Ό‚ΜZ‘ξi‚RK‚ΔΘ‰Ί‹¤“―Z‘ξ“™j,{ω‚µ‚½,‚ ‚θ
ή“,Τγ‚Λ‚η‚Ά,Ί“‡,‘ε_’“έ,132071,“‹“s,Ί“‡s,‘ε_’¬‚S’–Ϊ,2019-01-10,19,κΛZ‘ξ,{ω‚µ‚½,‚ ‚θ
ή“,Τγ‚Λ‚η‚Ά,Ί“‡,‘ε_’“έ,132071,“‹“s,Ί“‡s,‘ε_’¬‚S’–Ϊ,2019-01-10,20,‚SK‚ΔΘγ‹¤“―Z‘ξ,{ω‚µ‚½,‚ ‚θ
ή“,Τγ‚Λ‚η‚Ά,Ί“‡,‘ε_’“έ,132071,“‹“s,Ί“‡s,‘ε_’¬‚S’–Ϊ,2019-02-21,18,κΛZ‘ξ,{ω‚µ‚½,‚Θ‚µ
ή“,Τγ‚Λ‚η‚Ά,Ί“‡,‘ε_’“έ,132071,“‹“s,Ί“‡s,γμ΄’¬‚R’–Ϊ,2019-01-17,21,‚»‚Μ‘Ό‚ΜZ‘ξi‚RK‚ΔΘ‰Ί‹¤“―Z‘ξ“™j,{ω‚µ‚½,‚ ‚θ
ή“,Τγ‚Λ‚η‚Ά,Ί“‡,”q“‡’“έ,132071,“‹“s,Ί“‡s,“c’†’¬‚P’–Ϊ,2019-01-01,22,κΛZ‘ξ,{ω‚µ‚½,‚ ‚θ
ή“,Τγ‚Λ‚η‚Ά,Ί“‡,”q“‡’“έ,132071,“‹“s,Ί“‡s,“c’†’¬‚P’–Ϊ,2019-02-07,19,‚»‚Μ‘Ό‚ΜZ‘ξi‚RK‚ΔΘ‰Ί‹¤“―Z‘ξ“™j,{ω‚µ‚½,‚ ‚θ
ή“,Τγ‚Λ‚η‚Ά,Ί“‡,”q“‡’“έ,132071,“‹“s,Ί“‡s,—Ξ’¬‚R’–Ϊ,2019-01-17,20,‚»‚Μ‘Ό‚ΜZ‘ξi‚RK‚ΔΘ‰Ί‹¤“―Z‘ξ“™j,{ω‚µ‚½,‚Θ‚µ
ή“,Τγ‚Λ‚η‚Ά,Ί“‡,“’†_‰w‘Oπ”Τ,132071,“‹“s,Ί“‡s,’†_’¬,2019-09-04,23,κΛZ‘ξ,{ω‚µ‚½,‚ ‚θ
ή“,Τγ‚Λ‚η‚Ά,—§μ,‚Ό’¬π”Τ,132021,“‹“s,—§μs,‰h’¬‚Q’–Ϊ,2019-05-01,19,κΛZ‘ξ,{ω‚µ‚½,‚ ‚θ
ή“,Τγ‚Λ‚η‚Ά,—§μ,‚Ό’¬π”Τ,132021,“‹“s,—§μs,‰h’¬‚U’–Ϊ,2019-05-30,18,’“Τi—Φjκ,{ω‚µ‚½,‚ ‚θ
ή“,Τγ‚Λ‚η‚Ά,—§μ,•xm©’¬π”Τ,132021,“‹“s,—§μs,•xm©’¬‚U’–Ϊ,2019-07-30,20,κΛZ‘ξ,{ω‚µ‚½,‚ ‚θ
ή“,Τγ‚Λ‚η‚Ά,—§μ,“V‰¤‹΄π”Τ,132021,“‹“s,—§μs,γ»’¬‚S’–Ϊ,2019-03-29,19,’“Τi—Φjκ,{ω‚µ‚½,‚ ‚θ
ή“,Τγ‚Λ‚η‚Ά,—§μ,“V‰¤‹΄π”Τ,132021,“‹“s,—§μs,Ό»’¬‚U’–Ϊ,2019-04-15,22,κΛZ‘ξ,{ω‚µ‚½,‚ ‚θ
ή“,Τγ‚Λ‚η‚Ά,—§μ,»μl”Τπ”Τ,132021,“‹“s,—§μs,”’¬‚S’–Ϊ,2019-05-30,19,κΛZ‘ξ,{ω‚µ‚½,‚ ‚θ
ή“,Τγ‚Λ‚η‚Ά,—§μ,»μl”Τπ”Τ,132021,“‹“s,—§μs,»μ’¬‚U’–Ϊ,2019-04-17,23,κΛZ‘ξ,{ω‚µ‚½,‚ ‚θ
ή“,Τγ‚Λ‚η‚Ά,—§μ,»μl”Τπ”Τ,132021,“‹“s,—§μs,»μ’¬‚U’–Ϊ,2019-08-30,18,κΛZ‘ξ,{ω‚µ‚½,‚ ‚θ
ή“,Τγ‚Λ‚η‚Ά,—§μ,»μ”ª”Τπ”Τ,132021,“‹“s,—§μs,K’¬‚R’–Ϊ,2019-11-19,21,κΛZ‘ξ,{ω‚µ‚½,‚ ‚θ
ή“,Τγ‚Λ‚η‚Ά,—§μ,»μ”ª”Τπ”Τ,132021,“‹“s,—§μs,K’¬‚S’–Ϊ,2019-03-25,18,κΛZ‘ξ,{ω‚µ‚½,‚ ‚θ
ή“,Τγ‚Λ‚η‚Ά,—§μ,»μ”ª”Τπ”Τ,132021,“‹“s,—§μs,K’¬‚S’–Ϊ,2019-06-07,21,κΛZ‘ξ,{ω‚µ‚½,‚ ‚θ
ή“,Τγ‚Λ‚η‚Ά,—§μ,»μ”ª”Τπ”Τ,132021,“‹“s,—§μs,K’¬‚T’–Ϊ,2019-11-02,20,κΛZ‘ξ,{ω‚µ‚½,‚ ‚θ
ή“,Τγ‚Λ‚η‚Ά,—§μ,»μ”ª”Τπ”Τ,132021,“‹“s,—§μs,K’¬‚U’–Ϊ,2019-01-16,23,κΛZ‘ξ,{ω‚µ‚½,‚ ‚θ
ή“,Τγ‚Λ‚η‚Ά,—§μ,»μ”ª”Τπ”Τ,132021,“‹“s,—§μs,K’¬‚U’–Ϊ,2019-08-01,00,‚»‚Μ‘Ό‚ΜZ‘ξi‚RK‚ΔΘ‰Ί‹¤“―Z‘ξ“™j,{ω‚µ‚½,‚ ‚θ
ή“,Τγ‚Λ‚η‚Ά,—§μ,α—t’¬’“έ,132021,“‹“s,—§μs,α—t’¬‚R’–Ϊ,2019-04-08,22,‚»‚Μ‘Ό‚ΜZ‘ξi‚RK‚ΔΘ‰Ί‹¤“―Z‘ξ“™j,{ω‚µ‚½,‚ ‚θ
ή“,Τγ‚Λ‚η‚Ά,—§μ,α—t’¬’“έ,132021,“‹“s,—§μs,α—t’¬‚R’–Ϊ,2019-07-10,18,κΛZ‘ξ,{ω‚µ‚½,‚ ‚θ
ή“,Τγ‚Λ‚η‚Ά,•{’†,“•{’†‰w‘Oπ”Τ,132063,“‹“s,•{’†s,αΌ’¬‚S’–Ϊ,2019-10-14,22,κΛZ‘ξ,{ω‚µ‚½,‚ ‚θ
ή“,Τγ‚Λ‚η‚Ά,•{’†,‰h’¬π”Τ,132063,“‹“s,•{’†s,K’¬‚P’–Ϊ,2019-03-31,17,κΛZ‘ξ,{ω‚µ‚½,‚ ‚θ
ή“,Τγ‚Λ‚η‚Ά,•{’†,’†‰Ν΄π”Τ,132063,“‹“s,•{’†s,Z‹g’¬‚R’–Ϊ,2019-12-06,19,κΛZ‘ξ,{ω‚µ‚½,‚ ‚θ
ή“,Τγ‚Λ‚η‚Ά,•{’†,’†‰Ν΄π”Τ,132063,“‹“s,•{’†s,Z‹g’¬‚S’–Ϊ,2019-07-02,23,κΛZ‘ξ,{ω‚µ‚½,‚ ‚θ
ή“,Τγ‚Λ‚η‚Ά,•{’†,¥­π”Τ,132063,“‹“s,•{’†s,¬–φ’¬‚T’–Ϊ,2018-12-28,14,’“Τi—Φjκ,{ω‚µ‚½,‚Θ‚µ
ή“,Τγ‚Λ‚η‚Ά,•{’†,¥­π”Τ,132063,“‹“s,•{’†s,¥­‚P’–Ϊ,2019-01-15,19,’“Τi—Φjκ,{ω‚µ‚½,‚Θ‚µ
ή“,Τγ‚Λ‚η‚Ά,•{’†,¥­π”Τ,132063,“‹“s,•{’†s,¥­‚P’–Ϊ,2019-07-19,01,κΛZ‘ξ,{ω‚µ‚½,‚ ‚θ
ή“,Τγ‚Λ‚η‚Ά,•{’†,‘ζά’†wZ‘Oπ”Τ,132063,“‹“s,•{’†s,σΤ’¬‚S’–Ϊ,2019-01-19,20,κΛZ‘ξ,{ω‚µ‚½,‚ ‚θ
ή“,Τγ‚Λ‚η‚Ά,•{’†,‘ζά’†wZ‘Oπ”Τ,132063,“‹“s,•{’†s,σΤ’¬‚S’–Ϊ,2019-10-14,23,κΛZ‘ξ,{ω‚µ‚½,‚ ‚θ
ή“,Τγ‚Λ‚η‚Ά,•{’†,•ª”~’“έ,132063,“‹“s,•{’†s,•ª”~’¬‚P’–Ϊ,2019-03-17,19,‚SK‚ΔΘγ‹¤“―Z‘ξ,{ω‚µ‚½,‚ ‚θ
ή“,Τγ‚Λ‚η‚Ά,•{’†,”’…‘δπ”Τ,132063,“‹“s,•{’†s,”’…‘δ‚P’–Ϊ,2019-05-19,20,‚»‚Μ‘Ό‚ΜZ‘ξi‚RK‚ΔΘ‰Ί‹¤“―Z‘ξ“™j,{ω‚µ‚½,‚ ‚θ
ή“,Τγ‚Λ‚η‚Ά,•{’†,”’…‘δπ”Τ,132063,“‹“s,•{’†s,”’…‘δ‚T’–Ϊ,2019-05-07,07,’“Τi—Φjκ,{ω‚µ‚½,‚Θ‚µ
ή“,Τγ‚Λ‚η‚Ά,•{’†,”’…‘δπ”Τ,132063,“‹“s,•{’†s,”’…‘δ‚U’–Ϊ,2019-08-19,22,‚»‚Μ‘Ό,{ω‚µ‚½,‚ ‚θ
ή“,Τγ‚Λ‚η‚Ά,•{’†,Τ•Τ’c’n’“έ,132063,“‹“s,•{’†s,‰—§’¬‚Q’–Ϊ,2019-04-19,20,κΛZ‘ξ,{ω‚µ‚½,‚ ‚θ
ή“,Τγ‚Λ‚η‚Ά,•{’†,Τ•Τ’c’n’“έ,132063,“‹“s,•{’†s,‰—§’¬‚S’–Ϊ,2019-09-26,19,κΛZ‘ξ,{ω‚µ‚½,‚ ‚θ
ή“,Τγ‚Λ‚η‚Ά,¬‹ΰδ,Ρδ–k’¬π”Τ,132101,“‹“s,¬‹ΰδs,Ρδ–k’¬‚R’–Ϊ,2019-11-05,11,’“Τi—Φjκ,{ω‚µ‚½,‚Θ‚µ
ή“,Τγ‚Λ‚η‚Ά,¬‹ΰδ,³’¬’“έ,132144,“‹“s,‘•ª›s,“³’¬‚Q’–Ϊ,2019-09-08,20,“ΉHγ,{ω‚µ‚½,‚Θ‚µ
ή“,Τγ‚Λ‚η‚Ά,¬‹ΰδ,Λ‘q’“έ,132144,“‹“s,‘•ª›s,V’¬‚Q’–Ϊ,2019-03-31,20,κΛZ‘ξ,{ω‚µ‚½,‚Θ‚µ
ή“,Τγ‚Λ‚η‚Ά,¬‹ΰδ,υ’¬π”Τ,132144,“‹“s,‘•ª›s,•xm–{‚R’–Ϊ,2019-04-01,00,κΛZ‘ξ,{ω‚µ‚½,‚ ‚θ
ή“,Τγ‚Λ‚η‚Ά,¬‹ΰδ,Ό’¬π”Τ,132144,“‹“s,‘•ª›s,‚–Ψ’¬‚R’–Ϊ,2019-03-22,01,κΛZ‘ξ,{ω‚µ‚½,‚ ‚θ
ή“,Τγ‚Λ‚η‚Ά,¬‹ΰδ,Ό’¬π”Τ,132144,“‹“s,‘•ª›s,Ό’¬‚Q’–Ϊ,2019-04-08,18,κΛZ‘ξ,{ω‚µ‚½,‚ ‚θ
ή“,Τγ‚Λ‚η‚Ά,¬‹ΰδ,Ό‘•ª›‰w‘Oπ”Τ,132144,“‹“s,‘•ª›s,“ϊ‹g’¬‚P’–Ϊ,2019-03-08,17,’“Τi—Φjκ,{ω‚µ‚½,‚Θ‚µ
ή“,Τγ‚Λ‚η‚Ά,¬‹ΰδ,Ό‘•ª›‰w‘Oπ”Τ,132144,“‹“s,‘•ª›s,“ϊ‹g’¬‚P’–Ϊ,2019-07-12,21,κΛZ‘ξ,{ω‚µ‚½,‚ ‚θ
ή“,Τγ‚Λ‚η‚Ά,“c–³,“c–³‰w‘Oπ”Τ,132292,“‹“s,Ό“‹s,“μ’¬‚S’–Ϊ,2019-01-08,22,’“Τi—Φjκ,{ω‚µ‚½,‚ ‚θ
ή“,Τγ‚Λ‚η‚Ά,“c–³,–φ‘ς‰w‘Oπ”Τ,132292,“‹“s,Ό“‹s,•Ϋ’J’¬‚Q’–Ϊ,2019-09-12,18,’“Τi—Φjκ,{ω‚µ‚½,‚Θ‚µ
ή“,Τγ‚Λ‚η‚Ά,“c–³,‘κRπ”Τ,132225,“‹“s,“‹v—―•Δs,‘κR‚V’–Ϊ,2019-01-01,22,’“Τi—Φjκ,{ω‚µ‚½,‚Θ‚µ
ή“,Τγ‚Λ‚η‚Ά,“c–³,‘κRπ”Τ,132225,“‹“s,“‹v—―•Δs,‘O‘ς‚T’–Ϊ,2019-10-20,19,’“Τi—Φjκ,{ω‚µ‚½,‚Θ‚µ
ή“,Τγ‚Λ‚η‚Ά,“c–³,‘O‘ςπ”Τ,132225,“‹“s,“‹v—―•Δs,”ª”¦’¬‚R’–Ϊ,2019-11-29,18,κΛZ‘ξ,{ω‚µ‚½,‚ ‚θ
ή“,Τγ‚Λ‚η‚Ά,“‘ΊR,‰τ“c’“έ,132136,“‹“s,“‘ΊRs,”όZ’¬‚Q’–Ϊ,2019-01-05,00,‚»‚Μ‘Ό‚ΜZ‘ξi‚RK‚ΔΘ‰Ί‹¤“―Z‘ξ“™j,{ω‚µ‚½,‚ ‚θ
ή“,Τγ‚Λ‚η‚Ά,“‘ΊR,H’ΓO’–Ϊπ”Τ,132136,“‹“s,“‘ΊRs,H’Γ’¬‚Q’–Ϊ,2019-06-10,15,‚»‚Μ‘Ό,{ω‚µ‚½,‚Θ‚µ
ή“,Τγ‚Λ‚η‚Ά,“‘ΊR,H’Γ‰w‘Oπ”Τ,132136,“‹“s,“‘ΊRs,H’Γ’¬‚S’–Ϊ,2019-01-08,19,κΛZ‘ξ,{ω‚µ‚½,‚ ‚θ
ή“,Τγ‚Λ‚η‚Ά,“‘ΊR,H’Γ‰w‘Oπ”Τ,132136,“‹“s,“‘ΊRs,H’Γ’¬‚S’–Ϊ,2019-10-10,20,κΛZ‘ξ,{ω‚µ‚½,‚ ‚θ
ή“,Τγ‚Λ‚η‚Ά,“‘ΊR,®‚ª‹uπ”Τ,132217,“‹“s,΄£s,®‚ª‹u‚U’–Ϊ,2019-05-25,19,’“Τi—Φjκ,{ω‚µ‚½,‚Θ‚µ
ή“,Τγ‚Λ‚η‚Ά,“‘ΊR,®‚ª‹uπ”Τ,132217,“‹“s,΄£s,’†—Ά‚T’–Ϊ,2019-09-10,18,’“Τi—Φjκ,{ω‚µ‚½,‚Θ‚µ
ή“,Τγ‚Λ‚η‚Ά,“‘ΊR,‰Ί΄Λ’“έ,132217,“‹“s,΄£s,‰Ί΄Λ‚Q’–Ϊ,2019-04-20,16,’“Τi—Φjκ,{ω‚µ‚½,‚ ‚θ
ή“,Τγ‚Λ‚η‚Ά,“‘ΊR,‰Ί΄Λ’“έ,132217,“‹“s,΄£s,’†΄Λ‚S’–Ϊ,2019-04-20,19,‚SK‚ΔΘγ‹¤“―Z‘ξ,{ω‚µ‚½,‚Θ‚µ
ή“,Τγ‚Λ‚η‚Ά,“‘ΊR,‰Ί΄Λ’“έ,132217,“‹“s,΄£s,’†΄Λ‚T’–Ϊ,2019-04-20,22,‚»‚Μ‘Ό‚ΜZ‘ξi‚RK‚ΔΘ‰Ί‹¤“―Z‘ξ“™j,{ω‚µ‚½,‚ ‚θ
ή“,Τγ‚Λ‚η‚Ά,O‘ι,‘ε‘ςπ”Τ,132047,“‹“s,O‘ιs,[‘ε›‚Q’–Ϊ,2019-06-23,23,κΛZ‘ξ,{ω‚µ‚½,‚ ‚θ
ή“,Τγ‚Λ‚η‚Ά,O‘ι,“V•¶‘δ‰Ί’“έ,132047,“‹“s,O‘ιs,‘ε‘ς‚T’–Ϊ,2019-02-26,17,κΛZ‘ξ,{ω‚µ‚½,‚ ‚θ
ή“,Τγ‚Λ‚η‚Ά,O‘ι,“V•¶‘δ‰Ί’“έ,132047,“‹“s,O‘ιs,‘ε‘ς‚T’–Ϊ,2019-03-24,17,κΛZ‘ξ,{ω‚µ‚½,‚ ‚θ
ή“,Τγ‚Λ‚η‚Ά,O‘ι,“V•¶‘δ‰Ί’“έ,132047,“‹“s,O‘ιs,‘ε‘ς‚U’–Ϊ,2019-03-24,17,κΛZ‘ξ,{ω‚µ‚½,‚ ‚θ
ή“,Τγ‚Λ‚η‚Ά,O‘ι,–μθπ”Τ,132047,“‹“s,O‘ιs,–μθ‚P’–Ϊ,2019-12-12,16,‚»‚Μ‘Ό‚ΜZ‘ξi‚RK‚ΔΘ‰Ί‹¤“―Z‘ξ“™j,{ω‚µ‚½,‚ ‚θ
ή“,Τγ‚Λ‚η‚Ά,O‘ι,Vμπ”Τ,132047,“‹“s,O‘ιs,–΄—η‚T’–Ϊ,2019-03-19,00,κΛZ‘ξ,{ω‚µ‚½,‚ ‚θ
ή“,Τγ‚Λ‚η‚Ά,O‘ι,’†εμπ”Τ,132047,“‹“s,O‘ιs,’†΄‚Q’–Ϊ,2019-01-07,20,κΛZ‘ξ,{ω‚µ‚½,‚ ‚θ
ή“,Τγ‚Λ‚η‚Ά,O‘ι,’†΄’“έ,132047,“‹“s,O‘ιs,’†΄‚R’–Ϊ,2019-02-10,23,κΛZ‘ξ,{ω‚µ‚½,‚ ‚θ
ή“,Τγ‚Λ‚η‚Ά,O‘ι,–k–μ’“έ,132047,“‹“s,O‘ιs,–k–μ‚S’–Ϊ,2019-08-11,10,κΛZ‘ξ,{ω‚µ‚½,‚ ‚θ
ή“,Τγ‚Λ‚η‚Ά,’²•z,‰ΊΞ΄π”Τ,132080,“‹“s,’²•zs,‰ΊΞ΄‚P’–Ϊ,2019-01-16,17,’“Τi—Φjκ,{ω‚µ‚½,‚Θ‚µ
ή“,Τγ‚Λ‚η‚Ά,’²•z,γΞ΄π”Τ,132080,“‹“s,’²•zs,γΞ΄‚P’–Ϊ,2019-01-15,18,’“Τi—Φjκ,{ω‚µ‚½,‚Θ‚µ
ή“,Τγ‚Λ‚η‚Ά,’²•z,γΞ΄π”Τ,132080,“‹“s,’²•zs,•xm©’¬‚R’–Ϊ,2019-05-08,11,“ΉHγ,{ω‚µ‚½,‚ ‚θ
ή“,Τγ‚Λ‚η‚Ά,’²•z,‘—Μπ”Τ,132080,“‹“s,’²•zs,‘—Μ’¬‚S’–Ϊ,2019-04-28,19,’“Τi—Φjκ,{ω‚µ‚½,‚ ‚θ
ή“,Τγ‚Λ‚η‚Ά,’²•z,[‘ε›π”Τ,132080,“‹“s,’²•zs,[‘ε›“’¬‚R’–Ϊ,2019-04-27,01,’“Τi—Φjκ,{ω‚µ‚½,‚Θ‚µ
ή“,Τγ‚Λ‚η‚Ά,’²•z,[‘ε›π”Τ,132080,“‹“s,’²•zs,[‘ε›“’¬‚T’–Ϊ,2019-02-11,12,’“Τi—Φjκ,{ω‚µ‚½,‚ ‚θ
ή“,Τγ‚Λ‚η‚Ά,’²•z,[‘ε›π”Τ,132080,“‹“s,’²•zs,[‘ε›“’¬‚U’–Ϊ,2019-05-12,20,’“Τi—Φjκ,{ω‚µ‚½,‚Θ‚µ
ή“,Τγ‚Λ‚η‚Ά,’²•z,[‘ε›π”Τ,132080,“‹“s,’²•zs,[‘ε›“’¬‚V’–Ϊ,2019-06-19,22,κΛZ‘ξ,{ω‚µ‚½,‚ ‚θ
ή“,Τγ‚Λ‚η‚Ά,’²•z,A•¨φ‰€‘O’“έ,132080,“‹“s,’²•zs,[‘ε›–k’¬‚T’–Ϊ,2019-02-01,02,’“Τi—Φjκ,{ω‚µ‚½,‚ ‚θ
ή“,Τγ‚Λ‚η‚Ά,’²•z,A•¨φ‰€‘O’“έ,132080,“‹“s,’²•zs,[‘ε›–k’¬‚V’–Ϊ,2019-01-08,01,κΛZ‘ξ,{ω‚µ‚½,‚Θ‚µ
ή“,Τγ‚Λ‚η‚Ά,’²•z,‹e–μ‘δπ”Τ,132080,“‹“s,’²•zs,²{’¬‚S’–Ϊ,2019-01-26,10,κΛZ‘ξ,{ω‚µ‚½,‚Θ‚µ
ή“,Τγ‚Λ‚η‚Ά,’²•z,βΛπ”Τ,132195,“‹“s,]s,βΛ“μ‚Q’–Ϊ,2018-12-29,15,’“Τi—Φjκ,{ω‚µ‚½,‚Θ‚µ
ή“,Τγ‚Λ‚η‚Ά,’²•z,¬oπ”Τ,132195,“‹“s,]s,Ό–μμ‚R’–Ϊ,2019-09-17,01,κΛZ‘ξ,{ω‚µ‚½,‚Θ‚µ
ή“,Τγ‚Λ‚η‚Ά,’²•z,”ς“c‹‹‰w‘Oπ”Τ,132080,“‹“s,’²•zs,”ς“c‹‹‚Q’–Ϊ,2019-06-18,20,’“Τi—Φjκ,{ω‚µ‚½,‚Θ‚µ
ή“,Τγ‚Λ‚η‚Ά,’²•z,”ς“c‹‹‰w‘Oπ”Τ,132080,“‹“s,’²•zs,”ς“c‹‹‚R’–Ϊ,2019-04-17,17,‚»‚Μ‘Ό‚ΜZ‘ξi‚RK‚ΔΘ‰Ί‹¤“―Z‘ξ“™j,{ω‚µ‚½,‚Θ‚µ
ή“,Τγ‚Λ‚η‚Ά,’²•z,”ς“c‹‹‰w‘Oπ”Τ,132080,“‹“s,’²•zs,”ς“c‹‹‚R’–Ϊ,2019-04-19,21,’“Τi—Φjκ,{ω‚µ‚½,‚Θ‚µ
ή“,Τγ‚Λ‚η‚Ά,’²•z,”ς“c‹‹‰w‘Oπ”Τ,132080,“‹“s,’²•zs,”ς“c‹‹‚R’–Ϊ,2019-10-09,21,“ΉHγ,{ω‚µ‚½,‚Θ‚µ
ή“,Τγ‚Λ‚η‚Ά,¬•½,‰Τ¬‹ΰδ‰w‘Oπ”Τ,132110,“‹“s,¬•½s,—ι–Ψ’¬‚P’–Ϊ,2019-03-31,00,’“Τi—Φjκ,{ω‚µ‚½,‚Θ‚µ
ή“,Τγ‚Λ‚η‚Ά,¬•½,w‰€“π”Τ,132110,“‹“s,¬•½s,—ι–Ψ’¬‚P’–Ϊ,2019-03-28,17,‚»‚Μ‘Ό‚ΜZ‘ξi‚RK‚ΔΘ‰Ί‹¤“―Z‘ξ“™j,{ω‚µ‚½,‚Θ‚µ
ή“,Τγ‚Λ‚η‚Ά,¬•½,w‰€“π”Τ,132110,“‹“s,¬•½s,—ι–Ψ’¬‚P’–Ϊ,2019-03-28,23,’“Τi—Φjκ,{ω‚µ‚½,‚Θ‚µ
ή“,Τγ‚Λ‚η‚Ά,¬•½,w‰€“π”Τ,132110,“‹“s,¬•½s,—ι–Ψ’¬‚P’–Ϊ,2019-03-29,02,‚»‚Μ‘Ό‚ΜZ‘ξi‚RK‚ΔΘ‰Ί‹¤“―Z‘ξ“™j,{ω‚µ‚½,‚Θ‚µ
ή“,Τγ‚Λ‚η‚Ά,¬•½,w‰€“π”Τ,132110,“‹“s,¬•½s,‰ρ“c’¬,2019-01-13,22,κΛZ‘ξ,{ω‚µ‚½,‚ ‚θ
ή“,Τγ‚Λ‚η‚Ά,¬•½,w‰€Ό’¬π”Τ,132110,“‹“s,¬•½s,γ…–{’¬‚S’–Ϊ,2019-10-14,17,’“Τi—Φjκ,{ω‚µ‚½,‚Θ‚µ
ή“,Τγ‚Λ‚η‚Ά,¬•½,‘ι‚Μ‘δ‰w‘Oπ”Τ,132110,“‹“s,¬•½s,γ…–{’¬‚R’–Ϊ,2019-01-22,20,κΛZ‘ξ,{ω‚µ‚½,‚Θ‚µ
ή“,Τγ‚Λ‚η‚Ά,¬•½,μ•½‹΄’“έ,132110,“‹“s,¬•½s,γ…“μ’¬‚Q’–Ϊ,2019-03-28,19,κΛZ‘ξ,{ω‚µ‚½,‚Θ‚µ
ή“,Τγ‚Λ‚η‚Ά,¬•½,γhπ”Τ,132110,“‹“s,¬•½s,¬μ’¬‚P’–Ϊ,2019-03-11,20,’“Τi—Φjκ,{ω‚µ‚½,‚ ‚θ
ή“,Τγ‚Λ‚η‚Ά,¬•½,γhπ”Τ,132110,“‹“s,¬•½s,γ…V’¬‚P’–Ϊ,2019-07-02,19,’“Τi—Φjκ,{ω‚µ‚½,‚ ‚θ
ή“,Τγ‚Λ‚η‚Ά,¬•½,γhπ”Τ,132110,“‹“s,¬•½s,’†“‡’¬,2019-03-04,23,κΛZ‘ξ,{ω‚µ‚½,‚ ‚θ
ή“,Τγ‚Λ‚η‚Ά,’†‰›,–{’¬π”Τ,131024,“‹“s,’†‰›‹ζ,“ϊ–{‹΄¬“`”n’¬,2019-05-31,06,“ΉHγ,{ω‚Ή‚Έ,‚ ‚θ
ή“,Τγ‚Λ‚η‚Ά,’†‰›,–{’¬π”Τ,131024,“‹“s,’†‰›‹ζ,“ϊ–{‹΄¬“`”n’¬,2019-09-03,02,“ΉHγ,{ω‚Ή‚Έ,‚ ‚θ
ή“,Τγ‚Λ‚η‚Ά,’†‰›,“ϊ–{‹΄π”Τ,131024,“‹“s,’†‰›‹ζ,”ªdF‚P’–Ϊ,2019-02-07,09,“ΉHγ,{ω‚Ή‚Έ,‚ ‚θ
ή“,Τγ‚Λ‚η‚Ά,’†‰›,”ªdF’Κπ”Τ,131024,“‹“s,’†‰›‹ζ,”ªdF‚Q’–Ϊ,2019-04-11,15,’“Τi—Φjκ,{ω‚Ή‚Έ,‚ ‚θ
ή“,Τγ‚Λ‚η‚Ά,’†‰›,‚‹΄π”Τ,131024,“‹“s,’†‰›‹ζ,Vμ‚Q’–Ϊ,2019-02-08,01,’“Τi—Φjκ,{ω‚Ή‚Έ,‚ ‚θ
ή“,Τγ‚Λ‚η‚Ά,[μ,Z‹gπ”Τ,131083,“‹“s,]“‹ζ,Z‹g‚Q’–Ϊ,2019-09-25,22,“ΉHγ,{ω‚Ή‚Έ,‚ ‚θ
ή“,Τγ‚Λ‚η‚Ά,[μ,Z‹gπ”Τ,131083,“‹“s,]“‹ζ,–Ρ—‚Q’–Ϊ,2019-08-07,19,‚»‚Μ‘Ό,{ω‚Ή‚Έ,‚Θ‚µ
ή“,Τγ‚Λ‚η‚Ά,[μ,“—zπ”Τ,131083,“‹“s,]“‹ζ,“—z‚P’–Ϊ,2019-10-02,13,‚»‚Μ‘Ό,{ω‚Ή‚Έ,‚ ‚θ
ή“,Τγ‚Λ‚η‚Ά,[μ,“—zπ”Τ,131083,“‹“s,]“‹ζ,“—z‚R’–Ϊ,2019-02-12,19,“ΉHγ,{ω‚Ή‚Έ,‚Θ‚µ
ή“,Τγ‚Λ‚η‚Ά,[μ,“—zπ”Τ,131083,“‹“s,]“‹ζ,“—z‚R’–Ϊ,2019-11-02,12,“ΉHγ,{ω‚Ή‚Έ,‚ ‚θ
ή“,Τγ‚Λ‚η‚Ά,[μ,“—zπ”Τ,131083,“‹“s,]“‹ζ,“—z‚S’–Ϊ,2019-01-19,15,’“Τi—Φjκ,{ω‚Ή‚Έ,‚Θ‚µ
ή“,Τγ‚Λ‚η‚Ά,[μ,“—zπ”Τ,131083,“‹“s,]“‹ζ,“—z‚S’–Ϊ,2019-01-22,19,’“Τi—Φjκ,{ω‚Ή‚Έ,‚Θ‚µ
ή“,Τγ‚Λ‚η‚Ά,[μ,–ε‘O’‡’¬π”Τ,131083,“‹“s,]“‹ζ,•x‰ª‚P’–Ϊ,2019-08-08,21,“ΉHγ,{ω‚Ή‚Έ,‚ ‚θ
ή“,Τγ‚Λ‚η‚Ά,[μ,–ε‘O’‡’¬π”Τ,131083,“‹“s,]“‹ζ,•x‰ª‚P’–Ϊ,2019-10-05,17,‚»‚Μ‘Ό,{ω‚Ή‚Έ,‚Θ‚µ
ή“,Τγ‚Λ‚η‚Ά,[μ,–ε‘O’‡’¬π”Τ,131083,“‹“s,]“‹ζ,–ε‘O’‡’¬‚Q’–Ϊ,2019-02-20,18,’“Τi—Φjκ,{ω‚Ή‚Έ,‚ ‚θ
ή“,Τγ‚Λ‚η‚Ά,[μ,η“cπ”Τ,131083,“‹“s,]“‹ζ,“—z‚U’–Ϊ,2019-01-12,15,‚»‚Μ‘Ό,{ω‚Ή‚Έ,‚Θ‚µ
ή“,Τγ‚Λ‚η‚Ά,[μ,η“cπ”Τ,131083,“‹“s,]“‹ζ,“—z‚U’–Ϊ,2019-03-31,11,‚»‚Μ‘Ό,{ω‚Ή‚Έ,‚ ‚θ
ή“,Τγ‚Λ‚η‚Ά,[μ,η“cπ”Τ,131083,“‹“s,]“‹ζ,“—z‚U’–Ϊ,2019-10-22,11,‚»‚Μ‘Ό,{ω‚Ή‚Έ,‚Θ‚µ
ή“,Τγ‚Λ‚η‚Ά,[μ,–LFπ”Τ,131083,“‹“s,]“‹ζ,–LF‚Q’–Ϊ,2019-05-26,10,’“Τi—Φjκ,{ω‚Ή‚Έ,‚Θ‚µ
ή“,Τγ‚Λ‚η‚Ά,[μ,–LFπ”Τ,131083,“‹“s,]“‹ζ,–LF‚Q’–Ϊ,2019-06-07,18,’“Τi—Φjκ,{ω‚Ή‚Έ,‚Θ‚µ
ή“,Τγ‚Λ‚η‚Ά,[μ,–LFπ”Τ,131083,“‹“s,]“‹ζ,–LF‚Q’–Ϊ,2019-09-27,19,‚»‚Μ‘Ό,{ω‚Ή‚Έ,‚Θ‚µ
ή“,Τγ‚Λ‚η‚Ά,[μ,–LFπ”Τ,131083,“‹“s,]“‹ζ,–LF‚R’–Ϊ,2019-09-27,11,’“Τi—Φjκ,{ω‚Ή‚Έ,‚Θ‚µ
ή“,Τγ‚Λ‚η‚Ά,[μ,–LFπ”Τ,131083,“‹“s,]“‹ζ,–LF‚S’–Ϊ,2019-01-04,16,‚SK‚ΔΘγ‹¤“―Z‘ξ,{ω‚Ή‚Έ,‚ ‚θ
ή“,Τγ‚Λ‚η‚Ά,[μ,–LFπ”Τ,131083,“‹“s,]“‹ζ,–LF‚U’–Ϊ,2019-09-10,09,‚SK‚ΔΘγ‹¤“―Z‘ξ,{ω‚Ή‚Έ,‚Θ‚µ
ή“,Τγ‚Λ‚η‚Ά,[μ,»‘γ”όpΩ‘Oπ”Τ,131083,“‹“s,]“‹ζ,–Ψκ‚R’–Ϊ,2019-07-18,17,‚SK‚ΔΘγ‹¤“―Z‘ξ,{ω‚Ή‚Έ,‚Θ‚µ
ή“,Τγ‚Λ‚η‚Ά,[μ,}μπ”Τ,131083,“‹“s,]“‹ζ,‰z’†“‡‚R’–Ϊ,2019-06-13,17,‚SK‚ΔΘγ‹¤“―Z‘ξ,{ω‚Ή‚Έ,‚ ‚θ
ή“,Τγ‚Λ‚η‚Ά,[μ,}μπ”Τ,131083,“‹“s,]“‹ζ,ΓΞκ‚Q’–Ϊ,2019-04-05,17,κΛZ‘ξ,{ω‚Ή‚Έ,‚ ‚θ
ή“,Τγ‚Λ‚η‚Ά,[μ,΄’λ‰€‘Oπ”Τ,131083,“‹“s,]“‹ζ,OD‚P’–Ϊ,2019-04-23,11,“ΉHγ,{ω‚Ή‚Έ,‚ ‚θ
ή“,Τγ‚Λ‚η‚Ά,’¬,’¬l’–Ϊπ”Τ,131016,“‹“s,η‘γ“c‹ζ,‰ΰ‚ªΦ‚Q’–Ϊ,2019-01-26,08,‚»‚Μ‘Ό,{ω‚Ή‚Έ,‚ ‚θ
ή“,Τγ‚Λ‚η‚Ά,’¬,’¬l’–Ϊπ”Τ,131016,“‹“s,η‘γ“c‹ζ,’¬‚R’–Ϊ,2019-01-08,10,“ΉHγ,{ω‚Ή‚Έ,‚ ‚θ
ή“,Τγ‚Λ‚η‚Ά,’¬,’¬l’–Ϊπ”Τ,131016,“‹“s,η‘γ“c‹ζ,’¬‚R’–Ϊ,2019-02-20,08,’“Τi—Φjκ,{ω‚Ή‚Έ,‚ ‚θ
ή“,Τγ‚Λ‚η‚Ά,’¬,’¬l’–Ϊπ”Τ,131016,“‹“s,η‘γ“c‹ζ,•½‰Ν’¬‚Q’–Ϊ,2019-02-08,11,‚»‚Μ‘Ό,{ω‚Ή‚Έ,‚Θ‚µ
ή“,Τγ‚Λ‚η‚Ά,’¬,sƒP’J©•tπ”Τ,131016,“‹“s,η‘γ“c‹ζ,‹γ’i“μ‚S’–Ϊ,2019-06-07,10,’“Τi—Φjκ,{ω‚Ή‚Έ,‚Θ‚µ
ή“,Τγ‚Λ‚η‚Ά,’¬,”Ρ“c‹΄‰w‘Oπ”Τ,131016,“‹“s,η‘γ“c‹ζ,•xm©‚Q’–Ϊ,2019-11-07,09,’“Τi—Φjκ,{ω‚Ή‚Έ,‚Θ‚µ
ή“,Τγ‚Λ‚η‚Ά,Ϋ‚Μ“ΰ,—Ly’¬‰w‘Oπ”Τ,131016,“‹“s,η‘γ“c‹ζ,Ϋ‚Μ“ΰ‚R’–Ϊ,2019-03-17,09,’“Τi—Φjκ,{ω‚Ή‚Έ,‚ ‚θ
ή“,Τγ‚Λ‚η‚Ά,Ϋ‚Μ“ΰ,a“c‘q–εOπ”Τ,131016,“‹“s,η‘γ“c‹ζ,Ϋ‚Μ“ΰ‚P’–Ϊ,2019-08-17,11,“ΉHγ,{ω‚Ή‚Έ,‚Θ‚µ
ή“,Τγ‚Λ‚η‚Ά,_“c,‚¨’ƒ‚Μ…π”Τ,131016,“‹“s,η‘γ“c‹ζ,_“cx‰Ν‘δ‚Q’–Ϊ,2019-04-12,20,‚»‚Μ‘Ό,{ω‚Ή‚Έ,‚ ‚θ
ή“,Τγ‚Λ‚η‚Ά,_“c,‚¨’ƒ‚Μ…π”Τ,131016,“‹“s,η‘γ“c‹ζ,_“c‹Ρ’¬‚Q’–Ϊ,2019-09-05,14,“ΉHγ,{ω‚Ή‚Έ,‚ ‚θ
ή“,Τγ‚Λ‚η‚Ά,_“c,…“Ή‹΄‰w‘Oπ”Τ,131016,“‹“s,η‘γ“c‹ζ,_“c_•Ϋ’¬‚Q’–Ϊ,2019-09-02,17,“ΉHγ,{ω‚Ή‚Έ,‚ ‚θ
ή“,Τγ‚Λ‚η‚Ά,–Ά‹΄,_“c‰wπ”Τ,131016,“‹“s,η‘γ“c‹ζ,_“c{“c’¬‚Q’–Ϊ,2019-02-10,04,“ΉHγ,{ω‚Ή‚Έ,‚ ‚θ
ή“,Τγ‚Λ‚η‚Ά,–Ά‹΄,”ό‘q‹΄π”Τ,131016,“‹“s,η‘γ“c‹ζ,_“caς’¬,2019-11-09,21,‚»‚Μ‘Ό,{ω‚Ή‚Έ,‚Θ‚µ
ή“,Τγ‚Λ‚η‚Ά,–Ά‹΄,”ό‘q‹΄π”Τ,131016,“‹“s,η‘γ“c‹ζ,_“c²‹vΤ’¬‚R’–Ϊ,2019-11-22,13,“ΉHγ,{ω‚Ή‚Έ,‚ ‚θ
ή“,Τγ‚Λ‚η‚Ά,–Ά‹΄,”ό‘q‹΄π”Τ,131016,“‹“s,η‘γ“c‹ζ,“_“c‚R’–Ϊ,2019-12-27,16,“ΉHγ,{ω‚Ή‚Έ,‚ ‚θ
ή“,Τγ‚Λ‚η‚Ά,–Ά‹΄,H—t΄π”Τ,131016,“‹“s,η‘γ“c‹ζ,_“c—ϋ•»’¬,2019-01-22,12,’“Τi—Φjκ,{ω‚Ή‚Έ,‚Θ‚µ
ή“,Τγ‚Λ‚η‚Ά,–Ά‹΄,H—t΄π”Τ,131016,“‹“s,η‘γ“c‹ζ,_“c—ϋ•»’¬,2019-12-23,14,’“Τi—Φjκ,{ω‚Ή‚Έ,‚Θ‚µ
ή“,Τγ‚Λ‚η‚Ά,–Ά‹΄,H—t΄π”Τ,131016,“‹“s,η‘γ“c‹ζ,_“cΌ‰i’¬,2019-10-23,22,’“Τi—Φjκ,{ω‚Ή‚Έ,‚Θ‚µ
ή“,Τγ‚Λ‚η‚Ά,–Ά‹΄,H—t΄π”Τ,131016,“‹“s,η‘γ“c‹ζ,O_“c‚P’–Ϊ,2019-04-20,23,“ΉHγ,{ω‚Ή‚Έ,‚Θ‚µ
ή“,Τγ‚Λ‚η‚Ά,–Ά‹΄,H—t΄π”Τ,131016,“‹“s,η‘γ“c‹ζ,O_“c‚P’–Ϊ,2019-07-26,22,“ΉHγ,{ω‚Ή‚Έ,‚Θ‚µ
ή“,Τγ‚Λ‚η‚Ά,–Ά‹΄,H—t΄π”Τ,131016,“‹“s,η‘γ“c‹ζ,O_“c‚P’–Ϊ,2019-12-09,06,“ΉHγ,{ω‚Ή‚Έ,‚ ‚θ
ή“,Τγ‚Λ‚η‚Ά,–Ά‹΄,H—t΄π”Τ,131016,“‹“s,η‘γ“c‹ζ,O_“c‚R’–Ϊ,2019-08-11,16,“ΉHγ,{ω‚Ή‚Έ,‚Θ‚µ
ή“,Τγ‚Λ‚η‚Ά,–Ά‹΄,H—t΄π”Τ,131016,“‹“s,η‘γ“c‹ζ,O_“c‚S’–Ϊ,2019-11-14,18,’“Τi—Φjκ,{ω‚Ή‚Έ,‚Θ‚µ
ή“,Τγ‚Λ‚η‚Ά,–Ά‹΄,H—t΄π”Τ,131016,“‹“s,η‘γ“c‹ζ,O_“c‚S’–Ϊ,2019-12-16,15,’“Τi—Φjκ,{ω‚Ή‚Έ,‚Θ‚µ
ή“,Τγ‚Λ‚η‚Ά,–Ά‹΄,H—t΄π”Τ,131016,“‹“s,η‘γ“c‹ζ,O_“c‚T’–Ϊ,2019-08-29,11,“ΉHγ,{ω‚Ή‚Έ,‚ ‚θ
ή“,Τγ‚Λ‚η‚Ά,‹vΌ,•l’¬π”Τ,131024,“‹“s,’†‰›‹ζ,“ϊ–{‹΄•l’¬‚P’–Ϊ,2019-06-11,15,“ΉHγ,{ω‚Ή‚Έ,‚Θ‚µ
ή“,Τγ‚Λ‚η‚Ά,‹vΌ,““ϊ–{‹΄π”Τ,131024,“‹“s,’†‰›‹ζ,“ϊ–{‹΄”n‹ς’¬‚P’–Ϊ,2019-09-24,01,“ΉHγ,{ω‚Ή‚Έ,‚Θ‚µ
ή“,Τγ‚Λ‚η‚Ά,‹vΌ,““ϊ–{‹΄π”Τ,131024,“‹“s,’†‰›‹ζ,“ϊ–{‹΄‰΅R’¬,2019-03-14,11,“ΉHγ,{ω‚Ή‚Έ,‚ ‚θ
ή“,Τγ‚Λ‚η‚Ά,‹vΌ,–β‰®‹΄π”Τ,131024,“‹“s,’†‰›‹ζ,“ϊ–{‹΄•x‘ς’¬,2019-09-21,16,’“Τi—Φjκ,{ω‚Ή‚Έ,‚Θ‚µ
ή“,Τγ‚Λ‚η‚Ά,’z’n,‹βΐκ’–Ϊπ”Τ,131024,“‹“s,’†‰›‹ζ,‹βΐ‚P’–Ϊ,2019-02-10,07,“ΉHγ,{ω‚Ή‚Έ,‚ ‚θ
ή“,Τγ‚Λ‚η‚Ά,’z’n,‹βΐκ’–Ϊπ”Τ,131024,“‹“s,’†‰›‹ζ,‹βΐ‚P’–Ϊ,2019-09-27,10,“ΉHγ,{ω‚Ή‚Έ,‚Θ‚µ
ή“,Τγ‚Λ‚η‚Ά,’z’n,‹βΐκ’–Ϊπ”Τ,131024,“‹“s,’†‰›‹ζ,‹βΐ‚P’–Ϊ,2019-10-20,10,“ΉHγ,{ω‚Ή‚Έ,‚Θ‚µ
ή“,Τγ‚Λ‚η‚Ά,’z’n,”ρ‰®‹΄π”Τ,131024,“‹“s,’†‰›‹ζ,‹βΐ‚S’–Ϊ,2019-01-15,20,“ΉHγ,{ω‚Ή‚Έ,‚ ‚θ
ή“,Τγ‚Λ‚η‚Ά,’z’n,‹βΐ”ª’–Ϊπ”Τ,131024,“‹“s,’†‰›‹ζ,‹βΐ‚T’–Ϊ,2019-12-14,08,“ΉHγ,{ω‚Ή‚Έ,‚Θ‚µ
ή“,Τγ‚Λ‚η‚Ά,’z’n,‹βΐ”ª’–Ϊπ”Τ,131024,“‹“s,’†‰›‹ζ,‹βΐ‚U’–Ϊ,2019-05-08,11,“ΉHγ,{ω‚Ή‚Έ,‚ ‚θ
ή“,Τγ‚Λ‚η‚Ά,’z’n,¬“c΄’¬π”Τ,131024,“‹“s,’†‰›‹ζ,’z’n‚V’–Ϊ,2019-08-03,13,“ΉHγ,{ω‚Ή‚Έ,‚ ‚θ
ή“,Τγ‚Λ‚η‚Ά,’z’n,’†‰›sκπ”Τ,131024,“‹“s,’†‰›‹ζ,’z’n‚S’–Ϊ,2019-06-28,09,“ΉHγ,{ω‚Ή‚Έ,‚ ‚θ
ή“,Τγ‚Λ‚η‚Ά,’z’n,V•x’¬π”Τ,131024,“‹“s,’†‰›‹ζ,V•x‚Q’–Ϊ,2019-01-08,16,“ΉHγ,{ω‚Ή‚Έ,‚ ‚θ
ή“,Τγ‚Λ‚η‚Ά,’z’n,V•x’¬π”Τ,131024,“‹“s,’†‰›‹ζ,V•x‚Q’–Ϊ,2019-10-15,19,“ΉHγ,{ω‚Ή‚Έ,‚ ‚θ
ή“,Τγ‚Λ‚η‚Ά,“‡,‚Η‚«‹΄π”Τ,131024,“‹“s,’†‰›‹ζ,‚Η‚«‚Q’–Ϊ,2019-05-15,09,‚»‚Μ‘Ό,{ω‚Ή‚Έ,‚ ‚θ
ή“,Τγ‚Λ‚η‚Ά,“‡,‚Η‚«‹΄π”Τ,131024,“‹“s,’†‰›‹ζ,“‡‚R’–Ϊ,2019-08-27,16,“ΉHγ,{ω‚Ή‚Έ,‚ ‚θ
ή“,Τγ‚Λ‚η‚Ά,“‡,°CO’–Ϊπ”Τ,131024,“‹“s,’†‰›‹ζ,°C‚P’–Ϊ,2019-03-02,20,‚SK‚ΔΘγ‹¤“―Z‘ξ,{ω‚Ή‚Έ,‚Θ‚µ
ή“,Τγ‚Λ‚η‚Ά,“‡,°CO’–Ϊπ”Τ,131024,“‹“s,’†‰›‹ζ,°C‚P’–Ϊ,2019-12-04,09,’“Τi—Φjκ,{ω‚Ή‚Έ,‚Θ‚µ
ή“,Τγ‚Λ‚η‚Ά,¤“†,Υ‚Μ–επ”Τ,131032,“‹“s,`‹ζ,Υƒm–ε‚R’–Ϊ,2019-04-09,11,“ΉHγ,{ω‚Ή‚Έ,‚ ‚θ
ή“,Τγ‚Λ‚η‚Ά,¤“†,Υ‚Μ–επ”Τ,131032,“‹“s,`‹ζ,Υƒm–ε‚T’–Ϊ,2019-06-15,08,’“Τi—Φjκ,{ω‚Ή‚Έ,‚ ‚θ
ή“,Τγ‚Λ‚η‚Ά,¤“†,V‹΄‰w‘Oπ”Τ,131032,“‹“s,`‹ζ,V‹΄‚Q’–Ϊ,2019-11-29,17,’“Τi—Φjκ,{ω‚Ή‚Έ,‚Θ‚µ
ή“,Τγ‚Λ‚η‚Ά,¤“†,V‹΄‰w‘Oπ”Τ,131032,“‹“s,`‹ζ,V‹΄‚Q’–Ϊ,2019-12-25,13,“ΉHγ,{ω‚Ή‚Έ,‚ ‚θ
ή“,Τγ‚Λ‚η‚Ά,¤“†,V‹΄‰w‘Oπ”Τ,131032,“‹“s,`‹ζ,V‹΄‚R’–Ϊ,2019-01-08,14,’“Τi—Φjκ,{ω‚Ή‚Έ,‚Θ‚µ
ή“,Τγ‚Λ‚η‚Ά,¤“†,V‹΄‰w‘Oπ”Τ,131032,“‹“s,`‹ζ,V‹΄‚R’–Ϊ,2019-09-25,11,’“Τi—Φjκ,{ω‚Ή‚Έ,‚Θ‚µ
ή“,Τγ‚Λ‚η‚Ά,¤“†,“V‹΄π”Τ,131032,“‹“s,`‹ζ,V‹΄‚T’–Ϊ,2019-02-11,13,“ΉHγ,{ω‚Ή‚Έ,‚ ‚θ
ή“,Τγ‚Λ‚η‚Ά,¤“†,“V‹΄π”Τ,131032,“‹“s,`‹ζ,“V‹΄‚P’–Ϊ,2019-11-18,07,’“Τi—Φjκ,{ω‚Ή‚Έ,‚ ‚θ
ή“,Τγ‚Λ‚η‚Ά,¤“†,‘ε–επ”Τ,131032,“‹“s,`‹ζ,Ε‘ε–ε‚Q’–Ϊ,2019-01-21,09,“ΉHγ,{ω‚Ή‚Έ,‚ ‚θ
ή“,Τγ‚Λ‚η‚Ά,O“c,O“cj’¬π”Τ,131032,“‹“s,`‹ζ,O“c‚S’–Ϊ,2019-06-08,12,’“Τi—Φjκ,{ω‚Ή‚Έ,‚Θ‚µ
ή“,Τγ‚Λ‚η‚Ά,O“c,O“c’Κπ”Τ,131032,“‹“s,`‹ζ,Ε‚T’–Ϊ,2019-06-02,21,‚»‚Μ‘Ό,{ω‚Ή‚Έ,‚ ‚θ
ή“,Τγ‚Λ‚η‚Ά,O“c,O“c’Κπ”Τ,131032,“‹“s,`‹ζ,Ε‚T’–Ϊ,2019-12-21,15,’“Τi—Φjκ,{ω‚Ή‚Έ,‚Θ‚µ
ή“,Τγ‚Λ‚η‚Ά,O“c,O“c’Κπ”Τ,131032,“‹“s,`‹ζ,O“c‚P’–Ϊ,2019-02-06,15,’“Τi—Φjκ,{ω‚Ή‚Έ,‚ ‚θ
ή“,Τγ‚Λ‚η‚Ά,O“c,O“c’Κπ”Τ,131032,“‹“s,`‹ζ,O“c‚P’–Ϊ,2019-05-22,09,’“Τi—Φjκ,{ω‚Ή‚Έ,‚Θ‚µ
ή“,Τγ‚Λ‚η‚Ά,O“c,“c’¬‰w“ϋπ”Τ,131032,“‹“s,`‹ζ,Ε‰Y‚P’–Ϊ,2019-06-24,12,’“Τi—Φjκ,{ω‚Ή‚Έ,‚ ‚θ
ή“,Τγ‚Λ‚η‚Ά,O“c,“c’¬‰w“ϋπ”Τ,131032,“‹“s,`‹ζ,Ε‰Y‚P’–Ϊ,2019-06-26,12,’“Τi—Φjκ,{ω‚Ή‚Έ,‚ ‚θ
ή“,Τγ‚Λ‚η‚Ά,O“c,“c’¬‰w“ϋπ”Τ,131032,“‹“s,`‹ζ,Ε‰Y‚S’–Ϊ,2019-06-24,09,“ΉHγ,{ω‚Ή‚Έ,‚Θ‚µ
ή“,Τγ‚Λ‚η‚Ά,O“c,Cέ’Κπ”Τ,131032,“‹“s,`‹ζ,Cέ‚R’–Ϊ,2019-01-05,18,“ΉHγ,{ω‚Ή‚Έ,‚ ‚θ
ή“,Τγ‚Λ‚η‚Ά,‚—Φ,•iμ‰w`“μϋπ”Τ,131032,“‹“s,`‹ζ,`“μ‚Q’–Ϊ,2019-11-28,18,‚»‚Μ‘Ό,{ω‚Ή‚Έ,‚ ‚θ
ή“,Τγ‚Λ‚η‚Ά,‚—Φ,”’‹ΰOυ’¬π”Τ,131032,“‹“s,`‹ζ,”’‹ΰ‚R’–Ϊ,2019-01-28,11,“ΉHγ,{ω‚Ή‚Έ,‚ ‚θ
ή“,Τγ‚Λ‚η‚Ά,‚—Φ,”’‹ΰOυ’¬π”Τ,131032,“‹“s,`‹ζ,”’‹ΰ‚R’–Ϊ,2019-10-01,01,‚SK‚ΔΘγ‹¤“―Z‘ξ,{ω‚Ή‚Έ,‚ ‚θ
ή“,Τγ‚Λ‚η‚Ά,‚—Φ,”’‹ΰOυ’¬π”Τ,131032,“‹“s,`‹ζ,”’‹ΰ‚S’–Ϊ,2019-09-20,09,’“Τi—Φjκ,{ω‚Ή‚Έ,‚Θ‚µ
ή“,Τγ‚Λ‚η‚Ά,‚—Φ,΄³φ‘Oπ”Τ,131032,“‹“s,`‹ζ,”’‹ΰ‚P’–Ϊ,2019-04-26,18,’“Τi—Φjκ,{ω‚Ή‚Έ,‚Θ‚µ
ή“,Τγ‚Λ‚η‚Ά,–ƒ•z,κ”V‹΄π”Τ,131032,“‹“s,`‹ζ,–ƒ•z\”Τ‚R’–Ϊ,2019-04-26,14,“ΉHγ,{ω‚Ή‚Έ,‚Θ‚µ
ή“,Τγ‚Λ‚η‚Ά,–ƒ•z,κ”V‹΄π”Τ,131032,“‹“s,`‹ζ,–ƒ•z‘δ‚R’–Ϊ,2019-01-19,23,“ΉHγ,{ω‚Ή‚Έ,‚ ‚θ
ή“,Τγ‚Λ‚η‚Ά,–ƒ•z,Z–{–Ψπ”Τ,131032,“‹“s,`‹ζ,Z–{–Ψ‚S’–Ϊ,2019-05-22,08,“ΉHγ,{ω‚Ή‚Έ,‚Θ‚µ
ή“,Τγ‚Λ‚η‚Ά,–ƒ•z,Z–{–ΨZ’–Ϊπ”Τ,131032,“‹“s,`‹ζ,Z–{–Ψ‚U’–Ϊ,2019-06-23,00,“ΉHγ,{ω‚Ή‚Έ,‚ ‚θ
ή“,Τγ‚Λ‚η‚Ά,–ƒ•z,Z–{–ΨZ’–Ϊπ”Τ,131032,“‹“s,`‹ζ,Z–{–Ψ‚V’–Ϊ,2019-11-08,05,’“Τi—Φjκ,{ω‚Ή‚Έ,‚Θ‚µ
ή“,Τγ‚Λ‚η‚Ά,Τβ,Τβ©•π”Τ,131032,“‹“s,`‹ζ,Τβ‚R’–Ϊ,2019-01-21,11,’“Τi—Φjκ,{ω‚Ή‚Έ,‚ ‚θ
ή“,Τγ‚Λ‚η‚Ά,Τβ,Τβ©•π”Τ,131032,“‹“s,`‹ζ,Τβ‚R’–Ϊ,2019-08-24,22,“ΉHγ,{ω‚Ή‚Έ,‚Θ‚µ
ή“,Τγ‚Λ‚η‚Ά,Τβ,ΒRκ’–Ϊπ”Τ,131032,“‹“s,`‹ζ,“μΒR‚Q’–Ϊ,2019-03-25,14,“ΉHγ,{ω‚Ή‚Έ,‚Θ‚µ
ή“,Τγ‚Λ‚η‚Ά,Τβ,•\Q“Ήπ”Τ,131032,“‹“s,`‹ζ,“μΒR‚R’–Ϊ,2019-05-15,23,“ΉHγ,{ω‚Ή‚Έ,‚Θ‚µ
ή“,Τγ‚Λ‚η‚Ά,Τβ,Τβά’–Ϊπ”Τ,131032,“‹“s,`‹ζ,Τβ‚X’–Ϊ,2019-06-28,00,“ΉHγ,{ω‚Ή‚Έ,‚Θ‚µ
ή“,Τγ‚Λ‚η‚Ά,“‹pέ,‚¨‘δκC•lφ‰€‰w‘Oπ”Τ,131032,“‹“s,`‹ζ,‘δκ‚P’–Ϊ,2019-05-06,19,’“Τi—Φjκ,{ω‚Ή‚Έ,‚Θ‚µ
ή“,Τγ‚Λ‚η‚Ά,“‹pέ,‚¨‘δκC•lφ‰€‰w‘Oπ”Τ,131032,“‹“s,`‹ζ,‘δκ‚P’–Ϊ,2019-08-25,18,’“Τi—Φjκ,{ω‚Ή‚Έ,‚Θ‚µ
ή“,Τγ‚Λ‚η‚Ά,“‹pέ,‚¨‘δκC•lφ‰€‰w‘Oπ”Τ,131083,“‹“s,]“‹ζ,ΒC‚P’–Ϊ,2019-06-28,17,’“Τi—Φjκ,{ω‚Ή‚Έ,‚Θ‚µ
ή“,Τγ‚Λ‚η‚Ά,“‹pέ,“s‹΄π”Τ,131083,“‹“s,]“‹ζ,—L–Ύ‚R’–Ϊ,2019-07-28,15,“ΉHγ,{ω‚Ή‚Έ,‚ ‚θ
ή“,Τγ‚Λ‚η‚Ά,“‹pέ,“s‹΄π”Τ,131083,“‹“s,]“‹ζ,—L–Ύ‚R’–Ϊ,2019-08-12,16,“ΉHγ,{ω‚Ή‚Έ,‚Θ‚µ
ή“,Τγ‚Λ‚η‚Ά,“‹pέ,“s‹΄π”Τ,131083,“‹“s,]“‹ζ,—L–Ύ‚R’–Ϊ,2019-10-22,08,‚»‚Μ‘Ό,{ω‚Ή‚Έ,‚ ‚θ
ή“,Τγ‚Λ‚η‚Ά,“‹pέ,“s‹΄π”Τ,131083,“‹“s,]“‹ζ,“‰_‚Q’–Ϊ,2019-08-11,10,“ΉHγ,{ω‚Ή‚Έ,‚Θ‚µ
ή“,Τγ‚Λ‚η‚Ά,“‹pέ,“s‹΄π”Τ,131083,“‹“s,]“‹ζ,“‰_‚Q’–Ϊ,2019-12-29,14,“ΉHγ,{ω‚Ή‚Έ,‚Θ‚µ
ή“,Τγ‚Λ‚η‚Ά,“‹pέ,’C–¤π”Τ,131083,“‹“s,]“‹ζ,’C–¤‚P’–Ϊ,2019-01-21,17,“ΉHγ,{ω‚Ή‚Έ,‚ ‚θ
ή“,Τγ‚Λ‚η‚Ά,“‹pέ,V–Ψκ‰w‘Oπ”Τ,131083,“‹“s,]“‹ζ,V–Ψκ‚P’–Ϊ,2019-03-14,16,’“Τi—Φjκ,{ω‚Ή‚Έ,‚Θ‚µ
ή“,Τγ‚Λ‚η‚Ά,“‹pέ,V–Ψκ‰w‘Oπ”Τ,131083,“‹“s,]“‹ζ,V–Ψκ‚P’–Ϊ,2019-04-24,22,’“Τi—Φjκ,{ω‚Ή‚Έ,‚Θ‚µ
ή“,Τγ‚Λ‚η‚Ά,•iμ,‘δκπ”Τ,131091,“‹“s,•iμ‹ζ,–k•iμ‚Q’–Ϊ,2019-07-26,08,“ΉHγ,{ω‚Ή‚Έ,‚ ‚θ
ή“,Τγ‚Λ‚η‚Ά,•iμ,‘δκπ”Τ,131091,“‹“s,•iμ‹ζ,“•iμ‚P’–Ϊ,2018-10-18,18,’“Τi—Φjκ,{ω‚Ή‚Έ,‚Θ‚µ
ή“,Τγ‚Λ‚η‚Ά,•iμ,Oƒc–Ψπ”Τ,131091,“‹“s,•iμ‹ζ,Ό•iμ‚P’–Ϊ,2019-12-19,07,“ΉHγ,{ω‚Ή‚Έ,‚Θ‚µ
ή“,Τγ‚Λ‚η‚Ά,•iμ,Β•¨‰΅’‰w‘Oπ”Τ,131091,“‹“s,•iμ‹ζ,“•iμ‚S’–Ϊ,2019-01-19,08,’“Τi—Φjκ,{ω‚Ή‚Έ,‚ ‚θ
ή“,Τγ‚Λ‚η‚Ά,•iμ,Β•¨‰΅’‰w‘Oπ”Τ,131091,“‹“s,•iμ‹ζ,“•iμ‚S’–Ϊ,2019-04-08,10,“ΉHγ,{ω‚Ή‚Έ,‚ ‚θ
ή“,Τγ‚Λ‚η‚Ά,•iμ,Β•¨‰΅’‰w‘Oπ”Τ,131091,“‹“s,•iμ‹ζ,“μ•iμ‚Q’–Ϊ,2019-07-04,16,’“Τi—Φjκ,{ω‚Ή‚Έ,‚Θ‚µ
ή“,Τγ‚Λ‚η‚Ά,•iμ,Β•¨‰΅’‰w‘Oπ”Τ,131091,“‹“s,•iμ‹ζ,“μ•iμ‚R’–Ϊ,2019-01-24,21,“ΉHγ,{ω‚Ή‚Έ,‚Θ‚µ
ή“,Τγ‚Λ‚η‚Ά,•iμ,“V‰¤Fπ”Τ,131091,“‹“s,•iμ‹ζ,“•iμ‚Q’–Ϊ,2019-11-21,16,“ΉHγ,{ω‚Ή‚Έ,‚Θ‚µ
ή“,Τγ‚Λ‚η‚Ά,‘εδ,­“‡_Π‘Oπ”Τ,131091,“‹“s,•iμ‹ζ,‘εδ‚R’–Ϊ,2019-01-12,12,‚SK‚ΔΘγ‹¤“―Z‘ξ,{ω‚Ή‚Έ,‚Θ‚µ
ή“,Τγ‚Λ‚η‚Ά,‘εδ,­“‡_Π‘Oπ”Τ,131091,“‹“s,•iμ‹ζ,‘εδ‚U’–Ϊ,2019-12-14,22,“ΉHγ,{ω‚Ή‚Έ,‚Θ‚µ
ή“,Τγ‚Λ‚η‚Ά,‘εδ,‘εδ’¬‰w‘Oπ”Τ,131091,“‹“s,•iμ‹ζ,‘εδ‚P’–Ϊ,2019-04-05,21,’“Τi—Φjκ,{ω‚Ή‚Έ,‚ ‚θ
ή“,Τγ‚Λ‚η‚Ά,‘εδ,—§‰ομπ”Τ,131091,“‹“s,•iμ‹ζ,“μ‘εδ‚S’–Ϊ,2019-02-03,21,‚SK‚ΔΘγ‹¤“―Z‘ξ,{ω‚Ή‚Έ,‚Θ‚µ
ή“,Τγ‚Λ‚η‚Ά,‘εδ,“μ‘εδπ”Τ,131091,“‹“s,•iμ‹ζ,“μ‘εδ‚U’–Ϊ,2019-02-12,11,’“Τi—Φjκ,{ω‚Ή‚Έ,‚ ‚θ
ή“,Τγ‚Λ‚η‚Ά,‘εδ,“μ‘εδπ”Τ,131091,“‹“s,•iμ‹ζ,“μ‘εδ‚U’–Ϊ,2019-05-12,19,“ΉHγ,{ω‚Ή‚Έ,‚Θ‚µ
ή“,Τγ‚Λ‚η‚Ά,‘εδ,Ό‘εδ‰w‘Oπ”Τ,131091,“‹“s,•iμ‹ζ,‘εδ‚Q’–Ϊ,2019-05-12,00,“ΉHγ,{ω‚Ή‚Έ,‚ ‚θ
ή“,Τγ‚Λ‚η‚Ά,‘εδ,Ό‘εδ‰w‘Oπ”Τ,131091,“‹“s,•iμ‹ζ,”ª’ª‚T’–Ϊ,2019-02-20,22,‚SK‚ΔΘγ‹¤“―Z‘ξ,{ω‚Ή‚Έ,‚ ‚θ
ή“,Τγ‚Λ‚η‚Ά,‘εδ,”ª’ª’c’nπ”Τ,131091,“‹“s,•iμ‹ζ,”ª’ª‚T’–Ϊ,2019-09-04,15,‚SK‚ΔΘγ‹¤“―Z‘ξ,{ω‚Ή‚Έ,‚Θ‚µ
ή“,Τγ‚Λ‚η‚Ά,‘εθ,ά”½“c‰w‘Oπ”Τ,131091,“‹“s,•iμ‹ζ,Όά”½“c‚P’–Ϊ,2019-11-12,11,“ΉHγ,{ω‚Ή‚Έ,‚Θ‚µ
ή“,Τγ‚Λ‚η‚Ά,‘εθ,ά”½“c‰w‘Oπ”Τ,131091,“‹“s,•iμ‹ζ,“ά”½“c‚P’–Ϊ,2019-02-27,13,’“Τi—Φjκ,{ω‚Ή‚Έ,‚Θ‚µ
ή“,Τγ‚Λ‚η‚Ά,‘εθ,ά”½“c‰w‘Oπ”Τ,131091,“‹“s,•iμ‹ζ,“ά”½“c‚Q’–Ϊ,2019-03-27,17,“ΉHγ,{ω‚Ή‚Έ,‚ ‚θ
ή“,Τγ‚Λ‚η‚Ά,‘εθ,ά”½“c‰w‘Oπ”Τ,131091,“‹“s,•iμ‹ζ,“ά”½“c‚Q’–Ϊ,2019-09-24,10,“ΉHγ,{ω‚Ή‚Έ,‚ ‚θ
ή“,Τγ‚Λ‚η‚Ά,‘εθ,ά”½“c‰w‘Oπ”Τ,131091,“‹“s,•iμ‹ζ,“ά”½“c‚R’–Ϊ,2019-06-25,04,“ΉHγ,{ω‚Ή‚Έ,‚Θ‚µ
ή“,Τγ‚Λ‚η‚Ά,‘εθ,ά”½“c‰w‘Oπ”Τ,131091,“‹“s,•iμ‹ζ,“ά”½“c‚T’–Ϊ,2019-09-16,14,“ΉHγ,{ω‚Ή‚Έ,‚ ‚θ
ή“,Τγ‚Λ‚η‚Ά,‘εθ,–Ϊ•‰w‘Oπ”Τ,131091,“‹“s,•iμ‹ζ,γ‘εθ‚Q’–Ϊ,2019-12-08,02,“ΉHγ,{ω‚Ή‚Έ,‚Θ‚µ
ή“,Τγ‚Λ‚η‚Ά,‰`΄,•½’Λ‹΄π”Τ,131091,“‹“s,•iμ‹ζ,•½’Λ‚Q’–Ϊ,2019-09-19,13,“ΉHγ,{ω‚Ή‚Έ,‚ ‚θ
ή“,Τγ‚Λ‚η‚Ά,‰`΄,•½’Λ‹΄π”Τ,131091,“‹“s,•iμ‹ζ,•½’Λ‚R’–Ϊ,2019-10-13,09,κΛZ‘ξ,{ω‚Ή‚Έ,‚ ‚θ
ή“,Τγ‚Λ‚η‚Ά,‰`΄,Λ‰zπ”Τ,131091,“‹“s,•iμ‹ζ,Λ‰z‚R’–Ϊ,2019-03-25,09,κΛZ‘ξ,{ω‚Ή‚Έ,‚ ‚θ
ή“,Τγ‚Λ‚η‚Ά,‰`΄,Λ‰zπ”Τ,131091,“‹“s,•iμ‹ζ,•½’Λ‚P’–Ϊ,2019-07-28,18,’“Τi—Φjκ,{ω‚Ή‚Έ,‚ ‚θ
ή“,Τγ‚Λ‚η‚Ά,‰`΄,‹{‘Oπ”Τ,131091,“‹“s,•iμ‹ζ,–L’¬‚Q’–Ϊ,2019-06-03,10,‚»‚Μ‘Ό,{ω‚Ή‚Έ,‚ ‚θ
ή“,Τγ‚Λ‚η‚Ά,‰`΄,–L’¬π”Τ,131091,“‹“s,•iμ‹ζ,Λ‰z‚T’–Ϊ,2019-12-03,21,“ΉHγ,{ω‚Ή‚Έ,‚ ‚θ
ή“,Τγ‚Λ‚η‚Ά,‰`΄,ψ‚Μ‘δπ”Τ,131091,“‹“s,•iμ‹ζ,ψ‚Μ‘δ‚R’–Ϊ,2019-04-18,21,‚»‚Μ‘Ό,{ω‚Ή‚Έ,‚Θ‚µ
ή“,Τγ‚Λ‚η‚Ά,‰`΄,]Λ©βπ”Τ,131091,“‹“s,•iμ‹ζ,‰`΄‚T’–Ϊ,2019-08-08,16,κΛZ‘ξ,{ω‚Ή‚Έ,‚ ‚θ
ή“,Τγ‚Λ‚η‚Ά,‰`΄,]Λ©βπ”Τ,131091,“‹“s,•iμ‹ζ,¬R‚U’–Ϊ,2019-01-11,23,‚SK‚ΔΘγ‹¤“―Z‘ξ,{ω‚Ή‚Έ,‚Θ‚µ
ή“,Τγ‚Λ‚η‚Ά,‰`΄,]Λ©βπ”Τ,131091,“‹“s,•iμ‹ζ,¬R‚U’–Ϊ,2019-06-03,12,“ΉHγ,{ω‚Ή‚Έ,‚Θ‚µ
ή“,Τγ‚Λ‚η‚Ά,‰`΄,]Λ©βπ”Τ,131091,“‹“s,•iμ‹ζ,¬R‚U’–Ϊ,2019-10-08,16,‚»‚Μ‘Ό,{ω‚Ή‚Έ,‚Θ‚µ
ή“,Τγ‚Λ‚η‚Ά,‘εX,XƒPθπ”Τ,131113,“‹“s,‘ε“c‹ζ,‘εX“‚Q’–Ϊ,2019-12-03,17,’“Τi—Φjκ,{ω‚Ή‚Έ,‚ ‚θ
ή“,Τγ‚Λ‚η‚Ά,‘εX,’JΛπ”Τ,131113,“‹“s,‘ε“c‹ζ,‘εX’†‚Q’–Ϊ,2019-06-14,03,“ΉHγ,{ω‚Ή‚Έ,‚Θ‚µ
ή“,Τγ‚Λ‚η‚Ά,‘εX,’JΛπ”Τ,131113,“‹“s,‘ε“c‹ζ,‘εXΌ‚R’–Ϊ,2019-12-24,18,’“Τi—Φjκ,{ω‚Ή‚Έ,‚Θ‚µ
ή“,Τγ‚Λ‚η‚Ά,‘εX,’JΛπ”Τ,131113,“‹“s,‘ε“c‹ζ,‘εXΌ‚T’–Ϊ,2019-01-05,08,“ΉHγ,{ω‚Ή‚Έ,‚ ‚θ
ή“,Τγ‚Λ‚η‚Ά,‘εX,’JΛπ”Τ,131113,“‹“s,‘ε“c‹ζ,‘εXΌ‚T’–Ϊ,2019-04-07,22,’“Τi—Φjκ,{ω‚Ή‚Έ,‚ ‚θ
ή“,Τγ‚Λ‚η‚Ά,‘εX,’JΛπ”Τ,131113,“‹“s,‘ε“c‹ζ,‘εXΌ‚T’–Ϊ,2019-06-15,17,“ΉHγ,{ω‚Ή‚Έ,‚Θ‚µ
ή“,Τγ‚Λ‚η‚Ά,‘εX,’JΛπ”Τ,131113,“‹“s,‘ε“c‹ζ,‘εXΌ‚T’–Ϊ,2019-09-05,14,“ΉHγ,{ω‚Ή‚Έ,‚Θ‚µ
ή“,Τγ‚Λ‚η‚Ά,‘εX,‘εXΌπ”Τ,131113,“‹“s,‘ε“c‹ζ,‘εXΌ‚R’–Ϊ,2019-11-08,14,’“Τi—Φjκ,{ω‚Ή‚Έ,‚Θ‚µ
ή“,Τγ‚Λ‚η‚Ά,‘εX,‘εXΌπ”Τ,131113,“‹“s,‘ε“c‹ζ,‘εXΌ‚R’–Ϊ,2019-11-09,21,’“Τi—Φjκ,{ω‚Ή‚Έ,‚Θ‚µ
ή“,Τγ‚Λ‚η‚Ά,‘εX,‘εXCέπ”Τ,131113,“‹“s,‘ε“c‹ζ,‘εX–k‚U’–Ϊ,2019-06-20,13,“ΉHγ,{ω‚Ή‚Έ,‚ ‚θ
ή“,Τγ‚Λ‚η‚Ά,‘εX,‘εXCέπ”Τ,131113,“‹“s,‘ε“c‹ζ,‘εX–k‚U’–Ϊ,2019-11-09,16,’“Τi—Φjκ,{ω‚Ή‚Έ,‚ ‚θ
ή“,Τγ‚Λ‚η‚Ά,‘εX,‘εXCέπ”Τ,131113,“‹“s,‘ε“c‹ζ,“C‚P’–Ϊ,2019-01-08,11,’“Τi—Φjκ,{ω‚Ή‚Έ,‚Θ‚µ
ή“,Τγ‚Λ‚η‚Ά,‘εX,‘εXCέπ”Τ,131113,“‹“s,‘ε“c‹ζ,•½a“‡‚P’–Ϊ,2019-02-26,20,’“Τi—Φjκ,{ω‚Ή‚Έ,‚Θ‚µ
ή“,Τγ‚Λ‚η‚Ά,‘εX,‘εX‰w‘Oπ”Τ,131113,“‹“s,‘ε“c‹ζ,‘εX–k‚P’–Ϊ,2019-04-18,08,“ΉHγ,{ω‚Ή‚Έ,‚ ‚θ
ή“,Τγ‚Λ‚η‚Ά,‘εX,‘εX‰w‘Oπ”Τ,131113,“‹“s,‘ε“c‹ζ,‘εX–k‚P’–Ϊ,2019-04-19,21,‚SK‚ΔΘγ‹¤“―Z‘ξ,{ω‚Ή‚Έ,‚Θ‚µ
ή“,Τγ‚Λ‚η‚Ά,‘εX,‘εX‰w‘Oπ”Τ,131113,“‹“s,‘ε“c‹ζ,‘εX–k‚P’–Ϊ,2019-07-30,18,“ΉHγ,{ω‚Ή‚Έ,‚Θ‚µ
ή“,Τγ‚Λ‚η‚Ά,‘εX,‘εX‰w‘Oπ”Τ,131113,“‹“s,‘ε“c‹ζ,‘εX–k‚Q’–Ϊ,2019-04-11,13,‚»‚Μ‘Ό,{ω‚Ή‚Έ,‚ ‚θ
ή“,Τγ‚Λ‚η‚Ά,‘εX,‘εX‰w‘Oπ”Τ,131113,“‹“s,‘ε“c‹ζ,‘εX–k‚T’–Ϊ,2019-09-19,19,“ΉHγ,{ω‚Ή‚Έ,‚Θ‚µ
ή“,Τγ‚Λ‚η‚Ά,‘εX,t“ϊ‹΄π”Τ,131113,“‹“s,‘ε“c‹ζ,’†‰›‚R’–Ϊ,2019-03-29,20,‚SK‚ΔΘγ‹¤“―Z‘ξ,{ω‚Ή‚Έ,‚ ‚θ
ή“,Τγ‚Λ‚η‚Ά,‘εX,R‰¤π”Τ,131113,“‹“s,‘ε“c‹ζ,R‰¤‚Q’–Ϊ,2019-04-22,09,‚»‚Μ‘Ό,{ω‚Ή‚Έ,‚Θ‚µ
ή“,Τγ‚Λ‚η‚Ά,“c‰€’²•z,τ‘«’rπ”Τ,131113,“‹“s,‘ε“c‹ζ,–kη‘©‚Q’–Ϊ,2019-03-15,15,“ΉHγ,{ω‚Ή‚Έ,‚Θ‚µ
ή“,Τγ‚Λ‚η‚Ά,“c‰€’²•z,‘ε‰ªR‰w‘Oπ”Τ,131113,“‹“s,‘ε“c‹ζ,–kη‘©‚P’–Ϊ,2019-01-07,11,“ΉHγ,{ω‚Ή‚Έ,‚ ‚θ
ή“,Τγ‚Λ‚η‚Ά,“c‰€’²•z,‰L‚Μ–Ψ‰w‘Oπ”Τ,131113,“‹“s,‘ε“c‹ζ,‰L‚Μ–Ψ‚Q’–Ϊ,2019-07-13,15,’“Τi—Φjκ,{ω‚Ή‚Έ,‚Θ‚µ
ή“,Τγ‚Λ‚η‚Ά,“c‰€’²•z,‰L‚Μ–Ψ‰w‘Oπ”Τ,131113,“‹“s,‘ε“c‹ζ,“μ‹v‚ª΄‚Q’–Ϊ,2019-08-09,13,“ΉHγ,{ω‚Ή‚Έ,‚ ‚θ
ή“,Τγ‚Λ‚η‚Ά,“c‰€’²•z,‰L‚Μ–Ψ‰w‘Oπ”Τ,131113,“‹“s,‘ε“c‹ζ,“μ‹v‚ª΄‚Q’–Ϊ,2019-10-07,18,“ΉHγ,{ω‚Ή‚Έ,‚Θ‚µ
ή“,Τγ‚Λ‚η‚Ά,“c‰€’²•z,“ΉX‹΄π”Τ,131113,“‹“s,‘ε“c‹ζ,“α’J‚T’–Ϊ,2019-07-21,16,’“Τi—Φjκ,{ω‚Ή‚Έ,‚Θ‚µ
ή“,Τγ‚Λ‚η‚Ά,“c‰€’²•z,’†’J’“έ,131113,“‹“s,‘ε“c‹ζ,γ’r‘δ‚T’–Ϊ,2019-07-22,20,‚»‚Μ‘Ό‚ΜZ‘ξi‚RK‚ΔΘ‰Ί‹¤“―Z‘ξ“™j,{ω‚Ή‚Έ,‚Θ‚µ
ή“,Τγ‚Λ‚η‚Ά,“c‰€’²•z,¬’r’“έ,131113,“‹“s,‘ε“c‹ζ,γ’r‘δ‚S’–Ϊ,2019-04-06,19,‚»‚Μ‘Ό‚ΜZ‘ξi‚RK‚ΔΘ‰Ί‹¤“―Z‘ξ“™j,{ω‚Ή‚Έ,‚ ‚θ
ή“,Τγ‚Λ‚η‚Ά,“c‰€’²•z,Ϋq‹΄π”Τ,131113,“‹“s,‘ε“c‹ζ,“c‰€’²•z‚P’–Ϊ,2019-10-03,10,“ΉHγ,{ω‚Ή‚Έ,‚ ‚θ
ή“,Τγ‚Λ‚η‚Ά,—“c,‹‹}—“c‰w‘Oπ”Τ,131113,“‹“s,‘ε“c‹ζ,—“c‚R’–Ϊ,2019-06-20,13,‚SK‚ΔΘγ‹¤“―Z‘ξ,{ω‚Ή‚Έ,‚Θ‚µ
ή“,Τγ‚Λ‚η‚Ά,—“c,‹‹}—“c‰w‘Oπ”Τ,131113,“‹“s,‘ε“c‹ζ,—“c‚S’–Ϊ,2019-07-10,00,“ΉHγ,{ω‚Ή‚Έ,‚ ‚θ
ή“,Τγ‚Λ‚η‚Ά,—“c,‹‹}—“c‰w‘Oπ”Τ,131113,“‹“s,‘ε“c‹ζ,“—“c‚Q’–Ϊ,2019-04-13,15,“ΉHγ,{ω‚Ή‚Έ,‚ ‚θ
ή“,Τγ‚Λ‚η‚Ά,—“c,‹‹}—“c‰w‘Oπ”Τ,131113,“‹“s,‘ε“c‹ζ,“—“c‚Q’–Ϊ,2019-10-24,10,“ΉHγ,{ω‚Ή‚Έ,‚Θ‚µ
ή“,Τγ‚Λ‚η‚Ά,—“c,‹‹}—“c‰w‘Oπ”Τ,131113,“‹“s,‘ε“c‹ζ,“μ—“c‚P’–Ϊ,2019-11-05,10,’“Τi—Φjκ,{ω‚Ή‚Έ,‚ ‚θ
ή“,Τγ‚Λ‚η‚Ά,—“c,—“c‰w“ϋπ”Τ,131113,“‹“s,‘ε“c‹ζ,—“c‚S’–Ϊ,2019-07-29,17,“ΉHγ,{ω‚Ή‚Έ,‚Θ‚µ
ή“,Τγ‚Λ‚η‚Ά,—“c,—“c‰w“ϋπ”Τ,131113,“‹“s,‘ε“c‹ζ,—“c‚T’–Ϊ,2019-09-25,11,’“Τi—Φjκ,{ω‚Ή‚Έ,‚Θ‚µ
ή“,Τγ‚Λ‚η‚Ά,—“c,—“c‰w“ϋπ”Τ,131113,“‹“s,‘ε“c‹ζ,—“c–{’¬‚Q’–Ϊ,2019-06-17,05,‚SK‚ΔΘγ‹¤“―Z‘ξ,{ω‚Ή‚Έ,‚ ‚θ
ή“,Τγ‚Λ‚η‚Ά,—“c,ΌZ‹½π”Τ,131113,“‹“s,‘ε“c‹ζ,V—“c‚Q’–Ϊ,2019-02-14,18,“ΉHγ,{ω‚Ή‚Έ,‚Θ‚µ
ή“,Τγ‚Λ‚η‚Ά,—“c,ΌZ‹½π”Τ,131113,“‹“s,‘ε“c‹ζ,ΌZ‹½‚Q’–Ϊ,2019-07-10,09,‚»‚Μ‘Ό‚ΜZ‘ξi‚RK‚ΔΘ‰Ί‹¤“―Z‘ξ“™j,{ω‚Ή‚Έ,‚Θ‚µ
ή“,Τγ‚Λ‚η‚Ά,—“c,“Z‹½π”Τ,131113,“‹“s,‘ε“c‹ζ,“μZ‹½‚P’–Ϊ,2019-08-04,01,‚»‚Μ‘Ό‚ΜZ‘ξi‚RK‚ΔΘ‰Ί‹¤“―Z‘ξ“™j,{ω‚Ή‚Έ,‚ ‚θ
ή“,Τγ‚Λ‚η‚Ά,—“c,“Z‹½π”Τ,131113,“‹“s,‘ε“c‹ζ,“μZ‹½‚Q’–Ϊ,2019-06-12,15,‚»‚Μ‘Ό,{ω‚Ή‚Έ,‚ ‚θ
ή“,Τγ‚Λ‚η‚Ά,—“c,GFπ”Τ,131113,“‹“s,‘ε“c‹ζ,’‡Z‹½‚Q’–Ϊ,2019-01-12,22,“ΉHγ,{ω‚Ή‚Έ,‚ ‚θ
ή“,Τγ‚Λ‚η‚Ά,—“c,GFπ”Τ,131113,“‹“s,‘ε“c‹ζ,’‡Z‹½‚Q’–Ϊ,2019-06-14,08,’“Τi—Φjκ,{ω‚Ή‚Έ,‚ ‚θ
ή“,Τγ‚Λ‚η‚Ά,—“c,GFπ”Τ,131113,“‹“s,‘ε“c‹ζ,’‡Z‹½‚Q’–Ϊ,2019-09-01,04,“ΉHγ,{ω‚Ή‚Έ,‚Θ‚µ
ή“,Τγ‚Λ‚η‚Ά,—“c,GFπ”Τ,131113,“‹“s,‘ε“c‹ζ,’‡Z‹½‚Q’–Ϊ,2019-10-05,12,“ΉHγ,{ω‚Ή‚Έ,‚Θ‚µ
ή“,Τγ‚Λ‚η‚Ά,—“c,GFπ”Τ,131113,“‹“s,‘ε“c‹ζ,’‡Z‹½‚R’–Ϊ,2019-02-12,11,‚»‚Μ‘Ό,{ω‚Ή‚Έ,‚Θ‚µ
ή“,Τγ‚Λ‚η‚Ά,—“c,GFπ”Τ,131113,“‹“s,‘ε“c‹ζ,’‡Z‹½‚R’–Ϊ,2019-05-03,14,’“Τi—Φjκ,{ω‚Ή‚Έ,‚Θ‚µ
ή“,Τγ‚Λ‚η‚Ά,—“c,GFπ”Τ,131113,“‹“s,‘ε“c‹ζ,“Z‹½‚Q’–Ϊ,2019-08-13,15,“ΉHγ,{ω‚Ή‚Έ,‚ ‚θ
ή“,Τγ‚Λ‚η‚Ά,—“c,GFπ”Τ,131113,“‹“s,‘ε“c‹ζ,“μZ‹½‚P’–Ϊ,2019-09-21,09,“ΉHγ,{ω‚Ή‚Έ,‚ ‚θ
ή“,Τγ‚Λ‚η‚Ά,—“c,“ϊ‚Μo’Κπ”Τ,131113,“‹“s,‘ε“c‹ζ,Όβο’J‚S’–Ϊ,2019-09-05,19,‚SK‚ΔΘγ‹¤“―Z‘ξ,{ω‚Ή‚Έ,‚ ‚θ
ή“,Τγ‚Λ‚η‚Ά,—“c,“ϊ‚Μo’Κπ”Τ,131113,“‹“s,‘ε“c‹ζ,“μ—“c‚R’–Ϊ,2019-06-25,07,“ΉHγ,{ω‚Ή‚Έ,‚ ‚θ
ή“,Τγ‚Λ‚η‚Ά,—“c,“ϊ‚Μo’Κπ”Τ,131113,“‹“s,‘ε“c‹ζ,“μ—“c‚R’–Ϊ,2019-08-03,08,“ΉHγ,{ω‚Ή‚Έ,‚ ‚θ
ή“,Τγ‚Λ‚η‚Ά,—“c,“ϊ‚Μo’Κπ”Τ,131113,“‹“s,‘ε“c‹ζ,“μ—“c‚R’–Ϊ,2019-08-25,21,“ΉHγ,{ω‚Ή‚Έ,‚ ‚θ
ή“,Τγ‚Λ‚η‚Ά,—“c,–{‰H“cπ”Τ,131113,“‹“s,‘ε“c‹ζ,”‹’†‚P’–Ϊ,2019-01-26,17,’“Τi—Φjκ,{ω‚Ή‚Έ,‚ ‚θ
ή“,Τγ‚Λ‚η‚Ά,—“c,–{‰H“cπ”Τ,131113,“‹“s,‘ε“c‹ζ,”‹’†‚P’–Ϊ,2019-08-02,11,“ΉHγ,{ω‚Ή‚Έ,‚Θ‚µ
ή“,Τγ‚Λ‚η‚Ά,—“c,–{‰H“cπ”Τ,131113,“‹“s,‘ε“c‹ζ,–{‰H“c‚P’–Ϊ,2019-05-15,16,’“Τi—Φjκ,{ω‚Ή‚Έ,‚Θ‚µ
ή“,Τγ‚Λ‚η‚Ά,—“c,–{‰H“cπ”Τ,131113,“‹“s,‘ε“c‹ζ,“μZ‹½‚P’–Ϊ,2019-09-03,16,“ΉHγ,{ω‚Ή‚Έ,‚Θ‚µ
ή“,Τγ‚Λ‚η‚Ά,—“c,‘ε’Ή‹π”Τ,131113,“‹“s,‘ε“c‹ζ,Όβο’J‚R’–Ϊ,2019-04-03,22,“ΉHγ,{ω‚Ή‚Έ,‚ ‚θ
ή“,Τγ‚Λ‚η‚Ά,—“c,‘ε’Ή‹π”Τ,131113,“‹“s,‘ε“c‹ζ,Όβο’J‚R’–Ϊ,2019-09-20,20,“ΉHγ,{ω‚Ή‚Έ,‚Θ‚µ
ή“,Τγ‚Λ‚η‚Ά,—“c,–kβο’Jπ”Τ,131113,“‹“s,‘ε“c‹ζ,‘εX“μ‚P’–Ϊ,2019-02-08,09,’“Τi—Φjκ,{ω‚Ή‚Έ,‚ ‚θ
ή“,Τγ‚Λ‚η‚Ά,—“c,–kβο’Jπ”Τ,131113,“‹“s,‘ε“c‹ζ,Όβο’J‚Q’–Ϊ,2019-06-19,23,‚»‚Μ‘Ό,{ω‚Ή‚Έ,‚ ‚θ
ή“,Τγ‚Λ‚η‚Ά,’rγ,s–μ‘qπ”Τ,131113,“‹“s,‘ε“c‹ζ,’†‰›‚W’–Ϊ,2019-11-04,01,‚SK‚ΔΘγ‹¤“―Z‘ξ,{ω‚Ή‚Έ,‚ ‚θ
ή“,Τγ‚Λ‚η‚Ά,’rγ,’rγ‰w‘Oπ”Τ,131113,“‹“s,‘ε“c‹ζ,’rγ‚R’–Ϊ,2019-01-29,08,“ΉHγ,{ω‚Ή‚Έ,‚ ‚θ
ή“,Τγ‚Λ‚η‚Ά,’rγ,’rγ‰w‘Oπ”Τ,131113,“‹“s,‘ε“c‹ζ,’rγ‚S’–Ϊ,2019-09-12,07,“ΉHγ,{ω‚Ή‚Έ,‚Θ‚µ
ή“,Τγ‚Λ‚η‚Ά,’rγ,’rγ‰w‘Oπ”Τ,131113,“‹“s,‘ε“c‹ζ,’rγ‚S’–Ϊ,2019-11-25,11,‚»‚Μ‘Ό,{ω‚Ή‚Έ,‚Θ‚µ
ή“,Τγ‚Λ‚η‚Ά,’rγ,’rγ‰w‘Oπ”Τ,131113,“‹“s,‘ε“c‹ζ,’rγ‚T’–Ϊ,2019-03-30,07,“ΉHγ,{ω‚Ή‚Έ,‚ ‚θ
ή“,Τγ‚Λ‚η‚Ά,’rγ,’rγ‰w‘Oπ”Τ,131113,“‹“s,‘ε“c‹ζ,’rγ‚U’–Ϊ,2019-07-23,14,“ΉHγ,{ω‚Ή‚Έ,‚Θ‚µ
ή“,Τγ‚Λ‚η‚Ά,’rγ,’rγ‰w‘Oπ”Τ,131113,“‹“s,‘ε“c‹ζ,’rγ‚W’–Ϊ,2019-03-27,19,“ΉHγ,{ω‚Ή‚Έ,‚ ‚θ
ή“,Τγ‚Λ‚η‚Ά,’rγ,’rγ‰w‘Oπ”Τ,131113,“‹“s,‘ε“c‹ζ,’rγ‚W’–Ϊ,2019-07-28,13,‚SK‚ΔΘγ‹¤“―Z‘ξ,{ω‚Ή‚Έ,‚ ‚θ
ή“,Τγ‚Λ‚η‚Ά,’rγ,@ΐπ”Τ,131113,“‹“s,‘ε“c‹ζ,V—“c‚Q’–Ϊ,2019-10-10,19,“ΉHγ,{ω‚Ή‚Έ,‚ ‚θ
ή“,Τγ‚Λ‚η‚Ά,’rγ,@ΐπ”Τ,131113,“‹“s,‘ε“c‹ζ,Ό—“c‚R’–Ϊ,2019-01-12,01,“ΉHγ,{ω‚Ή‚Έ,‚Θ‚µ
ή“,Τγ‚Λ‚η‚Ά,’rγ,η’Ήπ”Τ,131113,“‹“s,‘ε“c‹ζ,‘½–€μ‚P’–Ϊ,2019-10-16,10,‚SK‚ΔΘγ‹¤“―Z‘ξ,{ω‚Ή‚Έ,‚ ‚θ
ή“,Τγ‚Λ‚η‚Ά,’rγ,η’Ήπ”Τ,131113,“‹“s,‘ε“c‹ζ,η’Ή‚Q’–Ϊ,2019-05-25,12,’“Τi—Φjκ,{ω‚Ή‚Έ,‚ ‚θ
ή“,Τγ‚Λ‚η‚Ά,’rγ,η’Ήπ”Τ,131113,“‹“s,‘ε“c‹ζ,η’Ή‚R’–Ϊ,2019-08-28,17,’“Τi—Φjκ,{ω‚Ή‚Έ,‚Θ‚µ
ή“,Τγ‚Λ‚η‚Ά,’rγ,η’Ήπ”Τ,131113,“‹“s,‘ε“c‹ζ,η’Ή‚R’–Ϊ,2019-09-21,22,’“Τi—Φjκ,{ω‚Ή‚Έ,‚Θ‚µ
ή“,Τγ‚Λ‚η‚Ά,’rγ,ƒKƒX‹΄π”Τ,131113,“‹“s,‘ε“c‹ζ,‰ΊΫq‚P’–Ϊ,2019-09-06,17,’“Τi—Φjκ,{ω‚Ή‚Έ,‚ ‚θ
ή“,Τγ‚Λ‚η‚Ά,’rγ,ƒKƒX‹΄π”Τ,131113,“‹“s,‘ε“c‹ζ,‰ΊΫq‚P’–Ϊ,2019-12-10,15,“ΉHγ,{ω‚Ή‚Έ,‚Θ‚µ
ή“,Τγ‚Λ‚η‚Ά,’rγ,ƒKƒX‹΄π”Τ,131113,“‹“s,‘ε“c‹ζ,‰ΊΫq‚R’–Ϊ,2019-03-10,14,’“Τi—Φjκ,{ω‚Ή‚Έ,‚ ‚θ
ή“,Τγ‚Λ‚η‚Ά,’rγ,ƒKƒX‹΄π”Τ,131113,“‹“s,‘ε“c‹ζ,–ξϋ‚Q’–Ϊ,2019-08-10,04,“ΉHγ,{ω‚Ή‚Έ,‚ ‚θ
ή“,Τγ‚Λ‚η‚Ά,“‹‹σ`,‘ζ‚Qƒ^[ƒ~ƒiƒ‹π”Τ,131113,“‹“s,‘ε“c‹ζ,‰H“c‹σ`‚R’–Ϊ,2019-04-03,08,’“Τi—Φjκ,{ω‚Ή‚Έ,‚Θ‚µ
ή“,Τγ‚Λ‚η‚Ά,Ά“c’J,O¬’ƒ‰®π”Τ,131121,“‹“s,Ά“c’J‹ζ,O¬’ƒ‰®‚P’–Ϊ,2019-03-19,16,“ΉHγ,{ω‚Ή‚Έ,‚ ‚θ
ή“,Τγ‚Λ‚η‚Ά,Ά“c’J,O¬’ƒ‰®π”Τ,131121,“‹“s,Ά“c’J‹ζ,O¬’ƒ‰®‚Q’–Ϊ,2019-04-22,02,“ΉHγ,{ω‚Ή‚Έ,‚ ‚θ
ή“,Τγ‚Λ‚η‚Ά,Ά“c’J,O¬’ƒ‰®π”Τ,131121,“‹“s,Ά“c’J‹ζ,O¬’ƒ‰®‚Q’–Ϊ,2019-05-30,18,“ΉHγ,{ω‚Ή‚Έ,‚Θ‚µ
ή“,Τγ‚Λ‚η‚Ά,Ά“c’J,O¬’ƒ‰®π”Τ,131121,“‹“s,Ά“c’J‹ζ,‘Ύq“°‚T’–Ϊ,2019-02-21,16,“ΉHγ,{ω‚Ή‚Έ,‚ ‚θ
ή“,Τγ‚Λ‚η‚Ά,Ά“c’J,Ohπ”Τ,131121,“‹“s,Ά“c’J‹ζ,‰Ί”n‚Q’–Ϊ,2019-06-16,12,‚»‚Μ‘Ό,{ω‚Ή‚Έ,‚ ‚θ
ή“,Τγ‚Λ‚η‚Ά,Ά“c’J,‰Ί”nl’–Ϊπ”Τ,131121,“‹“s,Ά“c’J‹ζ,‰Ί”n‚R’–Ϊ,2019-10-28,00,“ΉHγ,{ω‚Ή‚Έ,‚ ‚θ
ή“,Τγ‚Λ‚η‚Ά,Ά“c’J,‰Ί”nl’–Ϊπ”Τ,131121,“‹“s,Ά“c’J‹ζ,‰Ί”n‚U’–Ϊ,2019-07-26,15,‚»‚Μ‘Ό‚ΜZ‘ξi‚RK‚ΔΘ‰Ί‹¤“―Z‘ξ“™j,{ω‚Ή‚Έ,‚ ‚θ
ή“,Τγ‚Λ‚η‚Ά,Ά“c’J,γ”nπ”Τ,131121,“‹“s,Ά“c’J‹ζ,·ª‚Q’–Ϊ,2019-03-21,07,“ΉHγ,{ω‚Ή‚Έ,‚ ‚θ
ή“,Τγ‚Λ‚η‚Ά,Ά“c’J,α—Ρπ”Τ,131121,“‹“s,Ά“c’J‹ζ,γ”n‚S’–Ϊ,2019-03-01,14,“ΉHγ,{ω‚Ή‚Έ,‚Θ‚µ
ή“,Τγ‚Λ‚η‚Ά,Ά“c’J,α—Ρπ”Τ,131121,“‹“s,Ά“c’J‹ζ,α—Ρ‚Q’–Ϊ,2019-08-20,23,‚»‚Μ‘Ό‚ΜZ‘ξi‚RK‚ΔΘ‰Ί‹¤“―Z‘ξ“™j,{ω‚Ή‚Έ,‚ ‚θ
ή“,Τγ‚Λ‚η‚Ά,Ά“c’J,α—Ρπ”Τ,131121,“‹“s,Ά“c’J‹ζ,α—Ρ‚R’–Ϊ,2019-03-22,19,‚»‚Μ‘Ό,{ω‚Ή‚Έ,‚Θ‚µ
ή“,Τγ‚Λ‚η‚Ά,Ά“c’J,α—Ρπ”Τ,131121,“‹“s,Ά“c’J‹ζ,α—Ρ‚R’–Ϊ,2019-04-06,10,’“Τi—Φjκ,{ω‚Ή‚Έ,‚Θ‚µ
ή“,Τγ‚Λ‚η‚Ά,Ά“c’J,ΌƒP‹uπ”Τ,131121,“‹“s,Ά“c’J‹ζ,χ‚P’–Ϊ,2019-06-04,13,’“Τi—Φjκ,{ω‚Ή‚Έ,‚ ‚θ
ή“,Τγ‚Λ‚η‚Ά,Ά“c’J,ΌƒP‹uπ”Τ,131121,“‹“s,Ά“c’J‹ζ,χ‚R’–Ϊ,2019-09-25,14,“ΉHγ,{ω‚Ή‚Έ,‚Θ‚µ
ή“,Τγ‚Λ‚η‚Ά,Ά“c’J,ΌƒP‹uπ”Τ,131121,“‹“s,Ά“c’J‹ζ,χ‹u‚P’–Ϊ,2019-07-30,09,’“Τi—Φjκ,{ω‚Ή‚Έ,‚Θ‚µ
ή“,Τγ‚Λ‚η‚Ά,Ά“c’J,ΌƒP‹uπ”Τ,131121,“‹“s,Ά“c’J‹ζ,·ª‚S’–Ϊ,2019-05-25,10,“ΉHγ,{ω‚Ή‚Έ,‚Θ‚µ
ή“,Τγ‚Λ‚η‚Ά,Ά“c’J,χ‹uπ”Τ,131121,“‹“s,Ά“c’J‹ζ,χ‹u‚Q’–Ϊ,2019-03-19,15,“ΉHγ,{ω‚Ή‚Έ,‚ ‚θ
ή“,Τγ‚Λ‚η‚Ά,Ά“c’J,χ‹uπ”Τ,131121,“‹“s,Ά“c’J‹ζ,χ‹u‚Q’–Ϊ,2019-09-10,18,‚»‚Μ‘Ό‚ΜZ‘ξi‚RK‚ΔΘ‰Ί‹¤“―Z‘ξ“™j,{ω‚Ή‚Έ,‚Θ‚µ
ή“,Τγ‚Λ‚η‚Ά,Ά“c’J,χ‹uπ”Τ,131121,“‹“s,Ά“c’J‹ζ,χ‹u‚R’–Ϊ,2019-04-10,11,‚»‚Μ‘Ό,{ω‚Ή‚Έ,‚ ‚θ
ή“,Τγ‚Λ‚η‚Ά,Ά“c’J,χ‹uπ”Τ,131121,“‹“s,Ά“c’J‹ζ,χ‹u‚S’–Ϊ,2019-03-25,17,κΛZ‘ξ,{ω‚Ή‚Έ,‚Θ‚µ
ή“,Τγ‚Λ‚η‚Ά,Ά“c’J,χ‹uπ”Τ,131121,“‹“s,Ά“c’J‹ζ,χ‹u‚T’–Ϊ,2019-02-26,05,’“Τi—Φjκ,{ω‚Ή‚Έ,‚Θ‚µ
ή“,Τγ‚Λ‚η‚Ά,–k‘ς,o“°‰w‘Oπ”Τ,131121,“‹“s,Ά“c’J‹ζ,o“°‚Q’–Ϊ,2019-01-14,00,“ΉHγ,{ω‚Ή‚Έ,‚ ‚θ
ή“,Τγ‚Λ‚η‚Ά,–k‘ς,o“°‰w‘Oπ”Τ,131121,“‹“s,Ά“c’J‹ζ,o“°‚S’–Ϊ,2019-08-10,15,’“Τi—Φjκ,{ω‚Ή‚Έ,‚Θ‚µ
ή“,Τγ‚Λ‚η‚Ά,–k‘ς,o“°‰w‘Oπ”Τ,131121,“‹“s,Ά“c’J‹ζ,‹{β‚Q’–Ϊ,2019-12-20,14,’“Τi—Φjκ,{ω‚Ή‚Έ,‚ ‚θ
ή“,Τγ‚Λ‚η‚Ά,–k‘ς,o“°‰w‘Oπ”Τ,131121,“‹“s,Ά“c’J‹ζ,‹{β‚R’–Ϊ,2019-05-20,17,“ΉHγ,{ω‚Ή‚Έ,‚ ‚θ
ή“,Τγ‚Λ‚η‚Ά,–k‘ς,’W“‡’Κπ”Τ,131121,“‹“s,Ά“c’J‹ζ,‘γ‘ς‚P’–Ϊ,2019-06-25,12,‚»‚Μ‘Ό‚ΜZ‘ξi‚RK‚ΔΘ‰Ί‹¤“―Z‘ξ“™j,{ω‚Ή‚Έ,‚Θ‚µ
ή“,Τγ‚Λ‚η‚Ά,–k‘ς,’W“‡’Κπ”Τ,131121,“‹“s,Ά“c’J‹ζ,‘γ‘ς‚T’–Ϊ,2019-09-13,10,’“Τi—Φjκ,{ω‚Ή‚Έ,‚ ‚θ
ή“,Τγ‚Λ‚η‚Ά,–k‘ς,‰Ί–k‘ςπ”Τ,131121,“‹“s,Ά“c’J‹ζ,–k‘ς‚T’–Ϊ,2019-01-23,22,‚»‚Μ‘Ό‚ΜZ‘ξi‚RK‚ΔΘ‰Ί‹¤“―Z‘ξ“™j,{ω‚Ή‚Έ,‚ ‚θ
ή“,Τγ‚Λ‚η‚Ά,–k‘ς,‰Ί–k‘ςπ”Τ,131121,“‹“s,Ά“c’J‹ζ,‘γ‘ς‚T’–Ϊ,2019-05-02,13,“ΉHγ,{ω‚Ή‚Έ,‚ ‚θ
ή“,Τγ‚Λ‚η‚Ά,–k‘ς,Τ’ηπ”Τ,131121,“‹“s,Ά“c’J‹ζ,Τ’η‚P’–Ϊ,2019-06-23,19,κΛZ‘ξ,{ω‚Ή‚Έ,‚ ‚θ
ή“,Τγ‚Λ‚η‚Ά,–k‘ς,Τ’ηπ”Τ,131121,“‹“s,Ά“c’J‹ζ,Τ’η‚P’–Ϊ,2019-08-31,08,“ΉHγ,{ω‚Ή‚Έ,‚Θ‚µ
ή“,Τγ‚Λ‚η‚Ά,–k‘ς,Τ’ηπ”Τ,131121,“‹“s,Ά“c’J‹ζ,”~‹u‚P’–Ϊ,2019-05-04,10,“ΉHγ,{ω‚Ή‚Έ,‚Θ‚µ
ή“,Τγ‚Λ‚η‚Ά,‹Κμ,‰‘ς‰w‘Oπ”Τ,131121,“‹“s,Ά“c’J‹ζ,‰‘ς‚T’–Ϊ,2019-07-29,07,’“Τi—Φjκ,{ω‚Ή‚Έ,‚Θ‚µ
ή“,Τγ‚Λ‚η‚Ά,‹Κμ,”φR‘δ‰w‘Oπ”Τ,131121,“‹“s,Ά“c’J‹ζ,“™X—Ν‚R’–Ϊ,2019-09-10,01,’“Τi—Φjκ,{ω‚Ή‚Έ,‚Θ‚µ
ή“,Τγ‚Λ‚η‚Ά,‹Κμ,£“cπ”Τ,131121,“‹“s,Ά“c’J‹ζ,£“c‚T’–Ϊ,2019-10-31,10,’“Τi—Φjκ,{ω‚Ή‚Έ,‚Θ‚µ
ή“,Τγ‚Λ‚η‚Ά,‹Κμ,£“cπ”Τ,131121,“‹“s,Ά“c’J‹ζ,£“c‚T’–Ϊ,2019-11-01,19,κΛZ‘ξ,{ω‚Ή‚Έ,‚Θ‚µ
ή“,Τγ‚Λ‚η‚Ά,‹Κμ,—p‰κπ”Τ,131121,“‹“s,Ά“c’J‹ζ,γ—p‰κ‚T’–Ϊ,2019-04-05,00,‚»‚Μ‘Ό‚ΜZ‘ξi‚RK‚ΔΘ‰Ί‹¤“―Z‘ξ“™j,{ω‚Ή‚Έ,‚ ‚θ
ή“,Τγ‚Λ‚η‚Ά,‹Κμ,—p‰κπ”Τ,131121,“‹“s,Ά“c’J‹ζ,—p‰κ‚S’–Ϊ,2019-08-03,11,‚SK‚ΔΘγ‹¤“―Z‘ξ,{ω‚Ή‚Έ,‚Θ‚µ
ή“,Τγ‚Λ‚η‚Ά,¬ι,ηΞ‘δπ”Τ,131121,“‹“s,Ά“c’J‹ζ,””’J‚Q’–Ϊ,2019-09-04,11,’“Τi—Φjκ,{ω‚Ή‚Έ,‚ ‚θ
ή“,Τγ‚Λ‚η‚Ά,¬ι,ηΞ‘δπ”Τ,131121,“‹“s,Ά“c’J‹ζ,‘ct’J‚T’–Ϊ,2019-06-01,12,“ΉHγ,{ω‚Ή‚Έ,‚ ‚θ
ή“,Τγ‚Λ‚η‚Ά,¬ι,‰GRπ”Τ,131121,“‹“s,Ά“c’J‹ζ,“μ‰GR‚R’–Ϊ,2019-04-02,20,‚»‚Μ‘Ό,{ω‚Ή‚Έ,‚Θ‚µ
ή“,Τγ‚Λ‚η‚Ά,¬ι,‰GRπ”Τ,131121,“‹“s,Ά“c’J‹ζ,“μ‰GR‚U’–Ϊ,2019-01-09,12,‚SK‚ΔΘγ‹¤“―Z‘ξ,{ω‚Ή‚Έ,‚ ‚θ
ή“,Τγ‚Λ‚η‚Ά,¬ι,γ–k‘ς‰w‘Oπ”Τ,131121,“‹“s,Ά“c’J‹ζ,γ–k‘ς‚S’–Ϊ,2019-10-21,02,“ΉHγ,{ω‚Ή‚Έ,‚ ‚θ
ή“,Τγ‚Λ‚η‚Ά,¬ι,ηΞ‘D‹΄‰w‘Oπ”Τ,131121,“‹“s,Ά“c’J‹ζ,‘D‹΄‚P’–Ϊ,2019-10-26,22,“ΉHγ,{ω‚Ή‚Έ,‚ ‚θ
ή“,Τγ‚Λ‚η‚Ά,¬ι,‘ε‘ “ρ’–Ϊπ”Τ,131121,“‹“s,Ά“c’J‹ζ,‘ε‘ ‚P’–Ϊ,2019-06-29,05,‚»‚Μ‘Ό,{ω‚Ή‚Έ,‚ ‚θ
ή“,Τγ‚Λ‚η‚Ά,¬ι,‘ε‘ “ρ’–Ϊπ”Τ,131121,“‹“s,Ά“c’J‹ζ,‹m‚P’–Ϊ,2019-04-02,15,’“Τi—Φjκ,{ω‚Ή‚Έ,‚Θ‚µ
ή“,Τγ‚Λ‚η‚Ά,¬ι,‘ε‘ “ρ’–Ϊπ”Τ,131121,“‹“s,Ά“c’J‹ζ,‹m‚P’–Ϊ,2019-09-10,20,’“Τi—Φjκ,{ω‚Ή‚Έ,‚ ‚θ
ή“,Τγ‚Λ‚η‚Ά,¬ι,“•σ‘Oπ”Τ,131121,“‹“s,Ά“c’J‹ζ,‰F“ήª‚R’–Ϊ,2019-05-23,10,‚»‚Μ‘Ό,{ω‚Ή‚Έ,‚Θ‚µ
ή“,Τγ‚Λ‚η‚Ά,¬ι,“•σ‘Oπ”Τ,131121,“‹“s,Ά“c’J‹ζ,μ‘½©‚T’–Ϊ,2019-07-01,08,’“Τi—Φjκ,{ω‚Ή‚Έ,‚Θ‚µ
ή“,Τγ‚Λ‚η‚Ά,¬ι,™“c’“έ,131121,“‹“s,Ά“c’J‹ζ,™“c‚Q’–Ϊ,2019-07-24,15,‚»‚Μ‘Ό,{ω‚Ή‚Έ,‚Θ‚µ
ή“,Τγ‚Λ‚η‚Ά,¬ι,μ‘½©‰w‘Oπ”Τ,131121,“‹“s,Ά“c’J‹ζ,μ‘½©‚W’–Ϊ,2019-11-09,10,’“Τi—Φjκ,{ω‚Ή‚Έ,‚ ‚θ
ή“,Τγ‚Λ‚η‚Ά,¬ι,μ‘½©‰w‘Oπ”Τ,131121,“‹“s,Ά“c’J‹ζ,μ‘½©‚W’–Ϊ,2019-12-15,11,“ΉHγ,{ω‚Ή‚Έ,‚ ‚θ
ή“,Τγ‚Λ‚η‚Ά,¬ι,μ‘½©‰w‘Oπ”Τ,131121,“‹“s,Ά“c’J‹ζ,μ‘½©‚W’–Ϊ,2019-12-29,20,’“Τi—Φjκ,{ω‚Ή‚Έ,‚Θ‚µ
ή“,Τγ‚Λ‚η‚Ά,¬ι,μ‘½©‰w‘Oπ”Τ,131121,“‹“s,Ά“c’J‹ζ,μ‘½©‚X’–Ϊ,2019-05-13,15,“ΉHγ,{ω‚Ή‚Έ,‚Θ‚µ
ή“,Τγ‚Λ‚η‚Ά,¬ι,μ‘½©‰w‘Oπ”Τ,131121,“‹“s,Ά“c’J‹ζ,μ‘½©‚X’–Ϊ,2019-10-05,10,’“Τi—Φjκ,{ω‚Ή‚Έ,‚Θ‚µ
ή“,Τγ‚Λ‚η‚Ά,¬ι,μ‘½©‰w‘Oπ”Τ,131121,“‹“s,Ά“c’J‹ζ,μ‘½©‚X’–Ϊ,2019-12-08,11,“ΉHγ,{ω‚Ή‚Έ,‚Θ‚µ
ή“,Τγ‚Λ‚η‚Ά,¬ι,‹‹“cπ”Τ,131121,“‹“s,Ά“c’J‹ζ,‹‹“c‚T’–Ϊ,2019-09-19,15,‚SK‚ΔΘγ‹¤“―Z‘ξ,{ω‚Ή‚Έ,‚ ‚θ
ή“,Τγ‚Λ‚η‚Ά,¬ι,χγ…π”Τ,131121,“‹“s,Ά“c’J‹ζ,χγ…‚P’–Ϊ,2019-12-03,20,κΛZ‘ξ,{ω‚Ή‚Έ,‚Θ‚µ
ή“,Τγ‚Λ‚η‚Ά,¬ι,‘D‹΄π”Τ,131121,“‹“s,Ά“c’J‹ζ,”ª”¦R‚Q’–Ϊ,2019-08-31,05,“ΉHγ,{ω‚Ή‚Έ,‚ ‚θ
ή“,Τγ‚Λ‚η‚Ά,–Ϊ•,‰Ί–Ϊ•π”Τ,131105,“‹“s,–Ϊ•‹ζ,–Ϊ•‚Q’–Ϊ,2019-02-17,12,‚»‚Μ‘Ό,{ω‚Ή‚Έ,‚Θ‚µ
ή“,Τγ‚Λ‚η‚Ά,–Ϊ•,—S“V›‰w‘Oπ”Τ,131105,“‹“s,–Ϊ•‹ζ,γ–Ϊ•‚R’–Ϊ,2019-03-26,14,’“Τi—Φjκ,{ω‚Ή‚Έ,‚Θ‚µ
ή“,Τγ‚Λ‚η‚Ά,–Ϊ•,—S“V›‰w‘Oπ”Τ,131105,“‹“s,–Ϊ•‹ζ,ά–{–Ψ‚Q’–Ϊ,2019-07-05,12,“ΉHγ,{ω‚Ή‚Έ,‚ ‚θ
ή“,Τγ‚Λ‚η‚Ά,–Ϊ•,—S“V›‰w‘Oπ”Τ,131105,“‹“s,–Ϊ•‹ζ,’†‰›’¬‚Q’–Ϊ,2019-10-16,23,“ΉHγ,{ω‚Ή‚Έ,‚Θ‚µ
ή“,Τγ‚Λ‚η‚Ά,–Ϊ•,’†–Ϊ•‰w‘Oπ”Τ,131105,“‹“s,–Ϊ•‹ζ,γ–Ϊ•‚Q’–Ϊ,2019-07-03,19,’“Τi—Φjκ,{ω‚Ή‚Έ,‚ ‚θ
ή“,Τγ‚Λ‚η‚Ά,–Ϊ•,’†–Ϊ•‰w‘Oπ”Τ,131105,“‹“s,–Ϊ•‹ζ,γ–Ϊ•‚R’–Ϊ,2019-07-20,10,“ΉHγ,{ω‚Ή‚Έ,‚ ‚θ
ή“,Τγ‚Λ‚η‚Ά,–Ϊ•,’†–Ϊ•‰w‘Oπ”Τ,131105,“‹“s,–Ϊ•‹ζ,’†–Ϊ•‚Q’–Ϊ,2019-04-02,11,“ΉHγ,{ω‚Ή‚Έ,‚Θ‚µ
ή“,Τγ‚Λ‚η‚Ά,–Ϊ•,hRπ”Τ,131105,“‹“s,–Ϊ•‹ζ,γ–Ϊ•‚S’–Ϊ,2019-08-18,08,“ΉHγ,{ω‚Ή‚Έ,‚ ‚θ
ή“,Τγ‚Λ‚η‚Ά,–Ϊ•,‘ε‹΄π”Τ,131105,“‹“s,–Ϊ•‹ζ,‘ε‹΄‚P’–Ϊ,2019-05-21,13,’“Τi—Φjκ,{ω‚Ή‚Έ,‚Θ‚µ
ή“,Τγ‚Λ‚η‚Ά,–Ϊ•,‘ε‹΄π”Τ,131105,“‹“s,–Ϊ•‹ζ,‘ε‹΄‚Q’–Ϊ,2019-09-23,13,“ΉHγ,{ω‚Ή‚Έ,‚Θ‚µ
ή“,Τγ‚Λ‚η‚Ά,–Ϊ•,‘ε‹΄π”Τ,131105,“‹“s,–Ϊ•‹ζ,‹ξκ‚R’–Ϊ,2019-06-12,16,‚»‚Μ‘Ό,{ω‚Ή‚Έ,‚Θ‚µ
ή“,Τγ‚Λ‚η‚Ά,–Ϊ•,‘ε‹΄π”Τ,131105,“‹“s,–Ϊ•‹ζ,“R‚R’–Ϊ,2019-06-11,16,‚»‚Μ‘Ό,{ω‚Ή‚Έ,‚Θ‚µ
ή“,Τγ‚Λ‚η‚Ά,”θ•¶’J,`‚Μ–Ψβπ”Τ,131105,“‹“s,–Ϊ•‹ζ,”ª‰_‚Q’–Ϊ,2019-05-15,20,’“Τi—Φjκ,{ω‚Ή‚Έ,‚Θ‚µ
ή“,Τγ‚Λ‚η‚Ά,”θ•¶’J,’†ªπ”Τ,131105,“‹“s,–Ϊ•‹ζ,”ª‰_‚R’–Ϊ,2019-09-10,10,’“Τi—Φjκ,{ω‚Ή‚Έ,‚ ‚θ
ή“,Τγ‚Λ‚η‚Ά,”θ•¶’J,’†ªπ”Τ,131105,“‹“s,–Ϊ•‹ζ,”ª‰_‚R’–Ϊ,2019-12-24,23,“ΉHγ,{ω‚Ή‚Έ,‚Θ‚µ
ή“,Τγ‚Λ‚η‚Ά,”θ•¶’J,©—R‚ª‹uπ”Τ,131105,“‹“s,–Ϊ•‹ζ,©—R‚ª‹u‚P’–Ϊ,2019-03-23,15,κΛZ‘ξ,{ω‚Ή‚Έ,‚Θ‚µ
ή“,Τγ‚Λ‚η‚Ά,”θ•¶’J,©—R‚ª‹uπ”Τ,131105,“‹“s,–Ϊ•‹ζ,©—R‚ª‹u‚P’–Ϊ,2019-07-06,09,“ΉHγ,{ω‚Ή‚Έ,‚ ‚θ
ή“,Τγ‚Λ‚η‚Ά,”θ•¶’J,©—R‚ª‹uπ”Τ,131105,“‹“s,–Ϊ•‹ζ,©—R‚ª‹u‚Q’–Ϊ,2019-07-19,11,“ΉHγ,{ω‚Ή‚Έ,‚Θ‚µ
ή“,Τγ‚Λ‚η‚Ά,”θ•¶’J,΄’¬π”Τ,131105,“‹“s,–Ϊ•‹ζ,΄’¬‚P’–Ϊ,2019-06-05,10,‚»‚Μ‘Ό,{ω‚Ή‚Έ,‚ ‚θ
ή“,Τγ‚Λ‚η‚Ά,”θ•¶’J,–{’¬“ρ’–Ϊπ”Τ,131105,“‹“s,–Ϊ•‹ζ,–Ϊ•–{’¬‚Q’–Ϊ,2019-07-06,16,’“Τi—Φjκ,{ω‚Ή‚Έ,‚ ‚θ
ή“,Τγ‚Λ‚η‚Ά,a’J,a’J‰w‘Oπ”Τ,131130,“‹“s,a’J‹ζ,‰F“cμ’¬,2019-01-27,08,“ΉHγ,{ω‚Ή‚Έ,‚Θ‚µ
ή“,Τγ‚Λ‚η‚Ά,a’J,a’J‰w‘Oπ”Τ,131130,“‹“s,a’J‹ζ,a’J‚P’–Ϊ,2019-02-22,16,’“Τi—Φjκ,{ω‚Ή‚Έ,‚Θ‚µ
ή“,Τγ‚Λ‚η‚Ά,a’J,a’J‰w‘Oπ”Τ,131130,“‹“s,a’J‹ζ,a’J‚Q’–Ϊ,2019-04-05,11,‚»‚Μ‘Ό,{ω‚Ή‚Έ,‚Θ‚µ
ή“,Τγ‚Λ‚η‚Ά,a’J,‰F“cμπ”Τ,131130,“‹“s,a’J‹ζ,‰F“cμ’¬,2019-02-02,20,‚SK‚ΔΘγ‹¤“―Z‘ξ,{ω‚Ή‚Έ,‚Θ‚µ
ή“,Τγ‚Λ‚η‚Ά,a’J,‰F“cμπ”Τ,131130,“‹“s,a’J‹ζ,‰F“cμ’¬,2019-05-15,01,’“Τi—Φjκ,{ω‚Ή‚Έ,‚Θ‚µ
ή“,Τγ‚Λ‚η‚Ά,a’J,‰F“cμπ”Τ,131130,“‹“s,a’J‹ζ,‰F“cμ’¬,2019-09-08,21,“ΉHγ,{ω‚Ή‚Έ,‚ ‚θ
ή“,Τγ‚Λ‚η‚Ά,a’J,‰F“cμπ”Τ,131130,“‹“s,a’J‹ζ,_ς’¬,2019-01-27,20,“ΉHγ,{ω‚Ή‚Έ,‚Θ‚µ
ή“,Τγ‚Λ‚η‚Ά,a’J,“ΉΊβγπ”Τ,131130,“‹“s,a’J‹ζ,‰~R’¬,2019-09-20,02,‚»‚Μ‘Ό,{ω‚Ή‚Έ,‚Θ‚µ
ή“,Τγ‚Λ‚η‚Ά,a’J,b”δυ‰w‘Oπ”Τ,131130,“‹“s,a’J‹ζ,b”δυ‚S’–Ϊ,2019-02-07,15,’“Τi—Φjκ,{ω‚Ή‚Έ,‚Θ‚µ
ή“,Τγ‚Λ‚η‚Ά,a’J,b”δυ‰w‘Oπ”Τ,131130,“‹“s,a’J‹ζ,b”δυ‚S’–Ϊ,2019-04-04,08,’“Τi—Φjκ,{ω‚Ή‚Έ,‚Θ‚µ
ή“,Τγ‚Λ‚η‚Ά,a’J,b”δυ‰w‘Oπ”Τ,131130,“‹“s,a’J‹ζ,b”δυ‚S’–Ϊ,2019-11-17,22,’“Τi—Φjκ,{ω‚Ή‚Έ,‚Θ‚µ
ή“,Τγ‚Λ‚η‚Ά,a’J,L”φά’–Ϊπ”Τ,131130,“‹“s,a’J‹ζ,L”φ‚T’–Ϊ,2019-06-10,11,“ΉHγ,{ω‚Ή‚Έ,‚Θ‚µ
ή“,Τγ‚Λ‚η‚Ά,a’J,”«Rπ”Τ,131130,“‹“s,a’J‹ζ,”«R’¬,2019-03-14,22,“ΉHγ,{ω‚Ή‚Έ,‚Θ‚µ
ή“,Τγ‚Λ‚η‚Ά,a’J,ν”ΦΌπ”Τ,131130,“‹“s,a’J‹ζ,a’J‚S’–Ϊ,2019-09-27,16,’“Τi—Φjκ,{ω‚Ή‚Έ,‚Θ‚µ
ή“,Τγ‚Λ‚η‚Ά,a’J,b”δυl’–Ϊπ”Τ,131130,“‹“s,a’J‹ζ,b”δυ‚R’–Ϊ,2019-12-06,15,“ΉHγ,{ω‚Ή‚Έ,‚ ‚θ
ή“,Τγ‚Λ‚η‚Ά,a’J,b”δυl’–Ϊπ”Τ,131130,“‹“s,a’J‹ζ,b”δυ‚S’–Ϊ,2019-07-18,15,“ΉHγ,{ω‚Ή‚Έ,‚ ‚θ
ή“,Τγ‚Λ‚η‚Ά,΄h,‘γX–Ψ‰w‘Oπ”Τ,131130,“‹“s,a’J‹ζ,η‘Κƒ–’J‚S’–Ϊ,2019-12-01,15,“ΉHγ,{ω‚Ή‚Έ,‚Θ‚µ
ή“,Τγ‚Λ‚η‚Ά,΄h,‘γX–Ψ“ρ’–Ϊπ”Τ,131130,“‹“s,a’J‹ζ,‘γX–Ψ‚Q’–Ϊ,2019-02-16,01,’“Τi—Φjκ,{ω‚Ή‚Έ,‚Θ‚µ
ή“,Τγ‚Λ‚η‚Ά,΄h,‘γX–Ψ“ρ’–Ϊπ”Τ,131130,“‹“s,a’J‹ζ,‘γX–Ψ‚Q’–Ϊ,2019-03-24,15,’“Τi—Φjκ,{ω‚Ή‚Έ,‚Θ‚µ
ή“,Τγ‚Λ‚η‚Ά,΄h,η‘ΚƒP’Jά’–Ϊπ”Τ,131130,“‹“s,a’J‹ζ,η‘Κƒ–’J‚S’–Ϊ,2019-04-20,19,“ΉHγ,{ω‚Ή‚Έ,‚Θ‚µ
ή“,Τγ‚Λ‚η‚Ά,΄h,η‘ΚƒP’Jά’–Ϊπ”Τ,131130,“‹“s,a’J‹ζ,η‘Κƒ–’J‚T’–Ϊ,2019-01-19,22,“ΉHγ,{ω‚Ή‚Έ,‚Θ‚µ
ή“,Τγ‚Λ‚η‚Ά,΄h,η‘ΚƒP’J‰w‘Oπ”Τ,131130,“‹“s,a’J‹ζ,_‹{‘O‚Q’–Ϊ,2019-03-27,16,’“Τi—Φjκ,{ω‚Ή‚Έ,‚Θ‚µ
ή“,Τγ‚Λ‚η‚Ά,΄h,η‘ΚƒP’J‰w‘Oπ”Τ,131130,“‹“s,a’J‹ζ,η‘Κƒ–’J‚R’–Ϊ,2019-12-02,12,κΛZ‘ξ,{ω‚Ή‚Έ,‚Θ‚µ
ή“,Τγ‚Λ‚η‚Ά,΄h,_‹{‘Oπ”Τ,131130,“‹“s,a’J‹ζ,_‹{‘O‚R’–Ϊ,2019-01-31,14,“ΉHγ,{ω‚Ή‚Έ,‚Θ‚µ
ή“,Τγ‚Λ‚η‚Ά,΄h,_‹{‘Oπ”Τ,131130,“‹“s,a’J‹ζ,_‹{‘O‚R’–Ϊ,2019-12-03,13,’“Τi—Φjκ,{ω‚Ή‚Έ,‚ ‚θ
ή“,Τγ‚Λ‚η‚Ά,‘γX–Ψ,‰‘δ‰w‘Oπ”Τ,131130,“‹“s,a’J‹ζ,–{’¬‚Q’–Ϊ,2019-04-19,00,κΛZ‘ξ,{ω‚Ή‚Έ,‚Θ‚µ
ή“,Τγ‚Λ‚η‚Ά,‘γX–Ψ,‰‘δ‰w‘Oπ”Τ,131130,“‹“s,a’J‹ζ,–{’¬‚Q’–Ϊ,2019-10-22,21,“ΉHγ,{ω‚Ή‚Έ,‚ ‚θ
ή“,Τγ‚Λ‚η‚Ά,‘γX–Ψ,‰‘δ‰w‘Oπ”Τ,131130,“‹“s,a’J‹ζ,‘γX–Ψ‚S’–Ϊ,2019-01-07,07,κΛZ‘ξ,{ω‚Ή‚Έ,‚Θ‚µ
ή“,Τγ‚Λ‚η‚Ά,‘γX–Ψ,‰‘δ‰w‘Oπ”Τ,131130,“‹“s,a’J‹ζ,‘γX–Ψ‚S’–Ϊ,2019-10-26,14,“ΉHγ,{ω‚Ή‚Έ,‚Θ‚µ
ή“,Τγ‚Λ‚η‚Ά,‘γX–Ψ,΄…‹΄π”Τ,131130,“‹“s,a’J‹ζ,–{’¬‚Q’–Ϊ,2019-07-09,11,κΛZ‘ξ,{ω‚Ή‚Έ,‚ ‚θ
ή“,Τγ‚Λ‚η‚Ά,‘γX–Ψ,΄…‹΄π”Τ,131130,“‹“s,a’J‹ζ,–{’¬‚Q’–Ϊ,2019-07-12,21,‚»‚Μ‘Ό‚ΜZ‘ξi‚RK‚ΔΘ‰Ί‹¤“―Z‘ξ“™j,{ω‚Ή‚Έ,‚Θ‚µ
ή“,Τγ‚Λ‚η‚Ά,‘γX–Ψ,•s“®‘Oπ”Τ,131130,“‹“s,a’J‹ζ,–{’¬‚Q’–Ϊ,2019-02-25,16,“ΉHγ,{ω‚Ή‚Έ,‚ ‚θ
ή“,Τγ‚Λ‚η‚Ά,‘γX–Ψ,•s“®‘Oπ”Τ,131130,“‹“s,a’J‹ζ,–{’¬‚U’–Ϊ,2019-04-28,09,’“Τi—Φjκ,{ω‚Ή‚Έ,‚ ‚θ
ή“,Τγ‚Λ‚η‚Ά,‘γX–Ψ,”¦ƒP’J‰w‘Oπ”Τ,131130,“‹“s,a’J‹ζ,”¦ƒ–’J‚R’–Ϊ,2019-06-09,14,‚»‚Μ‘Ό,{ω‚Ή‚Έ,‚ ‚θ
ή“,Τγ‚Λ‚η‚Ά,‘γX–Ψ,ω’Λπ”Τ,131130,“‹“s,a’J‹ζ,ω’Λ‚P’–Ϊ,2019-10-13,11,’“Τi—Φjκ,{ω‚Ή‚Έ,‚Θ‚µ
ή“,Τγ‚Λ‚η‚Ά,‘γX–Ψ,ω’Λπ”Τ,131130,“‹“s,a’J‹ζ,ω’Λ‚P’–Ϊ,2019-11-30,19,’“Τi—Φjκ,{ω‚Ή‚Έ,‚Θ‚µ
ή“,Τγ‚Λ‚η‚Ά,‘γX–Ψ,ω’Λπ”Τ,131130,“‹“s,a’J‹ζ,ω’Λ‚R’–Ϊ,2019-02-15,16,“ΉHγ,{ω‚Ή‚Έ,‚ ‚θ
ή“,Τγ‚Λ‚η‚Ά,‘γX–Ψ,‘γX–Ψγ΄‰w‘Oπ”Τ,131130,“‹“s,a’J‹ζ,Ό΄‚R’–Ϊ,2019-03-20,16,‚»‚Μ‘Ό‚ΜZ‘ξi‚RK‚ΔΘ‰Ί‹¤“―Z‘ξ“™j,{ω‚Ή‚Έ,‚ ‚θ
ή“,Τγ‚Λ‚η‚Ά,‘γX–Ψ,‰‘δ“ρ’–Ϊπ”Τ,131130,“‹“s,a’J‹ζ,‘γX–Ψ‚T’–Ϊ,2019-07-31,10,“ΉHγ,{ω‚Ή‚Έ,‚ ‚θ
ή“,Τγ‚Λ‚η‚Ά,‘γX–Ψ,‘γX–Ψφ‰€π”Τ,131130,“‹“s,a’J‹ζ,γ΄‚R’–Ϊ,2019-03-18,16,“ΉHγ,{ω‚Ή‚Έ,‚ ‚θ
ή“,Τγ‚Λ‚η‚Ά,‹,•x‹v’¬π”Τ,131041,“‹“s,Vh‹ζ,Z‹g’¬,2019-06-13,17,“ΉHγ,{ω‚Ή‚Έ,‚ ‚θ
ή“,Τγ‚Λ‚η‚Ά,‹,•x‹v’¬π”Τ,131041,“‹“s,Vh‹ζ,Z‹g’¬,2019-06-13,18,“ΉHγ,{ω‚Ή‚Έ,‚Θ‚µ
ή“,Τγ‚Λ‚η‚Ά,‹,•x‹v’¬π”Τ,131041,“‹“s,Vh‹ζ,•x‹v’¬,2019-05-13,12,‚»‚Μ‘Ό,{ω‚Ή‚Έ,‚ ‚θ
ή“,Τγ‚Λ‚η‚Ά,‹,‰Ν“c’¬π”Τ,131041,“‹“s,Vh‹ζ,ΛR‚Q’–Ϊ,2019-03-23,06,‚»‚Μ‘Ό,{ω‚Ή‚Έ,‚ ‚θ
ή“,Τγ‚Λ‚η‚Ά,‹,‘ε‹Θπ”Τ,131041,“‹“s,Vh‹ζ,…“Ή’¬,2019-05-11,01,“ΉHγ,{ω‚Ή‚Έ,‚Θ‚µ
ή“,Τγ‚Λ‚η‚Ά,‹,_yβγπ”Τ,131041,“‹“s,Vh‹ζ,_yβ‚T’–Ϊ,2019-08-28,14,“ΉHγ,{ω‚Ή‚Έ,‚ ‚θ
ή“,Τγ‚Λ‚η‚Ά,‹,_yβγπ”Τ,131041,“‹“s,Vh‹ζ,–ξ—’¬,2019-12-17,20,’“Τi—Φjκ,{ω‚Ή‚Έ,‚Θ‚µ
ή“,Τγ‚Λ‚η‚Ά,Vh,Vh‰wΌϋπ”Τ,131041,“‹“s,Vh‹ζ,ΌVh‚P’–Ϊ,2019-07-17,08,’“Τi—Φjκ,{ω‚Ή‚Έ,‚Θ‚µ
ή“,Τγ‚Λ‚η‚Ά,Vh,Vh‰wΌϋπ”Τ,131041,“‹“s,Vh‹ζ,ΌVh‚P’–Ϊ,2019-08-16,11,’“Τi—Φjκ,{ω‚Ή‚Έ,‚Θ‚µ
ή“,Τγ‚Λ‚η‚Ά,Vh,ΌVhO’–Ϊπ”Τ,131041,“‹“s,Vh‹ζ,ΌVh‚S’–Ϊ,2019-06-03,12,“ΉHγ,{ω‚Ή‚Έ,‚ ‚θ
ή“,Τγ‚Λ‚η‚Ά,Vh,F–μ_Π‘Oπ”Τ,131041,“‹“s,Vh‹ζ,ΌVh‚S’–Ϊ,2019-06-16,16,‚»‚Μ‘Ό‚ΜZ‘ξi‚RK‚ΔΘ‰Ί‹¤“―Z‘ξ“™j,{ω‚Ή‚Έ,‚Θ‚µ
ή“,Τγ‚Λ‚η‚Ά,Vh,F–μ_Π‘Oπ”Τ,131041,“‹“s,Vh‹ζ,ΌVh‚T’–Ϊ,2019-01-26,16,’“Τi—Φjκ,{ω‚Ή‚Έ,‚Θ‚µ
ή“,Τγ‚Λ‚η‚Ά,Vh,F–μ_Π‘Oπ”Τ,131041,“‹“s,Vh‹ζ,ΌVh‚U’–Ϊ,2019-03-17,21,“ΉHγ,{ω‚Ή‚Έ,‚Θ‚µ
ή“,Τγ‚Λ‚η‚Ά,Vh,F–μ_Π‘Oπ”Τ,131041,“‹“s,Vh‹ζ,ΌVh‚U’–Ϊ,2019-06-22,18,‚SK‚ΔΘγ‹¤“―Z‘ξ,{ω‚Ή‚Έ,‚Θ‚µ
ή“,Τγ‚Λ‚η‚Ά,Vh,¬qβπ”Τ,131041,“‹“s,Vh‹ζ,ΌVh‚V’–Ϊ,2019-09-28,20,“ΉHγ,{ω‚Ή‚Έ,‚Θ‚µ
ή“,Τγ‚Λ‚η‚Ά,Vh,—„‹΄sκ‘Oπ”Τ,131041,“‹“s,Vh‹ζ,•Sl’¬‚R’–Ϊ,2019-04-30,03,‚SK‚ΔΘγ‹¤“―Z‘ξ,{ω‚Ή‚Έ,‚Θ‚µ
ή“,Τγ‚Λ‚η‚Ά,Vh,•Sl’¬π”Τ,131041,“‹“s,Vh‹ζ,•Sl’¬‚P’–Ϊ,2019-01-28,13,“ΉHγ,{ω‚Ή‚Έ,‚ ‚θ
ή“,Τγ‚Λ‚η‚Ά,Vh,•Sl’¬π”Τ,131041,“‹“s,Vh‹ζ,•Sl’¬‚P’–Ϊ,2019-01-28,15,“ΉHγ,{ω‚Ή‚Έ,‚Θ‚µ
ή“,Τγ‚Λ‚η‚Ά,Vh,•Sl’¬π”Τ,131041,“‹“s,Vh‹ζ,•Sl’¬‚P’–Ϊ,2019-02-07,14,‚»‚Μ‘Ό,{ω‚Ή‚Έ,‚Θ‚µ
ή“,Τγ‚Λ‚η‚Ά,Vh,•Sl’¬π”Τ,131041,“‹“s,Vh‹ζ,•Sl’¬‚Q’–Ϊ,2019-01-06,12,‚»‚Μ‘Ό,{ω‚Ή‚Έ,‚Θ‚µ
ή“,Τγ‚Λ‚η‚Ά,Vh,•Sl’¬π”Τ,131041,“‹“s,Vh‹ζ,•Sl’¬‚Q’–Ϊ,2019-01-10,16,“ΉHγ,{ω‚Ή‚Έ,‚ ‚θ
ή“,Τγ‚Λ‚η‚Ά,Vh,‘ε‹v•Ϋπ”Τ,131041,“‹“s,Vh‹ζ,‘ε‹v•Ϋ‚P’–Ϊ,2019-01-16,11,‚»‚Μ‘Ό,{ω‚Ή‚Έ,‚ ‚θ
ή“,Τγ‚Λ‚η‚Ά,Vh,‘ε‹v•Ϋπ”Τ,131041,“‹“s,Vh‹ζ,‘ε‹v•Ϋ‚P’–Ϊ,2019-01-22,15,“ΉHγ,{ω‚Ή‚Έ,‚ ‚θ
ή“,Τγ‚Λ‚η‚Ά,Vh,‘ε‹v•Ϋπ”Τ,131041,“‹“s,Vh‹ζ,‘ε‹v•Ϋ‚P’–Ϊ,2019-06-10,19,“ΉHγ,{ω‚Ή‚Έ,‚ ‚θ
ή“,Τγ‚Λ‚η‚Ά,Vh,‘ε‹v•Ϋπ”Τ,131041,“‹“s,Vh‹ζ,‘ε‹v•Ϋ‚P’–Ϊ,2019-08-13,09,“ΉHγ,{ω‚Ή‚Έ,‚ ‚θ
ή“,Τγ‚Λ‚η‚Ά,Vh,‘ε‹v•Ϋπ”Τ,131041,“‹“s,Vh‹ζ,‘ε‹v•Ϋ‚Q’–Ϊ,2019-01-19,12,‚»‚Μ‘Ό,{ω‚Ή‚Έ,‚ ‚θ
ή“,Τγ‚Λ‚η‚Ά,Vh,‘ε‹v•Ϋπ”Τ,131041,“‹“s,Vh‹ζ,‘ε‹v•Ϋ‚R’–Ϊ,2019-06-16,11,“ΉHγ,{ω‚Ή‚Έ,‚ ‚θ
ή“,Τγ‚Λ‚η‚Ά,Vh,‘ε‹v•Ϋπ”Τ,131041,“‹“s,Vh‹ζ,‘ε‹v•Ϋ‚R’–Ϊ,2019-08-27,14,“ΉHγ,{ω‚Ή‚Έ,‚ ‚θ
ή“,Τγ‚Λ‚η‚Ά,Vh,VhZ’–Ϊπ”Τ,131041,“‹“s,Vh‹ζ,Vh‚U’–Ϊ,2019-01-07,21,“ΉHγ,{ω‚Ή‚Έ,‚ ‚θ
ή“,Τγ‚Λ‚η‚Ά,Vh,VhZ’–Ϊπ”Τ,131041,“‹“s,Vh‹ζ,Vh‚U’–Ϊ,2019-08-28,11,“ΉHγ,{ω‚Ή‚Έ,‚ ‚θ
ή“,Τγ‚Λ‚η‚Ά,Vh,‰Μ•‘κ’¬π”Τ,131041,“‹“s,Vh‹ζ,‰Μ•‘κ’¬‚P’–Ϊ,2019-01-05,09,“ΉHγ,{ω‚Ή‚Έ,‚ ‚θ
ή“,Τγ‚Λ‚η‚Ά,Vh,‰Μ•‘κ’¬π”Τ,131041,“‹“s,Vh‹ζ,‰Μ•‘κ’¬‚P’–Ϊ,2019-01-28,12,“ΉHγ,{ω‚Ή‚Έ,‚Θ‚µ
ή“,Τγ‚Λ‚η‚Ά,Vh,‰Μ•‘κ’¬π”Τ,131041,“‹“s,Vh‹ζ,‰Μ•‘κ’¬‚Q’–Ϊ,2019-07-08,09,“ΉHγ,{ω‚Ή‚Έ,‚ ‚θ
ή“,Τγ‚Λ‚η‚Ά,Vh,Vh‰w“ϋπ”Τ,131041,“‹“s,Vh‹ζ,Vh‚R’–Ϊ,2019-01-24,16,“ΉHγ,{ω‚Ή‚Έ,‚ ‚θ
ή“,Τγ‚Λ‚η‚Ά,Vh,Vh‰w“ϋπ”Τ,131041,“‹“s,Vh‹ζ,Vh‚R’–Ϊ,2019-04-08,05,“ΉHγ,{ω‚Ή‚Έ,‚ ‚θ
ή“,Τγ‚Λ‚η‚Ά,Vh,Vh‰w“ϋπ”Τ,131041,“‹“s,Vh‹ζ,Vh‚R’–Ϊ,2019-06-10,21,“ΉHγ,{ω‚Ή‚Έ,‚ ‚θ
ή“,Τγ‚Λ‚η‚Ά,Vh,Vh‰w“ϋπ”Τ,131041,“‹“s,Vh‹ζ,Vh‚R’–Ϊ,2019-12-13,22,’“Τi—Φjκ,{ω‚Ή‚Έ,‚Θ‚µ
ή“,Τγ‚Λ‚η‚Ά,Λ’Λ,Λ’Λκ’–Ϊπ”Τ,131041,“‹“s,Vh‹ζ,Ό‘ξ“c‚R’–Ϊ,2019-11-01,18,‚SK‚ΔΘγ‹¤“―Z‘ξ,{ω‚Ή‚Έ,‚ ‚θ
ή“,Τγ‚Λ‚η‚Ά,Λ’Λ,‚“c”nκ‰w‘Oπ”Τ,131041,“‹“s,Vh‹ζ,‚“c”nκ‚P’–Ϊ,2019-08-27,14,‚SK‚ΔΘγ‹¤“―Z‘ξ,{ω‚Ή‚Έ,‚ ‚θ
ή“,Τγ‚Λ‚η‚Ά,Λ’Λ,‚“c”nκ‰w‘Oπ”Τ,131041,“‹“s,Vh‹ζ,‚“c”nκ‚R’–Ϊ,2019-04-16,18,‚SK‚ΔΘγ‹¤“―Z‘ξ,{ω‚Ή‚Έ,‚Θ‚µ
ή“,Τγ‚Λ‚η‚Ά,Λ’Λ,‚“c”nκ‰w‘Oπ”Τ,131041,“‹“s,Vh‹ζ,‚“c”nκ‚R’–Ϊ,2019-09-26,16,“ΉHγ,{ω‚Ή‚Έ,‚Θ‚µ
ή“,Τγ‚Λ‚η‚Ά,Λ’Λ,‰Ί—‡‰w‘Oπ”Τ,131041,“‹“s,Vh‹ζ,γ—‡‚P’–Ϊ,2019-07-24,13,“ΉHγ,{ω‚Ή‚Έ,‚ ‚θ
ή“,Τγ‚Λ‚η‚Ά,Λ’Λ,‰Ί—‡‰w‘Oπ”Τ,131041,“‹“s,Vh‹ζ,γ—‡‚P’–Ϊ,2019-07-28,18,’“Τi—Φjκ,{ω‚Ή‚Έ,‚Θ‚µ
ή“,Τγ‚Λ‚η‚Ά,Λ’Λ,‰Ί—‡‰w‘Oπ”Τ,131041,“‹“s,Vh‹ζ,‰Ί—‡‚S’–Ϊ,2019-12-12,09,’“Τi—Φjκ,{ω‚Ή‚Έ,‚Θ‚µ
ή“,Τγ‚Λ‚η‚Ά,Λ’Λ,Ό—‡π”Τ,131041,“‹“s,Vh‹ζ,’†—‡‚R’–Ϊ,2019-11-16,21,“ΉHγ,{ω‚Ή‚Έ,‚Θ‚µ
ή“,Τγ‚Λ‚η‚Ά,Λ’Λ,Ό—‡π”Τ,131041,“‹“s,Vh‹ζ,Ό—‡‚P’–Ϊ,2019-09-27,06,“ΉHγ,{ω‚Ή‚Έ,‚ ‚θ
ή“,Τγ‚Λ‚η‚Ά,Λ’Λ,γ—‡π”Τ,131041,“‹“s,Vh‹ζ,γ—‡‚R’–Ϊ,2019-09-22,17,’“Τi—Φjκ,{ω‚Ή‚Έ,‚ ‚θ
ή“,Τγ‚Λ‚η‚Ά,Λ’Λ,‰Ί—‡O’–Ϊ’“έ,131041,“‹“s,Vh‹ζ,‰Ί—‡‚R’–Ϊ,2019-09-27,15,“ΉHγ,{ω‚Ή‚Έ,‚ ‚θ
ή“,Τγ‚Λ‚η‚Ά,l’J,l’J©•π”Τ,131041,“‹“s,Vh‹ζ,,2019-08-24,12,“ΉHγ,{ω‚Ή‚Έ,‚ ‚θ
ή“,Τγ‚Λ‚η‚Ά,l’J,l’J©•π”Τ,131041,“‹“s,Vh‹ζ,l’J‚P’–Ϊ,2019-09-08,15,’“Τi—Φjκ,{ω‚Ή‚Έ,‚Θ‚µ
ή“,Τγ‚Λ‚η‚Ά,l’J,l’J©•π”Τ,131041,“‹“s,Vh‹ζ,l’J‚P’–Ϊ,2019-09-10,14,“ΉHγ,{ω‚Ή‚Έ,‚ ‚θ
ή“,Τγ‚Λ‚η‚Ά,l’J,l’JO’–Ϊπ”Τ,131041,“‹“s,Vh‹ζ,•Π’¬,2019-05-19,19,“ΉHγ,{ω‚Ή‚Έ,‚Θ‚µ
ή“,Τγ‚Λ‚η‚Ά,l’J,l’JO’–Ϊπ”Τ,131041,“‹“s,Vh‹ζ,¶–ε’¬,2019-07-31,11,“ΉHγ,{ω‚Ή‚Έ,‚Θ‚µ
ή“,Τγ‚Λ‚η‚Ά,l’J,l’JO’–Ϊπ”Τ,131041,“‹“s,Vh‹ζ,l’J‚S’–Ϊ,2019-03-31,10,“ΉHγ,{ω‚Ή‚Έ,‚ ‚θ
ή“,Τγ‚Λ‚η‚Ά,l’J,Vhπ”Τ,131041,“‹“s,Vh‹ζ,Vh‚P’–Ϊ,2019-01-10,12,“ΉHγ,{ω‚Ή‚Έ,‚ ‚θ
ή“,Τγ‚Λ‚η‚Ά,l’J,δ‰‘‘ε’Κπ”Τ,131041,“‹“s,Vh‹ζ,Vh‚P’–Ϊ,2019-06-16,18,“ΉHγ,{ω‚Ή‚Έ,‚Θ‚µ
ή“,Τγ‚Λ‚η‚Ά,l’J,’Η•ªπ”Τ,131041,“‹“s,Vh‹ζ,Vh‚Q’–Ϊ,2019-08-28,12,“ΉHγ,{ω‚Ή‚Έ,‚Θ‚µ
ή“,Τγ‚Λ‚η‚Ά,l’J,’Η•ªπ”Τ,131041,“‹“s,Vh‹ζ,Vh‚Q’–Ϊ,2019-12-08,13,“ΉHγ,{ω‚Ή‚Έ,‚ ‚θ
ή“,Τγ‚Λ‚η‚Ά,l’J,’Η•ªπ”Τ,131041,“‹“s,Vh‹ζ,Vh‚R’–Ϊ,2019-01-19,22,“ΉHγ,{ω‚Ή‚Έ,‚ ‚θ
ή“,Τγ‚Λ‚η‚Ά,l’J,’Η•ªπ”Τ,131041,“‹“s,Vh‹ζ,Vh‚R’–Ϊ,2019-01-26,18,“ΉHγ,{ω‚Ή‚Έ,‚Θ‚µ
ή“,Τγ‚Λ‚η‚Ά,l’J,’Η•ªπ”Τ,131041,“‹“s,Vh‹ζ,Vh‚R’–Ϊ,2019-06-16,16,‚»‚Μ‘Ό,{ω‚Ή‚Έ,‚ ‚θ
ή“,Τγ‚Λ‚η‚Ά,l’J,’Η•ªπ”Τ,131041,“‹“s,Vh‹ζ,Vh‚R’–Ϊ,2019-08-28,07,’“Τi—Φjκ,{ω‚Ή‚Έ,‚ ‚θ
ή“,Τγ‚Λ‚η‚Ά,l’J,’Η•ªπ”Τ,131041,“‹“s,Vh‹ζ,Vh‚R’–Ϊ,2019-08-28,09,“ΉHγ,{ω‚Ή‚Έ,‚ ‚θ
ή“,Τγ‚Λ‚η‚Ά,l’J,’Η•ªπ”Τ,131041,“‹“s,Vh‹ζ,Vh‚R’–Ϊ,2019-08-28,10,“ΉHγ,{ω‚Ή‚Έ,‚Θ‚µ
ή“,Τγ‚Λ‚η‚Ά,l’J,Vhl’–Ϊπ”Τ,131041,“‹“s,Vh‹ζ,Vh‚S’–Ϊ,2019-05-19,09,“ΉHγ,{ω‚Ή‚Έ,‚ ‚θ
ή“,Τγ‚Λ‚η‚Ά,’†–μ,’†–μβγπ”Τ,131148,“‹“s,’†–μ‹ζ,’†‰›‚P’–Ϊ,2019-01-12,11,’“Τi—Φjκ,{ω‚Ή‚Έ,‚Θ‚µ
ή“,Τγ‚Λ‚η‚Ά,’†–μ,’†–μβγπ”Τ,131148,“‹“s,’†–μ‹ζ,’†‰›‚P’–Ϊ,2019-06-10,18,’“Τi—Φjκ,{ω‚Ή‚Έ,‚Θ‚µ
ή“,Τγ‚Λ‚η‚Ά,’†–μ,’†–μβγπ”Τ,131148,“‹“s,’†–μ‹ζ,–{’¬‚Q’–Ϊ,2019-07-19,17,“ΉHγ,{ω‚Ή‚Έ,‚Θ‚µ
ή“,Τγ‚Λ‚η‚Ά,’†–μ,“’†–μ‰w‘Oπ”Τ,131148,“‹“s,’†–μ‹ζ,“’†–μ‚T’–Ϊ,2019-06-16,13,“ΉHγ,{ω‚Ή‚Έ,‚ ‚θ
ή“,Τγ‚Λ‚η‚Ά,’†–μ,“’†–μ‰w‘Oπ”Τ,131148,“‹“s,’†–μ‹ζ,“’†–μ‚T’–Ϊ,2019-07-19,08,“ΉHγ,{ω‚Ή‚Έ,‚ ‚θ
ή“,Τγ‚Λ‚η‚Ά,’†–μ,“’†–μ‰w‘Oπ”Τ,131148,“‹“s,’†–μ‹ζ,“’†–μ‚T’–Ϊ,2019-08-18,03,“ΉHγ,{ω‚Ή‚Έ,‚Θ‚µ
ή“,Τγ‚Λ‚η‚Ά,’†–μ,‘ξ“c’Κπ”Τ,131148,“‹“s,’†–μ‹ζ,γ‚“c‚P’–Ϊ,2019-06-06,11,‚»‚Μ‘Ό‚ΜZ‘ξi‚RK‚ΔΘ‰Ί‹¤“―Z‘ξ“™j,{ω‚Ή‚Έ,‚ ‚θ
ή“,Τγ‚Λ‚η‚Ά,’†–μ,‘ξ“c’Κπ”Τ,131148,“‹“s,’†–μ‹ζ,’†–μ‚P’–Ϊ,2019-01-12,09,‚SK‚ΔΘγ‹¤“―Z‘ξ,{ω‚Ή‚Έ,‚ ‚θ
ή“,Τγ‚Λ‚η‚Ά,’†–μ,‘ξ“c’Κπ”Τ,131148,“‹“s,’†–μ‹ζ,’†–μ‚P’–Ϊ,2019-05-11,00,κΛZ‘ξ,{ω‚Ή‚Έ,‚ ‚θ
ή“,Τγ‚Λ‚η‚Ά,’†–μ,‘ξ“c’Κπ”Τ,131148,“‹“s,’†–μ‹ζ,’†–μ‚T’–Ϊ,2019-08-26,04,“ΉHγ,{ω‚Ή‚Έ,‚ ‚θ
ή“,Τγ‚Λ‚η‚Ά,’†–μ,‘ξ“c’Κπ”Τ,131148,“‹“s,’†–μ‹ζ,“’†–μ‚R’–Ϊ,2019-02-04,18,’“Τi—Φjκ,{ω‚Ή‚Έ,‚Θ‚µ
ή“,Τγ‚Λ‚η‚Ά,’†–μ,’†–μ‰w‘Oπ”Τ,131148,“‹“s,’†–μ‹ζ,’†–μ‚R’–Ϊ,2019-04-17,15,‚»‚Μ‘Ό,{ω‚Ή‚Έ,‚Θ‚µ
ή“,Τγ‚Λ‚η‚Ά,’†–μ,’†–μ‰w‘Oπ”Τ,131148,“‹“s,’†–μ‹ζ,’†–μ‚R’–Ϊ,2019-04-30,16,“ΉHγ,{ω‚Ή‚Έ,‚ ‚θ
ή“,Τγ‚Λ‚η‚Ά,’†–μ,–{‹½’Κπ”Τ,131148,“‹“s,’†–μ‹ζ,–{’¬‚T’–Ϊ,2019-04-26,14,“ΉHγ,{ω‚Ή‚Έ,‚ ‚θ
ή“,Τγ‚Λ‚η‚Ά,’†–μ,–{‹½’Κπ”Τ,131148,“‹“s,’†–μ‹ζ,–ν¶’¬‚P’–Ϊ,2019-06-04,13,‚»‚Μ‘Ό‚ΜZ‘ξi‚RK‚ΔΘ‰Ί‹¤“―Z‘ξ“™j,{ω‚Ή‚Έ,‚Θ‚µ
ή“,Τγ‚Λ‚η‚Ά,’†–μ,–{‹½’Κπ”Τ,131148,“‹“s,’†–μ‹ζ,–ν¶’¬‚R’–Ϊ,2019-01-23,22,“ΉHγ,{ω‚Ή‚Έ,‚ ‚θ
ή“,Τγ‚Λ‚η‚Ά,’†–μ,–{‹½’Κπ”Τ,131148,“‹“s,’†–μ‹ζ,–ν¶’¬‚R’–Ϊ,2019-01-25,01,“ΉHγ,{ω‚Ή‚Έ,‚ ‚θ
ή“,Τγ‚Λ‚η‚Ά,’†–μ,–{‹½’Κπ”Τ,131148,“‹“s,’†–μ‹ζ,–ν¶’¬‚R’–Ϊ,2019-08-10,00,“ΉHγ,{ω‚Ή‚Έ,‚ ‚θ
ή“,Τγ‚Λ‚η‚Ά,’†–μ,“η‰®‰΅’π”Τ,131148,“‹“s,’†–μ‹ζ,–{’¬‚S’–Ϊ,2019-07-21,16,“ΉHγ,{ω‚Ή‚Έ,‚ ‚θ
ή“,Τγ‚Λ‚η‚Ά,’†–μ,“μ‘δπ”Τ,131148,“‹“s,’†–μ‹ζ,“μ‘δ‚T’–Ϊ,2019-05-20,10,‚»‚Μ‘Ό,{ω‚Ή‚Έ,‚Θ‚µ
ή“,Τγ‚Λ‚η‚Ά,’†–μ,’†‰›ά’–Ϊπ”Τ,131148,“‹“s,’†–μ‹ζ,’†‰›‚S’–Ϊ,2019-01-20,20,’“Τi—Φjκ,{ω‚Ή‚Έ,‚ ‚θ
ή“,Τγ‚Λ‚η‚Ά,’†–μ,’†‰›ά’–Ϊπ”Τ,131148,“‹“s,’†–μ‹ζ,–{’¬‚S’–Ϊ,2019-08-04,23,“ΉHγ,{ω‚Ή‚Έ,‚Θ‚µ
ή“,Τγ‚Λ‚η‚Ά,’†–μ,’†‰›ά’–Ϊπ”Τ,131148,“‹“s,’†–μ‹ζ,–{’¬‚U’–Ϊ,2019-05-06,11,“ΉHγ,{ω‚Ή‚Έ,‚ ‚θ
ή“,Τγ‚Λ‚η‚Ά,–μ•ϋ,–ςt‰w‘Oπ”Τ,131148,“‹“s,’†–μ‹ζ,Vδ‚Q’–Ϊ,2019-08-06,18,“ΉHγ,{ω‚Ή‚Έ,‚ ‚θ
ή“,Τγ‚Λ‚η‚Ά,–μ•ϋ,γ‚“cπ”Τ,131148,“‹“s,’†–μ‹ζ,γ‚“c‚S’–Ϊ,2019-07-10,23,‚»‚Μ‘Ό‚ΜZ‘ξi‚RK‚ΔΘ‰Ί‹¤“―Z‘ξ“™j,{ω‚Ή‚Έ,‚ ‚θ
ή“,Τγ‚Λ‚η‚Ά,–μ•ϋ,]Γ“cl’–Ϊπ”Τ,131148,“‹“s,’†–μ‹ζ,]Γ“c‚P’–Ϊ,2019-07-31,14,‚»‚Μ‘Ό,{ω‚Ή‚Έ,‚ ‚θ
ή“,Τγ‚Λ‚η‚Ά,–μ•ϋ,]Γ“cl’–Ϊπ”Τ,131148,“‹“s,’†–μ‹ζ,]Γ“c‚S’–Ϊ,2019-09-29,14,“ΉHγ,{ω‚Ή‚Έ,‚ ‚θ
ή“,Τγ‚Λ‚η‚Ά,–μ•ϋ,]Γ“cl’–Ϊπ”Τ,131148,“‹“s,’†–μ‹ζ,Ό‚ª‹u‚Q’–Ϊ,2019-04-20,10,‚»‚Μ‘Ό,{ω‚Ή‚Έ,‚ ‚θ
ή“,Τγ‚Λ‚η‚Ά,–μ•ϋ,–μ•ϋ‰w‘Oπ”Τ,131148,“‹“s,’†–μ‹ζ,–μ•ϋ‚U’–Ϊ,2019-03-05,18,“ΉHγ,{ω‚Ή‚Έ,‚Θ‚µ
ή“,Τγ‚Λ‚η‚Ά,–μ•ϋ,‰Ζ­’Κπ”Τ,131148,“‹“s,’†–μ‹ζ,λ‹{‚P’–Ϊ,2019-11-18,17,’“Τi—Φjκ,{ω‚Ή‚Έ,‚Θ‚µ
ή“,Τγ‚Λ‚η‚Ά,–μ•ϋ,‰Ζ­’Κπ”Τ,131148,“‹“s,’†–μ‹ζ,λ‹{‚P’–Ϊ,2019-12-05,16,’“Τi—Φjκ,{ω‚Ή‚Έ,‚ ‚θ
ή“,Τγ‚Λ‚η‚Ά,–μ•ϋ,‰Ζ­’Κπ”Τ,131148,“‹“s,’†–μ‹ζ,α‹{‚R’–Ϊ,2019-12-12,18,κΛZ‘ξ,{ω‚Ή‚Έ,‚ ‚θ
ή“,Τγ‚Λ‚η‚Ά,–μ•ϋ,λ‹{‰w‘Oπ”Τ,131148,“‹“s,’†–μ‹ζ,λ‹{‚R’–Ϊ,2019-08-29,09,“ΉHγ,{ω‚Ή‚Έ,‚ ‚θ
ή“,Τγ‚Λ‚η‚Ά,–μ•ϋ,λ‹{‰w‘Oπ”Τ,131148,“‹“s,’†–μ‹ζ,λ‹{‚R’–Ϊ,2019-10-23,11,“ΉHγ,{ω‚Ή‚Έ,‚ ‚θ
ή“,Τγ‚Λ‚η‚Ά,–μ•ϋ,λ‹{‰w‘Oπ”Τ,131148,“‹“s,’†–μ‹ζ,λ‹{‚R’–Ϊ,2019-11-15,11,“ΉHγ,{ω‚Ή‚Έ,‚ ‚θ
ή“,Τγ‚Λ‚η‚Ά,–μ•ϋ,λ‹{‰w‘Oπ”Τ,131148,“‹“s,’†–μ‹ζ,λ‹{‚S’–Ϊ,2019-03-20,15,’“Τi—Φjκ,{ω‚Ή‚Έ,‚Θ‚µ
ή“,Τγ‚Λ‚η‚Ά,–μ•ϋ,λ‹{‰w‘Oπ”Τ,131148,“‹“s,’†–μ‹ζ,”’λ‚P’–Ϊ,2019-02-27,14,‚»‚Μ‘Ό,{ω‚Ή‚Έ,‚ ‚θ
ή“,Τγ‚Λ‚η‚Ά,–μ•ϋ,α‹{π”Τ,131148,“‹“s,’†–μ‹ζ,α‹{‚Q’–Ϊ,2019-06-20,10,“ΉHγ,{ω‚Ή‚Έ,‚ ‚θ
ή“,Τγ‚Λ‚η‚Ά,–μ•ϋ,–μ•ϋκ’–Ϊπ”Τ,131148,“‹“s,’†–μ‹ζ,’†–μ‚S’–Ϊ,2019-02-08,01,’“Τi—Φjκ,{ω‚Ή‚Έ,‚Θ‚µ
ή“,Τγ‚Λ‚η‚Ά,–μ•ϋ,–μ•ϋκ’–Ϊπ”Τ,131148,“‹“s,’†–μ‹ζ,’†–μ‚T’–Ϊ,2019-05-16,01,“ΉHγ,{ω‚Ή‚Έ,‚Θ‚µ
ή“,Τγ‚Λ‚η‚Ά,–μ•ϋ,–μ•ϋκ’–Ϊπ”Τ,131148,“‹“s,’†–μ‹ζ,’†–μ‚T’–Ϊ,2019-05-19,08,“ΉHγ,{ω‚Ή‚Έ,‚ ‚θ
ή“,Τγ‚Λ‚η‚Ά,–μ•ϋ,λ‹{Z’–Ϊπ”Τ,131148,“‹“s,’†–μ‹ζ,γλ‹{‚T’–Ϊ,2019-11-18,10,’“Τi—Φjκ,{ω‚Ή‚Έ,‚ ‚θ
ή“,Τγ‚Λ‚η‚Ά,–μ•ϋ,γλ‹{’“έ,131148,“‹“s,’†–μ‹ζ,γλ‹{‚R’–Ϊ,2019-02-26,11,“ΉHγ,{ω‚Ή‚Έ,‚ ‚θ
ή“,Τγ‚Λ‚η‚Ά,™•ΐ,““c’¬π”Τ,131156,“‹“s,™•ΐ‹ζ,Ά²’J“μ‚P’–Ϊ,2019-03-30,11,“ΉHγ,{ω‚Ή‚Έ,‚Θ‚µ
ή“,Τγ‚Λ‚η‚Ά,™•ΐ,““c’¬π”Τ,131156,“‹“s,™•ΐ‹ζ,Ά²’J“μ‚P’–Ϊ,2019-07-29,00,κΛZ‘ξ,{ω‚Ή‚Έ,‚Θ‚µ
ή“,Τγ‚Λ‚η‚Ά,™•ΐ,““c’¬π”Τ,131156,“‹“s,™•ΐ‹ζ,Ά²’J“μ‚P’–Ϊ,2019-12-17,18,“ΉHγ,{ω‚Ή‚Έ,‚Θ‚µ
ή“,Τγ‚Λ‚η‚Ά,™•ΐ,V‚‰~›‰w‘Oπ”Τ,131156,“‹“s,™•ΐ‹ζ,”~—Ά‚Q’–Ϊ,2019-04-22,18,“ΉHγ,{ω‚Ή‚Έ,‚ ‚θ
ή“,Τγ‚Λ‚η‚Ά,™•ΐ,V‚‰~›‰w‘Oπ”Τ,131156,“‹“s,™•ΐ‹ζ,‚‰~›“μ‚Q’–Ϊ,2019-10-03,20,“ΉHγ,{ω‚Ή‚Έ,‚Θ‚µ
ή“,Τγ‚Λ‚η‚Ά,™•ΐ,V‚‰~›‰w‘Oπ”Τ,131156,“‹“s,™•ΐ‹ζ,Όƒm–Ψ‚R’–Ϊ,2019-09-01,08,“ΉHγ,{ω‚Ή‚Έ,‚ ‚θ
ή“,Τγ‚Λ‚η‚Ά,™•ΐ,a“c–{’¬π”Τ,131156,“‹“s,™•ΐ‹ζ,a“c‚P’–Ϊ,2019-03-14,09,“ΉHγ,{ω‚Ή‚Έ,‚ ‚θ
ή“,Τγ‚Λ‚η‚Ά,™•ΐ,a“c–{’¬π”Τ,131156,“‹“s,™•ΐ‹ζ,a“c‚P’–Ϊ,2019-06-14,14,‚»‚Μ‘Ό‚ΜZ‘ξi‚RK‚ΔΘ‰Ί‹¤“―Z‘ξ“™j,{ω‚Ή‚Έ,‚Θ‚µ
ή“,Τγ‚Λ‚η‚Ά,™•ΐ,‚‰~›π”Τ,131156,“‹“s,™•ΐ‹ζ,‚‰~›“μ‚P’–Ϊ,2019-08-25,11,‚»‚Μ‘Ό,{ω‚Ή‚Έ,‚ ‚θ
ή“,Τγ‚Λ‚η‚Ά,™•ΐ,‚‰~›π”Τ,131156,“‹“s,™•ΐ‹ζ,‚‰~›“μ‚T’–Ϊ,2019-08-30,14,“ΉHγ,{ω‚Ή‚Έ,‚ ‚θ
ή“,Τγ‚Λ‚η‚Ά,™•ΐ,‚‰~›‰w‘Oπ”Τ,131156,“‹“s,™•ΐ‹ζ,‚‰~›–k‚Q’–Ϊ,2019-07-25,11,“ΉHγ,{ω‚Ή‚Έ,‚ ‚θ
ή“,Τγ‚Λ‚η‚Ά,™•ΐ,‚‰~›‰w‘Oπ”Τ,131156,“‹“s,™•ΐ‹ζ,‚‰~›“μ‚R’–Ϊ,2019-09-03,02,“ΉHγ,{ω‚Ή‚Έ,‚ ‚θ
ή“,Τγ‚Λ‚η‚Ά,™•ΐ,‚‰~›‰w‘Oπ”Τ,131156,“‹“s,™•ΐ‹ζ,‚‰~›“μ‚R’–Ϊ,2019-09-05,21,‚»‚Μ‘Ό,{ω‚Ή‚Έ,‚Θ‚µ
ή“,Τγ‚Λ‚η‚Ά,™•ΐ,‚‰~›‰w‘Oπ”Τ,131156,“‹“s,™•ΐ‹ζ,‚‰~›“μ‚S’–Ϊ,2018-11-03,02,“ΉHγ,{ω‚Ή‚Έ,‚ ‚θ
ή“,Τγ‚Λ‚η‚Ά,™•ΐ,‚‰~›‰w‘Oπ”Τ,131156,“‹“s,™•ΐ‹ζ,‚‰~›“μ‚S’–Ϊ,2019-04-07,10,‚»‚Μ‘Ό‚ΜZ‘ξi‚RK‚ΔΘ‰Ί‹¤“―Z‘ξ“™j,{ω‚Ή‚Έ,‚ ‚θ
ή“,Τγ‚Λ‚η‚Ά,™•ΐ,‚‰~›‰w‘Oπ”Τ,131156,“‹“s,™•ΐ‹ζ,‚‰~›“μ‚S’–Ϊ,2019-05-27,13,‚SK‚ΔΘγ‹¤“―Z‘ξ,{ω‚Ή‚Έ,‚Θ‚µ
ή“,Τγ‚Λ‚η‚Ά,™•ΐ,Ά²’J–kπ”Τ,131156,“‹“s,™•ΐ‹ζ,Ά²’J–k‚R’–Ϊ,2019-05-25,10,’“Τi—Φjκ,{ω‚Ή‚Έ,‚ ‚θ
ή“,Τγ‚Λ‚η‚Ά,™•ΐ,Ά²’J‰w‘Oπ”Τ,131156,“‹“s,™•ΐ‹ζ,Ά²’J–k‚P’–Ϊ,2019-06-08,01,“ΉHγ,{ω‚Ή‚Έ,‚Θ‚µ
ή“,Τγ‚Λ‚η‚Ά,™•ΐ,Ά²’J‰w‘Oπ”Τ,131156,“‹“s,™•ΐ‹ζ,Ά²’J–k‚Q’–Ϊ,2019-03-29,13,‚»‚Μ‘Ό,{ω‚Ή‚Έ,‚Θ‚µ
ή“,Τγ‚Λ‚η‚Ά,™•ΐ,Ά²’J‰w‘Oπ”Τ,131156,“‹“s,™•ΐ‹ζ,Ά²’J“μ‚P’–Ϊ,2019-09-15,18,“ΉHγ,{ω‚Ή‚Έ,‚Θ‚µ
ή“,Τγ‚Λ‚η‚Ά,™•ΐ,Ά²’J‰w‘Oπ”Τ,131156,“‹“s,™•ΐ‹ζ,Ά²’J“μ‚R’–Ϊ,2019-06-14,00,’“Τi—Φjκ,{ω‚Ή‚Έ,‚Θ‚µ
ή“,Τγ‚Λ‚η‚Ά,™•ΐ,¬@π”Τ,131156,“‹“s,™•ΐ‹ζ,Ά²’J“μ‚R’–Ϊ,2019-11-09,09,“ΉHγ,{ω‚Ή‚Έ,‚Θ‚µ
ή“,Τγ‚Λ‚η‚Ά,™•ΐ,¬@π”Τ,131156,“‹“s,™•ΐ‹ζ,‰¬E‚R’–Ϊ,2019-10-03,18,“ΉHγ,{ω‚Ή‚Έ,‚ ‚θ
ή“,Τγ‚Λ‚η‚Ά,™•ΐ,Ό“c’[‹΄’“έ,131156,“‹“s,™•ΐ‹ζ,¬“cΌ‚S’–Ϊ,2019-07-25,21,‚»‚Μ‘Ό,{ω‚Ή‚Έ,‚Θ‚µ
ή“,Τγ‚Λ‚η‚Ά,™•ΐ,¬“cπ”Τ,131156,“‹“s,™•ΐ‹ζ,¬“c“‚P’–Ϊ,2019-01-26,08,’“Τi—Φjκ,{ω‚Ή‚Έ,‚Θ‚µ
ή“,Τγ‚Λ‚η‚Ά,™•ΐ,¬“cπ”Τ,131156,“‹“s,™•ΐ‹ζ,¬“c“‚Q’–Ϊ,2019-05-24,19,“ΉHγ,{ω‚Ή‚Έ,‚ ‚θ
ή“,Τγ‚Λ‚η‚Ά,™•ΐ,¬“cπ”Τ,131156,“‹“s,™•ΐ‹ζ,¬“c“‚Q’–Ϊ,2019-05-27,11,‚»‚Μ‘Ό,{ω‚Ή‚Έ,‚Θ‚µ
ή“,Τγ‚Λ‚η‚Ά,™•ΐ,¬“cπ”Τ,131156,“‹“s,™•ΐ‹ζ,¬“c“‚Q’–Ϊ,2019-09-26,16,‚»‚Μ‘Ό,{ω‚Ή‚Έ,‚ ‚θ
ή“,Τγ‚Λ‚η‚Ά,™•ΐ,¬“cπ”Τ,131156,“‹“s,™•ΐ‹ζ,Όƒm–Ψ‚P’–Ϊ,2019-10-16,15,‚»‚Μ‘Ό,{ω‚Ή‚Έ,‚Θ‚µ
ή“,Τγ‚Λ‚η‚Ά,™•ΐ,¬“cΌ’“έ,131156,“‹“s,™•ΐ‹ζ,¬“cΌ‚P’–Ϊ,2019-06-03,10,‚»‚Μ‘Ό,{ω‚Ή‚Έ,‚ ‚θ
ή“,Τγ‚Λ‚η‚Ά,‚δΛ,,,,,,2019-03-05,12,“ΉHγ,{ω‚Ή‚Έ,‚Θ‚µ
ή“,Τγ‚Λ‚η‚Ά,‚δΛ,ς“μπ”Τ,131156,“‹“s,™•ΐ‹ζ,aς‚P’–Ϊ,2019-10-18,12,’“Τi—Φjκ,{ω‚Ή‚Έ,‚Θ‚µ
ή“,Τγ‚Λ‚η‚Ά,‚δΛ,ς“μπ”Τ,131156,“‹“s,™•ΐ‹ζ,aς‚S’–Ϊ,2018-12-31,15,’“Τi—Φjκ,{ω‚Ή‚Έ,‚ ‚θ
ή“,Τγ‚Λ‚η‚Ά,‚δΛ,‰i•’¬‰w‘Oπ”Τ,131156,“‹“s,™•ΐ‹ζ,‰i•‚R’–Ϊ,2019-10-04,22,κΛZ‘ξ,{ω‚Ή‚Έ,‚Θ‚µ
ή“,Τγ‚Λ‚η‚Ά,‚δΛ,‰i•’¬‰w‘Oπ”Τ,131156,“‹“s,™•ΐ‹ζ,‰i•‚S’–Ϊ,2019-11-11,01,“ΉHγ,{ω‚Ή‚Έ,‚Θ‚µ
ή“,Τγ‚Λ‚η‚Ά,‚δΛ,Ό‰i•‰w‘Oπ”Τ,131156,“‹“s,™•ΐ‹ζ,‰i•‚S’–Ϊ,2019-12-09,17,’“Τi—Φjκ,{ω‚Ή‚Έ,‚ ‚θ
ή“,Τγ‚Λ‚η‚Ά,‚δΛ,Ό‰¬“μπ”Τ,131156,“‹“s,™•ΐ‹ζ,Ό‰¬“μ‚Q’–Ϊ,2018-12-31,18,“ΉHγ,{ω‚Ή‚Έ,‚ ‚θ
ή“,Τγ‚Λ‚η‚Ά,‚δΛ,‰Ί‚δΛπ”Τ,131156,“‹“s,™•ΐ‹ζ,‰Ί‚δΛ‚P’–Ϊ,2019-01-05,14,’“Τi—Φjκ,{ω‚Ή‚Έ,‚Θ‚µ
ή“,Τγ‚Λ‚η‚Ά,‚δΛ,γ‚δΛπ”Τ,131156,“‹“s,™•ΐ‹ζ,γ‚δΛ‚P’–Ϊ,2019-02-09,08,’“Τi—Φjκ,{ω‚Ή‚Έ,‚ ‚θ
ή“,Τγ‚Λ‚η‚Ά,‚δΛ,γ‚δΛπ”Τ,131156,“‹“s,™•ΐ‹ζ,γ‚δΛ‚P’–Ϊ,2019-05-20,10,“ΉHγ,{ω‚Ή‚Έ,‚Θ‚µ
ή“,Τγ‚Λ‚η‚Ά,‚δΛ,γ‚δΛπ”Τ,131156,“‹“s,™•ΐ‹ζ,γ‚δΛ‚P’–Ϊ,2019-06-18,20,“ΉHγ,{ω‚Ή‚Έ,‚ ‚θ
ή“,Τγ‚Λ‚η‚Ά,‚δΛ,‚δΛΌπ”Τ,131156,“‹“s,™•ΐ‹ζ,‚δΛΌ‚Q’–Ϊ,2019-04-08,17,’“Τi—Φjκ,{ω‚Ή‚Έ,‚ ‚θ
ή“,Τγ‚Λ‚η‚Ά,‚δΛ,‚δΛΌπ”Τ,131156,“‹“s,™•ΐ‹ζ,‚δΛΌ‚R’–Ϊ,2019-11-13,13,“ΉHγ,{ω‚Ή‚Έ,‚ ‚θ
ή“,Τγ‚Λ‚η‚Ά,‚δΛ,‘ε‹{”ª”¦’“έ,131156,“‹“s,™•ΐ‹ζ,‘ε‹{‚P’–Ϊ,2019-05-01,13,“ΉHγ,{ω‚Ή‚Έ,‚ ‚θ
ή“,Τγ‚Λ‚η‚Ά,‚δΛ,‘ε‹{”ª”¦’“έ,131156,“‹“s,™•ΐ‹ζ,–xƒm“ΰ‚P’–Ϊ,2019-02-12,15,κΛZ‘ξ,{ω‚Ή‚Έ,‚Θ‚µ
ή“,Τγ‚Λ‚η‚Ά,‚δΛ,‹{‘O’“έ,131156,“‹“s,™•ΐ‹ζ,‹{‘O‚S’–Ϊ,2019-05-07,12,’“Τi—Φjκ,{ω‚Ή‚Έ,‚ ‚θ
ή“,Τγ‚Λ‚η‚Ά,‰¬E,“δl’–Ϊπ”Τ,131156,“‹“s,™•ΐ‹ζ,γ‰¬‚S’–Ϊ,2019-05-23,06,‚»‚Μ‘Ό‚ΜZ‘ξi‚RK‚ΔΘ‰Ί‹¤“―Z‘ξ“™j,{ω‚Ή‚Έ,‚ ‚θ
ή“,Τγ‚Λ‚η‚Ά,‰¬E,“δl’–Ϊπ”Τ,131156,“‹“s,™•ΐ‹ζ,“δ‚S’–Ϊ,2019-10-08,23,“ΉHγ,{ω‚Ή‚Έ,‚ ‚θ
ή“,Τγ‚Λ‚η‚Ά,‰¬E,‘P•›π”Τ,131156,“‹“s,™•ΐ‹ζ,‘P•›‚P’–Ϊ,2019-01-26,15,’“Τi—Φjκ,{ω‚Ή‚Έ,‚Θ‚µ
ή“,Τγ‚Λ‚η‚Ά,‰¬E,‰¬Eά’–Ϊπ”Τ,131156,“‹“s,™•ΐ‹ζ,‰¬E‚P’–Ϊ,2019-04-06,22,“ΉHγ,{ω‚Ή‚Έ,‚Θ‚µ
ή“,Τγ‚Λ‚η‚Ά,‰¬E,‰¬Eά’–Ϊπ”Τ,131156,“‹“s,™•ΐ‹ζ,‰¬E‚T’–Ϊ,2019-03-14,08,’“Τi—Φjκ,{ω‚Ή‚Έ,‚ ‚θ
ή“,Τγ‚Λ‚η‚Ά,‰¬E,‰¬Eά’–Ϊπ”Τ,131156,“‹“s,™•ΐ‹ζ,‰¬E‚T’–Ϊ,2019-05-09,13,“ΉHγ,{ω‚Ή‚Έ,‚ ‚θ
ή“,Τγ‚Λ‚η‚Ά,‰¬E,‰¬Eά’–Ϊπ”Τ,131156,“‹“s,™•ΐ‹ζ,“μ‰¬E‚P’–Ϊ,2019-01-15,13,‚»‚Μ‘Ό,{ω‚Ή‚Έ,‚ ‚θ
ή“,Τγ‚Λ‚η‚Ά,‰¬E,“Vΐπ”Τ,131156,“‹“s,™•ΐ‹ζ,–{“Vΐ‚P’–Ϊ,2019-02-12,13,‚SK‚ΔΘγ‹¤“―Z‘ξ,{ω‚Ή‚Έ,‚ ‚θ
ή“,Τγ‚Λ‚η‚Ά,‰¬E,“Vΐπ”Τ,131156,“‹“s,™•ΐ‹ζ,–{“Vΐ‚Q’–Ϊ,2019-06-25,10,“ΉHγ,{ω‚Ή‚Έ,‚ ‚θ
ή“,Τγ‚Λ‚η‚Ά,‰¬E,‰Ίδ‘‰w‘Oπ”Τ,131156,“‹“s,™•ΐ‹ζ,δ‘‚P’–Ϊ,2019-06-21,13,‚»‚Μ‘Ό‚ΜZ‘ξi‚RK‚ΔΘ‰Ί‹¤“―Z‘ξ“™j,{ω‚Ή‚Έ,‚ ‚θ
ή“,Τγ‚Λ‚η‚Ά,‰¬E,γδ‘‰w‘Oπ”Τ,131156,“‹“s,™•ΐ‹ζ,γδ‘‚Q’–Ϊ,2019-01-05,22,‚»‚Μ‘Ό,{ω‚Ή‚Έ,‚ ‚θ
ή“,Τγ‚Λ‚η‚Ά,‰¬E,δ‰¬‰w‘Oπ”Τ,131156,“‹“s,™•ΐ‹ζ,‰Ίδ‘‚T’–Ϊ,2019-06-05,17,“ΉHγ,{ω‚Ή‚Έ,‚Θ‚µ
ή“,Τγ‚Λ‚η‚Ά,•xβ,t“ϊπ”Τ,131059,“‹“s,•¶‹‹ζ,”’R‚P’–Ϊ,2019-08-22,10,“ΉHγ,{ω‚Ή‚Έ,‚ ‚θ
ή“,Τγ‚Λ‚η‚Ά,•xβ,t“ϊπ”Τ,131059,“‹“s,•¶‹‹ζ,”’R‚Q’–Ϊ,2019-04-19,22,’“Τi—Φjκ,{ω‚Ή‚Έ,‚ ‚θ
ή“,Τγ‚Λ‚η‚Ά,•xβ,”’Rπ”Τ,131059,“‹“s,•¶‹‹ζ,”’R‚P’–Ϊ,2019-05-15,10,“ΉHγ,{ω‚Ή‚Έ,‚ ‚θ
ή“,Τγ‚Λ‚η‚Ά,•xβ,”’Rπ”Τ,131059,“‹“s,•¶‹‹ζ,”’R‚T’–Ϊ,2019-01-25,11,“ΉHγ,{ω‚Ή‚Έ,‚ ‚θ
ή“,Τγ‚Λ‚η‚Ά,•xβ,¬Ξμδ“a’¬π”Τ,131059,“‹“s,•¶‹‹ζ,”’R‚T’–Ϊ,2019-11-07,19,’“Τi—Φjκ,{ω‚Ή‚Έ,‚ ‚θ
ή“,Τγ‚Λ‚η‚Ά,•xβ,’|‘π”Τ,131059,“‹“s,•¶‹‹ζ,¬Ξμ‚S’–Ϊ,2019-07-20,15,‚»‚Μ‘Ό,{ω‚Ή‚Έ,‚ ‚θ
ή“,Τγ‚Λ‚η‚Ά,‘ε’Λ,δª‰Χ’J‰w‘Oπ”Τ,131059,“‹“s,•¶‹‹ζ,‘ε’Λ‚R’–Ϊ,2019-07-29,15,’“Τi—Φjκ,{ω‚Ή‚Έ,‚ ‚θ
ή“,Τγ‚Λ‚η‚Ά,‘ε’Λ,‘ε’ΛZ’–Ϊπ”Τ,131059,“‹“s,•¶‹‹ζ,‘ε’Λ‚S’–Ϊ,2019-01-30,09,“ΉHγ,{ω‚Ή‚Έ,‚Θ‚µ
ή“,Τγ‚Λ‚η‚Ά,‘ε’Λ,]Λμ‹΄π”Τ,131059,“‹“s,•¶‹‹ζ,…“Ή‚Q’–Ϊ,2019-05-05,17,“ΉHγ,{ω‚Ή‚Έ,‚Θ‚µ
ή“,Τγ‚Λ‚η‚Ά,‘ε’Λ,]Λμ‹΄π”Τ,131059,“‹“s,•¶‹‹ζ,Φϋ‚P’–Ϊ,2019-07-25,12,“ΉHγ,{ω‚Ή‚Έ,‚ ‚θ
ή“,Τγ‚Λ‚η‚Ά,–{•xm,–{‹½π”Τ,131059,“‹“s,•¶‹‹ζ,–{‹½‚R’–Ϊ,2019-07-26,10,“ΉHγ,{ω‚Ή‚Έ,‚ ‚θ
ή“,Τγ‚Λ‚η‚Ά,–{•xm,“V_’¬π”Τ,131059,“‹“s,•¶‹‹ζ,“’“‡‚Q’–Ϊ,2019-03-20,08,‚»‚Μ‘Ό‚ΜZ‘ξi‚RK‚ΔΘ‰Ί‹¤“―Z‘ξ“™j,{ω‚Ή‚Έ,‚ ‚θ
ή“,Τγ‚Λ‚η‚Ά,–{•xm,“V_’¬π”Τ,131059,“‹“s,•¶‹‹ζ,“’“‡‚R’–Ϊ,2019-08-11,09,“ΉHγ,{ω‚Ή‚Έ,‚ ‚θ
ή“,Τγ‚Λ‚η‚Ά,–{•xm,ª’Γπ”Τ,131059,“‹“s,•¶‹‹ζ,–ν¶‚Q’–Ϊ,2019-03-18,08,“ΉHγ,{ω‚Ή‚Έ,‚ ‚θ
ή“,Τγ‚Λ‚η‚Ά,–{•xm,ª’Γπ”Τ,131059,“‹“s,•¶‹‹ζ,–ν¶‚Q’–Ϊ,2019-03-18,08,‚»‚Μ‘Ό,{ω‚Ή‚Έ,‚Θ‚µ
ή“,Τγ‚Λ‚η‚Ά,‹ξ,γ•xm‘Oπ”Τ,131059,“‹“s,•¶‹‹ζ,–{‹ξ‚Q’–Ϊ,2019-05-11,14,“ΉHγ,{ω‚Ή‚Έ,‚ ‚θ
ή“,Τγ‚Λ‚η‚Ά,‹ξ,’cqβπ”Τ,131059,“‹“s,•¶‹‹ζ,η‘Κ–Ψ‚R’–Ϊ,2019-09-07,16,“ΉHγ,{ω‚Ή‚Έ,‚ ‚θ
ή“,Τγ‚Λ‚η‚Ά,‘ƒ›,‘ƒ›‰w‘Oπ”Τ,131164,“‹“s,–L“‡‹ζ,‘ƒ›‚P’–Ϊ,2019-12-10,02,“ΉHγ,{ω‚Ή‚Έ,‚ ‚θ
ή“,Τγ‚Λ‚η‚Ά,‘ƒ›,‘ƒ›‰w‘Oπ”Τ,131164,“‹“s,–L“‡‹ζ,‘ƒ›‚Q’–Ϊ,2019-02-02,23,“ΉHγ,{ω‚Ή‚Έ,‚Θ‚µ
ή“,Τγ‚Λ‚η‚Ά,‘ƒ›,‘ƒ›‰w‘Oπ”Τ,131164,“‹“s,–L“‡‹ζ,‘ƒ›‚T’–Ϊ,2019-01-08,05,’“Τi—Φjκ,{ω‚Ή‚Έ,‚ ‚θ
ή“,Τγ‚Λ‚η‚Ά,‘ƒ›,M\’Λπ”Τ,131164,“‹“s,–L“‡‹ζ,Ό‘ƒ›‚Q’–Ϊ,2019-07-07,15,“ΉHγ,{ω‚Ή‚Έ,‚ ‚θ
ή“,Τγ‚Λ‚η‚Ά,‘ƒ›,M\’Λπ”Τ,131164,“‹“s,–L“‡‹ζ,Ό‘ƒ›‚S’–Ϊ,2019-08-06,20,“ΉHγ,{ω‚Ή‚Έ,‚ ‚θ
ή“,Τγ‚Λ‚η‚Ά,‘ƒ›,‘ε’Λ‰w‘Oπ”Τ,131164,“‹“s,–L“‡‹ζ,–k‘ε’Λ‚Q’–Ϊ,2019-02-20,15,“ΉHγ,{ω‚Ή‚Έ,‚Θ‚µ
ή“,Τγ‚Λ‚η‚Ά,‘ƒ›,‘ε’Λ‰w‘Oπ”Τ,131164,“‹“s,–L“‡‹ζ,–k‘ε’Λ‚Q’–Ϊ,2019-11-05,12,“ΉHγ,{ω‚Ή‚Έ,‚ ‚θ
ή“,Τγ‚Λ‚η‚Ά,‘ƒ›,‘ƒ›V“cπ”Τ,131164,“‹“s,–L“‡‹ζ,–k‘ε’Λ‚R’–Ϊ,2019-08-11,05,“ΉHγ,{ω‚Ή‚Έ,‚Θ‚µ
ή“,Τγ‚Λ‚η‚Ά,’r‘ά,Z‚Β–”π”Τ,131164,“‹“s,–L“‡‹ζ,γ’r‘ά‚Q’–Ϊ,2019-02-07,04,‚»‚Μ‘Ό,{ω‚Ή‚Έ,‚ ‚θ
ή“,Τγ‚Λ‚η‚Ά,’r‘ά,Z‚Β–”π”Τ,131164,“‹“s,–L“‡‹ζ,“’r‘ά‚R’–Ϊ,2019-06-01,02,“ΉHγ,{ω‚Ή‚Έ,‚ ‚θ
ή“,Τγ‚Λ‚η‚Ά,’r‘ά,’r‘ά“ρ–”π”Τ,131164,“‹“s,–L“‡‹ζ,’r‘ά‚R’–Ϊ,2019-05-12,19,“ΉHγ,{ω‚Ή‚Έ,‚Θ‚µ
ή“,Τγ‚Λ‚η‚Ά,’r‘ά,’r‘ά“ρ–”π”Τ,131164,“‹“s,–L“‡‹ζ,Ό’r‘ά‚R’–Ϊ,2019-10-29,09,‚SK‚ΔΘγ‹¤“―Z‘ξ,{ω‚Ή‚Έ,‚ ‚θ
ή“,Τγ‚Λ‚η‚Ά,’r‘ά,’r‘ά‰w“ϋπ”Τ,131164,“‹“s,–L“‡‹ζ,Ό’r‘ά‚P’–Ϊ,2019-11-04,00,“ΉHγ,{ω‚Ή‚Έ,‚Θ‚µ
ή“,Τγ‚Λ‚η‚Ά,’r‘ά,’r‘ά‰w“ϋπ”Τ,131164,“‹“s,–L“‡‹ζ,“’r‘ά‚P’–Ϊ,2019-01-21,22,“ΉHγ,{ω‚Ή‚Έ,‚ ‚θ
ή“,Τγ‚Λ‚η‚Ά,’r‘ά,’r‘ά‰w“ϋπ”Τ,131164,“‹“s,–L“‡‹ζ,“’r‘ά‚P’–Ϊ,2019-03-05,01,“ΉHγ,{ω‚Ή‚Έ,‚Θ‚µ
ή“,Τγ‚Λ‚η‚Ά,’r‘ά,’r‘ά‰w“ϋπ”Τ,131164,“‹“s,–L“‡‹ζ,“’r‘ά‚P’–Ϊ,2019-05-24,21,“ΉHγ,{ω‚Ή‚Έ,‚Θ‚µ
ή“,Τγ‚Λ‚η‚Ά,’r‘ά,’r‘ά‰w“ϋπ”Τ,131164,“‹“s,–L“‡‹ζ,“’r‘ά‚P’–Ϊ,2019-08-20,17,“ΉHγ,{ω‚Ή‚Έ,‚ ‚θ
ή“,Τγ‚Λ‚η‚Ά,’r‘ά,’r‘ά‰w“ϋπ”Τ,131164,“‹“s,–L“‡‹ζ,“μ’r‘ά‚P’–Ϊ,2019-01-22,00,“ΉHγ,{ω‚Ή‚Έ,‚ ‚θ
ή“,Τγ‚Λ‚η‚Ά,’r‘ά,’r‘ά‰wΌϋπ”Τ,131164,“‹“s,–L“‡‹ζ,’r‘ά‚Q’–Ϊ,2019-03-28,06,“ΉHγ,{ω‚Ή‚Έ,‚ ‚θ
ή“,Τγ‚Λ‚η‚Ά,’r‘ά,’r‘ά‰wΌϋπ”Τ,131164,“‹“s,–L“‡‹ζ,Ό’r‘ά‚R’–Ϊ,2019-05-25,03,“ΉHγ,{ω‚Ή‚Έ,‚Θ‚µ
ή“,Τγ‚Λ‚η‚Ά,’r‘ά,’r‘ά‰wΌϋπ”Τ,131164,“‹“s,–L“‡‹ζ,Ό’r‘ά‚R’–Ϊ,2019-08-20,22,“ΉHγ,{ω‚Ή‚Έ,‚ ‚θ
ή“,Τγ‚Λ‚η‚Ά,’r‘ά,γ’r‘άπ”Τ,131164,“‹“s,–L“‡‹ζ,’r‘ά–{’¬‚S’–Ϊ,2019-08-10,18,’“Τi—Φjκ,{ω‚Ή‚Έ,‚Θ‚µ
ή“,Τγ‚Λ‚η‚Ά,’r‘ά,μ‰z’Κπ”Τ,131164,“‹“s,–L“‡‹ζ,’r‘ά‚R’–Ϊ,2019-02-19,12,“ΉHγ,{ω‚Ή‚Έ,‚ ‚θ
ή“,Τγ‚Λ‚η‚Ά,’r‘ά,μ‰z’Κπ”Τ,131164,“‹“s,–L“‡‹ζ,’r‘ά‚S’–Ϊ,2019-04-15,15,“ΉHγ,{ω‚Ή‚Έ,‚ ‚θ
ή“,Τγ‚Λ‚η‚Ά,’r‘ά,μ‰z’Κπ”Τ,131164,“‹“s,–L“‡‹ζ,’r‘ά‚S’–Ϊ,2019-07-19,06,‚»‚Μ‘Ό‚ΜZ‘ξi‚RK‚ΔΘ‰Ί‹¤“―Z‘ξ“™j,{ω‚Ή‚Έ,‚ ‚θ
ή“,Τγ‚Λ‚η‚Ά,’r‘ά,μ‰z’Κπ”Τ,131164,“‹“s,–L“‡‹ζ,’r‘ά–{’¬‚Q’–Ϊ,2019-05-18,00,‚»‚Μ‘Ό,{ω‚Ή‚Έ,‚Θ‚µ
ή“,Τγ‚Λ‚η‚Ά,’r‘ά,“’r‘άπ”Τ,131164,“‹“s,–L“‡‹ζ,“’r‘ά‚P’–Ϊ,2019-06-16,10,“ΉHγ,{ω‚Ή‚Έ,‚Θ‚µ
ή“,Τγ‚Λ‚η‚Ά,’r‘ά,“’r‘άπ”Τ,131164,“‹“s,–L“‡‹ζ,“’r‘ά‚S’–Ϊ,2019-01-09,16,‚»‚Μ‘Ό,{ω‚Ή‚Έ,‚Θ‚µ
ή“,Τγ‚Λ‚η‚Ά,–Ϊ”’,Gi‚ª’Jπ”Τ,131164,“‹“s,–L“‡‹ζ,“μ’r‘ά‚Q’–Ϊ,2019-09-25,12,‚»‚Μ‘Ό,{ω‚Ή‚Έ,‚ ‚θ
ή“,Τγ‚Λ‚η‚Ά,–Ϊ”’,“μ’r‘άπ”Τ,131164,“‹“s,–L“‡‹ζ,“μ’r‘ά‚Q’–Ϊ,2019-08-03,17,“ΉHγ,{ω‚Ή‚Έ,‚ ‚θ
ή“,Τγ‚Λ‚η‚Ά,–Ϊ”’,“μ’r‘άπ”Τ,131164,“‹“s,–L“‡‹ζ,“μ’r‘ά‚R’–Ϊ,2019-08-02,21,“ΉHγ,{ω‚Ή‚Έ,‚ ‚θ
ή“,Τγ‚Λ‚η‚Ά,–Ϊ”’,’Ε–Ό’¬‰w‘Oπ”Τ,131164,“‹“s,–L“‡‹ζ,’·θ‚Q’–Ϊ,2019-03-02,16,“ΉHγ,{ω‚Ή‚Έ,‚ ‚θ
ή“,Τγ‚Λ‚η‚Ά,–Ϊ”’,’Ε–Ό’¬‰w‘Oπ”Τ,131164,“‹“s,–L“‡‹ζ,’·θ‚Q’–Ϊ,2019-03-31,00,‚»‚Μ‘Ό,{ω‚Ή‚Έ,‚ ‚θ
ή“,Τγ‚Λ‚η‚Ά,–Ϊ”’,’Ε–Ό’¬‰w‘Oπ”Τ,131164,“‹“s,–L“‡‹ζ,’·θ‚Q’–Ϊ,2019-08-21,12,’“Τi—Φjκ,{ω‚Ή‚Έ,‚Θ‚µ
ή“,Τγ‚Λ‚η‚Ά,–Ϊ”’,’Ε–Ό’¬‰w‘Oπ”Τ,131164,“‹“s,–L“‡‹ζ,Ό’r‘ά‚S’–Ϊ,2019-01-21,05,“ΉHγ,{ω‚Ή‚Έ,‚Θ‚µ
ή“,Τγ‚Λ‚η‚Ά,–Ϊ”’,’Ε–Ό’¬‰w‘Oπ”Τ,131164,“‹“s,–L“‡‹ζ,Ό’r‘ά‚S’–Ϊ,2019-08-18,02,“ΉHγ,{ω‚Ή‚Έ,‚Θ‚µ
ή“,Τγ‚Λ‚η‚Ά,–Ϊ”’,’Ε–Ό’¬‰w‘Oπ”Τ,131164,“‹“s,–L“‡‹ζ,“μ’·θ‚R’–Ϊ,2019-06-23,17,κΛZ‘ξ,{ω‚Ή‚Έ,‚Θ‚µ
ή“,Τγ‚Λ‚η‚Ά,–Ϊ”’,“μ’·θπ”Τ,131164,“‹“s,–L“‡‹ζ,“μ’·θ‚R’–Ϊ,2019-09-13,20,κΛZ‘ξ,{ω‚Ή‚Έ,‚Θ‚µ
ή“,Τγ‚Λ‚η‚Ά,–Ϊ”’,“’·θ‰w‘Oπ”Τ,131164,“‹“s,–L“‡‹ζ,’·θ‚S’–Ϊ,2019-05-05,16,“ΉHγ,{ω‚Ή‚Έ,‚ ‚θ
ή“,Τγ‚Λ‚η‚Ά,–Ϊ”’,“’·θ‰w‘Oπ”Τ,131164,“‹“s,–L“‡‹ζ,“μ’·θ‚T’–Ϊ,2019-09-26,12,“ΉHγ,{ω‚Ή‚Έ,‚Θ‚µ
ή“,Τγ‚Λ‚η‚Ά,–Ϊ”’,—v’¬π”Τ,131164,“‹“s,–L“‡‹ζ,’r‘ά‚R’–Ϊ,2019-08-17,14,“ΉHγ,{ω‚Ή‚Έ,‚ ‚θ
ή“,Τγ‚Λ‚η‚Ά,–Ϊ”’,—v’¬π”Τ,131164,“‹“s,–L“‡‹ζ,—v’¬‚P’–Ϊ,2019-08-06,11,“ΉHγ,{ω‚Ή‚Έ,‚Θ‚µ
ή“,Τγ‚Λ‚η‚Ά,–Ϊ”’,—v’¬π”Τ,131164,“‹“s,–L“‡‹ζ,‚Ό‚Q’–Ϊ,2019-08-02,01,“ΉHγ,{ω‚Ή‚Έ,‚ ‚θ
ή“,Τγ‚Λ‚η‚Ά,–Ϊ”’,ημπ”Τ,131164,“‹“s,–L“‡‹ζ,—v’¬‚R’–Ϊ,2019-04-18,14,“ΉHγ,{ω‚Ή‚Έ,‚Θ‚µ
ή“,Τγ‚Λ‚η‚Ά,–Ϊ”’,η“oΆ‹΄π”Τ,131164,“‹“s,–L“‡‹ζ,‚“c‚R’–Ϊ,2019-07-11,11,“ΉHγ,{ω‚Ή‚Έ,‚Θ‚µ
ή“,Τγ‚Λ‚η‚Ά,‘κ–μμ,”Β‹΄‰w“ϋπ”Τ,131172,“‹“s,–k‹ζ,‘κ–μμ‚U’–Ϊ,2019-05-15,13,“ΉHγ,{ω‚Ή‚Έ,‚ ‚θ
ή“,Τγ‚Λ‚η‚Ά,‘κ–μμ,”Β‹΄‰w“ϋπ”Τ,131172,“‹“s,–k‹ζ,‘κ–μμ‚U’–Ϊ,2019-06-19,16,‚»‚Μ‘Ό,{ω‚Ή‚Έ,‚Θ‚µ
ή“,Τγ‚Λ‚η‚Ά,‘κ–μμ,”Β‹΄‰w“ϋπ”Τ,131172,“‹“s,–k‹ζ,‘κ–μμ‚U’–Ϊ,2019-11-16,14,“ΉHγ,{ω‚Ή‚Έ,‚ ‚θ
ή“,Τγ‚Λ‚η‚Ά,‘κ–μμ,”Β‹΄‰w“ϋπ”Τ,131172,“‹“s,–k‹ζ,‘κ–μμ‚U’–Ϊ,2019-11-26,09,“ΉHγ,{ω‚Ή‚Έ,‚Θ‚µ
ή“,Τγ‚Λ‚η‚Ά,‘κ–μμ,”Β‹΄‰w“ϋπ”Τ,131172,“‹“s,–k‹ζ,‘κ–μμ‚V’–Ϊ,2019-10-11,07,“ΉHγ,{ω‚Ή‚Έ,‚ ‚θ
ή“,Τγ‚Λ‚η‚Ά,‘κ–μμ,”ς’ΉRπ”Τ,131172,“‹“s,–k‹ζ,‘κ–μμ‚Q’–Ϊ,2019-08-18,11,“ΉHγ,{ω‚Ή‚Έ,‚ ‚θ
ή“,Τγ‚Λ‚η‚Ά,‘κ–μμ,ΌƒP΄π”Τ,131172,“‹“s,–k‹ζ,ΌƒP΄‚P’–Ϊ,2019-06-25,11,“ΉHγ,{ω‚Ή‚Έ,‚ ‚θ
ή“,Τγ‚Λ‚η‚Ά,‘κ–μμ,”φ‹v‰w‘Oπ”Τ,131172,“‹“s,–k‹ζ,Ίa’¬‚Q’–Ϊ,2019-11-06,15,’“Τi—Φjκ,{ω‚Ή‚Έ,‚Θ‚µ
ή“,Τγ‚Λ‚η‚Ά,‘κ–μμ,”φ‹v‰w‘Oπ”Τ,131172,“‹“s,–k‹ζ,ΌƒP΄‚P’–Ϊ,2019-08-23,14,’“Τi—Φjκ,{ω‚Ή‚Έ,‚Θ‚µ
ή“,Τγ‚Λ‚η‚Ά,‘κ–μμ,““c’[π”Τ,131172,“‹“s,–k‹ζ,““c’[‚Q’–Ϊ,2019-12-17,16,‚»‚Μ‘Ό,{ω‚Ή‚Έ,‚Θ‚µ
ή“,Τγ‚Λ‚η‚Ά,‰¤q,‰¤q‰w‘Oπ”Τ,131172,“‹“s,–k‹ζ,‰¤q‚P’–Ϊ,2019-01-08,08,“ΉHγ,{ω‚Ή‚Έ,‚Θ‚µ
ή“,Τγ‚Λ‚η‚Ά,‰¤q,‰¤q‰w‘Oπ”Τ,131172,“‹“s,–k‹ζ,–L“‡‚Q’–Ϊ,2019-06-24,00,κΛZ‘ξ,{ω‚Ή‚Έ,‚ ‚θ
ή“,Τγ‚Λ‚η‚Ά,‰¤q,‰¤q‰w‘Oπ”Τ,131172,“‹“s,–k‹ζ,–x‘D‚P’–Ϊ,2019-09-01,18,’“Τi—Φjκ,{ω‚Ή‚Έ,‚ ‚θ
ή“,Τγ‚Λ‚η‚Ά,‰¤q,‰¤q‰w‘Oπ”Τ,131172,“‹“s,–k‹ζ,–x‘D‚R’–Ϊ,2019-02-22,09,’“Τi—Φjκ,{ω‚Ή‚Έ,‚ ‚θ
ή“,Τγ‚Λ‚η‚Ά,‰¤q,–L“‡ά’–Ϊ’“έ,131172,“‹“s,–k‹ζ,–L“‡‚T’–Ϊ,2019-09-03,14,‚SK‚ΔΘγ‹¤“―Z‘ξ,{ω‚Ή‚Έ,‚ ‚θ
ή“,Τγ‚Λ‚η‚Ά,‰¤q,‰¤qά’–Ϊπ”Τ,131172,“‹“s,–k‹ζ,‰¤q‚T’–Ϊ,2019-02-15,09,’“Τi—Φjκ,{ω‚Ή‚Έ,‚Θ‚µ
ή“,Τγ‚Λ‚η‚Ά,‰¤q,‰¤qά’–Ϊπ”Τ,131172,“‹“s,–k‹ζ,‰¤q‚T’–Ϊ,2019-11-16,10,“ΉHγ,{ω‚Ή‚Έ,‚ ‚θ
ή“,Τγ‚Λ‚η‚Ά,‰¤q,‰¤qά’–Ϊπ”Τ,131172,“‹“s,–k‹ζ,–L“‡‚S’–Ϊ,2019-10-16,15,’“Τi—Φjκ,{ω‚Ή‚Έ,‚ ‚θ
ή“,Τγ‚Λ‚η‚Ά,‰¤q,“\ππ”Τ,131172,“‹“s,–k‹ζ,‰¤q‚T’–Ϊ,2019-01-03,01,‚SK‚ΔΘγ‹¤“―Z‘ξ,{ω‚Ή‚Έ,‚ ‚θ
ή“,Τγ‚Λ‚η‚Ά,‰¤q,“\ππ”Τ,131172,“‹“s,–k‹ζ,‰¤q‚T’–Ϊ,2019-08-07,18,‚SK‚ΔΘγ‹¤“―Z‘ξ,{ω‚Ή‚Έ,‚Θ‚µ
ή“,Τγ‚Λ‚η‚Ά,‰¤q,“\ππ”Τ,131172,“‹“s,–k‹ζ,“\π‚R’–Ϊ,2019-07-04,14,“ΉHγ,{ω‚Ή‚Έ,‚Θ‚µ
ή“,Τγ‚Λ‚η‚Ά,‰¤q,“\ππ”Τ,131172,“‹“s,–k‹ζ,“\π‚S’–Ϊ,2019-09-20,10,“ΉHγ,{ω‚Ή‚Έ,‚ ‚θ
ή“,Τγ‚Λ‚η‚Ά,‰¤q,\π’‡΄π”Τ,131172,“‹“s,–k‹ζ,γ\π‚S’–Ϊ,2019-12-05,20,’“Τi—Φjκ,{ω‚Ή‚Έ,‚ ‚θ
ή“,Τγ‚Λ‚η‚Ά,‰¤q,\π’‡΄π”Τ,131172,“‹“s,–k‹ζ,’†\π‚R’–Ϊ,2019-10-13,10,“ΉHγ,{ω‚Ή‚Έ,‚Θ‚µ
ή“,Τγ‚Λ‚η‚Ά,‰¤q,\π’‡΄π”Τ,131172,“‹“s,–k‹ζ,“\π‚T’–Ϊ,2019-07-10,07,’“Τi—Φjκ,{ω‚Ή‚Έ,‚Θ‚µ
ή“,Τγ‚Λ‚η‚Ά,‰¤q,\π‰w‘Oπ”Τ,131172,“‹“s,–k‹ζ,γ\π‚P’–Ϊ,2019-01-18,23,“ΉHγ,{ω‚Ή‚Έ,‚ ‚θ
ή“,Τγ‚Λ‚η‚Ά,‰¤q,\π‰w‘Oπ”Τ,131172,“‹“s,–k‹ζ,γ\π‚Q’–Ϊ,2019-06-08,14,‚»‚Μ‘Ό‚ΜZ‘ξi‚RK‚ΔΘ‰Ί‹¤“―Z‘ξ“™j,{ω‚Ή‚Έ,‚ ‚θ
ή“,Τγ‚Λ‚η‚Ά,‰¤q,‰¤q–{’¬π”Τ,131172,“‹“s,–k‹ζ,‰¤q–{’¬‚P’–Ϊ,2019-05-12,22,“ΉHγ,{ω‚Ή‚Έ,‚ ‚θ
ή“,Τγ‚Λ‚η‚Ά,Τ‰H,u–Ξl’–Ϊπ”Τ,131172,“‹“s,–k‹ζ,u–Ξ‚P’–Ϊ,2019-09-20,06,’“Τi—Φjκ,{ω‚Ή‚Έ,‚Θ‚µ
ή“,Τγ‚Λ‚η‚Ά,Τ‰H,u–Ξl’–Ϊπ”Τ,131172,“‹“s,–k‹ζ,u–Ξ‚P’–Ϊ,2019-09-24,05,“ΉHγ,{ω‚Ή‚Έ,‚Θ‚µ
ή“,Τγ‚Λ‚η‚Ά,Τ‰H,u–Ξl’–Ϊπ”Τ,131172,“‹“s,–k‹ζ,u–Ξ‚R’–Ϊ,2019-01-31,13,“ΉHγ,{ω‚Ή‚Έ,‚ ‚θ
ή“,Τγ‚Λ‚η‚Ά,Τ‰H,u–Ξl’–Ϊπ”Τ,131172,“‹“s,–k‹ζ,u–Ξ‚R’–Ϊ,2019-11-18,15,“ΉHγ,{ω‚Ή‚Έ,‚ ‚θ
ή“,Τγ‚Λ‚η‚Ά,Τ‰H,Τ‰H‰w‘Oπ”Τ,131172,“‹“s,–k‹ζ,Τ‰H‚Q’–Ϊ,2019-09-05,11,“ΉHγ,{ω‚Ή‚Έ,‚ ‚θ
ή“,Τγ‚Λ‚η‚Ά,Τ‰H,Τ‰H‰w‘Oπ”Τ,131172,“‹“s,–k‹ζ,Τ‰H‚Q’–Ϊ,2019-10-02,11,‚»‚Μ‘Ό,{ω‚Ή‚Έ,‚ ‚θ
ή“,Τγ‚Λ‚η‚Ά,Τ‰H,Τ‰H‰w‘Oπ”Τ,131172,“‹“s,–k‹ζ,Τ‰H‚Q’–Ϊ,2019-10-09,10,“ΉHγ,{ω‚Ή‚Έ,‚Θ‚µ
ή“,Τγ‚Λ‚η‚Ά,Τ‰H,Τ‰H‰w‘Oπ”Τ,131172,“‹“s,–k‹ζ,Τ‰HΌ‚P’–Ϊ,2019-04-19,17,“ΉHγ,{ω‚Ή‚Έ,‚Θ‚µ
ή“,Τγ‚Λ‚η‚Ά,Τ‰H,Τ‰H‰w‘Oπ”Τ,131172,“‹“s,–k‹ζ,Τ‰HΌ‚P’–Ϊ,2019-05-12,20,‚»‚Μ‘Ό,{ω‚Ή‚Έ,‚Θ‚µ
ή“,Τγ‚Λ‚η‚Ά,Τ‰H,Τ‰H‰w‘Oπ”Τ,131172,“‹“s,–k‹ζ,Τ‰HΌ‚P’–Ϊ,2019-09-13,10,“ΉHγ,{ω‚Ή‚Έ,‚ ‚θ
ή“,Τγ‚Λ‚η‚Ά,Τ‰H,Τ‰H‰w‘Oπ”Τ,131172,“‹“s,–k‹ζ,Τ‰H“μ‚P’–Ϊ,2019-08-27,13,“ΉHγ,{ω‚Ή‚Έ,‚ ‚θ
ή“,Τγ‚Λ‚η‚Ά,Τ‰H,Τ‰H‰w‘Oπ”Τ,131172,“‹“s,–k‹ζ,Τ‰H“μ‚P’–Ϊ,2019-10-02,10,“ΉHγ,{ω‚Ή‚Έ,‚ ‚θ
ή“,Τγ‚Λ‚η‚Ά,Τ‰H,Τ‰H‰w‘Oπ”Τ,131172,“‹“s,–k‹ζ,Τ‰H“μ‚P’–Ϊ,2019-10-05,08,‚»‚Μ‘Ό,{ω‚Ή‚Έ,‚ ‚θ
ή“,Τγ‚Λ‚η‚Ά,Τ‰H,‹{–xπ”Τ,131172,“‹“s,–k‹ζ,_’J‚Q’–Ϊ,2018-12-30,15,‚»‚Μ‘Ό,{ω‚Ή‚Έ,‚ ‚θ
ή“,Τγ‚Λ‚η‚Ά,Τ‰H,‹{–xπ”Τ,131172,“‹“s,–k‹ζ,_’J‚R’–Ϊ,2019-04-28,14,‚»‚Μ‘Ό,{ω‚Ή‚Έ,‚Θ‚µ
ή“,Τγ‚Λ‚η‚Ά,Τ‰H,Τ‰HΌπ”Τ,131172,“‹“s,–k‹ζ,Τ‰HΌ‚P’–Ϊ,2019-09-28,09,“ΉHγ,{ω‚Ή‚Έ,‚ ‚θ
ή“,Τγ‚Λ‚η‚Ά,Τ‰H,Ό‚ª‹uπ”Τ,131172,“‹“s,–k‹ζ,Τ‰HΌ‚U’–Ϊ,2019-09-21,20,“ΉHγ,{ω‚Ή‚Έ,‚ ‚θ
ή“,Τγ‚Λ‚η‚Ά,Τ‰H,–@‘P›π”Τ,131172,“‹“s,–k‹ζ,‹ΛƒP‹u‚P’–Ϊ,2019-03-02,15,‚»‚Μ‘Ό,{ω‚Ή‚Έ,‚Θ‚µ
ή“,Τγ‚Λ‚η‚Ά,Τ‰H,•‚Τπ”Τ,131172,“‹“s,–k‹ζ,•‚Τ‚S’–Ϊ,2019-05-14,20,’“Τi—Φjκ,{ω‚Ή‚Έ,‚Θ‚µ
ή“,Τγ‚Λ‚η‚Ά,Τ‰H,•‚Τπ”Τ,131172,“‹“s,–k‹ζ,•‚Τ‚S’–Ϊ,2019-09-05,16,‚»‚Μ‘Ό,{ω‚Ή‚Έ,‚Θ‚µ
ή“,Τγ‚Λ‚η‚Ά,Τ‰H,•‚Τπ”Τ,131172,“‹“s,–k‹ζ,•‚Τ‚T’–Ϊ,2019-08-04,08,’“Τi—Φjκ,{ω‚Ή‚Έ,‚Θ‚µ
ή“,Τγ‚Λ‚η‚Ά,Τ‰H,•‚Τπ”Τ,131172,“‹“s,–k‹ζ,•‚Τ‚T’–Ϊ,2019-12-11,20,’“Τi—Φjκ,{ω‚Ή‚Έ,‚ ‚θ
ή“,Τγ‚Λ‚η‚Ά,”Β‹΄,•½”φπ”Τ,131199,“‹“s,”Β‹΄‹ζ,”Β‹΄‚P’–Ϊ,2019-09-24,12,“ΉHγ,{ω‚Ή‚Έ,‚Θ‚µ
ή“,Τγ‚Λ‚η‚Ά,”Β‹΄,•½”φπ”Τ,131199,“‹“s,”Β‹΄‹ζ,”Β‹΄‚P’–Ϊ,2019-11-04,09,‚»‚Μ‘Ό,{ω‚Ή‚Έ,‚ ‚θ
ή“,Τγ‚Λ‚η‚Ά,”Β‹΄,•½”φπ”Τ,131199,“‹“s,”Β‹΄‹ζ,”Β‹΄‚P’–Ϊ,2019-12-09,14,“ΉHγ,{ω‚Ή‚Έ,‚Θ‚µ
ή“,Τγ‚Λ‚η‚Ά,”Β‹΄,•½”φπ”Τ,131199,“‹“s,”Β‹΄‹ζ,”Β‹΄‚P’–Ϊ,2019-12-25,10,“ΉHγ,{ω‚Ή‚Έ,‚ ‚θ
ή“,Τγ‚Λ‚η‚Ά,”Β‹΄,•½”φπ”Τ,131199,“‹“s,”Β‹΄‹ζ,”Β‹΄‚R’–Ϊ,2019-02-21,12,‚»‚Μ‘Ό,{ω‚Ή‚Έ,‚ ‚θ
ή“,Τγ‚Λ‚η‚Ά,”Β‹΄,‰Α‰κπ”Τ,131199,“‹“s,”Β‹΄‹ζ,”Β‹΄‚R’–Ϊ,2019-12-22,14,‚»‚Μ‘Ό,{ω‚Ή‚Έ,‚ ‚θ
ή“,Τγ‚Λ‚η‚Ά,”Β‹΄,”Β‹΄–{’¬π”Τ,131199,“‹“s,”Β‹΄‹ζ,–{’¬,2019-06-20,20,κΛZ‘ξ,{ω‚Ή‚Έ,‚Θ‚µ
ή“,Τγ‚Λ‚η‚Ά,”Β‹΄,”Β‹΄–{’¬π”Τ,131199,“‹“s,”Β‹΄‹ζ,‘εa’¬,2019-06-25,12,’“Τi—Φjκ,{ω‚Ή‚Έ,‚ ‚θ
ή“,Τγ‚Λ‚η‚Ά,”Β‹΄,F–μ’¬π”Τ,131199,“‹“s,”Β‹΄‹ζ,‘εR‹ΰδ’¬,2019-06-26,22,κΛZ‘ξ,{ω‚Ή‚Έ,‚ ‚θ
ή“,Τγ‚Λ‚η‚Ά,”Β‹΄,F–μ’¬π”Τ,131199,“‹“s,”Β‹΄‹ζ,F–μ’¬,2019-01-26,12,“ΉHγ,{ω‚Ή‚Έ,‚Θ‚µ
ή“,Τγ‚Λ‚η‚Ά,”Β‹΄,F–μ’¬π”Τ,131199,“‹“s,”Β‹΄‹ζ,“μ’¬,2019-11-18,11,‚»‚Μ‘Ό,{ω‚Ή‚Έ,‚ ‚θ
ή“,Τγ‚Λ‚η‚Ά,”Β‹΄,—{η‰@‘Oπ”Τ,131199,“‹“s,”Β‹΄‹ζ,”Β‹΄‚Q’–Ϊ,2019-02-14,14,“ΉHγ,{ω‚Ή‚Έ,‚ ‚θ
ή“,Τγ‚Λ‚η‚Ά,”Β‹΄,—{η‰@‘Oπ”Τ,131199,“‹“s,”Β‹΄‹ζ,‘εR“’¬,2019-03-03,23,“ΉHγ,{ω‚Ή‚Έ,‚Θ‚µ
ή“,Τγ‚Λ‚η‚Ά,”Β‹΄,—{η‰@‘Oπ”Τ,131199,“‹“s,”Β‹΄‹ζ,‘εR“’¬,2019-06-15,08,“ΉHγ,{ω‚Ή‚Έ,‚ ‚θ
ή“,Τγ‚Λ‚η‚Ά,”Β‹΄,—{η‰@‘Oπ”Τ,131199,“‹“s,”Β‹΄‹ζ,‘εR“’¬,2019-10-30,00,“ΉHγ,{ω‚Ή‚Έ,‚ ‚θ
ή“,Τγ‚Λ‚η‚Ά,”Β‹΄,‘εR’¬π”Τ,131199,“‹“s,”Β‹΄‹ζ,‘εR‹ΰδ’¬,2019-05-22,13,‚SK‚ΔΘγ‹¤“―Z‘ξ,{ω‚Ή‚Έ,‚ ‚θ
ή“,Τγ‚Λ‚η‚Ά,”Β‹΄,‘εR’¬π”Τ,131199,“‹“s,”Β‹΄‹ζ,‘εRΌ’¬,2018-08-21,•s–Ύ,‚»‚Μ‘Ό,{ω‚Ή‚Έ,‚Θ‚µ
ή“,Τγ‚Λ‚η‚Ά,”Β‹΄,‘εR’¬π”Τ,131199,“‹“s,”Β‹΄‹ζ,‘εR’¬,2019-02-13,05,“ΉHγ,{ω‚Ή‚Έ,‚ ‚θ
ή“,Τγ‚Λ‚η‚Ά,”Β‹΄,‘εR’¬π”Τ,131199,“‹“s,”Β‹΄‹ζ,‘εR’¬,2019-09-07,19,’“Τi—Φjκ,{ω‚Ή‚Έ,‚Θ‚µ
ή“,Τγ‚Λ‚η‚Ά,”Β‹΄,‘εR’¬π”Τ,131199,“‹“s,”Β‹΄‹ζ,‘εR’¬,2019-10-03,23,“ΉHγ,{ω‚Ή‚Έ,‚ ‚θ
ή“,Τγ‚Λ‚η‚Ά,”Β‹΄,‘εR’¬π”Τ,131199,“‹“s,”Β‹΄‹ζ,‘εR’¬,2019-11-02,14,“ΉHγ,{ω‚Ή‚Έ,‚ ‚θ
ή“,Τγ‚Λ‚η‚Ά,”Β‹΄,‘εR’¬π”Τ,131199,“‹“s,”Β‹΄‹ζ,‘εR’¬,2019-11-28,17,“ΉHγ,{ω‚Ή‚Έ,‚ ‚θ
ή“,Τγ‚Λ‚η‚Ά,”Β‹΄,‘εR’¬π”Τ,131199,“‹“s,”Β‹΄‹ζ,‘εR’¬,2019-12-20,11,“ΉHγ,{ω‚Ή‚Έ,‚ ‚θ
ή“,Τγ‚Λ‚η‚Ά,”Β‹΄,‘εR’¬π”Τ,131199,“‹“s,”Β‹΄‹ζ,K’¬,2019-12-04,07,’“Τi—Φjκ,{ω‚Ή‚Έ,‚Θ‚µ
ή“,Τγ‚Λ‚η‚Ά,”Β‹΄,‘εR’¬π”Τ,131199,“‹“s,”Β‹΄‹ζ,’‡’¬,2019-05-30,14,“ΉHγ,{ω‚Ή‚Έ,‚ ‚θ
ή“,Τγ‚Λ‚η‚Ά,”Β‹΄,‘ε’Jϋπ”Τ,131199,“‹“s,”Β‹΄‹ζ,‘ε’Jϋ‚Q’–Ϊ,2019-01-19,15,’“Τi—Φjκ,{ω‚Ή‚Έ,‚Θ‚µ
ή“,Τγ‚Λ‚η‚Ά,”Β‹΄,–ΞCπ”Τ,131199,“‹“s,”Β‹΄‹ζ,¬–Ξª‚Q’–Ϊ,2019-12-04,12,“ΉHγ,{ω‚Ή‚Έ,‚Θ‚µ
ή“,Τγ‚Λ‚η‚Ά,”Β‹΄,–ΞCπ”Τ,131199,“‹“s,”Β‹΄‹ζ,ό΄‚Q’–Ϊ,2019-08-25,05,κΛZ‘ξ,{ω‚Ή‚Έ,‚Θ‚µ
ή“,Τγ‚Λ‚η‚Ά,”Β‹΄,“R’¬π”Τ,131199,“‹“s,”Β‹΄‹ζ,“R’¬,2019-01-28,18,‚SK‚ΔΘγ‹¤“―Z‘ξ,{ω‚Ή‚Έ,‚ ‚θ
ή“,Τγ‚Λ‚η‚Ά,”Β‹΄,“R’¬π”Τ,131199,“‹“s,”Β‹΄‹ζ,“μν”Υ‘δ‚Q’–Ϊ,2019-11-29,16,‚»‚Μ‘Ό,{ω‚Ή‚Έ,‚ ‚θ
ή“,Τγ‚Λ‚η‚Ά,”Β‹΄,’†”Β‹΄π”Τ,131199,“‹“s,”Β‹΄‹ζ,’†”Β‹΄,2019-03-29,18,“ΉHγ,{ω‚Ή‚Έ,‚ ‚θ
ή“,Τγ‚Λ‚η‚Ά,”Β‹΄,’†”Β‹΄π”Τ,131199,“‹“s,”Β‹΄‹ζ,’†”Β‹΄,2019-09-12,09,“ΉHγ,{ω‚Ή‚Έ,‚Θ‚µ
ή“,Τγ‚Λ‚η‚Ά,”Β‹΄,’†”Β‹΄π”Τ,131199,“‹“s,”Β‹΄‹ζ,‘o—t’¬,2019-10-05,18,“ΉHγ,{ω‚Ή‚Έ,‚Θ‚µ
ή“,Τγ‚Λ‚η‚Ά,”Β‹΄,•xm©π”Τ,131199,“‹“s,”Β‹΄‹ζ,•xm©’¬,2019-01-29,08,’“Τi—Φjκ,{ω‚Ή‚Έ,‚ ‚θ
ή“,Τγ‚Λ‚η‚Ά,”Β‹΄,ν”Υ‘δπ”Τ,131199,“‹“s,”Β‹΄‹ζ,ν”Υ‘δ‚P’–Ϊ,2019-04-24,07,‚SK‚ΔΘγ‹¤“―Z‘ξ,{ω‚Ή‚Έ,‚ ‚θ
ή“,Τγ‚Λ‚η‚Ά,”Β‹΄,ν”Υ‘δπ”Τ,131199,“‹“s,”Β‹΄‹ζ,ν”Υ‘δ‚Q’–Ϊ,2019-04-27,08,“ΉHγ,{ω‚Ή‚Έ,‚ ‚θ
ή“,Τγ‚Λ‚η‚Ά,”Β‹΄,ν”Υ‘δπ”Τ,131199,“‹“s,”Β‹΄‹ζ,ν”Υ‘δ‚Q’–Ϊ,2019-09-07,13,“ΉHγ,{ω‚Ή‚Έ,‚ ‚θ
ή“,Τγ‚Λ‚η‚Ά,”Β‹΄,ν”Υ‘δπ”Τ,131199,“‹“s,”Β‹΄‹ζ,ν”Υ‘δ‚R’–Ϊ,2019-04-22,13,κΛZ‘ξ,{ω‚Ή‚Έ,‚ ‚θ
ή“,Τγ‚Λ‚η‚Ά,”Β‹΄,ν”Υ‘δπ”Τ,131199,“‹“s,”Β‹΄‹ζ,ν”Υ‘δ‚R’–Ϊ,2019-06-17,20,’“Τi—Φjκ,{ω‚Ή‚Έ,‚Θ‚µ
ή“,Τγ‚Λ‚η‚Ά,”Β‹΄,ν”Υ‘δπ”Τ,131199,“‹“s,”Β‹΄‹ζ,“μν”Υ‘δ‚P’–Ϊ,2019-08-24,08,‚»‚Μ‘Ό,{ω‚Ή‚Έ,‚ ‚θ
ή“,Τγ‚Λ‚η‚Ά,”Β‹΄,ν”Υ‘δπ”Τ,131199,“‹“s,”Β‹΄‹ζ,“μν”Υ‘δ‚P’–Ϊ,2019-09-14,19,“ΉHγ,{ω‚Ή‚Έ,‚ ‚θ
ή“,Τγ‚Λ‚η‚Ά,”Β‹΄,ν”Υ‘δπ”Τ,131199,“‹“s,”Β‹΄‹ζ,“μν”Υ‘δ‚P’–Ϊ,2019-10-14,10,“ΉHγ,{ω‚Ή‚Έ,‚ ‚θ
ή“,Τγ‚Λ‚η‚Ά,”Β‹΄,ν”Υ‘δπ”Τ,131199,“‹“s,”Β‹΄‹ζ,“μν”Υ‘δ‚Q’–Ϊ,2019-06-20,08,‚SK‚ΔΘγ‹¤“―Z‘ξ,{ω‚Ή‚Έ,‚ ‚θ
ή“,Τγ‚Λ‚η‚Ά,”Β‹΄,γ”Β‹΄‰w‘Oπ”Τ,131199,“‹“s,”Β‹΄‹ζ,γ”Β‹΄‚P’–Ϊ,2018-12-31,22,“ΉHγ,{ω‚Ή‚Έ,‚ ‚θ
ή“,Τγ‚Λ‚η‚Ά,”Β‹΄,γ”Β‹΄‰w‘Oπ”Τ,131199,“‹“s,”Β‹΄‹ζ,γ”Β‹΄‚Q’–Ϊ,2019-05-29,09,“ΉHγ,{ω‚Ή‚Έ,‚ ‚θ
ή“,Τγ‚Λ‚η‚Ά,”Β‹΄,γ”Β‹΄‰w‘Oπ”Τ,131199,“‹“s,”Β‹΄‹ζ,γ”Β‹΄‚Q’–Ϊ,2019-07-22,18,“ΉHγ,{ω‚Ή‚Έ,‚ ‚θ
ή“,Τγ‚Λ‚η‚Ά,”Β‹΄,γ”Β‹΄‰w‘Oπ”Τ,131199,“‹“s,”Β‹΄‹ζ,γ”Β‹΄‚Q’–Ϊ,2019-09-09,08,’“Τi—Φjκ,{ω‚Ή‚Έ,‚ ‚θ
ή“,Τγ‚Λ‚η‚Ά,”Β‹΄,γ”Β‹΄‰w‘Oπ”Τ,131199,“‹“s,”Β‹΄‹ζ,γ”Β‹΄‚R’–Ϊ,2019-04-29,19,’“Τi—Φjκ,{ω‚Ή‚Έ,‚Θ‚µ
ή“,Τγ‚Λ‚η‚Ά,”Β‹΄,γ”Β‹΄‰w‘Oπ”Τ,131199,“‹“s,”Β‹΄‹ζ,γ”Β‹΄‚R’–Ϊ,2019-06-12,09,‚SK‚ΔΘγ‹¤“―Z‘ξ,{ω‚Ή‚Έ,‚ ‚θ
ή“,Τγ‚Λ‚η‚Ά,”Β‹΄,γ”Β‹΄‰w‘Oπ”Τ,131199,“‹“s,”Β‹΄‹ζ,“V’¬‚P’–Ϊ,2019-03-16,01,‚»‚Μ‘Ό‚ΜZ‘ξi‚RK‚ΔΘ‰Ί‹¤“―Z‘ξ“™j,{ω‚Ή‚Έ,‚Θ‚µ
ή“,Τγ‚Λ‚η‚Ά,”Β‹΄,γ”Β‹΄‰w‘Oπ”Τ,131199,“‹“s,”Β‹΄‹ζ,“V’¬‚P’–Ϊ,2019-05-17,10,‚SK‚ΔΘγ‹¤“―Z‘ξ,{ω‚Ή‚Έ,‚ ‚θ
ή“,Τγ‚Λ‚η‚Ά,”Β‹΄,γ”Β‹΄‰w‘Oπ”Τ,131199,“‹“s,”Β‹΄‹ζ,“V’¬‚P’–Ϊ,2019-09-24,08,“ΉHγ,{ω‚Ή‚Έ,‚ ‚θ
ή“,Τγ‚Λ‚η‚Ά,”Β‹΄,γ”Β‹΄‰w‘Oπ”Τ,131199,“‹“s,”Β‹΄‹ζ,ν”Υ‘δ‚S’–Ϊ,2019-07-04,18,“ΉHγ,{ω‚Ή‚Έ,‚Θ‚µ
ή“,Τγ‚Λ‚η‚Ά,u‘Ί,΄…’¬π”Τ,131199,“‹“s,”Β‹΄‹ζ,ς’¬,2019-01-22,18,“ΉHγ,{ω‚Ή‚Έ,‚Θ‚µ
ή“,Τγ‚Λ‚η‚Ά,u‘Ί,΄…’¬π”Τ,131199,“‹“s,”Β‹΄‹ζ,‘ε΄’¬,2019-02-26,11,“ΉHγ,{ω‚Ή‚Έ,‚Θ‚µ
ή“,Τγ‚Λ‚η‚Ά,u‘Ί,΄…’¬π”Τ,131199,“‹“s,”Β‹΄‹ζ,΄…’¬,2019-08-06,17,“ΉHγ,{ω‚Ή‚Έ,‚ ‚θ
ή“,Τγ‚Λ‚η‚Ά,u‘Ί,΄…’¬π”Τ,131199,“‹“s,”Β‹΄‹ζ,΄…’¬,2019-11-12,22,‚SK‚ΔΘγ‹¤“―Z‘ξ,{ω‚Ή‚Έ,‚Θ‚µ
ή“,Τγ‚Λ‚η‚Ά,u‘Ί,΄…’¬π”Τ,131199,“‹“s,”Β‹΄‹ζ,‹{–{’¬,2019-02-17,17,’“Τi—Φjκ,{ω‚Ή‚Έ,‚ ‚θ
ή“,Τγ‚Λ‚η‚Ά,u‘Ί,΄…’¬π”Τ,131199,“‹“s,”Β‹΄‹ζ,‹{–{’¬,2019-05-18,09,“ΉHγ,{ω‚Ή‚Έ,‚ ‚θ
ή“,Τγ‚Λ‚η‚Ά,u‘Ί,βγπ”Τ,131199,“‹“s,”Β‹΄‹ζ,u‘Ί‚R’–Ϊ,2019-01-24,12,’“Τi—Φjκ,{ω‚Ή‚Έ,‚Θ‚µ
ή“,Τγ‚Λ‚η‚Ά,u‘Ί,βγπ”Τ,131199,“‹“s,”Β‹΄‹ζ,u‘Ί‚R’–Ϊ,2019-02-02,00,’“Τi—Φjκ,{ω‚Ή‚Έ,‚Θ‚µ
ή“,Τγ‚Λ‚η‚Ά,u‘Ί,βγπ”Τ,131199,“‹“s,”Β‹΄‹ζ,u‘Ί‚R’–Ϊ,2019-03-31,09,’“Τi—Φjκ,{ω‚Ή‚Έ,‚Θ‚µ
ή“,Τγ‚Λ‚η‚Ά,u‘Ί,β‰Ίπ”Τ,131199,“‹“s,”Β‹΄‹ζ,β‰Ί‚Q’–Ϊ,2019-04-24,20,’“Τi—Φjκ,{ω‚Ή‚Έ,‚Θ‚µ
ή“,Τγ‚Λ‚η‚Ά,u‘Ί,β‰Ίπ”Τ,131199,“‹“s,”Β‹΄‹ζ,β‰Ί‚Q’–Ϊ,2019-09-14,06,“ΉHγ,{ω‚Ή‚Έ,‚ ‚θ
ή“,Τγ‚Λ‚η‚Ά,u‘Ί,β‰Ίπ”Τ,131199,“‹“s,”Β‹΄‹ζ,β‰Ί‚Q’–Ϊ,2019-10-03,17,’“Τi—Φjκ,{ω‚Ή‚Έ,‚Θ‚µ
ή“,Τγ‚Λ‚η‚Ά,u‘Ί,β‰Ίπ”Τ,131199,“‹“s,”Β‹΄‹ζ,β‰Ί‚Q’–Ϊ,2019-10-13,09,“ΉHγ,{ω‚Ή‚Έ,‚Θ‚µ
ή“,Τγ‚Λ‚η‚Ά,u‘Ί,β‰Ίπ”Τ,131199,“‹“s,”Β‹΄‹ζ,β‰Ί‚Q’–Ϊ,2019-12-10,19,“ΉHγ,{ω‚Ή‚Έ,‚Θ‚µ
ή“,Τγ‚Λ‚η‚Ά,u‘Ί,@ªπ”Τ,131199,“‹“s,”Β‹΄‹ζ,‘¶’¬,2019-06-16,17,’“Τi—Φjκ,{ω‚Ή‚Έ,‚Θ‚µ
ή“,Τγ‚Λ‚η‚Ά,u‘Ί,@ªπ”Τ,131199,“‹“s,”Β‹΄‹ζ,β‰Ί‚Q’–Ϊ,2019-10-23,16,“ΉHγ,{ω‚Ή‚Έ,‚Θ‚µ
ή“,Τγ‚Λ‚η‚Ά,u‘Ί,@ªπ”Τ,131199,“‹“s,”Β‹΄‹ζ,@ª‚Q’–Ϊ,2019-08-30,09,’“Τi—Φjκ,{ω‚Ή‚Έ,‚Θ‚µ
ή“,Τγ‚Λ‚η‚Ά,u‘Ί,@ªπ”Τ,131199,“‹“s,”Β‹΄‹ζ,@ª‚R’–Ϊ,2019-05-29,16,‚SK‚ΔΘγ‹¤“―Z‘ξ,{ω‚Ή‚Έ,‚ ‚θ
ή“,Τγ‚Λ‚η‚Ά,u‘Ί,@ªπ”Τ,131199,“‹“s,”Β‹΄‹ζ,‘O–μ’¬‚U’–Ϊ,2019-04-15,09,‚SK‚ΔΘγ‹¤“―Z‘ξ,{ω‚Ή‚Έ,‚Θ‚µ
ή“,Τγ‚Λ‚η‚Ά,u‘Ί,‘O–μ’¬π”Τ,131199,“‹“s,”Β‹΄‹ζ,‘O–μ’¬‚P’–Ϊ,2019-02-17,19,’“Τi—Φjκ,{ω‚Ή‚Έ,‚Θ‚µ
ή“,Τγ‚Λ‚η‚Ά,u‘Ί,‘O–μ’¬π”Τ,131199,“‹“s,”Β‹΄‹ζ,‘O–μ’¬‚P’–Ϊ,2019-04-15,09,“ΉHγ,{ω‚Ή‚Έ,‚ ‚θ
ή“,Τγ‚Λ‚η‚Ά,u‘Ί,‘O–μ’¬π”Τ,131199,“‹“s,”Β‹΄‹ζ,‘O–μ’¬‚P’–Ϊ,2019-04-28,19,’“Τi—Φjκ,{ω‚Ή‚Έ,‚ ‚θ
ή“,Τγ‚Λ‚η‚Ά,u‘Ί,‘O–μ’¬π”Τ,131199,“‹“s,”Β‹΄‹ζ,‘O–μ’¬‚Q’–Ϊ,2019-04-05,14,κΛZ‘ξ,{ω‚Ή‚Έ,‚ ‚θ
ή“,Τγ‚Λ‚η‚Ά,u‘Ί,‘O–μ’¬π”Τ,131199,“‹“s,”Β‹΄‹ζ,‘O–μ’¬‚R’–Ϊ,2019-09-25,08,“ΉHγ,{ω‚Ή‚Έ,‚ ‚θ
ή“,Τγ‚Λ‚η‚Ά,u‘Ί,‘O–μ’¬π”Τ,131199,“‹“s,”Β‹΄‹ζ,‘O–μ’¬‚S’–Ϊ,2019-01-25,17,‚SK‚ΔΘγ‹¤“―Z‘ξ,{ω‚Ή‚Έ,‚Θ‚µ
ή“,Τγ‚Λ‚η‚Ά,u‘Ί,‘O–μ’¬π”Τ,131199,“‹“s,”Β‹΄‹ζ,‘O–μ’¬‚T’–Ϊ,2019-08-26,07,’“Τi—Φjκ,{ω‚Ή‚Έ,‚ ‚θ
ή“,Τγ‚Λ‚η‚Ά,u‘Ί,’†‘δπ”Τ,131199,“‹“s,”Β‹΄‹ζ,’†‘δ‚P’–Ϊ,2019-05-05,11,“ΉHγ,{ω‚Ή‚Έ,‚Θ‚µ
ή“,Τγ‚Λ‚η‚Ά,u‘Ί,’†‘δπ”Τ,131199,“‹“s,”Β‹΄‹ζ,’†‘δ‚P’–Ϊ,2019-09-14,13,’“Τi—Φjκ,{ω‚Ή‚Έ,‚ ‚θ
ή“,Τγ‚Λ‚η‚Ά,u‘Ί,’†‘δπ”Τ,131199,“‹“s,”Β‹΄‹ζ,’†‘δ‚P’–Ϊ,2019-10-28,11,’“Τi—Φjκ,{ω‚Ή‚Έ,‚Θ‚µ
ή“,Τγ‚Λ‚η‚Ά,u‘Ί,’†‘δπ”Τ,131199,“‹“s,”Β‹΄‹ζ,‘O–μ’¬‚U’–Ϊ,2019-07-02,13,‚SK‚ΔΘγ‹¤“―Z‘ξ,{ω‚Ή‚Έ,‚ ‚θ
ή“,Τγ‚Λ‚η‚Ά,u‘Ί,’†‘δπ”Τ,131199,“‹“s,”Β‹΄‹ζ,α–Ψ‚P’–Ϊ,2019-04-23,08,‚SK‚ΔΘγ‹¤“―Z‘ξ,{ω‚Ή‚Έ,‚ ‚θ
ή“,Τγ‚Λ‚η‚Ά,u‘Ί,’†‘δπ”Τ,131199,“‹“s,”Β‹΄‹ζ,α–Ψ‚P’–Ϊ,2019-07-25,13,“ΉHγ,{ω‚Ή‚Έ,‚ ‚θ
ή“,Τγ‚Λ‚η‚Ά,u‘Ί,’†‘δπ”Τ,131199,“‹“s,”Β‹΄‹ζ,α–Ψ‚P’–Ϊ,2019-09-12,13,“ΉHγ,{ω‚Ή‚Έ,‚ ‚θ
ή“,Τγ‚Λ‚η‚Ά,u‘Ί,Ό‘δπ”Τ,131199,“‹“s,”Β‹΄‹ζ,Ό‘δ‚Q’–Ϊ,2019-05-11,15,‚SK‚ΔΘγ‹¤“―Z‘ξ,{ω‚Ή‚Έ,‚ ‚θ
ή“,Τγ‚Λ‚η‚Ά,u‘Ί,Ό‘δπ”Τ,131199,“‹“s,”Β‹΄‹ζ,Ό‘δ‚Q’–Ϊ,2019-05-27,09,‚SK‚ΔΘγ‹¤“―Z‘ξ,{ω‚Ή‚Έ,‚Θ‚µ
ή“,Τγ‚Λ‚η‚Ά,u‘Ί,Ό‘δπ”Τ,131199,“‹“s,”Β‹΄‹ζ,Ό‘δ‚Q’–Ϊ,2019-09-27,08,‚»‚Μ‘Ό,{ω‚Ή‚Έ,‚ ‚θ
ή“,Τγ‚Λ‚η‚Ά,—ϋ”n,Ρδπ”Τ,131202,“‹“s,—ϋ”n‹ζ,Ρδ‚Q’–Ϊ,2018-12-31,18,“ΉHγ,{ω‚Ή‚Έ,‚Θ‚µ
ή“,Τγ‚Λ‚η‚Ά,—ϋ”n,Ρδπ”Τ,131202,“‹“s,—ϋ”n‹ζ,Ρδ‚Q’–Ϊ,2019-10-30,09,“ΉHγ,{ω‚Ή‚Έ,‚Θ‚µ
ή“,Τγ‚Λ‚η‚Ά,—ϋ”n,Ρδπ”Τ,131202,“‹“s,—ϋ”n‹ζ,Ρδ‚T’–Ϊ,2019-03-11,11,’“Τi—Φjκ,{ω‚Ή‚Έ,‚ ‚θ
ή“,Τγ‚Λ‚η‚Ά,—ϋ”n,’†‘Ί‹΄π”Τ,131202,“‹“s,—ϋ”n‹ζ,’†‘Ί‚Q’–Ϊ,2019-10-30,07,“ΉHγ,{ω‚Ή‚Έ,‚ ‚θ
ή“,Τγ‚Λ‚η‚Ά,—ϋ”n,’†‘Ί‹΄π”Τ,131202,“‹“s,—ϋ”n‹ζ,’†‘Ί–k‚R’–Ϊ,2019-07-04,13,“ΉHγ,{ω‚Ή‚Έ,‚Θ‚µ
ή“,Τγ‚Λ‚η‚Ά,—ϋ”n,’†‘Ί‹΄π”Τ,131202,“‹“s,—ϋ”n‹ζ,’†‘Ί–k‚S’–Ϊ,2019-08-02,07,“ΉHγ,{ω‚Ή‚Έ,‚ ‚θ
ή“,Τγ‚Λ‚η‚Ά,—ϋ”n,’†‘Ί‹΄π”Τ,131202,“‹“s,—ϋ”n‹ζ,’†‘Ί“μ‚Q’–Ϊ,2019-03-16,15,κΛZ‘ξ,{ω‚Ή‚Έ,‚ ‚θ
ή“,Τγ‚Λ‚η‚Ά,—ϋ”n,–L“‡‰€‘Oπ”Τ,131202,“‹“s,—ϋ”n‹ζ,—ϋ”n‚Q’–Ϊ,2019-11-14,13,’“Τi—Φjκ,{ω‚Ή‚Έ,‚ ‚θ
ή“,Τγ‚Λ‚η‚Ά,—ϋ”n,–L“‡‰€‘Oπ”Τ,131202,“‹“s,—ϋ”n‹ζ,—ϋ”n‚S’–Ϊ,2019-09-18,14,’“Τi—Φjκ,{ω‚Ή‚Έ,‚Θ‚µ
ή“,Τγ‚Λ‚η‚Ά,—ϋ”n,—ϋ”n‰w‘Oπ”Τ,131202,“‹“s,—ϋ”n‹ζ,–L‹Κ–k‚T’–Ϊ,2019-06-22,23,“ΉHγ,{ω‚Ή‚Έ,‚ ‚θ
ή“,Τγ‚Λ‚η‚Ά,—ϋ”n,—ϋ”n‰w‘Oπ”Τ,131202,“‹“s,—ϋ”n‹ζ,–L‹Κ–k‚U’–Ϊ,2019-01-29,19,“ΉHγ,{ω‚Ή‚Έ,‚Θ‚µ
ή“,Τγ‚Λ‚η‚Ά,—ϋ”n,—ϋ”n‰w‘Oπ”Τ,131202,“‹“s,—ϋ”n‹ζ,—ϋ”n‚P’–Ϊ,2019-01-06,17,‚»‚Μ‘Ό,{ω‚Ή‚Έ,‚ ‚θ
ή“,Τγ‚Λ‚η‚Ά,—ϋ”n,—ϋ”n‰w‘Oπ”Τ,131202,“‹“s,—ϋ”n‹ζ,—ϋ”n‚P’–Ϊ,2019-03-02,20,’“Τi—Φjκ,{ω‚Ή‚Έ,‚Θ‚µ
ή“,Τγ‚Λ‚η‚Ά,—ϋ”n,—ϋ”n‰w‘Oπ”Τ,131202,“‹“s,—ϋ”n‹ζ,—ϋ”n‚P’–Ϊ,2019-06-05,14,’“Τi—Φjκ,{ω‚Ή‚Έ,‚Θ‚µ
ή“,Τγ‚Λ‚η‚Ά,—ϋ”n,—ϋ”n‰w‘Oπ”Τ,131202,“‹“s,—ϋ”n‹ζ,—ϋ”n‚P’–Ϊ,2019-10-13,15,“ΉHγ,{ω‚Ή‚Έ,‚Θ‚µ
ή“,Τγ‚Λ‚η‚Ά,—ϋ”n,–L‹Κπ”Τ,131202,“‹“s,—ϋ”n‹ζ,–L‹Κ–k‚R’–Ϊ,2019-09-02,02,’“Τi—Φjκ,{ω‚Ή‚Έ,‚Θ‚µ
ή“,Τγ‚Λ‚η‚Ά,—ϋ”n,–L‹Κπ”Τ,131202,“‹“s,—ϋ”n‹ζ,—ϋ”n‚S’–Ϊ,2019-02-14,21,“ΉHγ,{ω‚Ή‚Έ,‚Θ‚µ
ή“,Τγ‚Λ‚η‚Ά,—ϋ”n,]Γ“c‰w‘Oπ”Τ,131202,“‹“s,—ϋ”n‹ζ,®‹u‚P’–Ϊ,2019-01-10,13,“ΉHγ,{ω‚Ή‚Έ,‚Θ‚µ
ή“,Τγ‚Λ‚η‚Ά,—ϋ”n,]Γ“c‰w‘Oπ”Τ,131202,“‹“s,—ϋ”n‹ζ,®‹u‚P’–Ϊ,2019-03-09,21,“ΉHγ,{ω‚Ή‚Έ,‚ ‚θ
ή“,Τγ‚Λ‚η‚Ά,—ϋ”n,]Γ“c‰w‘Oπ”Τ,131202,“‹“s,—ϋ”n‹ζ,®‹u‚P’–Ϊ,2019-04-03,17,’“Τi—Φjκ,{ω‚Ή‚Έ,‚Θ‚µ
ή“,Τγ‚Λ‚η‚Ά,—ϋ”n,]Γ“c‰w‘Oπ”Τ,131202,“‹“s,—ϋ”n‹ζ,–L‹Κγ‚P’–Ϊ,2019-08-29,14,‚»‚Μ‘Ό‚ΜZ‘ξi‚RK‚ΔΘ‰Ί‹¤“―Z‘ξ“™j,{ω‚Ή‚Έ,‚ ‚θ
ή“,Τγ‚Λ‚η‚Ά,—ϋ”n,¬’|’¬π”Τ,131202,“‹“s,—ϋ”n‹ζ,¬’|’¬‚Q’–Ϊ,2019-04-20,17,‚»‚Μ‘Ό‚ΜZ‘ξi‚RK‚ΔΘ‰Ί‹¤“―Z‘ξ“™j,{ω‚Ή‚Έ,‚Θ‚µ
ή“,Τγ‚Λ‚η‚Ά,—ϋ”n,t“ϊ’¬π”Τ,131202,“‹“s,—ϋ”n‹ζ,t“ϊ’¬‚R’–Ϊ,2019-09-12,20,“ΉHγ,{ω‚Ή‚Έ,‚Θ‚µ
ή“,Τγ‚Λ‚η‚Ά,—ϋ”n,t“ϊ’¬π”Τ,131202,“‹“s,—ϋ”n‹ζ,t“ϊ’¬‚R’–Ϊ,2019-10-26,22,’“Τi—Φjκ,{ω‚Ή‚Έ,‚Θ‚µ
ή“,Τγ‚Λ‚η‚Ά,—ϋ”n,t“ϊ’¬π”Τ,131202,“‹“s,—ϋ”n‹ζ,t“ϊ’¬‚T’–Ϊ,2019-06-20,09,“ΉHγ,{ω‚Ή‚Έ,‚ ‚θ
ή“,Τγ‚Λ‚η‚Ά,—ϋ”n,‘‹{π”Τ,131202,“‹“s,—ϋ”n‹ζ,‘‹{‚Q’–Ϊ,2019-07-31,08,“ΉHγ,{ω‚Ή‚Έ,‚ ‚θ
ή“,Τγ‚Λ‚η‚Ά,—ϋ”n,•Xμ_Π‘Oπ”Τ,131202,“‹“s,—ϋ”n‹ζ,–L‹Κ’†‚R’–Ϊ,2019-02-15,09,’“Τi—Φjκ,{ω‚Ή‚Έ,‚Θ‚µ
ή“,Τγ‚Λ‚η‚Ά,—ϋ”n,•Xμ_Π‘Oπ”Τ,131202,“‹“s,—ϋ”n‹ζ,–L‹Κ’†‚S’–Ϊ,2019-11-19,22,’“Τi—Φjκ,{ω‚Ή‚Έ,‚Θ‚µ
ή“,Τγ‚Λ‚η‚Ά,—ϋ”n,•Xμ_Π‘Oπ”Τ,131202,“‹“s,—ϋ”n‹ζ,–L‹Κ“μ‚P’–Ϊ,2019-09-24,07,‚SK‚ΔΘγ‹¤“―Z‘ξ,{ω‚Ή‚Έ,‚ ‚θ
ή“,Τγ‚Λ‚η‚Ά,—ϋ”n,•xm©‘δ‰w‘Oπ”Τ,131202,“‹“s,—ϋ”n‹ζ,Ρδ‚P’–Ϊ,2019-01-08,23,“ΉHγ,{ω‚Ή‚Έ,‚Θ‚µ
ή“,Τγ‚Λ‚η‚Ά,—ϋ”n,•xm©‘δ‰w‘Oπ”Τ,131202,“‹“s,—ϋ”n‹ζ,Ρδ‚P’–Ϊ,2019-07-29,18,’“Τi—Φjκ,{ω‚Ή‚Έ,‚Θ‚µ
ή“,Τγ‚Λ‚η‚Ά,—ϋ”n,•xm©‘δ‰w‘Oπ”Τ,131202,“‹“s,—ϋ”n‹ζ,Ρδ‚P’–Ϊ,2019-08-17,09,‚SK‚ΔΘγ‹¤“―Z‘ξ,{ω‚Ή‚Έ,‚Θ‚µ
ή“,Τγ‚Λ‚η‚Ά,Ξ_δ,Ξ_δφ‰€‰w‘Oπ”Τ,131202,“‹“s,—ϋ”n‹ζ,Ξ_δ‘δ‚P’–Ϊ,2019-02-24,14,’“Τi—Φjκ,{ω‚Ή‚Έ,‚Θ‚µ
ή“,Τγ‚Λ‚η‚Ά,Ξ_δ,Ξ_δφ‰€‰w‘Oπ”Τ,131202,“‹“s,—ϋ”n‹ζ,Ξ_δ’¬‚Q’–Ϊ,2019-03-10,16,’“Τi—Φjκ,{ω‚Ή‚Έ,‚Θ‚µ
ή“,Τγ‚Λ‚η‚Ά,Ξ_δ,Ξ_δφ‰€‰w‘Oπ”Τ,131202,“‹“s,—ϋ”n‹ζ,Ξ_δ’¬‚Q’–Ϊ,2019-09-16,19,’“Τi—Φjκ,{ω‚Ή‚Έ,‚Θ‚µ
ή“,Τγ‚Λ‚η‚Ά,Ξ_δ,Ξ_δφ‰€‰w‘Oπ”Τ,131202,“‹“s,—ϋ”n‹ζ,Ξ_δ’¬‚R’–Ϊ,2019-06-29,12,’“Τi—Φjκ,{ω‚Ή‚Έ,‚ ‚θ
ή“,Τγ‚Λ‚η‚Ά,Ξ_δ,‘εςw‰€‰w‘Oπ”Τ,131202,“‹“s,—ϋ”n‹ζ,“‘ες‚P’–Ϊ,2019-09-30,08,‚SK‚ΔΘγ‹¤“―Z‘ξ,{ω‚Ή‚Έ,‚Θ‚µ
ή“,Τγ‚Λ‚η‚Ά,Ξ_δ,‘εςw‰€‰w‘Oπ”Τ,131202,“‹“s,—ϋ”n‹ζ,“‘ες‚R’–Ϊ,2019-05-23,07,‚»‚Μ‘Ό,{ω‚Ή‚Έ,‚ ‚θ
ή“,Τγ‚Λ‚η‚Ά,Ξ_δ,‘εςw‰€‰w‘Oπ”Τ,131202,“‹“s,—ϋ”n‹ζ,“‘ες‚R’–Ϊ,2019-07-09,18,“ΉHγ,{ω‚Ή‚Έ,‚Θ‚µ
ή“,Τγ‚Λ‚η‚Ά,Ξ_δ,‘εςw‰€‰w‘Oπ”Τ,131202,“‹“s,—ϋ”n‹ζ,“‘ες‚U’–Ϊ,2019-03-13,19,’“Τi—Φjκ,{ω‚Ή‚Έ,‚ ‚θ
ή“,Τγ‚Λ‚η‚Ά,Ξ_δ,‘εςw‰€‰w‘Oπ”Τ,131202,“‹“s,—ϋ”n‹ζ,“‘ες‚U’–Ϊ,2019-12-02,11,‚SK‚ΔΘγ‹¤“―Z‘ξ,{ω‚Ή‚Έ,‚Θ‚µ
ή“,Τγ‚Λ‚η‚Ά,Ξ_δ,•‘ Φ‰w‘Oπ”Τ,131202,“‹“s,—ϋ”n‹ζ,Φ’¬–k‚Q’–Ϊ,2019-05-15,09,“ΉHγ,{ω‚Ή‚Έ,‚ ‚θ
ή“,Τγ‚Λ‚η‚Ά,Ξ_δ,•‘ Φ‰w‘Oπ”Τ,131202,“‹“s,—ϋ”n‹ζ,Φ’¬–k‚Q’–Ϊ,2019-05-18,11,“ΉHγ,{ω‚Ή‚Έ,‚Θ‚µ
ή“,Τγ‚Λ‚η‚Ά,Ξ_δ,•‘ Φ‰w‘Oπ”Τ,131202,“‹“s,—ϋ”n‹ζ,Φ’¬–k‚Q’–Ϊ,2019-08-08,19,“ΉHγ,{ω‚Ή‚Έ,‚ ‚θ
ή“,Τγ‚Λ‚η‚Ά,Ξ_δ,•‘ Φ‰w‘Oπ”Τ,131202,“‹“s,—ϋ”n‹ζ,Φ’¬–k‚Q’–Ϊ,2019-10-05,08,κΛZ‘ξ,{ω‚Ή‚Έ,‚Θ‚µ
ή“,Τγ‚Λ‚η‚Ά,Ξ_δ,•‘ Φ‰w‘Oπ”Τ,131202,“‹“s,—ϋ”n‹ζ,Φ’¬–k‚S’–Ϊ,2019-05-15,11,’“Τi—Φjκ,{ω‚Ή‚Έ,‚ ‚θ
ή“,Τγ‚Λ‚η‚Ά,Ξ_δ,•‘ Φ‰w‘Oπ”Τ,131202,“‹“s,—ϋ”n‹ζ,Φ’¬–k‚S’–Ϊ,2019-06-14,10,“ΉHγ,{ω‚Ή‚Έ,‚ ‚θ
ή“,Τγ‚Λ‚η‚Ά,Ξ_δ,γΞ_δ‰w‘Oπ”Τ,131202,“‹“s,—ϋ”n‹ζ,γΞ_δ‚P’–Ϊ,2019-01-31,13,‚SK‚ΔΘγ‹¤“―Z‘ξ,{ω‚Ή‚Έ,‚ ‚θ
ή“,Τγ‚Λ‚η‚Ά,Ξ_δ,γΞ_δ‰w‘Oπ”Τ,131202,“‹“s,—ϋ”n‹ζ,γΞ_δ‚P’–Ϊ,2019-07-25,16,’“Τi—Φjκ,{ω‚Ή‚Έ,‚Θ‚µ
ή“,Τγ‚Λ‚η‚Ά,Ξ_δ,γΞ_δ‰w‘Oπ”Τ,131202,“‹“s,—ϋ”n‹ζ,γΞ_δ‚P’–Ϊ,2019-09-04,10,‚SK‚ΔΘγ‹¤“―Z‘ξ,{ω‚Ή‚Έ,‚ ‚θ
ή“,Τγ‚Λ‚η‚Ά,Ξ_δ,γΞ_δ‰w‘Oπ”Τ,131202,“‹“s,—ϋ”n‹ζ,γΞ_δ‚Q’–Ϊ,2019-01-05,15,’“Τi—Φjκ,{ω‚Ή‚Έ,‚ ‚θ
ή“,Τγ‚Λ‚η‚Ά,Ξ_δ,‘εςw‰€π”Τ,131202,“‹“s,—ϋ”n‹ζ,‘εςw‰€’¬‚S’–Ϊ,2019-03-17,10,“ΉHγ,{ω‚Ή‚Έ,‚Θ‚µ
ή“,Τγ‚Λ‚η‚Ά,Ξ_δ,‘εςw‰€π”Τ,131202,“‹“s,—ϋ”n‹ζ,‘εςw‰€’¬‚S’–Ϊ,2019-06-06,22,“ΉHγ,{ω‚Ή‚Έ,‚Θ‚µ
ή“,Τγ‚Λ‚η‚Ά,Ξ_δ,‘εςw‰€π”Τ,131202,“‹“s,—ϋ”n‹ζ,‘εςw‰€’¬‚S’–Ϊ,2019-12-27,15,’“Τi—Φjκ,{ω‚Ή‚Έ,‚ ‚θ
ή“,Τγ‚Λ‚η‚Ά,Ξ_δ,‘εςw‰€π”Τ,131202,“‹“s,—ϋ”n‹ζ,‘εςw‰€’¬‚T’–Ϊ,2019-02-22,10,’“Τi—Φjκ,{ω‚Ή‚Έ,‚Θ‚µ
ή“,Τγ‚Λ‚η‚Ά,Ξ_δ,‘εςw‰€π”Τ,131202,“‹“s,—ϋ”n‹ζ,‘εςw‰€’¬‚T’–Ϊ,2019-12-13,16,’“Τi—Φjκ,{ω‚Ή‚Έ,‚ ‚θ
ή“,Τγ‚Λ‚η‚Ά,Ξ_δ,‘εςw‰€π”Τ,131202,“‹“s,—ϋ”n‹ζ,‘εςw‰€’¬‚V’–Ϊ,2019-08-09,08,’“Τi—Φjκ,{ω‚Ή‚Έ,‚ ‚θ
ή“,Τγ‚Λ‚η‚Ά,Ξ_δ,Φ’¬π”Τ,131202,“‹“s,—ϋ”n‹ζ,γΞ_δ‚P’–Ϊ,2019-09-02,15,’“Τi—Φjκ,{ω‚Ή‚Έ,‚Θ‚µ
ή“,Τγ‚Λ‚η‚Ά,Ξ_δ,Φ’¬π”Τ,131202,“‹“s,—ϋ”n‹ζ,Φ’¬–k‚P’–Ϊ,2019-06-14,11,“ΉHγ,{ω‚Ή‚Έ,‚ ‚θ
ή“,Τγ‚Λ‚η‚Ά,Ξ_δ,Φ’¬π”Τ,131202,“‹“s,—ϋ”n‹ζ,—§–μ’¬,2019-06-13,21,‚»‚Μ‘Ό,{ω‚Ή‚Έ,‚Θ‚µ
ή“,Τγ‚Λ‚η‚Ά,Ξ_δ,Φ’¬π”Τ,131202,“‹“s,—ϋ”n‹ζ,Φ’¬“μ‚Q’–Ϊ,2019-06-18,13,‚»‚Μ‘Ό‚ΜZ‘ξi‚RK‚ΔΘ‰Ί‹¤“―Z‘ξ“™j,{ω‚Ή‚Έ,‚ ‚θ
ή“,Τγ‚Λ‚η‚Ά,Ξ_δ,–k‘εςπ”Τ,131202,“‹“s,—ϋ”n‹ζ,‘ες’¬‚U’–Ϊ,2019-03-25,10,“ΉHγ,{ω‚Ή‚Έ,‚ ‚θ
ή“,Τγ‚Λ‚η‚Ά,Ξ_δ,–k‘εςπ”Τ,131202,“‹“s,—ϋ”n‹ζ,‘ες’¬‚U’–Ϊ,2019-08-28,21,’“Τi—Φjκ,{ω‚Ή‚Έ,‚Θ‚µ
ή“,Τγ‚Λ‚η‚Ά,Ξ_δ,Ό‘εςπ”Τ,131202,“‹“s,—ϋ”n‹ζ,Ό‘ες‚S’–Ϊ,2019-02-21,10,“ΉHγ,{ω‚Ή‚Έ,‚Θ‚µ
ή“,Τγ‚Λ‚η‚Ά,Ξ_δ,“μ‘εςπ”Τ,131202,“‹“s,—ϋ”n‹ζ,“μ‘ες‚S’–Ϊ,2019-04-12,10,’“Τi—Φjκ,{ω‚Ή‚Έ,‚Θ‚µ
ή“,Τγ‚Λ‚η‚Ά,Ξ_δ,•xmX“Ήπ”Τ,131202,“‹“s,—ϋ”n‹ζ,Ξ_δ‘δ‚W’–Ϊ,2019-05-27,17,‚SK‚ΔΘγ‹¤“―Z‘ξ,{ω‚Ή‚Έ,‚Θ‚µ
ή“,Τγ‚Λ‚η‚Ά,Ξ_δ,Ξ_δ“μ’“έ,131202,“‹“s,—ϋ”n‹ζ,‰ΊΞ_δ‚S’–Ϊ,2019-02-03,15,‚SK‚ΔΘγ‹¤“―Z‘ξ,{ω‚Ή‚Έ,‚Θ‚µ
ή“,Τγ‚Λ‚η‚Ά,Ξ_δ,Ξ_δ“μ’“έ,131202,“‹“s,—ϋ”n‹ζ,‰ΊΞ_δ‚S’–Ϊ,2019-08-13,18,’“Τi—Φjκ,{ω‚Ή‚Έ,‚Θ‚µ
ή“,Τγ‚Λ‚η‚Ά,‚“‡•½,‚“‡•½‰w‘Oπ”Τ,131199,“‹“s,”Β‹΄‹ζ,V‰Νέ‚R’–Ϊ,2019-04-24,10,‚SK‚ΔΘγ‹¤“―Z‘ξ,{ω‚Ή‚Έ,‚ ‚θ
ή“,Τγ‚Λ‚η‚Ά,‚“‡•½,‚“‡•½‰w‘Oπ”Τ,131199,“‹“s,”Β‹΄‹ζ,‚“‡•½‚Q’–Ϊ,2019-01-09,05,’“Τi—Φjκ,{ω‚Ή‚Έ,‚Θ‚µ
ή“,Τγ‚Λ‚η‚Ά,‚“‡•½,‚“‡•½‰w‘Oπ”Τ,131199,“‹“s,”Β‹΄‹ζ,‚“‡•½‚Q’–Ϊ,2019-02-12,13,“ΉHγ,{ω‚Ή‚Έ,‚Θ‚µ
ή“,Τγ‚Λ‚η‚Ά,‚“‡•½,‚“‡•½‰w‘Oπ”Τ,131199,“‹“s,”Β‹΄‹ζ,‚“‡•½‚Q’–Ϊ,2019-05-10,14,“ΉHγ,{ω‚Ή‚Έ,‚Θ‚µ
ή“,Τγ‚Λ‚η‚Ά,‚“‡•½,‚“‡•½‰w‘Oπ”Τ,131199,“‹“s,”Β‹΄‹ζ,‚“‡•½‚Q’–Ϊ,2019-06-20,13,‚SK‚ΔΘγ‹¤“―Z‘ξ,{ω‚Ή‚Έ,‚Θ‚µ
ή“,Τγ‚Λ‚η‚Ά,‚“‡•½,‚“‡•½‰w‘Oπ”Τ,131199,“‹“s,”Β‹΄‹ζ,‚“‡•½‚Q’–Ϊ,2019-07-21,13,“ΉHγ,{ω‚Ή‚Έ,‚ ‚θ
ή“,Τγ‚Λ‚η‚Ά,‚“‡•½,‚“‡•½‰w‘Oπ”Τ,131199,“‹“s,”Β‹΄‹ζ,‚“‡•½‚Q’–Ϊ,2019-10-23,21,‚SK‚ΔΘγ‹¤“―Z‘ξ,{ω‚Ή‚Έ,‚Θ‚µ
ή“,Τγ‚Λ‚η‚Ά,‚“‡•½,‚“‡•½‰w‘Oπ”Τ,131199,“‹“s,”Β‹΄‹ζ,‚“‡•½‚Q’–Ϊ,2019-11-27,03,‚SK‚ΔΘγ‹¤“―Z‘ξ,{ω‚Ή‚Έ,‚Θ‚µ
ή“,Τγ‚Λ‚η‚Ά,‚“‡•½,‚“‡•½‰w‘Oπ”Τ,131199,“‹“s,”Β‹΄‹ζ,‚“‡•½‚Q’–Ϊ,2019-11-27,03,‚SK‚ΔΘγ‹¤“―Z‘ξ,{ω‚Ή‚Έ,‚Θ‚µ
ή“,Τγ‚Λ‚η‚Ά,‚“‡•½,‚“‡•½‰w‘Oπ”Τ,131199,“‹“s,”Β‹΄‹ζ,‚“‡•½‚R’–Ϊ,2019-06-01,21,‚»‚Μ‘Ό,{ω‚Ή‚Έ,‚ ‚θ
ή“,Τγ‚Λ‚η‚Ά,‚“‡•½,‚“‡•½‰w‘Oπ”Τ,131199,“‹“s,”Β‹΄‹ζ,‚“‡•½‚V’–Ϊ,2019-01-30,00,“ΉHγ,{ω‚Ή‚Έ,‚Θ‚µ
ή“,Τγ‚Λ‚η‚Ά,‚“‡•½,‚“‡•½‰w‘Oπ”Τ,131199,“‹“s,”Β‹΄‹ζ,‚“‡•½‚V’–Ϊ,2019-07-21,14,‚SK‚ΔΘγ‹¤“―Z‘ξ,{ω‚Ή‚Έ,‚ ‚θ
ή“,Τγ‚Λ‚η‚Ά,‚“‡•½,‚“‡•½‰w‘Oπ”Τ,131199,“‹“s,”Β‹΄‹ζ,‚“‡•½‚V’–Ϊ,2019-07-28,14,’“Τi—Φjκ,{ω‚Ή‚Έ,‚ ‚θ
ή“,Τγ‚Λ‚η‚Ά,‚“‡•½,‚“‡•½‰w‘Oπ”Τ,131199,“‹“s,”Β‹΄‹ζ,‚“‡•½‚W’–Ϊ,2019-09-07,14,’“Τi—Φjκ,{ω‚Ή‚Έ,‚ ‚θ
ή“,Τγ‚Λ‚η‚Ά,‚“‡•½,Ό‘δ‰w‘Oπ”Τ,131199,“‹“s,”Β‹΄‹ζ,‚“‡•½‚P’–Ϊ,2019-11-03,10,’“Τi—Φjκ,{ω‚Ή‚Έ,‚Θ‚µ
ή“,Τγ‚Λ‚η‚Ά,‚“‡•½,Ό‘δ‰w‘Oπ”Τ,131199,“‹“s,”Β‹΄‹ζ,‚“‡•½‚P’–Ϊ,2019-12-18,08,“ΉHγ,{ω‚Ή‚Έ,‚ ‚θ
ή“,Τγ‚Λ‚η‚Ά,‚“‡•½,Ό‘δ‰w‘Oπ”Τ,131199,“‹“s,”Β‹΄‹ζ,‚“‡•½‚X’–Ϊ,2019-01-18,21,‚SK‚ΔΘγ‹¤“―Z‘ξ,{ω‚Ή‚Έ,‚ ‚θ
ή“,Τγ‚Λ‚η‚Ά,‚“‡•½,V‰Νέπ”Τ,131199,“‹“s,”Β‹΄‹ζ,V‰Νέ‚P’–Ϊ,2019-04-22,09,‚»‚Μ‘Ό,{ω‚Ή‚Έ,‚ ‚θ
ή“,Τγ‚Λ‚η‚Ά,‚“‡•½,V‰Νέπ”Τ,131199,“‹“s,”Β‹΄‹ζ,V‰Νέ‚Q’–Ϊ,2019-04-22,08,‚»‚Μ‘Ό,{ω‚Ή‚Έ,‚Θ‚µ
ή“,Τγ‚Λ‚η‚Ά,‚“‡•½,V‰Νέπ”Τ,131199,“‹“s,”Β‹΄‹ζ,V‰Νέ‚Q’–Ϊ,2019-09-20,13,’“Τi—Φjκ,{ω‚Ή‚Έ,‚Θ‚µ
ή“,Τγ‚Λ‚η‚Ά,‚“‡•½,V‰Νέπ”Τ,131199,“‹“s,”Β‹΄‹ζ,V‰Νέ‚Q’–Ϊ,2019-10-16,08,“ΉHγ,{ω‚Ή‚Έ,‚ ‚θ
ή“,Τγ‚Λ‚η‚Ά,‚“‡•½,V‰Νέπ”Τ,131199,“‹“s,”Β‹΄‹ζ,V‰Νέ‚R’–Ϊ,2019-03-04,17,‚»‚Μ‘Ό,{ω‚Ή‚Έ,‚Θ‚µ
ή“,Τγ‚Λ‚η‚Ά,‚“‡•½,ω–Ϊ‹΄π”Τ,131199,“‹“s,”Β‹΄‹ζ,O‰€‚P’–Ϊ,2019-02-25,18,’“Τi—Φjκ,{ω‚Ή‚Έ,‚ ‚θ
ή“,Τγ‚Λ‚η‚Ά,‚“‡•½,–k–μπ”Τ,131199,“‹“s,”Β‹΄‹ζ,“ΏΫ‚Q’–Ϊ,2019-03-27,19,’“Τi—Φjκ,{ω‚Ή‚Έ,‚Θ‚µ
ή“,Τγ‚Λ‚η‚Ά,‚“‡•½,–k–μπ”Τ,131199,“‹“s,”Β‹΄‹ζ,“ΏΫ‚Q’–Ϊ,2019-06-08,21,‚»‚Μ‘Ό,{ω‚Ή‚Έ,‚Θ‚µ
ή“,Τγ‚Λ‚η‚Ά,‚“‡•½,–k–μπ”Τ,131199,“‹“s,”Β‹΄‹ζ,“ΏΫ‚Q’–Ϊ,2019-09-02,09,“ΉHγ,{ω‚Ή‚Έ,‚ ‚θ
ή“,Τγ‚Λ‚η‚Ά,‚“‡•½,–k–μπ”Τ,131199,“‹“s,”Β‹΄‹ζ,“ΏΫ‚R’–Ϊ,2019-01-25,18,’“Τi—Φjκ,{ω‚Ή‚Έ,‚ ‚θ
ή“,Τγ‚Λ‚η‚Ά,‚“‡•½,–k–μπ”Τ,131199,“‹“s,”Β‹΄‹ζ,“ΏΫ‚U’–Ϊ,2019-02-22,00,’“Τi—Φjκ,{ω‚Ή‚Έ,‚Θ‚µ
ή“,Τγ‚Λ‚η‚Ά,‚“‡•½,‰ΊΤ’Λπ”Τ,131199,“‹“s,”Β‹΄‹ζ,Τ’Λ‚Q’–Ϊ,2019-09-19,10,“ΉHγ,{ω‚Ή‚Έ,‚ ‚θ
ή“,Τγ‚Λ‚η‚Ά,‚“‡•½,‰ΊΤ’Λπ”Τ,131199,“‹“s,”Β‹΄‹ζ,Τ’ΛV’¬‚Q’–Ϊ,2019-06-20,21,“ΉHγ,{ω‚Ή‚Έ,‚ ‚θ
ή“,Τγ‚Λ‚η‚Ά,‚“‡•½,‰ΊΤ’Λπ”Τ,131199,“‹“s,”Β‹΄‹ζ,Τ’ΛV’¬‚R’–Ϊ,2019-05-11,22,κΛZ‘ξ,{ω‚Ή‚Έ,‚Θ‚µ
ή“,Τγ‚Λ‚η‚Ά,‚“‡•½,Τ’Λπ”Τ,131199,“‹“s,”Β‹΄‹ζ,Τ’Λ‚R’–Ϊ,2019-01-25,20,‚»‚Μ‘Ό‚ΜZ‘ξi‚RK‚ΔΘ‰Ί‹¤“―Z‘ξ“™j,{ω‚Ή‚Έ,‚Θ‚µ
ή“,Τγ‚Λ‚η‚Ά,‚“‡•½,¬‘‰w‘Oπ”Τ,131199,“‹“s,”Β‹΄‹ζ,¬‘‚Q’–Ϊ,2019-01-21,11,“ΉHγ,{ω‚Ή‚Έ,‚ ‚θ
ή“,Τγ‚Λ‚η‚Ά,‚“‡•½,¬‘‰w‘Oπ”Τ,131199,“‹“s,”Β‹΄‹ζ,¬‘‚Q’–Ϊ,2019-10-19,19,’“Τi—Φjκ,{ω‚Ή‚Έ,‚Θ‚µ
ή“,Τγ‚Λ‚η‚Ά,‚“‡•½,¬‘‰w‘Oπ”Τ,131199,“‹“s,”Β‹΄‹ζ,¬‘‚Q’–Ϊ,2019-10-27,14,’“Τi—Φjκ,{ω‚Ή‚Έ,‚Θ‚µ
ή“,Τγ‚Λ‚η‚Ά,‚“‡•½,¬‘‰w‘Oπ”Τ,131199,“‹“s,”Β‹΄‹ζ,¬‘‚Q’–Ϊ,2019-12-16,10,‚SK‚ΔΘγ‹¤“―Z‘ξ,{ω‚Ή‚Έ,‚ ‚θ
ή“,Τγ‚Λ‚η‚Ά,‚“‡•½,¬‘‰w‘Oπ”Τ,131199,“‹“s,”Β‹΄‹ζ,¬‘‚R’–Ϊ,2019-07-14,16,’“Τi—Φjκ,{ω‚Ή‚Έ,‚Θ‚µ
ή“,Τγ‚Λ‚η‚Ά,‚“‡•½,Ό‰@‘Oπ”Τ,131199,“‹“s,”Β‹΄‹ζ,l—t‚P’–Ϊ,2019-10-13,19,’“Τi—Φjκ,{ω‚Ή‚Έ,‚ ‚θ
ή“,Τγ‚Λ‚η‚Ά,‚“‡•½,Ό‰@‘Oπ”Τ,131199,“‹“s,”Β‹΄‹ζ,l—t‚Q’–Ϊ,2019-11-21,15,’“Τi—Φjκ,{ω‚Ή‚Έ,‚ ‚θ
ή“,Τγ‚Λ‚η‚Ά,υ‚ª‹u,–k’¬π”Τ,131202,“‹“s,—ϋ”n‹ζ,–k’¬‚P’–Ϊ,2019-08-24,14,’“Τi—Φjκ,{ω‚Ή‚Έ,‚ ‚θ
ή“,Τγ‚Λ‚η‚Ά,υ‚ª‹u,–k’¬π”Τ,131202,“‹“s,—ϋ”n‹ζ,–k’¬‚Q’–Ϊ,2019-08-20,08,‚SK‚ΔΘγ‹¤“―Z‘ξ,{ω‚Ή‚Έ,‚ ‚θ
ή“,Τγ‚Λ‚η‚Ά,υ‚ª‹u,–k’¬π”Τ,131202,“‹“s,—ϋ”n‹ζ,–k’¬‚R’–Ϊ,2019-02-01,17,‚SK‚ΔΘγ‹¤“―Z‘ξ,{ω‚Ή‚Έ,‚ ‚θ
ή“,Τγ‚Λ‚η‚Ά,υ‚ª‹u,–k’¬π”Τ,131202,“‹“s,—ϋ”n‹ζ,–k’¬‚T’–Ϊ,2019-08-05,00,’“Τi—Φjκ,{ω‚Ή‚Έ,‚Θ‚µ
ή“,Τγ‚Λ‚η‚Ά,υ‚ª‹u,–k’¬π”Τ,131202,“‹“s,—ϋ”n‹ζ,–k’¬‚T’–Ϊ,2019-10-10,16,’“Τi—Φjκ,{ω‚Ή‚Έ,‚ ‚θ
ή“,Τγ‚Λ‚η‚Ά,υ‚ª‹u,–k’¬π”Τ,131202,“‹“s,—ϋ”n‹ζ,‹Ρ‚Q’–Ϊ,2019-06-14,18,’“Τi—Φjκ,{ω‚Ή‚Έ,‚Θ‚µ
ή“,Τγ‚Λ‚η‚Ά,υ‚ª‹u,“c•Ώπ”Τ,131202,“‹“s,—ϋ”n‹ζ,–k’¬‚V’–Ϊ,2019-08-24,22,’“Τi—Φjκ,{ω‚Ή‚Έ,‚Θ‚µ
ή“,Τγ‚Λ‚η‚Ά,υ‚ª‹u,“c•Ώπ”Τ,131202,“‹“s,—ϋ”n‹ζ,“c•Ώ‚P’–Ϊ,2019-03-18,22,‚»‚Μ‘Ό‚ΜZ‘ξi‚RK‚ΔΘ‰Ί‹¤“―Z‘ξ“™j,{ω‚Ή‚Έ,‚ ‚θ
ή“,Τγ‚Λ‚η‚Ά,υ‚ª‹u,“c•Ώπ”Τ,131202,“‹“s,—ϋ”n‹ζ,“c•Ώ‚R’–Ϊ,2019-05-22,20,’“Τi—Φjκ,{ω‚Ή‚Έ,‚Θ‚µ
ή“,Τγ‚Λ‚η‚Ά,υ‚ª‹u,“c•Ώπ”Τ,131202,“‹“s,—ϋ”n‹ζ,“c•Ώ‚S’–Ϊ,2019-09-06,16,’“Τi—Φjκ,{ω‚Ή‚Έ,‚Θ‚µ
ή“,Τγ‚Λ‚η‚Ά,υ‚ª‹u,“c•Ώπ”Τ,131202,“‹“s,—ϋ”n‹ζ,υ‚ª‹u‚S’–Ϊ,2019-04-28,15,‚»‚Μ‘Ό,{ω‚Ή‚Έ,‚Θ‚µ
ή“,Τγ‚Λ‚η‚Ά,υ‚ª‹u,“c•Ώπ”Τ,131202,“‹“s,—ϋ”n‹ζ,υ‚ª‹u‚S’–Ϊ,2019-08-01,00,‚»‚Μ‘Ό,{ω‚Ή‚Έ,‚ ‚θ
ή“,Τγ‚Λ‚η‚Ά,υ‚ª‹u,υ‚ª‹uO’–Ϊπ”Τ,131202,“‹“s,—ϋ”n‹ζ,υ‚ª‹u‚Q’–Ϊ,2019-07-05,08,‚SK‚ΔΘγ‹¤“―Z‘ξ,{ω‚Ή‚Έ,‚Θ‚µ
ή“,Τγ‚Λ‚η‚Ά,υ‚ª‹u,—ϋ”n‚–μ‘δ‰w‘Oπ”Τ,131202,“‹“s,—ϋ”n‹ζ,‚–μ‘δ‚P’–Ϊ,2019-03-25,22,“ΉHγ,{ω‚Ή‚Έ,‚ ‚θ
ή“,Τγ‚Λ‚η‚Ά,υ‚ª‹u,—ϋ”n‚–μ‘δ‰w‘Oπ”Τ,131202,“‹“s,—ϋ”n‹ζ,‚–μ‘δ‚P’–Ϊ,2019-05-15,00,‚SK‚ΔΘγ‹¤“―Z‘ξ,{ω‚Ή‚Έ,‚ ‚θ
ή“,Τγ‚Λ‚η‚Ά,υ‚ª‹u,—ϋ”n‚–μ‘δ‰w‘Oπ”Τ,131202,“‹“s,—ϋ”n‹ζ,•xm©‘δ‚Q’–Ϊ,2018-12-30,23,’“Τi—Φjκ,{ω‚Ή‚Έ,‚ ‚θ
ή“,Τγ‚Λ‚η‚Ά,υ‚ª‹u,—ϋ”n‚–μ‘δ‰w‘Oπ”Τ,131202,“‹“s,—ϋ”n‹ζ,•xm©‘δ‚R’–Ϊ,2019-07-17,09,’“Τi—Φjκ,{ω‚Ή‚Έ,‚Θ‚µ
ή“,Τγ‚Λ‚η‚Ά,υ‚ª‹u,—ϋ”n‚–μ‘δ‰w‘Oπ”Τ,131202,“‹“s,—ϋ”n‹ζ,“μ“c’†‚Q’–Ϊ,2019-07-08,09,“ΉHγ,{ω‚Ή‚Έ,‚ ‚θ
ή“,Τγ‚Λ‚η‚Ά,υ‚ª‹u,’J΄π”Τ,131202,“‹“s,—ϋ”n‹ζ,’J΄‚P’–Ϊ,2019-03-03,01,’“Τi—Φjκ,{ω‚Ή‚Έ,‚Θ‚µ
ή“,Τγ‚Λ‚η‚Ά,υ‚ª‹u,“yx“cπ”Τ,131202,“‹“s,—ϋ”n‹ζ,®’¬‚P’–Ϊ,2019-08-24,11,’“Τi—Φjκ,{ω‚Ή‚Έ,‚ ‚θ
ή“,Τγ‚Λ‚η‚Ά,υ‚ª‹u,“yx“cπ”Τ,131202,“‹“s,—ϋ”n‹ζ,“yx“c‚Q’–Ϊ,2019-02-16,15,’“Τi—Φjκ,{ω‚Ή‚Έ,‚Θ‚µ
ή“,Τγ‚Λ‚η‚Ά,υ‚ª‹u,O΄‘δπ”Τ,131202,“‹“s,—ϋ”n‹ζ,“yx“c‚R’–Ϊ,2019-11-19,21,‚SK‚ΔΘγ‹¤“―Z‘ξ,{ω‚Ή‚Έ,‚Θ‚µ
ή“,Τγ‚Λ‚η‚Ά,υ‚ª‹u,O΄‘δπ”Τ,131202,“‹“s,—ϋ”n‹ζ,’J΄‚R’–Ϊ,2019-11-19,19,’“Τi—Φjκ,{ω‚Ή‚Έ,‚Θ‚µ
ή“,Τγ‚Λ‚η‚Ά,υ‚ª‹u,‚Ό’“έ,131202,“‹“s,—ϋ”n‹ζ,‚Ό‚P’–Ϊ,2019-12-20,11,‚SK‚ΔΘγ‹¤“―Z‘ξ,{ω‚Ή‚Έ,‚ ‚θ
ή“,Τγ‚Λ‚η‚Ά,γ–μ,ξ‰Χ’¬π”Τ,131067,“‹“s,‘δ“‹ζ,“γ–μ‚S’–Ϊ,2019-08-19,13,“ΉHγ,{ω‚Ή‚Έ,‚ ‚θ
ή“,Τγ‚Λ‚η‚Ά,γ–μ,ξ‰Χ’¬π”Τ,131067,“‹“s,‘δ“‹ζ,“γ–μ‚T’–Ϊ,2019-05-24,13,“ΉHγ,{ω‚Ή‚Έ,‚Θ‚µ
ή“,Τγ‚Λ‚η‚Ά,γ–μ,‘δ“π”Τ,131067,“‹“s,‘δ“‹ζ,‘δ“‚P’–Ϊ,2019-09-05,15,“ΉHγ,{ω‚Ή‚Έ,‚ ‚θ
ή“,Τγ‚Λ‚η‚Ά,γ–μ,•–επ”Τ,131067,“‹“s,‘δ“‹ζ,γ–μ‚P’–Ϊ,2019-11-05,10,’“Τi—Φjκ,{ω‚Ή‚Έ,‚Θ‚µ
ή“,Τγ‚Λ‚η‚Ά,γ–μ,•–επ”Τ,131067,“‹“s,‘δ“‹ζ,γ–μ‚R’–Ϊ,2019-09-05,00,“ΉHγ,{ω‚Ή‚Έ,‚ ‚θ
ή“,Τγ‚Λ‚η‚Ά,γ–μ,δ“k’¬π”Τ,131067,“‹“s,‘δ“‹ζ,γ–μ‚U’–Ϊ,2019-09-24,11,“ΉHγ,{ω‚Ή‚Έ,‚ ‚θ
ή“,Τγ‚Λ‚η‚Ά,γ–μ,δ“k’¬π”Τ,131067,“‹“s,‘δ“‹ζ,“γ–μ‚Q’–Ϊ,2019-03-19,12,“ΉHγ,{ω‚Ή‚Έ,‚Θ‚µ
ή“,Τγ‚Λ‚η‚Ά,γ–μ,φ‰€‘Oπ”Τ,131067,“‹“s,‘δ“‹ζ,γ–μ‚Q’–Ϊ,2019-08-04,07,“ΉHγ,{ω‚Ή‚Έ,‚ ‚θ
ή“,Τγ‚Λ‚η‚Ά,γ–μ,φ‰€‘Oπ”Τ,131067,“‹“s,‘δ“‹ζ,γ–μ‚S’–Ϊ,2019-11-14,10,“ΉHγ,{ω‚Ή‚Έ,‚Θ‚µ
ή“,Τγ‚Λ‚η‚Ά,γ–μ,φ‰€‘Oπ”Τ,131067,“‹“s,‘δ“‹ζ,γ–μ‚U’–Ϊ,2019-03-25,20,’“Τi—Φjκ,{ω‚Ή‚Έ,‚Θ‚µ
ή“,Τγ‚Λ‚η‚Ά,γ–μ,φ‰€‘Oπ”Τ,131067,“‹“s,‘δ“‹ζ,γ–μ‚U’–Ϊ,2019-08-10,01,“ΉHγ,{ω‚Ή‚Έ,‚ ‚θ
ή“,Τγ‚Λ‚η‚Ά,γ–μ,φ‰€‘Oπ”Τ,131067,“‹“s,‘δ“‹ζ,γ–μ‚U’–Ϊ,2019-10-10,10,“ΉHγ,{ω‚Ή‚Έ,‚ ‚θ
ή“,Τγ‚Λ‚η‚Ά,γ–μ,φ‰€‘Oπ”Τ,131067,“‹“s,‘δ“‹ζ,γ–μφ‰€,2019-03-14,09,“ΉHγ,{ω‚Ή‚Έ,‚Θ‚µ
ή“,Τγ‚Λ‚η‚Ά,γ–μ,’r”V’[π”Τ,131067,“‹“s,‘δ“‹ζ,’r”V’[‚Q’–Ϊ,2019-03-06,10,‚»‚Μ‘Ό,{ω‚Ή‚Έ,‚Θ‚µ
ή“,Τγ‚Λ‚η‚Ά,γ–μ,’r”V’[π”Τ,131067,“‹“s,‘δ“‹ζ,’r”V’[‚Q’–Ϊ,2019-03-20,07,“ΉHγ,{ω‚Ή‚Έ,‚ ‚θ
ή“,Τγ‚Λ‚η‚Ά,γ–μ,’r”V’[π”Τ,131067,“‹“s,‘δ“‹ζ,’r”V’[‚Q’–Ϊ,2019-10-21,10,’“Τi—Φjκ,{ω‚Ή‚Έ,‚Θ‚µ
ή“,Τγ‚Λ‚η‚Ά,γ–μ,’r”V’[π”Τ,131067,“‹“s,‘δ“‹ζ,γ–μφ‰€,2019-10-08,12,‚»‚Μ‘Ό,{ω‚Ή‚Έ,‚ ‚θ
ή“,Τγ‚Λ‚η‚Ά,‰Ί’J,,,,,,2019-06-29,14,“ΉHγ,{ω‚Ή‚Έ,‚Θ‚µ
ή“,Τγ‚Λ‚η‚Ά,‰Ί’J,Oƒm—Φπ”Τ,131067,“‹“s,‘δ“‹ζ,ªέ‚T’–Ϊ,2019-06-11,08,“ΉHγ,{ω‚Ή‚Έ,‚ ‚θ
ή“,Τγ‚Λ‚η‚Ά,‰Ί’J,Oƒm—Φπ”Τ,131067,“‹“s,‘δ“‹ζ,ªέ‚T’–Ϊ,2019-11-01,13,’“Τi—Φjκ,{ω‚Ή‚Έ,‚Θ‚µ
ή“,Τγ‚Λ‚η‚Ά,‰Ί’J,Oƒm—Φπ”Τ,131067,“‹“s,‘δ“‹ζ,Oƒm—Φ‚P’–Ϊ,2019-03-31,13,“ΉHγ,{ω‚Ή‚Έ,‚ ‚θ
ή“,Τγ‚Λ‚η‚Ά,‰Ί’J,“ό’J“π”Τ,131067,“‹“s,‘δ“‹ζ,“ό’J‚P’–Ϊ,2019-10-10,04,“ΉHγ,{ω‚Ή‚Έ,‚Θ‚µ
ή“,Τγ‚Λ‚η‚Ά,‰Ί’J,“ό’J“π”Τ,131067,“‹“s,‘δ“‹ζ,“ό’J‚Q’–Ϊ,2019-05-17,08,’“Τi—Φjκ,{ω‚Ή‚Έ,‚ ‚θ
ή“,Τγ‚Λ‚η‚Ά,‰Ί’J,“ό’J“π”Τ,131067,“‹“s,‘δ“‹ζ,Ό‚ª’J‚R’–Ϊ,2019-11-13,18,‚»‚Μ‘Ό,{ω‚Ή‚Έ,‚ ‚θ
ή“,Τγ‚Λ‚η‚Ά,‰Ί’J,“ό’J“π”Τ,131067,“‹“s,‘δ“‹ζ,—³ς‚P’–Ϊ,2019-04-01,11,“ΉHγ,{ω‚Ή‚Έ,‚Θ‚µ
ή“,Τγ‚Λ‚η‚Ά,‰Ί’J,“ό’JΌπ”Τ,131067,“‹“s,‘δ“‹ζ,“ό’J‚P’–Ϊ,2018-06-11,00,“ΉHγ,{ω‚Ή‚Έ,‚ ‚θ
ή“,Τγ‚Λ‚η‚Ά,‰Ί’J,“ό’JΌπ”Τ,131067,“‹“s,‘δ“‹ζ,“ό’J‚P’–Ϊ,2019-10-03,18,“ΉHγ,{ω‚Ή‚Έ,‚ ‚θ
ή“,Τγ‚Λ‚η‚Ά,‰Ί’J,“ό’JΌπ”Τ,131067,“‹“s,‘δ“‹ζ,–kγ–μ‚Q’–Ϊ,2019-07-12,20,‚SK‚ΔΘγ‹¤“―Z‘ξ,{ω‚Ή‚Έ,‚ ‚θ
ή“,Τγ‚Λ‚η‚Ά,‰Ί’J,“ό’JΌπ”Τ,131067,“‹“s,‘δ“‹ζ,–kγ–μ‚Q’–Ϊ,2019-11-15,20,‚SK‚ΔΘγ‹¤“―Z‘ξ,{ω‚Ή‚Έ,‚ ‚θ
ή“,Τγ‚Λ‚η‚Ά,‰Ί’J,ις’J‰w‘Oπ”Τ,131067,“‹“s,‘δ“‹ζ,ªέ‚P’–Ϊ,2019-05-06,00,“ΉHγ,{ω‚Ή‚Έ,‚ ‚θ
ή“,Τγ‚Λ‚η‚Ά,‰Ί’J,ις’J‰w‘Oπ”Τ,131067,“‹“s,‘δ“‹ζ,ªέ‚R’–Ϊ,2019-10-23,13,‚»‚Μ‘Ό,{ω‚Ή‚Έ,‚ ‚θ
ή“,Τγ‚Λ‚η‚Ά,‰Ί’J,ις’J‰w‘Oπ”Τ,131067,“‹“s,‘δ“‹ζ,ªέ‚S’–Ϊ,2019-04-28,22,“ΉHγ,{ω‚Ή‚Έ,‚ ‚θ
ή“,Τγ‚Λ‚η‚Ά,‰Ί’J,‰‰Ήπ”Τ,131067,“‹“s,‘δ“‹ζ,’J’†‚R’–Ϊ,2019-01-11,17,“ΉHγ,{ω‚Ή‚Έ,‚ ‚θ
ή“,Τγ‚Λ‚η‚Ά,‰Ί’J,’J’†π”Τ,131067,“‹“s,‘δ“‹ζ,’J’†‚P’–Ϊ,2019-03-23,08,‚»‚Μ‘Ό,{ω‚Ή‚Έ,‚Θ‚µ
ή“,Τγ‚Λ‚η‚Ά,σ‘,“ϊ–{’ηπ”Τ,131067,“‹“s,‘δ“‹ζ,΄μ‚P’–Ϊ,2019-06-05,08,“ΉHγ,{ω‚Ή‚Έ,‚Θ‚µ
ή“,Τγ‚Λ‚η‚Ά,σ‘,“ϊ–{’ηπ”Τ,131067,“‹“s,‘δ“‹ζ,“ϊ–{’η‚P’–Ϊ,2019-04-20,10,“ΉHγ,{ω‚Ή‚Έ,‚ ‚θ
ή“,Τγ‚Λ‚η‚Ά,σ‘,“ϊ–{’ηπ”Τ,131067,“‹“s,‘δ“‹ζ,“ϊ–{’η‚Q’–Ϊ,2019-05-26,15,“ΉHγ,{ω‚Ή‚Έ,‚Θ‚µ
ή“,Τγ‚Λ‚η‚Ά,σ‘,‹g΄π”Τ,131067,“‹“s,‘δ“‹ζ,η‘©‚S’–Ϊ,2019-02-08,20,“ΉHγ,{ω‚Ή‚Έ,‚ ‚θ
ή“,Τγ‚Λ‚η‚Ά,σ‘,‹g΄π”Τ,131067,“‹“s,‘δ“‹ζ,η‘©‚S’–Ϊ,2019-04-13,02,“ΉHγ,{ω‚Ή‚Έ,‚ ‚θ
ή“,Τγ‚Λ‚η‚Ά,σ‘,“σ‘π”Τ,131067,“‹“s,‘δ“‹ζ,σ‘‚T’–Ϊ,2019-01-31,16,“ΉHγ,{ω‚Ή‚Έ,‚Θ‚µ
ή“,Τγ‚Λ‚η‚Ά,σ‘,“σ‘π”Τ,131067,“‹“s,‘δ“‹ζ,σ‘‚T’–Ϊ,2019-05-19,15,“ΉHγ,{ω‚Ή‚Έ,‚Θ‚µ
ή“,Τγ‚Λ‚η‚Ά,σ‘,“σ‘π”Τ,131067,“‹“s,‘δ“‹ζ,σ‘‚T’–Ϊ,2019-11-17,05,“ΉHγ,{ω‚Ή‚Έ,‚ ‚θ
ή“,Τγ‚Λ‚η‚Ά,σ‘,“σ‘π”Τ,131067,“‹“s,‘δ“‹ζ,΅Λ‚Q’–Ϊ,2019-05-05,03,“ΉHγ,{ω‚Ή‚Έ,‚Θ‚µ
ή“,Τγ‚Λ‚η‚Ά,σ‘,“σ‘π”Τ,131067,“‹“s,‘δ“‹ζ,“σ‘‚P’–Ϊ,2019-01-13,17,“ΉHγ,{ω‚Ή‚Έ,‚ ‚θ
ή“,Τγ‚Λ‚η‚Ά,σ‘,“σ‘π”Τ,131067,“‹“s,‘δ“‹ζ,“σ‘‚Q’–Ϊ,2019-07-20,13,’“Τi—Φjκ,{ω‚Ή‚Έ,‚Θ‚µ
ή“,Τγ‚Λ‚η‚Ά,σ‘,Όσ‘O’–Ϊπ”Τ,131067,“‹“s,‘δ“‹ζ,η‘©‚Q’–Ϊ,2019-06-20,13,“ΉHγ,{ω‚Ή‚Έ,‚ ‚θ
ή“,Τγ‚Λ‚η‚Ά,σ‘,φ‰€Z‹ζπ”Τ,131067,“‹“s,‘δ“‹ζ,σ‘‚Q’–Ϊ,2019-02-17,06,“ΉHγ,{ω‚Ή‚Έ,‚ ‚θ
ή“,Τγ‚Λ‚η‚Ά,σ‘,φ‰€Z‹ζπ”Τ,131067,“‹“s,‘δ“‹ζ,σ‘‚S’–Ϊ,2019-04-07,22,“ΉHγ,{ω‚Ή‚Έ,‚Θ‚µ
ή“,Τγ‚Λ‚η‚Ά,σ‘,—‹–επ”Τ,131067,“‹“s,‘δ“‹ζ,σ‘‚P’–Ϊ,2019-02-08,16,“ΉHγ,{ω‚Ή‚Έ,‚ ‚θ
ή“,Τγ‚Λ‚η‚Ά,σ‘,—‹–επ”Τ,131067,“‹“s,‘δ“‹ζ,σ‘‚P’–Ϊ,2019-08-23,12,“ΉHγ,{ω‚Ή‚Έ,‚ ‚θ
ή“,Τγ‚Λ‚η‚Ά,σ‘,—‹–επ”Τ,131067,“‹“s,‘δ“‹ζ,—‹–ε‚P’–Ϊ,2019-01-05,23,“ΉHγ,{ω‚Ή‚Έ,‚ ‚θ
ή“,Τγ‚Λ‚η‚Ά,σ‘,—‹–επ”Τ,131067,“‹“s,‘δ“‹ζ,—‹–ε‚P’–Ϊ,2019-10-03,14,’“Τi—Φjκ,{ω‚Ή‚Έ,‚ ‚θ
ή“,Τγ‚Λ‚η‚Ά,σ‘,—‹–επ”Τ,131067,“‹“s,‘δ“‹ζ,—‹–ε‚Q’–Ϊ,2019-02-24,12,“ΉHγ,{ω‚Ή‚Έ,‚Θ‚µ
ή“,Τγ‚Λ‚η‚Ά,σ‘,Ή“V’¬π”Τ,131067,“‹“s,‘δ“‹ζ,σ‘‚S’–Ϊ,2019-06-27,07,“ΉHγ,{ω‚Ή‚Έ,‚Θ‚µ
ή“,Τγ‚Λ‚η‚Ά,σ‘,Ή“V’¬π”Τ,131067,“‹“s,‘δ“‹ζ,σ‘‚U’–Ϊ,2019-02-08,10,“ΉHγ,{ω‚Ή‚Έ,‚ ‚θ
ή“,Τγ‚Λ‚η‚Ά,‘ ‘O,‹e‰®‹΄π”Τ,131067,“‹“s,‘δ“‹ζ,“γ–μ‚U’–Ϊ,2019-04-21,07,“ΉHγ,{ω‚Ή‚Έ,‚Θ‚µ
ή“,Τγ‚Λ‚η‚Ά,‘ ‘O,‹e‰®‹΄π”Τ,131067,“‹“s,‘δ“‹ζ,Ό‚ª’J‚R’–Ϊ,2019-02-14,07,‚SK‚ΔΘγ‹¤“―Z‘ξ,{ω‚Ή‚Έ,‚ ‚θ
ή“,Τγ‚Λ‚η‚Ά,‘ ‘O,‹e‰®‹΄π”Τ,131067,“‹“s,‘δ“‹ζ,³σ‘‚S’–Ϊ,2019-11-11,00,“ΉHγ,{ω‚Ή‚Έ,‚ ‚θ
ή“,Τγ‚Λ‚η‚Ά,‘ ‘O,‘ ‘O“ρ’–Ϊπ”Τ,131067,“‹“s,‘δ“‹ζ,‘ ‘O‚R’–Ϊ,2019-07-05,17,“ΉHγ,{ω‚Ή‚Έ,‚ ‚θ
ή“,Τγ‚Λ‚η‚Ά,‘ ‘O,‘ ‘O“ρ’–Ϊπ”Τ,131067,“‹“s,‘δ“‹ζ,‹ξ`‚P’–Ϊ,2019-09-01,11,“ΉHγ,{ω‚Ή‚Έ,‚ ‚θ
ή“,Τγ‚Λ‚η‚Ά,‘ ‘O,{‰κ‹΄π”Τ,131067,“‹“s,‘δ“‹ζ,σ‘‹΄‚P’–Ϊ,2019-08-27,13,“ΉHγ,{ω‚Ή‚Έ,‚ ‚θ
ή“,Τγ‚Λ‚η‚Ά,‘ ‘O,{‰κ‹΄π”Τ,131067,“‹“s,‘δ“‹ζ,σ‘‹΄‚P’–Ϊ,2019-12-14,09,“ΉHγ,{ω‚Ή‚Έ,‚ ‚θ
ή“,Τγ‚Λ‚η‚Ά,‘ ‘O,{‰κ‹΄π”Τ,131067,“‹“s,‘δ“‹ζ,σ‘‹΄‚S’–Ϊ,2019-09-29,10,“ΉHγ,{ω‚Ή‚Έ,‚ ‚θ
ή“,Τγ‚Λ‚η‚Ά,”φ‹v,F–μ‘Oπ”Τ,131181,“‹“s,rμ‹ζ,Ό”φ‹v‚R’–Ϊ,2019-06-23,14,“ΉHγ,{ω‚Ή‚Έ,‚ ‚θ
ή“,Τγ‚Λ‚η‚Ά,”φ‹v,F–μ‘Oπ”Τ,131181,“‹“s,rμ‹ζ,“”φ‹v‚V’–Ϊ,2019-05-31,17,‚»‚Μ‘Ό,{ω‚Ή‚Έ,‚ ‚θ
ή“,Τγ‚Λ‚η‚Ά,”φ‹v,”φ’|‹΄π”Τ,131181,“‹“s,rμ‹ζ,’¬‰®‚T’–Ϊ,2019-09-25,12,“ΉHγ,{ω‚Ή‚Έ,‚Θ‚µ
ή“,Τγ‚Λ‚η‚Ά,”φ‹v,”φ’|‹΄π”Τ,131181,“‹“s,rμ‹ζ,’¬‰®‚U’–Ϊ,2019-05-06,13,‚»‚Μ‘Ό,{ω‚Ή‚Έ,‚ ‚θ
ή“,Τγ‚Λ‚η‚Ά,”φ‹v,Τ“yπ”Τ,131181,“‹“s,rμ‹ζ,“”φ‹v‚Q’–Ϊ,2019-03-27,11,“ΉHγ,{ω‚Ή‚Έ,‚ ‚θ
ή“,Τγ‚Λ‚η‚Ά,”φ‹v,Τ“yπ”Τ,131181,“‹“s,rμ‹ζ,“”φ‹v‚S’–Ϊ,2019-11-10,11,’“Τi—Φjκ,{ω‚Ή‚Έ,‚ ‚θ
ή“,Τγ‚Λ‚η‚Ά,”φ‹v,Τ“yπ”Τ,131181,“‹“s,rμ‹ζ,“”φ‹v‚T’–Ϊ,2019-10-22,21,κΛZ‘ξ,{ω‚Ή‚Έ,‚ ‚θ
ή“,Τγ‚Λ‚η‚Ά,”φ‹v,Τ“yπ”Τ,131181,“‹“s,rμ‹ζ,“”φ‹v‚T’–Ϊ,2019-11-18,17,‚SK‚ΔΘγ‹¤“―Z‘ξ,{ω‚Ή‚Έ,‚Θ‚µ
ή“,Τγ‚Λ‚η‚Ά,”φ‹v,Ό”φ‹vπ”Τ,131181,“‹“s,rμ‹ζ,Ό”φ‹v‚P’–Ϊ,2019-01-13,18,“ΉHγ,{ω‚Ή‚Έ,‚ ‚θ
ή“,Τγ‚Λ‚η‚Ά,”φ‹v,Ό”φ‹vπ”Τ,131181,“‹“s,rμ‹ζ,Ό”φ‹v‚P’–Ϊ,2019-10-10,13,κΛZ‘ξ,{ω‚Ή‚Έ,‚ ‚θ
ή“,Τγ‚Λ‚η‚Ά,”φ‹v,Ό”φ‹vπ”Τ,131181,“‹“s,rμ‹ζ,Ό”φ‹v‚S’–Ϊ,2019-01-18,21,“ΉHγ,{ω‚Ή‚Έ,‚Θ‚µ
ή“,Τγ‚Λ‚η‚Ά,”φ‹v,rμ—V‰€‘Oπ”Τ,131181,“‹“s,rμ‹ζ,Ό”φ‹v‚T’–Ϊ,2019-08-07,10,’“Τi—Φjκ,{ω‚Ή‚Έ,‚ ‚θ
ή“,Τγ‚Λ‚η‚Ά,“μηZ,“μηZκ’–Ϊπ”Τ,131181,“‹“s,rμ‹ζ,““ϊ•ι—Ά‚P’–Ϊ,2019-07-25,17,’“Τi—Φjκ,{ω‚Ή‚Έ,‚ ‚θ
ή“,Τγ‚Λ‚η‚Ά,“μηZ,“μηZκ’–Ϊπ”Τ,131181,“‹“s,rμ‹ζ,“μηZ‚P’–Ϊ,2019-07-31,10,“ΉHγ,{ω‚Ή‚Έ,‚ ‚θ
ή“,Τγ‚Λ‚η‚Ά,“μηZ,“μηZ”ª’–Ϊπ”Τ,131181,“‹“s,rμ‹ζ,“μηZ‚W’–Ϊ,2019-11-20,15,‚»‚Μ‘Ό,{ω‚Ή‚Έ,‚ ‚θ
ή“,Τγ‚Λ‚η‚Ά,“μηZ,“μηZO’–Ϊπ”Τ,131181,“‹“s,rμ‹ζ,“μηZ‚Q’–Ϊ,2019-01-01,03,κΛZ‘ξ,{ω‚Ή‚Έ,‚ ‚θ
ή“,Τγ‚Λ‚η‚Ά,“μηZ,“μηZO’–Ϊπ”Τ,131181,“‹“s,rμ‹ζ,“μηZ‚Q’–Ϊ,2019-02-13,07,’“Τi—Φjκ,{ω‚Ή‚Έ,‚ ‚θ
ή“,Τγ‚Λ‚η‚Ά,“μηZ,“μηZO’–Ϊπ”Τ,131181,“‹“s,rμ‹ζ,“μηZ‚R’–Ϊ,2019-05-14,13,’“Τi—Φjκ,{ω‚Ή‚Έ,‚ ‚θ
ή“,Τγ‚Λ‚η‚Ά,“μηZ,“μηZO’–Ϊπ”Τ,131181,“‹“s,rμ‹ζ,“μηZ‚R’–Ϊ,2019-05-18,11,‚»‚Μ‘Ό‚ΜZ‘ξi‚RK‚ΔΘ‰Ί‹¤“―Z‘ξ“™j,{ω‚Ή‚Έ,‚ ‚θ
ή“,Τγ‚Λ‚η‚Ά,“μηZ,“μηZO’–Ϊπ”Τ,131181,“‹“s,rμ‹ζ,“μηZ‚R’–Ϊ,2019-10-20,20,“ΉHγ,{ω‚Ή‚Έ,‚Θ‚µ
ή“,Τγ‚Λ‚η‚Ά,“μηZ,“μηZ‰w“ϋπ”Τ,131181,“‹“s,rμ‹ζ,“μηZ‚T’–Ϊ,2019-04-12,10,“ΉHγ,{ω‚Ή‚Έ,‚ ‚θ
ή“,Τγ‚Λ‚η‚Ά,“μηZ,“μηZ‰w“ϋπ”Τ,131181,“‹“s,rμ‹ζ,“μηZ‚T’–Ϊ,2019-05-22,16,“ΉHγ,{ω‚Ή‚Έ,‚ ‚θ
ή“,Τγ‚Λ‚η‚Ά,“μηZ,“μηZ‰w“ϋπ”Τ,131181,“‹“s,rμ‹ζ,“μηZ‚T’–Ϊ,2019-06-03,08,“ΉHγ,{ω‚Ή‚Έ,‚Θ‚µ
ή“,Τγ‚Λ‚η‚Ά,“μηZ,“μηZ‰w“ϋπ”Τ,131181,“‹“s,rμ‹ζ,“μηZ‚T’–Ϊ,2019-09-14,14,“ΉHγ,{ω‚Ή‚Έ,‚ ‚θ
ή“,Τγ‚Λ‚η‚Ά,rμ,O‰Ν“‡‰w‘Oπ”Τ,131181,“‹“s,rμ‹ζ,rμ‚P’–Ϊ,2019-01-19,16,“ΉHγ,{ω‚Ή‚Έ,‚ ‚θ
ή“,Τγ‚Λ‚η‚Ά,rμ,O‰Ν“‡‰w‘Oπ”Τ,131181,“‹“s,rμ‹ζ,Ό“ϊ•ι—Ά‚P’–Ϊ,2019-10-22,18,“ΉHγ,{ω‚Ή‚Έ,‚Θ‚µ
ή“,Τγ‚Λ‚η‚Ά,rμ,O‰Ν“‡‰w‘Oπ”Τ,131181,“‹“s,rμ‹ζ,Ό“ϊ•ι—Ά‚P’–Ϊ,2019-10-23,17,“ΉHγ,{ω‚Ή‚Έ,‚Θ‚µ
ή“,Τγ‚Λ‚η‚Ά,rμ,O‰Ν“‡‰w‘Oπ”Τ,131181,“‹“s,rμ‹ζ,““ϊ•ι—Ά‚U’–Ϊ,2019-05-06,12,“ΉHγ,{ω‚Ή‚Έ,‚ ‚θ
ή“,Τγ‚Λ‚η‚Ά,rμ,““ϊ•ι—Άπ”Τ,131181,“‹“s,rμ‹ζ,““ϊ•ι—Ά‚Q’–Ϊ,2019-12-15,11,‚»‚Μ‘Ό,{ω‚Ή‚Έ,‚Θ‚µ
ή“,Τγ‚Λ‚η‚Ά,rμ,’¬‰®π”Τ,131181,“‹“s,rμ‹ζ,’¬‰®‚Q’–Ϊ,2019-05-30,10,‚»‚Μ‘Ό,{ω‚Ή‚Έ,‚ ‚θ
ή“,Τγ‚Λ‚η‚Ά,rμ,’¬‰®π”Τ,131181,“‹“s,rμ‹ζ,’¬‰®‚R’–Ϊ,2018-12-29,03,‚SK‚ΔΘγ‹¤“―Z‘ξ,{ω‚Ή‚Έ,‚ ‚θ
ή“,Τγ‚Λ‚η‚Ά,rμ,’¬‰®π”Τ,131181,“‹“s,rμ‹ζ,’¬‰®‚R’–Ϊ,2019-01-07,18,“ΉHγ,{ω‚Ή‚Έ,‚Θ‚µ
ή“,Τγ‚Λ‚η‚Ά,rμ,’¬‰®π”Τ,131181,“‹“s,rμ‹ζ,’¬‰®‚R’–Ϊ,2019-02-02,20,’“Τi—Φjκ,{ω‚Ή‚Έ,‚Θ‚µ
ή“,Τγ‚Λ‚η‚Ά,rμ,rμά’–Ϊπ”Τ,131181,“‹“s,rμ‹ζ,rμ‚P’–Ϊ,2019-02-16,07,“ΉHγ,{ω‚Ή‚Έ,‚ ‚θ
ή“,Τγ‚Λ‚η‚Ά,rμ,rμά’–Ϊπ”Τ,131181,“‹“s,rμ‹ζ,rμ‚P’–Ϊ,2019-12-20,11,‚»‚Μ‘Ό,{ω‚Ή‚Έ,‚ ‚θ
ή“,Τγ‚Λ‚η‚Ά,rμ,rμά’–Ϊπ”Τ,131181,“‹“s,rμ‹ζ,rμ‚S’–Ϊ,2019-11-04,12,“ΉHγ,{ω‚Ή‚Έ,‚Θ‚µ
ή“,Τγ‚Λ‚η‚Ά,rμ,rμά’–Ϊπ”Τ,131181,“‹“s,rμ‹ζ,rμ‚V’–Ϊ,2019-09-01,13,“ΉHγ,{ω‚Ή‚Έ,‚ ‚θ
ή“,Τγ‚Λ‚η‚Ά,rμ,rμά’–Ϊπ”Τ,131181,“‹“s,rμ‹ζ,Ό“ϊ•ι—Ά‚P’–Ϊ,2019-05-06,17,“ΉHγ,{ω‚Ή‚Έ,‚Θ‚µ
ή“,Τγ‚Λ‚η‚Ά,rμ,Ό“ϊ•ι—ΆZ’–Ϊπ”Τ,131181,“‹“s,rμ‹ζ,rμ‚U’–Ϊ,2019-03-19,13,κΛZ‘ξ,{ω‚Ή‚Έ,‚ ‚θ
ή“,Τγ‚Λ‚η‚Ά,rμ,“ϊ•ι—Ά‰w‘Oπ”Τ,131181,“‹“s,rμ‹ζ,Ό“ϊ•ι—Ά‚Q’–Ϊ,2019-08-19,03,“ΉHγ,{ω‚Ή‚Έ,‚Θ‚µ
ή“,Τγ‚Λ‚η‚Ά,rμ,“ϊ•ι—Ά‰w‘Oπ”Τ,131181,“‹“s,rμ‹ζ,Ό“ϊ•ι—Ά‚Q’–Ϊ,2019-09-12,19,“ΉHγ,{ω‚Ή‚Έ,‚ ‚θ
ή“,Τγ‚Λ‚η‚Ά,rμ,“ϊ•ι—Ά‰w‘Oπ”Τ,131181,“‹“s,rμ‹ζ,Ό“ϊ•ι—Ά‚Q’–Ϊ,2019-09-29,18,“ΉHγ,{ω‚Ή‚Έ,‚Θ‚µ
ή“,Τγ‚Λ‚η‚Ά,rμ,“ϊ•ι—Ά‰w‘Oπ”Τ,131181,“‹“s,rμ‹ζ,Ό“ϊ•ι—Ά‚Q’–Ϊ,2019-11-15,18,‚»‚Μ‘Ό,{ω‚Ή‚Έ,‚ ‚θ
ή“,Τγ‚Λ‚η‚Ά,rμ,“ϊ•ι—Ά‰w‘Oπ”Τ,131181,“‹“s,rμ‹ζ,““ϊ•ι—Ά‚T’–Ϊ,2019-01-12,16,’“Τi—Φjκ,{ω‚Ή‚Έ,‚Θ‚µ
ή“,Τγ‚Λ‚η‚Ά,rμ,“ϊ•ι—Ά‰w‘Oπ”Τ,131181,“‹“s,rμ‹ζ,““ϊ•ι—Ά‚U’–Ϊ,2019-10-30,17,“ΉHγ,{ω‚Ή‚Έ,‚Θ‚µ
ή“,Τγ‚Λ‚η‚Ά,rμ,Ό“ϊ•ι—Ά‰w‘Oπ”Τ,131181,“‹“s,rμ‹ζ,Ό“ϊ•ι—Ά‚P’–Ϊ,2019-07-11,19,“ΉHγ,{ω‚Ή‚Έ,‚Θ‚µ
ή“,Τγ‚Λ‚η‚Ά,ηZ,–kηZ‰wΌϋπ”Τ,131211,“‹“s,‘«—§‹ζ,ηZ‚P’–Ϊ,2019-01-27,15,“ΉHγ,{ω‚Ή‚Έ,‚Θ‚µ
ή“,Τγ‚Λ‚η‚Ά,ηZ,–kηZ‰wΌϋπ”Τ,131211,“‹“s,‘«—§‹ζ,ηZ‚P’–Ϊ,2019-02-25,13,“ΉHγ,{ω‚Ή‚Έ,‚Θ‚µ
ή“,Τγ‚Λ‚η‚Ά,ηZ,–kηZ‰wΌϋπ”Τ,131211,“‹“s,‘«—§‹ζ,ηZ‚P’–Ϊ,2019-07-26,19,“ΉHγ,{ω‚Ή‚Έ,‚Θ‚µ
ή“,Τγ‚Λ‚η‚Ά,ηZ,–kηZ‰wΌϋπ”Τ,131211,“‹“s,‘«—§‹ζ,ηZ‚P’–Ϊ,2019-09-26,16,“ΉHγ,{ω‚Ή‚Έ,‚Θ‚µ
ή“,Τγ‚Λ‚η‚Ά,ηZ,–kηZ‰wΌϋπ”Τ,131211,“‹“s,‘«—§‹ζ,ηZ‚Q’–Ϊ,2019-07-09,16,“ΉHγ,{ω‚Ή‚Έ,‚Θ‚µ
ή“,Τγ‚Λ‚η‚Ά,ηZ,–kηZ‰wΌϋπ”Τ,131211,“‹“s,‘«—§‹ζ,ηZ‚Q’–Ϊ,2019-11-26,00,’“Τi—Φjκ,{ω‚Ή‚Έ,‚ ‚θ
ή“,Τγ‚Λ‚η‚Ά,ηZ,–kηZ‰wΌϋπ”Τ,131211,“‹“s,‘«—§‹ζ,ηZ‚R’–Ϊ,2019-10-10,02,“ΉHγ,{ω‚Ή‚Έ,‚ ‚θ
ή“,Τγ‚Λ‚η‚Ά,ηZ,–kηZ‰wΌϋπ”Τ,131211,“‹“s,‘«—§‹ζ,ηZ‚T’–Ϊ,2019-04-11,08,’“Τi—Φjκ,{ω‚Ή‚Έ,‚ ‚θ
ή“,Τγ‚Λ‚η‚Ά,ηZ,–kηZ‰wΌϋπ”Τ,131211,“‹“s,‘«—§‹ζ,ηZ’†‹’¬,2019-01-11,10,“ΉHγ,{ω‚Ή‚Έ,‚ ‚θ
ή“,Τγ‚Λ‚η‚Ά,ηZ,ηZl’–Ϊπ”Τ,131211,“‹“s,‘«—§‹ζ,ηZ‚S’–Ϊ,2019-03-06,13,κΛZ‘ξ,{ω‚Ή‚Έ,‚ ‚θ
ή“,Τγ‚Λ‚η‚Ά,ηZ,ηZl’–Ϊπ”Τ,131211,“‹“s,‘«—§‹ζ,ηZ‘εμ’¬,2019-05-24,05,‚»‚Μ‘Ό,{ω‚Ή‚Έ,‚ ‚θ
ή“,Τγ‚Λ‚η‚Ά,ηZ,—Ξ’¬π”Τ,131211,“‹“s,‘«—§‹ζ,ηZ—Ξ’¬‚R’–Ϊ,2019-10-29,18,“ΉHγ,{ω‚Ή‚Έ,‚Θ‚µ
ή“,Τγ‚Λ‚η‚Ά,ηZ,–kηZ‰w“ϋπ”Τ,131211,“‹“s,‘«—§‹ζ,ηZ®’¬,2019-04-01,08,“ΉHγ,{ω‚Ή‚Έ,‚Θ‚µ
ή“,Τγ‚Λ‚η‚Ά,ηZ,–kηZ‰w“ϋπ”Τ,131211,“‹“s,‘«—§‹ζ,ηZ“‚P’–Ϊ,2019-10-01,14,“ΉHγ,{ω‚Ή‚Έ,‚ ‚θ
ή“,Τγ‚Λ‚η‚Ά,ΌVδ,”~“cµ’–Ϊπ”Τ,131211,“‹“s,‘«—§‹ζ,”~“‡‚P’–Ϊ,2019-07-06,14,’“Τi—Φjκ,{ω‚Ή‚Έ,‚Θ‚µ
ή“,Τγ‚Λ‚η‚Ά,ΌVδ,”~“cµ’–Ϊπ”Τ,131211,“‹“s,‘«—§‹ζ,”~“‡‚P’–Ϊ,2019-07-06,15,’“Τi—Φjκ,{ω‚Ή‚Έ,‚Θ‚µ
ή“,Τγ‚Λ‚η‚Ά,ΌVδ,”~“cµ’–Ϊπ”Τ,131211,“‹“s,‘«—§‹ζ,”~“‡‚Q’–Ϊ,2019-08-05,13,’“Τi—Φjκ,{ω‚Ή‚Έ,‚Θ‚µ
ή“,Τγ‚Λ‚η‚Ά,ΌVδ,”~“cµ’–Ϊπ”Τ,131211,“‹“s,‘«—§‹ζ,”~“c‚U’–Ϊ,2019-04-16,13,’“Τi—Φjκ,{ω‚Ή‚Έ,‚Θ‚µ
ή“,Τγ‚Λ‚η‚Ά,ΌVδ,”~“cµ’–Ϊπ”Τ,131211,“‹“s,‘«—§‹ζ,”~“c‚V’–Ϊ,2019-04-19,07,’“Τi—Φjκ,{ω‚Ή‚Έ,‚Θ‚µ
ή“,Τγ‚Λ‚η‚Ά,ΌVδ,”~“cµ’–Ϊπ”Τ,131211,“‹“s,‘«—§‹ζ,”~“c‚V’–Ϊ,2019-08-08,10,“ΉHγ,{ω‚Ή‚Έ,‚ ‚θ
ή“,Τγ‚Λ‚η‚Ά,ΌVδ,”~“cµ’–Ϊπ”Τ,131211,“‹“s,‘«—§‹ζ,”~“c‚V’–Ϊ,2019-11-22,16,‚»‚Μ‘Ό,{ω‚Ή‚Έ,‚Θ‚µ
ή“,Τγ‚Λ‚η‚Ά,ΌVδ,”~“cµ’–Ϊπ”Τ,131211,“‹“s,‘«—§‹ζ,”~“c‚V’–Ϊ,2019-12-21,19,“ΉHγ,{ω‚Ή‚Έ,‚Θ‚µ
ή“,Τγ‚Λ‚η‚Ά,ΌVδ,‘εt‘Oπ”Τ,131211,“‹“s,‘«—§‹ζ,‹»–μ‚P’–Ϊ,2019-11-01,13,‚»‚Μ‘Ό,{ω‚Ή‚Έ,‚Θ‚µ
ή“,Τγ‚Λ‚η‚Ά,ΌVδ,‘εt‘Oπ”Τ,131211,“‹“s,‘«—§‹ζ,I΄‚R’–Ϊ,2019-10-31,11,κΛZ‘ξ,{ω‚Ή‚Έ,‚Θ‚µ
ή“,Τγ‚Λ‚η‚Ά,ΌVδ,‘εt‘Oπ”Τ,131211,“‹“s,‘«—§‹ζ,ΌVδ‚P’–Ϊ,2019-03-15,19,κΛZ‘ξ,{ω‚Ή‚Έ,‚ ‚θ
ή“,Τγ‚Λ‚η‚Ά,ΌVδ,‘εt‘Oπ”Τ,131211,“‹“s,‘«—§‹ζ,ΌVδ‚P’–Ϊ,2019-07-12,09,’“Τi—Φjκ,{ω‚Ή‚Έ,‚ ‚θ
ή“,Τγ‚Λ‚η‚Ά,ΌVδ,‘εt‘Oπ”Τ,131211,“‹“s,‘«—§‹ζ,ΌVδ‚U’–Ϊ,2019-05-22,15,‚»‚Μ‘Ό,{ω‚Ή‚Έ,‚Θ‚µ
ή“,Τγ‚Λ‚η‚Ά,ΌVδ,‘εt‘Oπ”Τ,131211,“‹“s,‘«—§‹ζ,ΌVδ‚V’–Ϊ,2019-03-09,23,‚SK‚ΔΘγ‹¤“―Z‘ξ,{ω‚Ή‚Έ,‚ ‚θ
ή“,Τγ‚Λ‚η‚Ά,ΌVδ,‘εt‘Oπ”Τ,131211,“‹“s,‘«—§‹ζ,ΌVδ‚V’–Ϊ,2019-03-25,14,‚»‚Μ‘Ό,{ω‚Ή‚Έ,‚ ‚θ
ή“,Τγ‚Λ‚η‚Ά,ΌVδ,‘εt‘Oπ”Τ,131211,“‹“s,‘«—§‹ζ,ΌVδ‚V’–Ϊ,2019-10-09,14,’“Τi—Φjκ,{ω‚Ή‚Έ,‚ ‚θ
ή“,Τγ‚Λ‚η‚Ά,ΌVδ,‘εt‘Oπ”Τ,131211,“‹“s,‘«—§‹ζ,ΌVδ‚V’–Ϊ,2019-10-20,19,“ΉHγ,{ω‚Ή‚Έ,‚Θ‚µ
ή“,Τγ‚Λ‚η‚Ά,ΌVδ,‘εt‘Oπ”Τ,131211,“‹“s,‘«—§‹ζ,ΌVδ–{’¬‚P’–Ϊ,2019-02-14,22,‚»‚Μ‘Ό‚ΜZ‘ξi‚RK‚ΔΘ‰Ί‹¤“―Z‘ξ“™j,{ω‚Ή‚Έ,‚ ‚θ
ή“,Τγ‚Λ‚η‚Ά,ΌVδ,‘εt‘Oπ”Τ,131211,“‹“s,‘«—§‹ζ,ΌVδ–{’¬‚P’–Ϊ,2019-08-14,20,’“Τi—Φjκ,{ω‚Ή‚Έ,‚Θ‚µ
ή“,Τγ‚Λ‚η‚Ά,ΌVδ,ΌVδ‰w‘Oπ”Τ,131211,“‹“s,‘«—§‹ζ,”~“‡‚R’–Ϊ,2019-09-22,15,“ΉHγ,{ω‚Ή‚Έ,‚Θ‚µ
ή“,Τγ‚Λ‚η‚Ά,ΌVδ,ΌVδ‰w‘Oπ”Τ,131211,“‹“s,‘«—§‹ζ,ΌVδ‰h’¬‚P’–Ϊ,2019-04-18,14,’“Τi—Φjκ,{ω‚Ή‚Έ,‚Θ‚µ
ή“,Τγ‚Λ‚η‚Ά,ΌVδ,ΌVδ‰w‘Oπ”Τ,131211,“‹“s,‘«—§‹ζ,ΌVδ‰h’¬‚P’–Ϊ,2019-09-20,23,’“Τi—Φjκ,{ω‚Ή‚Έ,‚ ‚θ
ή“,Τγ‚Λ‚η‚Ά,ΌVδ,ΌVδ‰w‘Oπ”Τ,131211,“‹“s,‘«—§‹ζ,ΌVδ‰h’¬‚P’–Ϊ,2019-10-10,15,’“Τi—Φjκ,{ω‚Ή‚Έ,‚Θ‚µ
ή“,Τγ‚Λ‚η‚Ά,ΌVδ,ΌVδ‰w‘Oπ”Τ,131211,“‹“s,‘«—§‹ζ,ΌVδ‰h’¬‚P’–Ϊ,2019-11-22,18,’“Τi—Φjκ,{ω‚Ή‚Έ,‚Θ‚µ
ή“,Τγ‚Λ‚η‚Ά,ΌVδ,ΌVδ‰w‘Oπ”Τ,131211,“‹“s,‘«—§‹ζ,ΌVδ‰h’¬‚Q’–Ϊ,2019-03-06,14,“ΉHγ,{ω‚Ή‚Έ,‚ ‚θ
ή“,Τγ‚Λ‚η‚Ά,ΌVδ,ΌVδ‰w‘Oπ”Τ,131211,“‹“s,‘«—§‹ζ,ΌVδ‰h’¬‚Q’–Ϊ,2019-09-07,21,“ΉHγ,{ω‚Ή‚Έ,‚Θ‚µ
ή“,Τγ‚Λ‚η‚Ά,ΌVδ,Φ΄O’–Ϊπ”Τ,131211,“‹“s,‘«—§‹ζ,Φ΄‚P’–Ϊ,2019-10-10,15,’“Τi—Φjκ,{ω‚Ή‚Έ,‚Θ‚µ
ή“,Τγ‚Λ‚η‚Ά,ΌVδ,Φ΄O’–Ϊπ”Τ,131211,“‹“s,‘«—§‹ζ,Φ΄‚Q’–Ϊ,2019-01-19,14,“ΉHγ,{ω‚Ή‚Έ,‚Θ‚µ
ή“,Τγ‚Λ‚η‚Ά,ΌVδ,Φ΄O’–Ϊπ”Τ,131211,“‹“s,‘«—§‹ζ,Φ΄‚Q’–Ϊ,2019-05-18,10,‚SK‚ΔΘγ‹¤“―Z‘ξ,{ω‚Ή‚Έ,‚ ‚θ
ή“,Τγ‚Λ‚η‚Ά,ΌVδ,Φ΄O’–Ϊπ”Τ,131211,“‹“s,‘«—§‹ζ,Φ΄‚Q’–Ϊ,2019-08-02,17,“ΉHγ,{ω‚Ή‚Έ,‚Θ‚µ
ή“,Τγ‚Λ‚η‚Ά,ΌVδ,Φ΄O’–Ϊπ”Τ,131211,“‹“s,‘«—§‹ζ,Φ΄‚Q’–Ϊ,2019-10-09,18,“ΉHγ,{ω‚Ή‚Έ,‚ ‚θ
ή“,Τγ‚Λ‚η‚Ά,ΌVδ,Φ΄O’–Ϊπ”Τ,131211,“‹“s,‘«—§‹ζ,Φ΄‚Q’–Ϊ,2019-10-27,13,“ΉHγ,{ω‚Ή‚Έ,‚ ‚θ
ή“,Τγ‚Λ‚η‚Ά,ΌVδ,–{–Ψπ”Τ,131211,“‹“s,‘«—§‹ζ,”~“c‚U’–Ϊ,2019-07-06,16,’“Τi—Φjκ,{ω‚Ή‚Έ,‚Θ‚µ
ή“,Τγ‚Λ‚η‚Ά,ΌVδ,–{–Ψπ”Τ,131211,“‹“s,‘«—§‹ζ,‹»–μ‚P’–Ϊ,2019-10-13,18,’“Τi—Φjκ,{ω‚Ή‚Έ,‚Θ‚µ
ή“,Τγ‚Λ‚η‚Ά,ΌVδ,–{–Ψπ”Τ,131211,“‹“s,‘«—§‹ζ,–{–Ψ‚Q’–Ϊ,2019-11-07,05,’“Τi—Φjκ,{ω‚Ή‚Έ,‚Θ‚µ
ή“,Τγ‚Λ‚η‚Ά,ΌVδ,–{–Ψπ”Τ,131211,“‹“s,‘«—§‹ζ,–{–Ψ–k’¬,2019-01-20,16,’“Τi—Φjκ,{ω‚Ή‚Έ,‚Θ‚µ
ή“,Τγ‚Λ‚η‚Ά,ΌVδ,–{–Ψπ”Τ,131211,“‹“s,‘«—§‹ζ,–{–Ψ“μ’¬,2019-05-09,12,‚»‚Μ‘Ό,{ω‚Ή‚Έ,‚ ‚θ
ή“,Τγ‚Λ‚η‚Ά,ΌVδ,]–kπ”Τ,131211,“‹“s,‘«—§‹ζ,]–k‚R’–Ϊ,2019-07-26,11,“ΉHγ,{ω‚Ή‚Έ,‚ ‚θ
ή“,Τγ‚Λ‚η‚Ά,ΌVδ,]–kπ”Τ,131211,“‹“s,‘«—§‹ζ,]–k‚R’–Ϊ,2019-10-02,10,“ΉHγ,{ω‚Ή‚Έ,‚Θ‚µ
ή“,Τγ‚Λ‚η‚Ά,ΌVδ,“‡ªπ”Τ,131211,“‹“s,‘«—§‹ζ,Z‚P’–Ϊ,2019-02-14,17,‚»‚Μ‘Ό,{ω‚Ή‚Έ,‚ ‚θ
ή“,Τγ‚Λ‚η‚Ά,ΌVδ,Mΐπ”Τ,131211,“‹“s,‘«—§‹ζ,]–k‚V’–Ϊ,2019-03-13,16,‚»‚Μ‘Ό,{ω‚Ή‚Έ,‚Θ‚µ
ή“,Τγ‚Λ‚η‚Ά,ΌVδ,Mΐπ”Τ,131211,“‹“s,‘«—§‹ζ,Mΐ‚P’–Ϊ,2019-03-13,16,‚»‚Μ‘Ό,{ω‚Ή‚Έ,‚ ‚θ
ή“,Τγ‚Λ‚η‚Ά,ΌVδ,Mΐπ”Τ,131211,“‹“s,‘«—§‹ζ,Mΐ‚R’–Ϊ,2019-03-01,11,’“Τi—Φjκ,{ω‚Ή‚Έ,‚Θ‚µ
ή“,Τγ‚Λ‚η‚Ά,ΌVδ,­•lπ”Τ,131211,“‹“s,‘«—§‹ζ,­•l‚P’–Ϊ,2019-05-09,21,‚»‚Μ‘Ό,{ω‚Ή‚Έ,‚ ‚θ
ή“,Τγ‚Λ‚η‚Ά,ΌVδ,­•lπ”Τ,131211,“‹“s,‘«—§‹ζ,­•l‚S’–Ϊ,2018-12-28,16,‚»‚Μ‘Ό,{ω‚Ή‚Έ,‚ ‚θ
ή“,Τγ‚Λ‚η‚Ά,ΌVδ,­•lπ”Τ,131211,“‹“s,‘«—§‹ζ,­•l‚S’–Ϊ,2019-04-17,20,“ΉHγ,{ω‚Ή‚Έ,‚ ‚θ
ή“,Τγ‚Λ‚η‚Ά,ΌVδ,­•lπ”Τ,131211,“‹“s,‘«—§‹ζ,­•l‚T’–Ϊ,2019-05-26,20,‚SK‚ΔΘγ‹¤“―Z‘ξ,{ω‚Ή‚Έ,‚Θ‚µ
ή“,Τγ‚Λ‚η‚Ά,ΌVδ,ΌVδά’–Ϊπ”Τ,131211,“‹“s,‘«—§‹ζ,ΌVδ‚S’–Ϊ,2019-08-23,21,’“Τi—Φjκ,{ω‚Ή‚Έ,‚Θ‚µ
ή“,Τγ‚Λ‚η‚Ά,ΌVδ,ξπ”Τ,131211,“‹“s,‘«—§‹ζ,ξ‚Q’–Ϊ,2019-07-19,12,‚»‚Μ‘Ό,{ω‚Ή‚Έ,‚ ‚θ
ή“,Τγ‚Λ‚η‚Ά,ΌVδ,ξπ”Τ,131211,“‹“s,‘«—§‹ζ,ξ‚Q’–Ϊ,2019-11-04,17,’“Τi—Φjκ,{ω‚Ή‚Έ,‚Θ‚µ
ή“,Τγ‚Λ‚η‚Ά,ΌVδ,ξπ”Τ,131211,“‹“s,‘«—§‹ζ,ξ‚R’–Ϊ,2019-09-08,18,’“Τi—Φjκ,{ω‚Ή‚Έ,‚ ‚θ
ή“,Τγ‚Λ‚η‚Ά,»£,,131211,“‹“s,‘«—§‹ζ,Ό•Ϋ–ΨΤ‚R’–Ϊ,2019-08-02,09,“ΉHγ,{ω‚Ή‚Έ,‚ ‚θ
ή“,Τγ‚Λ‚η‚Ά,»£,‘ε’J“cπ”Τ,131211,“‹“s,‘«—§‹ζ,‘ε’J“c‚P’–Ϊ,2019-11-07,15,‚SK‚ΔΘγ‹¤“―Z‘ξ,{ω‚Ή‚Έ,‚ ‚θ
ή“,Τγ‚Λ‚η‚Ά,»£,‘ε’J“cπ”Τ,131211,“‹“s,‘«—§‹ζ,‘ε’J“c‚P’–Ϊ,2019-12-08,17,‚»‚Μ‘Ό,{ω‚Ή‚Έ,‚ ‚θ
ή“,Τγ‚Λ‚η‚Ά,»£,‘ε’J“cπ”Τ,131211,“‹“s,‘«—§‹ζ,‘ε’J“c‚S’–Ϊ,2019-04-23,11,‚SK‚ΔΘγ‹¤“―Z‘ξ,{ω‚Ή‚Έ,‚ ‚θ
ή“,Τγ‚Λ‚η‚Ά,»£,‘ε’J“cπ”Τ,131211,“‹“s,‘«—§‹ζ,‘ε’J“c‚T’–Ϊ,2019-02-21,19,’“Τi—Φjκ,{ω‚Ή‚Έ,‚Θ‚µ
ή“,Τγ‚Λ‚η‚Ά,»£,‘ε’J“cπ”Τ,131211,“‹“s,‘«—§‹ζ,‘ε’J“c‚T’–Ϊ,2019-04-10,13,‚»‚Μ‘Ό,{ω‚Ή‚Έ,‚ ‚θ
ή“,Τγ‚Λ‚η‚Ά,»£,‘ε’J“cπ”Τ,131211,“‹“s,‘«—§‹ζ,²–μ‚Q’–Ϊ,2019-05-23,18,‚»‚Μ‘Ό,{ω‚Ή‚Έ,‚Θ‚µ
ή“,Τγ‚Λ‚η‚Ά,»£,‘ε’J“cπ”Τ,131211,“‹“s,‘«—§‹ζ,Z–Ψ‚S’–Ϊ,2019-02-21,20,’“Τi—Φjκ,{ω‚Ή‚Έ,‚ ‚θ
ή“,Τγ‚Λ‚η‚Ά,»£,‘ε’J“cπ”Τ,131211,“‹“s,‘«—§‹ζ,’J’†‚T’–Ϊ,2019-08-08,13,’“Τi—Φjκ,{ω‚Ή‚Έ,‚Θ‚µ
ή“,Τγ‚Λ‚η‚Ά,»£,’†μπ”Τ,131211,“‹“s,‘«—§‹ζ,’†μ‚S’–Ϊ,2019-09-08,18,’“Τi—Φjκ,{ω‚Ή‚Έ,‚Θ‚µ
ή“,Τγ‚Λ‚η‚Ά,»£,»£Z’–Ϊπ”Τ,131211,“‹“s,‘«—§‹ζ,’J’†‚P’–Ϊ,2019-02-09,08,’“Τi—Φjκ,{ω‚Ή‚Έ,‚ ‚θ
ή“,Τγ‚Λ‚η‚Ά,»£,»£Z’–Ϊπ”Τ,131211,“‹“s,‘«—§‹ζ,’J’†‚Q’–Ϊ,2019-11-27,16,‚»‚Μ‘Ό‚ΜZ‘ξi‚RK‚ΔΘ‰Ί‹¤“―Z‘ξ“™j,{ω‚Ή‚Έ,‚Θ‚µ
ή“,Τγ‚Λ‚η‚Ά,»£,»£‰wΌϋπ”Τ,131211,“‹“s,‘«—§‹ζ,»£‚S’–Ϊ,2019-10-10,18,’“Τi—Φjκ,{ω‚Ή‚Έ,‚Θ‚µ
ή“,Τγ‚Λ‚η‚Ά,»£,O“Ήπ”Τ,131211,“‹“s,‘«—§‹ζ,Βδ‚R’–Ϊ,2019-04-24,19,’“Τi—Φjκ,{ω‚Ή‚Έ,‚Θ‚µ
ή“,Τγ‚Λ‚η‚Ά,»£,O“Ήπ”Τ,131211,“‹“s,‘«—§‹ζ,Βδ‚R’–Ϊ,2019-09-19,17,’“Τi—Φjκ,{ω‚Ή‚Έ,‚Θ‚µ
ή“,Τγ‚Λ‚η‚Ά,»£,’†‰›–{’¬π”Τ,131211,“‹“s,‘«—§‹ζ,’†‰›–{’¬‚S’–Ϊ,2019-08-03,19,“ΉHγ,{ω‚Ή‚Έ,‚Θ‚µ
ή“,Τγ‚Λ‚η‚Ά,»£,’†‰›–{’¬π”Τ,131211,“‹“s,‘«—§‹ζ,•Ϋ’Λ’¬,2019-12-10,20,’“Τi—Φjκ,{ω‚Ή‚Έ,‚Θ‚µ
ή“,Τγ‚Λ‚η‚Ά,»£,_–Ύπ”Τ,131211,“‹“s,‘«—§‹ζ,_–Ύ‚Q’–Ϊ,2019-04-04,18,’“Τi—Φjκ,{ω‚Ή‚Έ,‚Θ‚µ
ή“,Τγ‚Λ‚η‚Ά,»£,_–Ύπ”Τ,131211,“‹“s,‘«—§‹ζ,’Cΐ‚P’–Ϊ,2019-05-06,18,‚»‚Μ‘Ό,{ω‚Ή‚Έ,‚Θ‚µ
ή“,Τγ‚Λ‚η‚Ά,»£,_–Ύπ”Τ,131211,“‹“s,‘«—§‹ζ,’Cΐ‚P’–Ϊ,2019-06-17,18,’“Τi—Φjκ,{ω‚Ή‚Έ,‚Θ‚µ
ή“,Τγ‚Λ‚η‚Ά,»£,_–Ύπ”Τ,131211,“‹“s,‘«—§‹ζ,Z–Ψ‚R’–Ϊ,2019-07-18,13,‚»‚Μ‘Ό,{ω‚Ή‚Έ,‚Θ‚µ
ή“,Τγ‚Λ‚η‚Ά,»£,κƒc‰Ζπ”Τ,131211,“‹“s,‘«—§‹ζ,Βδ‚T’–Ϊ,2019-03-14,00,‚SK‚ΔΘγ‹¤“―Z‘ξ,{ω‚Ή‚Έ,‚ ‚θ
ή“,Τγ‚Λ‚η‚Ά,»£,κƒc‰Ζπ”Τ,131211,“‹“s,‘«—§‹ζ,Βδ‚T’–Ϊ,2019-09-02,18,“ΉHγ,{ω‚Ή‚Έ,‚ ‚θ
ή“,Τγ‚Λ‚η‚Ά,»£,κƒc‰Ζπ”Τ,131211,“‹“s,‘«—§‹ζ,‰Α•½‚Q’–Ϊ,2019-04-16,15,’“Τi—Φjκ,{ω‚Ή‚Έ,‚Θ‚µ
ή“,Τγ‚Λ‚η‚Ά,»£,κƒc‰Ζπ”Τ,131211,“‹“s,‘«—§‹ζ,‰Α•½‚Q’–Ϊ,2019-12-11,14,‚»‚Μ‘Ό,{ω‚Ή‚Έ,‚ ‚θ
ή“,Τγ‚Λ‚η‚Ά,»£,κƒc‰Ζπ”Τ,131211,“‹“s,‘«—§‹ζ,‰Α•½‚R’–Ϊ,2019-06-27,16,“ΉHγ,{ω‚Ή‚Έ,‚ ‚θ
ή“,Τγ‚Λ‚η‚Ά,»£,κƒc‰Ζπ”Τ,131211,“‹“s,‘«—§‹ζ,Ό‰Α•½‚P’–Ϊ,2019-03-13,16,“ΉHγ,{ω‚Ή‚Έ,‚ ‚θ
ή“,Τγ‚Λ‚η‚Ά,»£,κƒc‰Ζπ”Τ,131211,“‹“s,‘«—§‹ζ,κƒc‰Ζ‚Q’–Ϊ,2019-04-19,08,‚»‚Μ‘Ό,{ω‚Ή‚Έ,‚ ‚θ
ή“,Τγ‚Λ‚η‚Ά,»£,κƒc‰Ζπ”Τ,131211,“‹“s,‘«—§‹ζ,κƒc‰Ζ‚R’–Ϊ,2019-04-16,15,’“Τi—Φjκ,{ω‚Ή‚Έ,‚Θ‚µ
ή“,Τγ‚Λ‚η‚Ά,»£,κƒc‰Ζπ”Τ,131211,“‹“s,‘«—§‹ζ,κƒc‰Ζ‚R’–Ϊ,2019-04-19,20,’“Τi—Φjκ,{ω‚Ή‚Έ,‚Θ‚µ
ή“,Τγ‚Λ‚η‚Ά,»£,‘«—§’“έ,131211,“‹“s,‘«—§‹ζ,‘«—§‚Q’–Ϊ,2019-12-16,16,‚»‚Μ‘Ό,{ω‚Ή‚Έ,‚ ‚θ
ή“,Τγ‚Λ‚η‚Ά,»£,“aπ”Τ,131211,“‹“s,‘«—§‹ζ,“a‚Q’–Ϊ,2019-08-11,06,“ΉHγ,{ω‚Ή‚Έ,‚ ‚θ
ή“,Τγ‚Λ‚η‚Ά,»£,“aπ”Τ,131211,“‹“s,‘«—§‹ζ,“a‚T’–Ϊ,2019-10-01,07,“ΉHγ,{ω‚Ή‚Έ,‚ ‚θ
ή“,Τγ‚Λ‚η‚Ά,»£,‘«—§l’–Ϊπ”Τ,131211,“‹“s,‘«—§‹ζ,‘«—§‚S’–Ϊ,2019-10-27,10,‚»‚Μ‘Ό,{ω‚Ή‚Έ,‚Θ‚µ
ή“,Τγ‚Λ‚η‚Ά,»£,‘«—§l’–Ϊπ”Τ,131211,“‹“s,‘«—§‹ζ,’†‰›–{’¬‚Q’–Ϊ,2019-04-14,17,’“Τi—Φjκ,{ω‚Ή‚Έ,‚Θ‚µ
ή“,Τγ‚Λ‚η‚Ά,»£,»£‰w“ϋπ”Τ,131211,“‹“s,‘«—§‹ζ,»£‚Q’–Ϊ,2019-02-23,14,’“Τi—Φjκ,{ω‚Ή‚Έ,‚ ‚θ
ή“,Τγ‚Λ‚η‚Ά,»£,»£‰w“ϋπ”Τ,131211,“‹“s,‘«—§‹ζ,»£‚R’–Ϊ,2019-08-29,18,‚»‚Μ‘Ό,{ω‚Ή‚Έ,‚ ‚θ
ή“,Τγ‚Λ‚η‚Ά,’|‚Μ’Λ,‰Τ”¨–k’“έ,131211,“‹“s,‘«—§‹ζ,‰Τ”¨‚T’–Ϊ,2019-11-12,20,’“Τi—Φjκ,{ω‚Ή‚Έ,‚Θ‚µ
ή“,Τγ‚Λ‚η‚Ά,’|‚Μ’Λ,‰Τ”¨–k’“έ,131211,“‹“s,‘«—§‹ζ,‰Τ”¨‚T’–Ϊ,2019-12-21,15,’“Τi—Φjκ,{ω‚Ή‚Έ,‚Θ‚µ
ή“,Τγ‚Λ‚η‚Ά,’|‚Μ’Λ,‰Τ”¨π”Τ,131211,“‹“s,‘«—§‹ζ,‰Τ”¨‚P’–Ϊ,2019-08-23,19,‚»‚Μ‘Ό‚ΜZ‘ξi‚RK‚ΔΘ‰Ί‹¤“―Z‘ξ“™j,{ω‚Ή‚Έ,‚Θ‚µ
ή“,Τγ‚Λ‚η‚Ά,’|‚Μ’Λ,‰Τ”¨π”Τ,131211,“‹“s,‘«—§‹ζ,‰Τ”¨‚S’–Ϊ,2019-11-07,16,“ΉHγ,{ω‚Ή‚Έ,‚ ‚θ
ή“,Τγ‚Λ‚η‚Ά,’|‚Μ’Λ,‰Τ”¨π”Τ,131211,“‹“s,‘«—§‹ζ,‰Τ”¨‚S’–Ϊ,2019-11-11,10,’“Τi—Φjκ,{ω‚Ή‚Έ,‚Θ‚µ
ή“,Τγ‚Λ‚η‚Ά,’|‚Μ’Λ,‰Τ”¨π”Τ,131211,“‹“s,‘«—§‹ζ,‰Τ”¨‚T’–Ϊ,2019-12-23,17,’“Τi—Φjκ,{ω‚Ή‚Έ,‚Θ‚µ
ή“,Τγ‚Λ‚η‚Ά,’|‚Μ’Λ,•Ϋ–ΨΤπ”Τ,131211,“‹“s,‘«—§‹ζ,“•Ϋ–ΨΤ‚Q’–Ϊ,2019-07-30,04,“ΉHγ,{ω‚Ή‚Έ,‚ ‚θ
ή“,Τγ‚Λ‚η‚Ά,’|‚Μ’Λ,•Ϋ–ΨΤπ”Τ,131211,“‹“s,‘«—§‹ζ,•Ϋ–ΨΤ‚P’–Ϊ,2019-04-17,18,’“Τi—Φjκ,{ω‚Ή‚Έ,‚ ‚θ
ή“,Τγ‚Λ‚η‚Ά,’|‚Μ’Λ,•Ϋ–ΨΤπ”Τ,131211,“‹“s,‘«—§‹ζ,•Ϋ–ΨΤ‚T’–Ϊ,2019-08-24,18,“ΉHγ,{ω‚Ή‚Έ,‚ ‚θ
ή“,Τγ‚Λ‚η‚Ά,’|‚Μ’Λ,•Ϋ–ΨΤπ”Τ,131211,“‹“s,‘«—§‹ζ,“μ‰Τ”¨‚S’–Ϊ,2019-01-06,16,’“Τi—Φjκ,{ω‚Ή‚Έ,‚Θ‚µ
ή“,Τγ‚Λ‚η‚Ά,’|‚Μ’Λ,Ό•Ϋ–ΨΤπ”Τ,131211,“‹“s,‘«—§‹ζ,Ό•Ϋ–ΨΤ‚Q’–Ϊ,2019-03-21,18,’“Τi—Φjκ,{ω‚Ή‚Έ,‚ ‚θ
ή“,Τγ‚Λ‚η‚Ά,’|‚Μ’Λ,Ό•Ϋ–ΨΤπ”Τ,131211,“‹“s,‘«—§‹ζ,‰Τ”¨‚S’–Ϊ,2019-07-28,15,κΛZ‘ξ,{ω‚Ή‚Έ,‚ ‚θ
ή“,Τγ‚Λ‚η‚Ά,’|‚Μ’Λ,Ό•Ϋ–ΨΤπ”Τ,131211,“‹“s,‘«—§‹ζ,•Ϋ–ΨΤ‚Q’–Ϊ,2019-09-20,14,’“Τi—Φjκ,{ω‚Ή‚Έ,‚Θ‚µ
ή“,Τγ‚Λ‚η‚Ά,’|‚Μ’Λ,Ό•Ϋ–ΨΤπ”Τ,131211,“‹“s,‘«—§‹ζ,•Ϋ–ΨΤ‚S’–Ϊ,2019-01-23,20,’“Τi—Φjκ,{ω‚Ή‚Έ,‚Θ‚µ
ή“,Τγ‚Λ‚η‚Ά,’|‚Μ’Λ,Ό•Ϋ–ΨΤπ”Τ,131211,“‹“s,‘«—§‹ζ,•Ϋ–ΨΤ‚T’–Ϊ,2019-09-08,03,“ΉHγ,{ω‚Ή‚Έ,‚ ‚θ
ή“,Τγ‚Λ‚η‚Ά,’|‚Μ’Λ,’|‚Μ’Λ‰w‘Oπ”Τ,131211,“‹“s,‘«—§‹ζ,’|‚Μ’Λ‚Q’–Ϊ,2019-09-05,16,‚»‚Μ‘Ό,{ω‚Ή‚Έ,‚ ‚θ
ή“,Τγ‚Λ‚η‚Ά,’|‚Μ’Λ,’|‚Μ’Λ‰w‘Oπ”Τ,131211,“‹“s,‘«—§‹ζ,’|‚Μ’Λ‚R’–Ϊ,2019-07-11,15,“ΉHγ,{ω‚Ή‚Έ,‚Θ‚µ
ή“,Τγ‚Λ‚η‚Ά,’|‚Μ’Λ,’|‚Μ’Λ‰w‘Oπ”Τ,131211,“‹“s,‘«—§‹ζ,’|‚Μ’Λ‚U’–Ϊ,2019-09-24,06,’“Τi—Φjκ,{ω‚Ή‚Έ,‚Θ‚µ
ή“,Τγ‚Λ‚η‚Ά,’|‚Μ’Λ,’|‚Μ’Λ‰w‘Oπ”Τ,131211,“‹“s,‘«—§‹ζ,’|‚Μ’Λ‚V’–Ϊ,2019-04-06,20,“ΉHγ,{ω‚Ή‚Έ,‚Θ‚µ
ή“,Τγ‚Λ‚η‚Ά,’|‚Μ’Λ,Ι‹»’¬π”Τ,131211,“‹“s,‘«—§‹ζ,Ι‹»‚Q’–Ϊ,2019-02-13,12,‚»‚Μ‘Ό,{ω‚Ή‚Έ,‚Θ‚µ
ή“,Τγ‚Λ‚η‚Ά,’|‚Μ’Λ,Ι‹»’¬π”Τ,131211,“‹“s,‘«—§‹ζ,Ι‹»‚S’–Ϊ,2019-05-16,19,“ΉHγ,{ω‚Ή‚Έ,‚ ‚θ
ή“,Τγ‚Λ‚η‚Ά,’|‚Μ’Λ,Ι‹»’¬π”Τ,131211,“‹“s,‘«—§‹ζ,ΌΙ‹»‚P’–Ϊ,2018-12-27,18,“ΉHγ,{ω‚Ή‚Έ,‚Θ‚µ
ή“,Τγ‚Λ‚η‚Ά,’|‚Μ’Λ,Ι‹»’¬π”Τ,131211,“‹“s,‘«—§‹ζ,ΌΙ‹»‚R’–Ϊ,2019-01-07,20,κΛZ‘ξ,{ω‚Ή‚Έ,‚Θ‚µ
ή“,Τγ‚Λ‚η‚Ά,’|‚Μ’Λ,Ι‹»’¬π”Τ,131211,“‹“s,‘«—§‹ζ,Ό’|‚Μ’Λ‚Q’–Ϊ,2019-09-02,19,’“Τi—Φjκ,{ω‚Ή‚Έ,‚Θ‚µ
ή“,Τγ‚Λ‚η‚Ά,’|‚Μ’Λ,Ι‹»’¬π”Τ,131211,“‹“s,‘«—§‹ζ,“Ι‹»‚R’–Ϊ,2019-04-24,15,‚»‚Μ‘Ό,{ω‚Ή‚Έ,‚ ‚θ
ή“,Τγ‚Λ‚η‚Ά,’|‚Μ’Λ,“ό’J’¬π”Τ,131211,“‹“s,‘«—§‹ζ,“ό’J‚S’–Ϊ,2019-12-16,17,’“Τi—Φjκ,{ω‚Ή‚Έ,‚ ‚θ
ή“,Τγ‚Λ‚η‚Ά,’|‚Μ’Λ,“ό’J’¬π”Τ,131211,“‹“s,‘«—§‹ζ,“ό’J‚V’–Ϊ,2019-11-17,17,’“Τi—Φjκ,{ω‚Ή‚Έ,‚Θ‚µ
ή“,Τγ‚Λ‚η‚Ά,’|‚Μ’Λ,“ό’J’¬π”Τ,131211,“‹“s,‘«—§‹ζ,“ό’J‚X’–Ϊ,2019-10-02,14,’“Τi—Φjκ,{ω‚Ή‚Έ,‚Θ‚µ
ή“,Τγ‚Λ‚η‚Ά,’|‚Μ’Λ,©ΐ‘γe…φ‰€‰w‘Oπ”Τ,131211,“‹“s,‘«—§‹ζ,Γη’J–{’¬‚Q’–Ϊ,2019-01-12,17,’“Τi—Φjκ,{ω‚Ή‚Έ,‚ ‚θ
ή“,Τγ‚Λ‚η‚Ά,’|‚Μ’Λ,©ΐ‘γe…φ‰€‰w‘Oπ”Τ,131211,“‹“s,‘«—§‹ζ,Γη’J–{’¬‚R’–Ϊ,2018-10-01,•s–Ύ,κΛZ‘ξ,{ω‚Ή‚Έ,‚ ‚θ
ή“,Τγ‚Λ‚η‚Ά,’|‚Μ’Λ,©ΐ‘γe…φ‰€‰w‘Oπ”Τ,131211,“‹“s,‘«—§‹ζ,Γη’J–{’¬‚S’–Ϊ,2019-05-16,15,κΛZ‘ξ,{ω‚Ή‚Έ,‚Θ‚µ
ή“,Τγ‚Λ‚η‚Ά,ι“,iJ‹΄π”Τ,131083,“‹“s,]“‹ζ,‘ε“‡‚Q’–Ϊ,2019-04-28,13,“ΉHγ,{ω‚Ή‚Έ,‚ ‚θ
ή“,Τγ‚Λ‚η‚Ά,ι“,iJ‹΄π”Τ,131083,“‹“s,]“‹ζ,‘ε“‡‚Q’–Ϊ,2019-06-26,10,“ΉHγ,{ω‚Ή‚Έ,‚ ‚θ
ή“,Τγ‚Λ‚η‚Ά,ι“,“ϊ‘‚‹΄π”Τ,131083,“‹“s,]“‹ζ,“μ»‚R’–Ϊ,2019-07-28,11,‚»‚Μ‘Ό,{ω‚Ή‚Έ,‚Θ‚µ
ή“,Τγ‚Λ‚η‚Ά,ι“,³”ª”¦π”Τ,131083,“‹“s,]“‹ζ,V»‚R’–Ϊ,2019-07-19,07,’“Τi—Φjκ,{ω‚Ή‚Έ,‚ ‚θ
ή“,Τγ‚Λ‚η‚Ά,ι“,³”ª”¦π”Τ,131083,“‹“s,]“‹ζ,“»‚V’–Ϊ,2019-07-26,15,’“Τi—Φjκ,{ω‚Ή‚Έ,‚Θ‚µ
ή“,Τγ‚Λ‚η‚Ά,ι“,³”ª”¦π”Τ,131083,“‹“s,]“‹ζ,“μ»‚U’–Ϊ,2019-06-17,12,‚SK‚ΔΘγ‹¤“―Z‘ξ,{ω‚Ή‚Έ,‚ ‚θ
ή“,Τγ‚Λ‚η‚Ά,ι“,³”ª”¦π”Τ,131083,“‹“s,]“‹ζ,“μ»‚U’–Ϊ,2019-07-27,09,“ΉHγ,{ω‚Ή‚Έ,‚ ‚θ
ή“,Τγ‚Λ‚η‚Ά,ι“,³”ª”¦π”Τ,131083,“‹“s,]“‹ζ,“μ»‚U’–Ϊ,2019-08-28,13,“ΉHγ,{ω‚Ή‚Έ,‚ ‚θ
ή“,Τγ‚Λ‚η‚Ά,ι“,³”ª”¦π”Τ,131083,“‹“s,]“‹ζ,“μ»‚U’–Ϊ,2019-10-24,08,’“Τi—Φjκ,{ω‚Ή‚Έ,‚ ‚θ
ή“,Τγ‚Λ‚η‚Ά,ι“,³”ª”¦π”Τ,131083,“‹“s,]“‹ζ,“μ»‚U’–Ϊ,2019-10-26,18,’“Τi—Φjκ,{ω‚Ή‚Έ,‚Θ‚µ
ή“,Τγ‚Λ‚η‚Ά,ι“,³”ª”¦π”Τ,131083,“‹“s,]“‹ζ,“μ»‚V’–Ϊ,2019-12-17,11,“ΉHγ,{ω‚Ή‚Έ,‚ ‚θ
ή“,Τγ‚Λ‚η‚Ά,ι“,‹Ό‹΄Όπ”Τ,131083,“‹“s,]“‹ζ,“»‚T’–Ϊ,2019-01-12,10,’“Τi—Φjκ,{ω‚Ή‚Έ,‚ ‚θ
ή“,Τγ‚Λ‚η‚Ά,ι“,‹Ό‹΄Όπ”Τ,131083,“‹“s,]“‹ζ,“»‚T’–Ϊ,2019-03-03,11,’“Τi—Φjκ,{ω‚Ή‚Έ,‚ ‚θ
ή“,Τγ‚Λ‚η‚Ά,ι“,‹Ό‹΄Όπ”Τ,131083,“‹“s,]“‹ζ,“»‚V’–Ϊ,2019-05-30,19,’“Τi—Φjκ,{ω‚Ή‚Έ,‚ ‚θ
ή“,Τγ‚Λ‚η‚Ά,ι“,»’¬π”Τ,131083,“‹“s,]“‹ζ,–k»‚S’–Ϊ,2019-07-11,13,’“Τi—Φjκ,{ω‚Ή‚Έ,‚Θ‚µ
ή“,Τγ‚Λ‚η‚Ά,ι“,»’¬π”Τ,131083,“‹“s,]“‹ζ,“μ»‚P’–Ϊ,2019-07-24,09,“ΉHγ,{ω‚Ή‚Έ,‚ ‚θ
ή“,Τγ‚Λ‚η‚Ά,ι“,»’¬π”Τ,131083,“‹“s,]“‹ζ,“μ»‚P’–Ϊ,2019-12-25,18,‚»‚Μ‘Ό,{ω‚Ή‚Έ,‚Θ‚µ
ή“,Τγ‚Λ‚η‚Ά,ι“,»’¬π”Τ,131083,“‹“s,]“‹ζ,“μ»‚T’–Ϊ,2019-06-02,14,“ΉHγ,{ω‚Ή‚Έ,‚ ‚θ
ή“,Τγ‚Λ‚η‚Ά,ι“,–k»ά’–Ϊπ”Τ,131083,“‹“s,]“‹ζ,–k»‚P’–Ϊ,2019-09-29,17,“ΉHγ,{ω‚Ή‚Έ,‚ ‚θ
ή“,Τγ‚Λ‚η‚Ά,ι“,–k»ά’–Ϊπ”Τ,131083,“‹“s,]“‹ζ,–k»‚R’–Ϊ,2019-01-28,09,“ΉHγ,{ω‚Ή‚Έ,‚Θ‚µ
ή“,Τγ‚Λ‚η‚Ά,ι“,–k»ά’–Ϊπ”Τ,131083,“‹“s,]“‹ζ,–k»‚T’–Ϊ,2019-06-30,15,‚SK‚ΔΘγ‹¤“―Z‘ξ,{ω‚Ή‚Έ,‚ ‚θ
ή“,Τγ‚Λ‚η‚Ά,ι“,–k»ά’–Ϊπ”Τ,131083,“‹“s,]“‹ζ,–k»‚T’–Ϊ,2019-07-29,12,“ΉHγ,{ω‚Ή‚Έ,‚Θ‚µ
ή“,Τγ‚Λ‚η‚Ά,ι“,–k»ά’–Ϊπ”Τ,131083,“‹“s,]“‹ζ,–k»‚T’–Ϊ,2019-08-30,20,“ΉHγ,{ω‚Ή‚Έ,‚ ‚θ
ή“,Τγ‚Λ‚η‚Ά,ι“,”Τ‹΄π”Τ,131083,“‹“s,]“‹ζ,–k»‚U’–Ϊ,2019-11-07,17,’“Τi—Φjκ,{ω‚Ή‚Έ,‚Θ‚µ
ή“,Τγ‚Λ‚η‚Ά,ι“,”Τ‹΄π”Τ,131083,“‹“s,]“‹ζ,–k»‚V’–Ϊ,2019-02-03,08,“ΉHγ,{ω‚Ή‚Έ,‚ ‚θ
ή“,Τγ‚Λ‚η‚Ά,ι“,”Τ‹΄π”Τ,131083,“‹“s,]“‹ζ,–k»‚V’–Ϊ,2019-11-04,17,’“Τi—Φjκ,{ω‚Ή‚Έ,‚Θ‚µ
ή“,Τγ‚Λ‚η‚Ά,ι“,”Τ‹΄π”Τ,131083,“‹“s,]“‹ζ,“»‚P’–Ϊ,2019-11-15,19,’“Τi—Φjκ,{ω‚Ή‚Έ,‚Θ‚µ
ή“,Τγ‚Λ‚η‚Ά,ι“,”Τ‹΄π”Τ,131083,“‹“s,]“‹ζ,“»‚R’–Ϊ,2019-03-08,19,’“Τi—Φjκ,{ω‚Ή‚Έ,‚Θ‚µ
ή“,Τγ‚Λ‚η‚Ά,ι“,‘ε“‡π”Τ,131083,“‹“s,]“‹ζ,‘ε“‡‚S’–Ϊ,2019-09-17,09,‚SK‚ΔΘγ‹¤“―Z‘ξ,{ω‚Ή‚Έ,‚ ‚θ
ή“,Τγ‚Λ‚η‚Ά,ι“,‘ε“‡π”Τ,131083,“‹“s,]“‹ζ,‘ε“‡‚T’–Ϊ,2019-10-02,21,’“Τi—Φjκ,{ω‚Ή‚Έ,‚Θ‚µ
ή“,Τγ‚Λ‚η‚Ά,ι“,‘ε“‡π”Τ,131083,“‹“s,]“‹ζ,‘ε“‡‚U’–Ϊ,2019-04-12,15,κΛZ‘ξ,{ω‚Ή‚Έ,‚ ‚θ
ή“,Τγ‚Λ‚η‚Ά,ι“,‘ε“‡π”Τ,131083,“‹“s,]“‹ζ,‘ε“‡‚V’–Ϊ,2019-09-28,00,“ΉHγ,{ω‚Ή‚Έ,‚ ‚θ
ή“,Τγ‚Λ‚η‚Ά,ι“,‘ε“‡π”Τ,131083,“‹“s,]“‹ζ,‘ε“‡‚W’–Ϊ,2019-08-20,19,’“Τi—Φjκ,{ω‚Ή‚Έ,‚Θ‚µ
ή“,Τγ‚Λ‚η‚Ά,ι“,‹TΛπ”Τ,131083,“‹“s,]“‹ζ,‘ε“‡‚V’–Ϊ,2019-03-24,13,’“Τi—Φjκ,{ω‚Ή‚Έ,‚Θ‚µ
ή“,Τγ‚Λ‚η‚Ά,ι“,“V_‹΄π”Τ,131083,“‹“s,]“‹ζ,‹TΛ‚Q’–Ϊ,2019-05-16,19,“ΉHγ,{ω‚Ή‚Έ,‚Θ‚µ
ή“,Τγ‚Λ‚η‚Ά,ι“,“V_‹΄π”Τ,131083,“‹“s,]“‹ζ,‹TΛ‚Q’–Ϊ,2019-11-06,16,“ΉHγ,{ω‚Ή‚Έ,‚ ‚θ
ή“,Τγ‚Λ‚η‚Ά,ι“,“V_‹΄π”Τ,131083,“‹“s,]“‹ζ,‹TΛ‚R’–Ϊ,2019-08-27,17,κΛZ‘ξ,{ω‚Ή‚Έ,‚Θ‚µ
ή“,Τγ‚Λ‚η‚Ά,ι“,‹TΛ‰w‘Oπ”Τ,131083,“‹“s,]“‹ζ,‹TΛ‚P’–Ϊ,2019-04-21,19,“ΉHγ,{ω‚Ή‚Έ,‚ ‚θ
ή“,Τγ‚Λ‚η‚Ά,ι“,‹TΛ‰w‘Oπ”Τ,131083,“‹“s,]“‹ζ,‹TΛ‚P’–Ϊ,2019-07-30,13,’“Τi—Φjκ,{ω‚Ή‚Έ,‚Θ‚µ
ή“,Τγ‚Λ‚η‚Ά,ι“,‹TΛ‰w‘Oπ”Τ,131083,“‹“s,]“‹ζ,‹TΛ‚Q’–Ϊ,2019-02-09,17,’“Τi—Φjκ,{ω‚Ή‚Έ,‚Θ‚µ
ή“,Τγ‚Λ‚η‚Ά,ι“,‹TΛ‰w‘Oπ”Τ,131083,“‹“s,]“‹ζ,‹TΛ‚Q’–Ϊ,2019-06-04,12,“ΉHγ,{ω‚Ή‚Έ,‚Θ‚µ
ή“,Τγ‚Λ‚η‚Ά,ι“,‹TΛ‰w‘Oπ”Τ,131083,“‹“s,]“‹ζ,‹TΛ‚T’–Ϊ,2019-02-13,17,’“Τi—Φjκ,{ω‚Ή‚Έ,‚Θ‚µ
ή“,Τγ‚Λ‚η‚Ά,ι“,‹TΛ‰w‘Oπ”Τ,131083,“‹“s,]“‹ζ,‹TΛ‚T’–Ϊ,2019-02-20,21,’“Τi—Φjκ,{ω‚Ή‚Έ,‚Θ‚µ
ή“,Τγ‚Λ‚η‚Ά,ι“,‹TΛ‰w‘Oπ”Τ,131083,“‹“s,]“‹ζ,‹TΛ‚T’–Ϊ,2019-06-20,10,“ΉHγ,{ω‚Ή‚Έ,‚Θ‚µ
ή“,Τγ‚Λ‚η‚Ά,ι“,‹TΛ‰w‘Oπ”Τ,131083,“‹“s,]“‹ζ,‹TΛ‚U’–Ϊ,2019-03-18,17,’“Τi—Φjκ,{ω‚Ή‚Έ,‚Θ‚µ
ή“,Τγ‚Λ‚η‚Ά,ι“,‹TΛ‰w‘Oπ”Τ,131083,“‹“s,]“‹ζ,‹TΛ‚U’–Ϊ,2019-05-07,00,’“Τi—Φjκ,{ω‚Ή‚Έ,‚ ‚θ
ή“,Τγ‚Λ‚η‚Ά,ι“,‹TΛ‰w‘Oπ”Τ,131083,“‹“s,]“‹ζ,‹TΛ‚U’–Ϊ,2019-09-08,10,“ΉHγ,{ω‚Ή‚Έ,‚Θ‚µ
ή“,Τγ‚Λ‚η‚Ά,ι“,“‘ε“‡‰w‘Oπ”Τ,131083,“‹“s,]“‹ζ,‘ε“‡‚V’–Ϊ,2019-07-03,10,‚»‚Μ‘Ό,{ω‚Ή‚Έ,‚ ‚θ
ή“,Τγ‚Λ‚η‚Ά,ι“,“‘ε“‡‰w‘Oπ”Τ,131083,“‹“s,]“‹ζ,‘ε“‡‚V’–Ϊ,2019-10-06,20,’“Τi—Φjκ,{ω‚Ή‚Έ,‚ ‚θ
ή“,Τγ‚Λ‚η‚Ά,ι“,“‘ε“‡‰w‘Oπ”Τ,131083,“‹“s,]“‹ζ,‘ε“‡‚W’–Ϊ,2019-02-08,18,“ΉHγ,{ω‚Ή‚Έ,‚ ‚θ
ή“,Τγ‚Λ‚η‚Ά,ι“,“‘ε“‡‰w‘Oπ”Τ,131083,“‹“s,]“‹ζ,‘ε“‡‚W’–Ϊ,2019-07-18,13,“ΉHγ,{ω‚Ή‚Έ,‚ ‚θ
ή“,Τγ‚Λ‚η‚Ά,ι“,“‘ε“‡‰w‘Oπ”Τ,131083,“‹“s,]“‹ζ,‘ε“‡‚W’–Ϊ,2019-09-27,21,‚»‚Μ‘Ό,{ω‚Ή‚Έ,‚ ‚θ
ή“,Τγ‚Λ‚η‚Ά,–{,—Ό‘π”Τ,131075,“‹“s,–n“c‹ζ,ηΞ‚Q’–Ϊ,2019-04-23,14,“ΉHγ,{ω‚Ή‚Έ,‚ ‚θ
ή“,Τγ‚Λ‚η‚Ά,–{,—Ό‘π”Τ,131075,“‹“s,–n“c‹ζ,—Ό‘‚S’–Ϊ,2019-03-28,21,“ΉHγ,{ω‚Ή‚Έ,‚ ‚θ
ή“,Τγ‚Λ‚η‚Ά,–{,‹eμ“ρ’–Ϊπ”Τ,131075,“‹“s,–n“c‹ζ,]“‹΄‚T’–Ϊ,2019-06-24,17,“ΉHγ,{ω‚Ή‚Έ,‚ ‚θ
ή“,Τγ‚Λ‚η‚Ά,–{,‹eμ“ρ’–Ϊπ”Τ,131075,“‹“s,–n“c‹ζ,—§μ‚S’–Ϊ,2019-09-21,21,“ΉHγ,{ω‚Ή‚Έ,‚Θ‚µ
ή“,Τγ‚Λ‚η‚Ά,–{,]“‹΄π”Τ,131075,“‹“s,–n“c‹ζ,‹T‘ς‚Q’–Ϊ,2019-04-03,21,“ΉHγ,{ω‚Ή‚Έ,‚Θ‚µ
ή“,Τγ‚Λ‚η‚Ά,–{,]“‹΄π”Τ,131075,“‹“s,–n“c‹ζ,‹T‘ς‚Q’–Ϊ,2019-04-20,22,“ΉHγ,{ω‚Ή‚Έ,‚Θ‚µ
ή“,Τγ‚Λ‚η‚Ά,–{,]“‹΄π”Τ,131075,“‹“s,–n“c‹ζ,—Ξ‚S’–Ϊ,2019-03-13,18,“ΉHγ,{ω‚Ή‚Έ,‚Θ‚µ
ή“,Τγ‚Λ‚η‚Ά,–{,‹Ρ…’¬‰w“μϋπ”Τ,131075,“‹“s,–n“c‹ζ,‹Ρ…‚R’–Ϊ,2019-09-10,01,“ΉHγ,{ω‚Ή‚Έ,‚ ‚θ
ή“,Τγ‚Λ‚η‚Ά,–{,‹Ρ…’¬‰w“μϋπ”Τ,131075,“‹“s,–n“c‹ζ,]“‹΄‚Q’–Ϊ,2019-05-18,18,“ΉHγ,{ω‚Ή‚Έ,‚ ‚θ
ή“,Τγ‚Λ‚η‚Ά,–{,‹Ρ…’¬‰w“μϋπ”Τ,131075,“‹“s,–n“c‹ζ,]“‹΄‚R’–Ϊ,2019-02-09,04,‚»‚Μ‘Ό,{ω‚Ή‚Έ,‚ ‚θ
ή“,Τγ‚Λ‚η‚Ά,–{,‹Ρ…’¬‰w“μϋπ”Τ,131075,“‹“s,–n“c‹ζ,]“‹΄‚R’–Ϊ,2019-04-28,10,“ΉHγ,{ω‚Ή‚Έ,‚Θ‚µ
ή“,Τγ‚Λ‚η‚Ά,–{,‹Ρ…’¬‰w“μϋπ”Τ,131075,“‹“s,–n“c‹ζ,]“‹΄‚R’–Ϊ,2019-08-22,20,“ΉHγ,{ω‚Ή‚Έ,‚Θ‚µ
ή“,Τγ‚Λ‚η‚Ά,–{,‹Ρ…’¬‰w“μϋπ”Τ,131075,“‹“s,–n“c‹ζ,]“‹΄‚S’–Ϊ,2019-04-26,12,’“Τi—Φjκ,{ω‚Ή‚Έ,‚Θ‚µ
ή“,Τγ‚Λ‚η‚Ά,–{,‹Ρ…’¬‰w–kϋπ”Τ,131075,“‹“s,–n“c‹ζ,Ξ΄‚S’–Ϊ,2019-10-01,09,“ΉHγ,{ω‚Ή‚Έ,‚ ‚θ
ή“,Τγ‚Λ‚η‚Ά,–{,‹Ρ…’¬‰w–kϋπ”Τ,131075,“‹“s,–n“c‹ζ,‹Ρ…‚P’–Ϊ,2019-11-07,17,“ΉHγ,{ω‚Ή‚Έ,‚Θ‚µ
ή“,Τγ‚Λ‚η‚Ά,–{,‹Ρ…’¬‰w–kϋπ”Τ,131075,“‹“s,–n“c‹ζ,‹Ρ…‚R’–Ϊ,2018-06-04,13,κΛZ‘ξ,{ω‚Ή‚Έ,‚ ‚θ
ή“,Τγ‚Λ‚η‚Ά,–{,‹Ρ…’¬‰w–kϋπ”Τ,131075,“‹“s,–n“c‹ζ,‹Ρ…‚R’–Ϊ,2019-08-30,03,“ΉHγ,{ω‚Ή‚Έ,‚ ‚θ
ή“,Τγ‚Λ‚η‚Ά,–{,‹Ρ…’¬‰w–kϋπ”Τ,131075,“‹“s,–n“c‹ζ,‹Ρ…‚S’–Ϊ,2019-12-16,17,‚»‚Μ‘Ό,{ω‚Ή‚Έ,‚Θ‚µ
ή“,Τγ‚Λ‚η‚Ά,–{,‰΅μπ”Τ,131075,“‹“s,–n“c‹ζ,‘Ύ•½‚Q’–Ϊ,2019-12-08,11,“ΉHγ,{ω‚Ή‚Έ,‚ ‚θ
ή“,Τγ‚Λ‚η‚Ά,–{,‰΅μπ”Τ,131075,“‹“s,–n“c‹ζ,‘Ύ•½‚S’–Ϊ,2019-06-18,16,’“Τi—Φjκ,{ω‚Ή‚Έ,‚Θ‚µ
ή“,Τγ‚Λ‚η‚Ά,–{,‰΅μπ”Τ,131075,“‹“s,–n“c‹ζ,–{‚S’–Ϊ,2019-06-06,02,“ΉHγ,{ω‚Ή‚Έ,‚ ‚θ
ή“,Τγ‚Λ‚η‚Ά,–{,‰΅μπ”Τ,131075,“‹“s,–n“c‹ζ,‰΅μ‚P’–Ϊ,2019-01-21,13,“ΉHγ,{ω‚Ή‚Έ,‚ ‚θ
ή“,Τγ‚Λ‚η‚Ά,–{,‰΅μπ”Τ,131075,“‹“s,–n“c‹ζ,‰΅μ‚R’–Ϊ,2019-06-01,07,’“Τi—Φjκ,{ω‚Ή‚Έ,‚ ‚θ
ή“,Τγ‚Λ‚η‚Ά,–{,ό“‡π”Τ,131075,“‹“s,–n“c‹ζ,ό“‡‚Q’–Ϊ,2019-06-28,18,‚SK‚ΔΘγ‹¤“―Z‘ξ,{ω‚Ή‚Έ,‚ ‚θ
ή“,Τγ‚Λ‚η‚Ά,–{,αΘ‹΄π”Τ,131075,“‹“s,–n“c‹ζ,αΘ‹΄‚R’–Ϊ,2019-01-27,04,’“Τi—Φjκ,{ω‚Ή‚Έ,‚Θ‚µ
ή“,Τγ‚Λ‚η‚Ά,–{,αΘ‹΄π”Τ,131075,“‹“s,–n“c‹ζ,“‹ξ`‚P’–Ϊ,2019-02-10,10,‚SK‚ΔΘγ‹¤“―Z‘ξ,{ω‚Ή‚Έ,‚ ‚θ
ή“,Τγ‚Λ‚η‚Ά,–{,‰΅–Τπ”Τ,131075,“‹“s,–n“c‹ζ,Ξ΄‚Q’–Ϊ,2019-05-15,17,“ΉHγ,{ω‚Ή‚Έ,‚ ‚θ
ή“,Τγ‚Λ‚η‚Ά,–{,Ξ΄O’–Ϊπ”Τ,131075,“‹“s,–n“c‹ζ,Ξ΄‚P’–Ϊ,2019-09-23,15,“ΉHγ,{ω‚Ή‚Έ,‚ ‚θ
ή“,Τγ‚Λ‚η‚Ά,–{,Ξ΄O’–Ϊπ”Τ,131075,“‹“s,–n“c‹ζ,Ξ΄‚S’–Ϊ,2019-10-07,10,“ΉHγ,{ω‚Ή‚Έ,‚ ‚θ
ή“,Τγ‚Λ‚η‚Ά,–{,Ξ΄O’–Ϊπ”Τ,131075,“‹“s,–n“c‹ζ,Ξ΄‚S’–Ϊ,2019-12-14,05,‚SK‚ΔΘγ‹¤“―Z‘ξ,{ω‚Ή‚Έ,‚Θ‚µ
ή“,Τγ‚Λ‚η‚Ά,–{,Ύ–βπ”Τ,131075,“‹“s,–n“c‹ζ,αΘ‹΄‚R’–Ϊ,2019-11-26,18,‚»‚Μ‘Ό,{ω‚Ή‚Έ,‚ ‚θ
ή“,Τγ‚Λ‚η‚Ά,–{,Ύ–βπ”Τ,131075,“‹“s,–n“c‹ζ,ό“‡‚Q’–Ϊ,2019-03-21,18,“ΉHγ,{ω‚Ή‚Έ,‚Θ‚µ
ή“,Τγ‚Λ‚η‚Ά,ό“‡,•½δ‹΄π”Τ,131075,“‹“s,–n“c‹ζ,—§‰Τ‚R’–Ϊ,2019-03-24,13,“ΉHγ,{ω‚Ή‚Έ,‚ ‚θ
ή“,Τγ‚Λ‚η‚Ά,ό“‡,•½δ‹΄π”Τ,131075,“‹“s,–n“c‹ζ,—§‰Τ‚R’–Ϊ,2019-12-08,00,“ΉHγ,{ω‚Ή‚Έ,‚Θ‚µ
ή“,Τγ‚Λ‚η‚Ά,ό“‡,•½δ‹΄π”Τ,131075,“‹“s,–n“c‹ζ,—§‰Τ‚R’–Ϊ,2019-12-30,14,’“Τi—Φjκ,{ω‚Ή‚Έ,‚ ‚θ
ή“,Τγ‚Λ‚η‚Ά,ό“‡,¬‘Ίδπ”Τ,131075,“‹“s,–n“c‹ζ,—§‰Τ‚S’–Ϊ,2019-03-23,22,‚»‚Μ‘Ό,{ω‚Ή‚Έ,‚ ‚θ
ή“,Τγ‚Λ‚η‚Ά,ό“‡,¬‘Ίδπ”Τ,131075,“‹“s,–n“c‹ζ,•¶‰Τ‚P’–Ϊ,2019-03-02,18,“ΉHγ,{ω‚Ή‚Έ,‚Θ‚µ
ή“,Τγ‚Λ‚η‚Ά,ό“‡,‹“‡“ρ’–Ϊπ”Τ,131075,“‹“s,–n“c‹ζ,‹“‡‚P’–Ϊ,2019-03-21,04,“ΉHγ,{ω‚Ή‚Έ,‚Θ‚µ
ή“,Τγ‚Λ‚η‚Ά,ό“‡,‹“‡“ρ’–Ϊπ”Τ,131075,“‹“s,–n“c‹ζ,‹“‡‚P’–Ϊ,2019-05-02,17,“ΉHγ,{ω‚Ή‚Έ,‚ ‚θ
ή“,Τγ‚Λ‚η‚Ά,ό“‡,‰gMπ”Τ,131075,“‹“s,–n“c‹ζ,‰γ‚Q’–Ϊ,2019-01-17,06,“ΉHγ,{ω‚Ή‚Έ,‚Θ‚µ
ή“,Τγ‚Λ‚η‚Ά,ό“‡,‰gMπ”Τ,131075,“‹“s,–n“c‹ζ,‰γ‚Q’–Ϊ,2019-02-23,17,“ΉHγ,{ω‚Ή‚Έ,‚ ‚θ
ή“,Τγ‚Λ‚η‚Ά,ό“‡,‰gMπ”Τ,131075,“‹“s,–n“c‹ζ,“–n“c‚P’–Ϊ,2019-01-11,15,“ΉHγ,{ω‚Ή‚Έ,‚Θ‚µ
ή“,Τγ‚Λ‚η‚Ά,ό“‡,‰gMπ”Τ,131075,“‹“s,–n“c‹ζ,“ό“‡‚Q’–Ϊ,2019-05-04,00,“ΉHγ,{ω‚Ή‚Έ,‚ ‚θ
ή“,Τγ‚Λ‚η‚Ά,ό“‡,‰gMπ”Τ,131075,“‹“s,–n“c‹ζ,“ό“‡‚Q’–Ϊ,2019-07-29,11,’“Τi—Φjκ,{ω‚Ή‚Έ,‚ ‚θ
ή“,Τγ‚Λ‚η‚Ά,ό“‡,‰gMπ”Τ,131075,“‹“s,–n“c‹ζ,“ό“‡‚Q’–Ϊ,2019-10-09,17,“ΉHγ,{ω‚Ή‚Έ,‚Θ‚µ
ή“,Τγ‚Λ‚η‚Ά,ό“‡,“ό“‡π”Τ,131075,“‹“s,–n“c‹ζ,‹“‡‚P’–Ϊ,2019-04-24,18,’“Τi—Φjκ,{ω‚Ή‚Έ,‚Θ‚µ
ή“,Τγ‚Λ‚η‚Ά,ό“‡,”’ιΆ‹΄π”Τ,131075,“‹“s,–n“c‹ζ,–n“c‚Q’–Ϊ,2019-06-05,17,’“Τi—Φjκ,{ω‚Ή‚Έ,‚Θ‚µ
ή“,Τγ‚Λ‚η‚Ά,ό“‡,”’ιΆ‹΄π”Τ,131075,“‹“s,–n“c‹ζ,–n“c‚Q’–Ϊ,2019-07-04,08,“ΉHγ,{ω‚Ή‚Έ,‚ ‚θ
ή“,Τγ‚Λ‚η‚Ά,ό“‡,”’ιΆ‹΄π”Τ,131075,“‹“s,–n“c‹ζ,’η’Κ‚P’–Ϊ,2019-03-10,09,‚»‚Μ‘Ό,{ω‚Ή‚Έ,‚Θ‚µ
ή“,Τγ‚Λ‚η‚Ά,ό“‡,ΰƒP•£‰w‘Oπ”Τ,131075,“‹“s,–n“c‹ζ,–n“c‚S’–Ϊ,2019-04-17,07,’“Τi—Φjκ,{ω‚Ή‚Έ,‚ ‚θ
ή“,Τγ‚Λ‚η‚Ά,ό“‡,–n“cO’–Ϊπ”Τ,131075,“‹“s,–n“c‹ζ,“ό“‡‚T’–Ϊ,2019-01-11,15,“ΉHγ,{ω‚Ή‚Έ,‚ ‚θ
ή“,Τγ‚Λ‚η‚Ά,ό“‡,”ªLl’–Ϊπ”Τ,131075,“‹“s,–n“c‹ζ,”ªL‚P’–Ϊ,2019-11-14,20,“ΉHγ,{ω‚Ή‚Έ,‚ ‚θ
ή“,Τγ‚Λ‚η‚Ά,ό“‡,”ªLl’–Ϊπ”Τ,131075,“‹“s,–n“c‹ζ,”ªL‚Q’–Ϊ,2019-04-13,16,“ΉHγ,{ω‚Ή‚Έ,‚ ‚θ
ή“,Τγ‚Λ‚η‚Ά,ό“‡,”ªLl’–Ϊπ”Τ,131075,“‹“s,–n“c‹ζ,”ªL‚S’–Ϊ,2019-02-04,07,“ΉHγ,{ω‚Ή‚Έ,‚ ‚θ
ή“,Τγ‚Λ‚η‚Ά,ό“‡,’η’Κ’“έ,131075,“‹“s,–n“c‹ζ,’η’Κ‚P’–Ϊ,2019-03-10,09,‚SK‚ΔΘγ‹¤“―Z‘ξ,{ω‚Ή‚Έ,‚ ‚θ
ή“,Τγ‚Λ‚η‚Ά,‹T—L,¬›π”Τ,131229,“‹“s,‹ό‹ζ,¬›‚R’–Ϊ,2019-02-14,11,’“Τi—Φjκ,{ω‚Ή‚Έ,‚ ‚θ
ή“,Τγ‚Λ‚η‚Ά,‹T—L,¬›π”Τ,131229,“‹“s,‹ό‹ζ,¬›‚R’–Ϊ,2019-05-11,08,‚»‚Μ‘Ό‚ΜZ‘ξi‚RK‚ΔΘ‰Ί‹¤“―Z‘ξ“™j,{ω‚Ή‚Έ,‚ ‚θ
ή“,Τγ‚Λ‚η‚Ά,‹T—L,–xΨµ’–Ϊπ”Τ,131229,“‹“s,‹ό‹ζ,“–xΨ‚R’–Ϊ,2019-11-02,19,“ΉHγ,{ω‚Ή‚Έ,‚ ‚θ
ή“,Τγ‚Λ‚η‚Ά,‹T—L,–xΨµ’–Ϊπ”Τ,131229,“‹“s,‹ό‹ζ,–xΨ‚U’–Ϊ,2019-09-23,16,“ΉHγ,{ω‚Ή‚Έ,‚ ‚θ
ή“,Τγ‚Λ‚η‚Ά,‹T—L,‚¨‰Τ’ƒ‰®π”Τ,131229,“‹“s,‹ό‹ζ,”’’Ή‚P’–Ϊ,2019-12-18,08,’“Τi—Φjκ,{ω‚Ή‚Έ,‚ ‚θ
ή“,Τγ‚Λ‚η‚Ά,‹T—L,ΒΛπ”Τ,131229,“‹“s,‹ό‹ζ,ΒΛ‚R’–Ϊ,2019-04-18,20,’“Τi—Φjκ,{ω‚Ή‚Έ,‚ ‚θ
ή“,Τγ‚Λ‚η‚Ά,‹T—L,ΒΛπ”Τ,131229,“‹“s,‹ό‹ζ,ΒΛ‚S’–Ϊ,2018-09-01,•s–Ύ,‚»‚Μ‘Ό,{ω‚Ή‚Έ,‚Θ‚µ
ή“,Τγ‚Λ‚η‚Ά,‹T—L,ΒΛπ”Τ,131229,“‹“s,‹ό‹ζ,ΒΛ‚S’–Ϊ,2019-02-23,17,‚»‚Μ‘Ό,{ω‚Ή‚Έ,‚ ‚θ
ή“,Τγ‚Λ‚η‚Ά,‹T—L,ΒΛπ”Τ,131229,“‹“s,‹ό‹ζ,ΒΛ‚S’–Ϊ,2019-04-25,17,‚»‚Μ‘Ό,{ω‚Ή‚Έ,‚ ‚θ
ή“,Τγ‚Λ‚η‚Ά,‹T—L,ΒΛπ”Τ,131229,“‹“s,‹ό‹ζ,ΒΛ‚S’–Ϊ,2019-12-16,17,‚»‚Μ‘Ό,{ω‚Ή‚Έ,‚Θ‚µ
ή“,Τγ‚Λ‚η‚Ά,‹T—L,ΒΛπ”Τ,131229,“‹“s,‹ό‹ζ,”’’Ή‚S’–Ϊ,2019-09-23,17,‚SK‚ΔΘγ‹¤“―Z‘ξ,{ω‚Ή‚Έ,‚ ‚θ
ή“,Τγ‚Λ‚η‚Ά,‹T—L,‹T—L‰w“μϋπ”Τ,131229,“‹“s,‹ό‹ζ,‹T—L‚Q’–Ϊ,2019-09-05,10,“ΉHγ,{ω‚Ή‚Έ,‚Θ‚µ
ή“,Τγ‚Λ‚η‚Ά,‹T—L,‹T—L‰w“μϋπ”Τ,131229,“‹“s,‹ό‹ζ,‹T—L‚Q’–Ϊ,2019-10-21,10,‚SK‚ΔΘγ‹¤“―Z‘ξ,{ω‚Ή‚Έ,‚Θ‚µ
ή“,Τγ‚Λ‚η‚Ά,‹T—L,‹T—L‰w“μϋπ”Τ,131229,“‹“s,‹ό‹ζ,‹T—L‚R’–Ϊ,2019-06-24,14,’“Τi—Φjκ,{ω‚Ή‚Έ,‚ ‚θ
ή“,Τγ‚Λ‚η‚Ά,‹T—L,‹T—L‰w“μϋπ”Τ,131229,“‹“s,‹ό‹ζ,‹T—L‚R’–Ϊ,2019-06-30,21,’“Τi—Φjκ,{ω‚Ή‚Έ,‚Θ‚µ
ή“,Τγ‚Λ‚η‚Ά,‹T—L,‹T—L‰w“μϋπ”Τ,131229,“‹“s,‹ό‹ζ,‹T—L‚R’–Ϊ,2019-07-09,21,’“Τi—Φjκ,{ω‚Ή‚Έ,‚ ‚θ
ή“,Τγ‚Λ‚η‚Ά,‹T—L,‹T—L‰w“μϋπ”Τ,131229,“‹“s,‹ό‹ζ,‹T—L‚R’–Ϊ,2019-07-25,08,’“Τi—Φjκ,{ω‚Ή‚Έ,‚Θ‚µ
ή“,Τγ‚Λ‚η‚Ά,‹T—L,‹T—L‰w“μϋπ”Τ,131229,“‹“s,‹ό‹ζ,‹T—L‚R’–Ϊ,2019-07-27,09,“ΉHγ,{ω‚Ή‚Έ,‚Θ‚µ
ή“,Τγ‚Λ‚η‚Ά,‹T—L,‹T—L‰w“μϋπ”Τ,131229,“‹“s,‹ό‹ζ,‹T—L‚R’–Ϊ,2019-08-26,18,“ΉHγ,{ω‚Ή‚Έ,‚Θ‚µ
ή“,Τγ‚Λ‚η‚Ά,‹T—L,‹T—L‰w“μϋπ”Τ,131229,“‹“s,‹ό‹ζ,‹T—L‚R’–Ϊ,2019-10-20,20,“ΉHγ,{ω‚Ή‚Έ,‚Θ‚µ
ή“,Τγ‚Λ‚η‚Ά,‹T—L,‹T—L‰w“μϋπ”Τ,131229,“‹“s,‹ό‹ζ,‹T—L‚R’–Ϊ,2019-11-02,20,’“Τi—Φjκ,{ω‚Ή‚Έ,‚Θ‚µ
ή“,Τγ‚Λ‚η‚Ά,‹T—L,‹T—L‰w“μϋπ”Τ,131229,“‹“s,‹ό‹ζ,‹T—L‚S’–Ϊ,2019-04-04,20,‚»‚Μ‘Ό,{ω‚Ή‚Έ,‚Θ‚µ
ή“,Τγ‚Λ‚η‚Ά,‹T—L,‹T—L‰w–kϋπ”Τ,131229,“‹“s,‹ό‹ζ,‹T—L‚T’–Ϊ,2019-07-03,08,‚SK‚ΔΘγ‹¤“―Z‘ξ,{ω‚Ή‚Έ,‚Θ‚µ
ή“,Τγ‚Λ‚η‚Ά,‹T—L,‹T—L‰w–kϋπ”Τ,131229,“‹“s,‹ό‹ζ,‹T—L‚T’–Ϊ,2019-08-27,11,’“Τi—Φjκ,{ω‚Ή‚Έ,‚Θ‚µ
ή“,Τγ‚Λ‚η‚Ά,‹T—L,‹T—L‰w–kϋπ”Τ,131229,“‹“s,‹ό‹ζ,‹T—L‚T’–Ϊ,2019-09-29,20,‚SK‚ΔΘγ‹¤“―Z‘ξ,{ω‚Ή‚Έ,‚Θ‚µ
ή“,Τγ‚Λ‚η‚Ά,‹T—L,‹ΰ’¬‰w“μϋπ”Τ,131229,“‹“s,‹ό‹ζ,‹ΰ’¬‚Q’–Ϊ,2019-09-13,08,“ΉHγ,{ω‚Ή‚Έ,‚ ‚θ
ή“,Τγ‚Λ‚η‚Ά,‹T—L,‹ΰ’¬‰w“μϋπ”Τ,131229,“‹“s,‹ό‹ζ,‹ΰ’¬‚U’–Ϊ,2019-10-30,02,’“Τi—Φjκ,{ω‚Ή‚Έ,‚ ‚θ
ή“,Τγ‚Λ‚η‚Ά,‹T—L,Ό‹T—Lπ”Τ,131229,“‹“s,‹ό‹ζ,‹T—L‚S’–Ϊ,2019-02-17,15,’“Τi—Φjκ,{ω‚Ή‚Έ,‚Θ‚µ
ή“,Τγ‚Λ‚η‚Ά,‹T—L,Ό‹T—Lπ”Τ,131229,“‹“s,‹ό‹ζ,‹T—L‚S’–Ϊ,2019-06-17,12,’“Τi—Φjκ,{ω‚Ή‚Έ,‚Θ‚µ
ή“,Τγ‚Λ‚η‚Ά,‹T—L,Ό‹T—Lπ”Τ,131229,“‹“s,‹ό‹ζ,Ό‹T—L‚P’–Ϊ,2019-08-17,21,‚»‚Μ‘Ό,{ω‚Ή‚Έ,‚Θ‚µ
ή“,Τγ‚Λ‚η‚Ά,‹T—L,Ό‹T—Lπ”Τ,131229,“‹“s,‹ό‹ζ,Ό‹T—L‚P’–Ϊ,2019-12-03,16,‚»‚Μ‘Ό,{ω‚Ή‚Έ,‚ ‚θ
ή“,Τγ‚Λ‚η‚Ά,‹T—L,Ό‹T—Lπ”Τ,131229,“‹“s,‹ό‹ζ,Ό‹T—L‚Q’–Ϊ,2019-09-13,18,“ΉHγ,{ω‚Ή‚Έ,‚Θ‚µ
ή“,Τγ‚Λ‚η‚Ά,‹T—L,‹ΰ’¬‰w–kϋπ”Τ,131229,“‹“s,‹ό‹ζ,“‹ΰ’¬‚P’–Ϊ,2019-08-28,06,‚»‚Μ‘Ό,{ω‚Ή‚Έ,‚ ‚θ
ή“,Τγ‚Λ‚η‚Ά,‹T—L,‹ΰ’¬‰w–kϋπ”Τ,131229,“‹“s,‹ό‹ζ,“‹ΰ’¬‚P’–Ϊ,2019-09-10,14,‚»‚Μ‘Ό,{ω‚Ή‚Έ,‚Θ‚µ
ή“,Τγ‚Λ‚η‚Ά,‹T—L,‹ΰ’¬‰w–kϋπ”Τ,131229,“‹“s,‹ό‹ζ,“‹ΰ’¬‚P’–Ϊ,2019-11-10,12,’“Τi—Φjκ,{ω‚Ή‚Έ,‚Θ‚µ
ή“,Τγ‚Λ‚η‚Ά,‹T—L,“‹ΰ’¬π”Τ,131229,“‹“s,‹ό‹ζ,“‹ΰ’¬‚W’–Ϊ,2019-09-04,10,“ΉHγ,{ω‚Ή‚Έ,‚Θ‚µ
ή“,Τγ‚Λ‚η‚Ά,‹T—L,…³φ‰€‘Oπ”Τ,131229,“‹“s,‹ό‹ζ,“…³‚P’–Ϊ,2019-01-14,09,‚»‚Μ‘Ό‚ΜZ‘ξi‚RK‚ΔΘ‰Ί‹¤“―Z‘ξ“™j,{ω‚Ή‚Έ,‚ ‚θ
ή“,Τγ‚Λ‚η‚Ά,‹T—L,…³φ‰€‘Oπ”Τ,131229,“‹“s,‹ό‹ζ,“…³‚R’–Ϊ,2019-11-30,08,“ΉHγ,{ω‚Ή‚Έ,‚ ‚θ
ή“,Τγ‚Λ‚η‚Ά,‹T—L,…³φ‰€‘Oπ”Τ,131229,“‹“s,‹ό‹ζ,…³‚P’–Ϊ,2019-08-28,08,“ΉHγ,{ω‚Ή‚Έ,‚ ‚θ
ή“,Τγ‚Λ‚η‚Ά,‹T—L,…³φ‰€‘Oπ”Τ,131229,“‹“s,‹ό‹ζ,…³‚P’–Ϊ,2019-10-30,17,“ΉHγ,{ω‚Ή‚Έ,‚ ‚θ
ή“,Τγ‚Λ‚η‚Ά,‹T—L,…³φ‰€‘Oπ”Τ,131229,“‹“s,‹ό‹ζ,…³‚R’–Ϊ,2019-01-17,17,’“Τi—Φjκ,{ω‚Ή‚Έ,‚Θ‚µ
ή“,Τγ‚Λ‚η‚Ά,‹T—L,…³φ‰€‘Oπ”Τ,131229,“‹“s,‹ό‹ζ,“μ…³‚R’–Ϊ,2019-05-11,16,‚SK‚ΔΘγ‹¤“―Z‘ξ,{ω‚Ή‚Έ,‚Θ‚µ
ή“,Τγ‚Λ‚η‚Ά,‹T—L,…³φ‰€‘Oπ”Τ,131229,“‹“s,‹ό‹ζ,“μ…³‚S’–Ϊ,2019-08-29,16,‚SK‚ΔΘγ‹¤“―Z‘ξ,{ω‚Ή‚Έ,‚Θ‚µ
ή“,Τγ‚Λ‚η‚Ά,‹T—L,Ό…³’“έ,131229,“‹“s,‹ό‹ζ,Ό…³‚S’–Ϊ,2018-01-30,00,‚»‚Μ‘Ό,{ω‚Ή‚Έ,‚Θ‚µ
ή“,Τγ‚Λ‚η‚Ά,‹T—L,Ό…³’“έ,131229,“‹“s,‹ό‹ζ,Ό…³‚U’–Ϊ,2019-07-20,17,’“Τi—Φjκ,{ω‚Ή‚Έ,‚Θ‚µ
ή“,Τγ‚Λ‚η‚Ά,‹T—L,Δ–”“ρ’–Ϊπ”Τ,131229,“‹“s,‹ό‹ζ,Vh‚P’–Ϊ,2019-08-21,08,“ΉHγ,{ω‚Ή‚Έ,‚ ‚θ
ή“,Τγ‚Λ‚η‚Ά,‹T—L,“μ…³π”Τ,131229,“‹“s,‹ό‹ζ,Vh‚U’–Ϊ,2019-01-29,11,’“Τi—Φjκ,{ω‚Ή‚Έ,‚Θ‚µ
ή“,Τγ‚Λ‚η‚Ά,‹T—L,‹O‹΄π”Τ,131229,“‹“s,‹ό‹ζ,Ό…³‚U’–Ϊ,2019-09-07,18,‚»‚Μ‘Ό‚ΜZ‘ξi‚RK‚ΔΘ‰Ί‹¤“―Z‘ξ“™j,{ω‚Ή‚Έ,‚ ‚θ
ή“,Τγ‚Λ‚η‚Ά,‹T—L,‹O‹΄π”Τ,131229,“‹“s,‹ό‹ζ,…³‚P’–Ϊ,2019-10-06,10,’“Τi—Φjκ,{ω‚Ή‚Έ,‚Θ‚µ
ή“,Τγ‚Λ‚η‚Ά,‹T—L,‹O‹΄π”Τ,131229,“‹“s,‹ό‹ζ,…³‚Q’–Ϊ,2019-05-02,18,’“Τi—Φjκ,{ω‚Ή‚Έ,‚Θ‚µ
ή“,Τγ‚Λ‚η‚Ά,‹T—L,‹O‹΄π”Τ,131229,“‹“s,‹ό‹ζ,…³‚Q’–Ϊ,2019-08-22,13,“ΉHγ,{ω‚Ή‚Έ,‚ ‚θ
ή“,Τγ‚Λ‚η‚Ά,‹T—L,‹O‹΄π”Τ,131229,“‹“s,‹ό‹ζ,…³‚Q’–Ϊ,2019-08-22,16,’“Τi—Φjκ,{ω‚Ή‚Έ,‚Θ‚µ
ή“,Τγ‚Λ‚η‚Ά,‹T—L,‹O‹΄π”Τ,131229,“‹“s,‹ό‹ζ,…³‚Q’–Ϊ,2019-10-07,17,’“Τi—Φjκ,{ω‚Ή‚Έ,‚Θ‚µ
ή“,Τγ‚Λ‚η‚Ά,‹T—L,‹O‹΄π”Τ,131229,“‹“s,‹ό‹ζ,…³‚Q’–Ϊ,2019-10-16,17,“ΉHγ,{ω‚Ή‚Έ,‚ ‚θ
ή“,Τγ‚Λ‚η‚Ά,‹ό,lƒc–Ψπ”Τ,131229,“‹“s,‹ό‹ζ,l‚Β–Ψ‚Q’–Ϊ,2019-05-15,15,‚»‚Μ‘Ό,{ω‚Ή‚Έ,‚Θ‚µ
ή“,Τγ‚Λ‚η‚Ά,‹ό,lƒc–Ψπ”Τ,131229,“‹“s,‹ό‹ζ,l‚Β–Ψ‚Q’–Ϊ,2019-07-23,14,‚»‚Μ‘Ό,{ω‚Ή‚Έ,‚ ‚θ
ή“,Τγ‚Λ‚η‚Ά,‹ό,lƒc–Ψπ”Τ,131229,“‹“s,‹ό‹ζ,l‚Β–Ψ‚R’–Ϊ,2019-11-18,16,‚»‚Μ‘Ό,{ω‚Ή‚Έ,‚ ‚θ
ή“,Τγ‚Λ‚η‚Ά,‹ό,lƒc–Ψπ”Τ,131229,“‹“s,‹ό‹ζ,l‚Β–Ψ‚S’–Ϊ,2019-10-13,15,κΛZ‘ξ,{ω‚Ή‚Έ,‚Θ‚µ
ή“,Τγ‚Λ‚η‚Ά,‹ό,–xΨ‰w‘Oπ”Τ,131229,“‹“s,‹ό‹ζ,–xΨ‚Q’–Ϊ,2019-06-30,16,“ΉHγ,{ω‚Ή‚Έ,‚ ‚θ
ή“,Τγ‚Λ‚η‚Ά,‹ό,–xΨ‰w‘Oπ”Τ,131229,“‹“s,‹ό‹ζ,–xΨ‚R’–Ϊ,2019-02-20,13,‚»‚Μ‘Ό,{ω‚Ή‚Έ,‚ ‚θ
ή“,Τγ‚Λ‚η‚Ά,‹ό,–xΨ‰w‘Oπ”Τ,131229,“‹“s,‹ό‹ζ,–xΨ‚R’–Ϊ,2019-07-15,13,“ΉHγ,{ω‚Ή‚Έ,‚ ‚θ
ή“,Τγ‚Λ‚η‚Ά,‹ό,–xΨ‰w‘Oπ”Τ,131229,“‹“s,‹ό‹ζ,–xΨ‚R’–Ϊ,2019-09-23,16,‚SK‚ΔΘγ‹¤“―Z‘ξ,{ω‚Ή‚Έ,‚Θ‚µ
ή“,Τγ‚Λ‚η‚Ά,‹ό,–xΨ‰w‘Oπ”Τ,131229,“‹“s,‹ό‹ζ,–xΨ‚S’–Ϊ,2019-01-20,18,“ΉHγ,{ω‚Ή‚Έ,‚ ‚θ
ή“,Τγ‚Λ‚η‚Ά,‹ό,–xΨ‰w‘Oπ”Τ,131229,“‹“s,‹ό‹ζ,–xΨ‚S’–Ϊ,2019-03-13,21,“ΉHγ,{ω‚Ή‚Έ,‚Θ‚µ
ή“,Τγ‚Λ‚η‚Ά,‹ό,•σ’¬π”Τ,131229,“‹“s,‹ό‹ζ,l‚Β–Ψ‚T’–Ϊ,2019-01-04,12,“ΉHγ,{ω‚Ή‚Έ,‚Θ‚µ
ή“,Τγ‚Λ‚η‚Ά,‹ό,•σ’¬π”Τ,131229,“‹“s,‹ό‹ζ,l‚Β–Ψ‚T’–Ϊ,2019-12-05,15,‚»‚Μ‘Ό,{ω‚Ή‚Έ,‚ ‚θ
ή“,Τγ‚Λ‚η‚Ά,‹ό,—§Ξπ”Τ,131229,“‹“s,‹ό‹ζ,—§Ξ‚P’–Ϊ,2019-10-16,02,“ΉHγ,{ω‚Ή‚Έ,‚Θ‚µ
ή“,Τγ‚Λ‚η‚Ά,‹ό,—§Ξ‰w‘Oπ”Τ,131229,“‹“s,‹ό‹ζ,—§Ξ‚T’–Ϊ,2019-08-05,09,‚»‚Μ‘Ό,{ω‚Ή‚Έ,‚ ‚θ
ή“,Τγ‚Λ‚η‚Ά,‹ό,—§Ξ‰w‘Oπ”Τ,131229,“‹“s,‹ό‹ζ,—§Ξ‚U’–Ϊ,2019-03-11,16,“ΉHγ,{ω‚Ή‚Έ,‚ ‚θ
ή“,Τγ‚Λ‚η‚Ά,‹ό,—§Ξ‰w‘Oπ”Τ,131229,“‹“s,‹ό‹ζ,—§Ξ‚U’–Ϊ,2019-03-17,14,‚SK‚ΔΘγ‹¤“―Z‘ξ,{ω‚Ή‚Έ,‚Θ‚µ
ή“,Τγ‚Λ‚η‚Ά,‹ό,‚»‰w‘Oπ”Τ,131229,“‹“s,‹ό‹ζ,‚»‚R’–Ϊ,2019-11-16,10,’“Τi—Φjκ,{ω‚Ή‚Έ,‚Θ‚µ
ή“,Τγ‚Λ‚η‚Ά,‹ό,‚»‰w‘Oπ”Τ,131229,“‹“s,‹ό‹ζ,‚»‚T’–Ϊ,2019-04-17,11,’“Τi—Φjκ,{ω‚Ή‚Έ,‚Θ‚µ
ή“,Τγ‚Λ‚η‚Ά,‹ό,Χ“cπ”Τ,131229,“‹“s,‹ό‹ζ,Χ“c‚S’–Ϊ,2019-07-24,20,’“Τi—Φjκ,{ω‚Ή‚Έ,‚ ‚θ
ή“,Τγ‚Λ‚η‚Ά,‹ό,Χ“cπ”Τ,131229,“‹“s,‹ό‹ζ,Χ“c‚T’–Ϊ,2019-08-02,14,‚»‚Μ‘Ό,{ω‚Ή‚Έ,‚Θ‚µ
ή“,Τγ‚Λ‚η‚Ά,‹ό,Χ“cπ”Τ,131229,“‹“s,‹ό‹ζ,Χ“c‚T’–Ϊ,2019-08-04,03,‚»‚Μ‘Ό,{ω‚Ή‚Έ,‚Θ‚µ
ή“,Τγ‚Λ‚η‚Ά,‹ό,V¬β‰w‘Oπ”Τ,131229,“‹“s,‹ό‹ζ,V¬β‚P’–Ϊ,2019-02-12,17,’“Τi—Φjκ,{ω‚Ή‚Έ,‚Θ‚µ
ή“,Τγ‚Λ‚η‚Ά,‹ό,V¬β‰w‘Oπ”Τ,131229,“‹“s,‹ό‹ζ,V¬β‚P’–Ϊ,2019-03-05,17,‚»‚Μ‘Ό,{ω‚Ή‚Έ,‚Θ‚µ
ή“,Τγ‚Λ‚η‚Ά,‹ό,V¬β‰w‘Oπ”Τ,131229,“‹“s,‹ό‹ζ,V¬β‚P’–Ϊ,2019-05-28,11,“ΉHγ,{ω‚Ή‚Έ,‚ ‚θ
ή“,Τγ‚Λ‚η‚Ά,‹ό,V¬β‰w‘Oπ”Τ,131229,“‹“s,‹ό‹ζ,V¬β‚P’–Ϊ,2019-10-07,16,“ΉHγ,{ω‚Ή‚Έ,‚Θ‚µ
ή“,Τγ‚Λ‚η‚Ά,‹ό,V¬β‰w‘Oπ”Τ,131229,“‹“s,‹ό‹ζ,V¬β‚P’–Ϊ,2019-12-19,10,’“Τi—Φjκ,{ω‚Ή‚Έ,‚Θ‚µ
ή“,Τγ‚Λ‚η‚Ά,‹ό,V¬β‰w‘Oπ”Τ,131229,“‹“s,‹ό‹ζ,V¬β‚Q’–Ϊ,2019-06-05,15,“ΉHγ,{ω‚Ή‚Έ,‚ ‚θ
ή“,Τγ‚Λ‚η‚Ά,‹ό,‚½‚Β‚έ‹΄π”Τ,131229,“‹“s,‹ό‹ζ,ΌV¬β‚P’–Ϊ,2019-08-16,11,‚»‚Μ‘Ό,{ω‚Ή‚Έ,‚ ‚θ
ή“,Τγ‚Λ‚η‚Ά,‹ό,‚½‚Β‚έ‹΄π”Τ,131229,“‹“s,‹ό‹ζ,ΌV¬β‚P’–Ϊ,2019-09-09,23,“ΉHγ,{ω‚Ή‚Έ,‚ ‚θ
ή“,Τγ‚Λ‚η‚Ά,‹ό,‚½‚Β‚έ‹΄π”Τ,131229,“‹“s,‹ό‹ζ,ΌV¬β‚P’–Ϊ,2019-11-02,13,’“Τi—Φjκ,{ω‚Ή‚Έ,‚Θ‚µ
ή“,Τγ‚Λ‚η‚Ά,‹ό,‚½‚Β‚έ‹΄π”Τ,131229,“‹“s,‹ό‹ζ,ΌV¬β‚S’–Ϊ,2019-04-04,15,‚»‚Μ‘Ό,{ω‚Ή‚Έ,‚Θ‚µ
ή“,Τγ‚Λ‚η‚Ά,‹ό,‚½‚Β‚έ‹΄π”Τ,131229,“‹“s,‹ό‹ζ,ΌV¬β‚S’–Ϊ,2019-07-30,17,“ΉHγ,{ω‚Ή‚Έ,‚Θ‚µ
ή“,Τγ‚Λ‚η‚Ά,‹ό,‚½‚Β‚έ‹΄π”Τ,131229,“‹“s,‹ό‹ζ,ΌV¬β‚S’–Ϊ,2019-12-28,15,‚»‚Μ‘Ό,{ω‚Ή‚Έ,‚Θ‚µ
ή“,Τγ‚Λ‚η‚Ά,‹ό,‚½‚Β‚έ‹΄π”Τ,131229,“‹“s,‹ό‹ζ,“V¬β‚P’–Ϊ,2019-06-02,18,‚»‚Μ‘Ό,{ω‚Ή‚Έ,‚ ‚θ
ή“,Τγ‚Λ‚η‚Ά,‹ό,‚½‚Β‚έ‹΄π”Τ,131229,“‹“s,‹ό‹ζ,“V¬β‚T’–Ϊ,2019-09-24,20,“ΉHγ,{ω‚Ή‚Έ,‚ ‚θ
ή“,Τγ‚Λ‚η‚Ά,‹ό,γ•½δπ”Τ,131229,“‹“s,‹ό‹ζ,“V¬β‚W’–Ϊ,2019-07-31,17,‚»‚Μ‘Ό,{ω‚Ή‚Έ,‚Θ‚µ
ή“,Τγ‚Λ‚η‚Ά,‹ό,•½a‹΄π”Τ,131229,“‹“s,‹ό‹ζ,“—§Ξ‚P’–Ϊ,2019-07-19,06,‚»‚Μ‘Ό,{ω‚Ή‚Έ,‚ ‚θ
ή“,Τγ‚Λ‚η‚Ά,‹ό,•½a‹΄π”Τ,131229,“‹“s,‹ό‹ζ,“—§Ξ‚S’–Ϊ,2019-03-27,17,‚SK‚ΔΘγ‹¤“―Z‘ξ,{ω‚Ή‚Έ,‚Θ‚µ
ή“,Τγ‚Λ‚η‚Ά,‹ό,lƒc–Ψ‰w‘Oπ”Τ,131229,“‹“s,‹ό‹ζ,“l‚Β–Ψ‚Q’–Ϊ,2019-05-16,10,“ΉHγ,{ω‚Ή‚Έ,‚ ‚θ
ή“,Τγ‚Λ‚η‚Ά,‹ό,lƒc–Ψ‰w‘Oπ”Τ,131229,“‹“s,‹ό‹ζ,“l‚Β–Ψ‚R’–Ϊ,2019-09-09,20,“ΉHγ,{ω‚Ή‚Έ,‚ ‚θ
ή“,Τγ‚Λ‚η‚Ά,‹ό,lƒc–Ψ‰w‘Oπ”Τ,131229,“‹“s,‹ό‹ζ,“l‚Β–Ψ‚S’–Ϊ,2019-02-11,18,‚»‚Μ‘Ό,{ω‚Ή‚Έ,‚ ‚θ
ή“,Τγ‚Λ‚η‚Ά,‹ό,‰Λπ”Τ,131229,“‹“s,‹ό‹ζ,‰Λ‚R’–Ϊ,2019-04-18,16,‚»‚Μ‘Ό,{ω‚Ή‚Έ,‚ ‚θ
ή“,Τγ‚Λ‚η‚Ά,‹ό,‰Λπ”Τ,131229,“‹“s,‹ό‹ζ,‰Λ‚R’–Ϊ,2019-08-15,02,‚»‚Μ‘Ό‚ΜZ‘ξi‚RK‚ΔΘ‰Ί‹¤“―Z‘ξ“™j,{ω‚Ή‚Έ,‚ ‚θ
ή“,Τγ‚Λ‚η‚Ά,‹ό,‰Λπ”Τ,131229,“‹“s,‹ό‹ζ,‰Λ‚T’–Ϊ,2019-05-16,17,’“Τi—Φjκ,{ω‚Ή‚Έ,‚Θ‚µ
ή“,Τγ‚Λ‚η‚Ά,‹ό,‰Λπ”Τ,131229,“‹“s,‹ό‹ζ,‰Λ‚U’–Ϊ,2019-07-31,10,‚»‚Μ‘Ό,{ω‚Ή‚Έ,‚ ‚θ
ή“,Τγ‚Λ‚η‚Ά,‹ό,‰Λπ”Τ,131229,“‹“s,‹ό‹ζ,‰Λ‚U’–Ϊ,2019-12-06,09,‚»‚Μ‘Ό‚ΜZ‘ξi‚RK‚ΔΘ‰Ί‹¤“―Z‘ξ“™j,{ω‚Ή‚Έ,‚ ‚θ
ή“,Τγ‚Λ‚η‚Ά,‹ό,‰Λπ”Τ,131229,“‹“s,‹ό‹ζ,‰Λ‚V’–Ϊ,2019-07-23,07,“ΉHγ,{ω‚Ή‚Έ,‚ ‚θ
ή“,Τγ‚Λ‚η‚Ά,‹ό,‰Λπ”Τ,131229,“‹“s,‹ό‹ζ,‰Λ‚W’–Ϊ,2019-09-10,08,“ΉHγ,{ω‚Ή‚Έ,‚ ‚θ
ή“,Τγ‚Λ‚η‚Ά,‹ό,™‘qπ”Τ,131229,“‹“s,‹ό‹ζ,™‘q‚Q’–Ϊ,2019-07-22,09,‚»‚Μ‘Ό‚ΜZ‘ξi‚RK‚ΔΘ‰Ί‹¤“―Z‘ξ“™j,{ω‚Ή‚Έ,‚ ‚θ
ή“,Τγ‚Λ‚η‚Ά,‹ό,™‘qπ”Τ,131229,“‹“s,‹ό‹ζ,™‘q‚R’–Ϊ,2019-06-25,21,’“Τi—Φjκ,{ω‚Ή‚Έ,‚Θ‚µ
ή“,Τγ‚Λ‚η‚Ά,‹ό,™‘qπ”Τ,131229,“‹“s,‹ό‹ζ,™‘q‚S’–Ϊ,2019-07-20,15,’“Τi—Φjκ,{ω‚Ή‚Έ,‚ ‚θ
ή“,Τγ‚Λ‚η‚Ά,‹ό,¬Ό‹΄π”Τ,131229,“‹“s,‹ό‹ζ,“V¬β‚Q’–Ϊ,2019-07-10,13,“ΉHγ,{ω‚Ή‚Έ,‚ ‚θ
ή“,Τγ‚Λ‚η‚Ά,‹ό,¬Ό‹΄π”Τ,131229,“‹“s,‹ό‹ζ,“V¬β‚Q’–Ϊ,2019-11-05,21,‚SK‚ΔΘγ‹¤“―Z‘ξ,{ω‚Ή‚Έ,‚ ‚θ
ή“,Τγ‚Λ‚η‚Ά,¬Όμ,¬Όμl’–Ϊπ”Τ,131237,“‹“s,]Λμ‹ζ,¬Όμ‚R’–Ϊ,2019-09-11,10,’“Τi—Φjκ,{ω‚Ή‚Έ,‚Θ‚µ
ή“,Τγ‚Λ‚η‚Ά,¬Όμ,¬Όμl’–Ϊπ”Τ,131237,“‹“s,]Λμ‹ζ,•½δ‚Q’–Ϊ,2019-02-03,18,“ΉHγ,{ω‚Ή‚Έ,‚ ‚θ
ή“,Τγ‚Λ‚η‚Ά,¬Όμ,¬Όμl’–Ϊπ”Τ,131237,“‹“s,]Λμ‹ζ,•½δ‚S’–Ϊ,2019-07-28,15,“ΉHγ,{ω‚Ή‚Έ,‚Θ‚µ
ή“,Τγ‚Λ‚η‚Ά,¬Όμ,•½δ‰w‘Oπ”Τ,131237,“‹“s,]Λμ‹ζ,•½δ‚T’–Ϊ,2019-04-15,23,’“Τi—Φjκ,{ω‚Ή‚Έ,‚ ‚θ
ή“,Τγ‚Λ‚η‚Ά,¬Όμ,•½δ‰w‘Oπ”Τ,131237,“‹“s,]Λμ‹ζ,•½δ‚T’–Ϊ,2019-05-20,08,’“Τi—Φjκ,{ω‚Ή‚Έ,‚Θ‚µ
ή“,Τγ‚Λ‚η‚Ά,¬Όμ,•½δ‰w‘Oπ”Τ,131237,“‹“s,]Λμ‹ζ,•½δ‚T’–Ϊ,2019-08-25,20,“ΉHγ,{ω‚Ή‚Έ,‚ ‚θ
ή“,Τγ‚Λ‚η‚Ά,¬Όμ,•½δ‰w‘Oπ”Τ,131237,“‹“s,]Λμ‹ζ,•½δ‚T’–Ϊ,2019-10-03,09,“ΉHγ,{ω‚Ή‚Έ,‚Θ‚µ
ή“,Τγ‚Λ‚η‚Ά,¬Όμ,•½δµ’–Ϊπ”Τ,131237,“‹“s,]Λμ‹ζ,•½δ‚V’–Ϊ,2019-05-01,13,“ΉHγ,{ω‚Ή‚Έ,‚Θ‚µ
ή“,Τγ‚Λ‚η‚Ά,¬Όμ,•½δµ’–Ϊπ”Τ,131237,“‹“s,]Λμ‹ζ,•½δ‚V’–Ϊ,2019-11-09,14,“ΉHγ,{ω‚Ή‚Έ,‚ ‚θ
ή“,Τγ‚Λ‚η‚Ά,¬Όμ,Ό“‡l’–Ϊπ”Τ,131237,“‹“s,]Λμ‹ζ,Ό“‡‚P’–Ϊ,2019-05-28,11,’“Τi—Φjκ,{ω‚Ή‚Έ,‚ ‚θ
ή“,Τγ‚Λ‚η‚Ά,¬Όμ,Ό“‡l’–Ϊπ”Τ,131237,“‹“s,]Λμ‹ζ,Ό“‡‚R’–Ϊ,2018-07-21,•s–Ύ,κΛZ‘ξ,{ω‚Ή‚Έ,‚Θ‚µ
ή“,Τγ‚Λ‚η‚Ά,¬Όμ,Ό“‡l’–Ϊπ”Τ,131237,“‹“s,]Λμ‹ζ,Ό“‡‚R’–Ϊ,2019-10-02,20,“ΉHγ,{ω‚Ή‚Έ,‚ ‚θ
ή“,Τγ‚Λ‚η‚Ά,¬Όμ,Ό“‡l’–Ϊπ”Τ,131237,“‹“s,]Λμ‹ζ,Ό“‡‚R’–Ϊ,2019-10-16,20,’“Τi—Φjκ,{ω‚Ή‚Έ,‚ ‚θ
ή“,Τγ‚Λ‚η‚Ά,¬Όμ,Ό“‡l’–Ϊπ”Τ,131237,“‹“s,]Λμ‹ζ,Ό“‡‚S’–Ϊ,2019-08-03,15,“ΉHγ,{ω‚Ή‚Έ,‚ ‚θ
ή“,Τγ‚Λ‚η‚Ά,¬Όμ,”ª‘ ‹΄π”Τ,131237,“‹“s,]Λμ‹ζ,]Λμ‚S’–Ϊ,2019-08-27,15,‚»‚Μ‘Ό,{ω‚Ή‚Έ,‚Θ‚µ
ή“,Τγ‚Λ‚η‚Ά,¬Όμ,”ª‘ ‹΄π”Τ,131237,“‹“s,]Λμ‹ζ,’†‰›‚P’–Ϊ,2019-11-09,18,’“Τi—Φjκ,{ω‚Ή‚Έ,‚Θ‚µ
ή“,Τγ‚Λ‚η‚Ά,¬Όμ,”ª‘ ‹΄π”Τ,131237,“‹“s,]Λμ‹ζ,’†‰›‚Q’–Ϊ,2019-01-05,23,“ΉHγ,{ω‚Ή‚Έ,‚Θ‚µ
ή“,Τγ‚Λ‚η‚Ά,¬Όμ,”ª‘ ‹΄π”Τ,131237,“‹“s,]Λμ‹ζ,’†‰›‚Q’–Ϊ,2019-11-20,12,’“Τi—Φjκ,{ω‚Ή‚Έ,‚ ‚θ
ή“,Τγ‚Λ‚η‚Ά,¬Όμ,”ª‘ ‹΄π”Τ,131237,“‹“s,]Λμ‹ζ,’†‰›‚R’–Ϊ,2019-09-08,22,’“Τi—Φjκ,{ω‚Ή‚Έ,‚Θ‚µ
ή“,Τγ‚Λ‚η‚Ά,¬Όμ,”ª‘ ‹΄π”Τ,131237,“‹“s,]Λμ‹ζ,’†‰›‚S’–Ϊ,2019-07-19,15,‚»‚Μ‘Ό,{ω‚Ή‚Έ,‚ ‚θ
ή“,Τγ‚Λ‚η‚Ά,¬Όμ,”ª‘ ‹΄π”Τ,131237,“‹“s,]Λμ‹ζ,’†‰›‚S’–Ϊ,2019-12-08,23,“ΉHγ,{ω‚Ή‚Έ,‚ ‚θ
ή“,Τγ‚Λ‚η‚Ά,¬Όμ,”ª‘ ‹΄π”Τ,131237,“‹“s,]Λμ‹ζ,Ό“‡‚P’–Ϊ,2019-03-21,18,‚SK‚ΔΘγ‹¤“―Z‘ξ,{ω‚Ή‚Έ,‚ ‚θ
ή“,Τγ‚Λ‚η‚Ά,¬Όμ,”ª‘ ‹΄π”Τ,131237,“‹“s,]Λμ‹ζ,‘ε™‚T’–Ϊ,2019-01-21,17,κΛZ‘ξ,{ω‚Ή‚Έ,‚Θ‚µ
ή“,Τγ‚Λ‚η‚Ά,¬Όμ,”ª‘ ‹΄π”Τ,131237,“‹“s,]Λμ‹ζ,‘ε™‚T’–Ϊ,2019-08-10,14,κΛZ‘ξ,{ω‚Ή‚Έ,‚ ‚θ
ή“,Τγ‚Λ‚η‚Ά,¬Όμ,‹—t’Κπ”Τ,131237,“‹“s,]Λμ‹ζ,κ”V]‚P’–Ϊ,2019-06-12,20,’“Τi—Φjκ,{ω‚Ή‚Έ,‚Θ‚µ
ή“,Τγ‚Λ‚η‚Ά,¬Όμ,‹—t’Κπ”Τ,131237,“‹“s,]Λμ‹ζ,’†‰›‚Q’–Ϊ,2019-12-07,05,κΛZ‘ξ,{ω‚Ή‚Έ,‚Θ‚µ
ή“,Τγ‚Λ‚η‚Ά,¬Όμ,‹—t’Κπ”Τ,131237,“‹“s,]Λμ‹ζ,Όκ”V]‚P’–Ϊ,2018-10-01,•s–Ύ,‚SK‚ΔΘγ‹¤“―Z‘ξ,{ω‚Ή‚Έ,‚ ‚θ
ή“,Τγ‚Λ‚η‚Ά,¬Όμ,‹—t’Κπ”Τ,131237,“‹“s,]Λμ‹ζ,Όκ”V]‚Q’–Ϊ,2019-04-30,23,κΛZ‘ξ,{ω‚Ή‚Έ,‚ ‚θ
ή“,Τγ‚Λ‚η‚Ά,¬Όμ,‹—t’Κπ”Τ,131237,“‹“s,]Λμ‹ζ,Ό]‚Q’–Ϊ,2019-02-19,18,’“Τi—Φjκ,{ω‚Ή‚Έ,‚Θ‚µ
ή“,Τγ‚Λ‚η‚Ά,¬Όμ,‹—t’Κπ”Τ,131237,“‹“s,]Λμ‹ζ,Ό]‚Q’–Ϊ,2019-11-18,05,‚SK‚ΔΘγ‹¤“―Z‘ξ,{ω‚Ή‚Έ,‚ ‚θ
ή“,Τγ‚Λ‚η‚Ά,¬Όμ,‹—t’Κπ”Τ,131237,“‹“s,]Λμ‹ζ,‘ε™‚P’–Ϊ,2019-07-11,17,’“Τi—Φjκ,{ω‚Ή‚Έ,‚Θ‚µ
ή“,Τγ‚Λ‚η‚Ά,¬Όμ,‹—t’Κπ”Τ,131237,“‹“s,]Λμ‹ζ,‘ε™‚Q’–Ϊ,2019-05-21,02,’“Τi—Φjκ,{ω‚Ή‚Έ,‚Θ‚µ
ή“,Τγ‚Λ‚η‚Ά,¬Όμ,‹—t’Κπ”Τ,131237,“‹“s,]Λμ‹ζ,‘ε™‚Q’–Ϊ,2019-06-28,02,’“Τi—Φjκ,{ω‚Ή‚Έ,‚Θ‚µ
ή“,Τγ‚Λ‚η‚Ά,¬Όμ,‹—t’Κπ”Τ,131237,“‹“s,]Λμ‹ζ,‘ε™‚R’–Ϊ,2019-09-20,01,“ΉHγ,{ω‚Ή‚Έ,‚Θ‚µ
ή“,Τγ‚Λ‚η‚Ά,¬Όμ,Ό]π”Τ,131237,“‹“s,]Λμ‹ζ,Ό¬Όμ’¬,2019-03-26,12,’“Τi—Φjκ,{ω‚Ή‚Έ,‚Θ‚µ
ή“,Τγ‚Λ‚η‚Ά,¬Όμ,Ό]π”Τ,131237,“‹“s,]Λμ‹ζ,Ό¬Όμ’¬,2019-06-30,13,κΛZ‘ξ,{ω‚Ή‚Έ,‚ ‚θ
ή“,Τγ‚Λ‚η‚Ά,¬Όμ,Ό]π”Τ,131237,“‹“s,]Λμ‹ζ,“¬Όμ‚Q’–Ϊ,2019-05-30,17,“ΉHγ,{ω‚Ή‚Έ,‚ ‚θ
ή“,Τγ‚Λ‚η‚Ά,¬Όμ,Ό]π”Τ,131237,“‹“s,]Λμ‹ζ,“¬Όμ‚R’–Ϊ,2019-10-29,20,’“Τi—Φjκ,{ω‚Ή‚Έ,‚Θ‚µ
ή“,Τγ‚Λ‚η‚Ά,¬Όμ,Ό]π”Τ,131237,“‹“s,]Λμ‹ζ,Ό]‚V’–Ϊ,2019-10-20,04,κΛZ‘ξ,{ω‚Ή‚Έ,‚Θ‚µ
ή“,Τγ‚Λ‚η‚Ά,¬Όμ,κ”V]π”Τ,131237,“‹“s,]Λμ‹ζ,κ”V]‚Q’–Ϊ,2019-08-23,17,‚»‚Μ‘Ό,{ω‚Ή‚Έ,‚Θ‚µ
ή“,Τγ‚Λ‚η‚Ά,¬Όμ,κ”V]π”Τ,131237,“‹“s,]Λμ‹ζ,κ”V]‚S’–Ϊ,2019-12-14,14,’“Τi—Φjκ,{ω‚Ή‚Έ,‚Θ‚µ
ή“,Τγ‚Λ‚η‚Ά,¬Όμ,κ”V]π”Τ,131237,“‹“s,]Λμ‹ζ,κ”V]‚V’–Ϊ,2019-01-31,15,’“Τi—Φjκ,{ω‚Ή‚Έ,‚Θ‚µ
ή“,Τγ‚Λ‚η‚Ά,¬Όμ,κ”V]π”Τ,131237,“‹“s,]Λμ‹ζ,κ”V]‚V’–Ϊ,2019-09-24,03,’“Τi—Φjκ,{ω‚Ή‚Έ,‚ ‚θ
ή“,Τγ‚Λ‚η‚Ά,¬Όμ,΅δπ”Τ,131237,“‹“s,]Λμ‹ζ,κ”V]‚W’–Ϊ,2019-04-10,17,“ΉHγ,{ω‚Ή‚Έ,‚ ‚θ
ή“,Τγ‚Λ‚η‚Ά,¬Όμ,΅δπ”Τ,131237,“‹“s,]Λμ‹ζ,κ”V]‚W’–Ϊ,2019-07-20,10,’“Τi—Φjκ,{ω‚Ή‚Έ,‚ ‚θ
ή“,Τγ‚Λ‚η‚Ά,¬Όμ,΅δπ”Τ,131237,“‹“s,]Λμ‹ζ,Ό]‚R’–Ϊ,2019-05-08,18,‚»‚Μ‘Ό‚ΜZ‘ξi‚RK‚ΔΘ‰Ί‹¤“―Z‘ξ“™j,{ω‚Ή‚Έ,‚Θ‚µ
ή“,Τγ‚Λ‚η‚Ά,¬Όμ,΅δπ”Τ,131237,“‹“s,]Λμ‹ζ,t]’¬‚R’–Ϊ,2019-10-30,05,“ΉHγ,{ω‚Ή‚Έ,‚Θ‚µ
ή“,Τγ‚Λ‚η‚Ά,¬Όμ,’Φ’¬’“έ,131237,“‹“s,]Λμ‹ζ,t]’¬‚Q’–Ϊ,2019-09-10,07,’“Τi—Φjκ,{ω‚Ή‚Έ,‚Θ‚µ
ή“,Τγ‚Λ‚η‚Ά,¬Όμ,’Φ’¬’“έ,131237,“‹“s,]Λμ‹ζ,t]’¬‚Q’–Ϊ,2019-09-11,10,κΛZ‘ξ,{ω‚Ή‚Έ,‚ ‚θ
ή“,Τγ‚Λ‚η‚Ά,¬Όμ,“μΒθπ”Τ,131237,“‹“s,]Λμ‹ζ,]Λμ‚Q’–Ϊ,2019-09-06,13,“ΉHγ,{ω‚Ή‚Έ,‚ ‚θ
ή“,Τγ‚Λ‚η‚Ά,¬Όμ,“μΒθπ”Τ,131237,“‹“s,]Λμ‹ζ,Βθ’¬‚S’–Ϊ,2019-07-15,16,“ΉHγ,{ω‚Ή‚Έ,‚ ‚θ
ή“,Τγ‚Λ‚η‚Ά,¬Όμ,“¬Όμπ”Τ,131237,“‹“s,]Λμ‹ζ,“¬Όμ‚R’–Ϊ,2019-08-30,15,‚»‚Μ‘Ό,{ω‚Ή‚Έ,‚Θ‚µ
ή“,Τγ‚Λ‚η‚Ά,¬Όμ,“]π”Τ,131237,“‹“s,]Λμ‹ζ,]Λμ‚R’–Ϊ,2019-10-20,15,’“Τi—Φjκ,{ω‚Ή‚Έ,‚Θ‚µ
ή“,Τγ‚Λ‚η‚Ά,¬Όμ,“]π”Τ,131237,“‹“s,]Λμ‹ζ,“]‚Q’–Ϊ,2019-12-18,09,’“Τi—Φjκ,{ω‚Ή‚Έ,‚ ‚θ
ή“,Τγ‚Λ‚η‚Ά,¬Όμ,]‰w‘Oπ”Τ,131237,“‹“s,]Λμ‹ζ,]Λμ‚R’–Ϊ,2019-10-18,04,’“Τi—Φjκ,{ω‚Ή‚Έ,‚Θ‚µ
ή“,Τγ‚Λ‚η‚Ά,¬Όμ,]‰w‘Oπ”Τ,131237,“‹“s,]Λμ‹ζ,Ό]‚R’–Ϊ,2019-10-03,09,κΛZ‘ξ,{ω‚Ή‚Έ,‚ ‚θ
ή“,Τγ‚Λ‚η‚Ά,¬Όμ,]‰w‘Oπ”Τ,131237,“‹“s,]Λμ‹ζ,“μΒθ’¬‚R’–Ϊ,2019-08-23,10,‚»‚Μ‘Ό,{ω‚Ή‚Έ,‚Θ‚µ
ή“,Τγ‚Λ‚η‚Ά,¬Όμ,]‰w‘Oπ”Τ,131237,“‹“s,]Λμ‹ζ,“μΒθ’¬‚R’–Ϊ,2019-09-25,15,’“Τi—Φjκ,{ω‚Ή‚Έ,‚Θ‚µ
ή“,Τγ‚Λ‚η‚Ά,¬Όμ,]‰w‘Oπ”Τ,131237,“‹“s,]Λμ‹ζ,]‚Q’–Ϊ,2019-07-26,01,“ΉHγ,{ω‚Ή‚Έ,‚ ‚θ
ή“,Τγ‚Λ‚η‚Ά,¬Όμ,]‰w‘Oπ”Τ,131237,“‹“s,]Λμ‹ζ,]‚Q’–Ϊ,2019-10-07,17,’“Τi—Φjκ,{ω‚Ή‚Έ,‚ ‚θ
ή“,Τγ‚Λ‚η‚Ά,¬Όμ,]‰w‘Oπ”Τ,131237,“‹“s,]Λμ‹ζ,]‚Q’–Ϊ,2019-11-28,19,‚»‚Μ‘Ό,{ω‚Ή‚Έ,‚Θ‚µ
ή“,Τγ‚Λ‚η‚Ά,¬Όμ,]‰w‘Oπ”Τ,131237,“‹“s,]Λμ‹ζ,]‚Q’–Ϊ,2019-12-15,22,“ΉHγ,{ω‚Ή‚Έ,‚ ‚θ
ή“,Τγ‚Λ‚η‚Ά,¬Όμ,]‰w‘Oπ”Τ,131237,“‹“s,]Λμ‹ζ,]‚R’–Ϊ,2019-06-13,11,‚»‚Μ‘Ό,{ω‚Ή‚Έ,‚Θ‚µ
ή“,Τγ‚Λ‚η‚Ά,¬Όμ,]‰w‘Oπ”Τ,131237,“‹“s,]Λμ‹ζ,]‚R’–Ϊ,2019-12-23,07,’“Τi—Φjκ,{ω‚Ή‚Έ,‚Θ‚µ
ή“,Τγ‚Λ‚η‚Ά,¬Όμ,]‰w‘Oπ”Τ,131237,“‹“s,]Λμ‹ζ,]‚S’–Ϊ,2019-02-23,10,κΛZ‘ξ,{ω‚Ή‚Έ,‚Θ‚µ
ή“,Τγ‚Λ‚η‚Ά,¬Όμ,]‰w‘Oπ”Τ,131237,“‹“s,]Λμ‹ζ,]‚S’–Ϊ,2019-03-18,22,κΛZ‘ξ,{ω‚Ή‚Έ,‚Θ‚µ
ή“,Τγ‚Λ‚η‚Ά,¬Όμ,¬Όμκ’–Ϊπ”Τ,131237,“‹“s,]Λμ‹ζ,¬Όμ‚Q’–Ϊ,2019-11-08,14,‚SK‚ΔΘγ‹¤“―Z‘ξ,{ω‚Ή‚Έ,‚Θ‚µ
ή“,Τγ‚Λ‚η‚Ά,¬Όμ,Βθ‰w‘Oπ”Τ,131237,“‹“s,]Λμ‹ζ,Βθ’¬‚Q’–Ϊ,2019-08-24,17,‚»‚Μ‘Ό,{ω‚Ή‚Έ,‚Θ‚µ
ή“,Τγ‚Λ‚η‚Ά,¬Όμ,Βθ‰w‘Oπ”Τ,131237,“‹“s,]Λμ‹ζ,Βθ’¬‚R’–Ϊ,2019-06-26,18,‚SK‚ΔΘγ‹¤“―Z‘ξ,{ω‚Ή‚Έ,‚Θ‚µ
ή“,Τγ‚Λ‚η‚Ά,¬Όμ,Βθ‰w‘Oπ”Τ,131237,“‹“s,]Λμ‹ζ,Βθ’¬‚S’–Ϊ,2019-01-26,19,‚»‚Μ‘Ό‚ΜZ‘ξi‚RK‚ΔΘ‰Ί‹¤“―Z‘ξ“™j,{ω‚Ή‚Έ,‚Θ‚µ
ή“,Τγ‚Λ‚η‚Ά,¬Όμ,Βθ‰w‘Oπ”Τ,131237,“‹“s,]Λμ‹ζ,Βθ’¬‚S’–Ϊ,2019-03-23,02,’“Τi—Φjκ,{ω‚Ή‚Έ,‚ ‚θ
ή“,Τγ‚Λ‚η‚Ά,¬Όμ,Βθ‰w‘Oπ”Τ,131237,“‹“s,]Λμ‹ζ,Βθ’¬‚S’–Ϊ,2019-06-30,13,’“Τi—Φjκ,{ω‚Ή‚Έ,‚ ‚θ
ή“,Τγ‚Λ‚η‚Ά,¬Όμ,Βθ‰w‘Oπ”Τ,131237,“‹“s,]Λμ‹ζ,Βθ’¬‚V’–Ϊ,2019-01-05,19,’“Τi—Φjκ,{ω‚Ή‚Έ,‚Θ‚µ
ή“,Τγ‚Λ‚η‚Ά,¬Όμ,Βθ‰w‘Oπ”Τ,131237,“‹“s,]Λμ‹ζ,Βθ’¬‚V’–Ϊ,2019-01-11,19,’“Τi—Φjκ,{ω‚Ή‚Έ,‚Θ‚µ
ή“,Τγ‚Λ‚η‚Ά,¬Όμ,Βθ‰w‘Oπ”Τ,131237,“‹“s,]Λμ‹ζ,Βθ’¬‚V’–Ϊ,2019-02-21,18,’“Τi—Φjκ,{ω‚Ή‚Έ,‚Θ‚µ
ή“,Τγ‚Λ‚η‚Ά,¬Όμ,Βθ‰w‘Oπ”Τ,131237,“‹“s,]Λμ‹ζ,Βθ’¬‚V’–Ϊ,2019-04-05,17,“ΉHγ,{ω‚Ή‚Έ,‚ ‚θ
ή“,Τγ‚Λ‚η‚Ά,¬Όμ,Βθ‰w‘Oπ”Τ,131237,“‹“s,]Λμ‹ζ,Βθ’¬‚V’–Ϊ,2019-10-16,15,“ΉHγ,{ω‚Ή‚Έ,‚ ‚θ
ή“,Τγ‚Λ‚η‚Ά,¬Όμ,Βθ‰w‘Oπ”Τ,131237,“‹“s,]Λμ‹ζ,‰ΊΒθ’¬,2019-09-06,18,‚»‚Μ‘Ό‚ΜZ‘ξi‚RK‚ΔΘ‰Ί‹¤“―Z‘ξ“™j,{ω‚Ή‚Έ,‚Θ‚µ
ή“,Τγ‚Λ‚η‚Ά,¬Όμ,Βθ‰w‘Oπ”Τ,131237,“‹“s,]Λμ‹ζ,V–x‚P’–Ϊ,2019-07-21,08,κΛZ‘ξ,{ω‚Ή‚Έ,‚ ‚θ
ή“,Τγ‚Λ‚η‚Ά,¬Όμ,Βθ‰w‘Oπ”Τ,131237,“‹“s,]Λμ‹ζ,V–x‚Q’–Ϊ,2019-12-11,08,“ΉHγ,{ω‚Ή‚Έ,‚ ‚θ
ή“,Τγ‚Λ‚η‚Ά,¬Όμ,Βθ‰w‘Oπ”Τ,131237,“‹“s,]Λμ‹ζ,“μΒθ’¬‚S’–Ϊ,2019-07-30,15,“ΉHγ,{ω‚Ή‚Έ,‚Θ‚µ
ή“,Τγ‚Λ‚η‚Ά,¬Όμ,Βθ‰w‘Oπ”Τ,131237,“‹“s,]Λμ‹ζ,]‚P’–Ϊ,2019-01-21,20,“ΉHγ,{ω‚Ή‚Έ,‚Θ‚µ
ή“,Τγ‚Λ‚η‚Ά,¬Όμ,Βθ‰w‘Oπ”Τ,131237,“‹“s,]Λμ‹ζ,]‚P’–Ϊ,2019-06-24,18,‚»‚Μ‘Ό,{ω‚Ή‚Έ,‚Θ‚µ
ή“,Τγ‚Λ‚η‚Ά,¬Όμ,Βθ‰w‘Oπ”Τ,131237,“‹“s,]Λμ‹ζ,]‚Q’–Ϊ,2019-12-03,15,’“Τi—Φjκ,{ω‚Ή‚Έ,‚Θ‚µ
ή“,Τγ‚Λ‚η‚Ά,¬Όμ,Βθ‰w‘Oπ”Τ,131237,“‹“s,]Λμ‹ζ,’J‰Ν“ΰ‚Q’–Ϊ,2019-12-01,19,’“Τi—Φjκ,{ω‚Ή‚Έ,‚Θ‚µ
ή“,Τγ‚Λ‚η‚Ά,¬β,κ—Ά’Λπ”Τ,131237,“‹“s,]Λμ‹ζ,“¬β‚T’–Ϊ,2019-07-20,21,’“Τi—Φjκ,{ω‚Ή‚Έ,‚Θ‚µ
ή“,Τγ‚Λ‚η‚Ά,¬β,“μ¬βπ”Τ,131237,“‹“s,]Λμ‹ζ,“¬β‚Q’–Ϊ,2019-01-22,08,“ΉHγ,{ω‚Ή‚Έ,‚Θ‚µ
ή“,Τγ‚Λ‚η‚Ά,¬β,“μ¬βπ”Τ,131237,“‹“s,]Λμ‹ζ,“¬β‚S’–Ϊ,2019-07-27,16,“ΉHγ,{ω‚Ή‚Έ,‚ ‚θ
ή“,Τγ‚Λ‚η‚Ά,¬β,“μ¬βπ”Τ,131237,“‹“s,]Λμ‹ζ,“¬β‚S’–Ϊ,2019-09-23,16,’“Τi—Φjκ,{ω‚Ή‚Έ,‚ ‚θ
ή“,Τγ‚Λ‚η‚Ά,¬β,“μ¬βπ”Τ,131237,“‹“s,]Λμ‹ζ,“μ¬β‚P’–Ϊ,2019-09-24,10,κΛZ‘ξ,{ω‚Ή‚Έ,‚Θ‚µ
ή“,Τγ‚Λ‚η‚Ά,¬β,“μ¬βπ”Τ,131237,“‹“s,]Λμ‹ζ,“μ¬β‚S’–Ϊ,2019-12-24,18,‚»‚Μ‘Ό,{ω‚Ή‚Έ,‚ ‚θ
ή“,Τγ‚Λ‚η‚Ά,¬β,“μ¬βπ”Τ,131237,“‹“s,]Λμ‹ζ,–kΒθ‚Q’–Ϊ,2019-02-17,18,“ΉHγ,{ω‚Ή‚Έ,‚ ‚θ
ή“,Τγ‚Λ‚η‚Ά,¬β,“ρ–‡‹΄π”Τ,131237,“‹“s,]Λμ‹ζ,“μ¬β‚R’–Ϊ,2019-02-22,22,κΛZ‘ξ,{ω‚Ή‚Έ,‚ ‚θ
ή“,Τγ‚Λ‚η‚Ά,¬β,›΄‹΄π”Τ,131237,“‹“s,]Λμ‹ζ,’†‰›‚R’–Ϊ,2019-05-17,21,‚»‚Μ‘Ό‚ΜZ‘ξi‚RK‚ΔΘ‰Ί‹¤“―Z‘ξ“™j,{ω‚Ή‚Έ,‚ ‚θ
ή“,Τγ‚Λ‚η‚Ά,¬β,›΄‹΄π”Τ,131237,“‹“s,]Λμ‹ζ,–{κF‚P’–Ϊ,2019-01-18,13,‚»‚Μ‘Ό,{ω‚Ή‚Έ,‚Θ‚µ
ή“,Τγ‚Λ‚η‚Ά,¬β,›΄‹΄π”Τ,131237,“‹“s,]Λμ‹ζ,–{κF‚P’–Ϊ,2019-03-26,10,’“Τi—Φjκ,{ω‚Ή‚Έ,‚Θ‚µ
ή“,Τγ‚Λ‚η‚Ά,¬β,›΄‹΄π”Τ,131237,“‹“s,]Λμ‹ζ,–{κF‚P’–Ϊ,2019-06-05,18,“ΉHγ,{ω‚Ή‚Έ,‚ ‚θ
ή“,Τγ‚Λ‚η‚Ά,¬β,›΄‹΄π”Τ,131237,“‹“s,]Λμ‹ζ,–{κF‚R’–Ϊ,2019-02-08,18,“ΉHγ,{ω‚Ή‚Έ,‚ ‚θ
ή“,Τγ‚Λ‚η‚Ά,¬β,›΄‹΄π”Τ,131237,“‹“s,]Λμ‹ζ,Ό–{‚P’–Ϊ,2019-09-20,•s–Ύ,’“Τi—Φjκ,{ω‚Ή‚Έ,‚Θ‚µ
ή“,Τγ‚Λ‚η‚Ά,¬β,›΄‹΄π”Τ,131237,“‹“s,]Λμ‹ζ,Ό–{‚Q’–Ϊ,2019-02-27,15,“ΉHγ,{ω‚Ή‚Έ,‚ ‚θ
ή“,Τγ‚Λ‚η‚Ά,¬β,¬β‰w‘Oπ”Τ,131237,“‹“s,]Λμ‹ζ,Ό¬β‚P’–Ϊ,2019-08-29,05,“ΉHγ,{ω‚Ή‚Έ,‚ ‚θ
ή“,Τγ‚Λ‚η‚Ά,¬β,¬β‰w‘Oπ”Τ,131237,“‹“s,]Λμ‹ζ,“μ¬β‚U’–Ϊ,2019-08-29,10,“ΉHγ,{ω‚Ή‚Έ,‚ ‚θ
ή“,Τγ‚Λ‚η‚Ά,¬β,¬β‰w‘Oπ”Τ,131237,“‹“s,]Λμ‹ζ,“μ¬β‚U’–Ϊ,2019-09-11,19,‚»‚Μ‘Ό,{ω‚Ή‚Έ,‚Θ‚µ
ή“,Τγ‚Λ‚η‚Ά,¬β,¬β‰w‘Oπ”Τ,131237,“‹“s,]Λμ‹ζ,“μ¬β‚U’–Ϊ,2019-10-30,09,κΛZ‘ξ,{ω‚Ή‚Έ,‚Θ‚µ
ή“,Τγ‚Λ‚η‚Ά,¬β,¬β‰w‘Oπ”Τ,131237,“‹“s,]Λμ‹ζ,“μ¬β‚V’–Ϊ,2019-10-02,19,’“Τi—Φjκ,{ω‚Ή‚Έ,‚ ‚θ
ή“,Τγ‚Λ‚η‚Ά,¬β,¬β‰w‘Oπ”Τ,131237,“‹“s,]Λμ‹ζ,“μ¬β‚V’–Ϊ,2019-12-20,23,“ΉHγ,{ω‚Ή‚Έ,‚ ‚θ
ή“,Τγ‚Λ‚η‚Ά,¬β,¬β‰w‘Oπ”Τ,131237,“‹“s,]Λμ‹ζ,“μ¬β‚W’–Ϊ,2019-12-14,23,‚»‚Μ‘Ό,{ω‚Ή‚Έ,‚ ‚θ
ή“,Τγ‚Λ‚η‚Ά,¬β,Ό¬βπ”Τ,131237,“‹“s,]Λμ‹ζ,Ό¬β‚R’–Ϊ,2019-01-29,17,’“Τi—Φjκ,{ω‚Ή‚Έ,‚Θ‚µ
ή“,Τγ‚Λ‚η‚Ά,¬β,Ό¬βπ”Τ,131237,“‹“s,]Λμ‹ζ,Ό¬β‚R’–Ϊ,2019-06-18,12,‚»‚Μ‘Ό,{ω‚Ή‚Έ,‚Θ‚µ
ή“,Τγ‚Λ‚η‚Ά,¬β,Ό¬βπ”Τ,131237,“‹“s,]Λμ‹ζ,Ό¬β‚R’–Ϊ,2019-08-25,17,κΛZ‘ξ,{ω‚Ή‚Έ,‚ ‚θ
ή“,Τγ‚Λ‚η‚Ά,¬β,Ό¬βπ”Τ,131237,“‹“s,]Λμ‹ζ,Ό¬β‚R’–Ϊ,2019-11-29,16,κΛZ‘ξ,{ω‚Ή‚Έ,‚ ‚θ
ή“,Τγ‚Λ‚η‚Ά,¬β,Ό¬βπ”Τ,131237,“‹“s,]Λμ‹ζ,“μ¬β‚P’–Ϊ,2019-06-09,22,‚»‚Μ‘Ό,{ω‚Ή‚Έ,‚Θ‚µ
ή“,Τγ‚Λ‚η‚Ά,¬β,–k¬β“ρ’–Ϊπ”Τ,131237,“‹“s,]Λμ‹ζ,–k¬β‚P’–Ϊ,2019-02-10,10,“ΉHγ,{ω‚Ή‚Έ,‚ ‚θ
ή“,Τγ‚Λ‚η‚Ά,¬β,–k¬β“ρ’–Ϊπ”Τ,131237,“‹“s,]Λμ‹ζ,–k¬β‚Q’–Ϊ,2019-11-30,18,’“Τi—Φjκ,{ω‚Ή‚Έ,‚ ‚θ
ή“,Τγ‚Λ‚η‚Ά,¬β,–k¬β“ρ’–Ϊπ”Τ,131237,“‹“s,]Λμ‹ζ,Ό¬β‚S’–Ϊ,2019-01-21,17,‚»‚Μ‘Ό,{ω‚Ή‚Έ,‚Θ‚µ
ή“,Τγ‚Λ‚η‚Ά,¬β,–k¬β“ρ’–Ϊπ”Τ,131237,“‹“s,]Λμ‹ζ,Ό¬β‚T’–Ϊ,2019-03-20,11,κΛZ‘ξ,{ω‚Ή‚Έ,‚ ‚θ
ή“,Τγ‚Λ‚η‚Ά,¬β,–k¬β“ρ’–Ϊπ”Τ,131237,“‹“s,]Λμ‹ζ,“μ¬β‚W’–Ϊ,2019-07-17,23,“ΉHγ,{ω‚Ή‚Έ,‚ ‚θ
ή“,Τγ‚Λ‚η‚Ά,¬β,–k¬β“ρ’–Ϊπ”Τ,131237,“‹“s,]Λμ‹ζ,“μ¬β‚W’–Ϊ,2019-08-02,10,“ΉHγ,{ω‚Ή‚Έ,‚ ‚θ
ή“,Τγ‚Λ‚η‚Ά,¬β,‹¬¬β‰w‘Oπ”Τ,131237,“‹“s,]Λμ‹ζ,–k¬β‚Q’–Ϊ,2019-04-29,13,‚SK‚ΔΘγ‹¤“―Z‘ξ,{ω‚Ή‚Έ,‚Θ‚µ
ή“,Τγ‚Λ‚η‚Ά,¬β,‹¬¬β‰w‘Oπ”Τ,131237,“‹“s,]Λμ‹ζ,–k¬β‚Q’–Ϊ,2019-10-13,11,’“Τi—Φjκ,{ω‚Ή‚Έ,‚ ‚θ
ή“,Τγ‚Λ‚η‚Ά,¬β,‹¬¬β‰w‘Oπ”Τ,131237,“‹“s,]Λμ‹ζ,–k¬β‚U’–Ϊ,2019-04-29,10,“ΉHγ,{ω‚Ή‚Έ,‚ ‚θ
ή“,Τγ‚Λ‚η‚Ά,¬β,‹¬¬β‰w‘Oπ”Τ,131237,“‹“s,]Λμ‹ζ,Ό¬β‚S’–Ϊ,2019-08-24,22,κΛZ‘ξ,{ω‚Ή‚Έ,‚Θ‚µ
ή“,Τγ‚Λ‚η‚Ά,¬β,­π”Τ,131237,“‹“s,]Λμ‹ζ,­‚P’–Ϊ,2019-08-13,15,’“Τi—Φjκ,{ω‚Ή‚Έ,‚Θ‚µ
ή“,Τγ‚Λ‚η‚Ά,¬β,­π”Τ,131237,“‹“s,]Λμ‹ζ,­‚Q’–Ϊ,2019-12-06,08,“ΉHγ,{ω‚Ή‚Έ,‚Θ‚µ
ή“,Τγ‚Λ‚η‚Ά,¬β,­π”Τ,131237,“‹“s,]Λμ‹ζ,γΒθ‚P’–Ϊ,2019-08-21,09,“ΉHγ,{ω‚Ή‚Έ,‚ ‚θ
ή“,Τγ‚Λ‚η‚Ά,‹Ό,‘D–x‰w‘Oπ”Τ,131237,“‹“s,]Λμ‹ζ,‘D–x‚Q’–Ϊ,2018-09-01,•s–Ύ,’“Τi—Φjκ,{ω‚Ή‚Έ,‚ ‚θ
ή“,Τγ‚Λ‚η‚Ά,‹Ό,‘D–x‰w‘Oπ”Τ,131237,“‹“s,]Λμ‹ζ,‘D–x‚S’–Ϊ,2019-01-14,21,‚»‚Μ‘Ό,{ω‚Ή‚Έ,‚ ‚θ
ή“,Τγ‚Λ‚η‚Ά,‹Ό,‘D–x‰w‘Oπ”Τ,131237,“‹“s,]Λμ‹ζ,‘D–x‚S’–Ϊ,2019-04-29,17,’“Τi—Φjκ,{ω‚Ή‚Έ,‚Θ‚µ
ή“,Τγ‚Λ‚η‚Ά,‹Ό,‹Ό‹΄“π”Τ,131237,“‹“s,]Λμ‹ζ,–k‹Ό‚Q’–Ϊ,2019-11-04,10,’“Τi—Φjκ,{ω‚Ή‚Έ,‚Θ‚µ
ή“,Τγ‚Λ‚η‚Ά,‹Ό,‹Ό‹΄“π”Τ,131237,“‹“s,]Λμ‹ζ,–k‹Ό‚S’–Ϊ,2019-06-03,19,‚»‚Μ‘Ό,{ω‚Ή‚Έ,‚ ‚θ
ή“,Τγ‚Λ‚η‚Ά,‹Ό,‹Ό‹΄“π”Τ,131237,“‹“s,]Λμ‹ζ,–k‹Ό‚S’–Ϊ,2019-12-06,17,“ΉHγ,{ω‚Ή‚Έ,‚ ‚θ
ή“,Τγ‚Λ‚η‚Ά,‹Ό,‹Ό‹΄“π”Τ,131237,“‹“s,]Λμ‹ζ,Ό‹Ό‚Q’–Ϊ,2019-05-18,13,‚»‚Μ‘Ό‚ΜZ‘ξi‚RK‚ΔΘ‰Ί‹¤“―Z‘ξ“™j,{ω‚Ή‚Έ,‚Θ‚µ
ή“,Τγ‚Λ‚η‚Ά,‹Ό,‹¤‰h‹΄π”Τ,131237,“‹“s,]Λμ‹ζ,’†‹Ό‚P’–Ϊ,2019-10-11,16,’“Τi—Φjκ,{ω‚Ή‚Έ,‚Θ‚µ
ή“,Τγ‚Λ‚η‚Ά,‹Ό,‹¤‰h‹΄π”Τ,131237,“‹“s,]Λμ‹ζ,’†‹Ό‚R’–Ϊ,2019-01-10,00,‚»‚Μ‘Ό,{ω‚Ή‚Έ,‚Θ‚µ
ή“,Τγ‚Λ‚η‚Ά,‹Ό,‹¤‰h‹΄π”Τ,131237,“‹“s,]Λμ‹ζ,’†‹Ό‚R’–Ϊ,2019-07-20,10,‚SK‚ΔΘγ‹¤“―Z‘ξ,{ω‚Ή‚Έ,‚ ‚θ
ή“,Τγ‚Λ‚η‚Ά,‹Ό,‹¤‰h‹΄π”Τ,131237,“‹“s,]Λμ‹ζ,Ό‹Ό‚R’–Ϊ,2019-06-15,19,’“Τi—Φjκ,{ω‚Ή‚Έ,‚Θ‚µ
ή“,Τγ‚Λ‚η‚Ά,‹Ό,‹¤‰h‹΄π”Τ,131237,“‹“s,]Λμ‹ζ,“‹Ό‚Q’–Ϊ,2019-01-19,01,’“Τi—Φjκ,{ω‚Ή‚Έ,‚ ‚θ
ή“,Τγ‚Λ‚η‚Ά,‹Ό,‹¤‰h‹΄π”Τ,131237,“‹“s,]Λμ‹ζ,“‹Ό‚Q’–Ϊ,2019-10-27,15,“ΉHγ,{ω‚Ή‚Έ,‚Θ‚µ
ή“,Τγ‚Λ‚η‚Ά,‹Ό,‹¤‰h‹΄π”Τ,131237,“‹“s,]Λμ‹ζ,“‹Ό‚T’–Ϊ,2019-02-08,15,’“Τi—Φjκ,{ω‚Ή‚Έ,‚Θ‚µ
ή“,Τγ‚Λ‚η‚Ά,‹Ό,“‹Όά’–Ϊπ”Τ,131237,“‹“s,]Λμ‹ζ,“‹Ό‚P’–Ϊ,2019-04-24,07,’“Τi—Φjκ,{ω‚Ή‚Έ,‚Θ‚µ
ή“,Τγ‚Λ‚η‚Ά,‹Ό,“‹Όά’–Ϊπ”Τ,131237,“‹“s,]Λμ‹ζ,“‹Ό‚P’–Ϊ,2019-07-22,10,“ΉHγ,{ω‚Ή‚Έ,‚ ‚θ
ή“,Τγ‚Λ‚η‚Ά,‹Ό,“‹Όά’–Ϊπ”Τ,131237,“‹“s,]Λμ‹ζ,“‹Ό‚P’–Ϊ,2019-09-13,04,‚»‚Μ‘Ό‚ΜZ‘ξi‚RK‚ΔΘ‰Ί‹¤“―Z‘ξ“™j,{ω‚Ή‚Έ,‚Θ‚µ
ή“,Τγ‚Λ‚η‚Ά,‹Ό,“‹Όά’–Ϊπ”Τ,131237,“‹“s,]Λμ‹ζ,“‹Ό‚R’–Ϊ,2019-11-07,07,’“Τi—Φjκ,{ω‚Ή‚Έ,‚Θ‚µ
ή“,Τγ‚Λ‚η‚Ά,‹Ό,“‹Όά’–Ϊπ”Τ,131237,“‹“s,]Λμ‹ζ,“‹Ό‚S’–Ϊ,2019-05-09,22,“ΉHγ,{ω‚Ή‚Έ,‚Θ‚µ
ή“,Τγ‚Λ‚η‚Ά,‹Ό,Ό‹Ό‰w‘Oπ”Τ,131237,“‹“s,]Λμ‹ζ,–k‹Ό‚T’–Ϊ,2019-07-15,17,“ΉHγ,{ω‚Ή‚Έ,‚Θ‚µ
ή“,Τγ‚Λ‚η‚Ά,‹Ό,Ό‹Ό‰w‘Oπ”Τ,131237,“‹“s,]Λμ‹ζ,’†‹Ό‚S’–Ϊ,2019-11-18,15,’“Τi—Φjκ,{ω‚Ή‚Έ,‚Θ‚µ
ή“,Τγ‚Λ‚η‚Ά,‹Ό,Ό‹Ό‰w‘Oπ”Τ,131237,“‹“s,]Λμ‹ζ,Ό‹Ό‚R’–Ϊ,2019-10-09,04,“ΉHγ,{ω‚Ή‚Έ,‚Θ‚µ
ή“,Τγ‚Λ‚η‚Ά,‹Ό,Ό‹Ό‰w‘Oπ”Τ,131237,“‹“s,]Λμ‹ζ,Ό‹Ό‚R’–Ϊ,2019-11-08,17,“ΉHγ,{ω‚Ή‚Έ,‚Θ‚µ
ή“,Τγ‚Λ‚η‚Ά,‹Ό,Ό‹Ό‰w‘Oπ”Τ,131237,“‹“s,]Λμ‹ζ,Ό‹Ό‚S’–Ϊ,2019-09-24,14,’“Τi—Φjκ,{ω‚Ή‚Έ,‚Θ‚µ
ή“,Τγ‚Λ‚η‚Ά,‹Ό,Ό‹Ό‰w‘Oπ”Τ,131237,“‹“s,]Λμ‹ζ,Ό‹Ό‚T’–Ϊ,2019-09-08,15,‚SK‚ΔΘγ‹¤“―Z‘ξ,{ω‚Ή‚Έ,‚ ‚θ
ή“,Τγ‚Λ‚η‚Ά,‹Ό,Ό‹Ό‰w‘Oπ”Τ,131237,“‹“s,]Λμ‹ζ,Ό‹Ό‚U’–Ϊ,2019-01-01,02,’“Τi—Φjκ,{ω‚Ή‚Έ,‚ ‚θ
ή“,Τγ‚Λ‚η‚Ά,‹Ό,Ό‹Ό‰w‘Oπ”Τ,131237,“‹“s,]Λμ‹ζ,Ό‹Ό‚U’–Ϊ,2019-01-15,13,“ΉHγ,{ω‚Ή‚Έ,‚ ‚θ
ή“,Τγ‚Λ‚η‚Ά,‹Ό,Ό‹Ό‰w‘Oπ”Τ,131237,“‹“s,]Λμ‹ζ,Ό‹Ό‚U’–Ϊ,2019-07-30,18,’“Τi—Φjκ,{ω‚Ή‚Έ,‚Θ‚µ
ή“,Τγ‚Λ‚η‚Ά,‹Ό,‰Fμ“c’“έ,131237,“‹“s,]Λμ‹ζ,–k‹Ό‚T’–Ϊ,2018-08-15,00,κΛZ‘ξ,{ω‚Ή‚Έ,‚ ‚θ
ή“,Τγ‚Λ‚η‚Ά,‹Ό,“‹Ό‹γ’–Ϊ’“έ,131237,“‹“s,]Λμ‹ζ,“‹Ό‚W’–Ϊ,2019-10-13,13,’“Τi—Φjκ,{ω‚Ή‚Έ,‚Θ‚µ
ή“,Τγ‚Λ‚η‚Ά,‹Ό,“‹Ό‹γ’–Ϊ’“έ,131237,“‹“s,]Λμ‹ζ,“‹Ό‚X’–Ϊ,2019-03-14,07,’“Τi—Φjκ,{ω‚Ή‚Έ,‚Θ‚µ
ή“,Τγ‚Λ‚η‚Ά,‹Ό,“‹Ό‹γ’–Ϊ’“έ,131237,“‹“s,]Λμ‹ζ,“‹Ό‚X’–Ϊ,2019-05-05,11,‚»‚Μ‘Ό,{ω‚Ή‚Έ,‚Θ‚µ
ή“,Τγ‚Λ‚η‚Ά,‹Ό,“‹Ό‹γ’–Ϊ’“έ,131237,“‹“s,]Λμ‹ζ,“‹Ό‚X’–Ϊ,2019-05-24,13,’“Τi—Φjκ,{ω‚Ή‚Έ,‚Θ‚µ
ή“,Τγ‚Λ‚η‚Ά,‹Ό,“μ‹Όπ”Τ,131237,“‹“s,]Λμ‹ζ,“μ‹Ό‚Q’–Ϊ,2019-09-12,20,“ΉHγ,{ω‚Ή‚Έ,‚Θ‚µ
ή“,Τγ‚Λ‚η‚Ά,‹Ό,“μ‹Όπ”Τ,131237,“‹“s,]Λμ‹ζ,“μ‹Ό‚R’–Ϊ,2019-01-15,15,‚»‚Μ‘Ό‚ΜZ‘ξi‚RK‚ΔΘ‰Ί‹¤“―Z‘ξ“™j,{ω‚Ή‚Έ,‚Θ‚µ
ή“,Τγ‚Λ‚η‚Ά,‹Ό,“μ‹Όπ”Τ,131237,“‹“s,]Λμ‹ζ,“μ‹Ό‚R’–Ϊ,2019-10-21,15,‚»‚Μ‘Ό,{ω‚Ή‚Έ,‚Θ‚µ
ή“,Τγ‚Λ‚η‚Ά,‹Ό,“μ‹Όπ”Τ,131237,“‹“s,]Λμ‹ζ,“μ‹Ό‚S’–Ϊ,2019-07-20,14,’“Τi—Φjκ,{ω‚Ή‚Έ,‚Θ‚µ
ή“,Τγ‚Λ‚η‚Ά,‹Ό,“μ‹Όπ”Τ,131237,“‹“s,]Λμ‹ζ,“μ‹Ό‚S’–Ϊ,2019-07-20,19,’“Τi—Φjκ,{ω‚Ή‚Έ,‚Θ‚µ
ή“,Τγ‚Λ‚η‚Ά,‹Ό,“μ‹Όπ”Τ,131237,“‹“s,]Λμ‹ζ,“μ‹Ό‚U’–Ϊ,2019-01-07,13,‚»‚Μ‘Ό,{ω‚Ή‚Έ,‚Θ‚µ
ή“,Τγ‚Λ‚η‚Ά,‹Ό,“μ‹Όπ”Τ,131237,“‹“s,]Λμ‹ζ,“μ‹Ό‚U’–Ϊ,2019-07-24,19,‚SK‚ΔΘγ‹¤“―Z‘ξ,{ω‚Ή‚Έ,‚Θ‚µ
ή“,Τγ‚Λ‚η‚Ά,‹Ό,“μ‹Όπ”Τ,131237,“‹“s,]Λμ‹ζ,“μ‹Ό‚U’–Ϊ,2019-10-28,15,‚»‚Μ‘Ό,{ω‚Ή‚Έ,‚Θ‚µ
ή“,Τγ‚Λ‚η‚Ά,‹Ό,΄V’¬π”Τ,131237,“‹“s,]Λμ‹ζ,΄V’¬‚P’–Ϊ,2019-09-02,22,‚SK‚ΔΘγ‹¤“―Z‘ξ,{ω‚Ή‚Έ,‚Θ‚µ
ή“,Τγ‚Λ‚η‚Ά,‹Ό,‹Ό‰w‘Oπ”Τ,131237,“‹“s,]Λμ‹ζ,’†‹Ό‚T’–Ϊ,2019-05-04,13,“ΉHγ,{ω‚Ή‚Έ,‚ ‚θ
ή“,Τγ‚Λ‚η‚Ά,‹Ό,‹Ό‰w‘Oπ”Τ,131237,“‹“s,]Λμ‹ζ,’†‹Ό‚T’–Ϊ,2019-07-13,15,“ΉHγ,{ω‚Ή‚Έ,‚ ‚θ
ή“,Τγ‚Λ‚η‚Ά,‹Ό,‹Ό‰w‘Oπ”Τ,131237,“‹“s,]Λμ‹ζ,’†‹Ό‚T’–Ϊ,2019-07-21,16,“ΉHγ,{ω‚Ή‚Έ,‚Θ‚µ
ή“,Τγ‚Λ‚η‚Ά,‹Ό,‹Ό‰w‘Oπ”Τ,131237,“‹“s,]Λμ‹ζ,’†‹Ό‚T’–Ϊ,2019-07-27,21,‚»‚Μ‘Ό‚ΜZ‘ξi‚RK‚ΔΘ‰Ί‹¤“―Z‘ξ“™j,{ω‚Ή‚Έ,‚ ‚θ
ή“,Τγ‚Λ‚η‚Ά,‹Ό,‹Ό‰w‘Oπ”Τ,131237,“‹“s,]Λμ‹ζ,’†‹Ό‚U’–Ϊ,2019-04-06,21,‚»‚Μ‘Ό,{ω‚Ή‚Έ,‚Θ‚µ
ή“,Τγ‚Λ‚η‚Ά,‹Ό,‹Ό‰w‘Oπ”Τ,131237,“‹“s,]Λμ‹ζ,’†‹Ό‚U’–Ϊ,2019-12-04,15,‚SK‚ΔΘγ‹¤“―Z‘ξ,{ω‚Ή‚Έ,‚Θ‚µ
ή“,Τγ‚Λ‚η‚Ά,‹Ό,‹Ό‰w‘Oπ”Τ,131237,“‹“s,]Λμ‹ζ,’†‹Ό‚W’–Ϊ,2019-04-24,18,“ΉHγ,{ω‚Ή‚Έ,‚Θ‚µ
ή“,Τγ‚Λ‚η‚Ά,‹Ό,‹Ό‰w‘Oπ”Τ,131237,“‹“s,]Λμ‹ζ,“‹Ό‚U’–Ϊ,2019-05-07,23,’“Τi—Φjκ,{ω‚Ή‚Έ,‚ ‚θ
ή“,Τγ‚Λ‚η‚Ά,‹Ό,‹Ό‰w‘Oπ”Τ,131237,“‹“s,]Λμ‹ζ,“‹Ό‚U’–Ϊ,2019-08-19,21,“ΉHγ,{ω‚Ή‚Έ,‚ ‚θ
ή“,Τγ‚Λ‚η‚Ά,‹Ό,‹Ό‰w‘Oπ”Τ,131237,“‹“s,]Λμ‹ζ,“‹Ό‚U’–Ϊ,2019-09-01,23,“ΉHγ,{ω‚Ή‚Έ,‚ ‚θ
ή“,Τγ‚Λ‚η‚Ά,‹Ό,‹Ό‰w‘Oπ”Τ,131237,“‹“s,]Λμ‹ζ,“‹Ό‚U’–Ϊ,2019-09-09,11,’“Τi—Φjκ,{ω‚Ή‚Έ,‚Θ‚µ
ή“,Τγ‚Λ‚η‚Ά,‹Ό,]ΛμZ’–Ϊπ”Τ,131237,“‹“s,]Λμ‹ζ,]Λμ‚U’–Ϊ,2019-09-09,20,‚SK‚ΔΘγ‹¤“―Z‘ξ,{ω‚Ή‚Έ,‚Θ‚µ
ή“,Τγ‚Λ‚η‚Ά,‹Ό,]ΛμZ’–Ϊπ”Τ,131237,“‹“s,]Λμ‹ζ,Ό]‚T’–Ϊ,2019-06-08,18,‚»‚Μ‘Ό,{ω‚Ή‚Έ,‚Θ‚µ
ή“,Τγ‚Λ‚η‚Ά,‹Ό,]ΛμZ’–Ϊπ”Τ,131237,“‹“s,]Λμ‹ζ,t]’¬‚T’–Ϊ,2019-10-06,01,’“Τi—Φjκ,{ω‚Ή‚Έ,‚Θ‚µ
ή“,Τγ‚Λ‚η‚Ά,‹Ό,—ΥCφ‰€π”Τ,131237,“‹“s,]Λμ‹ζ,“μ‹Ό‚T’–Ϊ,2019-10-17,20,’“Τi—Φjκ,{ω‚Ή‚Έ,‚Θ‚µ
ή“,Τγ‚Λ‚η‚Ά,‹Ό,—ΥCφ‰€π”Τ,131237,“‹“s,]Λμ‹ζ,—ΥC’¬‚U’–Ϊ,2019-03-09,08,‚»‚Μ‘Ό,{ω‚Ή‚Έ,‚ ‚θ
ή“,Τγ‚Λ‚η‚Ά,‹Ό,—ΥCφ‰€π”Τ,131237,“‹“s,]Λμ‹ζ,—ΥC’¬‚U’–Ϊ,2019-05-30,14,’“Τi—Φjκ,{ω‚Ή‚Έ,‚Θ‚µ
ή“,Τγ‚Λ‚η‚Ά,“μ‘ε‘ς,–k–μ‰w‘Oπ”Τ,132012,“‹“s,”ª‰¤qs,‘Ε‰z’¬,2019-07-05,15,“ΉHγ,{ω‚Ή‚Έ,‚ ‚θ
ή“,Τγ‚Λ‚η‚Ά,“μ‘ε‘ς,–k–μ‰w‘Oπ”Τ,132012,“‹“s,”ª‰¤qs,‘Ε‰z’¬,2019-07-20,14,‚»‚Μ‘Ό,{ω‚Ή‚Έ,‚ ‚θ
ή“,Τγ‚Λ‚η‚Ά,“μ‘ε‘ς,–k–μ‰w‘Oπ”Τ,132012,“‹“s,”ª‰¤qs,–k–μ’¬,2019-07-20,09,“ΉHγ,{ω‚Ή‚Έ,‚Θ‚µ
ή“,Τγ‚Λ‚η‚Ά,“μ‘ε‘ς,–k–μ‰w‘Oπ”Τ,132012,“‹“s,”ª‰¤qs,–k–μ’¬,2019-07-20,10,“ΉHγ,{ω‚Ή‚Έ,‚Θ‚µ
ή“,Τγ‚Λ‚η‚Ά,“μ‘ε‘ς,–k–μ‰w‘Oπ”Τ,132012,“‹“s,”ª‰¤qs,–k–μ’¬,2019-08-26,10,“ΉHγ,{ω‚Ή‚Έ,‚ ‚θ
ή“,Τγ‚Λ‚η‚Ά,“μ‘ε‘ς,–k–μ‰w‘Oπ”Τ,132012,“‹“s,”ª‰¤qs,–k–μ’¬,2019-09-24,11,‚»‚Μ‘Ό,{ω‚Ή‚Έ,‚Θ‚µ
ή“,Τγ‚Λ‚η‚Ά,“μ‘ε‘ς,–k–μ‰w‘Oπ”Τ,132012,“‹“s,”ª‰¤qs,–k–μ’¬,2019-10-23,12,“ΉHγ,{ω‚Ή‚Έ,‚ ‚θ
ή“,Τγ‚Λ‚η‚Ά,“μ‘ε‘ς,–k–μ‰w‘Oπ”Τ,132012,“‹“s,”ª‰¤qs,’·ΐ’¬,2019-04-20,16,’“Τi—Φjκ,{ω‚Ή‚Έ,‚ ‚θ
ή“,Τγ‚Λ‚η‚Ά,“μ‘ε‘ς,–k–μ‰w‘Oπ”Τ,132012,“‹“s,”ª‰¤qs,’·ΐ’¬,2019-04-23,15,“ΉHγ,{ω‚Ή‚Έ,‚ ‚θ
ή“,Τγ‚Λ‚η‚Ά,“μ‘ε‘ς,–k–μ‰w‘Oπ”Τ,132012,“‹“s,”ª‰¤qs,’·ΐ’¬,2019-04-24,19,‚SK‚ΔΘγ‹¤“―Z‘ξ,{ω‚Ή‚Έ,‚Θ‚µ
ή“,Τγ‚Λ‚η‚Ά,“μ‘ε‘ς,‰Ί—M–Ψπ”Τ,132012,“‹“s,”ª‰¤qs,‰Ί—M–Ψ,2019-08-06,17,‚»‚Μ‘Ό,{ω‚Ή‚Έ,‚Θ‚µ
ή“,Τγ‚Λ‚η‚Ά,“μ‘ε‘ς,‰Ί—M–Ψπ”Τ,132012,“‹“s,”ª‰¤qs,‰Ί—M–Ψ‚Q’–Ϊ,2019-06-28,10,’“Τi—Φjκ,{ω‚Ή‚Έ,‚Θ‚µ
ή“,Τγ‚Λ‚η‚Ά,“μ‘ε‘ς,Ό‚ª’Jπ”Τ,132012,“‹“s,”ª‰¤qs,‘ε’Λ,2019-05-30,17,‚»‚Μ‘Ό,{ω‚Ή‚Έ,‚Θ‚µ
ή“,Τγ‚Λ‚η‚Ά,“μ‘ε‘ς,Ό‚ª’Jπ”Τ,132012,“‹“s,”ª‰¤qs,‘ε’Λ,2019-12-05,08,‚»‚Μ‘Ό,{ω‚Ή‚Έ,‚Θ‚µ
ή“,Τγ‚Λ‚η‚Ά,“μ‘ε‘ς,‚—δπ”Τ,132012,“‹“s,”ª‰¤qs,•Π‘q’¬,2019-09-15,17,“ΉHγ,{ω‚Ή‚Έ,‚ ‚θ
ή“,Τγ‚Λ‚η‚Ά,“μ‘ε‘ς,–x”V“ΰ‰w‘Oπ”Τ,132012,“‹“s,”ª‰¤qs,•Κ‚Q’–Ϊ,2019-05-30,15,‚»‚Μ‘Ό,{ω‚Ή‚Έ,‚Θ‚µ
ή“,Τγ‚Λ‚η‚Ά,“μ‘ε‘ς,–x”V“ΰ‰w‘Oπ”Τ,132012,“‹“s,”ª‰¤qs,–x”V“ΰ‚R’–Ϊ,2019-11-25,08,’“Τi—Φjκ,{ω‚Ή‚Έ,‚Θ‚µ
ή“,Τγ‚Λ‚η‚Ά,“μ‘ε‘ς,“μ‘ε‘ς‰w‘Oπ”Τ,132012,“‹“s,”ª‰¤qs,“μ‘ε‘ς‚P’–Ϊ,2019-10-08,09,‚»‚Μ‘Ό,{ω‚Ή‚Έ,‚Θ‚µ
ή“,Τγ‚Λ‚η‚Ά,“μ‘ε‘ς,“μ‘ε‘ς‰w‘Oπ”Τ,132012,“‹“s,”ª‰¤qs,“μ‘ε‘ς‚P’–Ϊ,2019-12-19,14,’“Τi—Φjκ,{ω‚Ή‚Έ,‚Θ‚µ
ή“,Τγ‚Λ‚η‚Ά,“μ‘ε‘ς,‚έ‚Θ‚έ–μπ”Τ,132012,“‹“s,”ª‰¤qs,•Π‘q’¬,2019-09-24,21,“ΉHγ,{ω‚Ή‚Έ,‚Θ‚µ
ή“,Τγ‚Λ‚η‚Ά,“μ‘ε‘ς,‚έ‚Θ‚έ–μπ”Τ,132012,“‹“s,”ª‰¤qs,•Ί‰q‚P’–Ϊ,2019-05-14,09,“ΉHγ,{ω‚Ή‚Έ,‚ ‚θ
ή“,Τγ‚Λ‚η‚Ά,“μ‘ε‘ς,‚έ‚Θ‚έ–μπ”Τ,132012,“‹“s,”ª‰¤qs,µ‘‚T’–Ϊ,2019-02-26,17,‚»‚Μ‘Ό,{ω‚Ή‚Έ,‚ ‚θ
ή“,Τγ‚Λ‚η‚Ά,“μ‘ε‘ς,‘΄‰w‘Oπ”Τ,132098,“‹“s,’¬“cs,‘΄’¬,2019-04-04,16,κΛZ‘ξ,{ω‚Ή‚Έ,‚Θ‚µ
ή“,Τγ‚Λ‚η‚Ά,“μ‘ε‘ς,‘΄‰w‘Oπ”Τ,132098,“‹“s,’¬“cs,‘΄’¬,2019-11-29,23,κΛZ‘ξ,{ω‚Ή‚Έ,‚Θ‚µ
ή“,Τγ‚Λ‚η‚Ά,“μ‘ε‘ς,γ—M–Ψ’“έ,132012,“‹“s,”ª‰¤qs,γ—M–Ψ‚Q’–Ϊ,2019-08-30,16,“ΉHγ,{ω‚Ή‚Έ,‚Θ‚µ
ή“,Τγ‚Λ‚η‚Ά,“μ‘ε‘ς,¬”δι’“έ,132012,“‹“s,”ª‰¤qs,¬”δι’¬,2019-12-20,19,‚»‚Μ‘Ό‚ΜZ‘ξi‚RK‚ΔΘ‰Ί‹¤“―Z‘ξ“™j,{ω‚Ή‚Έ,‚Θ‚µ
ή“,Τγ‚Λ‚η‚Ά,“μ‘ε‘ς,“μ‘ε‘ς’“έ,132012,“‹“s,”ª‰¤qs,“μ‘ε‘ς‚R’–Ϊ,2019-03-24,10,‚SK‚ΔΘγ‹¤“―Z‘ξ,{ω‚Ή‚Έ,‚Θ‚µ
ή“,Τγ‚Λ‚η‚Ά,“μ‘ε‘ς,‹{γ’“έ,132012,“‹“s,”ª‰¤qs,–ψ…‚Q’–Ϊ,2019-07-22,13,“ΉHγ,{ω‚Ή‚Έ,‚Θ‚µ
ή“,Τγ‚Λ‚η‚Ά,‚”φ,•ΐ–Ψ’¬π”Τ,132012,“‹“s,”ª‰¤qs,U“c’¬‚P’–Ϊ,2019-09-03,10,’“Τi—Φjκ,{ω‚Ή‚Έ,‚ ‚θ
ή“,Τγ‚Λ‚η‚Ά,‚”φ,•ΐ–Ψ’¬π”Τ,132012,“‹“s,”ª‰¤qs,U“c’¬‚P’–Ϊ,2019-11-11,16,“ΉHγ,{ω‚Ή‚Έ,‚ ‚θ
ή“,Τγ‚Λ‚η‚Ά,‚”φ,•ΐ–Ψ’¬π”Τ,132012,“‹“s,”ª‰¤qs,U“c’¬‚R’–Ϊ,2019-07-01,22,’“Τi—Φjκ,{ω‚Ή‚Έ,‚ ‚θ
ή“,Τγ‚Λ‚η‚Ά,‚”φ,•ΐ–Ψ’¬π”Τ,132012,“‹“s,”ª‰¤qs,U“c’¬‚R’–Ϊ,2019-08-09,09,“ΉHγ,{ω‚Ή‚Έ,‚ ‚θ
ή“,Τγ‚Λ‚η‚Ά,‚”φ,•ΐ–Ψ’¬π”Τ,132012,“‹“s,”ª‰¤qs,U“c’¬‚S’–Ϊ,2019-08-04,19,’“Τi—Φjκ,{ω‚Ή‚Έ,‚ ‚θ
ή“,Τγ‚Λ‚η‚Ά,‚”φ,‚ί‚¶‚λ‘δπ”Τ,132012,“‹“s,”ª‰¤qs,­“c’¬,2019-11-14,19,“ΉHγ,{ω‚Ή‚Έ,‚ ‚θ
ή“,Τγ‚Λ‚η‚Ά,‚”φ,‚ί‚¶‚λ‘δπ”Τ,132012,“‹“s,”ª‰¤qs,‚ί‚¶‚λ‘δ‚P’–Ϊ,2019-10-20,08,“ΉHγ,{ω‚Ή‚Έ,‚ ‚θ
ή“,Τγ‚Λ‚η‚Ά,‚”φ,‚ί‚¶‚λ‘δπ”Τ,132012,“‹“s,”ª‰¤qs,‚ί‚¶‚λ‘δ‚P’–Ϊ,2019-10-31,18,“ΉHγ,{ω‚Ή‚Έ,‚Θ‚µ
ή“,Τγ‚Λ‚η‚Ά,‚”φ,‚ί‚¶‚λ‘δπ”Τ,132012,“‹“s,”ª‰¤qs,‚ί‚¶‚λ‘δ‚P’–Ϊ,2019-11-23,07,‚»‚Μ‘Ό,{ω‚Ή‚Έ,‚ ‚θ
ή“,Τγ‚Λ‚η‚Ά,‚”φ,‚ί‚¶‚λ‘δπ”Τ,132012,“‹“s,”ª‰¤qs,‚ί‚¶‚λ‘δ‚Q’–Ϊ,2019-10-21,12,“ΉHγ,{ω‚Ή‚Έ,‚ ‚θ
ή“,Τγ‚Λ‚η‚Ά,‚”φ,‚ί‚¶‚λ‘δπ”Τ,132012,“‹“s,”ª‰¤qs,‚ί‚¶‚λ‘δ‚Q’–Ϊ,2019-12-16,15,“ΉHγ,{ω‚Ή‚Έ,‚Θ‚µ
ή“,Τγ‚Λ‚η‚Ά,‚”φ,‚ί‚¶‚λ‘δπ”Τ,132012,“‹“s,”ª‰¤qs,‚ί‚¶‚λ‘δ‚S’–Ϊ,2019-09-24,08,κΛZ‘ξ,{ω‚Ή‚Έ,‚ ‚θ
ή“,Τγ‚Λ‚η‚Ά,‚”φ,‚ί‚¶‚λ‘δπ”Τ,132012,“‹“s,”ª‰¤qs,R“c’¬,2019-10-24,10,“ΉHγ,{ω‚Ή‚Έ,‚Θ‚µ
ή“,Τγ‚Λ‚η‚Ά,‚”φ,‚ί‚¶‚λ‘δπ”Τ,132012,“‹“s,”ª‰¤qs,R“c’¬,2019-11-26,18,“ΉHγ,{ω‚Ή‚Έ,‚ ‚θ
ή“,Τγ‚Λ‚η‚Ά,‚”φ,’·–[’¬π”Τ,132012,“‹“s,”ª‰¤qs,ιRθ‚Q’–Ϊ,2019-08-23,10,“ΉHγ,{ω‚Ή‚Έ,‚ ‚θ
ή“,Τγ‚Λ‚η‚Ά,‚”φ,‰΅μ’¬π”Τ,132012,“‹“s,”ª‰¤qs,‰΅μ’¬,2019-01-09,20,’“Τi—Φjκ,{ω‚Ή‚Έ,‚ ‚θ
ή“,Τγ‚Λ‚η‚Ά,‚”φ,‰΅μ’¬π”Τ,132012,“‹“s,”ª‰¤qs,‰΅μ’¬,2019-07-10,20,’“Τi—Φjκ,{ω‚Ή‚Έ,‚Θ‚µ
ή“,Τγ‚Λ‚η‚Ά,‚”φ,z–Kπ”Τ,132012,“‹“s,”ª‰¤qs,U“c’¬‚R’–Ϊ,2019-10-04,10,“ΉHγ,{ω‚Ή‚Έ,‚ ‚θ
ή“,Τγ‚Λ‚η‚Ά,‚”φ,z–Kπ”Τ,132012,“‹“s,”ª‰¤qs,z–K’¬,2019-06-19,18,‚»‚Μ‘Ό,{ω‚Ή‚Έ,‚Θ‚µ
ή“,Τγ‚Λ‚η‚Ά,‚”φ,z–Kπ”Τ,132012,“‹“s,”ª‰¤qs,‘εy›’¬,2019-09-24,20,κΛZ‘ξ,{ω‚Ή‚Έ,‚ ‚θ
ή“,Τγ‚Λ‚η‚Ά,‚”φ,z–Kπ”Τ,132012,“‹“s,”ª‰¤qs,l’J’¬,2019-10-03,08,‚»‚Μ‘Ό,{ω‚Ή‚Έ,‚ ‚θ
ή“,Τγ‚Λ‚η‚Ά,‚”φ,³”ª‰¤qπ”Τ,132012,“‹“s,”ª‰¤qs,“σ•ª•ϋ’¬,2019-02-25,15,‚»‚Μ‘Ό,{ω‚Ή‚Έ,‚Θ‚µ
ή“,Τγ‚Λ‚η‚Ά,‚”φ,³”ª‰¤qπ”Τ,132012,“‹“s,”ª‰¤qs,“σ•ª•ϋ’¬,2019-03-09,17,‚»‚Μ‘Ό‚ΜZ‘ξi‚RK‚ΔΘ‰Ί‹¤“―Z‘ξ“™j,{ω‚Ή‚Έ,‚Θ‚µ
ή“,Τγ‚Λ‚η‚Ά,‚”φ,³”ª‰¤qπ”Τ,132012,“‹“s,”ª‰¤qs,“σ•ª•ϋ’¬,2019-10-20,05,κΛZ‘ξ,{ω‚Ή‚Έ,‚ ‚θ
ή“,Τγ‚Λ‚η‚Ά,‚”φ,“σμ’“έ,132012,“‹“s,”ª‰¤qs,“σμ’¬,2019-07-20,10,‚SK‚ΔΘγ‹¤“―Z‘ξ,{ω‚Ή‚Έ,‚ ‚θ
ή“,Τγ‚Λ‚η‚Ά,‚”φ,“σμ’“έ,132012,“‹“s,”ª‰¤qs,“σμ’¬,2019-07-30,08,“ΉHγ,{ω‚Ή‚Έ,‚ ‚θ
ή“,Τγ‚Λ‚η‚Ά,‚”φ,‚”φ‰Ί’“έ,132012,“‹“s,”ª‰¤qs,U“c’¬‚R’–Ϊ,2019-08-09,09,’“Τi—Φjκ,{ω‚Ή‚Έ,‚ ‚θ
ή“,Τγ‚Λ‚η‚Ά,‚”φ,Ω’“έ,132012,“‹“s,”ª‰¤qs,Ω’¬,2018-12-11,19,‚»‚Μ‘Ό,{ω‚Ή‚Έ,‚Θ‚µ
ή“,Τγ‚Λ‚η‚Ά,‚”φ,Ω’“έ,132012,“‹“s,”ª‰¤qs,Ω’¬,2019-11-01,12,’“Τi—Φjκ,{ω‚Ή‚Έ,‚ ‚θ
ή“,Τγ‚Λ‚η‚Ά,‚”φ,‰Ί‰¶•ϋ’“έ,132012,“‹“s,”ª‰¤qs,‰Ί‰¶•ϋ’¬,2019-02-07,19,κΛZ‘ξ,{ω‚Ή‚Έ,‚ ‚θ
ή“,Τγ‚Λ‚η‚Ά,‚”φ,‰Ί‰¶•ϋ’“έ,132012,“‹“s,”ª‰¤qs,Ό›•ϋ’¬,2019-12-11,17,‚»‚Μ‘Ό,{ω‚Ή‚Έ,‚Θ‚µ
ή“,Τγ‚Λ‚η‚Ά,‚”φ,Ό›•ϋ’“έ,132012,“‹“s,”ª‰¤qs,Ό›•ϋ’¬,2019-11-04,16,‚»‚Μ‘Ό,{ω‚Ή‚Έ,‚Θ‚µ
ή“,Τγ‚Λ‚η‚Ά,‘½–€’†‰›,χƒP‹u‰w‘Oπ”Τ,132241,“‹“s,‘½–€s,κƒm‹{‚S’–Ϊ,2019-01-08,14,“ΉHγ,{ω‚Ή‚Έ,‚ ‚θ
ή“,Τγ‚Λ‚η‚Ά,‘½–€’†‰›,χƒP‹u‰w‘Oπ”Τ,132241,“‹“s,‘½–€s,ΦΛ‚P’–Ϊ,2019-02-01,19,’“Τi—Φjκ,{ω‚Ή‚Έ,‚Θ‚µ
ή“,Τγ‚Λ‚η‚Ά,‘½–€’†‰›,χƒP‹u‰w‘Oπ”Τ,132241,“‹“s,‘½–€s,ΦΛ‚P’–Ϊ,2019-10-21,13,’“Τi—Φjκ,{ω‚Ή‚Έ,‚Θ‚µ
ή“,Τγ‚Λ‚η‚Ά,‘½–€’†‰›,¤“†π”Τ,132241,“‹“s,‘½–€s,ξ“c,2019-01-27,16,“ΉHγ,{ω‚Ή‚Έ,‚ ‚θ
ή“,Τγ‚Λ‚η‚Ά,‘½–€’†‰›,‰iR‰w‘Oπ”Τ,132241,“‹“s,‘½–€s,‰iR‚Q’–Ϊ,2019-11-16,18,’“Τi—Φjκ,{ω‚Ή‚Έ,‚Θ‚µ
ή“,Τγ‚Λ‚η‚Ά,‘½–€’†‰›,‰iRl’–Ϊπ”Τ,132241,“‹“s,‘½–€s,z–K‚S’–Ϊ,2019-08-17,16,‚SK‚ΔΘγ‹¤“―Z‘ξ,{ω‚Ή‚Έ,‚ ‚θ
ή“,Τγ‚Λ‚η‚Ά,‘½–€’†‰›,Lζπ”Τ,132241,“‹“s,‘½–€s,–LƒP‹u‚S’–Ϊ,2019-02-27,18,“ΉHγ,{ω‚Ή‚Έ,‚ ‚θ
ή“,Τγ‚Λ‚η‚Ά,‘½–€’†‰›,Lζπ”Τ,132241,“‹“s,‘½–€s,–LƒP‹u‚U’–Ϊ,2019-05-13,12,‚SK‚ΔΘγ‹¤“―Z‘ξ,{ω‚Ή‚Έ,‚ ‚θ
ή“,Τγ‚Λ‚η‚Ά,‘½–€’†‰›,‘½–€ƒZƒ“ƒ^[‰w‘Oπ”Τ,132241,“‹“s,‘½–€s,—‡‚P’–Ϊ,2019-05-11,19,’“Τi—Φjκ,{ω‚Ή‚Έ,‚Θ‚µ
ή“,Τγ‚Λ‚η‚Ά,‘½–€’†‰›,‘εΫπ”Τ,132250,“‹“s,ξιs,‘εΫ,2019-08-29,06,’“Τi—Φjκ,{ω‚Ή‚Έ,‚Θ‚µ
ή“,Τγ‚Λ‚η‚Ά,‘½–€’†‰›,‘εΫπ”Τ,132250,“‹“s,ξιs,“’·ΐ,2019-02-15,05,’“Τi—Φjκ,{ω‚Ή‚Έ,‚Θ‚µ
ή“,Τγ‚Λ‚η‚Ά,‘½–€’†‰›,‘εΫπ”Τ,132250,“‹“s,ξιs,“’·ΐ,2019-02-28,07,’“Τi—Φjκ,{ω‚Ή‚Έ,‚Θ‚µ
ή“,Τγ‚Λ‚η‚Ά,‘½–€’†‰›,‘εΫπ”Τ,132250,“‹“s,ξιs,“’·ΐ,2019-10-25,17,’“Τi—Φjκ,{ω‚Ή‚Έ,‚Θ‚µ
ή“,Τγ‚Λ‚η‚Ά,‘½–€’†‰›,‘εΫπ”Τ,132250,“‹“s,ξιs,“’·ΐ,2019-10-25,18,’“Τi—Φjκ,{ω‚Ή‚Έ,‚Θ‚µ
ή“,Τγ‚Λ‚η‚Ά,‘½–€’†‰›,–ξ–μϋπ”Τ,132250,“‹“s,ξιs,‰—§,2019-09-17,13,’“Τi—Φjκ,{ω‚Ή‚Έ,‚Θ‚µ
ή“,Τγ‚Λ‚η‚Ά,‘½–€’†‰›,β•l’“έ,132250,“‹“s,ξιs,β•l,2019-04-13,21,’“Τi—Φjκ,{ω‚Ή‚Έ,‚ ‚θ
ή“,Τγ‚Λ‚η‚Ά,‘½–€’†‰›,•S‘Ί’“έ,132250,“‹“s,ξιs,•S‘Ί,2019-03-24,18,’“Τi—Φjκ,{ω‚Ή‚Έ,‚Θ‚µ
ή“,Τγ‚Λ‚η‚Ά,‘½–€’†‰›,•S‘Ί’“έ,132250,“‹“s,ξιs,•S‘Ί,2019-04-04,16,“ΉHγ,{ω‚Ή‚Έ,‚Θ‚µ
ή“,Τγ‚Λ‚η‚Ά,“‘εa,‚―‚β‚«’Κπ”Τ,132209,“‹“s,“‘εas,V–x‚R’–Ϊ,2019-05-20,18,‚»‚Μ‘Ό,{ω‚Ή‚Έ,‚Θ‚µ
ή“,Τγ‚Λ‚η‚Ά,“‘εa,“μXπ”Τ,132209,“‹“s,“‘εas,“μX‚P’–Ϊ,2019-10-30,11,“ΉHγ,{ω‚Ή‚Έ,‚Θ‚µ
ή“,Τγ‚Λ‚η‚Ά,“‘εa,“ή—Η‹΄π”Τ,132209,“‹“s,“‘εas,γ–k‘δ‚P’–Ϊ,2019-04-17,16,’“Τi—Φjκ,{ω‚Ή‚Έ,‚ ‚θ
ή“,Τγ‚Λ‚η‚Ά,“‘εa,“ή—Η‹΄π”Τ,132209,“‹“s,“‘εas,‚–Ψ‚R’–Ϊ,2019-05-26,09,’“Τi—Φjκ,{ω‚Ή‚Έ,‚Θ‚µ
ή“,Τγ‚Λ‚η‚Ά,“‘εa,“ή—Η‹΄π”Τ,132209,“‹“s,“‘εas,’‡΄‚S’–Ϊ,2019-04-12,18,‚SK‚ΔΘγ‹¤“―Z‘ξ,{ω‚Ή‚Έ,‚Θ‚µ
ή“,Τγ‚Λ‚η‚Ά,“‘εa,“ή—Η‹΄π”Τ,132209,“‹“s,“‘εas,’‡΄‚S’–Ϊ,2019-04-20,18,‚»‚Μ‘Ό‚ΜZ‘ξi‚RK‚ΔΘ‰Ί‹¤“―Z‘ξ“™j,{ω‚Ή‚Έ,‚Θ‚µ
ή“,Τγ‚Λ‚η‚Ά,“‘εa,‘ΊRπ”Τ,132233,“‹“s,•‘ ‘ΊRs,‰|‚P’–Ϊ,2019-12-10,17,‚»‚Μ‘Ό,{ω‚Ή‚Έ,‚Θ‚µ
ή“,Τγ‚Λ‚η‚Ά,“‘εa,‘ΊRπ”Τ,132233,“‹“s,•‘ ‘ΊRs,‘ε“μ‚P’–Ϊ,2019-07-30,15,’“Τi—Φjκ,{ω‚Ή‚Έ,‚Θ‚µ
ή“,Τγ‚Λ‚η‚Ά,“‘εa,‘ΊRπ”Τ,132233,“‹“s,•‘ ‘ΊRs,w‰€‚S’–Ϊ,2019-04-22,10,‚»‚Μ‘Ό,{ω‚Ή‚Έ,‚ ‚θ
ή“,Τγ‚Λ‚η‚Ά,“‘εa,’†“΅π”Τ,132233,“‹“s,•‘ ‘ΊRs,‰|‚R’–Ϊ,2019-04-02,22,‚»‚Μ‘Ό‚ΜZ‘ξi‚RK‚ΔΘ‰Ί‹¤“―Z‘ξ“™j,{ω‚Ή‚Έ,‚ ‚θ
ή“,Τγ‚Λ‚η‚Ά,“‘εa,’†“΅π”Τ,132233,“‹“s,•‘ ‘ΊRs,w‰€‚P’–Ϊ,2019-04-18,21,‚»‚Μ‘Ό‚ΜZ‘ξi‚RK‚ΔΘ‰Ί‹¤“―Z‘ξ“™j,{ω‚Ή‚Έ,‚ ‚θ
ή“,Τγ‚Λ‚η‚Ά,“‘εa,’†“΅π”Τ,132233,“‹“s,•‘ ‘ΊRs,Oƒc“΅‚P’–Ϊ,2019-03-06,20,“ΉHγ,{ω‚Ή‚Έ,‚Θ‚µ
ή“,Τγ‚Λ‚η‚Ά,“‘εa,’†“΅π”Τ,132233,“‹“s,•‘ ‘ΊRs,Oƒc“΅‚P’–Ϊ,2019-10-15,14,κΛZ‘ξ,{ω‚Ή‚Έ,‚ ‚θ
ή“,Τγ‚Λ‚η‚Ά,“‘εa,‘ΊR’™…’r’“έ,132209,“‹“s,“‘εas,‘½–€Ξ‚S’–Ϊ,2019-04-19,14,’“Τi—Φjκ,{ω‚Ή‚Έ,‚ ‚θ
ή“,Τγ‚Λ‚η‚Ά,“‘εa,πE’“έ,132209,“‹“s,“‘εas,πE‚T’–Ϊ,2019-01-14,14,‚»‚Μ‘Ό,{ω‚Ή‚Έ,‚Θ‚µ
ή“,Τγ‚Λ‚η‚Ά,“‘εa,πE’“έ,132209,“‹“s,“‘εas,πE‚T’–Ϊ,2019-05-15,09,‚»‚Μ‘Ό,{ω‚Ή‚Έ,‚Θ‚µ
ή“,Τγ‚Λ‚η‚Ά,“‘εa,c–x’“έ,132233,“‹“s,•‘ ‘ΊRs,c–x‚S’–Ϊ,2019-03-08,21,’“Τi—Φjκ,{ω‚Ή‚Έ,‚Θ‚µ
ή“,Τγ‚Λ‚η‚Ά,“‘εa,‹Κμγ…‰w‘Oπ”Τ,132209,“‹“s,“‘εas,χ‚ª‹u‚R’–Ϊ,2019-10-26,21,‚»‚Μ‘Ό,{ω‚Ή‚Έ,‚ ‚θ
ή“,Τγ‚Λ‚η‚Ά,“‘εa,‹Κμγ…‰w‘Oπ”Τ,132233,“‹“s,•‘ ‘ΊRs,‘ε“μ‚R’–Ϊ,2019-05-15,11,‚»‚Μ‘Ό‚ΜZ‘ξi‚RK‚ΔΘ‰Ί‹¤“―Z‘ξ“™j,{ω‚Ή‚Έ,‚ ‚θ
ή“,Τγ‚Λ‚η‚Ά,Β”~,ηƒP£’“έ,132055,“‹“s,Β”~s,’·•£‚P’–Ϊ,2019-05-30,17,κΛZ‘ξ,{ω‚Ή‚Έ,‚Θ‚µ
ή“,Τγ‚Λ‚η‚Ά,Β”~,γ’·•£’“έ,132055,“‹“s,Β”~s,‹ξ–Ψ’¬‚P’–Ϊ,2019-11-08,18,‚»‚Μ‘Ό,{ω‚Ή‚Έ,‚Θ‚µ
ή“,Τγ‚Λ‚η‚Ά,Β”~,γ’·•£’“έ,132055,“‹“s,Β”~s,’·•£‚V’–Ϊ,2019-09-25,16,‚»‚Μ‘Ό,{ω‚Ή‚Έ,‚Θ‚µ
ή“,Τγ‚Λ‚η‚Ά,Β”~,‰Ί’·•£’“έ,132055,“‹“s,Β”~s,’·•£‚S’–Ϊ,2019-10-30,17,’“Τi—Φjκ,{ω‚Ή‚Έ,‚Θ‚µ
ή“,Τγ‚Λ‚η‚Ά,Β”~,—F“c’“έ,132055,“‹“s,Β”~s,—F“c’¬‚T’–Ϊ,2019-02-03,22,‚SK‚ΔΘγ‹¤“―Z‘ξ,{ω‚Ή‚Έ,‚Θ‚µ
ή“,Τγ‚Λ‚η‚Ά,Β”~,‘ε–ε’“έ,132055,“‹“s,Β”~s,‘ε–ε‚Q’–Ϊ,2019-01-26,15,‚»‚Μ‘Ό,{ω‚Ή‚Έ,‚ ‚θ
ή“,Τγ‚Λ‚η‚Ά,Β”~,‘ε–ε’“έ,132055,“‹“s,Β”~s,‘ε–ε‚Q’–Ϊ,2019-07-03,14,‚»‚Μ‘Ό,{ω‚Ή‚Έ,‚Θ‚µ
ή“,Τγ‚Λ‚η‚Ά,Β”~,΅›’“έ,132055,“‹“s,Β”~s,΅›‚T’–Ϊ,2019-04-11,20,‚»‚Μ‘Ό,{ω‚Ή‚Έ,‚Θ‚µ
ή“,Τγ‚Λ‚η‚Ά,Β”~,V’¬π”Τ,132055,“‹“s,Β”~s,‰Ν•Σ’¬‚W’–Ϊ,2019-08-28,07,‚»‚Μ‘Ό,{ω‚Ή‚Έ,‚Θ‚µ
ή“,Τγ‚Λ‚η‚Ά,Β”~,V’¬π”Τ,132055,“‹“s,Β”~s,V’¬‚P’–Ϊ,2019-01-28,13,‚»‚Μ‘Ό‚ΜZ‘ξi‚RK‚ΔΘ‰Ί‹¤“―Z‘ξ“™j,{ω‚Ή‚Έ,‚ ‚θ
ή“,Τγ‚Λ‚η‚Ά,Β”~,V’¬π”Τ,132055,“‹“s,Β”~s,V’¬‚Q’–Ϊ,2019-08-06,23,‚»‚Μ‘Ό,{ω‚Ή‚Έ,‚ ‚θ
ή“,Τγ‚Λ‚η‚Ά,Β”~,V’¬π”Τ,132055,“‹“s,Β”~s,V’¬‚R’–Ϊ,2019-05-22,13,’“Τi—Φjκ,{ω‚Ή‚Έ,‚Θ‚µ
ή“,Τγ‚Λ‚η‚Ά,Β”~,V’¬π”Τ,132055,“‹“s,Β”~s,V’¬‚R’–Ϊ,2019-08-26,14,“ΉHγ,{ω‚Ή‚Έ,‚ ‚θ
ή“,Τγ‚Λ‚η‚Ά,Β”~,V’¬π”Τ,132055,“‹“s,Β”~s,V’¬‚R’–Ϊ,2019-10-23,14,’“Τi—Φjκ,{ω‚Ή‚Έ,‚ ‚θ
ή“,Τγ‚Λ‚η‚Ά,Β”~,V’¬π”Τ,132055,“‹“s,Β”~s,V’¬‚R’–Ϊ,2019-11-10,22,‚SK‚ΔΘγ‹¤“―Z‘ξ,{ω‚Ή‚Έ,‚ ‚θ
ή“,Τγ‚Λ‚η‚Ά,Β”~,V’¬π”Τ,132055,“‹“s,Β”~s,V’¬‚V’–Ϊ,2019-05-19,19,‚»‚Μ‘Ό‚ΜZ‘ξi‚RK‚ΔΘ‰Ί‹¤“―Z‘ξ“™j,{ω‚Ή‚Έ,‚ ‚θ
ή“,Τγ‚Λ‚η‚Ά,Β”~,V’¬π”Τ,132055,“‹“s,Β”~s,–μγ’¬‚R’–Ϊ,2019-08-10,10,κΛZ‘ξ,{ω‚Ή‚Έ,‚Θ‚µ
ή“,Τγ‚Λ‚η‚Ά,Β”~,V’¬π”Τ,132055,“‹“s,Β”~s,–μγ’¬‚R’–Ϊ,2019-08-29,15,‚»‚Μ‘Ό,{ω‚Ή‚Έ,‚ ‚θ
ή“,Τγ‚Λ‚η‚Ά,Β”~,΅δ’“έ,132055,“‹“s,Β”~s,΅δ‚R’–Ϊ,2019-09-14,00,‚»‚Μ‘Ό,{ω‚Ή‚Έ,‚Θ‚µ
ή“,Τγ‚Λ‚η‚Ά,Β”~,΅δ’“έ,132055,“‹“s,Β”~s,“΅‹΄‚Q’–Ϊ,2019-09-30,08,κΛZ‘ξ,{ω‚Ή‚Έ,‚Θ‚µ
ή“,Τγ‚Λ‚η‚Ά,Β”~,‰Ν•Σ‰w‘Oπ”Τ,132055,“‹“s,Β”~s,‰Ν•Σ’¬‚T’–Ϊ,2019-06-07,19,’“Τi—Φjκ,{ω‚Ή‚Έ,‚Θ‚µ
ή“,Τγ‚Λ‚η‚Ά,Β”~,‰Ν•Σ‰w‘Oπ”Τ,132055,“‹“s,Β”~s,‰Ν•Σ’¬‚T’–Ϊ,2019-06-09,16,’“Τi—Φjκ,{ω‚Ή‚Έ,‚Θ‚µ
ή“,Τγ‚Λ‚η‚Ά,Β”~,‰Ν•Σ‰w‘Oπ”Τ,132055,“‹“s,Β”~s,‰Ν•Σ’¬‚P‚O’–Ϊ,2019-10-30,20,’“Τi—Φjκ,{ω‚Ή‚Έ,‚Θ‚µ
ή“,Τγ‚Λ‚η‚Ά,ά“ϊs,—―΄’“έ,132284,“‹“s,‚ ‚«‚ι–μs,—―΄,2019-11-21,17,“ΉHγ,{ω‚Ή‚Έ,‚ ‚θ
ή“,Τγ‚Λ‚η‚Ά,ά“ϊs,Ι“ή’“έ,132284,“‹“s,‚ ‚«‚ι–μs,Ι“ή,2018-08-01,00,κΛZ‘ξ,{ω‚Ή‚Έ,‚Θ‚µ
ή“,Τγ‚Λ‚η‚Ά,ά“ϊs,R“c’“έ,132284,“‹“s,‚ ‚«‚ι–μs,γƒm‘δ,2019-11-14,18,’“Τi—Φjκ,{ω‚Ή‚Έ,‚ ‚θ
ή“,Τγ‚Λ‚η‚Ά,ά“ϊs,R“c’“έ,132284,“‹“s,‚ ‚«‚ι–μs,R“c,2019-03-02,19,’“Τi—Φjκ,{ω‚Ή‚Έ,‚Θ‚µ
ή“,Τγ‚Λ‚η‚Ά,ά“ϊs,R“c’“έ,132284,“‹“s,‚ ‚«‚ι–μs,R“c,2019-06-01,21,κΛZ‘ξ,{ω‚Ή‚Έ,‚Θ‚µ
ή“,Τγ‚Λ‚η‚Ά,ά“ϊs,¬‹{’“έ,132284,“‹“s,‚ ‚«‚ι–μs,‰³’Γ,2019-02-24,15,’“Τi—Φjκ,{ω‚Ή‚Έ,‚Θ‚µ
ή“,Τγ‚Λ‚η‚Ά,ά“ϊs,•½δ’“έ,133051,“‹“s,“ϊ‚Μo’¬,‘ε•½δ,2019-03-06,21,’“Τi—Φjκ,{ω‚Ή‚Έ,‚Θ‚µ
ή“,Τγ‚Λ‚η‚Ά,ά“ϊs,•½δ’“έ,133051,“‹“s,“ϊ‚Μo’¬,‘ε•½δ,2019-05-29,15,’“Τi—Φjκ,{ω‚Ή‚Έ,‚ ‚θ
ή“,Τγ‚Λ‚η‚Ά,•¶,•¶‰w‘Oπ”Τ,132187,“‹“s,•¶s,‘ε•¶,2019-04-20,08,’“Τi—Φjκ,{ω‚Ή‚Έ,‚ ‚θ
ή“,Τγ‚Λ‚η‚Ά,•¶,•¶‰w‘Oπ”Τ,132187,“‹“s,•¶s,–{’¬,2019-02-04,17,‚»‚Μ‘Ό,{ω‚Ή‚Έ,‚Θ‚µ
ή“,Τγ‚Λ‚η‚Ά,•¶,•¶‰w‘Oπ”Τ,132187,“‹“s,•¶s,•‘ –μ‘δ‚Q’–Ϊ,2019-06-24,07,’“Τi—Φjκ,{ω‚Ή‚Έ,‚Θ‚µ
ή“,Τγ‚Λ‚η‚Ά,•¶,‰΅“cπ”Τ,132187,“‹“s,•¶s,‘ε•¶,2019-05-07,18,’“Τi—Φjκ,{ω‚Ή‚Έ,‚Θ‚µ
ή“,Τγ‚Λ‚η‚Ά,•¶,“ΰoπ”Τ,132187,“‹“s,•¶s,‘εFμ,2019-08-26,22,’“Τi—Φjκ,{ω‚Ή‚Έ,‚Θ‚µ
ή“,Τγ‚Λ‚η‚Ά,•¶,’†•¶’“έ,132187,“‹“s,•¶s,‘ε•¶,2018-01-11,02,κΛZ‘ξ,{ω‚Ή‚Έ,‚ ‚θ
ή“,Τγ‚Λ‚η‚Ά,•¶,’†•¶’“έ,132187,“‹“s,•¶s,‘ε•¶,2018-02-11,03,κΛZ‘ξ,{ω‚Ή‚Έ,‚ ‚θ
ή“,Τγ‚Λ‚η‚Ά,•¶,’†•¶’“έ,132187,“‹“s,•¶s,‘ε•¶,2018-03-11,02,κΛZ‘ξ,{ω‚Ή‚Έ,‚ ‚θ
ή“,Τγ‚Λ‚η‚Ά,•¶,’†•¶’“έ,132187,“‹“s,•¶s,‘ε•¶,2018-04-01,01,κΛZ‘ξ,{ω‚Ή‚Έ,‚ ‚θ
ή“,Τγ‚Λ‚η‚Ά,•¶,’†•¶’“έ,132187,“‹“s,•¶s,‘ε•¶,2018-05-11,02,κΛZ‘ξ,{ω‚Ή‚Έ,‚ ‚θ
ή“,Τγ‚Λ‚η‚Ά,•¶,” ªƒPθ’“έ,133035,“‹“s,•δ’¬,‘ε•‘ ,2019-07-29,19,’“Τi—Φjκ,{ω‚Ή‚Έ,‚Θ‚µ
ή“,Τγ‚Λ‚η‚Ά,•¶,Ξ”¨’“έ,133035,“‹“s,•δ’¬,‘ε“aƒP’J,2019-06-25,08,“ΉHγ,{ω‚Ή‚Έ,‚ ‚θ
ή“,Τγ‚Λ‚η‚Ά,•¶,’·‰ª’“έ,133035,“‹“s,•δ’¬,‘ε’·‰ª’·’J•”,2019-06-15,22,‚»‚Μ‘Ό,{ω‚Ή‚Έ,‚Θ‚µ
ή“,Τγ‚Λ‚η‚Ά,•¶,’·‰ª’“έ,133035,“‹“s,•δ’¬,‘ε” ªƒPθ,2019-05-31,22,‚»‚Μ‘Ό,{ω‚Ή‚Έ,‚Θ‚µ
ή“,Τγ‚Λ‚η‚Ά,•¶,³‹·R’“έ,133035,“‹“s,•δ’¬,‘ε•xmRI΄V“c,2019-12-10,13,‚»‚Μ‘Ό,{ω‚Ή‚Έ,‚Θ‚µ
ή“,Τγ‚Λ‚η‚Ά,•¶,•‘ –μ’“έ,133035,“‹“s,•δ’¬,‚ή‚³‚µ–μ‚R’–Ϊ,2019-07-17,19,’“Τi—Φjκ,{ω‚Ή‚Έ,‚Θ‚µ
ή“,Τγ‚Λ‚η‚Ά,•¶,_–Ύ‘δπ”Τ,132276,“‹“s,‰H‘Ίs,_–Ύ‘δ‚Q’–Ϊ,2019-07-14,13,‚»‚Μ‘Ό,{ω‚Ή‚Έ,‚Θ‚µ
ή“,Τγ‚Λ‚η‚Ά,•¶,_–Ύ‘δπ”Τ,132276,“‹“s,‰H‘Ίs,_–Ύ‘δ‚S’–Ϊ,2019-04-17,18,’“Τi—Φjκ,{ω‚Ή‚Έ,‚ ‚θ
ή“,Τγ‚Λ‚η‚Ά,•¶,_–Ύ‘δπ”Τ,132276,“‹“s,‰H‘Ίs,_–Ύ‘δ‚S’–Ϊ,2019-04-30,21,‚»‚Μ‘Ό,{ω‚Ή‚Έ,‚Θ‚µ
ή“,Τγ‚Λ‚η‚Ά,•¶,‰H‘Ί‰w‘Oπ”Τ,132276,“‹“s,‰H‘Ίs,άƒm_‚R’–Ϊ,2019-01-23,00,κΛZ‘ξ,{ω‚Ή‚Έ,‚Θ‚µ
ή“,Τγ‚Λ‚η‚Ά,•¶,“ρ‹{’“έ,132284,“‹“s,‚ ‚«‚ι–μs,“ρ‹{,2019-06-13,09,‚»‚Μ‘Ό,{ω‚Ή‚Έ,‚ ‚θ
ή“,Τγ‚Λ‚η‚Ά,•¶,“ρ‹{’“έ,132284,“‹“s,‚ ‚«‚ι–μs,“ρ‹{,2019-07-11,19,κΛZ‘ξ,{ω‚Ή‚Έ,‚Θ‚µ
ή“,Τγ‚Λ‚η‚Ά,•¶,‘‰Τ’“έ,132284,“‹“s,‚ ‚«‚ι–μs,‘‰Τ,2019-01-21,18,’“Τi—Φjκ,{ω‚Ή‚Έ,‚ ‚θ
ή“,Τγ‚Λ‚η‚Ά,•¶,¬μ‰w‘Oπ”Τ,132276,“‹“s,‰H‘Ίs,‰h’¬‚P’–Ϊ,2019-02-16,05,’“Τi—Φjκ,{ω‚Ή‚Έ,‚Θ‚µ
ή“,Τγ‚Λ‚η‚Ά,•¶,¬μ‰w‘Oπ”Τ,132276,“‹“s,‰H‘Ίs,‰h’¬‚Q’–Ϊ,2019-06-17,16,’“Τi—Φjκ,{ω‚Ή‚Έ,‚ ‚θ
ή“,Τγ‚Λ‚η‚Ά,•¶,¬μ‰w‘Oπ”Τ,132276,“‹“s,‰H‘Ίs,‰H‰Α”ό‚P’–Ϊ,2019-08-24,20,‚»‚Μ‘Ό,{ω‚Ή‚Έ,‚ ‚θ
ή“,Τγ‚Λ‚η‚Ά,•¶,¬μ‰w‘Oπ”Τ,132276,“‹“s,‰H‘Ίs,¬μ‘δ‚P’–Ϊ,2019-01-18,12,’“Τi—Φjκ,{ω‚Ή‚Έ,‚Θ‚µ
ή“,Τγ‚Λ‚η‚Ά,•¶,¬μ‰w‘Oπ”Τ,132276,“‹“s,‰H‘Ίs,¬μ‘δ‚P’–Ϊ,2019-07-03,08,“ΉHγ,{ω‚Ή‚Έ,‚ ‚θ
ή“,Τγ‚Λ‚η‚Ά,•¶,¬μ‰w‘Oπ”Τ,132276,“‹“s,‰H‘Ίs,¬μ‘δ‚P’–Ϊ,2019-07-21,14,’“Τi—Φjκ,{ω‚Ή‚Έ,‚ ‚θ
ή“,Τγ‚Λ‚η‚Ά,•¶,¬μ‰w‘Oπ”Τ,132276,“‹“s,‰H‘Ίs,¬μ‘δ‚Q’–Ϊ,2019-03-02,20,’“Τi—Φjκ,{ω‚Ή‚Έ,‚ ‚θ
ή“,Τγ‚Λ‚η‚Ά,•¶,άƒm_’“έ,132276,“‹“s,‰H‘Ίs,άƒm_‚Q’–Ϊ,2019-08-24,21,“ΉHγ,{ω‚Ή‚Έ,‚ ‚θ
ή“,Τγ‚Λ‚η‚Ά,•¶,Hμ‰w‘Oπ”Τ,132284,“‹“s,‚ ‚«‚ι–μs,Hμ‚P’–Ϊ,2019-03-02,19,’“Τi—Φjκ,{ω‚Ή‚Έ,‚Θ‚µ
ή“,Τγ‚Λ‚η‚Ά,•¶,” ªƒ–θ‰w‘Oπ”Τ,133035,“‹“s,•δ’¬,” ªƒPθ“Ό΄,2019-07-25,11,‚»‚Μ‘Ό‚ΜZ‘ξi‚RK‚ΔΘ‰Ί‹¤“―Z‘ξ“™j,{ω‚Ή‚Έ,‚ ‚θ
ή“,Τγ‚Λ‚η‚Ά,”ª‰¤q,,132012,“‹“s,”ª‰¤qs,•ΐ–Ψ’¬,2019-08-01,05,“ΉHγ,{ω‚Ή‚Έ,‚Θ‚µ
ή“,Τγ‚Λ‚η‚Ά,”ª‰¤q,Ό”ª‰¤q‰w‘Oπ”Τ,132012,“‹“s,”ª‰¤qs,‘δ’¬‚S’–Ϊ,2019-07-16,15,“ΉHγ,{ω‚Ή‚Έ,‚ ‚θ
ή“,Τγ‚Λ‚η‚Ά,”ª‰¤q,Ό”ª‰¤q‰w‘Oπ”Τ,132012,“‹“s,”ª‰¤qs,‘δ’¬‚S’–Ϊ,2019-09-27,08,‚»‚Μ‘Ό,{ω‚Ή‚Έ,‚Θ‚µ
ή“,Τγ‚Λ‚η‚Ά,”ª‰¤q,Ό”ª‰¤q‰w‘Oπ”Τ,132012,“‹“s,”ª‰¤qs,‘δ’¬‚S’–Ϊ,2019-10-07,06,’“Τi—Φjκ,{ω‚Ή‚Έ,‚Θ‚µ
ή“,Τγ‚Λ‚η‚Ά,”ª‰¤q,’Η•ªπ”Τ,132012,“‹“s,”ª‰¤qs,’Η•ª’¬,2019-12-16,16,“ΉHγ,{ω‚Ή‚Έ,‚Θ‚µ
ή“,Τγ‚Λ‚η‚Ά,”ª‰¤q,’Η•ªπ”Τ,132012,“‹“s,”ª‰¤qs,¬–ε’¬,2019-09-29,15,“ΉHγ,{ω‚Ή‚Έ,‚ ‚θ
ή“,Τγ‚Λ‚η‚Ά,”ª‰¤q,’Η•ªπ”Τ,132012,“‹“s,”ª‰¤qs,”ª”¦’¬,2019-09-16,18,“ΉHγ,{ω‚Ή‚Έ,‚ ‚θ
ή“,Τγ‚Λ‚η‚Ά,”ª‰¤q,’Η•ªπ”Τ,132012,“‹“s,”ª‰¤qs,³–{‹½’¬‚R’–Ϊ,2019-01-15,08,’“Τi—Φjκ,{ω‚Ή‚Έ,‚Θ‚µ
ή“,Τγ‚Λ‚η‚Ά,”ª‰¤q,’Η•ªπ”Τ,132012,“‹“s,”ª‰¤qs,³–{‹½’¬‚R’–Ϊ,2019-07-06,19,“ΉHγ,{ω‚Ή‚Έ,‚ ‚θ
ή“,Τγ‚Λ‚η‚Ά,”ª‰¤q,’Η•ªπ”Τ,132012,“‹“s,”ª‰¤qs,³–{‹½’¬‚S’–Ϊ,2019-07-10,15,’“Τi—Φjκ,{ω‚Ή‚Έ,‚Θ‚µ
ή“,Τγ‚Λ‚η‚Ά,”ª‰¤q,’†–μπ”Τ,132012,“‹“s,”ª‰¤qs,’†–μγ’¬‚S’–Ϊ,2019-03-06,05,“ΉHγ,{ω‚Ή‚Έ,‚ ‚θ
ή“,Τγ‚Λ‚η‚Ά,”ª‰¤q,’†–μπ”Τ,132012,“‹“s,”ª‰¤qs,’†–μγ’¬‚S’–Ϊ,2019-08-11,17,κΛZ‘ξ,{ω‚Ή‚Έ,‚ ‚θ
ή“,Τγ‚Λ‚η‚Ά,”ª‰¤q,’†–μπ”Τ,132012,“‹“s,”ª‰¤qs,•½‰ª’¬,2019-01-24,13,κΛZ‘ξ,{ω‚Ή‚Έ,‚ ‚θ
ή“,Τγ‚Λ‚η‚Ά,”ª‰¤q,’†–μπ”Τ,132012,“‹“s,”ª‰¤qs,•½‰ª’¬,2019-09-20,11,“ΉHγ,{ω‚Ή‚Έ,‚Θ‚µ
ή“,Τγ‚Λ‚η‚Ά,”ª‰¤q,’†–μπ”Τ,132012,“‹“s,”ª‰¤qs,–{‹½’¬,2019-10-17,10,κΛZ‘ξ,{ω‚Ή‚Έ,‚ ‚θ
ή“,Τγ‚Λ‚η‚Ά,”ª‰¤q,•xmXπ”Τ,132012,“‹“s,”ª‰¤qs,γ–μ’¬,2019-09-09,19,“ΉHγ,{ω‚Ή‚Έ,‚ ‚θ
ή“,Τγ‚Λ‚η‚Ά,”ª‰¤q,•xmXπ”Τ,132012,“‹“s,”ª‰¤qs,γ–μ’¬,2019-09-13,10,“ΉHγ,{ω‚Ή‚Έ,‚ ‚θ
ή“,Τγ‚Λ‚η‚Ά,”ª‰¤q,•xmXπ”Τ,132012,“‹“s,”ª‰¤qs,‘δ’¬‚R’–Ϊ,2019-05-18,16,’“Τi—Φjκ,{ω‚Ή‚Έ,‚ ‚θ
ή“,Τγ‚Λ‚η‚Ά,”ª‰¤q,•xmXπ”Τ,132012,“‹“s,”ª‰¤qs,‘δ’¬‚S’–Ϊ,2019-06-24,18,‚»‚Μ‘Ό,{ω‚Ή‚Έ,‚Θ‚µ
ή“,Τγ‚Λ‚η‚Ά,”ª‰¤q,•xmXπ”Τ,132012,“‹“s,”ª‰¤qs,—Ξ’¬,2019-01-06,16,’“Τi—Φjκ,{ω‚Ή‚Έ,‚Θ‚µ
ή“,Τγ‚Λ‚η‚Ά,”ª‰¤q,”ª‰¤q‰w“μϋπ”Τ,132012,“‹“s,”ª‰¤qs,®’¬,2019-05-02,22,’“Τi—Φjκ,{ω‚Ή‚Έ,‚Θ‚µ
ή“,Τγ‚Λ‚η‚Ά,”ª‰¤q,”ª‰¤q‰w“μϋπ”Τ,132012,“‹“s,”ª‰¤qs,qΐ’¬‚P’–Ϊ,2019-10-14,12,“ΉHγ,{ω‚Ή‚Έ,‚ ‚θ
ή“,Τγ‚Λ‚η‚Ά,”ª‰¤q,”ª‰¤q‰w“μϋπ”Τ,132012,“‹“s,”ª‰¤qs,qΐ’¬‚Q’–Ϊ,2019-01-10,14,“ΉHγ,{ω‚Ή‚Έ,‚ ‚θ
ή“,Τγ‚Λ‚η‚Ά,”ª‰¤q,”ª‰¤q‰w“μϋπ”Τ,132012,“‹“s,”ª‰¤qs,qΐ’¬‚Q’–Ϊ,2019-07-11,09,“ΉHγ,{ω‚Ή‚Έ,‚ ‚θ
ή“,Τγ‚Λ‚η‚Ά,”ª‰¤q,”ª‰¤q‰w“μϋπ”Τ,132012,“‹“s,”ª‰¤qs,›’¬,2019-09-20,13,“ΉHγ,{ω‚Ή‚Έ,‚ ‚θ
ή“,Τγ‚Λ‚η‚Ά,”ª‰¤q,”ª‰¤q‰w“μϋπ”Τ,132012,“‹“s,”ª‰¤qs,–Ύ_’¬‚P’–Ϊ,2019-01-28,14,“ΉHγ,{ω‚Ή‚Έ,‚ ‚θ
ή“,Τγ‚Λ‚η‚Ά,”ª‰¤q,”ª‰¤q‰w“μϋπ”Τ,132012,“‹“s,”ª‰¤qs,–’¬,2019-11-20,14,“ΉHγ,{ω‚Ή‚Έ,‚ ‚θ
ή“,Τγ‚Λ‚η‚Ά,”ª‰¤q,”ª‰¤q‰w–kϋπ”Τ,132012,“‹“s,”ª‰¤qs,®’¬,2019-02-04,07,’“Τi—Φjκ,{ω‚Ή‚Έ,‚Θ‚µ
ή“,Τγ‚Λ‚η‚Ά,”ª‰¤q,”ª‰¤q‰w–kϋπ”Τ,132012,“‹“s,”ª‰¤qs,®’¬,2019-06-27,19,’“Τi—Φjκ,{ω‚Ή‚Έ,‚Θ‚µ
ή“,Τγ‚Λ‚η‚Ά,”ª‰¤q,”ª‰¤q‰w–kϋπ”Τ,132012,“‹“s,”ª‰¤qs,®’¬,2019-09-17,15,’“Τi—Φjκ,{ω‚Ή‚Έ,‚Θ‚µ
ή“,Τγ‚Λ‚η‚Ά,”ª‰¤q,”ª‰¤q‰w–kϋπ”Τ,132012,“‹“s,”ª‰¤qs,®’¬,2019-10-11,08,’“Τi—Φjκ,{ω‚Ή‚Έ,‚Θ‚µ
ή“,Τγ‚Λ‚η‚Ά,”ª‰¤q,”ª‰¤q‰w–kϋπ”Τ,132012,“‹“s,”ª‰¤qs,›’¬,2019-04-19,10,‚»‚Μ‘Ό,{ω‚Ή‚Έ,‚ ‚θ
ή“,Τγ‚Λ‚η‚Ά,”ª‰¤q,”ª‰¤q‰w–kϋπ”Τ,132012,“‹“s,”ª‰¤qs,’†’¬,2019-09-25,09,‚»‚Μ‘Ό,{ω‚Ή‚Έ,‚Θ‚µ
ή“,Τγ‚Λ‚η‚Ά,”ª‰¤q,”ª‰¤q‰w–kϋπ”Τ,132012,“‹“s,”ª‰¤qs,’†’¬,2019-10-26,21,“ΉHγ,{ω‚Ή‚Έ,‚Θ‚µ
ή“,Τγ‚Λ‚η‚Ά,”ª‰¤q,”ª‰¤q‰w–kϋπ”Τ,132012,“‹“s,”ª‰¤qs,–Ύ_’¬‚R’–Ϊ,2019-11-06,12,‚»‚Μ‘Ό,{ω‚Ή‚Έ,‚Θ‚µ
ή“,Τγ‚Λ‚η‚Ά,”ª‰¤q,”ª‰¤q‰w–kϋπ”Τ,132012,“‹“s,”ª‰¤qs,–Ύ_’¬‚S’–Ϊ,2019-08-14,14,“ΉHγ,{ω‚Ή‚Έ,‚ ‚θ
ή“,Τγ‚Λ‚η‚Ά,”ª‰¤q,”ª‰¤q‰w–kϋπ”Τ,132012,“‹“s,”ª‰¤qs,³‰΅R’¬‚Q’–Ϊ,2019-06-07,17,‚»‚Μ‘Ό,{ω‚Ή‚Έ,‚Θ‚µ
ή“,Τγ‚Λ‚η‚Ά,”ª‰¤q,³‰΅Rπ”Τ,132012,“‹“s,”ª‰¤qs,‘ε‰΅’¬,2019-11-01,19,‚»‚Μ‘Ό,{ω‚Ή‚Έ,‚ ‚θ
ή“,Τγ‚Λ‚η‚Ά,”ª‰¤q,³‰΅Rπ”Τ,132012,“‹“s,”ª‰¤qs,–{’¬,2019-03-11,17,κΛZ‘ξ,{ω‚Ή‚Έ,‚ ‚θ
ή“,Τγ‚Λ‚η‚Ά,”ª‰¤q,³‰΅Rπ”Τ,132012,“‹“s,”ª‰¤qs,³‰΅R’¬‚R’–Ϊ,2019-07-13,09,κΛZ‘ξ,{ω‚Ή‚Έ,‚ ‚θ
ή“,Τγ‚Λ‚η‚Ά,”ª‰¤q,‘εa“cπ”Τ,132012,“‹“s,”ª‰¤qs,‘εa“c’¬‚P’–Ϊ,2019-02-17,13,‚SK‚ΔΘγ‹¤“―Z‘ξ,{ω‚Ή‚Έ,‚ ‚θ
ή“,Τγ‚Λ‚η‚Ά,”ª‰¤q,‘εa“cπ”Τ,132012,“‹“s,”ª‰¤qs,‘εa“c’¬‚P’–Ϊ,2019-09-08,19,’“Τi—Φjκ,{ω‚Ή‚Έ,‚ ‚θ
ή“,Τγ‚Λ‚η‚Ά,”ª‰¤q,‘εa“cπ”Τ,132012,“‹“s,”ª‰¤qs,‘εa“c’¬‚T’–Ϊ,2019-06-20,13,“ΉHγ,{ω‚Ή‚Έ,‚Θ‚µ
ή“,Τγ‚Λ‚η‚Ά,”ª‰¤q,‘εa“cπ”Τ,132012,“‹“s,”ª‰¤qs,‘εa“c’¬‚U’–Ϊ,2019-09-17,13,‚»‚Μ‘Ό‚ΜZ‘ξi‚RK‚ΔΘ‰Ί‹¤“―Z‘ξ“™j,{ω‚Ή‚Έ,‚ ‚θ
ή“,Τγ‚Λ‚η‚Ά,”ª‰¤q,‘εa“cπ”Τ,132012,“‹“s,”ª‰¤qs,‘εa“c’¬‚U’–Ϊ,2019-10-08,16,‚»‚Μ‘Ό,{ω‚Ή‚Έ,‚ ‚θ
ή“,Τγ‚Λ‚η‚Ά,”ª‰¤q,‘εa“cπ”Τ,132012,“‹“s,”ª‰¤qs,‘εa“c’¬‚V’–Ϊ,2019-06-26,11,‚»‚Μ‘Ό‚ΜZ‘ξi‚RK‚ΔΘ‰Ί‹¤“―Z‘ξ“™j,{ω‚Ή‚Έ,‚ ‚θ
ή“,Τγ‚Λ‚η‚Ά,”ª‰¤q,ξ‰Χβπ”Τ,132012,“‹“s,”ª‰¤qs,’†–μR‰¤‚P’–Ϊ,2018-10-31,11,κΛZ‘ξ,{ω‚Ή‚Έ,‚ ‚θ
ή“,Τγ‚Λ‚η‚Ά,”ª‰¤q,ξ‰Χβπ”Τ,132012,“‹“s,”ª‰¤qs,–Ύ_’¬‚S’–Ϊ,2019-06-29,15,“ΉHγ,{ω‚Ή‚Έ,‚Θ‚µ
ή“,Τγ‚Λ‚η‚Ά,”ª‰¤q,¬‹{’¬’“έ,132012,“‹“s,”ª‰¤qs,Ξμ’¬,2018-11-19,17,κΛZ‘ξ,{ω‚Ή‚Έ,‚ ‚θ
ή“,Τγ‚Λ‚η‚Ά,”ª‰¤q,¬‹{’¬’“έ,132012,“‹“s,”ª‰¤qs,¬‹{’¬,2019-04-27,19,κΛZ‘ξ,{ω‚Ή‚Έ,‚ ‚θ
ή“,Τγ‚Λ‚η‚Ά,”ª‰¤q,Ά–Ϊπ”Τ,132012,“‹“s,”ª‰¤qs,Ά–Ϊ’¬,2019-02-24,14,“ΉHγ,{ω‚Ή‚Έ,‚ ‚θ
ή“,Τγ‚Λ‚η‚Ά,”ª‰¤q,Ά–Ϊπ”Τ,132012,“‹“s,”ª‰¤qs,’†–μ’¬,2019-06-21,12,’“Τi—Φjκ,{ω‚Ή‚Έ,‚ ‚θ
ή“,Τγ‚Λ‚η‚Ά,”ª‰¤q,Ά–Ϊπ”Τ,132012,“‹“s,”ª‰¤qs,“θ΄’¬,2019-04-11,10,’“Τi—Φjκ,{ω‚Ή‚Έ,‚Θ‚µ
ή“,Τγ‚Λ‚η‚Ά,”ª‰¤q,Ά–Ϊπ”Τ,132012,“‹“s,”ª‰¤qs,“θ΄’¬,2019-05-04,12,“ΉHγ,{ω‚Ή‚Έ,‚ ‚θ
ή“,Τγ‚Λ‚η‚Ά,”ª‰¤q,Ά–Ϊπ”Τ,132012,“‹“s,”ª‰¤qs,“θ΄’¬,2019-11-19,15,’“Τi—Φjκ,{ω‚Ή‚Έ,‚ ‚θ
ή“,Τγ‚Λ‚η‚Ά,”ª‰¤q,‰Ίμϋ’“έ,132012,“‹“s,”ª‰¤qs,μϋ’¬,2019-01-07,08,κΛZ‘ξ,{ω‚Ή‚Έ,‚ ‚θ
ή“,Τγ‚Λ‚η‚Ά,”ª‰¤q,‰Ίμϋ’“έ,132012,“‹“s,”ª‰¤qs,μϋ’¬,2019-03-24,14,κΛZ‘ξ,{ω‚Ή‚Έ,‚ ‚θ
ή“,Τγ‚Λ‚η‚Ά,”ª‰¤q,‰Ίμϋ’“έ,132012,“‹“s,”ª‰¤qs,μϋ’¬,2019-08-29,20,κΛZ‘ξ,{ω‚Ή‚Έ,‚ ‚θ
ή“,Τγ‚Λ‚η‚Ά,”ª‰¤q,‰Ίμϋ’“έ,132012,“‹“s,”ª‰¤qs,μϋ’¬,2019-09-23,22,κΛZ‘ξ,{ω‚Ή‚Έ,‚ ‚θ
ή“,Τγ‚Λ‚η‚Ά,”ª‰¤q,‰Ίμϋ’“έ,132012,“‹“s,”ª‰¤qs,μϋ’¬,2019-11-08,20,κΛZ‘ξ,{ω‚Ή‚Έ,‚ ‚θ
ή“,Τγ‚Λ‚η‚Ά,”ª‰¤q,γμϋ’“έ,132012,“‹“s,”ª‰¤qs,γμ’¬,2019-11-25,22,κΛZ‘ξ,{ω‚Ή‚Έ,‚ ‚θ
ή“,Τγ‚Λ‚η‚Ά,”ª‰¤q,‹{‰Ί’“έ,132012,“‹“s,”ª‰¤qs,Λ’¬,2019-02-13,09,‚»‚Μ‘Ό,{ω‚Ή‚Έ,‚Θ‚µ
ή“,Τγ‚Λ‚η‚Ά,”ª‰¤q,–k”ª‰¤qπ”Τ,132012,“‹“s,”ª‰¤qs,Ξμ’¬,2019-04-08,12,“ΉHγ,{ω‚Ή‚Έ,‚ ‚θ
ή“,Τγ‚Λ‚η‚Ά,”ª‰¤q,–k”ª‰¤qπ”Τ,132012,“‹“s,”ª‰¤qs,Ξμ’¬,2019-06-25,10,‚»‚Μ‘Ό,{ω‚Ή‚Έ,‚ ‚θ
ή“,Τγ‚Λ‚η‚Ά,”ª‰¤q,–k”ª‰¤qπ”Τ,132012,“‹“s,”ª‰¤qs,‘ε’J’¬,2018-12-30,19,’“Τi—Φjκ,{ω‚Ή‚Έ,‚Θ‚µ
ή“,Τγ‚Λ‚η‚Ά,’¬“c,’¬“c‰w‘Oπ”Τ,132098,“‹“s,’¬“cs,X–μ‚P’–Ϊ,2019-03-15,12,“ΉHγ,{ω‚Ή‚Έ,‚ ‚θ
ή“,Τγ‚Λ‚η‚Ά,’¬“c,’¬“c‰w‘Oπ”Τ,132098,“‹“s,’¬“cs,X–μ‚U’–Ϊ,2019-04-06,17,’“Τi—Φjκ,{ω‚Ή‚Έ,‚Θ‚µ
ή“,Τγ‚Λ‚η‚Ά,’¬“c,’†’¬π”Τ,132098,“‹“s,’¬“cs,®’¬‚P’–Ϊ,2019-03-06,14,‚»‚Μ‘Ό,{ω‚Ή‚Έ,‚Θ‚µ
ή“,Τγ‚Λ‚η‚Ά,’¬“c,’†’¬π”Τ,132098,“‹“s,’¬“cs,’†’¬‚P’–Ϊ,2019-10-09,17,’“Τi—Φjκ,{ω‚Ή‚Έ,‚Θ‚µ
ή“,Τγ‚Λ‚η‚Ά,’¬“c,΄’¬“cπ”Τ,132098,“‹“s,’¬“cs,’ίΤ‚T’–Ϊ,2019-05-31,19,’“Τi—Φjκ,{ω‚Ή‚Έ,‚Θ‚µ
ή“,Τγ‚Λ‚η‚Ά,’¬“c,΄’¬“cπ”Τ,132098,“‹“s,’¬“cs,΄’¬“c‚P’–Ϊ,2019-02-04,15,κΛZ‘ξ,{ω‚Ή‚Έ,‚Θ‚µ
ή“,Τγ‚Λ‚η‚Ά,’¬“c,΄’¬“cπ”Τ,132098,“‹“s,’¬“cs,΄’¬“c‚S’–Ϊ,2019-11-16,07,“ΉHγ,{ω‚Ή‚Έ,‚ ‚θ
ή“,Τγ‚Λ‚η‚Ά,’¬“c,‹ΰXπ”Τ,132098,“‹“s,’¬“cs,‹ΰX“‚S’–Ϊ,2019-03-26,18,κΛZ‘ξ,{ω‚Ή‚Έ,‚Θ‚µ
ή“,Τγ‚Λ‚η‚Ά,’¬“c,’ίΤπ”Τ,132098,“‹“s,’¬“cs,’ίΤ‚R’–Ϊ,2019-12-23,13,’“Τi—Φjκ,{ω‚Ή‚Έ,‚Θ‚µ
ή“,Τγ‚Λ‚η‚Ά,’¬“c,’ίΤπ”Τ,132098,“‹“s,’¬“cs,’ίΤ‚T’–Ϊ,2019-12-21,18,’“Τi—Φjκ,{ω‚Ή‚Έ,‚Θ‚µ
ή“,Τγ‚Λ‚η‚Ά,’¬“c,’ίΤπ”Τ,132098,“‹“s,’¬“cs,“μ’¬“c‚Q’–Ϊ,2019-11-05,13,“ΉHγ,{ω‚Ή‚Έ,‚ ‚θ
ή“,Τγ‚Λ‚η‚Ά,’¬“c,¬£’“έ,132098,“‹“s,’¬“cs,¬£‚V’–Ϊ,2019-01-29,16,’“Τi—Φjκ,{ω‚Ή‚Έ,‚Θ‚µ
ή“,Τγ‚Λ‚η‚Ά,’¬“c,–{’¬“cπ”Τ,132098,“‹“s,’¬“cs,–{’¬“c,2019-03-16,09,’“Τi—Φjκ,{ω‚Ή‚Έ,‚Θ‚µ
ή“,Τγ‚Λ‚η‚Ά,’¬“c,‘ε‘ ’“έ,132098,“‹“s,’¬“cs,‘ε‘ ’¬,2019-02-23,21,‚»‚Μ‘Ό,{ω‚Ή‚Έ,‚ ‚θ
ή“,Τγ‚Λ‚η‚Ά,’¬“c,–μ’Γ“c’“έ,132098,“‹“s,’¬“cs,–μ’Γ“c’¬,2019-11-17,10,’“Τi—Φjκ,{ω‚Ή‚Έ,‚ ‚θ
ή“,Τγ‚Λ‚η‚Ά,’¬“c,¬–μH’“έ,132098,“‹“s,’¬“cs,¬–μH’¬,2019-12-20,04,’“Τi—Φjκ,{ω‚Ή‚Έ,‚Θ‚µ
ή“,Τγ‚Λ‚η‚Ά,’¬“c,–Ψ‘]π”Τ,132098,“‹“s,’¬“cs,–{’¬“c,2019-10-12,09,‚SK‚ΔΘγ‹¤“―Z‘ξ,{ω‚Ή‚Έ,‚Θ‚µ
ή“,Τγ‚Λ‚η‚Ά,’¬“c,–Ψ‘]π”Τ,132098,“‹“s,’¬“cs,‹ΰX“‚R’–Ϊ,2019-01-17,07,‚SK‚ΔΘγ‹¤“―Z‘ξ,{ω‚Ή‚Έ,‚ ‚θ
ή“,Τγ‚Λ‚η‚Ά,’¬“c,ν”Υ’“έ,132098,“‹“s,’¬“cs,ν”Υ’¬,2019-04-12,15,κΛZ‘ξ,{ω‚Ή‚Έ,‚Θ‚µ
ή“,Τγ‚Λ‚η‚Ά,’¬“c,ν”Υ’“έ,132098,“‹“s,’¬“cs,ν”Υ’¬,2019-10-21,02,κΛZ‘ξ,{ω‚Ή‚Έ,‚ ‚θ
ή“,Τγ‚Λ‚η‚Ά,’¬“c,ν”Υ’“έ,132098,“‹“s,’¬“cs,–ξ•”’¬,2019-03-21,10,‚»‚Μ‘Ό,{ω‚Ή‚Έ,‚ ‚θ
ή“,Τγ‚Λ‚η‚Ά,’¬“c,¬R“c’“έ,132098,“‹“s,’¬“cs,‰Ί¬R“c’¬,2019-04-28,08,‚»‚Μ‘Ό,{ω‚Ή‚Έ,‚ ‚θ
ή“,Τγ‚Λ‚η‚Ά,’¬“c,‚Β‚­‚µ–μ‰w‘Oπ”Τ,132098,“‹“s,’¬“cs,¬μ‚P’–Ϊ,2019-09-24,19,‚SK‚ΔΘγ‹¤“―Z‘ξ,{ω‚Ή‚Έ,‚Θ‚µ
ή“,Τγ‚Λ‚η‚Ά,’¬“c,‚Β‚­‚µ–μ‰w‘Oπ”Τ,132098,“‹“s,’¬“cs,‚Β‚­‚µ–μ‚R’–Ϊ,2019-01-05,15,κΛZ‘ξ,{ω‚Ή‚Έ,‚Θ‚µ
ή“,Τγ‚Λ‚η‚Ά,’¬“c,Rθπ”Τ,132098,“‹“s,’¬“cs,Rθ’¬,2019-10-11,21,’“Τi—Φjκ,{ω‚Ή‚Έ,‚Θ‚µ
ή“,Τγ‚Λ‚η‚Ά,’¬“c,¬£‰w‘Oπ”Τ,132098,“‹“s,’¬“cs,¬μ‚Q’–Ϊ,2019-01-12,18,’“Τi—Φjκ,{ω‚Ή‚Έ,‚Θ‚µ
ή“,Τγ‚Λ‚η‚Ά,’¬“c,¬£‰w‘Oπ”Τ,132098,“‹“s,’¬“cs,“μ¬£‚P’–Ϊ,2019-09-10,12,“ΉHγ,{ω‚Ή‚Έ,‚ ‚θ
ή“,Τγ‚Λ‚η‚Ά,’¬“c,¬£‰w‘Oπ”Τ,132098,“‹“s,’¬“cs,“μ¬£‚P’–Ϊ,2019-10-03,10,‚»‚Μ‘Ό,{ω‚Ή‚Έ,‚ ‚θ
ή“,Τγ‚Λ‚η‚Ά,’¬“c,¬£‰w‘Oπ”Τ,132098,“‹“s,’¬“cs,¬£‚ª‹u‚R’–Ϊ,2019-12-28,20,’“Τi—Φjκ,{ω‚Ή‚Έ,‚ ‚θ
ή“,Τγ‚Λ‚η‚Ά,’¬“c,’‰¶’“έ,132098,“‹“s,’¬“cs,’‰¶‚S’–Ϊ,2019-10-11,10,’“Τi—Φjκ,{ω‚Ή‚Έ,‚Θ‚µ
ή“,Τγ‚Λ‚η‚Ά,’¬“c,‚ƒ–β’“έ,132098,“‹“s,’¬“cs,‚ƒ–β‚Q’–Ϊ,2019-05-28,20,‚»‚Μ‘Ό‚ΜZ‘ξi‚RK‚ΔΘ‰Ί‹¤“―Z‘ξ“™j,{ω‚Ή‚Έ,‚Θ‚µ
ή“,Τγ‚Λ‚η‚Ά,’¬“c,‚ƒ–β’“έ,132098,“‹“s,’¬“cs,‚ƒ–β‚Q’–Ϊ,2019-11-29,11,‚»‚Μ‘Ό,{ω‚Ή‚Έ,‚Θ‚µ
ή“,Τγ‚Λ‚η‚Ά,’¬“c,‚ƒ–β’“έ,132098,“‹“s,’¬“cs,‚ƒ–β‚V’–Ϊ,2019-04-24,22,κΛZ‘ξ,{ω‚Ή‚Έ,‚Θ‚µ
ή“,Τγ‚Λ‚η‚Ά,’¬“c,’‰¶’n‹ζπ”Τ,132098,“‹“s,’¬“cs,γ¬R“c’¬,2019-01-27,14,‚»‚Μ‘Ό,{ω‚Ή‚Έ,‚ ‚θ
ή“,Τγ‚Λ‚η‚Ά,’¬“c,’‰¶’n‹ζπ”Τ,132098,“‹“s,’¬“cs,Rθ’¬,2019-11-28,08,“ΉHγ,{ω‚Ή‚Έ,‚Θ‚µ
ή“,Τγ‚Λ‚η‚Ά,’¬“c,’‰¶’n‹ζπ”Τ,132098,“‹“s,’¬“cs,–Ψ‘]Ό‚Q’–Ϊ,2019-09-09,21,’“Τi—Φjκ,{ω‚Ή‚Έ,‚ ‚θ
ή“,Τγ‚Λ‚η‚Ά,’¬“c,’‰¶’n‹ζπ”Τ,132098,“‹“s,’¬“cs,ªέ‚P’–Ϊ,2019-09-17,16,‚»‚Μ‘Ό‚ΜZ‘ξi‚RK‚ΔΘ‰Ί‹¤“―Z‘ξ“™j,{ω‚Ή‚Έ,‚Θ‚µ
ή“,Τγ‚Λ‚η‚Ά,’¬“c,’‰¶’n‹ζπ”Τ,132098,“‹“s,’¬“cs,ªέ‚Q’–Ϊ,2019-01-04,23,’“Τi—Φjκ,{ω‚Ή‚Έ,‚Θ‚µ
ή“,Τγ‚Λ‚η‚Ά,“ϊ–μ,“ϊ–μ‰w‘Oπ”Τ,132128,“‹“s,“ϊ–μs,‘εβγ‚P’–Ϊ,2019-02-25,16,κΛZ‘ξ,{ω‚Ή‚Έ,‚ ‚θ
ή“,Τγ‚Λ‚η‚Ά,“ϊ–μ,“ϊ–μ‰w‘Oπ”Τ,132128,“‹“s,“ϊ–μs,‘εβγ‚P’–Ϊ,2019-10-09,22,“ΉHγ,{ω‚Ή‚Έ,‚ ‚θ
ή“,Τγ‚Λ‚η‚Ά,“ϊ–μ,–L“c‰w‘Oπ”Τ,132128,“‹“s,“ϊ–μs,®‚ª‹u‚P’–Ϊ,2019-07-05,16,’“Τi—Φjκ,{ω‚Ή‚Έ,‚Θ‚µ
ή“,Τγ‚Λ‚η‚Ά,“ϊ–μ,–L“c‰w‘Oπ”Τ,132128,“‹“s,“ϊ–μs,–L“c‚S’–Ϊ,2019-07-31,13,“ΉHγ,{ω‚Ή‚Έ,‚ ‚θ
ή“,Τγ‚Λ‚η‚Ά,“ϊ–μ,–L“c‰w‘Oπ”Τ,132128,“‹“s,“ϊ–μs,“–L“c‚R’–Ϊ,2019-07-26,16,“ΉHγ,{ω‚Ή‚Έ,‚ ‚θ
ή“,Τγ‚Λ‚η‚Ά,“ϊ–μ,–L“c‰w‘Oπ”Τ,132128,“‹“s,“ϊ–μs,“–L“c‚S’–Ϊ,2019-05-16,17,’“Τi—Φjκ,{ω‚Ή‚Έ,‚ ‚θ
ή“,Τγ‚Λ‚η‚Ά,“ϊ–μ,‘½–€•½π”Τ,132128,“‹“s,“ϊ–μs,‘½–€•½‚Q’–Ϊ,2019-10-20,12,’“Τi—Φjκ,{ω‚Ή‚Έ,‚Θ‚µ
ή“,Τγ‚Λ‚η‚Ά,“ϊ–μ,‘½–€•½π”Τ,132128,“‹“s,“ϊ–μs,‘½–€•½‚S’–Ϊ,2019-06-17,17,‚»‚Μ‘Ό,{ω‚Ή‚Έ,‚Θ‚µ
ή“,Τγ‚Λ‚η‚Ά,“ϊ–μ,‘½–€•½π”Τ,132128,“‹“s,“ϊ–μs,‘½–€•½‚S’–Ϊ,2019-06-21,15,’“Τi—Φjκ,{ω‚Ή‚Έ,‚ ‚θ
ή“,Τγ‚Λ‚η‚Ά,“ϊ–μ,‘½–€•½π”Τ,132128,“‹“s,“ϊ–μs,‘½–€•½‚U’–Ϊ,2019-02-13,11,“ΉHγ,{ω‚Ή‚Έ,‚ ‚θ
ή“,Τγ‚Λ‚η‚Ά,“ϊ–μ,‘½–€•½π”Τ,132128,“‹“s,“ϊ–μs,‘½–€•½‚U’–Ϊ,2019-02-14,08,κΛZ‘ξ,{ω‚Ή‚Έ,‚ ‚θ
ή“,Τγ‚Λ‚η‚Ά,“ϊ–μ,‘½–€•½π”Τ,132128,“‹“s,“ϊ–μs,‘½–€•½‚U’–Ϊ,2019-11-09,14,“ΉHγ,{ω‚Ή‚Έ,‚ ‚θ
ή“,Τγ‚Λ‚η‚Ά,“ϊ–μ,“ϊ–μ‹΄’“έ,132128,“‹“s,“ϊ–μs,‘ε“ϊ–μ,2019-08-07,10,“ΉHγ,{ω‚Ή‚Έ,‚ ‚θ
ή“,Τγ‚Λ‚η‚Ά,“ϊ–μ,‘εβγ’“έ,132128,“‹“s,“ϊ–μs,‘εβγ‚S’–Ϊ,2019-06-10,20,κΛZ‘ξ,{ω‚Ή‚Έ,‚ ‚θ
ή“,Τγ‚Λ‚η‚Ά,“ϊ–μ,•½Rπ”Τ,132128,“‹“s,“ϊ–μs,•½R‚T’–Ϊ,2019-05-09,13,‚»‚Μ‘Ό‚ΜZ‘ξi‚RK‚ΔΘ‰Ί‹¤“―Z‘ξ“™j,{ω‚Ή‚Έ,‚Θ‚µ
ή“,Τγ‚Λ‚η‚Ά,“ϊ–μ,•½Rπ”Τ,132128,“‹“s,“ϊ–μs,“μ•½‚Q’–Ϊ,2019-11-28,09,“ΉHγ,{ω‚Ή‚Έ,‚ ‚θ
ή“,Τγ‚Λ‚η‚Ά,“ϊ–μ,‚”¦•s“®‰w“μϋπ”Τ,132128,“‹“s,“ϊ–μs,Ξ“c‚P’–Ϊ,2019-04-23,16,’“Τi—Φjκ,{ω‚Ή‚Έ,‚ ‚θ
ή“,Τγ‚Λ‚η‚Ά,“ϊ–μ,‘κ‡‹΄’“έ,132128,“‹“s,“ϊ–μs,“•½R‚Q’–Ϊ,2019-03-03,21,κΛZ‘ξ,{ω‚Ή‚Έ,‚ ‚θ
ή“,Τγ‚Λ‚η‚Ά,“ϊ–μ,‘½–€“®•¨φ‰€‘Oπ”Τ,132128,“‹“s,“ϊ–μs,’φ‹v•Ϋ‚S’–Ϊ,2019-07-12,09,‚»‚Μ‘Ό,{ω‚Ή‚Έ,‚Θ‚µ
ή“,Τγ‚Λ‚η‚Ά,Ί“‡,Ί“‡‰w‘Oπ”Τ,132071,“‹“s,Ί“‡s,’©“ϊ’¬‚Q’–Ϊ,2019-12-13,20,‚»‚Μ‘Ό,{ω‚Ή‚Έ,‚Θ‚µ
ή“,Τγ‚Λ‚η‚Ά,Ί“‡,Ί“‡‰w‘Oπ”Τ,132071,“‹“s,Ί“‡s,Ό΄’¬‚P’–Ϊ,2019-02-25,09,‚SK‚ΔΘγ‹¤“―Z‘ξ,{ω‚Ή‚Έ,‚ ‚θ
ή“,Τγ‚Λ‚η‚Ά,Ί“‡,•“‡π”Τ,132071,“‹“s,Ί“‡s,‹½’n’¬‚Q’–Ϊ,2019-07-18,14,“ΉHγ,{ω‚Ή‚Έ,‚ ‚θ
ή“,Τγ‚Λ‚η‚Ά,Ί“‡,•“‡π”Τ,132071,“‹“s,Ί“‡s,•“‡’¬‚R’–Ϊ,2019-12-05,20,‚»‚Μ‘Ό‚ΜZ‘ξi‚RK‚ΔΘ‰Ί‹¤“―Z‘ξ“™j,{ω‚Ή‚Έ,‚Θ‚µ
ή“,Τγ‚Λ‚η‚Ά,Ί“‡,‘½–€‘ε‹΄π”Τ,132071,“‹“s,Ί“‡s,‘ε_’¬‚S’–Ϊ,2019-03-28,20,’“Τi—Φjκ,{ω‚Ή‚Έ,‚Θ‚µ
ή“,Τγ‚Λ‚η‚Ά,Ί“‡,‘ε_’“έ,132071,“‹“s,Ί“‡s,‘ε_’¬‚R’–Ϊ,2019-12-07,13,‚»‚Μ‘Ό,{ω‚Ή‚Έ,‚ ‚θ
ή“,Τγ‚Λ‚η‚Ά,Ί“‡,‘ε_’“έ,132071,“‹“s,Ί“‡s,‘ε_’¬‚S’–Ϊ,2019-08-07,16,κΛZ‘ξ,{ω‚Ή‚Έ,‚ ‚θ
ή“,Τγ‚Λ‚η‚Ά,Ί“‡,‘ε_’“έ,132071,“‹“s,Ί“‡s,“c’†’¬‚R’–Ϊ,2019-09-06,12,’“Τi—Φjκ,{ω‚Ή‚Έ,‚ ‚θ
ή“,Τγ‚Λ‚η‚Ά,Ί“‡,‘ε_’“έ,132071,“‹“s,Ί“‡s,“c’†’¬‚R’–Ϊ,2019-11-28,18,“ΉHγ,{ω‚Ή‚Έ,‚ ‚θ
ή“,Τγ‚Λ‚η‚Ά,Ί“‡,–xό’“έ,132071,“‹“s,Ί“‡s,“c’†’¬,2019-05-16,08,’“Τi—Φjκ,{ω‚Ή‚Έ,‚Θ‚µ
ή“,Τγ‚Λ‚η‚Ά,Ί“‡,–xό’“έ,132071,“‹“s,Ί“‡s,“c’†’¬,2019-06-18,10,‚»‚Μ‘Ό,{ω‚Ή‚Έ,‚ ‚θ
ή“,Τγ‚Λ‚η‚Ά,Ί“‡,–xό’“έ,132071,“‹“s,Ί“‡s,”ό–x’¬‚Q’–Ϊ,2019-06-20,18,’“Τi—Φjκ,{ω‚Ή‚Έ,‚Θ‚µ
ή“,Τγ‚Λ‚η‚Ά,Ί“‡,–xό’“έ,132071,“‹“s,Ί“‡s,”ό–x’¬‚R’–Ϊ,2019-04-22,18,’“Τi—Φjκ,{ω‚Ή‚Έ,‚Θ‚µ
ή“,Τγ‚Λ‚η‚Ά,Ί“‡,–xό’“έ,132071,“‹“s,Ί“‡s,”ό–x’¬‚S’–Ϊ,2019-12-24,10,‚»‚Μ‘Ό,{ω‚Ή‚Έ,‚ ‚θ
ή“,Τγ‚Λ‚η‚Ά,Ί“‡,“’†_‰w‘Oπ”Τ,132071,“‹“s,Ί“‡s,•‘ –μ‚Q’–Ϊ,2019-01-18,13,‚»‚Μ‘Ό,{ω‚Ή‚Έ,‚Θ‚µ
ή“,Τγ‚Λ‚η‚Ά,Ί“‡,“’†_‰w‘Oπ”Τ,132071,“‹“s,Ί“‡s,•‘ –μ‚Q’–Ϊ,2019-05-14,10,“ΉHγ,{ω‚Ή‚Έ,‚Θ‚µ
ή“,Τγ‚Λ‚η‚Ά,Ί“‡,¬‰Χ“cπ”Τ,132071,“‹“s,Ί“‡s,—Ξ’¬‚S’–Ϊ,2019-11-07,19,“ΉHγ,{ω‚Ή‚Έ,‚ ‚θ
ή“,Τγ‚Λ‚η‚Ά,—§μ,‘—§‰w‘Oπ”Τ,132152,“‹“s,‘—§s,Ό‚P’–Ϊ,2019-12-29,22,‚»‚Μ‘Ό‚ΜZ‘ξi‚RK‚ΔΘ‰Ί‹¤“―Z‘ξ“™j,{ω‚Ή‚Έ,‚ ‚θ
ή“,Τγ‚Λ‚η‚Ά,—§μ,‰Hί’¬π”Τ,132021,“‹“s,—§μs,‰Hί’¬‚Q’–Ϊ,2019-10-20,20,“ΉHγ,{ω‚Ή‚Έ,‚Θ‚µ
ή“,Τγ‚Λ‚η‚Ά,—§μ,‹Ρ’¬π”Τ,132021,“‹“s,—§μs,‹Ρ’¬‚R’–Ϊ,2019-01-27,18,“ΉHγ,{ω‚Ή‚Έ,‚ ‚θ
ή“,Τγ‚Λ‚η‚Ά,—§μ,—§“ϊ‹΄π”Τ,132021,“‹“s,—§μs,Δθ’¬‚T’–Ϊ,2019-04-17,17,‚»‚Μ‘Ό,{ω‚Ή‚Έ,‚Θ‚µ
ή“,Τγ‚Λ‚η‚Ά,—§μ,—§“ϊ‹΄π”Τ,132021,“‹“s,—§μs,Δθ’¬‚T’–Ϊ,2019-05-16,19,κΛZ‘ξ,{ω‚Ή‚Έ,‚Θ‚µ
ή“,Τγ‚Λ‚η‚Ά,—§μ,—§μ‰w“μϋπ”Τ,132021,“‹“s,—§μs,Δθ’¬‚P’–Ϊ,2019-03-05,13,‚»‚Μ‘Ό‚ΜZ‘ξi‚RK‚ΔΘ‰Ί‹¤“―Z‘ξ“™j,{ω‚Ή‚Έ,‚ ‚θ
ή“,Τγ‚Λ‚η‚Ά,—§μ,—§μ‰w“μϋπ”Τ,132021,“‹“s,—§μs,Δθ’¬‚P’–Ϊ,2019-07-15,19,‚»‚Μ‘Ό,{ω‚Ή‚Έ,‚ ‚θ
ή“,Τγ‚Λ‚η‚Ά,—§μ,—§μ‰w“μϋπ”Τ,132021,“‹“s,—§μs,Δθ’¬‚P’–Ϊ,2019-12-08,18,κΛZ‘ξ,{ω‚Ή‚Έ,‚ ‚θ
ή“,Τγ‚Λ‚η‚Ά,—§μ,—§μ‰w“μϋπ”Τ,132021,“‹“s,—§μs,Δθ’¬‚R’–Ϊ,2019-10-30,16,’“Τi—Φjκ,{ω‚Ή‚Έ,‚Θ‚µ
ή“,Τγ‚Λ‚η‚Ά,—§μ,•xm’Λπ”Τ,132021,“‹“s,—§μs,•xm©’¬‚P’–Ϊ,2019-10-27,08,“ΉHγ,{ω‚Ή‚Έ,‚ ‚θ
ή“,Τγ‚Λ‚η‚Ά,—§μ,—§μ‰w–kϋπ”Τ,132021,“‹“s,—§μs,’¬‚P’–Ϊ,2019-04-22,04,“ΉHγ,{ω‚Ή‚Έ,‚ ‚θ
ή“,Τγ‚Λ‚η‚Ά,—§μ,—§μ‰w–kϋπ”Τ,132021,“‹“s,—§μs,’¬‚Q’–Ϊ,2019-02-17,00,“ΉHγ,{ω‚Ή‚Έ,‚Θ‚µ
ή“,Τγ‚Λ‚η‚Ά,—§μ,—§μ‰w–kϋπ”Τ,132021,“‹“s,—§μs,’¬‚Q’–Ϊ,2019-03-11,15,’“Τi—Φjκ,{ω‚Ή‚Έ,‚Θ‚µ
ή“,Τγ‚Λ‚η‚Ά,—§μ,—§μ‰w–kϋπ”Τ,132021,“‹“s,—§μs,’¬‚Q’–Ϊ,2019-04-08,01,‚»‚Μ‘Ό,{ω‚Ή‚Έ,‚ ‚θ
ή“,Τγ‚Λ‚η‚Ά,—§μ,—§μ‰w–kϋπ”Τ,132021,“‹“s,—§μs,’¬‚R’–Ϊ,2019-06-25,19,‚SK‚ΔΘγ‹¤“―Z‘ξ,{ω‚Ή‚Έ,‚ ‚θ
ή“,Τγ‚Λ‚η‚Ά,—§μ,—§μ‰w–kϋπ”Τ,132021,“‹“s,—§μs,’¬‚R’–Ϊ,2019-07-18,08,’“Τi—Φjκ,{ω‚Ή‚Έ,‚Θ‚µ
ή“,Τγ‚Λ‚η‚Ά,—§μ,‚Ό’¬π”Τ,132021,“‹“s,—§μs,ς’¬,2019-01-06,18,’“Τi—Φjκ,{ω‚Ή‚Έ,‚Θ‚µ
ή“,Τγ‚Λ‚η‚Ά,—§μ,‚Ό’¬π”Τ,132021,“‹“s,—§μs,ς’¬,2019-12-10,14,’“Τi—Φjκ,{ω‚Ή‚Έ,‚Θ‚µ
ή“,Τγ‚Λ‚η‚Ά,—§μ,‚Ό’¬π”Τ,132021,“‹“s,—§μs,ς’¬,2019-12-15,14,’“Τi—Φjκ,{ω‚Ή‚Έ,‚Θ‚µ
ή“,Τγ‚Λ‚η‚Ά,—§μ,‚Ό’¬π”Τ,132021,“‹“s,—§μs,ς’¬,2019-12-21,17,’“Τi—Φjκ,{ω‚Ή‚Έ,‚Θ‚µ
ή“,Τγ‚Λ‚η‚Ά,—§μ,‚Ό’¬π”Τ,132021,“‹“s,—§μs,‰h’¬‚R’–Ϊ,2019-05-05,17,’“Τi—Φjκ,{ω‚Ή‚Έ,‚ ‚θ
ή“,Τγ‚Λ‚η‚Ά,—§μ,‚Ό’¬π”Τ,132021,“‹“s,—§μs,‰h’¬‚R’–Ϊ,2019-09-01,16,’“Τi—Φjκ,{ω‚Ή‚Έ,‚ ‚θ
ή“,Τγ‚Λ‚η‚Ά,—§μ,‚Ό’¬π”Τ,132021,“‹“s,—§μs,‰h’¬‚T’–Ϊ,2019-11-06,08,‚SK‚ΔΘγ‹¤“―Z‘ξ,{ω‚Ή‚Έ,‚ ‚θ
ή“,Τγ‚Λ‚η‚Ά,—§μ,“‹ζ’“έ,132152,“‹“s,‘—§s,“‚R’–Ϊ,2019-12-12,18,’“Τi—Φjκ,{ω‚Ή‚Έ,‚Θ‚µ
ή“,Τγ‚Λ‚η‚Ά,—§μ,’J•Ϋπ”Τ,132152,“‹“s,‘—§s,Β–φ‚P’–Ϊ,2019-09-16,21,‚SK‚ΔΘγ‹¤“―Z‘ξ,{ω‚Ή‚Έ,‚ ‚θ
ή“,Τγ‚Λ‚η‚Ά,—§μ,’J•Ϋπ”Τ,132152,“‹“s,‘—§s,ς‚P’–Ϊ,2019-01-22,11,“ΉHγ,{ω‚Ή‚Έ,‚ ‚θ
ή“,Τγ‚Λ‚η‚Ά,—§μ,’J•Ϋπ”Τ,132152,“‹“s,‘—§s,ς‚R’–Ϊ,2019-10-28,08,‚»‚Μ‘Ό,{ω‚Ή‚Έ,‚ ‚θ
ή“,Τγ‚Λ‚η‚Ά,—§μ,•xm©’¬π”Τ,132021,“‹“s,—§μs,•xm©’¬‚U’–Ϊ,2019-09-21,21,“ΉHγ,{ω‚Ή‚Έ,‚ ‚θ
ή“,Τγ‚Λ‚η‚Ά,—§μ,“V‰¤‹΄π”Τ,132021,“‹“s,—§μs,γ»’¬‚P’–Ϊ,2019-11-04,11,’“Τi—Φjκ,{ω‚Ή‚Έ,‚Θ‚µ
ή“,Τγ‚Λ‚η‚Ά,—§μ,“V‰¤‹΄π”Τ,132021,“‹“s,—§μs,γ»’¬‚T’–Ϊ,2019-07-01,14,‚»‚Μ‘Ό,{ω‚Ή‚Έ,‚Θ‚µ
ή“,Τγ‚Λ‚η‚Ά,—§μ,»μl”Τπ”Τ,132021,“‹“s,—§μs,”’¬‚P’–Ϊ,2019-03-26,21,‚SK‚ΔΘγ‹¤“―Z‘ξ,{ω‚Ή‚Έ,‚ ‚θ
ή“,Τγ‚Λ‚η‚Ά,—§μ,»μl”Τπ”Τ,132021,“‹“s,—§μs,γ»’¬‚P’–Ϊ,2019-03-28,15,‚SK‚ΔΘγ‹¤“―Z‘ξ,{ω‚Ή‚Έ,‚ ‚θ
ή“,Τγ‚Λ‚η‚Ά,—§μ,»μl”Τπ”Τ,132021,“‹“s,—§μs,»μ’¬‚V’–Ϊ,2019-09-18,10,’“Τi—Φjκ,{ω‚Ή‚Έ,‚ ‚θ
ή“,Τγ‚Λ‚η‚Ά,—§μ,»μl”Τπ”Τ,132021,“‹“s,—§μs,»μ’¬‚W’–Ϊ,2019-02-21,19,κΛZ‘ξ,{ω‚Ή‚Έ,‚Θ‚µ
ή“,Τγ‚Λ‚η‚Ά,—§μ,»μl”Τπ”Τ,132021,“‹“s,—§μs,»μ’¬‚W’–Ϊ,2019-09-01,11,“ΉHγ,{ω‚Ή‚Έ,‚ ‚θ
ή“,Τγ‚Λ‚η‚Ά,—§μ,»μl”Τπ”Τ,132152,“‹“s,‘—§s,ς‚Q’–Ϊ,2019-05-19,16,‚SK‚ΔΘγ‹¤“―Z‘ξ,{ω‚Ή‚Έ,‚ ‚θ
ή“,Τγ‚Λ‚η‚Ά,—§μ,»μ”ª”Τπ”Τ,132021,“‹“s,—§μs,K’¬‚T’–Ϊ,2019-10-06,18,κΛZ‘ξ,{ω‚Ή‚Έ,‚ ‚θ
ή“,Τγ‚Λ‚η‚Ά,—§μ,•xm©‘δπ”Τ,132152,“‹“s,‘—§s,“‚S’–Ϊ,2019-08-07,09,“ΉHγ,{ω‚Ή‚Έ,‚ ‚θ
ή“,Τγ‚Λ‚η‚Ά,—§μ,•xm©‘δπ”Τ,132152,“‹“s,‘—§s,•xm©‘δ‚Q’–Ϊ,2019-02-07,23,‚SK‚ΔΘγ‹¤“―Z‘ξ,{ω‚Ή‚Έ,‚Θ‚µ
ή“,Τγ‚Λ‚η‚Ά,—§μ,•xm©‘δπ”Τ,132152,“‹“s,‘—§s,•xm©‘δ‚Q’–Ϊ,2019-06-13,11,’“Τi—Φjκ,{ω‚Ή‚Έ,‚ ‚θ
ή“,Τγ‚Λ‚η‚Ά,—§μ,α—t’¬’“έ,132021,“‹“s,—§μs,α—t’¬‚S’–Ϊ,2019-01-22,00,κΛZ‘ξ,{ω‚Ή‚Έ,‚ ‚θ
ή“,Τγ‚Λ‚η‚Ά,•{’†,“μ’¬π”Τ,132063,“‹“s,•{’†s,–ξθ’¬‚S’–Ϊ,2019-02-13,10,’“Τi—Φjκ,{ω‚Ή‚Έ,‚ ‚θ
ή“,Τγ‚Λ‚η‚Ά,•{’†,“μ’¬π”Τ,132063,“‹“s,•{’†s,–ξθ’¬‚S’–Ϊ,2019-03-29,10,’“Τi—Φjκ,{ω‚Ή‚Έ,‚ ‚θ
ή“,Τγ‚Λ‚η‚Ά,•{’†,“•{’†‰w‘Oπ”Τ,132063,“‹“s,•{’†s,΄…‚ª‹u‚Q’–Ϊ,2019-06-18,10,‚»‚Μ‘Ό,{ω‚Ή‚Έ,‚ ‚θ
ή“,Τγ‚Λ‚η‚Ά,•{’†,“•{’†‰w‘Oπ”Τ,132063,“‹“s,•{’†s,΄…‚ª‹u‚Q’–Ϊ,2019-11-11,07,‚»‚Μ‘Ό,{ω‚Ή‚Έ,‚ ‚θ
ή“,Τγ‚Λ‚η‚Ά,•{’†,“•{’†‰w‘Oπ”Τ,132063,“‹“s,•{’†s,”ª”¦’¬‚R’–Ϊ,2019-10-22,08,“ΉHγ,{ω‚Ή‚Έ,‚ ‚θ
ή“,Τγ‚Λ‚η‚Ά,•{’†,“•{’†‰w‘Oπ”Τ,132063,“‹“s,•{’†s,—Ξ’¬‚P’–Ϊ,2019-01-25,10,’“Τi—Φjκ,{ω‚Ή‚Έ,‚Θ‚µ
ή“,Τγ‚Λ‚η‚Ά,•{’†,“•{’†‰w‘Oπ”Τ,132063,“‹“s,•{’†s,αΌ’¬‚Q’–Ϊ,2019-01-06,18,’“Τi—Φjκ,{ω‚Ή‚Έ,‚Θ‚µ
ή“,Τγ‚Λ‚η‚Ά,•{’†,‰h’¬π”Τ,132063,“‹“s,•{’†s,K’¬‚Q’–Ϊ,2019-07-02,01,‚»‚Μ‘Ό‚ΜZ‘ξi‚RK‚ΔΘ‰Ί‹¤“―Z‘ξ“™j,{ω‚Ή‚Έ,‚Θ‚µ
ή“,Τγ‚Λ‚η‚Ά,•{’†,‰h’¬π”Τ,132063,“‹“s,•{’†s,‰h’¬‚P’–Ϊ,2019-07-16,08,κΛZ‘ξ,{ω‚Ή‚Έ,‚Θ‚µ
ή“,Τγ‚Λ‚η‚Ά,•{’†,‰h’¬π”Τ,132063,“‹“s,•{’†s,‰h’¬‚Q’–Ϊ,2019-08-31,02,‚»‚Μ‘Ό‚ΜZ‘ξi‚RK‚ΔΘ‰Ί‹¤“―Z‘ξ“™j,{ω‚Ή‚Έ,‚ ‚θ
ή“,Τγ‚Λ‚η‚Ά,•{’†,”όD’¬π”Τ,132063,“‹“s,•{’†s,•Π’¬‚Q’–Ϊ,2019-08-16,18,’“Τi—Φjκ,{ω‚Ή‚Έ,‚Θ‚µ
ή“,Τγ‚Λ‚η‚Ά,•{’†,”όD’¬π”Τ,132063,“‹“s,•{’†s,”όD’¬‚R’–Ϊ,2019-08-17,14,’“Τi—Φjκ,{ω‚Ή‚Έ,‚Θ‚µ
ή“,Τγ‚Λ‚η‚Ά,•{’†,Ό΄’¬π”Τ,132063,“‹“s,•{’†s,Ό΄’¬‚P’–Ϊ,2019-03-05,18,’“Τi—Φjκ,{ω‚Ή‚Έ,‚Θ‚µ
ή“,Τγ‚Λ‚η‚Ά,•{’†,Ό΄’¬π”Τ,132063,“‹“s,•{’†s,Ό΄’¬‚P’–Ϊ,2019-05-17,19,’“Τi—Φjκ,{ω‚Ή‚Έ,‚Θ‚µ
ή“,Τγ‚Λ‚η‚Ά,•{’†,Ό΄’¬π”Τ,132063,“‹“s,•{’†s,Ό΄’¬‚P’–Ϊ,2019-07-03,19,’“Τi—Φjκ,{ω‚Ή‚Έ,‚Θ‚µ
ή“,Τγ‚Λ‚η‚Ά,•{’†,Ό΄’¬π”Τ,132063,“‹“s,•{’†s,Ό΄’¬‚Q’–Ϊ,2019-07-18,12,κΛZ‘ξ,{ω‚Ή‚Έ,‚ ‚θ
ή“,Τγ‚Λ‚η‚Ά,•{’†,–{hπ”Τ,132063,“‹“s,•{’†s,Ό•{’¬‚P’–Ϊ,2019-05-12,00,κΛZ‘ξ,{ω‚Ή‚Έ,‚ ‚θ
ή“,Τγ‚Λ‚η‚Ά,•{’†,–{hπ”Τ,132063,“‹“s,•{’†s,Ό•{’¬‚P’–Ϊ,2019-07-26,10,’“Τi—Φjκ,{ω‚Ή‚Έ,‚Θ‚µ
ή“,Τγ‚Λ‚η‚Ά,•{’†,–{hπ”Τ,132063,“‹“s,•{’†s,“ϊV’¬‚Q’–Ϊ,2019-07-11,19,κΛZ‘ξ,{ω‚Ή‚Έ,‚ ‚θ
ή“,Τγ‚Λ‚η‚Ά,•{’†,’†‰Ν΄π”Τ,132063,“‹“s,•{’†s,Z‹g’¬‚P’–Ϊ,2019-05-12,19,“ΉHγ,{ω‚Ή‚Έ,‚ ‚θ
ή“,Τγ‚Λ‚η‚Ά,•{’†,’†‰Ν΄π”Τ,132063,“‹“s,•{’†s,Z‹g’¬‚T’–Ϊ,2019-05-23,09,‚»‚Μ‘Ό,{ω‚Ή‚Έ,‚ ‚θ
ή“,Τγ‚Λ‚η‚Ά,•{’†,’†‰Ν΄π”Τ,132063,“‹“s,•{’†s,l’J‚P’–Ϊ,2019-05-09,11,‚»‚Μ‘Ό,{ω‚Ή‚Έ,‚ ‚θ
ή“,Τγ‚Λ‚η‚Ά,•{’†,’†‰Ν΄π”Τ,132063,“‹“s,•{’†s,l’J‚P’–Ϊ,2019-12-06,08,κΛZ‘ξ,{ω‚Ή‚Έ,‚ ‚θ
ή“,Τγ‚Λ‚η‚Ά,•{’†,’†‰Ν΄π”Τ,132063,“‹“s,•{’†s,l’J‚P’–Ϊ,2019-12-06,10,“ΉHγ,{ω‚Ή‚Έ,‚ ‚θ
ή“,Τγ‚Λ‚η‚Ά,•{’†,¥­π”Τ,132063,“‹“s,•{’†s,¬–φ’¬‚U’–Ϊ,2019-11-04,15,“ΉHγ,{ω‚Ή‚Έ,‚Θ‚µ
ή“,Τγ‚Λ‚η‚Ά,•{’†,¥­π”Τ,132063,“‹“s,•{’†s,¥­‚P’–Ϊ,2019-07-29,14,“ΉHγ,{ω‚Ή‚Έ,‚ ‚θ
ή“,Τγ‚Λ‚η‚Ά,•{’†,¥­π”Τ,132063,“‹“s,•{’†s,¥­‚R’–Ϊ,2019-12-23,13,“ΉHγ,{ω‚Ή‚Έ,‚ ‚θ
ή“,Τγ‚Λ‚η‚Ά,•{’†,‘ζά’†wZ‘Oπ”Τ,132063,“‹“s,•{’†s,V’¬‚Q’–Ϊ,2019-01-10,05,’“Τi—Φjκ,{ω‚Ή‚Έ,‚Θ‚µ
ή“,Τγ‚Λ‚η‚Ά,•{’†,‘ε‘°π”Τ,132063,“‹“s,•{’†s,υ’¬‚P’–Ϊ,2019-03-05,13,’“Τi—Φjκ,{ω‚Ή‚Έ,‚Θ‚µ
ή“,Τγ‚Λ‚η‚Ά,•{’†,‘ε‘°π”Τ,132063,“‹“s,•{’†s,—Ξ’¬‚Q’–Ϊ,2019-12-30,12,“ΉHγ,{ω‚Ή‚Έ,‚ ‚θ
ή“,Τγ‚Λ‚η‚Ά,•{’†,‘ε‘°π”Τ,132063,“‹“s,•{’†s,‹{Ό’¬‚P’–Ϊ,2019-08-15,11,‚»‚Μ‘Ό,{ω‚Ή‚Έ,‚Θ‚µ
ή“,Τγ‚Λ‚η‚Ά,•{’†,l’J’“έ,132063,“‹“s,•{’†s,“ϊV’¬‚T’–Ϊ,2019-03-13,05,κΛZ‘ξ,{ω‚Ή‚Έ,‚ ‚θ
ή“,Τγ‚Λ‚η‚Ά,•{’†,l’J’“έ,132063,“‹“s,•{’†s,l’J‚R’–Ϊ,2019-04-24,09,“ΉHγ,{ω‚Ή‚Έ,‚ ‚θ
ή“,Τγ‚Λ‚η‚Ά,•{’†,l’J’“έ,132063,“‹“s,•{’†s,l’J‚S’–Ϊ,2019-06-12,08,’“Τi—Φjκ,{ω‚Ή‚Έ,‚ ‚θ
ή“,Τγ‚Λ‚η‚Ά,•{’†,l’J’“έ,132063,“‹“s,•{’†s,l’J‚T’–Ϊ,2019-03-12,14,‚»‚Μ‘Ό,{ω‚Ή‚Έ,‚ ‚θ
ή“,Τγ‚Λ‚η‚Ά,¬‹ΰδ,‘O΄π”Τ,132101,“‹“s,¬‹ΰδs,‘O΄’¬‚P’–Ϊ,2019-04-17,11,’“Τi—Φjκ,{ω‚Ή‚Έ,‚Θ‚µ
ή“,Τγ‚Λ‚η‚Ά,¬‹ΰδ,‘O΄π”Τ,132101,“‹“s,¬‹ΰδs,‘O΄’¬‚P’–Ϊ,2019-08-05,08,’“Τi—Φjκ,{ω‚Ή‚Έ,‚Θ‚µ
ή“,Τγ‚Λ‚η‚Ά,¬‹ΰδ,‘•ª›‰w–kϋπ”Τ,132144,“‹“s,‘•ª›s,ς’¬‚Q’–Ϊ,2019-06-17,16,‚»‚Μ‘Ό‚ΜZ‘ξi‚RK‚ΔΘ‰Ί‹¤“―Z‘ξ“™j,{ω‚Ή‚Έ,‚Θ‚µ
ή“,Τγ‚Λ‚η‚Ά,¬‹ΰδ,‘•ª›‰w–kϋπ”Τ,132144,“‹“s,‘•ª›s,–{’¬‚R’–Ϊ,2019-09-30,19,’“Τi—Φjκ,{ω‚Ή‚Έ,‚Θ‚µ
ή“,Τγ‚Λ‚η‚Ά,¬‹ΰδ,“¬‹ΰδ‰w‘Oπ”Τ,132101,“‹“s,¬‹ΰδs,–μ’¬‚P’–Ϊ,2019-09-27,17,κΛZ‘ξ,{ω‚Ή‚Έ,‚Θ‚µ
ή“,Τγ‚Λ‚η‚Ά,¬‹ΰδ,“¬‹ΰδ‰w‘Oπ”Τ,132101,“‹“s,¬‹ΰδs,–μ’¬‚T’–Ϊ,2019-03-12,18,’“Τi—Φjκ,{ω‚Ή‚Έ,‚Θ‚µ
ή“,Τγ‚Λ‚η‚Ά,¬‹ΰδ,“¬‹ΰδ‰w‘Oπ”Τ,132101,“‹“s,¬‹ΰδs,–μ’¬‚T’–Ϊ,2019-08-04,18,‚»‚Μ‘Ό,{ω‚Ή‚Έ,‚ ‚θ
ή“,Τγ‚Λ‚η‚Ά,¬‹ΰδ,“¬‹ΰδ‰w‘Oπ”Τ,132101,“‹“s,¬‹ΰδs,–μ’¬‚T’–Ϊ,2019-12-01,19,“ΉHγ,{ω‚Ή‚Έ,‚Θ‚µ
ή“,Τγ‚Λ‚η‚Ά,¬‹ΰδ,“¬‹ΰδ‰w‘Oπ”Τ,132101,“‹“s,¬‹ΰδs,“’¬‚S’–Ϊ,2019-04-01,00,’“Τi—Φjκ,{ω‚Ή‚Έ,‚Θ‚µ
ή“,Τγ‚Λ‚η‚Ά,¬‹ΰδ,Ρδ–k’¬π”Τ,132101,“‹“s,¬‹ΰδs,Ρδ–k’¬‚Q’–Ϊ,2019-11-14,13,’“Τi—Φjκ,{ω‚Ή‚Έ,‚Θ‚µ
ή“,Τγ‚Λ‚η‚Ά,¬‹ΰδ,¬‹ΰδφ‰€‘Oπ”Τ,132101,“‹“s,¬‹ΰδs,–μ’¬‚S’–Ϊ,2019-04-08,08,“ΉHγ,{ω‚Ή‚Έ,‚ ‚θ
ή“,Τγ‚Λ‚η‚Ά,¬‹ΰδ,¬‹ΰδφ‰€‘Oπ”Τ,132101,“‹“s,¬‹ΰδs,Φ–μ’¬‚P’–Ϊ,2019-02-25,12,‚»‚Μ‘Ό,{ω‚Ή‚Έ,‚Θ‚µ
ή“,Τγ‚Λ‚η‚Ά,¬‹ΰδ,¬‹ΰδφ‰€‘Oπ”Τ,132101,“‹“s,¬‹ΰδs,Φ–μ’¬‚P’–Ϊ,2019-04-20,19,‚»‚Μ‘Ό,{ω‚Ή‚Έ,‚ ‚θ
ή“,Τγ‚Λ‚η‚Ά,¬‹ΰδ,V¬‹ΰδπ”Τ,132101,“‹“s,¬‹ΰδs,’†’¬‚P’–Ϊ,2019-06-05,18,‚»‚Μ‘Ό,{ω‚Ή‚Έ,‚Θ‚µ
ή“,Τγ‚Λ‚η‚Ά,¬‹ΰδ,Ρδ“μ’¬π”Τ,132101,“‹“s,¬‹ΰδs,Ρδ“μ’¬‚Q’–Ϊ,2019-03-20,19,’“Τi—Φjκ,{ω‚Ή‚Έ,‚Θ‚µ
ή“,Τγ‚Λ‚η‚Ά,¬‹ΰδ,–{‘½π”Τ,132101,“‹“s,¬‹ΰδs,Ρδ–k’¬‚T’–Ϊ,2019-06-30,09,κΛZ‘ξ,{ω‚Ή‚Έ,‚ ‚θ
ή“,Τγ‚Λ‚η‚Ά,¬‹ΰδ,‹¤‰v’“έ,132144,“‹“s,‘•ª›s,–k’¬‚T’–Ϊ,2019-09-07,19,’“Τi—Φjκ,{ω‚Ή‚Έ,‚ ‚θ
ή“,Τγ‚Λ‚η‚Ά,¬‹ΰδ,Λ‘q’“έ,132144,“‹“s,‘•ª›s,Λ‘q‚R’–Ϊ,2019-07-08,12,κΛZ‘ξ,{ω‚Ή‚Έ,‚ ‚θ
ή“,Τγ‚Λ‚η‚Ά,¬‹ΰδ,υ’¬π”Τ,132144,“‹“s,‘•ª›s,Ό’¬‚Q’–Ϊ,2019-03-08,12,“ΉHγ,{ω‚Ή‚Έ,‚ ‚θ
ή“,Τγ‚Λ‚η‚Ά,¬‹ΰδ,υ’¬π”Τ,132144,“‹“s,‘•ª›s,υ’¬‚R’–Ϊ,2019-03-15,19,κΛZ‘ξ,{ω‚Ή‚Έ,‚ ‚θ
ή“,Τγ‚Λ‚η‚Ά,¬‹ΰδ,υ’¬π”Τ,132144,“‹“s,‘•ª›s,υ’¬‚R’–Ϊ,2019-10-27,18,κΛZ‘ξ,{ω‚Ή‚Έ,‚ ‚θ
ή“,Τγ‚Λ‚η‚Ά,¬‹ΰδ,υ’¬π”Τ,132144,“‹“s,‘•ª›s,“ϊ‹g’¬‚Q’–Ϊ,2019-06-01,16,κΛZ‘ξ,{ω‚Ή‚Έ,‚ ‚θ
ή“,Τγ‚Λ‚η‚Ά,¬‹ΰδ,υ’¬π”Τ,132144,“‹“s,‘•ª›s,•xm–{‚P’–Ϊ,2019-08-05,16,κΛZ‘ξ,{ω‚Ή‚Έ,‚ ‚θ
ή“,Τγ‚Λ‚η‚Ά,¬‹ΰδ,Ό‘•ª›‰w‘Oπ”Τ,132144,“‹“s,‘•ª›s,“ΰ“΅‚Q’–Ϊ,2019-05-31,08,‚»‚Μ‘Ό,{ω‚Ή‚Έ,‚ ‚θ
ή“,Τγ‚Λ‚η‚Ά,¬‹ΰδ,Ό‘•ª›‰w‘Oπ”Τ,132144,“‹“s,‘•ª›s,“ΰ“΅‚Q’–Ϊ,2019-06-27,16,κΛZ‘ξ,{ω‚Ή‚Έ,‚ ‚θ
ή“,Τγ‚Λ‚η‚Ά,¬‹ΰδ,•‘ ¬‹ΰδ‰w‘Oπ”Τ,132101,“‹“s,¬‹ΰδs,–{’¬‚T’–Ϊ,2019-10-02,19,’“Τi—Φjκ,{ω‚Ή‚Έ,‚ ‚θ
ή“,Τγ‚Λ‚η‚Ά,¬‹ΰδ,•‘ ¬‹ΰδ‰w‘Oπ”Τ,132101,“‹“s,¬‹ΰδs,–{’¬‚U’–Ϊ,2019-03-06,00,‚SK‚ΔΘγ‹¤“―Z‘ξ,{ω‚Ή‚Έ,‚ ‚θ
ή“,Τγ‚Λ‚η‚Ά,¬‹ΰδ,•‘ ¬‹ΰδ‰w‘Oπ”Τ,132101,“‹“s,¬‹ΰδs,–{’¬‚U’–Ϊ,2019-09-17,09,’“Τi—Φjκ,{ω‚Ή‚Έ,‚Θ‚µ
ή“,Τγ‚Λ‚η‚Ά,“c–³,“c–³‰w‘Oπ”Τ,132292,“‹“s,Ό“‹s,Ε‹v•Ϋ’¬‚R’–Ϊ,2019-05-04,21,κΛZ‘ξ,{ω‚Ή‚Έ,‚Θ‚µ
ή“,Τγ‚Λ‚η‚Ά,“c–³,“c–³‰w‘Oπ”Τ,132292,“‹“s,Ό“‹s,Ε‹v•Ϋ’¬‚T’–Ϊ,2019-06-11,18,κΛZ‘ξ,{ω‚Ή‚Έ,‚Θ‚µ
ή“,Τγ‚Λ‚η‚Ά,“c–³,“c–³‰w‘Oπ”Τ,132292,“‹“s,Ό“‹s,“μ’¬‚S’–Ϊ,2019-06-01,14,‚»‚Μ‘Ό‚ΜZ‘ξi‚RK‚ΔΘ‰Ί‹¤“―Z‘ξ“™j,{ω‚Ή‚Έ,‚Θ‚µ
ή“,Τγ‚Λ‚η‚Ά,“c–³,“c–³‰w‘Oπ”Τ,132292,“‹“s,Ό“‹s,“μ’¬‚U’–Ϊ,2019-11-17,14,‚SK‚ΔΘγ‹¤“―Z‘ξ,{ω‚Ή‚Έ,‚Θ‚µ
ή“,Τγ‚Λ‚η‚Ά,“c–³,–k΄’¬π”Τ,132292,“‹“s,Ό“‹s,“c–³’¬‚R’–Ϊ,2019-03-29,22,’“Τi—Φjκ,{ω‚Ή‚Έ,‚ ‚θ
ή“,Τγ‚Λ‚η‚Ά,“c–³,–k΄’¬π”Τ,132292,“‹“s,Ό“‹s,“c–³’¬‚T’–Ϊ,2019-01-31,19,’“Τi—Φjκ,{ω‚Ή‚Έ,‚Θ‚µ
ή“,Τγ‚Λ‚η‚Ά,“c–³,–k΄’¬π”Τ,132292,“‹“s,Ό“‹s,“c–³’¬‚T’–Ϊ,2019-03-08,18,’“Τi—Φjκ,{ω‚Ή‚Έ,‚Θ‚µ
ή“,Τγ‚Λ‚η‚Ά,“c–³,–k΄’¬π”Τ,132292,“‹“s,Ό“‹s,“c–³’¬‚T’–Ϊ,2019-10-30,20,’“Τi—Φjκ,{ω‚Ή‚Έ,‚Θ‚µ
ή“,Τγ‚Λ‚η‚Ά,“c–³,β‰Ίπ”Τ,132292,“‹“s,Ό“‹s,“•©‚S’–Ϊ,2019-12-24,18,‚SK‚ΔΘγ‹¤“―Z‘ξ,{ω‚Ή‚Έ,‚Θ‚µ
ή“,Τγ‚Λ‚η‚Ά,“c–³,‚Π‚Ξ‚θ‚ª‹u’c’nπ”Τ,132292,“‹“s,Ό“‹s,—Ξ’¬‚Q’–Ϊ,2019-06-20,13,“ΉHγ,{ω‚Ή‚Έ,‚ ‚θ
ή“,Τγ‚Λ‚η‚Ά,“c–³,•Ϋ’J‰w‘Oπ”Τ,132292,“‹“s,Ό“‹s,ς’¬‚T’–Ϊ,2019-03-13,11,κΛZ‘ξ,{ω‚Ή‚Έ,‚ ‚θ
ή“,Τγ‚Λ‚η‚Ά,“c–³,“•©π”Τ,132292,“‹“s,Ό“‹s,“•©‚Q’–Ϊ,2019-06-11,09,“ΉHγ,{ω‚Ή‚Έ,‚ ‚θ
ή“,Τγ‚Λ‚η‚Ά,“c–³,“•©π”Τ,132292,“‹“s,Ό“‹s,•xm’¬‚T’–Ϊ,2019-09-11,01,‚»‚Μ‘Ό,{ω‚Ή‚Έ,‚Θ‚µ
ή“,Τγ‚Λ‚η‚Ά,“c–³,•Ϋ’JV’¬π”Τ,132292,“‹“s,Ό“‹s,V’¬‚U’–Ϊ,2019-03-05,13,κΛZ‘ξ,{ω‚Ή‚Έ,‚ ‚θ
ή“,Τγ‚Λ‚η‚Ά,“c–³,–μ‰Ξ~π”Τ,132225,“‹“s,“‹v—―•Δs,¬R‚T’–Ϊ,2019-08-25,14,“ΉHγ,{ω‚Ή‚Έ,‚ ‚θ
ή“,Τγ‚Λ‚η‚Ά,“c–³,–μ‰Ξ~π”Τ,132225,“‹“s,“‹v—―•Δs,‰Ί—Ά‚V’–Ϊ,2019-03-02,13,’“Τi—Φjκ,{ω‚Ή‚Έ,‚Θ‚µ
ή“,Τγ‚Λ‚η‚Ά,“c–³,–μ‰Ξ~π”Τ,132225,“‹“s,“‹v—―•Δs,”ª”¦’¬‚P’–Ϊ,2019-02-13,17,‚»‚Μ‘Ό,{ω‚Ή‚Έ,‚Θ‚µ
ή“,Τγ‚Λ‚η‚Ά,“c–³,–μ‰Ξ~π”Τ,132225,“‹“s,“‹v—―•Δs,”ª”¦’¬‚P’–Ϊ,2019-09-07,18,’“Τi—Φjκ,{ω‚Ή‚Έ,‚Θ‚µ
ή“,Τγ‚Λ‚η‚Ά,“c–³,‘κRπ”Τ,132225,“‹“s,“‹v—―•Δs,‘κR‚U’–Ϊ,2019-05-23,17,’“Τi—Φjκ,{ω‚Ή‚Έ,‚Θ‚µ
ή“,Τγ‚Λ‚η‚Ά,“c–³,‘κRπ”Τ,132225,“‹“s,“‹v—―•Δs,–φE‚S’–Ϊ,2019-05-28,18,‚SK‚ΔΘγ‹¤“―Z‘ξ,{ω‚Ή‚Έ,‚ ‚θ
ή“,Τγ‚Λ‚η‚Ά,“c–³,“μ‘ςπ”Τ,132225,“‹“s,“‹v—―•Δs,¬R‚P’–Ϊ,2019-07-24,19,‚»‚Μ‘Ό‚ΜZ‘ξi‚RK‚ΔΘ‰Ί‹¤“―Z‘ξ“™j,{ω‚Ή‚Έ,‚Θ‚µ
ή“,Τγ‚Λ‚η‚Ά,“c–³,“μ‘ςπ”Τ,132225,“‹“s,“‹v—―•Δs,¬R‚S’–Ϊ,2019-08-28,17,’“Τi—Φjκ,{ω‚Ή‚Έ,‚Θ‚µ
ή“,Τγ‚Λ‚η‚Ά,“c–³,“μ‘ςπ”Τ,132225,“‹“s,“‹v—―•Δs,K’¬‚P’–Ϊ,2019-10-15,17,’“Τi—Φjκ,{ω‚Ή‚Έ,‚ ‚θ
ή“,Τγ‚Λ‚η‚Ά,“c–³,“μ‘ςπ”Τ,132225,“‹“s,“‹v—―•Δs,K’¬‚R’–Ϊ,2019-06-26,07,’“Τi—Φjκ,{ω‚Ή‚Έ,‚Θ‚µ
ή“,Τγ‚Λ‚η‚Ά,“c–³,“μ‘ςπ”Τ,132225,“‹“s,“‹v—―•Δs,“μ‘ς‚P’–Ϊ,2019-10-08,15,κΛZ‘ξ,{ω‚Ή‚Έ,‚Θ‚µ
ή“,Τγ‚Λ‚η‚Ά,“c–³,‘O‘ςπ”Τ,132225,“‹“s,“‹v—―•Δs,‰Ί—Ά‚Q’–Ϊ,2019-10-19,19,κΛZ‘ξ,{ω‚Ή‚Έ,‚ ‚θ
ή“,Τγ‚Λ‚η‚Ά,“c–³,‘O‘ςπ”Τ,132225,“‹“s,“‹v—―•Δs,”ª”¦’¬‚Q’–Ϊ,2019-07-09,18,’“Τi—Φjκ,{ω‚Ή‚Έ,‚Θ‚µ
ή“,Τγ‚Λ‚η‚Ά,“c–³,γ‚Μ΄π”Τ,132225,“‹“s,“‹v—―•Δs,‹ΰR’¬‚Q’–Ϊ,2019-04-17,11,“ΉHγ,{ω‚Ή‚Έ,‚ ‚θ
ή“,Τγ‚Λ‚η‚Ά,“c–³,γ‚Μ΄π”Τ,132225,“‹“s,“‹v—―•Δs,_•σ’¬‚P’–Ϊ,2019-12-11,18,’“Τi—Φjκ,{ω‚Ή‚Έ,‚Θ‚µ
ή“,Τγ‚Λ‚η‚Ά,“c–³,‚Π‚Ξ‚θ‚ª‹u‰w‘Oπ”Τ,132292,“‹“s,Ό“‹s,‚Π‚Ξ‚θ‚ª‹u–k‚Q’–Ϊ,2019-01-12,05,’“Τi—Φjκ,{ω‚Ή‚Έ,‚Θ‚µ
ή“,Τγ‚Λ‚η‚Ά,“c–³,‰Ί—Ά’“έ,132225,“‹“s,“‹v—―•Δs,‰Ί—Ά‚S’–Ϊ,2019-09-24,18,“ΉHγ,{ω‚Ή‚Έ,‚ ‚θ
ή“,Τγ‚Λ‚η‚Ά,“c–³,‰Ί—Ά’“έ,132225,“‹“s,“‹v—―•Δs,‰Ί—Ά‚S’–Ϊ,2019-11-05,18,‚SK‚ΔΘγ‹¤“―Z‘ξ,{ω‚Ή‚Έ,‚Θ‚µ
ή“,Τγ‚Λ‚η‚Ά,“c–³,‰Ί—Ά’“έ,132225,“‹“s,“‹v—―•Δs,‰Ί—Ά‚T’–Ϊ,2019-02-18,17,’“Τi—Φjκ,{ω‚Ή‚Έ,‚Θ‚µ
ή“,Τγ‚Λ‚η‚Ά,“c–³,“‹v—―•Δ‰w‘Oπ”Τ,132225,“‹“s,“‹v—―•Δs,σΤ’¬‚R’–Ϊ,2019-08-12,10,“ΉHγ,{ω‚Ή‚Έ,‚ ‚θ
ή“,Τγ‚Λ‚η‚Ά,“c–³,“‹v—―•Δ‰w‘Oπ”Τ,132225,“‹“s,“‹v—―•Δs,“–{’¬,2019-07-19,15,‚»‚Μ‘Ό,{ω‚Ή‚Έ,‚ ‚θ
ή“,Τγ‚Λ‚η‚Ά,“c–³,“‹v—―•Δ‰w‘Oπ”Τ,132225,“‹“s,“‹v—―•Δs,“–{’¬,2019-11-25,20,κΛZ‘ξ,{ω‚Ή‚Έ,‚ ‚θ
ή“,Τγ‚Λ‚η‚Ά,“‘ΊR,“‘ΊR‰w‘Oπ”Τ,132136,“‹“s,“‘ΊRs,‰¶‘½’¬‚R’–Ϊ,2019-04-20,17,’“Τi—Φjκ,{ω‚Ή‚Έ,‚Θ‚µ
ή“,Τγ‚Λ‚η‚Ά,“‘ΊR,“‘ΊR‰w‘Oπ”Τ,132136,“‹“s,“‘ΊRs,‰¶‘½’¬‚R’–Ϊ,2019-06-22,18,κΛZ‘ξ,{ω‚Ή‚Έ,‚ ‚θ
ή“,Τγ‚Λ‚η‚Ά,“‘ΊR,“‘ΊR‰w‘Oπ”Τ,132136,“‹“s,“‘ΊRs,‰¶‘½’¬‚S’–Ϊ,2019-07-12,13,κΛZ‘ξ,{ω‚Ή‚Έ,‚Θ‚µ
ή“,Τγ‚Λ‚η‚Ά,“‘ΊR,“‘ΊR‰w‘Oπ”Τ,132136,“‹“s,“‘ΊRs,‰¶‘½’¬‚S’–Ϊ,2019-07-13,19,κΛZ‘ξ,{ω‚Ή‚Έ,‚Θ‚µ
ή“,Τγ‚Λ‚η‚Ά,“‘ΊR,“‘ΊR‰w‘Oπ”Τ,132136,“‹“s,“‘ΊRs,‰¶‘½’¬‚S’–Ϊ,2019-07-13,23,κΛZ‘ξ,{ω‚Ή‚Έ,‚ ‚θ
ή“,Τγ‚Λ‚η‚Ά,“‘ΊR,“‘ΊR‰w‘Oπ”Τ,132136,“‹“s,“‘ΊRs,‰¶‘½’¬‚S’–Ϊ,2019-07-13,•s–Ύ,κΛZ‘ξ,{ω‚Ή‚Έ,‚Θ‚µ
ή“,Τγ‚Λ‚η‚Ά,“‘ΊR,“‘ΊR‰w‘Oπ”Τ,132136,“‹“s,“‘ΊRs,‰¶‘½’¬‚S’–Ϊ,2019-07-26,20,κΛZ‘ξ,{ω‚Ή‚Έ,‚Θ‚µ
ή“,Τγ‚Λ‚η‚Ά,“‘ΊR,“‘ΊR‰w‘Oπ”Τ,132136,“‹“s,“‘ΊRs,‰¶‘½’¬‚S’–Ϊ,2019-07-27,19,κΛZ‘ξ,{ω‚Ή‚Έ,‚Θ‚µ
ή“,Τγ‚Λ‚η‚Ά,“‘ΊR,“‘ΊR‰w‘Oπ”Τ,132136,“‹“s,“‘ΊRs,‰¶‘½’¬‚S’–Ϊ,2019-08-03,11,κΛZ‘ξ,{ω‚Ή‚Έ,‚Θ‚µ
ή“,Τγ‚Λ‚η‚Ά,“‘ΊR,“‘ΊR‰w‘Oπ”Τ,132136,“‹“s,“‘ΊRs,‰¶‘½’¬‚S’–Ϊ,2019-08-03,11,κΛZ‘ξ,{ω‚Ή‚Έ,‚Θ‚µ
ή“,Τγ‚Λ‚η‚Ά,“‘ΊR,“‘ΊR‰w‘Oπ”Τ,132136,“‹“s,“‘ΊRs,‰¶‘½’¬‚S’–Ϊ,2019-08-03,17,κΛZ‘ξ,{ω‚Ή‚Έ,‚Θ‚µ
ή“,Τγ‚Λ‚η‚Ά,“‘ΊR,“‘ΊR‰w‘Oπ”Τ,132136,“‹“s,“‘ΊRs,‰¶‘½’¬‚S’–Ϊ,2019-08-03,•s–Ύ,κΛZ‘ξ,{ω‚Ή‚Έ,‚Θ‚µ
ή“,Τγ‚Λ‚η‚Ά,“‘ΊR,“‘ΊR‰w‘Oπ”Τ,132136,“‹“s,“‘ΊRs,‰¶‘½’¬‚S’–Ϊ,2019-08-04,02,κΛZ‘ξ,{ω‚Ή‚Έ,‚Θ‚µ
ή“,Τγ‚Λ‚η‚Ά,“‘ΊR,“‘ΊR‰w‘Oπ”Τ,132136,“‹“s,“‘ΊRs,–{’¬‚P’–Ϊ,2019-12-12,12,“ΉHγ,{ω‚Ή‚Έ,‚Θ‚µ
ή“,Τγ‚Λ‚η‚Ά,“‘ΊR,“‘ΊR‰w‘Oπ”Τ,132136,“‹“s,“‘ΊRs,–{’¬‚R’–Ϊ,2019-03-18,17,’“Τi—Φjκ,{ω‚Ή‚Έ,‚Θ‚µ
ή“,Τγ‚Λ‚η‚Ά,“‘ΊR,“‘ΊR‰w‘Oπ”Τ,132136,“‹“s,“‘ΊRs,–{’¬‚R’–Ϊ,2019-04-24,15,’“Τi—Φjκ,{ω‚Ή‚Έ,‚Θ‚µ
ή“,Τγ‚Λ‚η‚Ά,“‘ΊR,“‘ΊR‰w‘Oπ”Τ,132136,“‹“s,“‘ΊRs,–{’¬‚R’–Ϊ,2019-07-21,18,κΛZ‘ξ,{ω‚Ή‚Έ,‚Θ‚µ
ή“,Τγ‚Λ‚η‚Ά,“‘ΊR,“‘ΊR‰w‘Oπ”Τ,132136,“‹“s,“‘ΊRs,–{’¬‚R’–Ϊ,2019-07-26,15,κΛZ‘ξ,{ω‚Ή‚Έ,‚Θ‚µ
ή“,Τγ‚Λ‚η‚Ά,“‘ΊR,“‘ΊR‰w‘Oπ”Τ,132136,“‹“s,“‘ΊRs,–{’¬‚R’–Ϊ,2019-07-26,19,κΛZ‘ξ,{ω‚Ή‚Έ,‚ ‚θ
ή“,Τγ‚Λ‚η‚Ά,“‘ΊR,“‘ΊR‰w‘Oπ”Τ,132136,“‹“s,“‘ΊRs,–{’¬‚R’–Ϊ,2019-07-26,•s–Ύ,κΛZ‘ξ,{ω‚Ή‚Έ,‚Θ‚µ
ή“,Τγ‚Λ‚η‚Ά,“‘ΊR,”ªβπ”Τ,132136,“‹“s,“‘ΊRs,‰h’¬‚R’–Ϊ,2019-11-18,13,‚»‚Μ‘Ό,{ω‚Ή‚Έ,‚ ‚θ
ή“,Τγ‚Λ‚η‚Ά,“‘ΊR,”ªβπ”Τ,132136,“‹“s,“‘ΊRs,•xm©’¬‚T’–Ϊ,2019-04-21,08,‚»‚Μ‘Ό,{ω‚Ή‚Έ,‚ ‚θ
ή“,Τγ‚Λ‚η‚Ά,“‘ΊR,‹v•Δμ‰w‘Oπ”Τ,132136,“‹“s,“‘ΊRs,‰¶‘½’¬‚S’–Ϊ,2019-02-20,21,κΛZ‘ξ,{ω‚Ή‚Έ,‚Θ‚µ
ή“,Τγ‚Λ‚η‚Ά,“‘ΊR,‹v•Δμ‰w‘Oπ”Τ,132136,“‹“s,“‘ΊRs,‰h’¬‚P’–Ϊ,2019-02-20,13,’“Τi—Φjκ,{ω‚Ή‚Έ,‚Θ‚µ
ή“,Τγ‚Λ‚η‚Ά,“‘ΊR,‹v•Δμ‰w‘Oπ”Τ,132136,“‹“s,“‘ΊRs,‰h’¬‚P’–Ϊ,2019-02-20,20,κΛZ‘ξ,{ω‚Ή‚Έ,‚Θ‚µ
ή“,Τγ‚Λ‚η‚Ά,“‘ΊR,‹v•Δμ‰w‘Oπ”Τ,132136,“‹“s,“‘ΊRs,‰h’¬‚P’–Ϊ,2019-05-20,17,κΛZ‘ξ,{ω‚Ή‚Έ,‚ ‚θ
ή“,Τγ‚Λ‚η‚Ά,“‘ΊR,‹v•Δμ‰w‘Oπ”Τ,132136,“‹“s,“‘ΊRs,‰h’¬‚P’–Ϊ,2019-05-21,•s–Ύ,κΛZ‘ξ,{ω‚Ή‚Έ,‚Θ‚µ
ή“,Τγ‚Λ‚η‚Ά,“‘ΊR,‹v•Δμ‰w‘Oπ”Τ,132136,“‹“s,“‘ΊRs,‰h’¬‚P’–Ϊ,2019-05-21,•s–Ύ,κΛZ‘ξ,{ω‚Ή‚Έ,‚Θ‚µ
ή“,Τγ‚Λ‚η‚Ά,“‘ΊR,‹v•Δμ‰w‘Oπ”Τ,132136,“‹“s,“‘ΊRs,‰h’¬‚P’–Ϊ,2019-06-20,08,κΛZ‘ξ,{ω‚Ή‚Έ,‚Θ‚µ
ή“,Τγ‚Λ‚η‚Ά,“‘ΊR,‹v•Δμ‰w‘Oπ”Τ,132136,“‹“s,“‘ΊRs,‰h’¬‚P’–Ϊ,2019-06-21,17,κΛZ‘ξ,{ω‚Ή‚Έ,‚ ‚θ
ή“,Τγ‚Λ‚η‚Ά,“‘ΊR,‹v•Δμ‰w‘Oπ”Τ,132136,“‹“s,“‘ΊRs,‰h’¬‚P’–Ϊ,2019-06-22,17,κΛZ‘ξ,{ω‚Ή‚Έ,‚Θ‚µ
ή“,Τγ‚Λ‚η‚Ά,“‘ΊR,‹v•Δμ‰w‘Oπ”Τ,132136,“‹“s,“‘ΊRs,‰h’¬‚P’–Ϊ,2019-06-22,17,κΛZ‘ξ,{ω‚Ή‚Έ,‚ ‚θ
ή“,Τγ‚Λ‚η‚Ά,“‘ΊR,‹v•Δμ‰w‘Oπ”Τ,132136,“‹“s,“‘ΊRs,‰h’¬‚P’–Ϊ,2019-07-27,13,κΛZ‘ξ,{ω‚Ή‚Έ,‚Θ‚µ
ή“,Τγ‚Λ‚η‚Ά,“‘ΊR,‹v•Δμ‰w‘Oπ”Τ,132136,“‹“s,“‘ΊRs,‰h’¬‚P’–Ϊ,2019-08-02,22,κΛZ‘ξ,{ω‚Ή‚Έ,‚Θ‚µ
ή“,Τγ‚Λ‚η‚Ά,“‘ΊR,‹v•Δμ‰w‘Oπ”Τ,132136,“‹“s,“‘ΊRs,–{’¬‚S’–Ϊ,2019-02-19,14,κΛZ‘ξ,{ω‚Ή‚Έ,‚ ‚θ
ή“,Τγ‚Λ‚η‚Ά,“‘ΊR,‹v•Δμ‰w‘Oπ”Τ,132136,“‹“s,“‘ΊRs,–{’¬‚S’–Ϊ,2019-02-19,22,κΛZ‘ξ,{ω‚Ή‚Έ,‚Θ‚µ
ή“,Τγ‚Λ‚η‚Ά,“‘ΊR,‹v•Δμ‰w‘Oπ”Τ,132136,“‹“s,“‘ΊRs,–{’¬‚S’–Ϊ,2019-02-19,23,κΛZ‘ξ,{ω‚Ή‚Έ,‚Θ‚µ
ή“,Τγ‚Λ‚η‚Ά,“‘ΊR,‹v•Δμ‰w‘Oπ”Τ,132136,“‹“s,“‘ΊRs,–{’¬‚S’–Ϊ,2019-02-20,16,κΛZ‘ξ,{ω‚Ή‚Έ,‚Θ‚µ
ή“,Τγ‚Λ‚η‚Ά,“‘ΊR,‹v•Δμ‰w‘Oπ”Τ,132136,“‹“s,“‘ΊRs,–{’¬‚S’–Ϊ,2019-02-20,•s–Ύ,κΛZ‘ξ,{ω‚Ή‚Έ,‚Θ‚µ
ή“,Τγ‚Λ‚η‚Ά,“‘ΊR,‹v•Δμ‰w‘Oπ”Τ,132136,“‹“s,“‘ΊRs,–{’¬‚S’–Ϊ,2019-05-21,23,κΛZ‘ξ,{ω‚Ή‚Έ,‚Θ‚µ
ή“,Τγ‚Λ‚η‚Ά,“‘ΊR,‹v•Δμ‰w‘Oπ”Τ,132136,“‹“s,“‘ΊRs,–{’¬‚S’–Ϊ,2019-07-20,21,κΛZ‘ξ,{ω‚Ή‚Έ,‚Θ‚µ
ή“,Τγ‚Λ‚η‚Ά,“‘ΊR,‹v•Δμ‰w‘Oπ”Τ,132136,“‹“s,“‘ΊRs,–{’¬‚S’–Ϊ,2019-07-27,12,‚SK‚ΔΘγ‹¤“―Z‘ξ,{ω‚Ή‚Έ,‚ ‚θ
ή“,Τγ‚Λ‚η‚Ά,“‘ΊR,΄£‰w‘Oπ”Τ,132217,“‹“s,΄£s,ΌR‚P’–Ϊ,2019-04-13,15,‚SK‚ΔΘγ‹¤“―Z‘ξ,{ω‚Ή‚Έ,‚Θ‚µ
ή“,Τγ‚Λ‚η‚Ά,“‘ΊR,‰τ“c’“έ,132136,“‹“s,“‘ΊRs,‘½–€Ξ’¬‚Q’–Ϊ,2019-03-24,10,’“Τi—Φjκ,{ω‚Ή‚Έ,‚Θ‚µ
ή“,Τγ‚Λ‚η‚Ά,“‘ΊR,‹v•Δμ’“έ,132136,“‹“s,“‘ΊRs,‹v•Δμ’¬‚Q’–Ϊ,2019-08-03,22,κΛZ‘ξ,{ω‚Ή‚Έ,‚ ‚θ
ή“,Τγ‚Λ‚η‚Ά,“‘ΊR,‹v•Δμ’“έ,132136,“‹“s,“‘ΊRs,‹v•Δμ’¬‚Q’–Ϊ,2019-11-30,17,‚»‚Μ‘Ό,{ω‚Ή‚Έ,‚Θ‚µ
ή“,Τγ‚Λ‚η‚Ά,“‘ΊR,‹v•Δμ’“έ,132136,“‹“s,“‘ΊRs,‹v•Δμ’¬‚R’–Ϊ,2019-04-20,16,’“Τi—Φjκ,{ω‚Ή‚Έ,‚Θ‚µ
ή“,Τγ‚Λ‚η‚Ά,“‘ΊR,‹v•Δμ’“έ,132136,“‹“s,“‘ΊRs,‹v•Δμ’¬‚R’–Ϊ,2019-08-03,12,κΛZ‘ξ,{ω‚Ή‚Έ,‚Θ‚µ
ή“,Τγ‚Λ‚η‚Ά,“‘ΊR,‹v•Δμ’“έ,132136,“‹“s,“‘ΊRs,‹v•Δμ’¬‚R’–Ϊ,2019-08-03,16,κΛZ‘ξ,{ω‚Ή‚Έ,‚Θ‚µ
ή“,Τγ‚Λ‚η‚Ά,“‘ΊR,‹v•Δμ’“έ,132136,“‹“s,“‘ΊRs,‹v•Δμ’¬‚R’–Ϊ,2019-08-03,•s–Ύ,κΛZ‘ξ,{ω‚Ή‚Έ,‚Θ‚µ
ή“,Τγ‚Λ‚η‚Ά,“‘ΊR,‹v•Δμ’“έ,132136,“‹“s,“‘ΊRs,‹v•Δμ’¬‚R’–Ϊ,2019-08-03,•s–Ύ,κΛZ‘ξ,{ω‚Ή‚Έ,‚Θ‚µ
ή“,Τγ‚Λ‚η‚Ά,“‘ΊR,‹v•Δμ’“έ,132136,“‹“s,“‘ΊRs,‹v•Δμ’¬‚R’–Ϊ,2019-08-03,•s–Ύ,κΛZ‘ξ,{ω‚Ή‚Έ,‚Θ‚µ
ή“,Τγ‚Λ‚η‚Ά,“‘ΊR,‹v•Δμ’“έ,132136,“‹“s,“‘ΊRs,‹v•Δμ’¬‚R’–Ϊ,2019-10-05,02,‚»‚Μ‘Ό‚ΜZ‘ξi‚RK‚ΔΘ‰Ί‹¤“―Z‘ξ“™j,{ω‚Ή‚Έ,‚ ‚θ
ή“,Τγ‚Λ‚η‚Ά,“‘ΊR,H’ΓO’–Ϊπ”Τ,132136,“‹“s,“‘ΊRs,‹v•Δμ’¬‚T’–Ϊ,2019-04-07,16,’“Τi—Φjκ,{ω‚Ή‚Έ,‚Θ‚µ
ή“,Τγ‚Λ‚η‚Ά,“‘ΊR,H’ΓO’–Ϊπ”Τ,132136,“‹“s,“‘ΊRs,z–K’¬‚P’–Ϊ,2019-04-05,12,’“Τi—Φjκ,{ω‚Ή‚Έ,‚Θ‚µ
ή“,Τγ‚Λ‚η‚Ά,“‘ΊR,H’Γ‰w‘Oπ”Τ,132136,“‹“s,“‘ΊRs,Β—t’¬‚R’–Ϊ,2019-09-19,14,“ΉHγ,{ω‚Ή‚Έ,‚ ‚θ
ή“,Τγ‚Λ‚η‚Ά,“‘ΊR,H’Γ‰w‘Oπ”Τ,132217,“‹“s,΄£s,–μ‰–‚P’–Ϊ,2019-07-26,08,’“Τi—Φjκ,{ω‚Ή‚Έ,‚Θ‚µ
ή“,Τγ‚Λ‚η‚Ά,“‘ΊR,H’Γ‰w‘Oπ”Τ,132217,“‹“s,΄£s,–μ‰–‚P’–Ϊ,2019-09-28,19,‚»‚Μ‘Ό‚ΜZ‘ξi‚RK‚ΔΘ‰Ί‹¤“―Z‘ξ“™j,{ω‚Ή‚Έ,‚Θ‚µ
ή“,Τγ‚Λ‚η‚Ά,“‘ΊR,®‚ª‹uπ”Τ,132217,“‹“s,΄£s,®‚ª‹u‚R’–Ϊ,2019-02-27,23,’“Τi—Φjκ,{ω‚Ή‚Έ,‚ ‚θ
ή“,Τγ‚Λ‚η‚Ά,“‘ΊR,”‹R’“έ,132136,“‹“s,“‘ΊRs,”‹R’¬‚Q’–Ϊ,2019-05-11,15,“ΉHγ,{ω‚Ή‚Έ,‚ ‚θ
ή“,Τγ‚Λ‚η‚Ά,“‘ΊR,Β—t’“έ,132136,“‹“s,“‘ΊRs,Β—t’¬‚Q’–Ϊ,2019-08-25,15,‚»‚Μ‘Ό,{ω‚Ή‚Έ,‚ ‚θ
ή“,Τγ‚Λ‚η‚Ά,“‘ΊR,Β—t’“έ,132136,“‹“s,“‘ΊRs,‰¶‘½’¬‚T’–Ϊ,2019-07-07,19,κΛZ‘ξ,{ω‚Ή‚Έ,‚Θ‚µ
ή“,Τγ‚Λ‚η‚Ά,“‘ΊR,Β—t’“έ,132136,“‹“s,“‘ΊRs,‰¶‘½’¬‚T’–Ϊ,2019-07-13,17,κΛZ‘ξ,{ω‚Ή‚Έ,‚Θ‚µ
ή“,Τγ‚Λ‚η‚Ά,“‘ΊR,Β—t’“έ,132136,“‹“s,“‘ΊRs,‰¶‘½’¬‚T’–Ϊ,2019-07-13,•s–Ύ,κΛZ‘ξ,{ω‚Ή‚Έ,‚Θ‚µ
ή“,Τγ‚Λ‚η‚Ά,“‘ΊR,Β—t’“έ,132136,“‹“s,“‘ΊRs,‰¶‘½’¬‚T’–Ϊ,2019-12-21,15,’“Τi—Φjκ,{ω‚Ή‚Έ,‚Θ‚µ
ή“,Τγ‚Λ‚η‚Ά,•‘ –μ,‹gΛ›‰wΌϋπ”Τ,132039,“‹“s,•‘ –μs,‹gΛ›“μ’¬‚P’–Ϊ,2019-04-20,18,“ΉHγ,{ω‚Ή‚Έ,‚Θ‚µ
ή“,Τγ‚Λ‚η‚Ά,•‘ –μ,‹gΛ›‰wΌϋπ”Τ,132039,“‹“s,•‘ –μs,δ“aR‚P’–Ϊ,2019-10-02,09,’“Τi—Φjκ,{ω‚Ή‚Έ,‚Θ‚µ
ή“,Τγ‚Λ‚η‚Ά,•‘ –μ,‹gΛ›‰w“ϋπ”Τ,132039,“‹“s,•‘ –μs,‹gΛ›–{’¬‚Q’–Ϊ,2019-07-28,20,’“Τi—Φjκ,{ω‚Ή‚Έ,‚Θ‚µ
ή“,Τγ‚Λ‚η‚Ά,•‘ –μ,‹gΛ›‰w“ϋπ”Τ,132039,“‹“s,•‘ –μs,‹gΛ›“μ’¬‚Q’–Ϊ,2019-07-20,18,κΛZ‘ξ,{ω‚Ή‚Έ,‚ ‚θ
ή“,Τγ‚Λ‚η‚Ά,•‘ –μ,”ª”¦‹{Όπ”Τ,132039,“‹“s,•‘ –μs,’†’¬‚R’–Ϊ,2019-07-29,12,κΛZ‘ξ,{ω‚Ή‚Έ,‚Θ‚µ
ή“,Τγ‚Λ‚η‚Ά,•‘ –μ,O‘ι‰w–kϋπ”Τ,132039,“‹“s,•‘ –μs,’†’¬‚Q’–Ϊ,2019-09-02,18,’“Τi—Φjκ,{ω‚Ή‚Έ,‚ ‚θ
ή“,Τγ‚Λ‚η‚Ά,•‘ –μ,”ª”¦’¬π”Τ,132039,“‹“s,•‘ –μs,”ª”¦’¬‚P’–Ϊ,2019-07-11,17,’“Τi—Φjκ,{ω‚Ή‚Έ,‚Θ‚µ
ή“,Τγ‚Λ‚η‚Ά,•‘ –μ,χ’ηπ”Τ,132039,“‹“s,•‘ –μs,‹«‚Q’–Ϊ,2019-01-28,16,’“Τi—Φjκ,{ω‚Ή‚Έ,‚Θ‚µ
ή“,Τγ‚Λ‚η‚Ά,•‘ –μ,χ’ηπ”Τ,132039,“‹“s,•‘ –μs,‹«‚T’–Ϊ,2019-11-30,19,’“Τi—Φjκ,{ω‚Ή‚Έ,‚ ‚θ
ή“,Τγ‚Λ‚η‚Ά,•‘ –μ,χ’ηπ”Τ,132039,“‹“s,•‘ –μs,χ’η‚Q’–Ϊ,2019-11-10,16,“ΉHγ,{ω‚Ή‚Έ,‚ ‚θ
ή“,Τγ‚Λ‚η‚Ά,•‘ –μ,O’J’Κ’“έ,132039,“‹“s,•‘ –μs,Ό‹v•Ϋ‚Q’–Ϊ,2019-09-07,12,’“Τi—Φjκ,{ω‚Ή‚Έ,‚ ‚θ
ή“,Τγ‚Λ‚η‚Ά,•‘ –μ,•‘ ‹«‰w“μϋπ”Τ,132039,“‹“s,•‘ –μs,‹«“μ’¬‚P’–Ϊ,2019-09-13,18,’“Τi—Φjκ,{ω‚Ή‚Έ,‚Θ‚µ
ή“,Τγ‚Λ‚η‚Ά,•‘ –μ,•‘ ‹«‰w“μϋπ”Τ,132039,“‹“s,•‘ –μs,‹«“μ’¬‚Q’–Ϊ,2019-04-05,18,’“Τi—Φjκ,{ω‚Ή‚Έ,‚Θ‚µ
ή“,Τγ‚Λ‚η‚Ά,•‘ –μ,•‘ ‹«‰w“μϋπ”Τ,132039,“‹“s,•‘ –μs,‹«“μ’¬‚Q’–Ϊ,2019-05-06,20,‚»‚Μ‘Ό,{ω‚Ή‚Έ,‚Θ‚µ
ή“,Τγ‚Λ‚η‚Ά,•‘ –μ,•‘ ‹«‰w“μϋπ”Τ,132039,“‹“s,•‘ –μs,‹«“μ’¬‚R’–Ϊ,2019-04-18,20,“ΉHγ,{ω‚Ή‚Έ,‚Θ‚µ
ή“,Τγ‚Λ‚η‚Ά,•‘ –μ,•‘ ‹«‰w“μϋπ”Τ,132039,“‹“s,•‘ –μs,‹«“μ’¬‚R’–Ϊ,2019-08-08,13,‚»‚Μ‘Ό,{ω‚Ή‚Έ,‚ ‚θ
ή“,Τγ‚Λ‚η‚Ά,•‘ –μ,•‘ ‹«‰w“μϋπ”Τ,132039,“‹“s,•‘ –μs,‹«‚Q’–Ϊ,2019-04-20,05,’“Τi—Φjκ,{ω‚Ή‚Έ,‚Θ‚µ
ή“,Τγ‚Λ‚η‚Ά,•‘ –μ,—Ξ’¬π”Τ,132039,“‹“s,•‘ –μs,’†’¬‚R’–Ϊ,2019-12-03,06,’“Τi—Φjκ,{ω‚Ή‚Έ,‚Θ‚µ
ή“,Τγ‚Λ‚η‚Ά,•‘ –μ,—Ξ’¬π”Τ,132039,“‹“s,•‘ –μs,—Ξ’¬‚P’–Ϊ,2019-07-28,14,’“Τi—Φjκ,{ω‚Ή‚Έ,‚ ‚θ
ή“,Τγ‚Λ‚η‚Ά,•‘ –μ,—Ξ’¬π”Τ,132039,“‹“s,•‘ –μs,—Ξ’¬‚P’–Ϊ,2019-11-05,22,’“Τi—Φjκ,{ω‚Ή‚Έ,‚Θ‚µ
ή“,Τγ‚Λ‚η‚Ά,O‘ι,O‘ι‰w‘Oπ”Τ,132047,“‹“s,O‘ιs,‰ΊA‚R’–Ϊ,2019-06-06,13,‚»‚Μ‘Ό,{ω‚Ή‚Έ,‚ ‚θ
ή“,Τγ‚Λ‚η‚Ά,O‘ι,O‘ι‰w‘Oπ”Τ,132047,“‹“s,O‘ιs,‰ΊA‚R’–Ϊ,2019-06-13,18,‚SK‚ΔΘγ‹¤“―Z‘ξ,{ω‚Ή‚Έ,‚Θ‚µ
ή“,Τγ‚Λ‚η‚Ά,O‘ι,O‘ι‰w‘Oπ”Τ,132047,“‹“s,O‘ιs,‰ΊA‚R’–Ϊ,2019-09-13,00,’“Τi—Φjκ,{ω‚Ή‚Έ,‚ ‚θ
ή“,Τγ‚Λ‚η‚Ά,O‘ι,O‘ι‰w‘Oπ”Τ,132047,“‹“s,O‘ιs,‰ΊA‚R’–Ϊ,2019-09-21,00,’“Τi—Φjκ,{ω‚Ή‚Έ,‚Θ‚µ
ή“,Τγ‚Λ‚η‚Ά,O‘ι,O‘ι‰w‘Oπ”Τ,132047,“‹“s,O‘ιs,‰ΊA‚R’–Ϊ,2019-11-26,10,’“Τi—Φjκ,{ω‚Ή‚Έ,‚Θ‚µ
ή“,Τγ‚Λ‚η‚Ά,O‘ι,O‘ι‰w‘Oπ”Τ,132047,“‹“s,O‘ιs,‰ΊA‚S’–Ϊ,2019-03-11,14,‚»‚Μ‘Ό,{ω‚Ή‚Έ,‚Θ‚µ
ή“,Τγ‚Λ‚η‚Ά,O‘ι,Ο‹v•Ϋπ”Τ,132047,“‹“s,O‘ιs,‰ΊA‚P’–Ϊ,2019-06-19,13,‚»‚Μ‘Ό,{ω‚Ή‚Έ,‚Θ‚µ
ή“,Τγ‚Λ‚η‚Ά,O‘ι,Ο‹v•Ϋπ”Τ,132047,“‹“s,O‘ιs,‰ΊA‚S’–Ϊ,2019-05-25,16,“ΉHγ,{ω‚Ή‚Έ,‚ ‚θ
ή“,Τγ‚Λ‚η‚Ά,O‘ι,“–μπ”Τ,132047,“‹“s,O‘ιs,δϋ‚S’–Ϊ,2019-03-24,17,’“Τi—Φjκ,{ω‚Ή‚Έ,‚Θ‚µ
ή“,Τγ‚Λ‚η‚Ά,O‘ι,‘ε‘ςπ”Τ,132047,“‹“s,O‘ιs,–μθ‚R’–Ϊ,2019-10-28,14,‚»‚Μ‘Ό,{ω‚Ή‚Έ,‚Θ‚µ
ή“,Τγ‚Λ‚η‚Ά,O‘ι,–μθπ”Τ,132047,“‹“s,O‘ιs,–μθ‚P’–Ϊ,2019-01-23,11,’“Τi—Φjκ,{ω‚Ή‚Έ,‚ ‚θ
ή“,Τγ‚Λ‚η‚Ά,O‘ι,–μθπ”Τ,132047,“‹“s,O‘ιs,–μθ‚P’–Ϊ,2019-07-01,10,‚»‚Μ‘Ό,{ω‚Ή‚Έ,‚Θ‚µ
ή“,Τγ‚Λ‚η‚Ά,O‘ι,’†εμπ”Τ,132047,“‹“s,O‘ιs,’†΄‚Q’–Ϊ,2019-02-26,02,‚»‚Μ‘Ό‚ΜZ‘ξi‚RK‚ΔΘ‰Ί‹¤“―Z‘ξ“™j,{ω‚Ή‚Έ,‚ ‚θ
ή“,Τγ‚Λ‚η‚Ά,O‘ι,’†εμπ”Τ,132047,“‹“s,O‘ιs,’†΄‚Q’–Ϊ,2019-12-14,16,‚»‚Μ‘Ό,{ω‚Ή‚Έ,‚ ‚θ
ή“,Τγ‚Λ‚η‚Ά,O‘ι,–•‹΄’“έ,132047,“‹“s,O‘ιs,‰ΊA‚Q’–Ϊ,2019-08-06,08,κΛZ‘ξ,{ω‚Ή‚Έ,‚ ‚θ
ή“,Τγ‚Λ‚η‚Ά,O‘ι,’†΄’“έ,132047,“‹“s,O‘ιs,’†΄‚R’–Ϊ,2019-04-29,00,‚»‚Μ‘Ό,{ω‚Ή‚Έ,‚Θ‚µ
ή“,Τγ‚Λ‚η‚Ά,O‘ι,–k–μ’“έ,132047,“‹“s,O‘ιs,–k–μ‚P’–Ϊ,2019-03-12,12,‚»‚Μ‘Ό,{ω‚Ή‚Έ,‚Θ‚µ
ή“,Τγ‚Λ‚η‚Ά,O‘ι,–k–μ’“έ,132047,“‹“s,O‘ιs,–k–μ‚S’–Ϊ,2019-03-20,08,κΛZ‘ξ,{ω‚Ή‚Έ,‚ ‚θ
ή“,Τγ‚Λ‚η‚Ά,O‘ι,γAπ”Τ,132047,“‹“s,O‘ιs,γA‚T’–Ϊ,2019-10-16,10,‚»‚Μ‘Ό,{ω‚Ή‚Έ,‚ ‚θ
ή“,Τγ‚Λ‚η‚Ά,O‘ι,γAπ”Τ,132047,“‹“s,O‘ιs,γA‚V’–Ϊ,2019-02-13,18,“ΉHγ,{ω‚Ή‚Έ,‚Θ‚µ
ή“,Τγ‚Λ‚η‚Ά,O‘ι,γAπ”Τ,132047,“‹“s,O‘ιs,γA‚W’–Ϊ,2019-02-07,21,‚»‚Μ‘Ό‚ΜZ‘ξi‚RK‚ΔΘ‰Ί‹¤“―Z‘ξ“™j,{ω‚Ή‚Έ,‚ ‚θ
ή“,Τγ‚Λ‚η‚Ά,O‘ι,γAπ”Τ,132047,“‹“s,O‘ιs,γA‚X’–Ϊ,2019-09-30,18,‚»‚Μ‘Ό,{ω‚Ή‚Έ,‚Θ‚µ
ή“,Τγ‚Λ‚η‚Ά,O‘ι,γAπ”Τ,132047,“‹“s,O‘ιs,‰ΊA‚S’–Ϊ,2019-04-16,20,‚SK‚ΔΘγ‹¤“―Z‘ξ,{ω‚Ή‚Έ,‚ ‚θ
ή“,Τγ‚Λ‚η‚Ά,’²•z,‰ΊΞ΄π”Τ,132080,“‹“s,’²•zs,‰ΊΞ΄‚P’–Ϊ,2019-01-16,17,’“Τi—Φjκ,{ω‚Ή‚Έ,‚Θ‚µ
ή“,Τγ‚Λ‚η‚Ά,’²•z,‰ΊΞ΄π”Τ,132080,“‹“s,’²•zs,‰ΊΞ΄‚P’–Ϊ,2019-01-17,19,’“Τi—Φjκ,{ω‚Ή‚Έ,‚Θ‚µ
ή“,Τγ‚Λ‚η‚Ά,’²•z,‰ΊΞ΄π”Τ,132080,“‹“s,’²•zs,’²•zƒP‹u‚R’–Ϊ,2019-11-19,13,’“Τi—Φjκ,{ω‚Ή‚Έ,‚Θ‚µ
ή“,Τγ‚Λ‚η‚Ά,’²•z,‚Β‚Β‚¶ƒP‹u‰w‘Oπ”Τ,132080,“‹“s,’²•zs,Ό‚Β‚Β‚¶ƒP‹u‚S’–Ϊ,2019-01-16,14,’“Τi—Φjκ,{ω‚Ή‚Έ,‚ ‚θ
ή“,Τγ‚Λ‚η‚Ά,’²•z,εμπ”Τ,132080,“‹“s,’²•zs,εμ’¬‚P’–Ϊ,2019-03-02,22,“ΉHγ,{ω‚Ή‚Έ,‚Θ‚µ
ή“,Τγ‚Λ‚η‚Ά,’²•z,εμπ”Τ,132080,“‹“s,’²•zs,εμ’¬‚Q’–Ϊ,2019-08-31,10,“ΉHγ,{ω‚Ή‚Έ,‚Θ‚µ
ή“,Τγ‚Λ‚η‚Ά,’²•z,εμπ”Τ,132080,“‹“s,’²•zs,εμ’¬‚Q’–Ϊ,2019-11-14,17,“ΉHγ,{ω‚Ή‚Έ,‚Θ‚µ
ή“,Τγ‚Λ‚η‚Ά,’²•z,εμπ”Τ,132080,“‹“s,’²•zs,—ΞƒP‹u‚P’–Ϊ,2019-08-28,14,“ΉHγ,{ω‚Ή‚Έ,‚Θ‚µ
ή“,Τγ‚Λ‚η‚Ά,’²•z,‹‰¤‘½–€μ‰w‘Oπ”Τ,132080,“‹“s,’²•zs,¬“‡’¬‚R’–Ϊ,2019-05-26,17,‚»‚Μ‘Ό,{ω‚Ή‚Έ,‚ ‚θ
ή“,Τγ‚Λ‚η‚Ά,’²•z,‘—Μπ”Τ,132080,“‹“s,’²•zs,‘—Μ’¬‚Q’–Ϊ,2019-02-06,15,’“Τi—Φjκ,{ω‚Ή‚Έ,‚Θ‚µ
ή“,Τγ‚Λ‚η‚Ά,’²•z,A•¨φ‰€‘O’“έ,132080,“‹“s,’²•zs,[‘ε›–k’¬‚U’–Ϊ,2019-08-05,11,‚»‚Μ‘Ό,{ω‚Ή‚Έ,‚Θ‚µ
ή“,Τγ‚Λ‚η‚Ά,’²•z,‹{‚Μγ’“έ,132080,“‹“s,’²•zs,Δθ‚Q’–Ϊ,2019-01-12,00,κΛZ‘ξ,{ω‚Ή‚Έ,‚ ‚θ
ή“,Τγ‚Λ‚η‚Ά,’²•z,’†aςπ”Τ,132195,“‹“s,]s,’†aς‚S’–Ϊ,2019-11-12,17,‚SK‚ΔΘγ‹¤“―Z‘ξ,{ω‚Ή‚Έ,‚Θ‚µ
ή“,Τγ‚Λ‚η‚Ά,’²•z,’†aςπ”Τ,132195,“‹“s,]s,’†aς‚T’–Ϊ,2019-12-25,17,‚»‚Μ‘Ό‚ΜZ‘ξi‚RK‚ΔΘ‰Ί‹¤“―Z‘ξ“™j,{ω‚Ή‚Έ,‚Θ‚µ
ή“,Τγ‚Λ‚η‚Ά,’²•z,]π”Τ,132195,“‹“s,]s,“aς‚P’–Ϊ,2019-02-24,12,’“Τi—Φjκ,{ω‚Ή‚Έ,‚Θ‚µ
ή“,Τγ‚Λ‚η‚Ά,’²•z,‘½–€μZ‘ξπ”Τ,132080,“‹“s,’²•zs,υ’n‚R’–Ϊ,2019-08-06,10,‚SK‚ΔΘγ‹¤“―Z‘ξ,{ω‚Ή‚Έ,‚ ‚θ
ή“,Τγ‚Λ‚η‚Ά,’²•z,’²•z‰w‘Oπ”Τ,132080,“‹“s,’²•zs,¬“‡’¬‚Q’–Ϊ,2019-08-22,15,κΛZ‘ξ,{ω‚Ή‚Έ,‚ ‚θ
ή“,Τγ‚Λ‚η‚Ά,’²•z,’²•z‰w‘Oπ”Τ,132080,“‹“s,’²•zs,¬“‡’¬‚Q’–Ϊ,2019-12-28,00,’“Τi—Φjκ,{ω‚Ή‚Έ,‚Θ‚µ
ή“,Τγ‚Λ‚η‚Ά,’²•z,’²•z‰w‘Oπ”Τ,132080,“‹“s,’²•zs,•z“c‚P’–Ϊ,2019-01-04,14,“ΉHγ,{ω‚Ή‚Έ,‚ ‚θ
ή“,Τγ‚Λ‚η‚Ά,’²•z,’²•z‰w‘Oπ”Τ,132080,“‹“s,’²•zs,•z“c‚S’–Ϊ,2019-03-06,07,’“Τi—Φjκ,{ω‚Ή‚Έ,‚Θ‚µ
ή“,Τγ‚Λ‚η‚Ά,’²•z,’²•z‰w‘Oπ”Τ,132080,“‹“s,’²•zs,•z“c‚S’–Ϊ,2019-11-06,18,’“Τi—Φjκ,{ω‚Ή‚Έ,‚ ‚θ
ή“,Τγ‚Λ‚η‚Ά,’²•z,”ς“c‹‹‰w‘Oπ”Τ,132080,“‹“s,’²•zs,”ς“c‹‹‚P’–Ϊ,2019-04-09,16,’“Τi—Φjκ,{ω‚Ή‚Έ,‚Θ‚µ
ή“,Τγ‚Λ‚η‚Ά,’²•z,”ς“c‹‹‰w‘Oπ”Τ,132080,“‹“s,’²•zs,Ό’¬,2019-11-01,08,’“Τi—Φjκ,{ω‚Ή‚Έ,‚ ‚θ
ή“,Τγ‚Λ‚η‚Ά,’²•z,”ς“c‹‹‰w‘Oπ”Τ,132080,“‹“s,’²•zs,Ό’¬,2019-11-30,13,‚»‚Μ‘Ό,{ω‚Ή‚Έ,‚Θ‚µ
ή“,Τγ‚Λ‚η‚Ά,’²•z,”ς“c‹‹‰w‘Oπ”Τ,132080,“‹“s,’²•zs,•xm©’¬‚S’–Ϊ,2019-11-06,13,‚»‚Μ‘Ό‚ΜZ‘ξi‚RK‚ΔΘ‰Ί‹¤“―Z‘ξ“™j,{ω‚Ή‚Έ,‚Θ‚µ
ή“,Τγ‚Λ‚η‚Ά,¬•½,‰Τ¬‹ΰδ‰w‘Oπ”Τ,132110,“‹“s,¬•½s,‰Τ¬‹ΰδ‚P’–Ϊ,2019-01-27,22,’“Τi—Φjκ,{ω‚Ή‚Έ,‚ ‚θ
ή“,Τγ‚Λ‚η‚Ά,¬•½,‰Τ¬‹ΰδ‰w‘Oπ”Τ,132110,“‹“s,¬•½s,‰Τ¬‹ΰδ‚P’–Ϊ,2019-06-13,08,‚SK‚ΔΘγ‹¤“―Z‘ξ,{ω‚Ή‚Έ,‚Θ‚µ
ή“,Τγ‚Λ‚η‚Ά,¬•½,‰Τ¬‹ΰδ‰w‘Oπ”Τ,132110,“‹“s,¬•½s,‰Τ¬‹ΰδ‚R’–Ϊ,2019-04-07,09,‚»‚Μ‘Ό,{ω‚Ή‚Έ,‚Θ‚µ
ή“,Τγ‚Λ‚η‚Ά,¬•½,¬•½‰w‘Oπ”Τ,132110,“‹“s,¬•½s,“V_’¬‚Q’–Ϊ,2019-01-11,19,’“Τi—Φjκ,{ω‚Ή‚Έ,‚Θ‚µ
ή“,Τγ‚Λ‚η‚Ά,¬•½,¬•½‰w‘Oπ”Τ,132110,“‹“s,¬•½s,“V_’¬‚Q’–Ϊ,2019-03-19,18,’“Τi—Φjκ,{ω‚Ή‚Έ,‚Θ‚µ
ή“,Τγ‚Λ‚η‚Ά,¬•½,¬•½‰w‘Oπ”Τ,132110,“‹“s,¬•½s,”ό‰€’¬‚P’–Ϊ,2019-07-05,22,“ΉHγ,{ω‚Ή‚Έ,‚ ‚θ
ή“,Τγ‚Λ‚η‚Ά,¬•½,¬•½‰w‘Oπ”Τ,132110,“‹“s,¬•½s,”ό‰€’¬‚P’–Ϊ,2019-08-12,19,‚»‚Μ‘Ό,{ω‚Ή‚Έ,‚Θ‚µ
ή“,Τγ‚Λ‚η‚Ά,¬•½,w‰€Ό’¬π”Τ,132110,“‹“s,¬•½s,w‰€“’¬‚P’–Ϊ,2019-05-26,20,“ΉHγ,{ω‚Ή‚Έ,‚Θ‚µ
ή“,Τγ‚Λ‚η‚Ά,¬•½,w‰€Ό’¬π”Τ,132110,“‹“s,¬•½s,γ…–{’¬‚S’–Ϊ,2019-10-22,06,’“Τi—Φjκ,{ω‚Ή‚Έ,‚ ‚θ
ή“,Τγ‚Λ‚η‚Ά,¬•½,‘ι‚Μ‘δ‰w‘Oπ”Τ,132110,“‹“s,¬•½s,¬μ’¬‚P’–Ϊ,2019-12-29,00,‚»‚Μ‘Ό,{ω‚Ή‚Έ,‚ ‚θ
ή“,Τγ‚Λ‚η‚Ά,¬•½,‘ι‚Μ‘δ‰w‘Oπ”Τ,132110,“‹“s,¬•½s,γ…V’¬‚R’–Ϊ,2019-04-25,15,“ΉHγ,{ω‚Ή‚Έ,‚ ‚θ
ή“,Τγ‚Λ‚η‚Ά,¬•½,‘ι‚Μ‘δ‰w‘Oπ”Τ,132110,“‹“s,¬•½s,γ…“μ’¬‚P’–Ϊ,2019-08-23,09,’“Τi—Φjκ,{ω‚Ή‚Έ,‚ ‚θ
ή“,Τγ‚Λ‚η‚Ά,¬•½,‘ι‚Μ‘δ‰w‘Oπ”Τ,132110,“‹“s,¬•½s,‚½‚©‚Μ‘δ,2019-03-07,20,“ΉHγ,{ω‚Ή‚Έ,‚ ‚θ
ή“,Τγ‚Λ‚η‚Ά,¬•½,‘ι‚Μ‘δ‰w‘Oπ”Τ,132110,“‹“s,¬•½s,’Γ“c’¬‚P’–Ϊ,2019-08-25,15,“ΉHγ,{ω‚Ή‚Έ,‚ ‚θ
ή“,Τγ‚Λ‚η‚Ά,¬•½,¬μ‰w‘Oπ”Τ,132110,“‹“s,¬•½s,¬μ“’¬‚T’–Ϊ,2019-03-23,10,‚»‚Μ‘Ό‚ΜZ‘ξi‚RK‚ΔΘ‰Ί‹¤“―Z‘ξ“™j,{ω‚Ή‚Έ,‚ ‚θ
ή“,Τγ‚Λ‚η‚Ά,¬•½,¬μ‰w‘Oπ”Τ,132110,“‹“s,¬•½s,¬μ’¬‚Q’–Ϊ,2019-10-14,17,’“Τi—Φjκ,{ω‚Ή‚Έ,‚Θ‚µ
ή“,Τγ‚Λ‚η‚Ά,¬•½,’‡’¬π”Τ,132110,“‹“s,¬•½s,w‰€“’¬,2019-01-18,11,“ΉHγ,{ω‚Ή‚Έ,‚Θ‚µ
ή“,Τγ‚Λ‚η‚Ά,¬•½,μ•½‹΄’“έ,132110,“‹“s,¬•½s,γ…“μ’¬‚R’–Ϊ,2019-09-04,20,‚»‚Μ‘Ό,{ω‚Ή‚Έ,‚Θ‚µ
ή“,Τγ‚Λ‚η‚Ά,¬•½,‘εΐ’¬π”Τ,132110,“‹“s,¬•½s,‰Τ¬‹ΰδ‚T’–Ϊ,2019-06-19,18,“ΉHγ,{ω‚Ή‚Έ,‚ ‚θ
ή“,Τγ‚Λ‚η‚Ά,¬•½,γhπ”Τ,132110,“‹“s,¬•½s,¬μ’¬‚P’–Ϊ,2019-04-12,11,“ΉHγ,{ω‚Ή‚Έ,‚ ‚θ
ή“,Τγ‚Λ‚η‚Ά,¬•½,γhπ”Τ,132110,“‹“s,¬•½s,¬μ’¬‚P’–Ϊ,2019-09-08,01,‚»‚Μ‘Ό‚ΜZ‘ξi‚RK‚ΔΘ‰Ί‹¤“―Z‘ξ“™j,{ω‚Ή‚Έ,‚ ‚θ
ή“,Τγ‚Λ‚η‚Ά,¬•½,γhπ”Τ,132110,“‹“s,¬•½s,‰h’¬‚Q’–Ϊ,2019-10-15,16,‚»‚Μ‘Ό,{ω‚Ή‚Έ,‚ ‚θ
ή“,Τγ‚Λ‚η‚Ά,¬•½,γhπ”Τ,132110,“‹“s,¬•½s,γ…–{’¬‚S’–Ϊ,2019-10-10,19,’“Τi—Φjκ,{ω‚Ή‚Έ,‚Θ‚µ
ή“,Τγ‚Λ‚η‚Ά,¬•½,γhπ”Τ,132110,“‹“s,¬•½s,’†“‡’¬,2019-06-07,19,’“Τi—Φjκ,{ω‚Ή‚Έ,‚ ‚θ
ή“,Τγ‚Λ‚η‚Ά,¬•½,γhπ”Τ,132110,“‹“s,¬•½s,’†“‡’¬,2019-10-05,18,’“Τi—Φjκ,{ω‚Ή‚Έ,‚Θ‚µ
ή“,Τγ‚Λ‚η‚Ά,‘ε“‡,έ’n,133612,“‹“s,‘ε“‡’¬,,2019-08-28,14,’“Τi—Φjκ,{ω‚Ή‚Έ,‚ ‚θ
ή“,Τγ‚Λ‚η‚Ά,”ªδ“‡,έ’n,134015,“‹“s,”ªδ’¬,Oª,2019-11-01,20,’“Τi—Φjκ,{ω‚Ή‚Έ,‚ ‚θ
