罪名,手口,管轄警察署（発生地）,管轄交番・駐在所（発生地）,市区町村コード（発生地）,都道府県（発生地）,市区町村（発生地）,町丁目（発生地）,発生年月日（始期）,発生時（始期）,発生場所,発生場所の詳細,施錠関係,現金被害の有無,name,latitude,longitude,police_office_name,police_office_latitude,police_office_longitude
窃盗,車上ねらい,中央,八重洲通交番,131024.0,東京都,中央区,八重洲１丁目,2022/7/9,11,道路上,その他,施錠せず,あり,中央区八重洲１丁目,35.682265,139.770922, 中央警察署 八重洲通交番,,
窃盗,車上ねらい,中央,八重洲通交番,131024.0,東京都,中央区,八重洲２丁目,2022/4/3,11,道路上,その他,施錠せず,あり,中央区八重洲２丁目,35.677927,139.768247, 中央警察署 八重洲通交番,,
窃盗,車上ねらい,中央,八重洲通交番,131024.0,東京都,中央区,八重洲２丁目,2022/4/3,13,駐車（輪）場,駐車（輪）場,施錠せず,なし,中央区八重洲２丁目,35.677927,139.768247, 中央警察署 八重洲通交番,,
窃盗,車上ねらい,中央,八重洲通交番,131024.0,東京都,中央区,八重洲２丁目,2022/10/18,22,道路上,その他,施錠せず,あり,中央区八重洲２丁目,35.677927,139.768247, 中央警察署 八重洲通交番,,
窃盗,車上ねらい,中央,日本橋交番,131024.0,東京都,中央区,日本橋２丁目,2022/1/3,14,道路上,その他,施錠せず,なし,中央区日本橋２丁目,35.681272,139.774266, 中央警察署 日本橋交番,35.68364415,139.77479895218778
窃盗,車上ねらい,中央,日本橋交番,131024.0,東京都,中央区,日本橋堀留町２丁目,2022/5/20,7,道路上,その他,施錠せず,あり,中央区日本橋堀留町２丁目,35.688584,139.781188, 中央警察署 日本橋交番,35.68364415,139.77479895218778
窃盗,車上ねらい,中央,日本橋交番,131024.0,東京都,中央区,日本橋本町１丁目,2022/3/16,8,道路上,その他,施錠せず,あり,中央区日本橋本町１丁目,35.685747,139.776872, 中央警察署 日本橋交番,35.68364415,139.77479895218778
窃盗,車上ねらい,中央,日本橋交番,131024.0,東京都,中央区,日本橋室町１丁目,2022/2/21,14,道路上,その他,施錠せず,あり,中央区日本橋室町１丁目,35.685403,139.774413, 中央警察署 日本橋交番,35.68364415,139.77479895218778
窃盗,車上ねらい,中央,本町交番,131024.0,東京都,中央区,日本橋小伝馬町,2022/5/20,7,道路上,その他,施錠せず,あり,中央区日本橋小伝馬町,35.691464,139.778699, 中央警察署 本町交番,35.690625,139.774905
窃盗,車上ねらい,中央,本町交番,131024.0,東京都,中央区,日本橋本町３丁目,2022/2/14,14,道路上,その他,施錠せず,あり,中央区日本橋本町３丁目,35.688895,139.77566, 中央警察署 本町交番,35.690625,139.774905
窃盗,車上ねらい,中央,本町交番,131024.0,東京都,中央区,日本橋本町４丁目,2022/1/12,15,道路上,その他,施錠せず,あり,中央区日本橋本町４丁目,35.690183,139.775106, 中央警察署 本町交番,35.690625,139.774905
窃盗,車上ねらい,中央,高橋交番,131024.0,東京都,中央区,新川２丁目,2022/4/7,1,道路上,その他,施錠せず,なし,中央区新川２丁目,35.674363,139.782664, 中央警察署 高橋交番,35.6745846,139.7806749
窃盗,車上ねらい,深川,住吉交番,131083.0,東京都,江東区,住吉２丁目,2022/8/28,19,道路上,その他,施錠せず,あり,江東区住吉２丁目,35.6884101,139.8163723, 深川警察署 住吉交番,35.6888427,139.815916
窃盗,車上ねらい,深川,千田交番,131083.0,東京都,江東区,千石３丁目,2022/3/12,18,駐車（輪）場,駐車（輪）場,施錠せず,なし,江東区千石３丁目,35.678053,139.818725, 深川警察署 千田交番,35.6806,139.815818
窃盗,車上ねらい,深川,東陽交番,131083.0,東京都,江東区,東陽４丁目,2021/12/30,12,その他,駐車（輪）場,施錠せず,あり,江東区東陽４丁目,35.671936,139.817849, 深川警察署 東陽交番,35.669157,139.812152
窃盗,車上ねらい,深川,東陽交番,131083.0,東京都,江東区,東陽４丁目,2022/11/18,19,その他,駐車（輪）場,施錠せず,なし,江東区東陽４丁目,35.671936,139.817849, 深川警察署 東陽交番,35.669157,139.812152
窃盗,車上ねらい,深川,東陽交番,131083.0,東京都,江東区,南砂２丁目,2022/11/30,12,その他,駐車（輪）場,施錠せず,なし,江東区南砂２丁目,35.672862,139.822903, 深川警察署 東陽交番,35.669157,139.812152
窃盗,車上ねらい,深川,枝川交番,131083.0,東京都,江東区,枝川１丁目,2022/11/11,12,その他の住宅（３階建て以下共同住宅等）,その他,施錠せず,あり,江東区枝川１丁目,35.656617,139.803432, 深川警察署 枝川交番,35.6582564,139.8025688
窃盗,車上ねらい,深川,森下交番,131083.0,東京都,江東区,白河４丁目,2022/6/24,18,その他,駐車（輪）場,施錠せず,なし,江東区白河４丁目,35.682886,139.808205, 深川警察署 森下交番,35.687988,139.800988
窃盗,車上ねらい,深川,森下交番,131083.0,東京都,江東区,森下３丁目,2022/11/17,16,その他,その他,施錠せず,あり,江東区森下３丁目,35.686279,139.801949, 深川警察署 森下交番,35.687988,139.800988
窃盗,車上ねらい,深川,森下交番,131083.0,東京都,江東区,森下３丁目,2022/11/28,16,その他,その他,施錠せず,あり,江東区森下３丁目,35.686279,139.801949, 深川警察署 森下交番,35.687988,139.800988
窃盗,車上ねらい,深川,森下交番,131083.0,東京都,江東区,森下４丁目,2021/11/11,7,道路上,その他,施錠せず,なし,江東区森下４丁目,35.686267,139.804854, 深川警察署 森下交番,35.687988,139.800988
窃盗,車上ねらい,深川,清澄庭園前交番,131083.0,東京都,江東区,平野２丁目,2022/3/9,18,その他,駐車（輪）場,施錠せず,なし,江東区平野２丁目,35.67761,139.802589, 深川警察署 清澄庭園前交番,35.6786139,139.7981005
窃盗,車上ねらい,深川,清澄庭園前交番,131083.0,東京都,江東区,平野２丁目,2022/8/8,13,その他,駐車（輪）場,施錠せず,なし,江東区平野２丁目,35.67761,139.802589, 深川警察署 清澄庭園前交番,35.6786139,139.7981005
窃盗,車上ねらい,深川,清澄庭園前交番,131083.0,東京都,江東区,深川１丁目,2022/7/1,12,その他,駐車（輪）場,施錠せず,なし,江東区深川１丁目,35.676523,139.795626, 深川警察署 清澄庭園前交番,35.6786139,139.7981005
窃盗,車上ねらい,深川,清澄庭園前交番,131083.0,東京都,江東区,深川１丁目,2022/10/23,11,道路上,その他,施錠せず,あり,江東区深川１丁目,35.676523,139.795626, 深川警察署 清澄庭園前交番,35.6786139,139.7981005
窃盗,車上ねらい,深川,現代美術館前交番,131083.0,東京都,江東区,白河２丁目,2022/7/23,1,道路上,その他,施錠せず,なし,江東区白河２丁目,35.682553,139.802297, 深川警察署 現代美術館前交番,,
窃盗,車上ねらい,深川,現代美術館前交番,131083.0,東京都,江東区,白河４丁目,2022/4/5,8,その他,その他,施錠せず,なし,江東区白河４丁目,35.682886,139.808205, 深川警察署 現代美術館前交番,,
窃盗,車上ねらい,深川,豊洲交番,131083.0,東京都,江東区,豊洲２丁目,2022/1/14,15,その他,その他,施錠した,あり,江東区豊洲２丁目,35.655271,139.792777, 深川警察署 豊洲交番,,
窃盗,車上ねらい,深川,門前仲町交番,131083.0,東京都,江東区,永代２丁目,2022/1/24,16,その他,駐車（輪）場,施錠せず,あり,江東区永代２丁目,35.673549,139.791586, 深川警察署 門前仲町交番,35.672684,139.794876
窃盗,車上ねらい,深川,門前仲町交番,131083.0,東京都,江東区,牡丹１丁目,2022/9/28,11,道路上,その他,施錠せず,あり,江東区牡丹１丁目,35.670547,139.793901, 深川警察署 門前仲町交番,35.672684,139.794876
窃盗,車上ねらい,深川,門前仲町交番,131083.0,東京都,江東区,門前仲町２丁目,2022/3/4,18,その他,駐車（輪）場,施錠せず,なし,江東区門前仲町２丁目,35.672524,139.795782, 深川警察署 門前仲町交番,35.672684,139.794876
窃盗,車上ねらい,深川,門前仲町交番,131083.0,東京都,江東区,門前仲町２丁目,2022/12/16,18,その他,駐車（輪）場,施錠せず,なし,江東区門前仲町２丁目,35.672524,139.795782, 深川警察署 門前仲町交番,35.672684,139.794876
窃盗,車上ねらい,麹町,市ケ谷見付交番,131016.0,東京都,千代田区,五番町,2022/11/10,11,駐車（輪）場,駐車（輪）場,施錠せず,なし,千代田区五番町,35.689685,139.733989, 麹町警察署 市ケ谷見付交番,35.6914785,139.7364224
窃盗,車上ねらい,丸の内,内幸町交番,131016.0,東京都,千代田区,霞が関１丁目,2022/5/17,11,その他,駐車（輪）場,施錠せず,あり,千代田区霞が関１丁目,35.673944,139.752558, 丸の内警察署 内幸町交番,35.6710568,139.75600955
窃盗,車上ねらい,丸の内,有楽町駅前交番,131016.0,東京都,千代田区,丸の内２丁目,2021/12/21,17,駐車（輪）場,駐車（輪）場,施錠せず,なし,千代田区丸の内２丁目,35.680022,139.763447, 丸の内警察署 有楽町駅前交番,35.673905,139.762572
窃盗,車上ねらい,丸の内,有楽町駅前交番,131016.0,東京都,千代田区,有楽町１丁目,2022/5/22,11,道路上,その他,施錠せず,なし,千代田区有楽町１丁目,35.674483,139.76055, 丸の内警察署 有楽町駅前交番,35.673905,139.762572
窃盗,車上ねらい,万世橋,岩本町交番,131016.0,東京都,千代田区,神田東松下町,2022/9/20,20,道路上,その他,施錠せず,なし,千代田区神田東松下町,35.6944834,139.7736525, 万世橋警察署 岩本町交番,35.6954079,139.77457479498068
窃盗,車上ねらい,万世橋,神田駅交番,131016.0,東京都,千代田区,内神田３丁目,2022/3/4,9,道路上,その他,施錠せず,あり,千代田区内神田３丁目,35.691019600000004,139.76970032237614, 万世橋警察署 神田駅交番,,
窃盗,車上ねらい,万世橋,神田駅交番,131016.0,東京都,千代田区,神田北乗物町,2022/3/17,8,道路上,その他,施錠せず,あり,千代田区神田北乗物町,35.692455,139.773897, 万世橋警察署 神田駅交番,,
窃盗,車上ねらい,万世橋,秋葉原交番,131016.0,東京都,千代田区,神田佐久間町１丁目,2022/2/3,19,その他,駐車（輪）場,施錠せず,あり,千代田区神田佐久間町１丁目,35.697979,139.774222, 万世橋警察署 秋葉原交番,,
窃盗,車上ねらい,万世橋,秋葉原交番,131016.0,東京都,千代田区,神田松永町,2022/12/12,11,道路上,その他,施錠せず,なし,千代田区神田松永町,35.70031,139.775293, 万世橋警察署 秋葉原交番,,
窃盗,車上ねらい,万世橋,秋葉原交番,131016.0,東京都,千代田区,外神田１丁目,2022/5/5,8,道路上,その他,施錠せず,なし,千代田区外神田１丁目,35.698406,139.770885, 万世橋警察署 秋葉原交番,,
窃盗,車上ねらい,万世橋,秋葉原交番,131016.0,東京都,千代田区,外神田２丁目,2022/8/27,1,道路上,その他,施錠せず,あり,千代田区外神田２丁目,35.700675,139.768552, 万世橋警察署 秋葉原交番,,
窃盗,車上ねらい,万世橋,秋葉原交番,131016.0,東京都,千代田区,外神田３丁目,2021/12/31,23,駐車（輪）場,駐車（輪）場,施錠せず,なし,千代田区外神田３丁目,35.701275,139.770496, 万世橋警察署 秋葉原交番,,
窃盗,車上ねらい,万世橋,秋葉原交番,131016.0,東京都,千代田区,外神田３丁目,2022/10/30,3,道路上,その他,施錠せず,なし,千代田区外神田３丁目,35.701275,139.770496, 万世橋警察署 秋葉原交番,,
窃盗,車上ねらい,万世橋,秋葉原交番,131016.0,東京都,千代田区,外神田４丁目,2022/6/16,19,その他,駐車（輪）場,施錠せず,なし,千代田区外神田４丁目,35.70143,139.77237, 万世橋警察署 秋葉原交番,,
窃盗,車上ねらい,万世橋,美倉橋交番,131016.0,東京都,千代田区,神田佐久間町２丁目,2022/3/9,13,駐車（輪）場,駐車（輪）場,施錠せず,あり,千代田区神田佐久間町２丁目,35.69806155,139.77618462153404, 万世橋警察署 美倉橋交番,35.6970293,139.7802289
窃盗,車上ねらい,久松,東日本橋交番,131024.0,東京都,中央区,日本橋浜町１丁目,2022/1/15,8,道路上,その他,施錠せず,あり,中央区日本橋浜町１丁目,35.690386,139.787383, 久松警察署 東日本橋交番,35.695671,139.784962
窃盗,車上ねらい,久松,東日本橋交番,131024.0,東京都,中央区,東日本橋２丁目,2022/4/9,12,道路上,その他,施錠せず,あり,中央区東日本橋２丁目,35.693487,139.786769, 久松警察署 東日本橋交番,35.695671,139.784962
窃盗,車上ねらい,久松,箱崎交番,131024.0,東京都,中央区,日本橋箱崎町,2022/7/6,19,４階建て以上共同住宅,駐車（輪）場,施錠せず,なし,中央区日本橋箱崎町,35.679924,139.786005, 久松警察署 箱崎交番,35.6811783,139.7869701
窃盗,車上ねらい,築地,小田原町交番,131024.0,東京都,中央区,築地２丁目,2022/11/20,10,その他,駐車（輪）場,施錠せず,なし,中央区築地２丁目,35.668618,139.772366, 築地警察署 小田原町交番,35.6652883,139.7721715
窃盗,車上ねらい,築地,数寄屋橋交番,131024.0,東京都,中央区,銀座３丁目,2022/1/21,10,道路上,その他,施錠せず,なし,中央区銀座３丁目,35.671967,139.767249, 築地警察署 数寄屋橋交番,35.6728435,139.7632935
窃盗,車上ねらい,築地,数寄屋橋交番,131024.0,東京都,中央区,銀座３丁目,2022/1/31,16,道路上,その他,施錠せず,なし,中央区銀座３丁目,35.671967,139.767249, 築地警察署 数寄屋橋交番,35.6728435,139.7632935
窃盗,車上ねらい,築地,数寄屋橋交番,131024.0,東京都,中央区,銀座３丁目,2022/5/18,10,道路上,その他,施錠せず,なし,中央区銀座３丁目,35.671967,139.767249, 築地警察署 数寄屋橋交番,35.6728435,139.7632935
窃盗,車上ねらい,築地,銀座一丁目交番,131024.0,東京都,中央区,銀座１丁目,2022/4/1,11,その他,駐車（輪）場,施錠せず,あり,中央区銀座１丁目,35.673632,139.770301, 築地警察署 銀座一丁目交番,35.6749591,139.7686817
窃盗,車上ねらい,築地,銀座八丁目交番,131024.0,東京都,中央区,銀座８丁目,2022/5/18,14,道路上,その他,施錠せず,なし,中央区銀座８丁目,35.666698,139.763463, 築地警察署 銀座八丁目交番,35.66788,139.76289
窃盗,車上ねらい,月島,佃交番,131024.0,東京都,中央区,佃１丁目,2022/7/11,11,道路上,その他,施錠せず,あり,中央区佃１丁目,35.668867,139.78335, 月島警察署 佃交番,35.6647209,139.7848658
窃盗,車上ねらい,月島,勝どき橋交番,131024.0,東京都,中央区,勝どき１丁目,2022/4/30,21,その他,駐車（輪）場,施錠せず,あり,中央区勝どき１丁目,35.660709,139.776476, 月島警察署 勝どき橋交番,35.6604606,139.7768646
窃盗,車上ねらい,月島,勝どき橋交番,131024.0,東京都,中央区,勝どき３丁目,2022/11/19,8,道路上,その他,施錠せず,なし,中央区勝どき３丁目,35.659457,139.773969, 月島警察署 勝どき橋交番,35.6604606,139.7768646
窃盗,車上ねらい,月島,勝どき橋交番,131024.0,東京都,中央区,豊海町,2022/2/7,18,その他,その他,施錠せず,あり,中央区豊海町,35.6533124,139.7693873, 月島警察署 勝どき橋交番,35.6604606,139.7768646
窃盗,車上ねらい,愛宕,東京タワー前交番,131032.0,東京都,港区,西新橋３丁目,2022/1/5,14,その他,駐車（輪）場,施錠せず,あり,港区西新橋３丁目,35.663287,139.751485, 愛宕警察署 東京タワー前交番,35.6586498,139.7468084
窃盗,車上ねらい,愛宕,浜松町交番,131032.0,東京都,港区,浜松町１丁目,2022/10/12,15,道路上,その他,施錠せず,なし,港区浜松町１丁目,35.6585962,139.7571015, 愛宕警察署 浜松町交番,35.653373349999995,139.7544692760219
窃盗,車上ねらい,三田,三田通交番,131032.0,東京都,港区,芝５丁目,2022/8/30,10,道路上,その他,施錠せず,あり,港区芝５丁目,35.647148,139.7469836, 三田警察署 三田通交番,,
窃盗,車上ねらい,三田,三田通交番,131032.0,東京都,港区,三田１丁目,2022/2/27,9,４階建て以上共同住宅,駐車（輪）場,施錠した,あり,港区三田１丁目,35.6537504,139.7416761, 三田警察署 三田通交番,,
窃盗,車上ねらい,三田,三田通交番,131032.0,東京都,港区,三田１丁目,2022/11/26,19,駐車（輪）場,駐車（輪）場,施錠せず,あり,港区三田１丁目,35.6537504,139.7416761, 三田警察署 三田通交番,,
窃盗,車上ねらい,三田,田町駅東口交番,131032.0,東京都,港区,芝浦１丁目,2022/5/23,9,道路上,その他,施錠せず,なし,港区芝浦１丁目,35.6488835,139.7558865, 三田警察署 田町駅東口交番,,
窃盗,車上ねらい,三田,田町駅東口交番,131032.0,東京都,港区,芝浦２丁目,2022/5/18,14,道路上,その他,施錠せず,あり,港区芝浦２丁目,35.6442496,139.7542798, 三田警察署 田町駅東口交番,,
窃盗,車上ねらい,三田,芝四丁目交番,131032.0,東京都,港区,芝２丁目,2022/2/4,13,道路上,その他,施錠せず,あり,港区芝２丁目,35.6513704,139.7518913, 三田警察署 芝四丁目交番,35.64908135,139.75267435004596
窃盗,車上ねらい,高輪,品川駅港南口交番,131032.0,東京都,港区,港南２丁目,2022/9/6,8,道路上,その他,施錠せず,あり,港区港南２丁目,35.6308434,139.7402894, 高輪警察署 品川駅港南口交番,,
窃盗,車上ねらい,高輪,品川駅港南口交番,131032.0,東京都,港区,港南２丁目,2022/10/6,21,その他,駐車（輪）場,施錠した,なし,港区港南２丁目,35.6308434,139.7402894, 高輪警察署 品川駅港南口交番,,
窃盗,車上ねらい,高輪,清正公前交番,131032.0,東京都,港区,白金２丁目,2022/2/2,10,４階建て以上共同住宅,駐車（輪）場,施錠した,あり,港区白金２丁目,35.6414519,139.7314985, 高輪警察署 清正公前交番,35.640741,139.73266
窃盗,車上ねらい,高輪,清正公前交番,131032.0,東京都,港区,高輪１丁目,2022/5/30,9,４階建て以上共同住宅,その他,施錠せず,なし,港区高輪１丁目,35.6405462,139.7355124, 高輪警察署 清正公前交番,35.640741,139.73266
窃盗,車上ねらい,高輪,白金三光町交番,131032.0,東京都,港区,白金２丁目,2022/5/18,0,４階建て以上共同住宅,駐車（輪）場,施錠せず,あり,港区白金２丁目,35.6414519,139.7314985, 高輪警察署 白金三光町交番,35.644574,139.725354
窃盗,車上ねらい,高輪,白金三光町交番,131032.0,東京都,港区,白金２丁目,2022/9/1,20,４階建て以上共同住宅,駐車（輪）場,施錠せず,あり,港区白金２丁目,35.6414519,139.7314985, 高輪警察署 白金三光町交番,35.644574,139.725354
窃盗,車上ねらい,麻布,六本木交番,131032.0,東京都,港区,六本木４丁目,2022/2/24,20,道路上,その他,施錠せず,あり,港区六本木４丁目,35.66309665,139.72745609946662, 麻布警察署 六本木交番,,
窃盗,車上ねらい,麻布,六本木六丁目交番,131032.0,東京都,港区,六本木６丁目,2021/12/24,17,その他,駐車（輪）場,施錠せず,あり,港区六本木６丁目,35.66309665,139.72745609946662, 麻布警察署 六本木六丁目交番,,
窃盗,車上ねらい,麻布,盛岡町交番,131032.0,東京都,港区,元麻布３丁目,2022/8/29,18,４階建て以上共同住宅,駐車（輪）場,施錠せず,あり,港区元麻布３丁目,35.6568255,139.7304082, 麻布警察署 盛岡町交番,35.654128,139.7262722
窃盗,車上ねらい,麻布,盛岡町交番,131032.0,東京都,港区,元麻布３丁目,2022/11/7,3,一戸建住宅,駐車（輪）場,施錠せず,あり,港区元麻布３丁目,35.6568255,139.7304082, 麻布警察署 盛岡町交番,35.654128,139.7262722
窃盗,車上ねらい,麻布,盛岡町交番,131032.0,東京都,港区,元麻布３丁目,2022/12/16,2,４階建て以上共同住宅,駐車（輪）場,施錠せず,あり,港区元麻布３丁目,35.6568255,139.7304082, 麻布警察署 盛岡町交番,35.654128,139.7262722
窃盗,車上ねらい,麻布,西麻布交番,131032.0,東京都,港区,西麻布１丁目,2022/4/27,3,４階建て以上共同住宅,駐車（輪）場,施錠せず,あり,港区西麻布１丁目,35.6611721,139.7258364, 麻布警察署 西麻布交番,35.659572,139.723771
窃盗,車上ねらい,麻布,西麻布交番,131032.0,東京都,港区,西麻布３丁目,2022/4/23,17,４階建て以上共同住宅,駐車（輪）場,施錠せず,あり,港区西麻布３丁目,35.657877,139.7259705, 麻布警察署 西麻布交番,35.659572,139.723771
窃盗,車上ねらい,麻布,西麻布交番,131032.0,東京都,港区,西麻布４丁目,2022/2/11,14,駐車（輪）場,駐車（輪）場,施錠した,あり,港区西麻布４丁目,35.6576798,139.7217339, 麻布警察署 西麻布交番,35.659572,139.723771
窃盗,車上ねらい,麻布,西麻布交番,131032.0,東京都,港区,西麻布４丁目,2022/9/26,15,一戸建住宅,駐車（輪）場,施錠せず,あり,港区西麻布４丁目,35.6576798,139.7217339, 麻布警察署 西麻布交番,35.659572,139.723771
窃盗,車上ねらい,赤坂,表参道交番,131032.0,東京都,港区,赤坂４丁目,2022/12/11,21,４階建て以上共同住宅,駐車（輪）場,施錠せず,あり,港区赤坂４丁目,35.6748892,139.7338629, 赤坂警察署 表参道交番,35.66546,139.712355
窃盗,車上ねらい,赤坂,表参道交番,131032.0,東京都,港区,南青山６丁目,2022/4/3,12,道路上,その他,施錠せず,なし,港区南青山６丁目,35.6607745,139.7165651, 赤坂警察署 表参道交番,35.66546,139.712355
窃盗,車上ねらい,赤坂,赤坂見附交番,131032.0,東京都,港区,赤坂３丁目,2022/6/11,0,道路上,その他,施錠せず,あり,港区赤坂３丁目,35.6756606,139.7375415, 赤坂警察署 赤坂見附交番,35.67768365,139.7366189
窃盗,車上ねらい,東京湾岸,お台場海浜公園駅前交番,131032.0,東京都,港区,台場１丁目,2022/7/20,20,道路上,その他,施錠せず,なし,港区台場１丁目,35.6308488,139.7783151, 東京湾岸警察署 お台場海浜公園駅前交番,,
窃盗,車上ねらい,東京湾岸,お台場海浜公園駅前交番,131032.0,東京都,港区,台場１丁目,2022/7/31,11,道路上,その他,施錠せず,なし,港区台場１丁目,35.6308488,139.7783151, 東京湾岸警察署 お台場海浜公園駅前交番,,
窃盗,車上ねらい,東京湾岸,お台場海浜公園駅前交番,131083.0,東京都,江東区,青海１丁目,2022/5/26,10,その他,駐車（輪）場,施錠せず,なし,江東区青海１丁目,35.625058,139.778725, 東京湾岸警察署 お台場海浜公園駅前交番,,
窃盗,車上ねらい,東京湾岸,お台場海浜公園駅前交番,131083.0,東京都,江東区,青海１丁目,2022/7/11,16,その他,駐車（輪）場,施錠せず,なし,江東区青海１丁目,35.625058,139.778725, 東京湾岸警察署 お台場海浜公園駅前交番,,
窃盗,車上ねらい,東京湾岸,お台場海浜公園駅前交番,131083.0,東京都,江東区,青海１丁目,2022/8/29,17,その他,駐車（輪）場,施錠せず,なし,江東区青海１丁目,35.625058,139.778725, 東京湾岸警察署 お台場海浜公園駅前交番,,
窃盗,車上ねらい,東京湾岸,お台場海浜公園駅前交番,131083.0,東京都,江東区,青海１丁目,2022/10/8,12,その他,駐車（輪）場,施錠せず,なし,江東区青海１丁目,35.625058,139.778725, 東京湾岸警察署 お台場海浜公園駅前交番,,
窃盗,車上ねらい,東京湾岸,お台場海浜公園駅前交番,131083.0,東京都,江東区,海の森２丁目,2022/7/6,16,駐車（輪）場,駐車（輪）場,施錠せず,なし,江東区海の森２丁目,35.6018868,139.7993946, 東京湾岸警察署 お台場海浜公園駅前交番,,
窃盗,車上ねらい,東京湾岸,大田市場前交番,131113.0,東京都,大田区,東海３丁目,2022/1/26,9,その他,その他,施錠せず,あり,大田区東海３丁目,35.5809566,139.7615808, 東京湾岸警察署 大田市場前交番,35.5786287,139.7578468
窃盗,車上ねらい,東京湾岸,大田市場前交番,131113.0,東京都,大田区,東海５丁目,2022/2/5,21,その他,駐車（輪）場,施錠せず,なし,大田区東海５丁目,35.5920811,139.7719663, 東京湾岸警察署 大田市場前交番,35.5786287,139.7578468
窃盗,車上ねらい,東京湾岸,大田市場前交番,131113.0,東京都,大田区,東海５丁目,2022/7/22,13,その他,その他,施錠せず,なし,大田区東海５丁目,35.5920811,139.7719663, 東京湾岸警察署 大田市場前交番,35.5786287,139.7578468
窃盗,車上ねらい,東京湾岸,新木場駅前交番,131083.0,東京都,江東区,新木場３丁目,2022/8/26,13,その他,駐車（輪）場,施錠した,なし,江東区新木場３丁目,35.635637,139.835057, 東京湾岸警察署 新木場駅前交番,35.6457077,139.8259728
窃盗,車上ねらい,東京湾岸,第五台場交番,131091.0,東京都,品川区,八潮３丁目,2022/12/24,3,その他,その他,施錠せず,なし,品川区八潮３丁目,35.5983276,139.7596496, 東京湾岸警察署 第五台場交番,35.632323,139.7552577
窃盗,車上ねらい,東京湾岸,辰巳交番,131083.0,東京都,江東区,辰巳１丁目,2022/12/14,8,駐車（輪）場,駐車（輪）場,施錠せず,なし,江東区辰巳１丁目,35.648179,139.809024, 東京湾岸警察署 辰巳交番,35.649427,139.8116273
窃盗,車上ねらい,東京湾岸,都橋交番,131083.0,東京都,江東区,有明１丁目,2022/12/18,14,４階建て以上共同住宅,駐車（輪）場,施錠せず,なし,江東区有明１丁目,35.640906,139.789578, 東京湾岸警察署 都橋交番,,
窃盗,車上ねらい,東京湾岸,都橋交番,131083.0,東京都,江東区,有明３丁目,2022/1/22,10,その他,駐車（輪）場,施錠せず,なし,江東区有明３丁目,35.629417,139.796671, 東京湾岸警察署 都橋交番,,
窃盗,車上ねらい,東京湾岸,都橋交番,131083.0,東京都,江東区,有明３丁目,2022/10/30,10,駐車（輪）場,駐車（輪）場,施錠せず,なし,江東区有明３丁目,35.629417,139.796671, 東京湾岸警察署 都橋交番,,
窃盗,車上ねらい,東京湾岸,都橋交番,131083.0,東京都,江東区,有明４丁目,2022/5/20,22,駐車（輪）場,駐車（輪）場,施錠せず,なし,江東区有明４丁目,35.620798,139.792118, 東京湾岸警察署 都橋交番,,
窃盗,車上ねらい,東京湾岸,都橋交番,131083.0,東京都,江東区,東雲１丁目,2021/12/28,14,道路上,その他,施錠せず,なし,江東区東雲１丁目,35.648418,139.801826, 東京湾岸警察署 都橋交番,,
窃盗,車上ねらい,東京湾岸,都橋交番,131083.0,東京都,江東区,東雲１丁目,2022/7/25,7,４階建て以上共同住宅,駐車（輪）場,施錠せず,なし,江東区東雲１丁目,35.648418,139.801826, 東京湾岸警察署 都橋交番,,
窃盗,車上ねらい,東京湾岸,都橋交番,131083.0,東京都,江東区,東雲１丁目,2022/9/12,20,４階建て以上共同住宅,駐車（輪）場,施錠せず,なし,江東区東雲１丁目,35.648418,139.801826, 東京湾岸警察署 都橋交番,,
窃盗,車上ねらい,品川,台場交番,131091.0,東京都,品川区,東品川１丁目,2021/12/10,17,道路上,その他,施錠せず,あり,品川区東品川１丁目,35.6206661,139.7456149, 品川警察署 台場交番,35.6208548,139.7421468
窃盗,車上ねらい,品川,青物横丁駅前交番,131091.0,東京都,品川区,南品川３丁目,2022/10/8,1,道路上,その他,施錠せず,あり,品川区南品川３丁目,35.6087868,139.7439037, 品川警察署 青物横丁駅前交番,,
窃盗,車上ねらい,大井,八潮団地交番,131091.0,東京都,品川区,八潮５丁目,2022/2/15,17,道路上,その他,施錠せず,あり,品川区八潮５丁目,35.6012413,139.7525901, 大井警察署 八潮団地交番,,
窃盗,車上ねらい,大井,八潮団地交番,131091.0,東京都,品川区,八潮５丁目,2022/5/8,17,その他,その他,施錠せず,なし,品川区八潮５丁目,35.6012413,139.7525901, 大井警察署 八潮団地交番,,
窃盗,車上ねらい,大井,南大井交番,131091.0,東京都,品川区,南大井２丁目,2022/4/7,22,駐車（輪）場,駐車（輪）場,施錠した,なし,品川区南大井２丁目,35.5908924,139.7369716, 大井警察署 南大井交番,35.5903612,139.733432
窃盗,車上ねらい,大井,南大井交番,131091.0,東京都,品川区,南大井３丁目,2022/4/7,16,駐車（輪）場,駐車（輪）場,施錠した,なし,品川区南大井３丁目,35.5901443,139.7347172, 大井警察署 南大井交番,35.5903612,139.733432
窃盗,車上ねらい,大井,南大井交番,131091.0,東京都,品川区,南大井４丁目,2022/5/11,20,駐車（輪）場,駐車（輪）場,施錠した,あり,品川区南大井４丁目,35.5962121,139.7361495, 大井警察署 南大井交番,35.5903612,139.733432
窃盗,車上ねらい,大井,南大井交番,131091.0,東京都,品川区,南大井４丁目,2022/5/21,20,駐車（輪）場,駐車（輪）場,施錠した,なし,品川区南大井４丁目,35.5962121,139.7361495, 大井警察署 南大井交番,35.5903612,139.733432
窃盗,車上ねらい,大井,南大井交番,131091.0,東京都,品川区,南大井６丁目,2022/3/26,18,道路上,その他,施錠せず,なし,品川区南大井６丁目,35.5905478,139.7318083, 大井警察署 南大井交番,35.5903612,139.733432
窃盗,車上ねらい,大井,大井町駅前交番,131091.0,東京都,品川区,大井１丁目,2022/9/16,9,４階建て以上共同住宅,駐車（輪）場,施錠せず,なし,品川区大井１丁目,35.6058897,139.7328798, 大井警察署 大井町駅前交番,35.606158,139.734639
窃盗,車上ねらい,大井,大井町駅前交番,131091.0,東京都,品川区,東大井５丁目,2022/11/3,4,道路上,その他,施錠せず,あり,品川区東大井５丁目,35.6064611,139.7370252, 大井警察署 大井町駅前交番,35.606158,139.734639
窃盗,車上ねらい,大井,立会川交番,131091.0,東京都,品川区,東大井３丁目,2022/5/15,9,その他の住宅（３階建て以下共同住宅等）,その他,施錠せず,なし,品川区東大井３丁目,35.601756,139.7381142, 大井警察署 立会川交番,35.596924,139.73757827778093
窃盗,車上ねらい,大井,立会川交番,131091.0,東京都,品川区,東大井３丁目,2022/8/1,8,道路上,その他,施錠せず,なし,品川区東大井３丁目,35.601756,139.7381142, 大井警察署 立会川交番,35.596924,139.73757827778093
窃盗,車上ねらい,大井,鹿島神社前交番,131091.0,東京都,品川区,大井４丁目,2022/3/15,20,道路上,その他,施錠せず,あり,品川区大井４丁目,35.6014719,139.7329549, 大井警察署 鹿島神社前交番,35.5966472,139.7296458
窃盗,車上ねらい,大崎,中原口交番,131091.0,東京都,品川区,西五反田７丁目,2022/3/26,14,道路上,その他,施錠せず,なし,品川区西五反田７丁目,35.621593,139.7197466, 大崎警察署 中原口交番,35.6221107,139.7198999
窃盗,車上ねらい,大崎,五反田駅前交番,131091.0,東京都,品川区,西五反田１丁目,2022/10/26,0,４階建て以上共同住宅,その他,施錠せず,なし,品川区西五反田１丁目,35.6245841,139.7232038, 大崎警察署 五反田駅前交番,,
窃盗,車上ねらい,大崎,五反田駅前交番,131091.0,東京都,品川区,西五反田２丁目,2022/6/20,17,道路上,その他,施錠せず,なし,品川区西五反田２丁目,35.6264319,139.721628, 大崎警察署 五反田駅前交番,,
窃盗,車上ねらい,大崎,五反田駅前交番,131091.0,東京都,品川区,西五反田２丁目,2022/10/19,11,道路上,その他,施錠せず,なし,品川区西五反田２丁目,35.6264319,139.721628, 大崎警察署 五反田駅前交番,,
窃盗,車上ねらい,大崎,五反田駅前交番,131091.0,東京都,品川区,東五反田２丁目,2022/3/16,9,その他,駐車（輪）場,施錠せず,なし,品川区東五反田２丁目,35.624256,139.7288378, 大崎警察署 五反田駅前交番,,
窃盗,車上ねらい,大崎,大崎駅前交番,131091.0,東京都,品川区,大崎１丁目,2022/10/18,9,道路上,その他,施錠せず,あり,品川区大崎１丁目,35.6203151,139.7299844, 大崎警察署 大崎駅前交番,35.6193896,139.7294355
窃盗,車上ねらい,大崎,大崎駅前交番,131091.0,東京都,品川区,大崎１丁目,2022/11/2,11,その他,駐車（輪）場,施錠せず,なし,品川区大崎１丁目,35.6203151,139.7299844, 大崎警察署 大崎駅前交番,35.6193896,139.7294355
窃盗,車上ねらい,大崎,目黒駅前交番,131091.0,東京都,品川区,上大崎４丁目,2022/6/27,20,４階建て以上共同住宅,その他,施錠せず,あり,品川区上大崎４丁目,35.6311071,139.7156882, 大崎警察署 目黒駅前交番,35.6339446,139.7160222
窃盗,車上ねらい,大崎,西五反田交番,131091.0,東京都,品川区,西五反田２丁目,2022/2/19,16,その他,駐車（輪）場,施錠せず,なし,品川区西五反田２丁目,35.6264319,139.721628, 大崎警察署 西五反田交番,35.6276288,139.7139904
窃盗,車上ねらい,大崎,西五反田交番,131091.0,東京都,品川区,西五反田４丁目,2022/5/31,13,道路上,その他,施錠せず,なし,品川区西五反田４丁目,35.6260732,139.7109689, 大崎警察署 西五反田交番,35.6276288,139.7139904
窃盗,車上ねらい,大崎,長者丸駐在所,131091.0,東京都,品川区,上大崎２丁目,2022/7/10,20,４階建て以上共同住宅,駐車（輪）場,施錠せず,なし,品川区上大崎２丁目,35.6364089,139.7156815, 大崎警察署 長者丸駐在所,35.639662,139.7161374
窃盗,車上ねらい,荏原,平塚橋交番,131091.0,東京都,品川区,荏原１丁目,2022/5/20,11,道路上,その他,施錠せず,あり,品川区荏原１丁目,35.6200001,139.7137584, 荏原警察署 平塚橋交番,35.6152025,139.7090036
窃盗,車上ねらい,荏原,平塚橋交番,131091.0,東京都,品川区,荏原３丁目,2022/5/31,10,道路上,その他,施錠せず,なし,品川区荏原３丁目,35.6179799,139.7074136, 荏原警察署 平塚橋交番,35.6152025,139.7090036
窃盗,車上ねらい,荏原,平塚橋交番,131091.0,東京都,品川区,平塚２丁目,2022/12/19,16,道路上,その他,施錠せず,あり,品川区平塚２丁目,35.6167916,139.7137651, 荏原警察署 平塚橋交番,35.6152025,139.7090036
窃盗,車上ねらい,荏原,旗の台交番,131091.0,東京都,品川区,旗の台６丁目,2022/1/29,13,道路上,その他,施錠せず,あり,品川区旗の台６丁目,35.6068078,139.6989472, 荏原警察署 旗の台交番,35.6053369,139.7000221
窃盗,車上ねらい,荏原,武蔵小山交番,131091.0,東京都,品川区,小山３丁目,2022/8/11,15,道路上,その他,施錠せず,あり,品川区小山３丁目,35.6198463,139.7054905, 荏原警察署 武蔵小山交番,35.6196516,139.7029386
窃盗,車上ねらい,荏原,武蔵小山交番,131091.0,東京都,品川区,小山３丁目,2022/11/20,15,４階建て以上共同住宅,駐車（輪）場,施錠せず,なし,品川区小山３丁目,35.6198463,139.7054905, 荏原警察署 武蔵小山交番,35.6196516,139.7029386
窃盗,車上ねらい,荏原,武蔵小山交番,131091.0,東京都,品川区,小山台２丁目,2022/10/29,16,その他,その他,施錠せず,なし,品川区小山台２丁目,35.6242244,139.7012848, 荏原警察署 武蔵小山交番,35.6196516,139.7029386
窃盗,車上ねらい,荏原,江戸見坂交番,131091.0,東京都,品川区,小山６丁目,2022/4/15,16,その他の住宅（３階建て以下共同住宅等）,駐車（輪）場,施錠せず,あり,品川区小山６丁目,35.614066,139.6986119, 荏原警察署 江戸見坂交番,35.6122273,139.700573
窃盗,車上ねらい,荏原,源氏前交番,131091.0,東京都,品川区,中延６丁目,2022/5/18,22,駐車（輪）場,駐車（輪）場,施錠せず,なし,品川区中延６丁目,35.6023045,139.7117011, 荏原警察署 源氏前交番,35.6019323,139.7127704
窃盗,車上ねらい,荏原,荏原中延駅前交番,131091.0,東京都,品川区,中延４丁目,2022/5/25,11,４階建て以上共同住宅,駐車（輪）場,施錠せず,なし,品川区中延４丁目,35.6051526,139.7111875, 荏原警察署 荏原中延駅前交番,35.6098639,139.7117903
窃盗,車上ねらい,荏原,豊町交番,131091.0,東京都,品川区,豊町５丁目,2022/3/4,9,一戸建住宅,駐車（輪）場,施錠せず,あり,品川区豊町５丁目,35.6056814,139.7195734, 荏原警察署 豊町交番,35.6065606,139.7180903
窃盗,車上ねらい,大森,大森海岸交番,131113.0,東京都,大田区,大森北３丁目,2022/3/1,不明,駐車（輪）場,駐車（輪）場,施錠した,なし,大田区大森北３丁目,35.5827476,139.7331628, 大森警察署 大森海岸交番,35.5816547,139.7367127
窃盗,車上ねらい,大森,大森海岸交番,131113.0,東京都,大田区,大森北３丁目,2022/4/21,14,駐車（輪）場,駐車（輪）場,施錠した,なし,大田区大森北３丁目,35.5827476,139.7331628, 大森警察署 大森海岸交番,35.5816547,139.7367127
窃盗,車上ねらい,大森,大森海岸交番,131113.0,東京都,大田区,大森北３丁目,2022/4/26,20,駐車（輪）場,駐車（輪）場,施錠した,あり,大田区大森北３丁目,35.5827476,139.7331628, 大森警察署 大森海岸交番,35.5816547,139.7367127
窃盗,車上ねらい,大森,大森海岸交番,131113.0,東京都,大田区,大森北３丁目,2022/4/30,17,その他,駐車（輪）場,施錠した,あり,大田区大森北３丁目,35.5827476,139.7331628, 大森警察署 大森海岸交番,35.5816547,139.7367127
窃盗,車上ねらい,大森,大森海岸交番,131113.0,東京都,大田区,大森北３丁目,2022/5/9,20,駐車（輪）場,駐車（輪）場,施錠した,なし,大田区大森北３丁目,35.5827476,139.7331628, 大森警察署 大森海岸交番,35.5816547,139.7367127
窃盗,車上ねらい,大森,大森海岸交番,131113.0,東京都,大田区,大森北３丁目,2022/5/10,23,駐車（輪）場,駐車（輪）場,施錠した,なし,大田区大森北３丁目,35.5827476,139.7331628, 大森警察署 大森海岸交番,35.5816547,139.7367127
窃盗,車上ねらい,大森,大森海岸交番,131113.0,東京都,大田区,大森北３丁目,2022/5/23,20,駐車（輪）場,駐車（輪）場,施錠した,なし,大田区大森北３丁目,35.5827476,139.7331628, 大森警察署 大森海岸交番,35.5816547,139.7367127
窃盗,車上ねらい,大森,大森海岸交番,131113.0,東京都,大田区,大森北６丁目,2022/3/1,不明,駐車（輪）場,駐車（輪）場,施錠した,なし,大田区大森北６丁目,35.5794307,139.7326358, 大森警察署 大森海岸交番,35.5816547,139.7367127
窃盗,車上ねらい,大森,大森海岸交番,131113.0,東京都,大田区,大森本町２丁目,2022/4/25,16,駐車（輪）場,駐車（輪）場,施錠した,なし,大田区大森本町２丁目,35.5793413,139.7380511, 大森警察署 大森海岸交番,35.5816547,139.7367127
窃盗,車上ねらい,大森,大森海岸交番,131113.0,東京都,大田区,大森本町２丁目,2022/4/25,17,４階建て以上共同住宅,駐車（輪）場,施錠した,あり,大田区大森本町２丁目,35.5793413,139.7380511, 大森警察署 大森海岸交番,35.5816547,139.7367127
窃盗,車上ねらい,大森,大森西交番,131113.0,東京都,大田区,大森西１丁目,2022/5/2,18,その他,駐車（輪）場,施錠した,なし,大田区大森西１丁目,35.5775863,139.7248064, 大森警察署 大森西交番,35.56984625,139.7234714109598
窃盗,車上ねらい,大森,大森西交番,131113.0,東京都,大田区,大森西１丁目,2022/5/3,20,一戸建住宅,駐車（輪）場,施錠せず,あり,大田区大森西１丁目,35.5775863,139.7248064, 大森警察署 大森西交番,35.56984625,139.7234714109598
窃盗,車上ねらい,大森,大森西交番,131113.0,東京都,大田区,大森西２丁目,2022/5/1,21,その他の住宅（３階建て以下共同住宅等）,その他,施錠した,あり,大田区大森西２丁目,35.5772208,139.7308977, 大森警察署 大森西交番,35.56984625,139.7234714109598
窃盗,車上ねらい,大森,大森西交番,131113.0,東京都,大田区,大森西２丁目,2022/5/2,13,駐車（輪）場,駐車（輪）場,施錠した,なし,大田区大森西２丁目,35.5772208,139.7308977, 大森警察署 大森西交番,35.56984625,139.7234714109598
窃盗,車上ねらい,大森,大森西交番,131113.0,東京都,大田区,大森西２丁目,2022/5/10,17,駐車（輪）場,駐車（輪）場,施錠した,なし,大田区大森西２丁目,35.5772208,139.7308977, 大森警察署 大森西交番,35.56984625,139.7234714109598
窃盗,車上ねらい,大森,大森西交番,131113.0,東京都,大田区,大森西２丁目,2022/5/10,20,駐車（輪）場,駐車（輪）場,施錠した,あり,大田区大森西２丁目,35.5772208,139.7308977, 大森警察署 大森西交番,35.56984625,139.7234714109598
窃盗,車上ねらい,大森,大森西交番,131113.0,東京都,大田区,大森西２丁目,2022/5/11,不明,駐車（輪）場,駐車（輪）場,施錠した,なし,大田区大森西２丁目,35.5772208,139.7308977, 大森警察署 大森西交番,35.56984625,139.7234714109598
窃盗,車上ねらい,大森,大森西交番,131113.0,東京都,大田区,大森西２丁目,2022/5/12,17,駐車（輪）場,駐車（輪）場,施錠した,あり,大田区大森西２丁目,35.5772208,139.7308977, 大森警察署 大森西交番,35.56984625,139.7234714109598
窃盗,車上ねらい,大森,大森西交番,131113.0,東京都,大田区,大森西２丁目,2022/5/17,13,その他の住宅（３階建て以下共同住宅等）,駐車（輪）場,施錠した,なし,大田区大森西２丁目,35.5772208,139.7308977, 大森警察署 大森西交番,35.56984625,139.7234714109598
窃盗,車上ねらい,大森,大森西交番,131113.0,東京都,大田区,大森西３丁目,2022/4/26,20,駐車（輪）場,駐車（輪）場,施錠した,なし,大田区大森西３丁目,35.5734358,139.7295043, 大森警察署 大森西交番,35.56984625,139.7234714109598
窃盗,車上ねらい,大森,大森西交番,131113.0,東京都,大田区,大森西４丁目,2022/5/31,9,駐車（輪）場,駐車（輪）場,施錠せず,あり,大田区大森西４丁目,35.5727061,139.7226338, 大森警察署 大森西交番,35.56984625,139.7234714109598
窃盗,車上ねらい,大森,大森西交番,131113.0,東京都,大田区,大森西５丁目,2022/4/8,19,その他,駐車（輪）場,施錠せず,なし,大田区大森西５丁目,35.5707404,139.7280103, 大森警察署 大森西交番,35.56984625,139.7234714109598
窃盗,車上ねらい,大森,大森西交番,131113.0,東京都,大田区,大森西７丁目,2022/4/20,17,駐車（輪）場,駐車（輪）場,施錠した,なし,大田区大森西７丁目,35.5699451,139.7217058, 大森警察署 大森西交番,35.56984625,139.7234714109598
窃盗,車上ねらい,大森,大森駅前交番,131113.0,東京都,大田区,大森北１丁目,2021/12/29,13,道路上,その他,施錠せず,あり,大田区大森北１丁目,35.5872258,139.7296974, 大森警察署 大森駅前交番,35.588659,139.7286341
窃盗,車上ねらい,大森,大森駅前交番,131113.0,東京都,大田区,大森北１丁目,2022/5/30,9,駐車（輪）場,駐車（輪）場,施錠した,なし,大田区大森北１丁目,35.5872258,139.7296974, 大森警察署 大森駅前交番,35.588659,139.7286341
窃盗,車上ねらい,大森,大森駅前交番,131113.0,東京都,大田区,大森北２丁目,2022/5/1,4,その他,駐車（輪）場,施錠せず,あり,大田区大森北２丁目,35.5857142,139.7337918, 大森警察署 大森駅前交番,35.588659,139.7286341
窃盗,車上ねらい,大森,大森駅前交番,131113.0,東京都,大田区,大森北２丁目,2022/6/5,14,その他,その他,施錠せず,なし,大田区大森北２丁目,35.5857142,139.7337918, 大森警察署 大森駅前交番,35.588659,139.7286341
窃盗,車上ねらい,大森,大森駅前交番,131113.0,東京都,大田区,大森北３丁目,2022/4/1,不明,駐車（輪）場,駐車（輪）場,施錠した,あり,大田区大森北３丁目,35.5827476,139.7331628, 大森警察署 大森駅前交番,35.588659,139.7286341
窃盗,車上ねらい,大森,大森駅前交番,131113.0,東京都,大田区,大森北３丁目,2022/4/24,16,駐車（輪）場,駐車（輪）場,施錠した,なし,大田区大森北３丁目,35.5827476,139.7331628, 大森警察署 大森駅前交番,35.588659,139.7286341
窃盗,車上ねらい,大森,大森駅前交番,131113.0,東京都,大田区,大森北３丁目,2022/5/11,不明,駐車（輪）場,駐車（輪）場,施錠した,なし,大田区大森北３丁目,35.5827476,139.7331628, 大森警察署 大森駅前交番,35.588659,139.7286341
窃盗,車上ねらい,大森,大森駅前交番,131113.0,東京都,大田区,大森北４丁目,2022/5/1,12,一戸建住宅,駐車（輪）場,施錠した,なし,大田区大森北４丁目,35.5833856,139.7276844, 大森警察署 大森駅前交番,35.588659,139.7286341
窃盗,車上ねらい,大森,大森駅前交番,131113.0,東京都,大田区,大森北４丁目,2022/5/23,20,一戸建住宅,駐車（輪）場,施錠した,なし,大田区大森北４丁目,35.5833856,139.7276844, 大森警察署 大森駅前交番,35.588659,139.7286341
窃盗,車上ねらい,大森,山王交番,131113.0,東京都,大田区,山王１丁目,2022/3/3,23,４階建て以上共同住宅,駐車（輪）場,施錠せず,なし,大田区山王１丁目,35.5923516,139.7253925, 大森警察署 山王交番,35.59114,139.7261355
窃盗,車上ねらい,大森,山王交番,131113.0,東京都,大田区,山王１丁目,2022/5/13,18,その他,駐車（輪）場,施錠せず,あり,大田区山王１丁目,35.5923516,139.7253925, 大森警察署 山王交番,35.59114,139.7261355
窃盗,車上ねらい,大森,山王交番,131113.0,東京都,大田区,山王２丁目,2022/3/12,21,道路上,その他,施錠せず,なし,大田区山王２丁目,35.5892009,139.7253817, 大森警察署 山王交番,35.59114,139.7261355
窃盗,車上ねらい,大森,山王交番,131113.0,東京都,大田区,山王２丁目,2022/4/28,18,駐車（輪）場,駐車（輪）場,施錠した,なし,大田区山王２丁目,35.5892009,139.7253817, 大森警察署 山王交番,35.59114,139.7261355
窃盗,車上ねらい,大森,春日橋交番,131113.0,東京都,大田区,中央３丁目,2022/10/29,13,駐車（輪）場,駐車（輪）場,施錠せず,あり,大田区中央３丁目,35.5764388,139.7194849, 大森警察署 春日橋交番,35.5810944,139.7217032
窃盗,車上ねらい,大森,森ケ崎交番,131113.0,東京都,大田区,大森東２丁目,2022/4/20,15,駐車（輪）場,駐車（輪）場,施錠した,なし,大田区大森東２丁目,35.5733485,139.7365384, 大森警察署 森ケ崎交番,35.5636528,139.7443903363457
窃盗,車上ねらい,大森,森ケ崎交番,131113.0,東京都,大田区,大森東２丁目,2022/4/25,19,一戸建住宅,その他,施錠した,なし,大田区大森東２丁目,35.5733485,139.7365384, 大森警察署 森ケ崎交番,35.5636528,139.7443903363457
窃盗,車上ねらい,大森,森ケ崎交番,131113.0,東京都,大田区,大森東２丁目,2022/4/25,20,一戸建住宅,駐車（輪）場,施錠した,なし,大田区大森東２丁目,35.5733485,139.7365384, 大森警察署 森ケ崎交番,35.5636528,139.7443903363457
窃盗,車上ねらい,大森,森ケ崎交番,131113.0,東京都,大田区,大森東２丁目,2022/5/2,17,駐車（輪）場,駐車（輪）場,施錠した,なし,大田区大森東２丁目,35.5733485,139.7365384, 大森警察署 森ケ崎交番,35.5636528,139.7443903363457
窃盗,車上ねらい,大森,森ケ崎交番,131113.0,東京都,大田区,大森東２丁目,2022/5/3,21,一戸建住宅,その他,施錠した,なし,大田区大森東２丁目,35.5733485,139.7365384, 大森警察署 森ケ崎交番,35.5636528,139.7443903363457
窃盗,車上ねらい,大森,森ケ崎交番,131113.0,東京都,大田区,大森東２丁目,2022/5/13,15,一戸建住宅,その他,施錠した,あり,大田区大森東２丁目,35.5733485,139.7365384, 大森警察署 森ケ崎交番,35.5636528,139.7443903363457
窃盗,車上ねらい,大森,森ケ崎交番,131113.0,東京都,大田区,大森東３丁目,2022/4/1,不明,駐車（輪）場,駐車（輪）場,施錠した,あり,大田区大森東３丁目,35.5718399,139.7404423, 大森警察署 森ケ崎交番,35.5636528,139.7443903363457
窃盗,車上ねらい,大森,森ケ崎交番,131113.0,東京都,大田区,大森東３丁目,2022/4/6,13,駐車（輪）場,駐車（輪）場,施錠した,なし,大田区大森東３丁目,35.5718399,139.7404423, 大森警察署 森ケ崎交番,35.5636528,139.7443903363457
窃盗,車上ねらい,大森,森ケ崎交番,131113.0,東京都,大田区,大森東４丁目,2022/1/10,11,一戸建住宅,その他,施錠せず,あり,大田区大森東４丁目,35.5674896,139.7383797, 大森警察署 森ケ崎交番,35.5636528,139.7443903363457
窃盗,車上ねらい,大森,森ケ崎交番,131113.0,東京都,大田区,大森東４丁目,2022/4/18,22,駐車（輪）場,駐車（輪）場,施錠した,なし,大田区大森東４丁目,35.5674896,139.7383797, 大森警察署 森ケ崎交番,35.5636528,139.7443903363457
窃盗,車上ねらい,大森,森ケ崎交番,131113.0,東京都,大田区,大森東４丁目,2022/4/23,17,その他の住宅（３階建て以下共同住宅等）,駐車（輪）場,施錠せず,あり,大田区大森東４丁目,35.5674896,139.7383797, 大森警察署 森ケ崎交番,35.5636528,139.7443903363457
窃盗,車上ねらい,大森,森ケ崎交番,131113.0,東京都,大田区,大森東５丁目,2022/4/3,22,その他の住宅（３階建て以下共同住宅等）,駐車（輪）場,施錠した,なし,大田区大森東５丁目,35.5691499,139.7433136, 大森警察署 森ケ崎交番,35.5636528,139.7443903363457
窃盗,車上ねらい,大森,森ケ崎交番,131113.0,東京都,大田区,大森東５丁目,2022/4/16,11,その他の住宅（３階建て以下共同住宅等）,駐車（輪）場,施錠した,なし,大田区大森東５丁目,35.5691499,139.7433136, 大森警察署 森ケ崎交番,35.5636528,139.7443903363457
窃盗,車上ねらい,大森,森ケ崎交番,131113.0,東京都,大田区,大森東５丁目,2022/4/18,7,その他,駐車（輪）場,施錠した,あり,大田区大森東５丁目,35.5691499,139.7433136, 大森警察署 森ケ崎交番,35.5636528,139.7443903363457
窃盗,車上ねらい,大森,森ケ崎交番,131113.0,東京都,大田区,大森東５丁目,2022/4/29,21,その他の住宅（３階建て以下共同住宅等）,駐車（輪）場,施錠した,なし,大田区大森東５丁目,35.5691499,139.7433136, 大森警察署 森ケ崎交番,35.5636528,139.7443903363457
窃盗,車上ねらい,大森,森ケ崎交番,131113.0,東京都,大田区,大森東５丁目,2022/4/30,0,駐車（輪）場,駐車（輪）場,施錠した,あり,大田区大森東５丁目,35.5691499,139.7433136, 大森警察署 森ケ崎交番,35.5636528,139.7443903363457
窃盗,車上ねらい,大森,森ケ崎交番,131113.0,東京都,大田区,大森南２丁目,2022/3/1,不明,その他,駐車（輪）場,施錠した,なし,大田区大森南２丁目,35.5624942,139.7437254, 大森警察署 森ケ崎交番,35.5636528,139.7443903363457
窃盗,車上ねらい,大森,谷戸交番,131113.0,東京都,大田区,大森中１丁目,2022/5/5,18,駐車（輪）場,駐車（輪）場,施錠した,あり,大田区大森中１丁目,35.5711102,139.7339071, 大森警察署 谷戸交番,35.5689439,139.7297196
窃盗,車上ねらい,大森,谷戸交番,131113.0,東京都,大田区,大森中２丁目,2022/3/1,不明,駐車（輪）場,駐車（輪）場,施錠した,なし,大田区大森中２丁目,35.5674546,139.7328544, 大森警察署 谷戸交番,35.5689439,139.7297196
窃盗,車上ねらい,大森,谷戸交番,131113.0,東京都,大田区,大森中２丁目,2022/5/13,22,駐車（輪）場,駐車（輪）場,施錠した,なし,大田区大森中２丁目,35.5674546,139.7328544, 大森警察署 谷戸交番,35.5689439,139.7297196
窃盗,車上ねらい,大森,谷戸交番,131113.0,東京都,大田区,大森中２丁目,2022/5/15,18,駐車（輪）場,駐車（輪）場,施錠した,あり,大田区大森中２丁目,35.5674546,139.7328544, 大森警察署 谷戸交番,35.5689439,139.7297196
窃盗,車上ねらい,大森,谷戸交番,131113.0,東京都,大田区,大森中２丁目,2022/5/17,18,駐車（輪）場,駐車（輪）場,施錠した,あり,大田区大森中２丁目,35.5674546,139.7328544, 大森警察署 谷戸交番,35.5689439,139.7297196
窃盗,車上ねらい,大森,谷戸交番,131113.0,東京都,大田区,大森中３丁目,2022/5/16,17,駐車（輪）場,駐車（輪）場,施錠した,なし,大田区大森中３丁目,35.5645594,139.7326465, 大森警察署 谷戸交番,35.5689439,139.7297196
窃盗,車上ねらい,大森,谷戸交番,131113.0,東京都,大田区,大森西３丁目,2022/3/1,不明,駐車（輪）場,駐車（輪）場,施錠した,なし,大田区大森西３丁目,35.5734358,139.7295043, 大森警察署 谷戸交番,35.5689439,139.7297196
窃盗,車上ねらい,大森,谷戸交番,131113.0,東京都,大田区,大森西３丁目,2022/4/24,18,駐車（輪）場,駐車（輪）場,施錠した,なし,大田区大森西３丁目,35.5734358,139.7295043, 大森警察署 谷戸交番,35.5689439,139.7297196
窃盗,車上ねらい,大森,谷戸交番,131113.0,東京都,大田区,大森西３丁目,2022/9/26,18,４階建て以上共同住宅,駐車（輪）場,施錠せず,なし,大田区大森西３丁目,35.5734358,139.7295043, 大森警察署 谷戸交番,35.5689439,139.7297196
窃盗,車上ねらい,大森,谷戸交番,131113.0,東京都,大田区,大森西５丁目,2022/4/24,18,その他の住宅（３階建て以下共同住宅等）,駐車（輪）場,施錠した,あり,大田区大森西５丁目,35.5707404,139.7280103, 大森警察署 谷戸交番,35.5689439,139.7297196
窃盗,車上ねらい,大森,谷戸交番,131113.0,東京都,大田区,大森西５丁目,2022/4/29,17,駐車（輪）場,駐車（輪）場,施錠した,なし,大田区大森西５丁目,35.5707404,139.7280103, 大森警察署 谷戸交番,35.5689439,139.7297196
窃盗,車上ねらい,大森,谷戸交番,131113.0,東京都,大田区,大森西５丁目,2022/5/5,21,駐車（輪）場,駐車（輪）場,施錠した,なし,大田区大森西５丁目,35.5707404,139.7280103, 大森警察署 谷戸交番,35.5689439,139.7297196
窃盗,車上ねらい,大森,谷戸交番,131113.0,東京都,大田区,大森西６丁目,2022/1/25,11,道路上,その他,施錠せず,なし,大田区大森西６丁目,35.5686372,139.726869, 大森警察署 谷戸交番,35.5689439,139.7297196
窃盗,車上ねらい,大森,,131113.0,東京都,大田区,,2022/4/9,15,駐車（輪）場,駐車（輪）場,施錠した,あり,大田区nan,35.58442075,139.7817069294486, 大森警察署 nan,,
窃盗,車上ねらい,田園調布,丸子橋交番,131113.0,東京都,大田区,田園調布本町,2022/8/9,20,その他,その他,施錠せず,なし,大田区田園調布本町,35.5859956,139.676426, 田園調布警察署 丸子橋交番,35.5860576,139.6699667
窃盗,車上ねらい,田園調布,丸子橋交番,131113.0,東京都,大田区,田園調布本町,2022/8/25,18,その他,その他,施錠せず,なし,大田区田園調布本町,35.5859956,139.676426, 田園調布警察署 丸子橋交番,35.5860576,139.6699667
窃盗,車上ねらい,田園調布,丸子橋交番,131113.0,東京都,大田区,田園調布南,2022/2/21,15,その他,駐車（輪）場,施錠せず,なし,大田区田園調布南,35.5801473,139.6744359, 田園調布警察署 丸子橋交番,35.5860576,139.6699667
窃盗,車上ねらい,田園調布,丸子橋交番,131113.0,東京都,大田区,田園調布南,2022/6/26,15,その他,その他,施錠せず,なし,大田区田園調布南,35.5801473,139.6744359, 田園調布警察署 丸子橋交番,35.5860576,139.6699667
窃盗,車上ねらい,田園調布,丸子橋交番,131113.0,東京都,大田区,田園調布南,2022/12/14,20,一戸建住宅,駐車（輪）場,施錠せず,あり,大田区田園調布南,35.5801473,139.6744359, 田園調布警察署 丸子橋交番,35.5860576,139.6699667
窃盗,車上ねらい,田園調布,嶺駐在所,131113.0,東京都,大田区,北嶺町,2022/4/5,8,道路上,その他,施錠せず,なし,大田区北嶺町,35.5863707,139.6825629, 田園調布警察署 嶺駐在所,35.585751,139.6811789
窃盗,車上ねらい,田園調布,嶺駐在所,131113.0,東京都,大田区,北嶺町,2022/5/27,18,道路上,その他,施錠せず,あり,大田区北嶺町,35.5863707,139.6825629, 田園調布警察署 嶺駐在所,35.585751,139.6811789
窃盗,車上ねらい,田園調布,嶺駐在所,131113.0,東京都,大田区,北嶺町,2022/9/21,14,道路上,その他,施錠せず,なし,大田区北嶺町,35.5863707,139.6825629, 田園調布警察署 嶺駐在所,35.585751,139.6811789
窃盗,車上ねらい,田園調布,嶺駐在所,131113.0,東京都,大田区,北嶺町,2022/12/14,15,その他,駐車（輪）場,施錠せず,なし,大田区北嶺町,35.5863707,139.6825629, 田園調布警察署 嶺駐在所,35.585751,139.6811789
窃盗,車上ねらい,田園調布,嶺駐在所,131113.0,東京都,大田区,東嶺町,2022/9/10,9,道路上,その他,施錠せず,なし,大田区東嶺町,35.5826603,139.6843922, 田園調布警察署 嶺駐在所,35.585751,139.6811789
窃盗,車上ねらい,田園調布,嶺駐在所,131113.0,東京都,大田区,東嶺町,2022/11/5,12,道路上,その他,施錠せず,なし,大田区東嶺町,35.5826603,139.6843922, 田園調布警察署 嶺駐在所,35.585751,139.6811789
窃盗,車上ねらい,田園調布,田園調布駅前交番,131113.0,東京都,大田区,田園調布本町,2022/10/7,10,その他,駐車（輪）場,施錠せず,なし,大田区田園調布本町,35.5859956,139.676426, 田園調布警察署 田園調布駅前交番,35.5974837,139.6671722
窃盗,車上ねらい,田園調布,鵜の木駅前交番,131113.0,東京都,大田区,鵜の木２丁目,2022/5/14,10,その他,駐車（輪）場,施錠せず,なし,大田区鵜の木２丁目,35.5739916,139.6781594, 田園調布警察署 鵜の木駅前交番,35.575387,139.681445
窃盗,車上ねらい,田園調布,鵜の木駅前交番,131113.0,東京都,大田区,南久が原２丁目,2022/1/24,15,その他,駐車（輪）場,施錠せず,なし,大田区南久が原２丁目,35.5766275,139.6853994, 田園調布警察署 鵜の木駅前交番,35.575387,139.681445
窃盗,車上ねらい,田園調布,鵜の木駅前交番,131113.0,東京都,大田区,南久が原２丁目,2022/1/28,14,その他,駐車（輪）場,施錠せず,なし,大田区南久が原２丁目,35.5766275,139.6853994, 田園調布警察署 鵜の木駅前交番,35.575387,139.681445
窃盗,車上ねらい,田園調布,鵜の木駅前交番,131113.0,東京都,大田区,南久が原２丁目,2022/2/25,18,その他,駐車（輪）場,施錠せず,なし,大田区南久が原２丁目,35.5766275,139.6853994, 田園調布警察署 鵜の木駅前交番,35.575387,139.681445
窃盗,車上ねらい,田園調布,鵜の木駅前交番,131113.0,東京都,大田区,南久が原２丁目,2022/7/3,20,道路上,その他,施錠せず,なし,大田区南久が原２丁目,35.5766275,139.6853994, 田園調布警察署 鵜の木駅前交番,35.575387,139.681445
窃盗,車上ねらい,田園調布,鵜の木駅前交番,131113.0,東京都,大田区,南久が原２丁目,2022/9/17,9,道路上,その他,施錠せず,なし,大田区南久が原２丁目,35.5766275,139.6853994, 田園調布警察署 鵜の木駅前交番,35.575387,139.681445
窃盗,車上ねらい,田園調布,鵜の木駅前交番,131113.0,東京都,大田区,南久が原２丁目,2022/10/3,20,道路上,その他,施錠せず,なし,大田区南久が原２丁目,35.5766275,139.6853994, 田園調布警察署 鵜の木駅前交番,35.575387,139.681445
窃盗,車上ねらい,田園調布,鵜の木駅前交番,131113.0,東京都,大田区,南久が原２丁目,2022/12/19,17,駐車（輪）場,駐車（輪）場,施錠せず,なし,大田区南久が原２丁目,35.5766275,139.6853994, 田園調布警察署 鵜の木駅前交番,35.575387,139.681445
窃盗,車上ねらい,蒲田,京急蒲田駅前交番,131113.0,東京都,大田区,東蒲田１丁目,2022/5/20,19,４階建て以上共同住宅,駐車（輪）場,施錠した,なし,大田区東蒲田１丁目,35.564963,139.7295392, 蒲田警察署 京急蒲田駅前交番,35.5613565,139.7241575
窃盗,車上ねらい,蒲田,京急蒲田駅前交番,131113.0,東京都,大田区,東蒲田２丁目,2022/5/23,10,一戸建住宅,駐車（輪）場,施錠した,なし,大田区東蒲田２丁目,35.5618091,139.7280009, 蒲田警察署 京急蒲田駅前交番,35.5613565,139.7241575
窃盗,車上ねらい,蒲田,京急蒲田駅前交番,131113.0,東京都,大田区,南蒲田１丁目,2022/11/19,7,道路上,その他,施錠せず,あり,大田区南蒲田１丁目,35.5586703,139.7256392, 蒲田警察署 京急蒲田駅前交番,35.5613565,139.7241575
窃盗,車上ねらい,蒲田,京急蒲田駅前交番,131113.0,東京都,大田区,南蒲田１丁目,2022/12/8,19,その他,駐車（輪）場,施錠せず,あり,大田区南蒲田１丁目,35.5586703,139.7256392, 蒲田警察署 京急蒲田駅前交番,35.5613565,139.7241575
窃盗,車上ねらい,蒲田,北糀谷交番,131113.0,東京都,大田区,大森南１丁目,2022/6/11,8,一戸建住宅,その他,施錠せず,あり,大田区大森南１丁目,35.563535,139.7388411, 蒲田警察署 北糀谷交番,35.5612656,139.7379121
窃盗,車上ねらい,蒲田,北糀谷交番,131113.0,東京都,大田区,北糀谷１丁目,2022/2/12,14,その他,その他,施錠せず,なし,大田区北糀谷１丁目,35.5632099,139.7357243, 蒲田警察署 北糀谷交番,35.5612656,139.7379121
窃盗,車上ねらい,蒲田,北糀谷交番,131113.0,東京都,大田区,北糀谷１丁目,2022/4/15,9,駐車（輪）場,駐車（輪）場,施錠した,なし,大田区北糀谷１丁目,35.5632099,139.7357243, 蒲田警察署 北糀谷交番,35.5612656,139.7379121
窃盗,車上ねらい,蒲田,北糀谷交番,131113.0,東京都,大田区,北糀谷１丁目,2022/4/19,18,駐車（輪）場,駐車（輪）場,施錠した,あり,大田区北糀谷１丁目,35.5632099,139.7357243, 蒲田警察署 北糀谷交番,35.5612656,139.7379121
窃盗,車上ねらい,蒲田,北糀谷交番,131113.0,東京都,大田区,北糀谷２丁目,2022/4/13,18,駐車（輪）場,駐車（輪）場,施錠した,あり,大田区北糀谷２丁目,35.5623818,139.7330555, 蒲田警察署 北糀谷交番,35.5612656,139.7379121
窃盗,車上ねらい,蒲田,北糀谷交番,131113.0,東京都,大田区,北糀谷２丁目,2022/4/18,2,駐車（輪）場,駐車（輪）場,施錠せず,なし,大田区北糀谷２丁目,35.5623818,139.7330555, 蒲田警察署 北糀谷交番,35.5612656,139.7379121
窃盗,車上ねらい,蒲田,大鳥居交番,131113.0,東京都,大田区,西糀谷３丁目,2022/4/18,13,道路上,その他,施錠せず,なし,大田区西糀谷３丁目,35.5547043,139.7369581, 蒲田警察署 大鳥居交番,35.55216325,139.74082654388621
窃盗,車上ねらい,蒲田,大鳥居交番,131113.0,東京都,大田区,萩中３丁目,2021/12/30,15,道路上,その他,施錠せず,なし,大田区萩中３丁目,35.5510826,139.73711506940447, 蒲田警察署 大鳥居交番,35.55216325,139.74082654388621
窃盗,車上ねらい,蒲田,大鳥居交番,131113.0,東京都,大田区,萩中３丁目,2022/4/13,16,駐車（輪）場,駐車（輪）場,施錠した,あり,大田区萩中３丁目,35.5510826,139.73711506940447, 蒲田警察署 大鳥居交番,35.55216325,139.74082654388621
窃盗,車上ねらい,蒲田,大鳥居交番,131113.0,東京都,大田区,羽田５丁目,2022/5/6,20,駐車（輪）場,駐車（輪）場,施錠せず,あり,大田区羽田５丁目,35.549156,139.750453, 蒲田警察署 大鳥居交番,35.55216325,139.74082654388621
窃盗,車上ねらい,蒲田,日の出通交番,131113.0,東京都,大田区,西糀谷１丁目,2022/5/11,21,駐車（輪）場,駐車（輪）場,施錠した,なし,大田区西糀谷１丁目,35.558679,139.7306925, 蒲田警察署 日の出通交番,,
窃盗,車上ねらい,蒲田,日の出通交番,131113.0,東京都,大田区,西糀谷１丁目,2022/9/8,17,道路上,その他,施錠せず,なし,大田区西糀谷１丁目,35.558679,139.7306925, 蒲田警察署 日の出通交番,,
窃盗,車上ねらい,蒲田,日の出通交番,131113.0,東京都,大田区,西糀谷４丁目,2022/6/9,22,道路上,その他,施錠せず,あり,大田区西糀谷４丁目,35.5549236,139.7309165, 蒲田警察署 日の出通交番,,
窃盗,車上ねらい,蒲田,日の出通交番,131113.0,東京都,大田区,西糀谷４丁目,2022/7/26,8,駐車（輪）場,駐車（輪）場,施錠せず,あり,大田区西糀谷４丁目,35.5549236,139.7309165, 蒲田警察署 日の出通交番,,
窃盗,車上ねらい,蒲田,日の出通交番,131113.0,東京都,大田区,西糀谷４丁目,2022/9/27,10,駐車（輪）場,駐車（輪）場,施錠せず,あり,大田区西糀谷４丁目,35.5549236,139.7309165, 蒲田警察署 日の出通交番,,
窃盗,車上ねらい,蒲田,日の出通交番,131113.0,東京都,大田区,萩中２丁目,2022/11/4,6,その他,駐車（輪）場,施錠せず,あり,大田区萩中２丁目,35.551567250000005,139.73158930857593, 蒲田警察署 日の出通交番,,
窃盗,車上ねらい,蒲田,日の出通交番,131113.0,東京都,大田区,南蒲田２丁目,2022/4/27,17,駐車（輪）場,駐車（輪）場,施錠した,あり,大田区南蒲田２丁目,35.5554299,139.723016, 蒲田警察署 日の出通交番,,
窃盗,車上ねらい,蒲田,日の出通交番,131113.0,東京都,大田区,南蒲田２丁目,2022/5/13,19,駐車（輪）場,駐車（輪）場,施錠した,あり,大田区南蒲田２丁目,35.5554299,139.723016, 蒲田警察署 日の出通交番,,
窃盗,車上ねらい,蒲田,日の出通交番,131113.0,東京都,大田区,南蒲田３丁目,2022/1/28,不明,駐車（輪）場,駐車（輪）場,施錠した,なし,大田区南蒲田３丁目,35.5542624,139.7270688, 蒲田警察署 日の出通交番,,
窃盗,車上ねらい,蒲田,本羽田交番,131113.0,東京都,大田区,萩中１丁目,2022/3/31,14,その他,駐車（輪）場,施錠せず,なし,大田区萩中１丁目,35.55121455,139.7259028782741, 蒲田警察署 本羽田交番,35.5482983,139.7297345
窃盗,車上ねらい,蒲田,本羽田交番,131113.0,東京都,大田区,萩中１丁目,2022/4/23,21,４階建て以上共同住宅,その他,施錠した,あり,大田区萩中１丁目,35.55121455,139.7259028782741, 蒲田警察署 本羽田交番,35.5482983,139.7297345
窃盗,車上ねらい,蒲田,本羽田交番,131113.0,東京都,大田区,萩中１丁目,2022/10/30,16,その他,駐車（輪）場,施錠せず,あり,大田区萩中１丁目,35.55121455,139.7259028782741, 蒲田警察署 本羽田交番,35.5482983,139.7297345
窃盗,車上ねらい,蒲田,本羽田交番,131113.0,東京都,大田区,萩中２丁目,2022/7/19,16,道路上,その他,施錠せず,あり,大田区萩中２丁目,35.551567250000005,139.73158930857593, 蒲田警察署 本羽田交番,35.5482983,139.7297345
窃盗,車上ねらい,蒲田,本羽田交番,131113.0,東京都,大田区,本羽田１丁目,2022/3/4,13,道路上,その他,施錠せず,あり,大田区本羽田１丁目,35.546668249999996,139.7279890059889, 蒲田警察署 本羽田交番,35.5482983,139.7297345
窃盗,車上ねらい,蒲田,本羽田交番,131113.0,東京都,大田区,本羽田１丁目,2022/4/16,21,駐車（輪）場,駐車（輪）場,施錠した,あり,大田区本羽田１丁目,35.546668249999996,139.7279890059889, 蒲田警察署 本羽田交番,35.5482983,139.7297345
窃盗,車上ねらい,蒲田,東六郷交番,131113.0,東京都,大田区,東六郷３丁目,2022/5/17,16,道路上,その他,施錠せず,なし,大田区東六郷３丁目,35.5418767,139.7111942, 蒲田警察署 東六郷交番,35.5456479,139.7131334
窃盗,車上ねらい,蒲田,東六郷交番,131113.0,東京都,大田区,南六郷１丁目,2022/5/22,13,４階建て以上共同住宅,駐車（輪）場,施錠せず,あり,大田区南六郷１丁目,35.5472989,139.7240326, 蒲田警察署 東六郷交番,35.5456479,139.7131334
窃盗,車上ねらい,蒲田,蒲田駅東口交番,131113.0,東京都,大田区,蒲田５丁目,2022/6/12,19,道路上,その他,施錠せず,なし,大田区蒲田５丁目,35.5618058,139.7189189, 蒲田警察署 蒲田駅東口交番,35.562722,139.716692
窃盗,車上ねらい,蒲田,蒲田駅西口交番,131113.0,東京都,大田区,西蒲田７丁目,2022/9/8,19,道路上,その他,施錠せず,なし,大田区西蒲田７丁目,35.5629644,139.7128102, 蒲田警察署 蒲田駅西口交番,35.562417,139.715525
窃盗,車上ねらい,蒲田,蒲田駅西口交番,131113.0,東京都,大田区,西蒲田８丁目,2022/8/24,12,駐車（輪）場,駐車（輪）場,施錠せず,あり,大田区西蒲田８丁目,35.5605097,139.7124857, 蒲田警察署 蒲田駅西口交番,35.562417,139.715525
窃盗,車上ねらい,蒲田,西六郷交番,131113.0,東京都,大田区,新蒲田３丁目,2022/12/5,13,道路上,その他,施錠せず,あり,大田区新蒲田３丁目,35.5566159,139.7067404, 蒲田警察署 西六郷交番,35.5493615,139.7070035
窃盗,車上ねらい,蒲田,西六郷交番,131113.0,東京都,大田区,西六郷１丁目,2022/11/4,9,道路上,その他,施錠せず,あり,大田区西六郷１丁目,35.5540846,139.7081995, 蒲田警察署 西六郷交番,35.5493615,139.7070035
窃盗,車上ねらい,蒲田,西六郷交番,131113.0,東京都,大田区,西六郷２丁目,2022/11/17,9,道路上,その他,施錠せず,なし,大田区西六郷２丁目,35.5497933,139.7072969, 蒲田警察署 西六郷交番,35.5493615,139.7070035
窃盗,車上ねらい,蒲田,西六郷交番,131113.0,東京都,大田区,西六郷４丁目,2022/6/29,22,４階建て以上共同住宅,駐車（輪）場,施錠せず,なし,大田区西六郷４丁目,35.5438752,139.7049691, 蒲田警察署 西六郷交番,35.5493615,139.7070035
窃盗,車上ねらい,蒲田,西蒲田交番,131113.0,東京都,大田区,西蒲田１丁目,2022/4/20,0,駐車（輪）場,駐車（輪）場,施錠した,なし,大田区西蒲田１丁目,35.5714865,139.7131522, 蒲田警察署 西蒲田交番,35.569527,139.716525
窃盗,車上ねらい,蒲田,西蒲田交番,131113.0,東京都,大田区,西蒲田１丁目,2022/10/29,10,その他,その他,施錠せず,あり,大田区西蒲田１丁目,35.5714865,139.7131522, 蒲田警察署 西蒲田交番,35.569527,139.716525
窃盗,車上ねらい,蒲田,西蒲田交番,131113.0,東京都,大田区,西蒲田７丁目,2022/4/20,19,駐車（輪）場,駐車（輪）場,施錠した,なし,大田区西蒲田７丁目,35.5629644,139.7128102, 蒲田警察署 西蒲田交番,35.569527,139.716525
窃盗,車上ねらい,蒲田,雑色交番,131113.0,東京都,大田区,仲六郷２丁目,2022/1/28,20,その他,駐車（輪）場,施錠せず,なし,大田区仲六郷２丁目,35.5506444,139.7138462, 蒲田警察署 雑色交番,35.5489801,139.7156342
窃盗,車上ねらい,蒲田,雑色交番,131113.0,東京都,大田区,仲六郷２丁目,2022/7/4,11,道路上,その他,施錠せず,あり,大田区仲六郷２丁目,35.5506444,139.7138462, 蒲田警察署 雑色交番,35.5489801,139.7156342
窃盗,車上ねらい,池上,ガス橋交番,131113.0,東京都,大田区,下丸子３丁目,2022/2/22,18,その他,駐車（輪）場,施錠せず,なし,大田区下丸子３丁目,35.5678976,139.6840261, 池上警察署 ガス橋交番,,
窃盗,車上ねらい,池上,ガス橋交番,131113.0,東京都,大田区,下丸子３丁目,2022/9/16,18,道路上,その他,施錠せず,なし,大田区下丸子３丁目,35.5678976,139.6840261, 池上警察署 ガス橋交番,,
窃盗,車上ねらい,池上,三本松交番,131113.0,東京都,大田区,北馬込２丁目,2022/7/31,13,その他の住宅（３階建て以下共同住宅等）,その他,施錠せず,あり,大田区北馬込２丁目,35.5983047,139.7103479, 池上警察署 三本松交番,,
窃盗,車上ねらい,池上,久が原交番,131113.0,東京都,大田区,久が原２丁目,2022/10/30,8,その他の住宅（３階建て以下共同住宅等）,その他,施錠せず,あり,大田区久が原２丁目,35.5822938,139.6970402, 池上警察署 久が原交番,35.5808581,139.6907835
窃盗,車上ねらい,池上,久が原交番,131113.0,東京都,大田区,久が原２丁目,2022/11/28,17,４階建て以上共同住宅,駐車（輪）場,施錠せず,なし,大田区久が原２丁目,35.5822938,139.6970402, 池上警察署 久が原交番,35.5808581,139.6907835
窃盗,車上ねらい,池上,千鳥交番,131113.0,東京都,大田区,多摩川１丁目,2022/5/3,18,道路上,その他,施錠せず,あり,大田区多摩川１丁目,35.5631128,139.6994367, 池上警察署 千鳥交番,35.5711779,139.6892565
窃盗,車上ねらい,池上,千鳥交番,131113.0,東京都,大田区,千鳥３丁目,2022/1/22,14,その他,駐車（輪）場,施錠せず,あり,大田区千鳥３丁目,35.5722005,139.6888581, 池上警察署 千鳥交番,35.5711779,139.6892565
窃盗,車上ねらい,池上,千鳥交番,131113.0,東京都,大田区,千鳥３丁目,2022/4/19,14,その他,駐車（輪）場,施錠せず,なし,大田区千鳥３丁目,35.5722005,139.6888581, 池上警察署 千鳥交番,35.5711779,139.6892565
窃盗,車上ねらい,池上,千鳥交番,131113.0,東京都,大田区,千鳥３丁目,2022/8/21,10,その他,駐車（輪）場,施錠せず,なし,大田区千鳥３丁目,35.5722005,139.6888581, 池上警察署 千鳥交番,35.5711779,139.6892565
窃盗,車上ねらい,池上,千鳥交番,131113.0,東京都,大田区,千鳥３丁目,2022/8/27,9,その他,駐車（輪）場,施錠せず,あり,大田区千鳥３丁目,35.5722005,139.6888581, 池上警察署 千鳥交番,35.5711779,139.6892565
窃盗,車上ねらい,池上,千鳥交番,131113.0,東京都,大田区,千鳥３丁目,2022/9/11,20,その他,駐車（輪）場,施錠せず,なし,大田区千鳥３丁目,35.5722005,139.6888581, 池上警察署 千鳥交番,35.5711779,139.6892565
窃盗,車上ねらい,池上,千鳥交番,131113.0,東京都,大田区,千鳥３丁目,2022/9/21,13,その他,駐車（輪）場,施錠せず,なし,大田区千鳥３丁目,35.5722005,139.6888581, 池上警察署 千鳥交番,35.5711779,139.6892565
窃盗,車上ねらい,池上,千鳥交番,131113.0,東京都,大田区,東矢口２丁目,2022/8/30,14,その他,駐車（輪）場,施錠せず,なし,大田区東矢口２丁目,35.5648015,139.7009602, 池上警察署 千鳥交番,35.5711779,139.6892565
窃盗,車上ねらい,池上,千鳥交番,131113.0,東京都,大田区,東矢口２丁目,2022/10/28,14,道路上,その他,施錠せず,あり,大田区東矢口２丁目,35.5648015,139.7009602, 池上警察署 千鳥交番,35.5711779,139.6892565
窃盗,車上ねらい,池上,千鳥交番,131113.0,東京都,大田区,矢口１丁目,2022/5/10,23,道路上,その他,施錠せず,なし,大田区矢口１丁目,35.5672648,139.6925515, 池上警察署 千鳥交番,35.5711779,139.6892565
窃盗,車上ねらい,池上,多摩川大橋交番,131113.0,東京都,大田区,多摩川２丁目,2022/4/6,11,その他,その他,施錠せず,なし,大田区多摩川２丁目,35.5570708,139.7007242, 池上警察署 多摩川大橋交番,35.55749045,139.69640870384475
窃盗,車上ねらい,池上,市野倉交番,131113.0,東京都,大田区,中央５丁目,2022/5/4,14,その他,駐車（輪）場,施錠せず,なし,大田区中央５丁目,35.5810428,139.7120565, 池上警察署 市野倉交番,35.579239799999996,139.71330022233897
窃盗,車上ねらい,池上,市野倉交番,131113.0,東京都,大田区,中央６丁目,2022/9/4,21,道路上,その他,施錠せず,あり,大田区中央６丁目,35.5778655,139.7129966, 池上警察署 市野倉交番,35.579239799999996,139.71330022233897
窃盗,車上ねらい,池上,市野倉交番,131113.0,東京都,大田区,中央８丁目,2022/10/28,1,その他の住宅（３階建て以下共同住宅等）,駐車（輪）場,施錠せず,あり,大田区中央８丁目,35.5727748,139.7170085, 池上警察署 市野倉交番,35.579239799999996,139.71330022233897
窃盗,車上ねらい,東京空港,第２ターミナル交番,131113.0,東京都,大田区,羽田空港３丁目,2022/10/17,6,その他,駐車（輪）場,施錠せず,なし,大田区羽田空港３丁目,35.5440559,139.786874, 東京空港警察署 第２ターミナル交番,35.5512166,139.7881082
窃盗,車上ねらい,世田谷,三宿交番,131121.0,東京都,世田谷区,三宿１丁目,2022/2/14,13,道路上,その他,施錠せず,なし,世田谷区三宿１丁目,35.648574,139.6758038, 世田谷警察署 三宿交番,35.6451493,139.6792414
窃盗,車上ねらい,世田谷,三軒茶屋交番,131121.0,東京都,世田谷区,三軒茶屋２丁目,2021/12/10,11,道路上,その他,施錠せず,あり,世田谷区三軒茶屋２丁目,35.6416547,139.6659064, 世田谷警察署 三軒茶屋交番,,
窃盗,車上ねらい,世田谷,三軒茶屋交番,131121.0,東京都,世田谷区,三軒茶屋２丁目,2022/4/26,14,道路上,その他,施錠せず,なし,世田谷区三軒茶屋２丁目,35.6416547,139.6659064, 世田谷警察署 三軒茶屋交番,,
窃盗,車上ねらい,世田谷,三軒茶屋交番,131121.0,東京都,世田谷区,太子堂２丁目,2022/2/25,19,道路上,その他,施錠せず,あり,世田谷区太子堂２丁目,35.6463176,139.6728949, 世田谷警察署 三軒茶屋交番,,
窃盗,車上ねらい,世田谷,三軒茶屋交番,131121.0,東京都,世田谷区,太子堂２丁目,2022/12/10,12,道路上,その他,施錠せず,あり,世田谷区太子堂２丁目,35.6463176,139.6728949, 世田谷警察署 三軒茶屋交番,,
窃盗,車上ねらい,世田谷,三軒茶屋交番,131121.0,東京都,世田谷区,太子堂３丁目,2022/4/16,13,４階建て以上共同住宅,駐車（輪）場,施錠せず,あり,世田谷区太子堂３丁目,35.6495952,139.6701135, 世田谷警察署 三軒茶屋交番,,
窃盗,車上ねらい,世田谷,三軒茶屋交番,131121.0,東京都,世田谷区,太子堂４丁目,2022/2/14,14,道路上,その他,施錠せず,あり,世田谷区太子堂４丁目,35.6448796,139.6683902, 世田谷警察署 三軒茶屋交番,,
窃盗,車上ねらい,世田谷,三軒茶屋交番,131121.0,東京都,世田谷区,太子堂４丁目,2022/2/14,14,道路上,その他,施錠せず,あり,世田谷区太子堂４丁目,35.6448796,139.6683902, 世田谷警察署 三軒茶屋交番,,
窃盗,車上ねらい,世田谷,三軒茶屋交番,131121.0,東京都,世田谷区,太子堂４丁目,2022/3/23,10,その他,駐車（輪）場,施錠せず,なし,世田谷区太子堂４丁目,35.6448796,139.6683902, 世田谷警察署 三軒茶屋交番,,
窃盗,車上ねらい,世田谷,三軒茶屋交番,131121.0,東京都,世田谷区,三宿２丁目,2022/8/10,16,道路上,その他,施錠せず,あり,世田谷区三宿２丁目,35.6516461,139.675502, 世田谷警察署 三軒茶屋交番,,
窃盗,車上ねらい,世田谷,上馬交番,131121.0,東京都,世田谷区,下馬３丁目,2022/2/26,12,その他,駐車（輪）場,施錠せず,あり,世田谷区下馬３丁目,35.6352491,139.6743084, 世田谷警察署 上馬交番,35.635029,139.66364
窃盗,車上ねらい,世田谷,上馬交番,131121.0,東京都,世田谷区,野沢４丁目,2022/2/21,10,その他,駐車（輪）場,施錠せず,なし,世田谷区野沢４丁目,35.6324642,139.6672381, 世田谷警察署 上馬交番,35.635029,139.66364
窃盗,車上ねらい,世田谷,世田谷交番,131121.0,東京都,世田谷区,世田谷４丁目,2022/4/1,9,駐車（輪）場,駐車（輪）場,施錠せず,なし,世田谷区世田谷４丁目,35.6456348,139.6523827, 世田谷警察署 世田谷交番,35.6427105,139.6512007
窃盗,車上ねらい,世田谷,世田谷交番,131121.0,東京都,世田谷区,世田谷４丁目,2022/5/20,10,その他,駐車（輪）場,施錠せず,なし,世田谷区世田谷４丁目,35.6456348,139.6523827, 世田谷警察署 世田谷交番,35.6427105,139.6512007
窃盗,車上ねらい,世田谷,松ケ丘交番,131121.0,東京都,世田谷区,弦巻５丁目,2022/3/5,15,道路上,その他,施錠せず,あり,世田谷区弦巻５丁目,35.6369015,139.6383521, 世田谷警察署 松ケ丘交番,35.640072,139.640751
窃盗,車上ねらい,世田谷,桜丘交番,131121.0,東京都,世田谷区,桜丘４丁目,2022/3/9,16,道路上,その他,施錠せず,あり,世田谷区桜丘４丁目,35.6401779,139.6224171, 世田谷警察署 桜丘交番,35.6455607,139.6225515
窃盗,車上ねらい,世田谷,桜木駐在所,131121.0,東京都,世田谷区,桜１丁目,2022/6/26,22,一戸建住宅,駐車（輪）場,施錠せず,なし,世田谷区桜１丁目,35.6454964,139.6414527, 世田谷警察署 桜木駐在所,35.6466525,139.6440628
窃盗,車上ねらい,世田谷,若林交番,131121.0,東京都,世田谷区,三軒茶屋２丁目,2022/3/15,9,道路上,その他,施錠せず,あり,世田谷区三軒茶屋２丁目,35.6416547,139.6659064, 世田谷警察署 若林交番,35.642295,139.660582
窃盗,車上ねらい,世田谷,若林交番,131121.0,東京都,世田谷区,若林２丁目,2022/10/7,6,道路上,その他,施錠せず,あり,世田谷区若林２丁目,35.6484106,139.6629627, 世田谷警察署 若林交番,35.642295,139.660582
窃盗,車上ねらい,世田谷,若林交番,131121.0,東京都,世田谷区,若林４丁目,2022/1/15,21,その他,駐車（輪）場,施錠せず,なし,世田谷区若林４丁目,35.6463596,139.6574065, 世田谷警察署 若林交番,35.642295,139.660582
窃盗,車上ねらい,世田谷,若林交番,131121.0,東京都,世田谷区,若林５丁目,2022/10/4,20,その他の住宅（３階建て以下共同住宅等）,駐車（輪）場,施錠せず,なし,世田谷区若林５丁目,35.6489402,139.6574306, 世田谷警察署 若林交番,35.642295,139.660582
窃盗,車上ねらい,北沢,下北沢交番,131121.0,東京都,世田谷区,北沢２丁目,2022/8/30,11,道路上,その他,施錠せず,なし,世田谷区北沢２丁目,35.661998,139.6683083, 北沢警察署 下北沢交番,35.6628362,139.66954865
窃盗,車上ねらい,北沢,下北沢交番,131121.0,東京都,世田谷区,北沢３丁目,2022/10/11,13,その他,その他,施錠せず,あり,世田谷区北沢３丁目,35.665148,139.6691009, 北沢警察署 下北沢交番,35.6628362,139.66954865
窃盗,車上ねらい,北沢,明大前駅前交番,131121.0,東京都,世田谷区,松原１丁目,2022/1/10,14,道路上,その他,施錠せず,あり,世田谷区松原１丁目,35.6681029,139.6534181, 北沢警察署 明大前駅前交番,,
窃盗,車上ねらい,北沢,明大前駅前交番,131121.0,東京都,世田谷区,松原１丁目,2022/9/30,17,駐車（輪）場,駐車（輪）場,施錠した,あり,世田谷区松原１丁目,35.6681029,139.6534181, 北沢警察署 明大前駅前交番,,
窃盗,車上ねらい,北沢,明大前駅前交番,131121.0,東京都,世田谷区,松原２丁目,2021/12/17,7,道路上,その他,施錠せず,あり,世田谷区松原２丁目,35.6666473,139.6486799, 北沢警察署 明大前駅前交番,,
窃盗,車上ねらい,北沢,明大前駅前交番,131121.0,東京都,世田谷区,松原２丁目,2021/12/20,7,道路上,その他,施錠せず,あり,世田谷区松原２丁目,35.6666473,139.6486799, 北沢警察署 明大前駅前交番,,
窃盗,車上ねらい,北沢,明大前駅前交番,131121.0,東京都,世田谷区,松原２丁目,2021/12/23,7,道路上,その他,施錠せず,なし,世田谷区松原２丁目,35.6666473,139.6486799, 北沢警察署 明大前駅前交番,,
窃盗,車上ねらい,北沢,経堂駅前交番,131121.0,東京都,世田谷区,経堂４丁目,2022/4/20,9,駐車（輪）場,駐車（輪）場,施錠せず,なし,世田谷区経堂４丁目,35.648657,139.6268946, 北沢警察署 経堂駅前交番,35.651571,139.637223
窃盗,車上ねらい,北沢,経堂駅前交番,131121.0,東京都,世田谷区,経堂５丁目,2022/9/28,19,その他,駐車（輪）場,施錠せず,なし,世田谷区経堂５丁目,35.6473753,139.6325371, 北沢警察署 経堂駅前交番,35.651571,139.637223
窃盗,車上ねらい,北沢,羽根木交番,131121.0,東京都,世田谷区,大原１丁目,2022/8/31,6,道路上,その他,施錠せず,あり,世田谷区大原１丁目,35.668786,139.6638653, 北沢警察署 羽根木交番,35.6665758,139.658911
窃盗,車上ねらい,北沢,赤堤交番,131121.0,東京都,世田谷区,赤堤３丁目,2022/1/29,8,一戸建住宅,駐車（輪）場,施錠せず,なし,世田谷区赤堤３丁目,35.6583314,139.6388349, 北沢警察署 赤堤交番,35.6571544,139.6423805
窃盗,車上ねらい,北沢,赤堤交番,131121.0,東京都,世田谷区,豪徳寺２丁目,2022/2/17,10,道路上,その他,施錠せず,なし,世田谷区豪徳寺２丁目,35.6477425,139.6480724, 北沢警察署 赤堤交番,35.6571544,139.6423805
窃盗,車上ねらい,北沢,赤松交番,131121.0,東京都,世田谷区,赤堤４丁目,2022/3/30,16,その他,その他,施錠せず,あり,世田谷区赤堤４丁目,35.6629307,139.640581, 北沢警察署 赤松交番,,
窃盗,車上ねらい,玉川,上野毛交番,131121.0,東京都,世田谷区,中町２丁目,2022/3/10,12,その他,駐車（輪）場,施錠せず,なし,世田谷区中町２丁目,35.6115802,139.6439069, 玉川警察署 上野毛交番,35.6121887,139.6383048
窃盗,車上ねらい,玉川,上野毛交番,131121.0,東京都,世田谷区,中町５丁目,2022/11/19,11,道路上,その他,施錠せず,あり,世田谷区中町５丁目,35.6210183,139.6418779, 玉川警察署 上野毛交番,35.6121887,139.6383048
窃盗,車上ねらい,玉川,二子玉川交番,131121.0,東京都,世田谷区,玉川１丁目,2022/1/24,7,その他,駐車（輪）場,施錠せず,なし,世田谷区玉川１丁目,35.6093908,139.6305495, 玉川警察署 二子玉川交番,,
窃盗,車上ねらい,玉川,二子玉川交番,131121.0,東京都,世田谷区,玉川３丁目,2022/1/3,6,４階建て以上共同住宅,駐車（輪）場,施錠した,なし,世田谷区玉川３丁目,35.6141434,139.6247439, 玉川警察署 二子玉川交番,,
窃盗,車上ねらい,玉川,奥沢駅前交番,131121.0,東京都,世田谷区,奥沢５丁目,2022/5/30,15,道路上,その他,施錠せず,なし,世田谷区奥沢５丁目,35.6044548,139.6688247, 玉川警察署 奥沢駅前交番,35.6040197,139.6718851
窃盗,車上ねらい,玉川,奥沢駅前交番,131121.0,東京都,世田谷区,尾山台３丁目,2022/9/17,17,その他の住宅（３階建て以下共同住宅等）,駐車（輪）場,施錠せず,なし,世田谷区尾山台３丁目,35.6042912,139.6553265, 玉川警察署 奥沢駅前交番,35.6040197,139.6718851
窃盗,車上ねらい,玉川,尾山台駅前交番,131121.0,東京都,世田谷区,等々力８丁目,2022/9/19,7,道路上,その他,施錠せず,あり,世田谷区等々力８丁目,35.6149098,139.6513367, 玉川警察署 尾山台駅前交番,35.607354,139.653417
窃盗,車上ねらい,玉川,尾山台駐在所,131121.0,東京都,世田谷区,玉堤１丁目,2022/1/27,20,駐車（輪）場,駐車（輪）場,施錠せず,あり,世田谷区玉堤１丁目,35.5949972,139.65168, 玉川警察署 尾山台駐在所,35.602188,139.651584
窃盗,車上ねらい,玉川,桜新町交番,131121.0,東京都,世田谷区,桜新町２丁目,2022/9/14,7,駐車（輪）場,駐車（輪）場,施錠せず,なし,世田谷区桜新町２丁目,35.6321863,139.6423674, 玉川警察署 桜新町交番,35.6285365,139.643997
窃盗,車上ねらい,玉川,桜新町交番,131121.0,東京都,世田谷区,桜新町２丁目,2022/9/27,13,駐車（輪）場,駐車（輪）場,施錠せず,なし,世田谷区桜新町２丁目,35.6321863,139.6423674, 玉川警察署 桜新町交番,35.6285365,139.643997
窃盗,車上ねらい,玉川,深沢交番,131121.0,東京都,世田谷区,深沢１丁目,2022/4/30,13,その他,駐車（輪）場,施錠せず,なし,世田谷区深沢１丁目,35.6169137,139.6624437, 玉川警察署 深沢交番,35.620908,139.653389
窃盗,車上ねらい,玉川,深沢交番,131121.0,東京都,世田谷区,深沢５丁目,2022/2/9,21,道路上,その他,施錠せず,なし,世田谷区深沢５丁目,35.6187365,139.6495798, 玉川警察署 深沢交番,35.620908,139.653389
窃盗,車上ねらい,玉川,用賀交番,131121.0,東京都,世田谷区,用賀４丁目,2022/9/25,12,道路上,その他,施錠せず,なし,世田谷区用賀４丁目,35.6282212,139.6325853, 玉川警察署 用賀交番,35.626657,139.633891
窃盗,車上ねらい,玉川,等々力不動前駐在所,131121.0,東京都,世田谷区,等々力１丁目,2022/4/10,20,その他の住宅（３階建て以下共同住宅等）,駐車（輪）場,施錠せず,あり,世田谷区等々力１丁目,35.6025684,139.6489656, 玉川警察署 等々力不動前駐在所,35.60425,139.6477784
窃盗,車上ねらい,玉川,等々力不動前駐在所,131121.0,東京都,世田谷区,野毛１丁目,2022/7/23,18,その他,その他,施錠せず,あり,世田谷区野毛１丁目,35.6023448,139.6444809, 玉川警察署 等々力不動前駐在所,35.60425,139.6477784
窃盗,車上ねらい,成城,上北沢駅前交番,131121.0,東京都,世田谷区,桜上水５丁目,2022/9/21,9,その他,その他,施錠せず,あり,世田谷区桜上水５丁目,35.6658257,139.6297771, 成城警察署 上北沢駅前交番,35.6686489,139.6231928
窃盗,車上ねらい,成城,上祖師谷駐在所,131121.0,東京都,世田谷区,上祖師谷４丁目,2022/2/8,10,４階建て以上共同住宅,その他,施錠せず,あり,世田谷区上祖師谷４丁目,35.65462,139.5958981, 成城警察署 上祖師谷駐在所,35.6572341,139.5962945
窃盗,車上ねらい,成城,千歳船橋駅前交番,131121.0,東京都,世田谷区,船橋５丁目,2022/3/16,7,駐車（輪）場,駐車（輪）場,施錠せず,あり,世田谷区船橋５丁目,35.6553152,139.6275079, 成城警察署 千歳船橋駅前交番,35.647397,139.6234683
窃盗,車上ねらい,成城,喜多見駐在所,131121.0,東京都,世田谷区,喜多見１丁目,2022/1/27,11,一戸建住宅,駐車（輪）場,施錠せず,あり,世田谷区喜多見１丁目,35.6212396,139.5961046, 成城警察署 喜多見駐在所,35.62724,139.599727
窃盗,車上ねらい,成城,大蔵二丁目交番,131121.0,東京都,世田谷区,砧１丁目,2022/9/6,14,その他,駐車（輪）場,施錠せず,あり,世田谷区砧１丁目,35.6376819,139.6180424, 成城警察署 大蔵二丁目交番,,
窃盗,車上ねらい,成城,岡本駐在所,131121.0,東京都,世田谷区,岡本１丁目,2022/6/11,10,道路上,その他,施錠せず,あり,世田谷区岡本１丁目,35.6249308,139.6206173, 成城警察署 岡本駐在所,35.627212,139.620475
窃盗,車上ねらい,成城,岡本駐在所,131121.0,東京都,世田谷区,岡本１丁目,2022/11/25,11,道路上,その他,施錠せず,あり,世田谷区岡本１丁目,35.6249308,139.6206173, 成城警察署 岡本駐在所,35.627212,139.620475
窃盗,車上ねらい,成城,岡本駐在所,131121.0,東京都,世田谷区,岡本３丁目,2022/9/11,22,その他の住宅（３階建て以下共同住宅等）,駐車（輪）場,施錠せず,なし,世田谷区岡本３丁目,35.6258509,139.6152449, 成城警察署 岡本駐在所,35.627212,139.620475
窃盗,車上ねらい,成城,岡本駐在所,131121.0,東京都,世田谷区,岡本３丁目,2022/11/28,17,駐車（輪）場,駐車（輪）場,施錠した,なし,世田谷区岡本３丁目,35.6258509,139.6152449, 成城警察署 岡本駐在所,35.627212,139.620475
窃盗,車上ねらい,成城,東宝前交番,131121.0,東京都,世田谷区,喜多見５丁目,2022/2/16,18,その他,駐車（輪）場,施錠せず,なし,世田谷区喜多見５丁目,35.628805,139.6013725, 成城警察署 東宝前交番,35.6316948,139.6038246
窃盗,車上ねらい,成城,烏山交番,131121.0,東京都,世田谷区,南烏山５丁目,2022/9/12,11,その他,駐車（輪）場,施錠せず,なし,世田谷区南烏山５丁目,35.6670526,139.6022442, 成城警察署 烏山交番,35.6698295,139.60069322686184
窃盗,車上ねらい,成城,烏山交番,131121.0,東京都,世田谷区,南烏山５丁目,2022/9/25,10,道路上,その他,施錠せず,なし,世田谷区南烏山５丁目,35.6670526,139.6022442, 成城警察署 烏山交番,35.6698295,139.60069322686184
窃盗,車上ねらい,成城,祖師谷大蔵交番,131121.0,東京都,世田谷区,祖師谷５丁目,2022/11/12,12,道路上,その他,施錠せず,あり,世田谷区祖師谷５丁目,35.6516112,139.6051785, 成城警察署 祖師谷大蔵交番,35.642849,139.608948
窃盗,車上ねらい,成城,祖師谷大蔵交番,131121.0,東京都,世田谷区,千歳台２丁目,2022/11/12,19,その他,その他,施錠せず,なし,世田谷区千歳台２丁目,35.6517376,139.6110794, 成城警察署 祖師谷大蔵交番,35.642849,139.608948
窃盗,車上ねらい,成城,給田交番,131121.0,東京都,世田谷区,北烏山９丁目,2022/7/27,20,道路上,その他,施錠せず,あり,世田谷区北烏山９丁目,35.6720164,139.5932212, 成城警察署 給田交番,35.6681445,139.5925523
窃盗,車上ねらい,成城,船橋交番,131121.0,東京都,世田谷区,八幡山１丁目,2022/1/13,12,駐車（輪）場,駐車（輪）場,施錠せず,あり,世田谷区八幡山１丁目,35.6620296,139.6212825, 成城警察署 船橋交番,35.6569345,139.6230995
窃盗,車上ねらい,成城,船橋交番,131121.0,東京都,世田谷区,八幡山２丁目,2022/5/24,14,道路上,その他,施錠せず,なし,世田谷区八幡山２丁目,35.6614238,139.6169347, 成城警察署 船橋交番,35.6569345,139.6230995
窃盗,車上ねらい,成城,鎌田駐在所,131121.0,東京都,世田谷区,宇奈根３丁目,2022/5/25,9,道路上,その他,施錠せず,なし,世田谷区宇奈根３丁目,35.6240849,139.604052, 成城警察署 鎌田駐在所,35.62088,139.612393
窃盗,車上ねらい,成城,鎌田駐在所,131121.0,東京都,世田谷区,鎌田３丁目,2022/3/19,18,その他,駐車（輪）場,施錠せず,なし,世田谷区鎌田３丁目,35.6208864,139.614931, 成城警察署 鎌田駐在所,35.62088,139.612393
窃盗,車上ねらい,目黒,下目黒交番,131105.0,東京都,目黒区,下目黒１丁目,2022/11/3,12,駐車（輪）場,駐車（輪）場,施錠せず,あり,目黒区下目黒１丁目,35.6320467,139.7138831, 目黒警察署 下目黒交番,35.6338256,139.7111264
窃盗,車上ねらい,目黒,下目黒交番,131105.0,東京都,目黒区,下目黒２丁目,2022/5/28,8,その他,その他,施錠せず,あり,目黒区下目黒２丁目,35.6309458,139.7115442, 目黒警察署 下目黒交番,35.6338256,139.7111264
窃盗,車上ねらい,目黒,下目黒交番,131105.0,東京都,目黒区,目黒１丁目,2022/11/3,12,４階建て以上共同住宅,駐車（輪）場,施錠せず,あり,目黒区目黒１丁目,35.6361342,139.7110641, 目黒警察署 下目黒交番,35.6338256,139.7111264
窃盗,車上ねらい,目黒,中目黒駅前交番,131105.0,東京都,目黒区,上目黒１丁目,2022/4/27,22,道路上,その他,施錠せず,なし,目黒区上目黒１丁目,35.6450659,139.7003219, 目黒警察署 中目黒駅前交番,35.6437034,139.7002033
窃盗,車上ねらい,目黒,中目黒駅前交番,131105.0,東京都,目黒区,上目黒１丁目,2022/8/31,17,道路上,その他,施錠せず,なし,目黒区上目黒１丁目,35.6450659,139.7003219, 目黒警察署 中目黒駅前交番,35.6437034,139.7002033
窃盗,車上ねらい,目黒,中目黒駅前交番,131105.0,東京都,目黒区,上目黒３丁目,2022/3/28,10,その他,駐車（輪）場,施錠せず,なし,目黒区上目黒３丁目,35.6441592,139.6950848, 目黒警察署 中目黒駅前交番,35.6437034,139.7002033
窃盗,車上ねらい,目黒,中目黒駅前交番,131105.0,東京都,目黒区,上目黒３丁目,2022/5/5,16,その他,駐車（輪）場,施錠せず,なし,目黒区上目黒３丁目,35.6441592,139.6950848, 目黒警察署 中目黒駅前交番,35.6437034,139.7002033
窃盗,車上ねらい,目黒,中目黒駅前交番,131105.0,東京都,目黒区,上目黒３丁目,2022/10/5,17,その他,駐車（輪）場,施錠せず,なし,目黒区上目黒３丁目,35.6441592,139.6950848, 目黒警察署 中目黒駅前交番,35.6437034,139.7002033
窃盗,車上ねらい,目黒,中目黒駅前交番,131105.0,東京都,目黒区,上目黒３丁目,2022/11/28,10,その他,駐車（輪）場,施錠せず,なし,目黒区上目黒３丁目,35.6441592,139.6950848, 目黒警察署 中目黒駅前交番,35.6437034,139.7002033
窃盗,車上ねらい,目黒,大橋交番,131105.0,東京都,目黒区,大橋１丁目,2022/2/6,21,道路上,その他,施錠せず,なし,目黒区大橋１丁目,35.6512505,139.6883243, 目黒警察署 大橋交番,35.6524337,139.6878532
窃盗,車上ねらい,目黒,大橋交番,131105.0,東京都,目黒区,東山３丁目,2022/3/19,14,道路上,その他,施錠せず,あり,目黒区東山３丁目,35.6489925,139.6866667, 目黒警察署 大橋交番,35.6524337,139.6878532
窃盗,車上ねらい,目黒,油面交番,131105.0,東京都,目黒区,下目黒５丁目,2022/7/27,18,その他,その他,施錠せず,なし,目黒区下目黒５丁目,35.6280169,139.7035606, 目黒警察署 油面交番,35.6307031,139.701278
窃盗,車上ねらい,目黒,油面交番,131105.0,東京都,目黒区,中目黒５丁目,2022/3/25,11,駐車（輪）場,駐車（輪）場,施錠せず,あり,目黒区中目黒５丁目,35.6359554,139.6981037, 目黒警察署 油面交番,35.6307031,139.701278
窃盗,車上ねらい,目黒,油面交番,131105.0,東京都,目黒区,中目黒５丁目,2022/6/3,14,道路上,その他,施錠せず,なし,目黒区中目黒５丁目,35.6359554,139.6981037, 目黒警察署 油面交番,35.6307031,139.701278
窃盗,車上ねらい,目黒,祐天寺駅前交番,131105.0,東京都,目黒区,五本木１丁目,2022/3/19,13,一戸建住宅,駐車（輪）場,施錠せず,あり,目黒区五本木１丁目,35.638168,139.6888487, 目黒警察署 祐天寺駅前交番,35.637574,139.691274
窃盗,車上ねらい,目黒,祐天寺駅前交番,131105.0,東京都,目黒区,五本木３丁目,2022/7/27,11,道路上,その他,施錠せず,あり,目黒区五本木３丁目,35.6313818,139.6836989, 目黒警察署 祐天寺駅前交番,35.637574,139.691274
窃盗,車上ねらい,目黒,祐天寺駅前交番,131105.0,東京都,目黒区,中町２丁目,2022/2/9,14,その他,駐車（輪）場,施錠せず,あり,目黒区中町２丁目,35.6333351,139.694244, 目黒警察署 祐天寺駅前交番,35.637574,139.691274
窃盗,車上ねらい,目黒,祐天寺駅前交番,131105.0,東京都,目黒区,祐天寺２丁目,2022/5/3,19,道路上,その他,施錠せず,なし,目黒区祐天寺２丁目,35.6367707,139.693324, 目黒警察署 祐天寺駅前交番,35.637574,139.691274
窃盗,車上ねらい,碑文谷,学芸大学駅前交番,131105.0,東京都,目黒区,鷹番２丁目,2022/7/23,1,道路上,その他,施錠せず,あり,目黒区鷹番２丁目,35.6289772,139.6878804, 碑文谷警察署 学芸大学駅前交番,35.6288802,139.6852299
窃盗,車上ねらい,碑文谷,学芸大学駅前交番,131105.0,東京都,目黒区,碑文谷４丁目,2022/11/10,18,駐車（輪）場,駐車（輪）場,施錠せず,なし,目黒区碑文谷４丁目,35.6203685,139.6836331, 碑文谷警察署 学芸大学駅前交番,35.6288802,139.6852299
窃盗,車上ねらい,碑文谷,本町二丁目交番,131105.0,東京都,目黒区,目黒本町３丁目,2022/5/25,9,道路上,その他,施錠せず,あり,目黒区目黒本町３丁目,35.6224933,139.7009817, 碑文谷警察署 本町二丁目交番,35.627492,139.693219
窃盗,車上ねらい,碑文谷,東が丘駐在所,131105.0,東京都,目黒区,東が丘２丁目,2022/4/26,15,道路上,その他,施錠せず,あり,目黒区東が丘２丁目,35.6281706,139.6645921, 碑文谷警察署 東が丘駐在所,35.6287205,139.6665165
窃盗,車上ねらい,碑文谷,柿の木坂交番,131105.0,東京都,目黒区,柿の木坂２丁目,2022/6/3,19,道路上,その他,施錠せず,あり,目黒区柿の木坂２丁目,35.6249417,139.6758521, 碑文谷警察署 柿の木坂交番,35.6260088,139.6703183
窃盗,車上ねらい,碑文谷,緑が丘交番,131105.0,東京都,目黒区,緑が丘１丁目,2022/2/11,13,道路上,その他,施錠せず,あり,目黒区緑が丘１丁目,35.6093756,139.6780273, 碑文谷警察署 緑が丘交番,,
窃盗,車上ねらい,碑文谷,緑が丘交番,131105.0,東京都,目黒区,緑が丘１丁目,2022/11/19,11,道路上,その他,施錠せず,あり,目黒区緑が丘１丁目,35.6093756,139.6780273, 碑文谷警察署 緑が丘交番,,
窃盗,車上ねらい,碑文谷,緑が丘交番,131105.0,東京都,目黒区,緑が丘３丁目,2022/11/15,17,道路上,その他,施錠せず,なし,目黒区緑が丘３丁目,35.6040546,139.6802039, 碑文谷警察署 緑が丘交番,,
窃盗,車上ねらい,碑文谷,自由が丘交番,131105.0,東京都,目黒区,自由が丘１丁目,2022/4/13,14,その他,駐車（輪）場,施錠せず,なし,目黒区自由が丘１丁目,35.6100712,139.6703187, 碑文谷警察署 自由が丘交番,35.6076625,139.6686316
窃盗,車上ねらい,碑文谷,都立大学駅前交番,131105.0,東京都,目黒区,中根２丁目,2022/3/1,13,道路上,その他,施錠せず,あり,目黒区中根２丁目,35.61467,139.6758789, 碑文谷警察署 都立大学駅前交番,35.617937,139.675582
窃盗,車上ねらい,渋谷,宇田川交番,131130.0,東京都,渋谷区,宇田川町,2022/1/4,12,道路上,その他,施錠せず,なし,渋谷区宇田川町,35.6620752,139.6974957, 渋谷警察署 宇田川交番,,
窃盗,車上ねらい,渋谷,宇田川交番,131130.0,東京都,渋谷区,宇田川町,2022/4/20,14,道路上,その他,施錠せず,あり,渋谷区宇田川町,35.6620752,139.6974957, 渋谷警察署 宇田川交番,,
窃盗,車上ねらい,渋谷,宇田川交番,131130.0,東京都,渋谷区,宇田川町,2022/6/24,15,道路上,その他,施錠せず,なし,渋谷区宇田川町,35.6620752,139.6974957, 渋谷警察署 宇田川交番,,
窃盗,車上ねらい,渋谷,宇田川交番,131130.0,東京都,渋谷区,神山町,2022/2/22,7,駐車（輪）場,駐車（輪）場,施錠した,あり,渋谷区神山町,35.6638493,139.6914062, 渋谷警察署 宇田川交番,,
窃盗,車上ねらい,渋谷,宇田川交番,131130.0,東京都,渋谷区,道玄坂２丁目,2022/5/2,10,道路上,その他,施錠せず,あり,渋谷区道玄坂２丁目,35.6593786,139.6987796, 渋谷警察署 宇田川交番,,
窃盗,車上ねらい,渋谷,常磐松交番,131130.0,東京都,渋谷区,渋谷４丁目,2022/5/26,22,４階建て以上共同住宅,駐車（輪）場,施錠せず,あり,渋谷区渋谷４丁目,35.6601838,139.7113055, 渋谷警察署 常磐松交番,35.6584191,139.7126154
窃盗,車上ねらい,渋谷,恵比寿四丁目交番,131130.0,東京都,渋谷区,恵比寿１丁目,2022/1/20,不明,駐車（輪）場,駐車（輪）場,施錠した,なし,渋谷区恵比寿１丁目,35.6470941,139.7142801, 渋谷警察署 恵比寿四丁目交番,35.6439439,139.7151867
窃盗,車上ねらい,渋谷,恵比寿四丁目交番,131130.0,東京都,渋谷区,恵比寿４丁目,2022/1/31,13,その他,その他,施錠せず,なし,渋谷区恵比寿４丁目,35.6449777,139.7139662, 渋谷警察署 恵比寿四丁目交番,35.6439439,139.7151867
窃盗,車上ねらい,渋谷,恵比寿駅前交番,131130.0,東京都,渋谷区,恵比寿１丁目,2022/4/2,16,駐車（輪）場,駐車（輪）場,施錠せず,あり,渋谷区恵比寿１丁目,35.6470941,139.7142801, 渋谷警察署 恵比寿駅前交番,35.6475396,139.70942886236617
窃盗,車上ねらい,渋谷,東交番,131130.0,東京都,渋谷区,東１丁目,2022/5/18,16,道路上,その他,施錠せず,なし,渋谷区東１丁目,35.6553806,139.7084784, 渋谷警察署 東交番,35.653794,139.707911
窃盗,車上ねらい,渋谷,渋谷駅前交番,131130.0,東京都,渋谷区,道玄坂１丁目,2022/5/3,10,道路上,その他,施錠せず,あり,渋谷区道玄坂１丁目,35.6572608,139.6987943, 渋谷警察署 渋谷駅前交番,35.6593164,139.7010358
窃盗,車上ねらい,渋谷,渋谷駅前交番,131130.0,東京都,渋谷区,道玄坂１丁目,2022/5/4,13,道路上,その他,施錠せず,なし,渋谷区道玄坂１丁目,35.6572608,139.6987943, 渋谷警察署 渋谷駅前交番,35.6593164,139.7010358
窃盗,車上ねらい,渋谷,美竹交番,131130.0,東京都,渋谷区,神宮前５丁目,2022/1/23,8,駐車（輪）場,駐車（輪）場,施錠した,あり,渋谷区神宮前５丁目,35.6645074,139.7063528, 渋谷警察署 美竹交番,,
窃盗,車上ねらい,渋谷,美竹交番,131130.0,東京都,渋谷区,神宮前６丁目,2022/12/8,20,その他,駐車（輪）場,施錠せず,なし,渋谷区神宮前６丁目,35.6661069,139.7041199, 渋谷警察署 美竹交番,,
窃盗,車上ねらい,渋谷,道玄坂上交番,131130.0,東京都,渋谷区,松濤２丁目,2022/2/21,9,駐車（輪）場,駐車（輪）場,施錠した,なし,渋谷区松濤２丁目,35.6599964,139.6900517, 渋谷警察署 道玄坂上交番,,
窃盗,車上ねらい,渋谷,道玄坂上交番,131130.0,東京都,渋谷区,道玄坂２丁目,2022/3/20,20,駐車（輪）場,駐車（輪）場,施錠せず,なし,渋谷区道玄坂２丁目,35.6593786,139.6987796, 渋谷警察署 道玄坂上交番,,
窃盗,車上ねらい,渋谷,鉢山交番,131130.0,東京都,渋谷区,桜丘町,2022/2/12,7,駐車（輪）場,駐車（輪）場,施錠した,あり,渋谷区桜丘町,35.6556312,139.7009039, 渋谷警察署 鉢山交番,35.6528835,139.6981506
窃盗,車上ねらい,原宿,代々木二丁目交番,131130.0,東京都,渋谷区,代々木２丁目,2022/4/2,15,道路上,その他,施錠せず,あり,渋谷区代々木２丁目,35.6855225,139.6990827, 原宿警察署 代々木二丁目交番,35.687096,139.696633
窃盗,車上ねらい,原宿,代々木駅前交番,131130.0,東京都,渋谷区,千駄ヶ谷３丁目,2022/2/16,8,駐車（輪）場,駐車（輪）場,施錠した,あり,渋谷区千駄ヶ谷３丁目,35.6758403,139.7065137, 原宿警察署 代々木駅前交番,35.6827276,139.7019822
窃盗,車上ねらい,原宿,代々木駅前交番,131130.0,東京都,渋谷区,代々木１丁目,2022/2/21,16,駐車（輪）場,駐車（輪）場,施錠した,あり,渋谷区代々木１丁目,35.6818994,139.7004533, 原宿警察署 代々木駅前交番,35.6827276,139.7019822
窃盗,車上ねらい,原宿,千駄ケ谷五丁目交番,131130.0,東京都,渋谷区,千駄ヶ谷３丁目,2022/2/21,8,駐車（輪）場,駐車（輪）場,施錠した,なし,渋谷区千駄ヶ谷３丁目,35.6758403,139.7065137, 原宿警察署 千駄ケ谷五丁目交番,,
窃盗,車上ねらい,原宿,千駄ケ谷五丁目交番,131130.0,東京都,渋谷区,千駄ヶ谷３丁目,2022/8/8,23,道路上,その他,施錠せず,あり,渋谷区千駄ヶ谷３丁目,35.6758403,139.7065137, 原宿警察署 千駄ケ谷五丁目交番,,
窃盗,車上ねらい,原宿,千駄ケ谷五丁目交番,131130.0,東京都,渋谷区,千駄ヶ谷５丁目,2022/4/17,14,４階建て以上共同住宅,駐車（輪）場,施錠せず,なし,渋谷区千駄ヶ谷５丁目,35.6853003,139.7038168, 原宿警察署 千駄ケ谷五丁目交番,,
窃盗,車上ねらい,原宿,千駄ケ谷駅前交番,131130.0,東京都,渋谷区,神宮前２丁目,2022/5/22,3,一戸建住宅,その他,施錠せず,あり,渋谷区神宮前２丁目,35.6738205,139.7124763, 原宿警察署 千駄ケ谷駅前交番,35.6807943,139.7117726
窃盗,車上ねらい,原宿,千駄ケ谷駅前交番,131130.0,東京都,渋谷区,千駄ヶ谷１丁目,2022/1/14,9,駐車（輪）場,駐車（輪）場,施錠した,あり,渋谷区千駄ヶ谷１丁目,35.6792567,139.7113377, 原宿警察署 千駄ケ谷駅前交番,35.6807943,139.7117726
窃盗,車上ねらい,原宿,千駄ケ谷駅前交番,131130.0,東京都,渋谷区,千駄ヶ谷１丁目,2022/5/16,21,駐車（輪）場,駐車（輪）場,施錠せず,あり,渋谷区千駄ヶ谷１丁目,35.6792567,139.7113377, 原宿警察署 千駄ケ谷駅前交番,35.6807943,139.7117726
窃盗,車上ねらい,原宿,千駄ケ谷駅前交番,131130.0,東京都,渋谷区,千駄ヶ谷１丁目,2022/11/26,16,その他の住宅（３階建て以下共同住宅等）,駐車（輪）場,施錠せず,あり,渋谷区千駄ヶ谷１丁目,35.6792567,139.7113377, 原宿警察署 千駄ケ谷駅前交番,35.6807943,139.7117726
窃盗,車上ねらい,原宿,千駄ケ谷駅前交番,131130.0,東京都,渋谷区,千駄ヶ谷３丁目,2022/9/13,22,４階建て以上共同住宅,駐車（輪）場,施錠した,あり,渋谷区千駄ヶ谷３丁目,35.6758403,139.7065137, 原宿警察署 千駄ケ谷駅前交番,35.6807943,139.7117726
窃盗,車上ねらい,原宿,千駄ケ谷駅前交番,131130.0,東京都,渋谷区,千駄ヶ谷５丁目,2022/9/13,21,駐車（輪）場,駐車（輪）場,施錠した,あり,渋谷区千駄ヶ谷５丁目,35.6853003,139.7038168, 原宿警察署 千駄ケ谷駅前交番,35.6807943,139.7117726
窃盗,車上ねらい,原宿,神宮前交番,131130.0,東京都,渋谷区,神宮前１丁目,2022/12/22,20,道路上,その他,施錠せず,なし,渋谷区神宮前１丁目,35.671513,139.7057319, 原宿警察署 神宮前交番,35.6679213,139.7071328
窃盗,車上ねらい,原宿,神宮前交番,131130.0,東京都,渋谷区,神宮前３丁目,2022/5/22,4,一戸建住宅,その他,施錠せず,あり,渋谷区神宮前３丁目,35.6704333,139.7107597, 原宿警察署 神宮前交番,35.6679213,139.7071328
窃盗,車上ねらい,原宿,神宮前交番,131130.0,東京都,渋谷区,神宮前３丁目,2022/6/17,3,一戸建住宅,その他,施錠せず,あり,渋谷区神宮前３丁目,35.6704333,139.7107597, 原宿警察署 神宮前交番,35.6679213,139.7071328
窃盗,車上ねらい,原宿,神宮前交番,131130.0,東京都,渋谷区,神宮前６丁目,2022/3/16,18,道路上,その他,施錠せず,なし,渋谷区神宮前６丁目,35.6661069,139.7041199, 原宿警察署 神宮前交番,35.6679213,139.7071328
窃盗,車上ねらい,原宿,神宮前交番,131130.0,東京都,渋谷区,神宮前６丁目,2022/11/4,13,道路上,その他,施錠せず,なし,渋谷区神宮前６丁目,35.6661069,139.7041199, 原宿警察署 神宮前交番,35.6679213,139.7071328
窃盗,車上ねらい,代々木,不動前交番,131130.0,東京都,渋谷区,本町６丁目,2022/2/3,10,道路上,その他,施錠せず,あり,渋谷区本町６丁目,35.6821783,139.6788052, 代々木警察署 不動前交番,35.682957,139.680246
窃盗,車上ねらい,代々木,代々木公園交番,131130.0,東京都,渋谷区,富ヶ谷１丁目,2022/5/3,17,道路上,その他,施錠せず,あり,渋谷区富ヶ谷１丁目,35.6672759,139.6905009, 代々木警察署 代々木公園交番,35.6676893,139.6921258
窃盗,車上ねらい,代々木,代々木公園交番,131130.0,東京都,渋谷区,富ヶ谷２丁目,2022/9/17,3,一戸建住宅,駐車（輪）場,施錠せず,あり,渋谷区富ヶ谷２丁目,35.664698,139.6859962, 代々木警察署 代々木公園交番,35.6676893,139.6921258
窃盗,車上ねらい,代々木,初台二丁目交番,131130.0,東京都,渋谷区,元代々木町,2022/6/3,8,４階建て以上共同住宅,駐車（輪）場,施錠せず,なし,渋谷区元代々木町,35.6718115,139.6858165, 代々木警察署 初台二丁目交番,35.6742961,139.6875148
窃盗,車上ねらい,代々木,初台二丁目交番,131130.0,東京都,渋谷区,代々木５丁目,2022/6/6,1,４階建て以上共同住宅,駐車（輪）場,施錠した,あり,渋谷区代々木５丁目,35.673692,139.6901053, 代々木警察署 初台二丁目交番,35.6742961,139.6875148
窃盗,車上ねらい,代々木,初台二丁目交番,131130.0,東京都,渋谷区,代々木５丁目,2022/6/22,18,駐車（輪）場,駐車（輪）場,施錠せず,なし,渋谷区代々木５丁目,35.673692,139.6901053, 代々木警察署 初台二丁目交番,35.6742961,139.6875148
窃盗,車上ねらい,代々木,初台二丁目交番,131130.0,東京都,渋谷区,代々木５丁目,2022/12/10,2,４階建て以上共同住宅,駐車（輪）場,施錠した,なし,渋谷区代々木５丁目,35.673692,139.6901053, 代々木警察署 初台二丁目交番,35.6742961,139.6875148
窃盗,車上ねらい,代々木,初台駅前交番,131130.0,東京都,渋谷区,初台１丁目,2022/7/8,15,道路上,その他,施錠せず,なし,渋谷区初台１丁目,35.6798471,139.6866238, 代々木警察署 初台駅前交番,35.6812932,139.6861028
窃盗,車上ねらい,代々木,初台駅前交番,131130.0,東京都,渋谷区,代々木４丁目,2022/5/18,16,４階建て以上共同住宅,駐車（輪）場,施錠せず,あり,渋谷区代々木４丁目,35.6807099,139.6914116, 代々木警察署 初台駅前交番,35.6812932,139.6861028
窃盗,車上ねらい,代々木,幡ケ谷駅前交番,131130.0,東京都,渋谷区,幡ヶ谷２丁目,2022/4/4,22,４階建て以上共同住宅,駐車（輪）場,施錠せず,なし,渋谷区幡ヶ谷２丁目,35.6778666,139.6754497, 代々木警察署 幡ケ谷駅前交番,35.676374,139.674802
窃盗,車上ねらい,代々木,幡ケ谷駅前交番,131130.0,東京都,渋谷区,幡ヶ谷３丁目,2022/3/11,18,道路上,その他,施錠せず,あり,渋谷区幡ヶ谷３丁目,35.680431,139.6731564, 代々木警察署 幡ケ谷駅前交番,35.676374,139.674802
窃盗,車上ねらい,代々木,笹塚交番,131130.0,東京都,渋谷区,笹塚１丁目,2022/2/14,21,道路上,その他,施錠せず,あり,渋谷区笹塚１丁目,35.6735852,139.6684438, 代々木警察署 笹塚交番,35.6746433,139.6673055
窃盗,車上ねらい,代々木,笹塚交番,131130.0,東京都,渋谷区,笹塚１丁目,2022/6/19,12,道路上,その他,施錠せず,あり,渋谷区笹塚１丁目,35.6735852,139.6684438, 代々木警察署 笹塚交番,35.6746433,139.6673055
窃盗,車上ねらい,代々木,笹塚交番,131130.0,東京都,渋谷区,笹塚２丁目,2022/9/21,8,その他,駐車（輪）場,施錠せず,あり,渋谷区笹塚２丁目,35.6751474,139.6673173, 代々木警察署 笹塚交番,35.6746433,139.6673055
窃盗,車上ねらい,牛込,大曲交番,131041.0,東京都,新宿区,新小川町,2022/2/4,15,駐車（輪）場,駐車（輪）場,施錠した,あり,新宿区新小川町,35.7062925,139.7424138, 牛込警察署 大曲交番,35.7077092,139.7427326
窃盗,車上ねらい,牛込,柳町交番,131041.0,東京都,新宿区,弁天町,2022/6/9,12,一戸建住宅,駐車（輪）場,施錠せず,あり,新宿区弁天町,35.7031495,139.7268033, 牛込警察署 柳町交番,35.699505,139.7266737
窃盗,車上ねらい,牛込,河田町交番,131041.0,東京都,新宿区,若松町,2022/8/18,14,４階建て以上共同住宅,その他,施錠せず,なし,新宿区若松町,35.7001758,139.7176301, 牛込警察署 河田町交番,35.6987267,139.7173304
窃盗,車上ねらい,牛込,馬場下交番,131041.0,東京都,新宿区,早稲田町,2021/12/31,13,一戸建住宅,駐車（輪）場,施錠せず,あり,新宿区早稲田町,35.7060202,139.7227156, 牛込警察署 馬場下交番,35.706654,139.71849374507576
窃盗,車上ねらい,新宿,北新宿一丁目交番,131041.0,東京都,新宿区,北新宿２丁目,2022/1/31,19,４階建て以上共同住宅,その他,施錠せず,なし,新宿区北新宿２丁目,35.6985362,139.6898881, 新宿警察署 北新宿一丁目交番,35.6971287,139.6907732
窃盗,車上ねらい,新宿,大久保交番,131041.0,東京都,新宿区,大久保１丁目,2022/1/22,14,その他,駐車（輪）場,施錠せず,なし,新宿区大久保１丁目,35.6997092,139.7053014, 新宿警察署 大久保交番,,
窃盗,車上ねらい,新宿,大久保交番,131041.0,東京都,新宿区,大久保１丁目,2022/6/18,17,道路上,その他,施錠せず,あり,新宿区大久保１丁目,35.6997092,139.7053014, 新宿警察署 大久保交番,,
窃盗,車上ねらい,新宿,大久保交番,131041.0,東京都,新宿区,大久保１丁目,2022/9/25,12,その他,その他,施錠せず,あり,新宿区大久保１丁目,35.6997092,139.7053014, 新宿警察署 大久保交番,,
窃盗,車上ねらい,新宿,大久保交番,131041.0,東京都,新宿区,大久保２丁目,2022/6/4,20,その他,駐車（輪）場,施錠せず,なし,新宿区大久保２丁目,35.7026693,139.7061959, 新宿警察署 大久保交番,,
窃盗,車上ねらい,新宿,大久保交番,131041.0,東京都,新宿区,大久保２丁目,2022/8/5,22,４階建て以上共同住宅,駐車（輪）場,施錠せず,あり,新宿区大久保２丁目,35.7026693,139.7061959, 新宿警察署 大久保交番,,
窃盗,車上ねらい,新宿,大久保交番,131041.0,東京都,新宿区,大久保３丁目,2022/5/12,8,４階建て以上共同住宅,その他,施錠せず,あり,新宿区大久保３丁目,35.7067455,139.7057185, 新宿警察署 大久保交番,,
窃盗,車上ねらい,新宿,成子坂交番,131041.0,東京都,新宿区,西新宿６丁目,2022/8/1,16,その他,駐車（輪）場,施錠せず,なし,新宿区西新宿６丁目,35.6934303,139.6912801, 新宿警察署 成子坂交番,35.6945091,139.6919329
窃盗,車上ねらい,新宿,成子坂交番,131041.0,東京都,新宿区,西新宿７丁目,2022/11/19,15,道路上,その他,施錠せず,あり,新宿区西新宿７丁目,35.6955705,139.6977013, 新宿警察署 成子坂交番,35.6945091,139.6919329
窃盗,車上ねらい,新宿,成子坂交番,131041.0,東京都,新宿区,西新宿８丁目,2022/5/14,16,４階建て以上共同住宅,駐車（輪）場,施錠せず,なし,新宿区西新宿８丁目,35.6957829,139.6930571, 新宿警察署 成子坂交番,35.6945091,139.6919329
窃盗,車上ねらい,新宿,新宿六丁目交番,131041.0,東京都,新宿区,新宿６丁目,2022/1/27,9,駐車（輪）場,駐車（輪）場,施錠した,あり,新宿区新宿６丁目,35.6953385,139.7102138, 新宿警察署 新宿六丁目交番,,
窃盗,車上ねらい,新宿,新宿六丁目交番,131041.0,東京都,新宿区,新宿６丁目,2022/2/21,20,駐車（輪）場,駐車（輪）場,施錠した,あり,新宿区新宿６丁目,35.6953385,139.7102138, 新宿警察署 新宿六丁目交番,,
窃盗,車上ねらい,新宿,新宿六丁目交番,131041.0,東京都,新宿区,新宿６丁目,2022/10/27,17,４階建て以上共同住宅,その他,施錠せず,あり,新宿区新宿６丁目,35.6953385,139.7102138, 新宿警察署 新宿六丁目交番,,
窃盗,車上ねらい,新宿,新宿六丁目交番,131041.0,東京都,新宿区,新宿７丁目,2022/5/6,11,道路上,その他,施錠せず,あり,新宿区新宿７丁目,35.6995926,139.7112311, 新宿警察署 新宿六丁目交番,,
窃盗,車上ねらい,新宿,新宿六丁目交番,131041.0,東京都,新宿区,新宿７丁目,2022/6/25,15,道路上,その他,施錠せず,なし,新宿区新宿７丁目,35.6995926,139.7112311, 新宿警察署 新宿六丁目交番,,
窃盗,車上ねらい,新宿,新宿六丁目交番,131041.0,東京都,新宿区,新宿７丁目,2022/9/17,10,道路上,その他,施錠せず,あり,新宿区新宿７丁目,35.6995926,139.7112311, 新宿警察署 新宿六丁目交番,,
窃盗,車上ねらい,新宿,新宿駅東口交番,131041.0,東京都,新宿区,新宿３丁目,2017/4/18,12,道路上,その他,施錠せず,あり,新宿区新宿３丁目,35.691229,139.7038262, 新宿警察署 新宿駅東口交番,35.6917673,139.7011426
窃盗,車上ねらい,新宿,新宿駅東口交番,131041.0,東京都,新宿区,新宿３丁目,2022/7/22,13,道路上,その他,施錠せず,あり,新宿区新宿３丁目,35.691229,139.7038262, 新宿警察署 新宿駅東口交番,35.6917673,139.7011426
窃盗,車上ねらい,新宿,新宿駅東口交番,131041.0,東京都,新宿区,新宿７丁目,2022/11/16,21,駐車（輪）場,駐車（輪）場,施錠せず,なし,新宿区新宿７丁目,35.6995926,139.7112311, 新宿警察署 新宿駅東口交番,35.6917673,139.7011426
窃盗,車上ねらい,新宿,新宿駅西口交番,131041.0,東京都,新宿区,西新宿１丁目,2022/4/5,18,道路上,その他,施錠せず,なし,新宿区西新宿１丁目,35.6903697,139.697924, 新宿警察署 新宿駅西口交番,35.690523,139.699392
窃盗,車上ねらい,新宿,歌舞伎町交番,131041.0,東京都,新宿区,歌舞伎町１丁目,2022/6/24,16,道路上,その他,施錠せず,なし,新宿区歌舞伎町１丁目,35.6953799,139.7017233, 新宿警察署 歌舞伎町交番,35.696151,139.701632
窃盗,車上ねらい,新宿,歌舞伎町交番,131041.0,東京都,新宿区,歌舞伎町２丁目,2022/4/22,23,駐車（輪）場,駐車（輪）場,施錠せず,あり,新宿区歌舞伎町２丁目,35.696554,139.7043747, 新宿警察署 歌舞伎町交番,35.696151,139.701632
窃盗,車上ねらい,新宿,歌舞伎町交番,131041.0,東京都,新宿区,歌舞伎町２丁目,2022/4/25,10,道路上,その他,施錠せず,あり,新宿区歌舞伎町２丁目,35.696554,139.7043747, 新宿警察署 歌舞伎町交番,35.696151,139.701632
窃盗,車上ねらい,新宿,歌舞伎町交番,131041.0,東京都,新宿区,歌舞伎町２丁目,2022/7/2,20,駐車（輪）場,駐車（輪）場,施錠した,なし,新宿区歌舞伎町２丁目,35.696554,139.7043747, 新宿警察署 歌舞伎町交番,35.696151,139.701632
窃盗,車上ねらい,新宿,歌舞伎町交番,131041.0,東京都,新宿区,歌舞伎町２丁目,2022/10/1,13,４階建て以上共同住宅,駐車（輪）場,施錠した,なし,新宿区歌舞伎町２丁目,35.696554,139.7043747, 新宿警察署 歌舞伎町交番,35.696151,139.701632
窃盗,車上ねらい,新宿,歌舞伎町交番,131041.0,東京都,新宿区,歌舞伎町２丁目,2022/10/1,21,駐車（輪）場,駐車（輪）場,施錠した,なし,新宿区歌舞伎町２丁目,35.696554,139.7043747, 新宿警察署 歌舞伎町交番,35.696151,139.701632
窃盗,車上ねらい,新宿,淀橋市場前交番,131041.0,東京都,新宿区,百人町３丁目,2022/5/12,8,道路上,その他,施錠せず,なし,新宿区百人町３丁目,35.7059723,139.6983558, 新宿警察署 淀橋市場前交番,35.7064252,139.6945035
窃盗,車上ねらい,新宿,熊野神社前交番,131041.0,東京都,新宿区,西新宿６丁目,2021/12/30,18,道路上,その他,施錠せず,なし,新宿区西新宿６丁目,35.6934303,139.6912801, 新宿警察署 熊野神社前交番,35.690951,139.6875688
窃盗,車上ねらい,新宿,熊野神社前交番,131041.0,東京都,新宿区,西新宿６丁目,2022/10/29,13,４階建て以上共同住宅,駐車（輪）場,施錠せず,あり,新宿区西新宿６丁目,35.6934303,139.6912801, 新宿警察署 熊野神社前交番,35.690951,139.6875688
窃盗,車上ねらい,新宿,百人町交番,131041.0,東京都,新宿区,百人町２丁目,2022/1/10,23,道路上,その他,施錠せず,あり,新宿区百人町２丁目,35.703008,139.6992999, 新宿警察署 百人町交番,35.7014352,139.6994381
窃盗,車上ねらい,新宿,百人町交番,131041.0,東京都,新宿区,百人町２丁目,2022/2/21,10,駐車（輪）場,駐車（輪）場,施錠した,なし,新宿区百人町２丁目,35.703008,139.6992999, 新宿警察署 百人町交番,35.7014352,139.6994381
窃盗,車上ねらい,新宿,百人町交番,131041.0,東京都,新宿区,百人町２丁目,2022/6/13,8,駐車（輪）場,駐車（輪）場,施錠せず,なし,新宿区百人町２丁目,35.703008,139.6992999, 新宿警察署 百人町交番,35.7014352,139.6994381
窃盗,車上ねらい,新宿,百人町交番,131041.0,東京都,新宿区,百人町２丁目,2022/7/4,18,駐車（輪）場,駐車（輪）場,施錠せず,なし,新宿区百人町２丁目,35.703008,139.6992999, 新宿警察署 百人町交番,35.7014352,139.6994381
窃盗,車上ねらい,新宿,百人町交番,131041.0,東京都,新宿区,百人町２丁目,2022/7/26,14,道路上,その他,施錠せず,あり,新宿区百人町２丁目,35.703008,139.6992999, 新宿警察署 百人町交番,35.7014352,139.6994381
窃盗,車上ねらい,新宿,百人町交番,131041.0,東京都,新宿区,百人町２丁目,2022/11/7,11,駐車（輪）場,駐車（輪）場,施錠せず,なし,新宿区百人町２丁目,35.703008,139.6992999, 新宿警察署 百人町交番,35.7014352,139.6994381
窃盗,車上ねらい,戸塚,下落合駅前交番,131041.0,東京都,新宿区,上落合１丁目,2022/12/7,16,道路上,その他,施錠せず,あり,新宿区上落合１丁目,35.7134491,139.6928358, 戸塚警察署 下落合駅前交番,35.7169651,139.6944559
窃盗,車上ねらい,戸塚,下落合駅前交番,131041.0,東京都,新宿区,下落合１丁目,2022/7/29,11,その他,その他,施錠せず,なし,新宿区下落合１丁目,35.7157706,139.7000697, 戸塚警察署 下落合駅前交番,35.7169651,139.6944559
窃盗,車上ねらい,戸塚,下落合駅前交番,131041.0,東京都,新宿区,中井２丁目,2022/8/25,13,道路上,その他,施錠せず,あり,新宿区中井２丁目,35.716425,139.6840999, 戸塚警察署 下落合駅前交番,35.7169651,139.6944559
窃盗,車上ねらい,戸塚,中落合交番,131041.0,東京都,新宿区,中落合４丁目,2022/10/23,12,道路上,その他,施錠せず,なし,新宿区中落合４丁目,35.7189217,139.6839845, 戸塚警察署 中落合交番,35.720481,139.6852334
窃盗,車上ねらい,戸塚,戸塚一丁目交番,131041.0,東京都,新宿区,西早稲田２丁目,2022/5/27,20,道路上,その他,施錠せず,あり,新宿区西早稲田２丁目,35.7088897,139.7136256, 戸塚警察署 戸塚一丁目交番,35.7120225,139.7189277
窃盗,車上ねらい,戸塚,西落合交番,131041.0,東京都,新宿区,西落合１丁目,2022/10/2,9,一戸建住宅,駐車（輪）場,施錠せず,なし,新宿区西落合１丁目,35.7211538,139.6815196, 戸塚警察署 西落合交番,35.7230635,139.6795051
窃盗,車上ねらい,戸塚,西落合交番,131041.0,東京都,新宿区,西落合２丁目,2022/11/25,12,道路上,その他,施錠せず,なし,新宿区西落合２丁目,35.720838,139.6769303, 戸塚警察署 西落合交番,35.7230635,139.6795051
窃盗,車上ねらい,戸塚,高田馬場駅前交番,131041.0,東京都,新宿区,高田馬場１丁目,2022/5/31,14,道路上,その他,施錠せず,なし,新宿区高田馬場１丁目,35.7109696,139.7069778, 戸塚警察署 高田馬場駅前交番,35.7129424,139.7042877
窃盗,車上ねらい,戸塚,高田馬場駅前交番,131041.0,東京都,新宿区,高田馬場３丁目,2022/1/12,22,道路上,その他,施錠せず,あり,新宿区高田馬場３丁目,35.713485,139.6976075, 戸塚警察署 高田馬場駅前交番,35.7129424,139.7042877
窃盗,車上ねらい,戸塚,高田馬場駅前交番,131041.0,東京都,新宿区,高田馬場３丁目,2022/5/26,21,その他の住宅（３階建て以下共同住宅等）,その他,施錠せず,あり,新宿区高田馬場３丁目,35.713485,139.6976075, 戸塚警察署 高田馬場駅前交番,35.7129424,139.7042877
窃盗,車上ねらい,戸塚,高田馬場駅前交番,131041.0,東京都,新宿区,高田馬場３丁目,2022/10/30,22,４階建て以上共同住宅,その他,施錠せず,あり,新宿区高田馬場３丁目,35.713485,139.6976075, 戸塚警察署 高田馬場駅前交番,35.7129424,139.7042877
窃盗,車上ねらい,戸塚,高田馬場駅前交番,131041.0,東京都,新宿区,高田馬場４丁目,2022/6/5,19,４階建て以上共同住宅,駐車（輪）場,施錠せず,あり,新宿区高田馬場４丁目,35.7107681,139.6998391, 戸塚警察署 高田馬場駅前交番,35.7129424,139.7042877
窃盗,車上ねらい,四谷,大京町交番,131041.0,東京都,新宿区,大京町,2022/10/11,8,その他,その他,施錠せず,あり,新宿区大京町,35.6838591,139.7171366, 四谷警察署 大京町交番,35.6831578,139.7157749
窃盗,車上ねらい,四谷,御苑大通交番,131041.0,東京都,新宿区,新宿１丁目,2022/11/26,13,道路上,その他,施錠せず,なし,新宿区新宿１丁目,35.6895408,139.7130248, 四谷警察署 御苑大通交番,35.6918454,139.7072899
窃盗,車上ねらい,四谷,御苑大通交番,131041.0,東京都,新宿区,新宿５丁目,2022/11/25,15,道路上,その他,施錠せず,あり,新宿区新宿５丁目,35.6931613,139.7081096, 四谷警察署 御苑大通交番,35.6918454,139.7072899
窃盗,車上ねらい,四谷,新宿四丁目交番,131041.0,東京都,新宿区,新宿４丁目,2022/9/24,21,駐車（輪）場,駐車（輪）場,施錠した,あり,新宿区新宿４丁目,35.6887772,139.7041534, 四谷警察署 新宿四丁目交番,35.6888533,139.7036795
窃盗,車上ねらい,四谷,新宿四丁目交番,131041.0,東京都,新宿区,新宿４丁目,2022/9/24,22,駐車（輪）場,駐車（輪）場,施錠した,あり,新宿区新宿４丁目,35.6887772,139.7041534, 四谷警察署 新宿四丁目交番,35.6888533,139.7036795
窃盗,車上ねらい,四谷,新宿四丁目交番,131041.0,東京都,新宿区,新宿４丁目,2022/9/24,23,駐車（輪）場,駐車（輪）場,施錠した,あり,新宿区新宿４丁目,35.6887772,139.7041534, 四谷警察署 新宿四丁目交番,35.6888533,139.7036795
窃盗,車上ねらい,四谷,花園交番,131041.0,東京都,新宿区,歌舞伎町１丁目,2022/5/9,8,道路上,その他,施錠せず,あり,新宿区歌舞伎町１丁目,35.6953799,139.7017233, 四谷警察署 花園交番,35.693484,139.704771
窃盗,車上ねらい,四谷,花園交番,131041.0,東京都,新宿区,新宿５丁目,2022/8/25,13,道路上,その他,施錠せず,なし,新宿区新宿５丁目,35.6931613,139.7081096, 四谷警察署 花園交番,35.693484,139.704771
窃盗,車上ねらい,四谷,追分交番,131041.0,東京都,新宿区,新宿３丁目,2022/8/25,11,道路上,その他,施錠せず,あり,新宿区新宿３丁目,35.691229,139.7038262, 四谷警察署 追分交番,35.6908759,139.7051122
窃盗,車上ねらい,四谷,追分交番,131041.0,東京都,新宿区,新宿３丁目,2022/9/7,7,道路上,その他,施錠せず,あり,新宿区新宿３丁目,35.691229,139.7038262, 四谷警察署 追分交番,35.6908759,139.7051122
窃盗,車上ねらい,中野,中央五丁目交番,131148.0,東京都,中野区,中央４丁目,2022/12/14,18,その他の住宅（３階建て以下共同住宅等）,駐車（輪）場,施錠せず,なし,中野区中央４丁目,35.7001851,139.6696883, 中野警察署 中央五丁目交番,35.6975678,139.6645609
窃盗,車上ねらい,中野,中野坂上交番,131148.0,東京都,中野区,中央２丁目,2022/8/28,15,道路上,その他,施錠せず,あり,中野区中央２丁目,35.6994511,139.6799424, 中野警察署 中野坂上交番,,
窃盗,車上ねらい,中野,中野坂上交番,131148.0,東京都,中野区,本町１丁目,2022/5/3,13,道路上,その他,施錠せず,あり,中野区本町１丁目,35.6944846,139.6843359, 中野警察署 中野坂上交番,,
窃盗,車上ねらい,中野,中野坂上交番,131148.0,東京都,中野区,本町２丁目,2022/9/27,16,その他,その他,施錠せず,なし,中野区本町２丁目,35.6947645,139.6803689, 中野警察署 中野坂上交番,,
窃盗,車上ねらい,中野,中野駅前交番,131148.0,東京都,中野区,中央２丁目,2022/10/23,0,道路上,その他,施錠せず,なし,中野区中央２丁目,35.6994511,139.6799424, 中野警察署 中野駅前交番,35.7053167,139.6661143
窃盗,車上ねらい,中野,中野駅前交番,131148.0,東京都,中野区,中野５丁目,2022/6/16,11,その他,その他,施錠せず,なし,中野区中野５丁目,35.7079412,139.6692565, 中野警察署 中野駅前交番,35.7053167,139.6661143
窃盗,車上ねらい,中野,中野駅前交番,131148.0,東京都,中野区,中野５丁目,2022/7/13,17,その他,その他,施錠せず,なし,中野区中野５丁目,35.7079412,139.6692565, 中野警察署 中野駅前交番,35.7053167,139.6661143
窃盗,車上ねらい,中野,早稲田通交番,131148.0,東京都,中野区,東中野３丁目,2022/5/14,21,道路上,その他,施錠せず,あり,中野区東中野３丁目,35.708367,139.6819293, 中野警察署 早稲田通交番,35.7093483,139.6713348
窃盗,車上ねらい,中野,鍋屋横丁交番,131148.0,東京都,中野区,中央２丁目,2022/3/2,17,道路上,その他,施錠せず,あり,中野区中央２丁目,35.6994511,139.6799424, 中野警察署 鍋屋横丁交番,35.6976865,139.672008
窃盗,車上ねらい,中野,鍋屋横丁交番,131148.0,東京都,中野区,中央３丁目,2021/12/20,18,道路上,その他,施錠せず,なし,中野区中央３丁目,35.6998911,139.6736607, 中野警察署 鍋屋横丁交番,35.6976865,139.672008
窃盗,車上ねらい,中野,鍋屋横丁交番,131148.0,東京都,中野区,本町３丁目,2022/5/24,14,道路上,その他,施錠せず,あり,中野区本町３丁目,35.6952645,139.6763644, 中野警察署 鍋屋横丁交番,35.6976865,139.672008
窃盗,車上ねらい,中野,鍋屋横丁交番,131148.0,東京都,中野区,本町４丁目,2022/5/27,17,一戸建住宅,その他,施錠した,あり,中野区本町４丁目,35.6956653,139.6711582, 中野警察署 鍋屋横丁交番,35.6976865,139.672008
窃盗,車上ねらい,野方,江古田四丁目交番,131148.0,東京都,中野区,江古田４丁目,2022/4/24,12,その他,駐車（輪）場,施錠せず,あり,中野区江古田４丁目,35.7252889,139.6622747, 野方警察署 江古田四丁目交番,35.7239934,139.6656662
窃盗,車上ねらい,野方,江古田四丁目交番,131148.0,東京都,中野区,沼袋２丁目,2022/12/10,0,その他,その他,施錠した,あり,中野区沼袋２丁目,35.7222361,139.6660888, 野方警察署 江古田四丁目交番,35.7239934,139.6656662
窃盗,車上ねらい,野方,沼袋交番,131148.0,東京都,中野区,新井３丁目,2022/4/12,20,道路上,その他,施錠せず,あり,中野区新井３丁目,35.7157684,139.6624893, 野方警察署 沼袋交番,,
窃盗,車上ねらい,野方,沼袋交番,131148.0,東京都,中野区,沼袋１丁目,2022/4/28,7,道路上,その他,施錠せず,なし,中野区沼袋１丁目,35.7193268,139.6667996, 野方警察署 沼袋交番,,
窃盗,車上ねらい,野方,野方一丁目交番,131148.0,東京都,中野区,中野４丁目,2022/9/10,19,その他,駐車（輪）場,施錠せず,あり,中野区中野４丁目,35.7077103,139.6621674, 野方警察署 野方一丁目交番,35.7113334,139.65422
窃盗,車上ねらい,野方,野方一丁目交番,131148.0,東京都,中野区,野方１丁目,2022/8/6,21,一戸建住宅,駐車（輪）場,施錠せず,あり,中野区野方１丁目,35.7111471,139.657542, 野方警察署 野方一丁目交番,35.7113334,139.65422
窃盗,車上ねらい,野方,野方一丁目交番,131148.0,東京都,中野区,野方２丁目,2022/1/17,18,道路上,その他,施錠せず,あり,中野区野方２丁目,35.714636,139.6567789, 野方警察署 野方一丁目交番,35.7113334,139.65422
窃盗,車上ねらい,野方,野方一丁目交番,131148.0,東京都,中野区,大和町１丁目,2022/4/22,13,駐車（輪）場,駐車（輪）場,施錠せず,あり,中野区大和町１丁目,35.7115718,139.652364, 野方警察署 野方一丁目交番,35.7113334,139.65422
窃盗,車上ねらい,野方,野方一丁目交番,131148.0,東京都,中野区,大和町１丁目,2022/6/30,20,道路上,その他,施錠せず,なし,中野区大和町１丁目,35.7115718,139.652364, 野方警察署 野方一丁目交番,35.7113334,139.65422
窃盗,車上ねらい,野方,野方駅前交番,131148.0,東京都,中野区,野方５丁目,2022/8/9,13,道路上,その他,施錠せず,なし,中野区野方５丁目,35.7182989,139.6524471, 野方警察署 野方駅前交番,35.7197953,139.652398
窃盗,車上ねらい,野方,鷺宮六丁目交番,131148.0,東京都,中野区,鷺宮４丁目,2022/6/28,20,一戸建住宅,その他,施錠せず,あり,中野区鷺宮４丁目,35.7246422,139.635981, 野方警察署 鷺宮六丁目交番,35.7272115,139.6274434
窃盗,車上ねらい,杉並,堀ノ内交番,131156.0,東京都,杉並区,堀ノ内２丁目,2022/2/17,13,その他,その他,施錠せず,あり,杉並区堀ノ内２丁目,35.6882195,139.6526, 杉並警察署 堀ノ内交番,35.691955,139.654415
窃盗,車上ねらい,杉並,堀ノ内交番,131156.0,東京都,杉並区,堀ノ内２丁目,2022/11/8,10,その他,駐車（輪）場,施錠せず,なし,杉並区堀ノ内２丁目,35.6882195,139.6526, 杉並警察署 堀ノ内交番,35.691955,139.654415
窃盗,車上ねらい,杉並,堀ノ内交番,131156.0,東京都,杉並区,堀ノ内３丁目,2022/1/12,17,道路上,その他,施錠せず,なし,杉並区堀ノ内３丁目,35.6927071,139.6511637, 杉並警察署 堀ノ内交番,35.691955,139.654415
窃盗,車上ねらい,杉並,成宗交番,131156.0,東京都,杉並区,成田東５丁目,2022/12/17,17,その他の住宅（３階建て以下共同住宅等）,駐車（輪）場,施錠せず,なし,杉並区成田東５丁目,35.6992332,139.6321911, 杉並警察署 成宗交番,35.7025967,139.6289299
窃盗,車上ねらい,杉並,新高円寺駅前交番,131156.0,東京都,杉並区,梅里１丁目,2022/4/21,12,４階建て以上共同住宅,その他,施錠せず,あり,杉並区梅里１丁目,35.6962033,139.6518463, 杉並警察署 新高円寺駅前交番,35.698002,139.6490257
窃盗,車上ねらい,杉並,東田町交番,131156.0,東京都,杉並区,阿佐谷南１丁目,2022/12/13,20,その他,駐車（輪）場,施錠せず,なし,杉並区阿佐谷南１丁目,35.7012176,139.6404912, 杉並警察署 東田町交番,35.6981572,139.6387906
窃盗,車上ねらい,杉並,阿佐谷北交番,131156.0,東京都,杉並区,阿佐谷北２丁目,2022/9/29,17,道路上,その他,施錠せず,あり,杉並区阿佐谷北２丁目,35.706458,139.6336032, 杉並警察署 阿佐谷北交番,35.7129505,139.6381265
窃盗,車上ねらい,杉並,阿佐谷北交番,131156.0,東京都,杉並区,阿佐谷北６丁目,2022/2/8,8,道路上,その他,施錠せず,あり,杉並区阿佐谷北６丁目,35.714073,139.6388604, 杉並警察署 阿佐谷北交番,35.7129505,139.6381265
窃盗,車上ねらい,杉並,阿佐谷駅前交番,131156.0,東京都,杉並区,阿佐谷北１丁目,2022/8/28,13,道路上,その他,施錠せず,あり,杉並区阿佐谷北１丁目,35.7076853,139.6377888, 杉並警察署 阿佐谷駅前交番,35.7046637,139.6361398
窃盗,車上ねらい,杉並,阿佐谷駅前交番,131156.0,東京都,杉並区,阿佐谷北２丁目,2022/4/24,10,道路上,その他,施錠せず,あり,杉並区阿佐谷北２丁目,35.706458,139.6336032, 杉並警察署 阿佐谷駅前交番,35.7046637,139.6361398
窃盗,車上ねらい,杉並,阿佐谷駅前交番,131156.0,東京都,杉並区,阿佐谷南２丁目,2022/10/6,19,一戸建住宅,その他,施錠せず,なし,杉並区阿佐谷南２丁目,35.7033488,139.6416391, 杉並警察署 阿佐谷駅前交番,35.7046637,139.6361398
窃盗,車上ねらい,杉並,阿佐谷駅前交番,131156.0,東京都,杉並区,阿佐谷南３丁目,2022/7/4,9,道路上,その他,施錠せず,あり,杉並区阿佐谷南３丁目,35.702164,139.6333967, 杉並警察署 阿佐谷駅前交番,35.7046637,139.6361398
窃盗,車上ねらい,杉並,高円寺交番,131156.0,東京都,杉並区,梅里１丁目,2022/4/20,17,一戸建住宅,駐車（輪）場,施錠せず,なし,杉並区梅里１丁目,35.6962033,139.6518463, 杉並警察署 高円寺交番,35.6981799,139.6558949479117
窃盗,車上ねらい,杉並,高円寺交番,131156.0,東京都,杉並区,高円寺南１丁目,2022/9/22,20,４階建て以上共同住宅,その他,施錠せず,なし,杉並区高円寺南１丁目,35.6996983,139.6591097, 杉並警察署 高円寺交番,35.6981799,139.6558949479117
窃盗,車上ねらい,杉並,高円寺南四丁目交番,131156.0,東京都,杉並区,高円寺南４丁目,2022/11/28,10,その他,駐車（輪）場,施錠せず,あり,杉並区高円寺南４丁目,35.70417,139.6527502, 杉並警察署 高円寺南四丁目交番,35.70261685,139.6525883239128
窃盗,車上ねらい,杉並,高円寺駅前交番,131156.0,東京都,杉並区,高円寺北３丁目,2022/6/27,14,道路上,その他,施錠せず,なし,杉並区高円寺北３丁目,35.7078454,139.6482776, 杉並警察署 高円寺駅前交番,35.7055907,139.6503542
窃盗,車上ねらい,杉並,高円寺駅前交番,131156.0,東京都,杉並区,高円寺南３丁目,2022/1/23,11,道路上,その他,施錠せず,なし,杉並区高円寺南３丁目,35.7014789,139.6462284, 杉並警察署 高円寺駅前交番,35.7055907,139.6503542
窃盗,車上ねらい,杉並,高円寺駅前交番,131156.0,東京都,杉並区,高円寺南３丁目,2022/6/23,23,その他,駐車（輪）場,施錠せず,なし,杉並区高円寺南３丁目,35.7014789,139.6462284, 杉並警察署 高円寺駅前交番,35.7055907,139.6503542
窃盗,車上ねらい,杉並,高円寺駅前交番,131156.0,東京都,杉並区,高円寺南４丁目,2022/8/9,22,道路上,その他,施錠せず,なし,杉並区高円寺南４丁目,35.70417,139.6527502, 杉並警察署 高円寺駅前交番,35.7055907,139.6503542
窃盗,車上ねらい,杉並,高円寺駅前交番,131156.0,東京都,杉並区,高円寺南４丁目,2022/9/13,22,道路上,その他,施錠せず,あり,杉並区高円寺南４丁目,35.70417,139.6527502, 杉並警察署 高円寺駅前交番,35.7055907,139.6503542
窃盗,車上ねらい,高井戸,上高井戸交番,131156.0,東京都,杉並区,上高井戸１丁目,2022/9/1,8,駐車（輪）場,駐車（輪）場,施錠せず,なし,杉並区上高井戸１丁目,35.673437,139.6118867, 高井戸警察署 上高井戸交番,35.6720363,139.6139557
窃盗,車上ねらい,高井戸,下高井戸交番,131156.0,東京都,杉並区,下高井戸１丁目,2022/12/19,11,道路上,その他,施錠せず,なし,杉並区下高井戸１丁目,35.6680288,139.6350087, 高井戸警察署 下高井戸交番,35.6671838,139.6389621
窃盗,車上ねらい,高井戸,富士見ヶ丘駐在所,131156.0,東京都,杉並区,久我山２丁目,2022/10/23,19,その他,その他,施錠せず,あり,杉並区久我山２丁目,35.6838929,139.6030623, 高井戸警察署 富士見ヶ丘駐在所,35.6829523,139.6066077
窃盗,車上ねらい,高井戸,方南交番,131156.0,東京都,杉並区,方南２丁目,2022/3/11,20,その他,駐車（輪）場,施錠せず,なし,杉並区方南２丁目,35.6833896,139.6587101, 高井戸警察署 方南交番,35.681179,139.657276
窃盗,車上ねらい,高井戸,浜田山交番,131156.0,東京都,杉並区,高井戸東４丁目,2022/8/3,19,その他,駐車（輪）場,施錠せず,なし,杉並区高井戸東４丁目,35.6893392,139.6196517, 高井戸警察署 浜田山交番,35.684956,139.626938
窃盗,車上ねらい,高井戸,浜田山交番,131156.0,東京都,杉並区,高井戸東４丁目,2022/11/6,18,その他,駐車（輪）場,施錠せず,なし,杉並区高井戸東４丁目,35.6893392,139.6196517, 高井戸警察署 浜田山交番,35.684956,139.626938
窃盗,車上ねらい,高井戸,西荻南交番,131156.0,東京都,杉並区,宮前５丁目,2022/1/20,18,道路上,その他,施錠せず,なし,杉並区宮前５丁目,35.694575,139.6003881, 高井戸警察署 西荻南交番,35.6970935,139.600011
窃盗,車上ねらい,高井戸,西荻南交番,131156.0,東京都,杉並区,宮前５丁目,2022/9/6,23,一戸建住宅,駐車（輪）場,施錠せず,なし,杉並区宮前５丁目,35.694575,139.6003881, 高井戸警察署 西荻南交番,35.6970935,139.600011
窃盗,車上ねらい,高井戸,西荻南交番,131156.0,東京都,杉並区,宮前５丁目,2022/10/30,16,道路上,その他,施錠せず,あり,杉並区宮前５丁目,35.694575,139.6003881, 高井戸警察署 西荻南交番,35.6970935,139.600011
窃盗,車上ねらい,高井戸,高井戸西交番,131156.0,東京都,杉並区,高井戸西３丁目,2022/5/30,15,その他,駐車（輪）場,施錠せず,なし,杉並区高井戸西３丁目,35.6880659,139.6123856, 高井戸警察署 高井戸西交番,35.6816667,139.6148666
窃盗,車上ねらい,荻窪,上井草駅前交番,131156.0,東京都,杉並区,上井草３丁目,2022/11/20,14,駐車（輪）場,駐車（輪）場,施錠せず,なし,杉並区上井草３丁目,35.7214913,139.6022925, 荻窪警察署 上井草駅前交番,35.7250422,139.6034168
窃盗,車上ねらい,荻窪,井荻駅前交番,131156.0,東京都,杉並区,下井草５丁目,2022/2/3,17,道路上,その他,施錠せず,あり,杉並区下井草５丁目,35.7219355,139.6164867, 荻窪警察署 井荻駅前交番,35.7244974,139.6146682
窃盗,車上ねらい,荻窪,井荻駅前交番,131156.0,東京都,杉並区,下井草５丁目,2022/6/16,16,道路上,その他,施錠せず,なし,杉並区下井草５丁目,35.7219355,139.6164867, 荻窪警察署 井荻駅前交番,35.7244974,139.6146682
窃盗,車上ねらい,荻窪,今川交番,131156.0,東京都,杉並区,桃井１丁目,2022/5/23,12,道路上,その他,施錠せず,なし,杉並区桃井１丁目,35.7115685,139.6132453, 荻窪警察署 今川交番,35.7192018,139.6060311
窃盗,車上ねらい,荻窪,神明駐在所,131156.0,東京都,杉並区,南荻窪２丁目,2022/12/9,13,その他,その他,施錠せず,なし,杉並区南荻窪２丁目,35.6989022,139.6103525, 荻窪警察署 神明駐在所,35.700682,139.6100535
窃盗,車上ねらい,荻窪,荻窪五丁目交番,131156.0,東京都,杉並区,南荻窪１丁目,2022/4/2,12,道路上,その他,施錠せず,なし,杉並区南荻窪１丁目,35.6959593,139.6153629, 荻窪警察署 荻窪五丁目交番,,
窃盗,車上ねらい,荻窪,荻窪五丁目交番,131156.0,東京都,杉並区,南荻窪１丁目,2022/9/30,13,その他,駐車（輪）場,施錠せず,あり,杉並区南荻窪１丁目,35.6959593,139.6153629, 荻窪警察署 荻窪五丁目交番,,
窃盗,車上ねらい,荻窪,荻窪五丁目交番,131156.0,東京都,杉並区,南荻窪４丁目,2022/1/16,19,その他,駐車（輪）場,施錠せず,なし,杉並区南荻窪４丁目,35.7012546,139.6152261, 荻窪警察署 荻窪五丁目交番,,
窃盗,車上ねらい,荻窪,荻窪五丁目交番,131156.0,東京都,杉並区,南荻窪４丁目,2022/9/9,13,その他,駐車（輪）場,施錠せず,なし,杉並区南荻窪４丁目,35.7012546,139.6152261, 荻窪警察署 荻窪五丁目交番,,
窃盗,車上ねらい,荻窪,荻窪駅北口交番,131156.0,東京都,杉並区,天沼２丁目,2022/5/25,14,道路上,その他,施錠せず,あり,杉並区天沼２丁目,35.7080425,139.6254574, 荻窪警察署 荻窪駅北口交番,35.7052276,139.6205026
窃盗,車上ねらい,荻窪,荻窪駅南口交番,131156.0,東京都,杉並区,荻窪５丁目,2022/9/30,18,その他,その他,施錠せず,あり,杉並区荻窪５丁目,35.7021846,139.6192762, 荻窪警察署 荻窪駅南口交番,35.704312,139.6208562
窃盗,車上ねらい,荻窪,西荻窪交番,131156.0,東京都,杉並区,西荻南３丁目,2022/3/29,22,その他の住宅（３階建て以下共同住宅等）,駐車（輪）場,施錠せず,なし,杉並区西荻南３丁目,35.7020953,139.6024977, 荻窪警察署 西荻窪交番,35.7040654,139.5997564
窃盗,車上ねらい,富坂,後楽交番,131059.0,東京都,文京区,春日１丁目,2022/8/14,18,道路上,その他,施錠せず,なし,文京区春日１丁目,35.7079826,139.7497188, 富坂警察署 後楽交番,35.7031619,139.7453146
窃盗,車上ねらい,富坂,後楽交番,131059.0,東京都,文京区,小石川２丁目,2022/3/7,13,道路上,その他,施錠せず,あり,文京区小石川２丁目,35.7105852,139.7494653, 富坂警察署 後楽交番,35.7031619,139.7453146
窃盗,車上ねらい,富坂,春日交番,131059.0,東京都,文京区,春日１丁目,2022/5/28,10,道路上,その他,施錠せず,なし,文京区春日１丁目,35.7079826,139.7497188, 富坂警察署 春日交番,35.7082168,139.7533473
窃盗,車上ねらい,富坂,春日交番,131059.0,東京都,文京区,春日１丁目,2022/6/1,7,その他,駐車（輪）場,施錠せず,あり,文京区春日１丁目,35.7079826,139.7497188, 富坂警察署 春日交番,35.7082168,139.7533473
窃盗,車上ねらい,富坂,春日交番,131059.0,東京都,文京区,春日１丁目,2022/11/7,10,道路上,その他,施錠せず,なし,文京区春日１丁目,35.7079826,139.7497188, 富坂警察署 春日交番,35.7082168,139.7533473
窃盗,車上ねらい,富坂,春日交番,131059.0,東京都,文京区,春日１丁目,2022/11/7,10,道路上,その他,施錠せず,なし,文京区春日１丁目,35.7079826,139.7497188, 富坂警察署 春日交番,35.7082168,139.7533473
窃盗,車上ねらい,富坂,春日交番,131059.0,東京都,文京区,小石川２丁目,2022/9/10,0,道路上,その他,施錠せず,あり,文京区小石川２丁目,35.7105852,139.7494653, 富坂警察署 春日交番,35.7082168,139.7533473
窃盗,車上ねらい,富坂,春日交番,131059.0,東京都,文京区,小石川３丁目,2022/3/2,10,駐車（輪）場,駐車（輪）場,施錠せず,あり,文京区小石川３丁目,35.7132248,139.7484098, 富坂警察署 春日交番,35.7082168,139.7533473
窃盗,車上ねらい,富坂,白山交番,131059.0,東京都,文京区,白山１丁目,2022/4/17,2,その他,駐車（輪）場,施錠せず,あり,文京区白山１丁目,35.7187802,139.7533196, 富坂警察署 白山交番,35.7194327,139.7514219
窃盗,車上ねらい,大塚,江戸川橋交番,131059.0,東京都,文京区,水道２丁目,2022/6/28,18,駐車（輪）場,駐車（輪）場,施錠せず,あり,文京区水道２丁目,35.7097979,139.7374128, 大塚警察署 江戸川橋交番,,
窃盗,車上ねらい,大塚,茗荷谷駅前交番,131059.0,東京都,文京区,小日向２丁目,2022/3/24,21,一戸建住宅,駐車（輪）場,施錠せず,あり,文京区小日向２丁目,35.7125627,139.7340533, 大塚警察署 茗荷谷駅前交番,35.71806855,139.73664902716214
窃盗,車上ねらい,本富士,壱岐坂交番,131059.0,東京都,文京区,湯島１丁目,2022/12/4,10,道路上,その他,施錠せず,あり,文京区湯島１丁目,35.7015007,139.7648478, 本富士警察署 壱岐坂交番,35.7046397,139.756468
窃盗,車上ねらい,本富士,天神町交番,131059.0,東京都,文京区,本郷３丁目,2022/3/10,14,道路上,その他,施錠せず,あり,文京区本郷３丁目,35.7044204,139.7632894, 本富士警察署 天神町交番,35.70722015,139.76980070000002
窃盗,車上ねらい,本富士,天神町交番,131059.0,東京都,文京区,本郷３丁目,2022/9/30,10,その他,駐車（輪）場,施錠せず,あり,文京区本郷３丁目,35.7044204,139.7632894, 本富士警察署 天神町交番,35.70722015,139.76980070000002
窃盗,車上ねらい,本富士,天神町交番,131059.0,東京都,文京区,湯島２丁目,2022/8/30,15,道路上,その他,施錠せず,あり,文京区湯島２丁目,35.7052252,139.7664973, 本富士警察署 天神町交番,35.70722015,139.76980070000002
窃盗,車上ねらい,本富士,天神町交番,131059.0,東京都,文京区,湯島３丁目,2022/6/4,19,駐車（輪）場,駐車（輪）場,施錠した,なし,文京区湯島３丁目,35.705712,139.7691299, 本富士警察署 天神町交番,35.70722015,139.76980070000002
窃盗,車上ねらい,本富士,天神町交番,131059.0,東京都,文京区,湯島４丁目,2022/5/6,13,４階建て以上共同住宅,駐車（輪）場,施錠せず,あり,文京区湯島４丁目,35.7089474,139.7659555, 本富士警察署 天神町交番,35.70722015,139.76980070000002
窃盗,車上ねらい,本富士,天神町交番,131059.0,東京都,文京区,湯島４丁目,2022/10/1,19,駐車（輪）場,駐車（輪）場,施錠した,あり,文京区湯島４丁目,35.7089474,139.7659555, 本富士警察署 天神町交番,35.70722015,139.76980070000002
窃盗,車上ねらい,本富士,弥生町交番,131059.0,東京都,文京区,本郷７丁目,2022/5/31,13,その他,駐車（輪）場,施錠せず,あり,文京区本郷７丁目,35.7115097,139.7640619, 本富士警察署 弥生町交番,35.715539,139.758988
窃盗,車上ねらい,本富士,本郷交番,131059.0,東京都,文京区,本郷２丁目,2022/3/10,14,その他,駐車（輪）場,施錠せず,あり,文京区本郷２丁目,35.7045065,139.7601163, 本富士警察署 本郷交番,35.7076352,139.76041159958532
窃盗,車上ねらい,本富士,本郷交番,131059.0,東京都,文京区,本郷４丁目,2022/2/10,9,４階建て以上共同住宅,駐車（輪）場,施錠せず,なし,文京区本郷４丁目,35.7094625,139.7555137, 本富士警察署 本郷交番,35.7076352,139.76041159958532
窃盗,車上ねらい,駒込,団子坂交番,131059.0,東京都,文京区,千駄木３丁目,2022/7/27,9,道路上,その他,施錠せず,なし,文京区千駄木３丁目,35.7277266,139.7628857, 駒込警察署 団子坂交番,35.7271271,139.7635955
窃盗,車上ねらい,巣鴨,サンシャイン前交番,131164.0,東京都,豊島区,東池袋２丁目,2022/2/5,5,駐車（輪）場,駐車（輪）場,施錠せず,なし,豊島区東池袋２丁目,35.7318405,139.7231974, 巣鴨警察署 サンシャイン前交番,35.7301679,139.7190727
窃盗,車上ねらい,巣鴨,サンシャイン前交番,131164.0,東京都,豊島区,東池袋３丁目,2022/1/8,16,道路上,その他,施錠せず,なし,豊島区東池袋３丁目,35.7305365,139.7195587, 巣鴨警察署 サンシャイン前交番,35.7301679,139.7190727
窃盗,車上ねらい,巣鴨,サンシャイン前交番,131164.0,東京都,豊島区,東池袋３丁目,2022/9/20,15,４階建て以上共同住宅,その他,施錠せず,なし,豊島区東池袋３丁目,35.7305365,139.7195587, 巣鴨警察署 サンシャイン前交番,35.7301679,139.7190727
窃盗,車上ねらい,巣鴨,大塚駅前交番,131164.0,東京都,豊島区,北大塚１丁目,2022/6/10,18,道路上,その他,施錠せず,なし,豊島区北大塚１丁目,35.7329708,139.7321865, 巣鴨警察署 大塚駅前交番,35.7312559,139.7292769
窃盗,車上ねらい,巣鴨,大塚駅前交番,131164.0,東京都,豊島区,南大塚１丁目,2022/7/1,14,道路上,その他,施錠せず,なし,豊島区南大塚１丁目,35.7284141,139.7351242, 巣鴨警察署 大塚駅前交番,35.7312559,139.7292769
窃盗,車上ねらい,巣鴨,大塚駅前交番,131164.0,東京都,豊島区,南大塚２丁目,2022/3/15,13,道路上,その他,施錠せず,あり,豊島区南大塚２丁目,35.7278932,139.7314261, 巣鴨警察署 大塚駅前交番,35.7312559,139.7292769
窃盗,車上ねらい,巣鴨,大塚駅前交番,131164.0,東京都,豊島区,南大塚３丁目,2022/1/3,13,道路上,その他,施錠せず,あり,豊島区南大塚３丁目,35.7290603,139.7274953, 巣鴨警察署 大塚駅前交番,35.7312559,139.7292769
窃盗,車上ねらい,巣鴨,巣鴨駅前交番,131164.0,東京都,豊島区,巣鴨１丁目,2022/7/23,12,道路上,その他,施錠せず,あり,豊島区巣鴨１丁目,35.7328543,139.7410485, 巣鴨警察署 巣鴨駅前交番,35.7336573,139.7388378
窃盗,車上ねらい,巣鴨,巣鴨駅前交番,131164.0,東京都,豊島区,巣鴨２丁目,2022/10/3,21,道路上,その他,施錠せず,なし,豊島区巣鴨２丁目,35.734976,139.7388786, 巣鴨警察署 巣鴨駅前交番,35.7336573,139.7388378
窃盗,車上ねらい,巣鴨,庚申塚交番,131164.0,東京都,豊島区,西巣鴨３丁目,2022/10/2,13,道路上,その他,施錠せず,なし,豊島区西巣鴨３丁目,35.7419668,139.7289705, 巣鴨警察署 庚申塚交番,,
窃盗,車上ねらい,巣鴨,染井駐在所,131164.0,東京都,豊島区,駒込６丁目,2021/12/28,15,一戸建住宅,駐車（輪）場,施錠せず,あり,豊島区駒込６丁目,35.7398136,139.7423105, 巣鴨警察署 染井駐在所,35.73793315,139.7408422843882
窃盗,車上ねらい,池袋,上池袋交番,131164.0,東京都,豊島区,上池袋３丁目,2022/1/31,9,道路上,その他,施錠せず,あり,豊島区上池袋３丁目,35.7390179,139.7201796, 池袋警察署 上池袋交番,35.7405757,139.7191355
窃盗,車上ねらい,池袋,六つ又交番,131164.0,東京都,豊島区,上池袋２丁目,2022/11/30,16,駐車（輪）場,駐車（輪）場,施錠せず,なし,豊島区上池袋２丁目,35.7363563,139.7176348, 池袋警察署 六つ又交番,,
窃盗,車上ねらい,池袋,川越通交番,131164.0,東京都,豊島区,池袋２丁目,2021/12/27,10,その他,駐車（輪）場,施錠せず,なし,豊島区池袋２丁目,35.7340006,139.7088419, 池袋警察署 川越通交番,35.7390943,139.7106876
窃盗,車上ねらい,池袋,川越通交番,131164.0,東京都,豊島区,池袋４丁目,2022/12/10,14,その他,その他,施錠せず,なし,豊島区池袋４丁目,35.738405,139.7093468, 池袋警察署 川越通交番,35.7390943,139.7106876
窃盗,車上ねらい,池袋,東池袋交番,131164.0,東京都,豊島区,南池袋２丁目,2022/2/27,11,道路上,その他,施錠せず,あり,豊島区南池袋２丁目,35.7265922,139.7157472, 池袋警察署 東池袋交番,35.728036,139.717269
窃盗,車上ねらい,池袋,池袋駅東口交番,131164.0,東京都,豊島区,東池袋１丁目,2022/3/29,23,道路上,その他,施錠せず,なし,豊島区東池袋１丁目,35.7313824,139.7160181, 池袋警察署 池袋駅東口交番,,
窃盗,車上ねらい,池袋,池袋駅東口交番,131164.0,東京都,豊島区,東池袋１丁目,2022/10/30,22,その他,その他,施錠せず,なし,豊島区東池袋１丁目,35.7313824,139.7160181, 池袋警察署 池袋駅東口交番,,
窃盗,車上ねらい,池袋,池袋駅西口交番,131164.0,東京都,豊島区,池袋２丁目,2022/12/8,10,４階建て以上共同住宅,駐車（輪）場,施錠せず,あり,豊島区池袋２丁目,35.7340006,139.7088419, 池袋警察署 池袋駅西口交番,,
窃盗,車上ねらい,池袋,池袋駅西口交番,131164.0,東京都,豊島区,西池袋１丁目,2022/5/12,14,駐車（輪）場,駐車（輪）場,施錠せず,なし,豊島区西池袋１丁目,35.7301653,139.709385, 池袋警察署 池袋駅西口交番,,
窃盗,車上ねらい,池袋,池袋駅西口交番,131164.0,東京都,豊島区,西池袋１丁目,2022/5/12,21,その他,駐車（輪）場,施錠せず,なし,豊島区西池袋１丁目,35.7301653,139.709385, 池袋警察署 池袋駅西口交番,,
窃盗,車上ねらい,池袋,池袋駅西口交番,131164.0,東京都,豊島区,西池袋１丁目,2022/6/19,10,道路上,その他,施錠せず,あり,豊島区西池袋１丁目,35.7301653,139.709385, 池袋警察署 池袋駅西口交番,,
窃盗,車上ねらい,池袋,池袋駅西口交番,131164.0,東京都,豊島区,西池袋１丁目,2022/12/19,12,道路上,その他,施錠せず,あり,豊島区西池袋１丁目,35.7301653,139.709385, 池袋警察署 池袋駅西口交番,,
窃盗,車上ねらい,池袋,池袋駅西口交番,131164.0,東京都,豊島区,西池袋１丁目,2022/12/21,9,駐車（輪）場,駐車（輪）場,施錠せず,あり,豊島区西池袋１丁目,35.7301653,139.709385, 池袋警察署 池袋駅西口交番,,
窃盗,車上ねらい,目白,千川交番,131164.0,東京都,豊島区,要町３丁目,2022/10/2,16,道路上,その他,施錠せず,なし,豊島区要町３丁目,35.7386707,139.6891934, 目白警察署 千川交番,35.736918,139.6909845
窃盗,車上ねらい,目白,千登世橋交番,131164.0,東京都,豊島区,高田１丁目,2022/2/9,15,その他,駐車（輪）場,施錠せず,なし,豊島区高田１丁目,35.7151706,139.7164339, 目白警察署 千登世橋交番,35.7187458,139.7141937
窃盗,車上ねらい,目白,南池袋交番,131164.0,東京都,豊島区,南池袋３丁目,2022/9/3,8,駐車（輪）場,駐車（輪）場,施錠せず,あり,豊島区南池袋３丁目,35.72431495,139.71428192058823, 目白警察署 南池袋交番,35.7264157,139.711838
窃盗,車上ねらい,目白,南長崎交番,131164.0,東京都,豊島区,南長崎３丁目,2022/1/21,16,その他の住宅（３階建て以下共同住宅等）,その他,施錠せず,あり,豊島区南長崎３丁目,35.725142,139.6878161, 目白警察署 南長崎交番,35.7229312,139.689339
窃盗,車上ねらい,目白,椎名町駅前交番,131164.0,東京都,豊島区,長崎２丁目,2022/1/11,20,その他,駐車（輪）場,施錠せず,あり,豊島区長崎２丁目,35.7290124,139.6920338, 目白警察署 椎名町駅前交番,35.7264979,139.6951156
窃盗,車上ねらい,目白,椎名町駅前交番,131164.0,東京都,豊島区,長崎２丁目,2022/6/3,0,その他,駐車（輪）場,施錠せず,なし,豊島区長崎２丁目,35.7290124,139.6920338, 目白警察署 椎名町駅前交番,35.7264979,139.6951156
窃盗,車上ねらい,目白,椎名町駅前交番,131164.0,東京都,豊島区,長崎２丁目,2022/7/9,22,駐車（輪）場,駐車（輪）場,施錠せず,なし,豊島区長崎２丁目,35.7290124,139.6920338, 目白警察署 椎名町駅前交番,35.7264979,139.6951156
窃盗,車上ねらい,目白,要町交番,131164.0,東京都,豊島区,要町１丁目,2022/11/5,12,道路上,その他,施錠せず,なし,豊島区要町１丁目,35.7348247,139.6964917, 目白警察署 要町交番,35.7328416,139.6995168
窃盗,車上ねらい,目白,要町交番,131164.0,東京都,豊島区,高松２丁目,2022/10/2,12,４階建て以上共同住宅,駐車（輪）場,施錠せず,あり,豊島区高松２丁目,35.7381819,139.6986589, 目白警察署 要町交番,35.7328416,139.6995168
窃盗,車上ねらい,目白,雑司が谷交番,131164.0,東京都,豊島区,東池袋５丁目,2022/4/19,12,道路上,その他,施錠せず,なし,豊島区東池袋５丁目,35.7260358,139.7235605, 目白警察署 雑司が谷交番,35.7242123,139.7183299
窃盗,車上ねらい,滝野川,尾久駅前交番,131172.0,東京都,北区,上中里２丁目,2022/8/21,17,一戸建住宅,駐車（輪）場,施錠せず,なし,北区上中里２丁目,35.74543,139.7529503, 滝野川警察署 尾久駅前交番,35.7468369,139.7549562
窃盗,車上ねらい,王子,十条仲原交番,131172.0,東京都,北区,上十条５丁目,2022/4/5,22,一戸建住宅,駐車（輪）場,施錠せず,なし,北区上十条５丁目,35.7658266,139.7166145, 王子警察署 十条仲原交番,35.765446,139.719275
窃盗,車上ねらい,王子,十条仲原交番,131172.0,東京都,北区,中十条３丁目,2022/3/4,23,道路上,その他,施錠せず,なし,北区中十条３丁目,35.7648309,139.7240209, 王子警察署 十条仲原交番,35.765446,139.719275
窃盗,車上ねらい,王子,十条駅前交番,131172.0,東京都,北区,上十条２丁目,2022/6/16,14,道路上,その他,施錠せず,あり,北区上十条２丁目,35.7592366,139.7202637, 王子警察署 十条駅前交番,,
窃盗,車上ねらい,王子,東十条交番,131172.0,東京都,北区,王子５丁目,2022/5/8,10,道路上,その他,施錠せず,なし,北区王子５丁目,35.764854,139.735301, 王子警察署 東十条交番,35.7660048,139.7286049
窃盗,車上ねらい,王子,王子五丁目交番,131172.0,東京都,北区,王子５丁目,2022/2/6,22,その他,駐車（輪）場,施錠せず,なし,北区王子５丁目,35.764854,139.735301, 王子警察署 王子五丁目交番,35.766171,139.735238
窃盗,車上ねらい,王子,王子五丁目交番,131172.0,東京都,北区,豊島７丁目,2022/9/29,21,道路上,その他,施錠せず,あり,北区豊島７丁目,35.7641498,139.743873, 王子警察署 王子五丁目交番,35.766171,139.735238
窃盗,車上ねらい,王子,王子五丁目交番,131172.0,東京都,北区,豊島８丁目,2022/6/9,16,その他,駐車（輪）場,施錠せず,なし,北区豊島８丁目,35.7660049,139.7402185, 王子警察署 王子五丁目交番,35.766171,139.735238
窃盗,車上ねらい,王子,王子駅前交番,131172.0,東京都,北区,豊島３丁目,2022/4/10,2,道路上,その他,施錠せず,なし,北区豊島３丁目,35.7608797,139.7455454, 王子警察署 王子駅前交番,35.753206,139.73809
窃盗,車上ねらい,王子,王子駅前交番,131172.0,東京都,北区,堀船１丁目,2022/8/20,6,その他,その他,施錠せず,なし,北区堀船１丁目,35.7530221,139.743573, 王子警察署 王子駅前交番,35.753206,139.73809
窃盗,車上ねらい,王子,王子駅前交番,131172.0,東京都,北区,堀船２丁目,2022/11/16,10,４階建て以上共同住宅,駐車（輪）場,施錠せず,なし,北区堀船２丁目,35.7543981,139.7456115, 王子警察署 王子駅前交番,35.753206,139.73809
窃盗,車上ねらい,王子,王子駅前交番,131172.0,東京都,北区,堀船３丁目,2022/7/28,7,道路上,その他,施錠せず,あり,北区堀船３丁目,35.7548287,139.7492883, 王子警察署 王子駅前交番,35.753206,139.73809
窃盗,車上ねらい,王子,豊島五丁目駐在所,131172.0,東京都,北区,豊島５丁目,2022/9/25,21,駐車（輪）場,駐車（輪）場,施錠せず,あり,北区豊島５丁目,35.7663583,139.754694, 王子警察署 豊島五丁目駐在所,35.764379,139.749669
窃盗,車上ねらい,王子,豊島五丁目駐在所,131172.0,東京都,北区,豊島５丁目,2022/9/30,16,その他,その他,施錠せず,なし,北区豊島５丁目,35.7663583,139.754694, 王子警察署 豊島五丁目駐在所,35.764379,139.749669
窃盗,車上ねらい,王子,豊島五丁目駐在所,131172.0,東京都,北区,豊島５丁目,2022/10/24,21,４階建て以上共同住宅,その他,施錠せず,なし,北区豊島５丁目,35.7663583,139.754694, 王子警察署 豊島五丁目駐在所,35.764379,139.749669
窃盗,車上ねらい,赤羽,宮堀交番,131172.0,東京都,北区,神谷２丁目,2022/3/1,18,その他の住宅（３階建て以下共同住宅等）,その他,施錠せず,なし,北区神谷２丁目,35.7723515,139.7278923, 赤羽警察署 宮堀交番,35.7698269,139.7344397
窃盗,車上ねらい,赤羽,宮堀交番,131172.0,東京都,北区,神谷２丁目,2022/12/11,14,その他,その他,施錠せず,なし,北区神谷２丁目,35.7723515,139.7278923, 赤羽警察署 宮堀交番,35.7698269,139.7344397
窃盗,車上ねらい,赤羽,岩淵交番,131172.0,東京都,北区,赤羽３丁目,2022/5/4,15,駐車（輪）場,駐車（輪）場,施錠せず,あり,北区赤羽３丁目,35.786752,139.718311, 赤羽警察署 岩淵交番,35.7867454,139.7223784
窃盗,車上ねらい,赤羽,浮間交番,131172.0,東京都,北区,浮間１丁目,2022/2/15,10,道路上,その他,施錠せず,あり,北区浮間１丁目,35.7910055,139.7061186, 赤羽警察署 浮間交番,35.7898038,139.6972592
窃盗,車上ねらい,赤羽,浮間交番,131172.0,東京都,北区,浮間３丁目,2022/7/1,16,駐車（輪）場,駐車（輪）場,施錠せず,なし,北区浮間３丁目,35.7862749,139.7020311, 赤羽警察署 浮間交番,35.7898038,139.6972592
窃盗,車上ねらい,赤羽,赤羽駅前交番,131172.0,東京都,北区,赤羽１丁目,2022/7/4,16,道路上,その他,施錠せず,あり,北区赤羽１丁目,35.7806673,139.7206438, 赤羽警察署 赤羽駅前交番,35.778420499999996,139.72107649136842
窃盗,車上ねらい,赤羽,赤羽駅前交番,131172.0,東京都,北区,赤羽２丁目,2022/3/5,19,その他,駐車（輪）場,施錠せず,なし,北区赤羽２丁目,35.7798362,139.7244803, 赤羽警察署 赤羽駅前交番,35.778420499999996,139.72107649136842
窃盗,車上ねらい,赤羽,赤羽駅前交番,131172.0,東京都,北区,赤羽西１丁目,2022/4/7,8,駐車（輪）場,駐車（輪）場,施錠せず,あり,北区赤羽西１丁目,35.7774195,139.7189651, 赤羽警察署 赤羽駅前交番,35.778420499999996,139.72107649136842
窃盗,車上ねらい,赤羽,赤羽駅前交番,131172.0,東京都,北区,志茂１丁目,2022/5/8,16,その他の住宅（３階建て以下共同住宅等）,駐車（輪）場,施錠せず,なし,北区志茂１丁目,35.776325,139.7296603, 赤羽警察署 赤羽駅前交番,35.778420499999996,139.72107649136842
窃盗,車上ねらい,赤羽,赤羽駅前交番,131172.0,東京都,北区,志茂１丁目,2022/5/25,20,道路上,その他,施錠せず,あり,北区志茂１丁目,35.776325,139.7296603, 赤羽警察署 赤羽駅前交番,35.778420499999996,139.72107649136842
窃盗,車上ねらい,板橋,上板橋駅前交番,131199.0,東京都,板橋区,上板橋１丁目,2022/1/14,16,駐車（輪）場,駐車（輪）場,施錠せず,なし,板橋区上板橋１丁目,35.7615715,139.6773088, 板橋警察署 上板橋駅前交番,35.763517,139.6770326
窃盗,車上ねらい,板橋,上板橋駅前交番,131199.0,東京都,板橋区,常盤台４丁目,2022/1/13,10,その他の住宅（３階建て以下共同住宅等）,その他,施錠せず,あり,板橋区常盤台４丁目,35.763645,139.679446, 板橋警察署 上板橋駅前交番,35.763517,139.6770326
窃盗,車上ねらい,板橋,上板橋駅前交番,131199.0,東京都,板橋区,常盤台４丁目,2022/5/26,20,その他,駐車（輪）場,施錠せず,なし,板橋区常盤台４丁目,35.763645,139.679446, 板橋警察署 上板橋駅前交番,35.763517,139.6770326
窃盗,車上ねらい,板橋,上板橋駅前交番,131199.0,東京都,板橋区,常盤台４丁目,2022/7/15,20,道路上,その他,施錠せず,なし,板橋区常盤台４丁目,35.763645,139.679446, 板橋警察署 上板橋駅前交番,35.763517,139.6770326
窃盗,車上ねらい,板橋,上板橋駅前交番,131199.0,東京都,板橋区,常盤台４丁目,2022/10/5,7,その他,その他,施錠せず,あり,板橋区常盤台４丁目,35.763645,139.679446, 板橋警察署 上板橋駅前交番,35.763517,139.6770326
窃盗,車上ねらい,板橋,中板橋交番,131199.0,東京都,板橋区,栄町,2022/5/19,9,道路上,その他,施錠せず,あり,板橋区栄町,35.753072,139.702148, 板橋警察署 中板橋交番,35.755783,139.695797
窃盗,車上ねらい,板橋,中板橋交番,131199.0,東京都,板橋区,栄町,2022/8/23,1,４階建て以上共同住宅,駐車（輪）場,施錠せず,あり,板橋区栄町,35.753072,139.702148, 板橋警察署 中板橋交番,35.755783,139.695797
窃盗,車上ねらい,板橋,中板橋交番,131199.0,東京都,板橋区,中板橋,2022/6/24,22,４階建て以上共同住宅,駐車（輪）場,施錠せず,あり,板橋区中板橋,35.7559315,139.6980882, 板橋警察署 中板橋交番,35.755783,139.695797
窃盗,車上ねらい,板橋,中板橋交番,131199.0,東京都,板橋区,中板橋,2022/11/9,10,道路上,その他,施錠せず,なし,板橋区中板橋,35.7559315,139.6980882, 板橋警察署 中板橋交番,35.755783,139.695797
窃盗,車上ねらい,板橋,中板橋交番,131199.0,東京都,板橋区,仲町,2022/6/4,13,道路上,その他,施錠せず,なし,板橋区仲町,35.7530064,139.6975348, 板橋警察署 中板橋交番,35.755783,139.695797
窃盗,車上ねらい,板橋,中板橋交番,131199.0,東京都,板橋区,双葉町,2022/4/15,23,道路上,その他,施錠せず,あり,板橋区双葉町,35.757975,139.698913, 板橋警察署 中板橋交番,35.755783,139.695797
窃盗,車上ねらい,板橋,加賀交番,131199.0,東京都,板橋区,板橋３丁目,2022/1/18,13,その他,駐車（輪）場,施錠せず,なし,板橋区板橋３丁目,35.7518344,139.7137882, 板橋警察署 加賀交番,35.7532628,139.7161486
窃盗,車上ねらい,板橋,大山町交番,131199.0,東京都,板橋区,大山金井町,2022/11/25,5,道路上,その他,施錠せず,あり,板橋区大山金井町,35.746218150000004,139.70517910021468, 板橋警察署 大山町交番,35.7485412,139.6971807
窃盗,車上ねらい,板橋,大山町交番,131199.0,東京都,板橋区,大山町,2022/3/1,13,道路上,その他,施錠せず,あり,板橋区大山町,35.7485391,139.6997333, 板橋警察署 大山町交番,35.7485412,139.6971807
窃盗,車上ねらい,板橋,大山町交番,131199.0,東京都,板橋区,大山町,2022/6/26,18,道路上,その他,施錠せず,あり,板橋区大山町,35.7485391,139.6997333, 板橋警察署 大山町交番,35.7485412,139.6971807
窃盗,車上ねらい,板橋,大山町交番,131199.0,東京都,板橋区,大山町,2022/9/8,12,道路上,その他,施錠せず,あり,板橋区大山町,35.7485391,139.6997333, 板橋警察署 大山町交番,35.7485412,139.6971807
窃盗,車上ねらい,板橋,大山町交番,131199.0,東京都,板橋区,幸町,2022/1/9,15,道路上,その他,施錠せず,なし,板橋区幸町,35.74458835,139.69705462113575, 板橋警察署 大山町交番,35.7485412,139.6971807
窃盗,車上ねらい,板橋,大山町交番,131199.0,東京都,板橋区,幸町,2022/6/29,17,４階建て以上共同住宅,駐車（輪）場,施錠せず,あり,板橋区幸町,35.74458835,139.69705462113575, 板橋警察署 大山町交番,35.7485412,139.6971807
窃盗,車上ねらい,板橋,大山町交番,131199.0,東京都,板橋区,幸町,2022/7/26,11,道路上,その他,施錠せず,なし,板橋区幸町,35.74458835,139.69705462113575, 板橋警察署 大山町交番,35.7485412,139.6971807
窃盗,車上ねらい,板橋,大山町交番,131199.0,東京都,板橋区,幸町,2022/10/22,14,道路上,その他,施錠せず,なし,板橋区幸町,35.74458835,139.69705462113575, 板橋警察署 大山町交番,35.7485412,139.6971807
窃盗,車上ねらい,板橋,大山町交番,131199.0,東京都,板橋区,幸町,2022/10/30,14,道路上,その他,施錠せず,あり,板橋区幸町,35.74458835,139.69705462113575, 板橋警察署 大山町交番,35.7485412,139.6971807
窃盗,車上ねらい,板橋,大谷口交番,131199.0,東京都,板橋区,大谷口北町,2022/8/28,10,道路上,その他,施錠せず,あり,板橋区大谷口北町,35.7508628,139.6889781, 板橋警察署 大谷口交番,35.7461162,139.6911159
窃盗,車上ねらい,板橋,大谷口交番,131199.0,東京都,板橋区,大山西町,2022/6/10,3,一戸建住宅,その他,施錠せず,なし,板橋区大山西町,35.746647,139.695736, 板橋警察署 大谷口交番,35.7461162,139.6911159
窃盗,車上ねらい,板橋,大谷口交番,131199.0,東京都,板橋区,大山西町,2022/7/19,13,一戸建住宅,駐車（輪）場,施錠せず,あり,板橋区大山西町,35.746647,139.695736, 板橋警察署 大谷口交番,35.7461162,139.6911159
窃盗,車上ねらい,板橋,大谷口交番,131199.0,東京都,板橋区,大山西町,2022/7/30,0,その他の住宅（３階建て以下共同住宅等）,駐車（輪）場,施錠せず,なし,板橋区大山西町,35.746647,139.695736, 板橋警察署 大谷口交番,35.7461162,139.6911159
窃盗,車上ねらい,板橋,常盤台交番,131199.0,東京都,板橋区,弥生町,2022/11/16,12,その他,その他,施錠せず,あり,板橋区弥生町,35.7535975,139.6928227, 板橋警察署 常盤台交番,35.7585929,139.6900187
窃盗,車上ねらい,板橋,平尾交番,131199.0,東京都,板橋区,板橋２丁目,2022/1/29,9,道路上,その他,施錠せず,なし,板橋区板橋２丁目,35.748165,139.711087, 板橋警察署 平尾交番,35.74906,139.7155152
窃盗,車上ねらい,板橋,平尾交番,131199.0,東京都,板橋区,板橋２丁目,2022/4/18,9,道路上,その他,施錠せず,なし,板橋区板橋２丁目,35.748165,139.711087, 板橋警察署 平尾交番,35.74906,139.7155152
窃盗,車上ねらい,板橋,平尾交番,131199.0,東京都,板橋区,板橋２丁目,2022/8/21,18,その他,駐車（輪）場,施錠せず,なし,板橋区板橋２丁目,35.748165,139.711087, 板橋警察署 平尾交番,35.74906,139.7155152
窃盗,車上ねらい,板橋,平尾交番,131199.0,東京都,板橋区,板橋２丁目,2022/9/16,19,駐車（輪）場,駐車（輪）場,施錠した,あり,板橋区板橋２丁目,35.748165,139.711087, 板橋警察署 平尾交番,35.74906,139.7155152
窃盗,車上ねらい,板橋,平尾交番,131199.0,東京都,板橋区,板橋４丁目,2022/1/10,17,４階建て以上共同住宅,駐車（輪）場,施錠せず,なし,板橋区板橋４丁目,35.7508082,139.718925, 板橋警察署 平尾交番,35.74906,139.7155152
窃盗,車上ねらい,板橋,東山町交番,131199.0,東京都,板橋区,東新町２丁目,2022/3/16,2,道路上,その他,施錠せず,あり,板橋区東新町２丁目,35.754778,139.681427, 板橋警察署 東山町交番,35.7552757,139.6876379
窃盗,車上ねらい,板橋,東山町交番,131199.0,東京都,板橋区,弥生町,2022/1/30,17,道路上,その他,施錠せず,あり,板橋区弥生町,35.7535975,139.6928227, 板橋警察署 東山町交番,35.7552757,139.6876379
窃盗,車上ねらい,板橋,板橋本町交番,131199.0,東京都,板橋区,仲宿,2022/1/7,18,一戸建住宅,その他,施錠せず,なし,板橋区仲宿,35.7553466,139.7098504, 板橋警察署 板橋本町交番,35.7592239,139.7077697
窃盗,車上ねらい,板橋,板橋本町交番,131199.0,東京都,板橋区,大和町,2022/9/23,11,道路上,その他,施錠せず,なし,板橋区大和町,35.758799,139.70469, 板橋警察署 板橋本町交番,35.7592239,139.7077697
窃盗,車上ねらい,板橋,熊野町交番,131199.0,東京都,板橋区,中丸町,2022/7/18,20,４階建て以上共同住宅,駐車（輪）場,施錠せず,なし,板橋区中丸町,35.741503800000004,139.70416585995173, 板橋警察署 熊野町交番,,
窃盗,車上ねらい,板橋,熊野町交番,131199.0,東京都,板橋区,中丸町,2022/9/30,15,その他の住宅（３階建て以下共同住宅等）,その他,施錠せず,なし,板橋区中丸町,35.741503800000004,139.70416585995173, 板橋警察署 熊野町交番,,
窃盗,車上ねらい,板橋,茂呂交番,131199.0,東京都,板橋区,向原１丁目,2022/7/20,10,その他の住宅（３階建て以下共同住宅等）,駐車（輪）場,施錠せず,なし,板橋区向原１丁目,35.7419383,139.6852934, 板橋警察署 茂呂交番,35.7477053,139.6775504
窃盗,車上ねらい,板橋,養育院前交番,131199.0,東京都,板橋区,氷川町,2022/8/1,13,駐車（輪）場,駐車（輪）場,施錠せず,あり,板橋区氷川町,35.7539866,139.7064835, 板橋警察署 養育院前交番,35.7498544,139.7017064
窃盗,車上ねらい,志村,中台三丁目交番,131199.0,東京都,板橋区,中台３丁目,2022/2/24,10,４階建て以上共同住宅,その他,施錠せず,なし,板橋区中台３丁目,35.7725817,139.6790203, 志村警察署 中台三丁目交番,35.7745702,139.677869
窃盗,車上ねらい,志村,中台交番,131199.0,東京都,板橋区,中台１丁目,2022/7/26,17,その他,駐車（輪）場,施錠せず,なし,板橋区中台１丁目,35.7670423,139.6789899, 志村警察署 中台交番,35.7687595,139.6764025
窃盗,車上ねらい,志村,前野町交番,131199.0,東京都,板橋区,前野町１丁目,2022/10/13,16,その他,駐車（輪）場,施錠せず,なし,板橋区前野町１丁目,35.7651255,139.695542, 志村警察署 前野町交番,35.7662213,139.6951023
窃盗,車上ねらい,志村,坂上交番,131199.0,東京都,板橋区,小豆沢３丁目,2022/7/3,20,その他,駐車（輪）場,施錠せず,なし,板橋区小豆沢３丁目,35.778658,139.695487, 志村警察署 坂上交番,35.7765479,139.694403
窃盗,車上ねらい,志村,坂上交番,131199.0,東京都,板橋区,志村２丁目,2022/3/6,18,道路上,その他,施錠せず,なし,板橋区志村２丁目,35.776964,139.6900044, 志村警察署 坂上交番,35.7765479,139.694403
窃盗,車上ねらい,志村,坂上交番,131199.0,東京都,板橋区,志村３丁目,2022/3/8,14,道路上,その他,施錠せず,なし,板橋区志村３丁目,35.7772732,139.6848541, 志村警察署 坂上交番,35.7765479,139.694403
窃盗,車上ねらい,志村,坂下交番,131199.0,東京都,板橋区,坂下２丁目,2022/1/16,18,駐車（輪）場,駐車（輪）場,施錠せず,なし,板橋区坂下２丁目,35.7828898,139.6830494, 志村警察署 坂下交番,35.7878838,139.6847005
窃盗,車上ねらい,志村,坂下交番,131199.0,東京都,板橋区,坂下２丁目,2022/9/8,15,一戸建住宅,駐車（輪）場,施錠せず,なし,板橋区坂下２丁目,35.7828898,139.6830494, 志村警察署 坂下交番,35.7878838,139.6847005
窃盗,車上ねらい,志村,坂下交番,131199.0,東京都,板橋区,坂下３丁目,2022/6/18,17,その他,その他,施錠せず,なし,板橋区坂下３丁目,35.7884022,139.6829022, 志村警察署 坂下交番,35.7878838,139.6847005
窃盗,車上ねらい,志村,坂下交番,131199.0,東京都,板橋区,坂下３丁目,2022/10/24,10,道路上,その他,施錠せず,なし,板橋区坂下３丁目,35.7884022,139.6829022, 志村警察署 坂下交番,35.7878838,139.6847005
窃盗,車上ねらい,志村,坂下交番,131199.0,東京都,板橋区,舟渡３丁目,2022/2/18,5,その他,その他,施錠せず,あり,板橋区舟渡３丁目,35.7957332,139.6827958, 志村警察署 坂下交番,35.7878838,139.6847005
窃盗,車上ねらい,志村,小豆沢交番,131199.0,東京都,板橋区,小豆沢４丁目,2022/10/19,18,その他,その他,施錠せず,なし,板橋区小豆沢４丁目,35.781141,139.699359, 志村警察署 小豆沢交番,35.774503,139.701685
窃盗,車上ねらい,志村,小豆沢交番,131199.0,東京都,板橋区,泉町,2022/11/19,19,その他の住宅（３階建て以下共同住宅等）,その他,施錠せず,なし,板橋区泉町,35.7669048,139.7007048, 志村警察署 小豆沢交番,35.774503,139.701685
窃盗,車上ねらい,志村,小豆沢交番,131199.0,東京都,板橋区,蓮沼町,2022/1/16,16,一戸建住宅,その他,施錠せず,あり,板橋区蓮沼町,35.7706619,139.7032367, 志村警察署 小豆沢交番,35.774503,139.701685
窃盗,車上ねらい,志村,清水町交番,131199.0,東京都,板橋区,泉町,2022/5/11,9,４階建て以上共同住宅,駐車（輪）場,施錠せず,あり,板橋区泉町,35.7669048,139.7007048, 志村警察署 清水町交番,,
窃盗,車上ねらい,志村,清水町交番,131199.0,東京都,板橋区,大原町,2022/7/17,23,道路上,その他,施錠せず,あり,板橋区大原町,35.7689399,139.6983449, 志村警察署 清水町交番,,
窃盗,車上ねらい,志村,蓮根交番,131199.0,東京都,板橋区,相生町,2022/6/21,23,道路上,その他,施錠せず,なし,板橋区相生町,35.7771571,139.6797394, 志村警察署 蓮根交番,35.7803525,139.6763857
窃盗,車上ねらい,志村,蓮根交番,131199.0,東京都,板橋区,相生町,2022/11/3,16,その他,駐車（輪）場,施錠せず,なし,板橋区相生町,35.7771571,139.6797394, 志村警察署 蓮根交番,35.7803525,139.6763857
窃盗,車上ねらい,志村,蓮根交番,131199.0,東京都,板橋区,相生町,2022/12/8,16,その他,駐車（輪）場,施錠せず,なし,板橋区相生町,35.7771571,139.6797394, 志村警察署 蓮根交番,35.7803525,139.6763857
窃盗,車上ねらい,志村,蓮根交番,131199.0,東京都,板橋区,坂下２丁目,2022/12/6,15,その他,駐車（輪）場,施錠せず,あり,板橋区坂下２丁目,35.7828898,139.6830494, 志村警察署 蓮根交番,35.7803525,139.6763857
窃盗,車上ねらい,志村,蓮根交番,131199.0,東京都,板橋区,志村３丁目,2022/3/2,18,道路上,その他,施錠せず,なし,板橋区志村３丁目,35.7772732,139.6848541, 志村警察署 蓮根交番,35.7803525,139.6763857
窃盗,車上ねらい,志村,蓮根交番,131199.0,東京都,板橋区,蓮根２丁目,2022/2/14,15,道路上,その他,施錠せず,なし,板橋区蓮根２丁目,35.7830508,139.6766588, 志村警察署 蓮根交番,35.7803525,139.6763857
窃盗,車上ねらい,志村,蓮根交番,131199.0,東京都,板橋区,蓮根２丁目,2022/2/18,18,道路上,その他,施錠せず,あり,板橋区蓮根２丁目,35.7830508,139.6766588, 志村警察署 蓮根交番,35.7803525,139.6763857
窃盗,車上ねらい,志村,蓮根交番,131199.0,東京都,板橋区,蓮根２丁目,2022/3/8,17,道路上,その他,施錠せず,あり,板橋区蓮根２丁目,35.7830508,139.6766588, 志村警察署 蓮根交番,35.7803525,139.6763857
窃盗,車上ねらい,志村,蓮根交番,131199.0,東京都,板橋区,蓮根２丁目,2022/7/9,10,その他,その他,施錠せず,なし,板橋区蓮根２丁目,35.7830508,139.6766588, 志村警察署 蓮根交番,35.7803525,139.6763857
窃盗,車上ねらい,志村,西台交番,131199.0,東京都,板橋区,若木２丁目,2022/10/15,19,駐車（輪）場,駐車（輪）場,施錠せず,なし,板橋区若木２丁目,35.7707559,139.6724687, 志村警察署 西台交番,35.773857,139.6704014
窃盗,車上ねらい,練馬,中村橋交番,131202.0,東京都,練馬区,中村北２丁目,2022/6/13,17,その他,その他,施錠せず,なし,練馬区中村北２丁目,35.7357984,139.6432181, 練馬警察署 中村橋交番,35.7362155,139.6381456
窃盗,車上ねらい,練馬,中村橋交番,131202.0,東京都,練馬区,中村北３丁目,2022/12/26,16,道路上,その他,施錠せず,あり,練馬区中村北３丁目,35.7357595,139.6396953, 練馬警察署 中村橋交番,35.7362155,139.6381456
窃盗,車上ねらい,練馬,早宮交番,131202.0,東京都,練馬区,早宮４丁目,2022/9/9,23,その他,駐車（輪）場,施錠せず,あり,練馬区早宮４丁目,35.7494691,139.6494769, 練馬警察署 早宮交番,35.7546102,139.6587257
窃盗,車上ねらい,練馬,春日町交番,131202.0,東京都,練馬区,春日町２丁目,2022/8/2,19,その他,駐車（輪）場,施錠せず,あり,練馬区春日町２丁目,35.756487,139.647027, 練馬警察署 春日町交番,35.7514052,139.6398269
窃盗,車上ねらい,練馬,春日町交番,131202.0,東京都,練馬区,春日町４丁目,2022/7/25,16,一戸建住宅,その他,施錠せず,なし,練馬区春日町４丁目,35.754991,139.640494, 練馬警察署 春日町交番,35.7514052,139.6398269
窃盗,車上ねらい,練馬,氷川神社前交番,131202.0,東京都,練馬区,豊玉南１丁目,2022/5/14,18,その他,駐車（輪）場,施錠せず,なし,練馬区豊玉南１丁目,35.7275737,139.660579, 練馬警察署 氷川神社前交番,35.7292648,139.6564385
窃盗,車上ねらい,練馬,氷川神社前交番,131202.0,東京都,練馬区,豊玉南２丁目,2022/5/15,13,その他,駐車（輪）場,施錠せず,なし,練馬区豊玉南２丁目,35.728068,139.656193, 練馬警察署 氷川神社前交番,35.7292648,139.6564385
窃盗,車上ねらい,練馬,江古田駅前交番,131202.0,東京都,練馬区,旭丘１丁目,2022/3/5,11,その他,その他,施錠せず,なし,練馬区旭丘１丁目,35.734074,139.675112, 練馬警察署 江古田駅前交番,35.7374424,139.6727628
窃盗,車上ねらい,練馬,江古田駅前交番,131202.0,東京都,練馬区,栄町,2022/9/27,20,その他,その他,施錠せず,あり,練馬区栄町,35.7385391,139.669504, 練馬警察署 江古田駅前交番,35.7374424,139.6727628
窃盗,車上ねらい,練馬,練馬駅前交番,131202.0,東京都,練馬区,豊玉北５丁目,2022/6/28,5,その他,その他,施錠せず,あり,練馬区豊玉北５丁目,35.735275,139.655116, 練馬警察署 練馬駅前交番,35.737652,139.6545456
窃盗,車上ねらい,練馬,羽沢交番,131202.0,東京都,練馬区,羽沢３丁目,2022/10/30,23,駐車（輪）場,駐車（輪）場,施錠せず,なし,練馬区羽沢３丁目,35.751416,139.673332, 練馬警察署 羽沢交番,35.741872,139.6694681
窃盗,車上ねらい,練馬,貫井交番,131202.0,東京都,練馬区,向山１丁目,2022/12/15,8,その他,駐車（輪）場,施錠せず,あり,練馬区向山１丁目,35.7381308,139.6411103, 練馬警察署 貫井交番,35.74196,139.6339144
窃盗,車上ねらい,練馬,貫井交番,131202.0,東京都,練馬区,貫井５丁目,2022/11/2,13,その他,駐車（輪）場,施錠せず,なし,練馬区貫井５丁目,35.7427183,139.6342164, 練馬警察署 貫井交番,35.74196,139.6339144
窃盗,車上ねらい,石神井,上石神井駅前交番,131202.0,東京都,練馬区,上石神井２丁目,2022/1/24,17,駐車（輪）場,駐車（輪）場,施錠せず,なし,練馬区上石神井２丁目,35.727873,139.595439, 石神井警察署 上石神井駅前交番,35.7264574,139.5913452
窃盗,車上ねらい,石神井,北大泉交番,131202.0,東京都,練馬区,大泉町１丁目,2022/9/9,16,道路上,その他,施錠せず,なし,練馬区大泉町１丁目,35.7673437,139.6067142, 石神井警察署 北大泉交番,35.7629012,139.5997741
窃盗,車上ねらい,石神井,北大泉交番,131202.0,東京都,練馬区,大泉町３丁目,2022/8/11,9,一戸建住宅,その他,施錠した,あり,練馬区大泉町３丁目,35.7669804,139.5984213, 石神井警察署 北大泉交番,35.7629012,139.5997741
窃盗,車上ねらい,石神井,北大泉交番,131202.0,東京都,練馬区,大泉町５丁目,2022/9/20,15,その他,駐車（輪）場,施錠せず,なし,練馬区大泉町５丁目,35.7598446,139.5952534, 石神井警察署 北大泉交番,35.7629012,139.5997741
窃盗,車上ねらい,石神井,大泉学園交番,131202.0,東京都,練馬区,大泉学園町２丁目,2022/6/2,14,道路上,その他,施錠せず,なし,練馬区大泉学園町２丁目,35.7579,139.584602, 石神井警察署 大泉学園交番,35.7679361,139.587336
窃盗,車上ねらい,石神井,大泉学園交番,131202.0,東京都,練馬区,大泉学園町４丁目,2022/10/26,14,その他,その他,施錠せず,なし,練馬区大泉学園町４丁目,35.765984,139.590857, 石神井警察署 大泉学園交番,35.7679361,139.587336
窃盗,車上ねらい,石神井,大泉学園交番,131202.0,東京都,練馬区,大泉学園町６丁目,2022/5/23,13,その他,駐車（輪）場,施錠せず,なし,練馬区大泉学園町６丁目,35.7708914,139.5828034, 石神井警察署 大泉学園交番,35.7679361,139.587336
窃盗,車上ねらい,石神井,大泉学園交番,131202.0,東京都,練馬区,大泉学園町９丁目,2022/6/7,12,その他,その他,施錠せず,なし,練馬区大泉学園町９丁目,35.7760527,139.5951975, 石神井警察署 大泉学園交番,35.7679361,139.587336
窃盗,車上ねらい,石神井,大泉学園駅前交番,131202.0,東京都,練馬区,東大泉１丁目,2022/8/11,15,４階建て以上共同住宅,その他,施錠せず,なし,練馬区東大泉１丁目,35.7487186,139.5918843, 石神井警察署 大泉学園駅前交番,35.7490256,139.5862998
窃盗,車上ねらい,石神井,富士街道交番,131202.0,東京都,練馬区,石神井台２丁目,2022/10/12,13,道路上,その他,施錠せず,なし,練馬区石神井台２丁目,35.7364404,139.5917745, 石神井警察署 富士街道交番,35.7377999,139.5827691
窃盗,車上ねらい,石神井,東大泉駐在所,131202.0,東京都,練馬区,東大泉２丁目,2022/8/23,10,その他,その他,施錠せず,あり,練馬区東大泉２丁目,35.7527705,139.5951352, 石神井警察署 東大泉駐在所,35.7508042,139.5934076
窃盗,車上ねらい,石神井,武蔵関駅前交番,131202.0,東京都,練馬区,関町北１丁目,2022/5/14,20,その他の住宅（３階建て以下共同住宅等）,駐車（輪）場,施錠せず,なし,練馬区関町北１丁目,35.7253397,139.578945, 石神井警察署 武蔵関駅前交番,35.7272969,139.5767125
窃盗,車上ねらい,石神井,武蔵関駅前交番,131202.0,東京都,練馬区,関町北３丁目,2022/10/26,15,その他,その他,施錠せず,あり,練馬区関町北３丁目,35.725677,139.569367, 石神井警察署 武蔵関駅前交番,35.7272969,139.5767125
窃盗,車上ねらい,石神井,武蔵関駐在所,131202.0,東京都,練馬区,関町南４丁目,2022/2/9,19,４階建て以上共同住宅,その他,施錠せず,なし,練馬区関町南４丁目,35.7209,139.572887, 石神井警察署 武蔵関駐在所,35.7235276,139.5678254
窃盗,車上ねらい,石神井,武蔵関駐在所,131202.0,東京都,練馬区,関町南４丁目,2022/10/2,12,その他,駐車（輪）場,施錠せず,なし,練馬区関町南４丁目,35.7209,139.572887, 石神井警察署 武蔵関駐在所,35.7235276,139.5678254
窃盗,車上ねらい,石神井,石神井公園駅前交番,131202.0,東京都,練馬区,下石神井６丁目,2022/4/17,13,その他,駐車（輪）場,施錠せず,なし,練馬区下石神井６丁目,35.734458,139.603277, 石神井警察署 石神井公園駅前交番,,
窃盗,車上ねらい,石神井,石神井公園駅前交番,131202.0,東京都,練馬区,石神井台１丁目,2022/6/23,23,その他,その他,施錠せず,あり,練馬区石神井台１丁目,35.7369759,139.5962256, 石神井警察署 石神井公園駅前交番,,
窃盗,車上ねらい,石神井,石神井公園駅前交番,131202.0,東京都,練馬区,石神井台１丁目,2022/7/25,15,その他,その他,施錠せず,なし,練馬区石神井台１丁目,35.7369759,139.5962256, 石神井警察署 石神井公園駅前交番,,
窃盗,車上ねらい,石神井,石神井公園駅前交番,131202.0,東京都,練馬区,石神井町２丁目,2022/12/24,21,その他,駐車（輪）場,施錠せず,なし,練馬区石神井町２丁目,35.7463657,139.607818, 石神井警察署 石神井公園駅前交番,,
窃盗,車上ねらい,石神井,石神井公園駅前交番,131202.0,東京都,練馬区,石神井町３丁目,2022/2/21,13,その他,駐車（輪）場,施錠せず,なし,練馬区石神井町３丁目,35.7419306,139.6055179, 石神井警察署 石神井公園駅前交番,,
窃盗,車上ねらい,石神井,石神井公園駅前交番,131202.0,東京都,練馬区,石神井町３丁目,2022/9/15,0,４階建て以上共同住宅,その他,施錠せず,なし,練馬区石神井町３丁目,35.7419306,139.6055179, 石神井警察署 石神井公園駅前交番,,
窃盗,車上ねらい,石神井,石神井公園駅前交番,131202.0,東京都,練馬区,石神井町５丁目,2022/4/11,17,その他,その他,施錠せず,あり,練馬区石神井町５丁目,35.737943,139.602766, 石神井警察署 石神井公園駅前交番,,
窃盗,車上ねらい,石神井,石神井公園駅前交番,131202.0,東京都,練馬区,石神井町５丁目,2022/9/20,19,その他の住宅（３階建て以下共同住宅等）,駐車（輪）場,施錠せず,なし,練馬区石神井町５丁目,35.737943,139.602766, 石神井警察署 石神井公園駅前交番,,
窃盗,車上ねらい,石神井,西大泉交番,131202.0,東京都,練馬区,西大泉２丁目,2021/12/28,13,一戸建住宅,その他,施錠せず,なし,練馬区西大泉２丁目,35.757246,139.574498, 石神井警察署 西大泉交番,35.7598786,139.5761269
窃盗,車上ねらい,石神井,西大泉交番,131202.0,東京都,練馬区,西大泉３丁目,2022/8/2,10,その他の住宅（３階建て以下共同住宅等）,駐車（輪）場,施錠せず,なし,練馬区西大泉３丁目,35.758083,139.579253, 石神井警察署 西大泉交番,35.7598786,139.5761269
窃盗,車上ねらい,石神井,関町交番,131202.0,東京都,練馬区,上石神井１丁目,2022/7/14,20,その他,駐車（輪）場,施錠せず,なし,練馬区上石神井１丁目,35.7243388,139.590538, 石神井警察署 関町交番,35.7230945,139.5812184
窃盗,車上ねらい,石神井,関町交番,131202.0,東京都,練馬区,上石神井１丁目,2022/7/18,20,その他,駐車（輪）場,施錠せず,なし,練馬区上石神井１丁目,35.7243388,139.590538, 石神井警察署 関町交番,35.7230945,139.5812184
窃盗,車上ねらい,石神井,関町交番,131202.0,東京都,練馬区,立野町,2022/7/17,10,４階建て以上共同住宅,その他,施錠せず,あり,練馬区立野町,35.7161614,139.5809489, 石神井警察署 関町交番,35.7230945,139.5812184
窃盗,車上ねらい,石神井,関町交番,131202.0,東京都,練馬区,関町南１丁目,2022/9/5,18,その他,駐車（輪）場,施錠せず,なし,練馬区関町南１丁目,35.720731,139.592582, 石神井警察署 関町交番,35.7230945,139.5812184
窃盗,車上ねらい,石神井,関町交番,131202.0,東京都,練馬区,関町南２丁目,2022/8/17,19,駐車（輪）場,駐車（輪）場,施錠せず,なし,練馬区関町南２丁目,35.71755,139.583934, 石神井警察署 関町交番,35.7230945,139.5812184
窃盗,車上ねらい,石神井,関町交番,131202.0,東京都,練馬区,関町南３丁目,2022/9/21,11,その他,駐車（輪）場,施錠せず,なし,練馬区関町南３丁目,35.7212735,139.5809776, 石神井警察署 関町交番,35.7230945,139.5812184
窃盗,車上ねらい,石神井,関町交番,131202.0,東京都,練馬区,関町東１丁目,2022/6/16,14,一戸建住宅,その他,施錠せず,なし,練馬区関町東１丁目,35.7247332,139.5834104, 石神井警察署 関町交番,35.7230945,139.5812184
窃盗,車上ねらい,高島平,下赤塚交番,131199.0,東京都,板橋区,赤塚３丁目,2022/11/9,15,道路上,その他,施錠せず,なし,板橋区赤塚３丁目,35.7786359,139.6383346, 高島平警察署 下赤塚交番,35.7706482,139.6456964
窃盗,車上ねらい,高島平,下赤塚交番,131199.0,東京都,板橋区,赤塚６丁目,2022/9/29,14,４階建て以上共同住宅,その他,施錠せず,あり,板橋区赤塚６丁目,35.776537,139.644328, 高島平警察署 下赤塚交番,35.7706482,139.6456964
窃盗,車上ねらい,高島平,下赤塚交番,131199.0,東京都,板橋区,赤塚６丁目,2022/11/1,9,道路上,その他,施錠せず,あり,板橋区赤塚６丁目,35.776537,139.644328, 高島平警察署 下赤塚交番,35.7706482,139.6456964
窃盗,車上ねらい,高島平,下赤塚交番,131199.0,東京都,板橋区,赤塚新町３丁目,2022/7/1,19,道路上,その他,施錠せず,なし,板橋区赤塚新町３丁目,35.7709715,139.6371411, 高島平警察署 下赤塚交番,35.7706482,139.6456964
窃盗,車上ねらい,高島平,北野交番,131199.0,東京都,板橋区,徳丸２丁目,2022/2/2,18,その他,駐車（輪）場,施錠せず,なし,板橋区徳丸２丁目,35.7720778,139.6617347, 高島平警察署 北野交番,35.7690973,139.6617344
窃盗,車上ねらい,高島平,北野交番,131199.0,東京都,板橋区,徳丸２丁目,2022/4/7,23,道路上,その他,施錠せず,あり,板橋区徳丸２丁目,35.7720778,139.6617347, 高島平警察署 北野交番,35.7690973,139.6617344
窃盗,車上ねらい,高島平,北野交番,131199.0,東京都,板橋区,徳丸３丁目,2022/6/16,23,道路上,その他,施錠せず,あり,板橋区徳丸３丁目,35.7725274,139.6578236, 高島平警察署 北野交番,35.7690973,139.6617344
窃盗,車上ねらい,高島平,北野交番,131199.0,東京都,板橋区,徳丸３丁目,2022/10/23,14,駐車（輪）場,駐車（輪）場,施錠した,なし,板橋区徳丸３丁目,35.7725274,139.6578236, 高島平警察署 北野交番,35.7690973,139.6617344
窃盗,車上ねらい,高島平,北野交番,131199.0,東京都,板橋区,徳丸４丁目,2022/1/14,13,道路上,その他,施錠せず,あり,板橋区徳丸４丁目,35.7725797,139.6534557, 高島平警察署 北野交番,35.7690973,139.6617344
窃盗,車上ねらい,高島平,徳丸駐在所,131199.0,東京都,板橋区,徳丸６丁目,2022/7/7,18,駐車（輪）場,駐車（輪）場,施錠した,なし,板橋区徳丸６丁目,35.7781266,139.6612783, 高島平警察署 徳丸駐在所,35.7795504,139.6593888
窃盗,車上ねらい,高島平,徳丸駐在所,131199.0,東京都,板橋区,徳丸６丁目,2022/7/11,12,道路上,その他,施錠せず,あり,板橋区徳丸６丁目,35.7781266,139.6612783, 高島平警察署 徳丸駐在所,35.7795504,139.6593888
窃盗,車上ねらい,高島平,成増駅前交番,131199.0,東京都,板橋区,成増２丁目,2022/2/17,9,駐車（輪）場,駐車（輪）場,施錠せず,なし,板橋区成増２丁目,35.7779895,139.6307728, 高島平警察署 成増駅前交番,35.7770465,139.6325992
窃盗,車上ねらい,高島平,成増駅前交番,131199.0,東京都,板橋区,成増２丁目,2022/4/7,8,その他,駐車（輪）場,施錠せず,なし,板橋区成増２丁目,35.7779895,139.6307728, 高島平警察署 成増駅前交番,35.7770465,139.6325992
窃盗,車上ねらい,高島平,成増駅前交番,131199.0,東京都,板橋区,成増２丁目,2022/9/26,10,道路上,その他,施錠せず,なし,板橋区成増２丁目,35.7779895,139.6307728, 高島平警察署 成増駅前交番,35.7770465,139.6325992
窃盗,車上ねらい,高島平,成増駅前交番,131199.0,東京都,板橋区,成増２丁目,2022/12/8,21,４階建て以上共同住宅,駐車（輪）場,施錠せず,なし,板橋区成増２丁目,35.7779895,139.6307728, 高島平警察署 成増駅前交番,35.7770465,139.6325992
窃盗,車上ねらい,高島平,成増駅前交番,131199.0,東京都,板橋区,成増２丁目,2022/12/16,7,駐車（輪）場,駐車（輪）場,施錠せず,なし,板橋区成増２丁目,35.7779895,139.6307728, 高島平警察署 成増駅前交番,35.7770465,139.6325992
窃盗,車上ねらい,高島平,成増駅前交番,131199.0,東京都,板橋区,成増３丁目,2022/11/30,14,その他,駐車（輪）場,施錠せず,なし,板橋区成増３丁目,35.7800089,139.6320449, 高島平警察署 成増駅前交番,35.7770465,139.6325992
窃盗,車上ねらい,高島平,新河岸交番,131199.0,東京都,板橋区,赤塚５丁目,2022/8/2,9,その他,その他,施錠せず,なし,板橋区赤塚５丁目,35.7818427,139.6429648, 高島平警察署 新河岸交番,35.7950655,139.663917
窃盗,車上ねらい,高島平,新河岸交番,131199.0,東京都,板橋区,新河岸１丁目,2022/3/21,14,その他,その他,施錠せず,あり,板橋区新河岸１丁目,35.7960717,139.6677515, 高島平警察署 新河岸交番,35.7950655,139.663917
窃盗,車上ねらい,高島平,新河岸交番,131199.0,東京都,板橋区,新河岸２丁目,2022/8/2,20,その他,その他,施錠せず,なし,板橋区新河岸２丁目,35.7966829,139.6621196, 高島平警察署 新河岸交番,35.7950655,139.663917
窃盗,車上ねらい,高島平,松月院前交番,131199.0,東京都,板橋区,赤塚５丁目,2022/7/2,13,その他,その他,施錠せず,なし,板橋区赤塚５丁目,35.7818427,139.6429648, 高島平警察署 松月院前交番,35.7800981,139.6475363
窃盗,車上ねらい,高島平,松月院前交番,131199.0,東京都,板橋区,四葉１丁目,2022/10/31,13,道路上,その他,施錠せず,あり,板橋区四葉１丁目,35.7776089,139.6519844, 高島平警察署 松月院前交番,35.7800981,139.6475363
窃盗,車上ねらい,高島平,松月院前交番,131199.0,東京都,板橋区,四葉２丁目,2022/8/10,21,その他,駐車（輪）場,施錠せず,なし,板橋区四葉２丁目,35.7821877,139.6520758, 高島平警察署 松月院前交番,35.7800981,139.6475363
窃盗,車上ねらい,高島平,西台駅前交番,131199.0,東京都,板橋区,高島平１丁目,2022/3/12,14,その他,その他,施錠せず,なし,板橋区高島平１丁目,35.7838909,139.6698298, 高島平警察署 西台駅前交番,35.7866226,139.6740596
窃盗,車上ねらい,高島平,西台駅前交番,131199.0,東京都,板橋区,高島平９丁目,2022/1/14,11,その他,駐車（輪）場,施錠せず,なし,板橋区高島平９丁目,35.7897936,139.6693598, 高島平警察署 西台駅前交番,35.7866226,139.6740596
窃盗,車上ねらい,高島平,西台駅前交番,131199.0,東京都,板橋区,高島平９丁目,2022/2/20,20,道路上,その他,施錠せず,あり,板橋区高島平９丁目,35.7897936,139.6693598, 高島平警察署 西台駅前交番,35.7866226,139.6740596
窃盗,車上ねらい,高島平,高島平駅前交番,131199.0,東京都,板橋区,高島平２丁目,2022/7/11,16,４階建て以上共同住宅,その他,施錠せず,なし,板橋区高島平２丁目,35.7852516,139.6627054, 高島平警察署 高島平駅前交番,35.7884192,139.660177
窃盗,車上ねらい,高島平,高島平駅前交番,131199.0,東京都,板橋区,高島平３丁目,2022/1/26,19,その他,駐車（輪）場,施錠せず,あり,板橋区高島平３丁目,35.7866641,139.6556645, 高島平警察署 高島平駅前交番,35.7884192,139.660177
窃盗,車上ねらい,高島平,高島平駅前交番,131199.0,東京都,板橋区,高島平８丁目,2022/10/12,12,駐車（輪）場,駐車（輪）場,施錠せず,あり,板橋区高島平８丁目,35.7905589,139.6625537, 高島平警察署 高島平駅前交番,35.7884192,139.660177
窃盗,車上ねらい,光が丘,三原台交番,131202.0,東京都,練馬区,土支田２丁目,2022/3/26,14,一戸建住宅,駐車（輪）場,施錠せず,あり,練馬区土支田２丁目,35.7615625,139.6142267, 光が丘警察署 三原台交番,35.7546072,139.6078273
窃盗,車上ねらい,光が丘,三原台交番,131202.0,東京都,練馬区,三原台１丁目,2022/6/18,3,道路上,その他,施錠せず,なし,練馬区三原台１丁目,35.7528058,139.6045831, 光が丘警察署 三原台交番,35.7546072,139.6078273
窃盗,車上ねらい,光が丘,三原台交番,131202.0,東京都,練馬区,三原台３丁目,2022/3/20,16,その他,駐車（輪）場,施錠せず,なし,練馬区三原台３丁目,35.7535078,139.600661, 光が丘警察署 三原台交番,35.7546072,139.6078273
窃盗,車上ねらい,光が丘,光が丘三丁目交番,131202.0,東京都,練馬区,光が丘３丁目,2022/1/26,16,その他,その他,施錠せず,あり,練馬区光が丘３丁目,35.756237,139.629267, 光が丘警察署 光が丘三丁目交番,35.7539245,139.6268331
窃盗,車上ねらい,光が丘,光が丘三丁目交番,131202.0,東京都,練馬区,光が丘３丁目,2022/8/8,18,４階建て以上共同住宅,駐車（輪）場,施錠せず,なし,練馬区光が丘３丁目,35.756237,139.629267, 光が丘警察署 光が丘三丁目交番,35.7539245,139.6268331
窃盗,車上ねらい,光が丘,光が丘三丁目交番,131202.0,東京都,練馬区,光が丘５丁目,2022/5/24,15,４階建て以上共同住宅,駐車（輪）場,施錠せず,なし,練馬区光が丘５丁目,35.761495,139.627156, 光が丘警察署 光が丘三丁目交番,35.7539245,139.6268331
窃盗,車上ねらい,光が丘,光が丘三丁目交番,131202.0,東京都,練馬区,光が丘７丁目,2021/11/29,14,４階建て以上共同住宅,その他,施錠せず,あり,練馬区光が丘７丁目,35.75601,139.623931, 光が丘警察署 光が丘三丁目交番,35.7539245,139.6268331
窃盗,車上ねらい,光が丘,北町交番,131202.0,東京都,練馬区,北町２丁目,2022/1/25,20,道路上,その他,施錠せず,あり,練馬区北町２丁目,35.766732,139.660792, 光が丘警察署 北町交番,35.7643683,139.6636171
窃盗,車上ねらい,光が丘,北町交番,131202.0,東京都,練馬区,北町２丁目,2022/6/17,14,その他の住宅（３階建て以下共同住宅等）,駐車（輪）場,施錠せず,なし,練馬区北町２丁目,35.766732,139.660792, 光が丘警察署 北町交番,35.7643683,139.6636171
窃盗,車上ねらい,光が丘,北町交番,131202.0,東京都,練馬区,北町２丁目,2022/9/14,8,道路上,その他,施錠せず,あり,練馬区北町２丁目,35.766732,139.660792, 光が丘警察署 北町交番,35.7643683,139.6636171
窃盗,車上ねらい,光が丘,北町交番,131202.0,東京都,練馬区,北町２丁目,2022/9/27,11,その他,駐車（輪）場,施錠せず,あり,練馬区北町２丁目,35.766732,139.660792, 光が丘警察署 北町交番,35.7643683,139.6636171
窃盗,車上ねらい,光が丘,北町交番,131202.0,東京都,練馬区,北町２丁目,2022/11/30,14,その他,駐車（輪）場,施錠せず,あり,練馬区北町２丁目,35.766732,139.660792, 光が丘警察署 北町交番,35.7643683,139.6636171
窃盗,車上ねらい,光が丘,北町交番,131202.0,東京都,練馬区,北町３丁目,2021/12/13,15,道路上,その他,施錠せず,あり,練馬区北町３丁目,35.768066,139.653385, 光が丘警察署 北町交番,35.7643683,139.6636171
窃盗,車上ねらい,光が丘,旭町駐在所,131202.0,東京都,練馬区,旭町３丁目,2022/3/23,18,４階建て以上共同住宅,その他,施錠せず,あり,練馬区旭町３丁目,35.7757077,139.6266869, 光が丘警察署 旭町駐在所,35.7755954,139.6269916
窃盗,車上ねらい,光が丘,田柄交番,131202.0,東京都,練馬区,田柄４丁目,2022/9/28,12,その他,駐車（輪）場,施錠せず,なし,練馬区田柄４丁目,35.7646479,139.6373178, 光が丘警察署 田柄交番,35.7663116,139.6414547
窃盗,車上ねらい,光が丘,田柄交番,131202.0,東京都,練馬区,光が丘１丁目,2022/6/21,1,４階建て以上共同住宅,その他,施錠せず,あり,練馬区光が丘１丁目,35.768379,139.638223, 光が丘警察署 田柄交番,35.7663116,139.6414547
窃盗,車上ねらい,光が丘,練馬高野台駅前交番,131202.0,東京都,練馬区,高野台１丁目,2022/6/23,20,道路上,その他,施錠せず,あり,練馬区高野台１丁目,35.742445,139.6172518, 光が丘警察署 練馬高野台駅前交番,35.7408794,139.6165891
窃盗,車上ねらい,上野,上野駅前交番,131067.0,東京都,台東区,上野７丁目,2022/5/25,0,道路上,その他,施錠せず,あり,台東区上野７丁目,35.715837,139.7798051, 上野警察署 上野駅前交番,,
窃盗,車上ねらい,上野,上野駅前交番,131067.0,東京都,台東区,上野７丁目,2022/10/4,15,駐車（輪）場,駐車（輪）場,施錠せず,なし,台東区上野７丁目,35.715837,139.7798051, 上野警察署 上野駅前交番,,
窃盗,車上ねらい,上野,上野駅前交番,131067.0,東京都,台東区,上野７丁目,2022/12/21,6,駐車（輪）場,駐車（輪）場,施錠せず,なし,台東区上野７丁目,35.715837,139.7798051, 上野警察署 上野駅前交番,,
窃盗,車上ねらい,上野,公園前交番,131067.0,東京都,台東区,上野４丁目,2022/10/17,2,道路上,その他,施錠せず,あり,台東区上野４丁目,35.7093732,139.7742663, 上野警察署 公園前交番,35.71087295,139.77378686466997
窃盗,車上ねらい,上野,公園前交番,131067.0,東京都,台東区,上野６丁目,2022/12/21,0,道路上,その他,施錠せず,なし,台東区上野６丁目,35.7092137,139.7758327, 上野警察署 公園前交番,35.71087295,139.77378686466997
窃盗,車上ねらい,上野,台東交番,131067.0,東京都,台東区,台東２丁目,2022/9/11,8,道路上,その他,施錠せず,あり,台東区台東２丁目,35.7032552,139.7787644, 上野警察署 台東交番,35.70244445,139.7762066022292
窃盗,車上ねらい,上野,池之端交番,131067.0,東京都,台東区,池之端２丁目,2022/5/31,19,駐車（輪）場,駐車（輪）場,施錠した,あり,台東区池之端２丁目,35.714919,139.7671531, 上野警察署 池之端交番,35.7124573,139.76870656704224
窃盗,車上ねらい,上野,池之端交番,131067.0,東京都,台東区,池之端２丁目,2022/6/3,18,駐車（輪）場,駐車（輪）場,施錠した,なし,台東区池之端２丁目,35.714919,139.7671531, 上野警察署 池之端交番,35.7124573,139.76870656704224
窃盗,車上ねらい,上野,池之端交番,131067.0,東京都,台東区,池之端２丁目,2022/6/4,13,駐車（輪）場,駐車（輪）場,施錠した,なし,台東区池之端２丁目,35.714919,139.7671531, 上野警察署 池之端交番,35.7124573,139.76870656704224
窃盗,車上ねらい,上野,稲荷町交番,131067.0,東京都,台東区,東上野３丁目,2022/12/20,19,道路上,その他,施錠せず,あり,台東区東上野３丁目,35.7107997,139.78054, 上野警察署 稲荷町交番,35.71150765,139.7826375
窃盗,車上ねらい,上野,黒門交番,131067.0,東京都,台東区,上野３丁目,2022/10/1,22,駐車（輪）場,駐車（輪）場,施錠した,なし,台東区上野３丁目,35.7054109,139.7733376, 上野警察署 黒門交番,35.7066715,139.772291
窃盗,車上ねらい,下谷,三ノ輪交番,131067.0,東京都,台東区,根岸５丁目,2022/1/11,21,駐車（輪）場,駐車（輪）場,施錠した,なし,台東区根岸５丁目,35.7276079,139.7879308, 下谷警察署 三ノ輪交番,,
窃盗,車上ねらい,下谷,三ノ輪交番,131067.0,東京都,台東区,根岸５丁目,2022/10/24,10,道路上,その他,施錠せず,なし,台東区根岸５丁目,35.7276079,139.7879308, 下谷警察署 三ノ輪交番,,
窃盗,車上ねらい,下谷,三ノ輪交番,131067.0,東京都,台東区,三ノ輪１丁目,2022/2/18,22,道路上,その他,施錠せず,あり,台東区三ノ輪１丁目,35.7280118,139.7931826, 下谷警察署 三ノ輪交番,,
窃盗,車上ねらい,下谷,三ノ輪交番,131067.0,東京都,台東区,三ノ輪１丁目,2022/8/19,15,道路上,その他,施錠せず,なし,台東区三ノ輪１丁目,35.7280118,139.7931826, 下谷警察署 三ノ輪交番,,
窃盗,車上ねらい,下谷,三ノ輪交番,131067.0,東京都,台東区,三ノ輪２丁目,2022/12/15,0,道路上,その他,施錠せず,なし,台東区三ノ輪２丁目,35.7295142,139.7936855, 下谷警察署 三ノ輪交番,,
窃盗,車上ねらい,下谷,入谷東交番,131067.0,東京都,台東区,入谷２丁目,2022/9/25,8,駐車（輪）場,駐車（輪）場,施錠した,あり,台東区入谷２丁目,35.7203688,139.7887154, 下谷警察署 入谷東交番,35.7182545,139.7883996
窃盗,車上ねらい,下谷,初音交番,131067.0,東京都,台東区,谷中３丁目,2022/1/21,10,道路上,その他,施錠せず,なし,台東区谷中３丁目,35.726835,139.7658348, 下谷警察署 初音交番,35.7243282,139.7647883
窃盗,車上ねらい,下谷,谷中交番,131067.0,東京都,台東区,谷中３丁目,2022/7/2,17,道路上,その他,施錠せず,なし,台東区谷中３丁目,35.726835,139.7658348, 下谷警察署 谷中交番,35.7218719,139.7706448
窃盗,車上ねらい,下谷,鶯谷駅前交番,131067.0,東京都,台東区,根岸２丁目,2022/5/9,9,駐車（輪）場,駐車（輪）場,施錠せず,なし,台東区根岸２丁目,35.7248578,139.7762284, 下谷警察署 鶯谷駅前交番,35.7228986,139.7778544
窃盗,車上ねらい,下谷,鶯谷駅前交番,131067.0,東京都,台東区,根岸３丁目,2022/1/8,17,駐車（輪）場,駐車（輪）場,施錠した,あり,台東区根岸３丁目,35.7227042,139.7816223, 下谷警察署 鶯谷駅前交番,35.7228986,139.7778544
窃盗,車上ねらい,下谷,鶯谷駅前交番,131067.0,東京都,台東区,根岸３丁目,2022/6/25,20,道路上,その他,施錠せず,あり,台東区根岸３丁目,35.7227042,139.7816223, 下谷警察署 鶯谷駅前交番,35.7228986,139.7778544
窃盗,車上ねらい,下谷,鶯谷駅前交番,131067.0,東京都,台東区,根岸４丁目,2022/1/11,20,駐車（輪）場,駐車（輪）場,施錠した,なし,台東区根岸４丁目,35.7255807,139.7845432, 下谷警察署 鶯谷駅前交番,35.7228986,139.7778544
窃盗,車上ねらい,下谷,鶯谷駅前交番,131067.0,東京都,台東区,根岸４丁目,2022/1/11,22,駐車（輪）場,駐車（輪）場,施錠した,なし,台東区根岸４丁目,35.7255807,139.7845432, 下谷警察署 鶯谷駅前交番,35.7228986,139.7778544
窃盗,車上ねらい,浅草,公園六区交番,131067.0,東京都,台東区,浅草１丁目,2022/1/15,20,道路上,その他,施錠せず,なし,台東区浅草１丁目,35.7123144,139.7952171, 浅草警察署 公園六区交番,35.7137827,139.7934642
窃盗,車上ねらい,浅草,公園六区交番,131067.0,東京都,台東区,浅草２丁目,2022/1/19,10,道路上,その他,施錠せず,あり,台東区浅草２丁目,35.714955,139.7957367, 浅草警察署 公園六区交番,35.7137827,139.7934642
窃盗,車上ねらい,浅草,公園六区交番,131067.0,東京都,台東区,浅草２丁目,2022/8/7,11,道路上,その他,施錠せず,なし,台東区浅草２丁目,35.714955,139.7957367, 浅草警察署 公園六区交番,35.7137827,139.7934642
窃盗,車上ねらい,浅草,公園六区交番,131067.0,東京都,台東区,浅草２丁目,2022/8/20,16,道路上,その他,施錠せず,あり,台東区浅草２丁目,35.714955,139.7957367, 浅草警察署 公園六区交番,35.7137827,139.7934642
窃盗,車上ねらい,浅草,公園六区交番,131067.0,東京都,台東区,浅草３丁目,2022/1/7,18,駐車（輪）場,駐車（輪）場,施錠した,なし,台東区浅草３丁目,35.7173102,139.7961143, 浅草警察署 公園六区交番,35.7137827,139.7934642
窃盗,車上ねらい,浅草,吉原交番,131067.0,東京都,台東区,千束３丁目,2022/7/4,11,道路上,その他,施錠せず,あり,台東区千束３丁目,35.7218463,139.7925241, 浅草警察署 吉原交番,,
窃盗,車上ねらい,浅草,吉原交番,131067.0,東京都,台東区,千束３丁目,2022/11/15,23,道路上,その他,施錠せず,なし,台東区千束３丁目,35.7218463,139.7925241, 浅草警察署 吉原交番,,
窃盗,車上ねらい,浅草,吉原交番,131067.0,東京都,台東区,千束４丁目,2022/7/1,20,道路上,その他,施錠せず,なし,台東区千束４丁目,35.7240641,139.7958595, 浅草警察署 吉原交番,,
窃盗,車上ねらい,浅草,日本堤交番,131067.0,東京都,台東区,清川２丁目,2022/1/27,8,道路上,その他,施錠せず,あり,台東区清川２丁目,35.7276558,139.8029673, 浅草警察署 日本堤交番,35.7274185,139.8000153
窃盗,車上ねらい,浅草,日本堤交番,131067.0,東京都,台東区,清川２丁目,2022/2/18,17,道路上,その他,施錠せず,あり,台東区清川２丁目,35.7276558,139.8029673, 浅草警察署 日本堤交番,35.7274185,139.8000153
窃盗,車上ねらい,浅草,日本堤交番,131067.0,東京都,台東区,清川２丁目,2022/9/24,22,道路上,その他,施錠せず,あり,台東区清川２丁目,35.7276558,139.8029673, 浅草警察署 日本堤交番,35.7274185,139.8000153
窃盗,車上ねらい,浅草,日本堤交番,131067.0,東京都,台東区,清川２丁目,2022/11/24,15,道路上,その他,施錠せず,なし,台東区清川２丁目,35.7276558,139.8029673, 浅草警察署 日本堤交番,35.7274185,139.8000153
窃盗,車上ねらい,浅草,日本堤交番,131067.0,東京都,台東区,日本堤２丁目,2022/1/17,9,道路上,その他,施錠せず,あり,台東区日本堤２丁目,35.7277821,139.7974044, 浅草警察署 日本堤交番,35.7274185,139.8000153
窃盗,車上ねらい,浅草,東浅草交番,131067.0,東京都,台東区,浅草５丁目,2022/10/28,18,道路上,その他,施錠せず,あり,台東区浅草５丁目,35.7210602,139.7976485, 浅草警察署 東浅草交番,35.7229992,139.8013729
窃盗,車上ねらい,浅草,東浅草交番,131067.0,東京都,台東区,今戸１丁目,2022/1/7,20,駐車（輪）場,駐車（輪）場,施錠した,あり,台東区今戸１丁目,35.7185123,139.8055315, 浅草警察署 東浅草交番,35.7229992,139.8013729
窃盗,車上ねらい,浅草,東浅草交番,131067.0,東京都,台東区,今戸１丁目,2022/1/7,21,駐車（輪）場,駐車（輪）場,施錠した,なし,台東区今戸１丁目,35.7185123,139.8055315, 浅草警察署 東浅草交番,35.7229992,139.8013729
窃盗,車上ねらい,浅草,東浅草交番,131067.0,東京都,台東区,清川１丁目,2022/11/25,15,道路上,その他,施錠せず,あり,台東区清川１丁目,35.7246705,139.8030961, 浅草警察署 東浅草交番,35.7229992,139.8013729
窃盗,車上ねらい,浅草,聖天町交番,131067.0,東京都,台東区,浅草４丁目,2022/8/25,4,道路上,その他,施錠せず,あり,台東区浅草４丁目,35.718839,139.7965783, 浅草警察署 聖天町交番,35.715596,139.802013
窃盗,車上ねらい,浅草,聖天町交番,131067.0,東京都,台東区,浅草６丁目,2022/11/20,9,道路上,その他,施錠せず,あり,台東区浅草６丁目,35.7179178,139.800957, 浅草警察署 聖天町交番,35.715596,139.802013
窃盗,車上ねらい,浅草,西浅草三丁目交番,131067.0,東京都,台東区,浅草５丁目,2022/2/16,18,その他,その他,施錠せず,なし,台東区浅草５丁目,35.7210602,139.7976485, 浅草警察署 西浅草三丁目交番,35.7171625,139.7924136
窃盗,車上ねらい,蔵前,小島二丁目交番,131067.0,東京都,台東区,鳥越２丁目,2022/12/10,10,道路上,その他,施錠せず,あり,台東区鳥越２丁目,35.7024319,139.7865991, 蔵前警察署 小島二丁目交番,35.70658655,139.78487540368633
窃盗,車上ねらい,蔵前,小島二丁目交番,131067.0,東京都,台東区,三筋２丁目,2022/4/9,15,道路上,その他,施錠せず,なし,台東区三筋２丁目,35.7054899,139.7867239, 蔵前警察署 小島二丁目交番,35.70658655,139.78487540368633
窃盗,車上ねらい,蔵前,蔵前二丁目交番,131067.0,東京都,台東区,蔵前３丁目,2022/3/31,10,道路上,その他,施錠せず,あり,台東区蔵前３丁目,35.7043856,139.7915693, 蔵前警察署 蔵前二丁目交番,35.7046217,139.794184
窃盗,車上ねらい,蔵前,須賀橋交番,131067.0,東京都,台東区,浅草橋３丁目,2022/5/30,9,４階建て以上共同住宅,駐車（輪）場,施錠せず,なし,台東区浅草橋３丁目,35.7008592,139.7866072, 蔵前警察署 須賀橋交番,35.700147,139.7883814
窃盗,車上ねらい,蔵前,須賀橋交番,131067.0,東京都,台東区,浅草橋４丁目,2022/3/25,16,道路上,その他,施錠せず,あり,台東区浅草橋４丁目,35.6985014,139.7818516, 蔵前警察署 須賀橋交番,35.700147,139.7883814
窃盗,車上ねらい,尾久,尾竹橋交番,131181.0,東京都,荒川区,町屋６丁目,2022/10/11,18,道路上,その他,施錠せず,なし,荒川区町屋６丁目,35.751827,139.78426, 尾久警察署 尾竹橋交番,35.7515252,139.7867853
窃盗,車上ねらい,尾久,熊野前交番,131181.0,東京都,荒川区,西尾久３丁目,2022/8/12,7,道路上,その他,施錠せず,あり,荒川区西尾久３丁目,35.752063,139.76361, 尾久警察署 熊野前交番,35.7495498,139.7714444
窃盗,車上ねらい,尾久,荒川遊園前交番,131181.0,東京都,荒川区,西尾久８丁目,2022/5/19,15,道路上,その他,施錠せず,なし,荒川区西尾久８丁目,35.752174,139.75409, 尾久警察署 荒川遊園前交番,,
窃盗,車上ねらい,尾久,赤土交番,131181.0,東京都,荒川区,東尾久２丁目,2022/10/11,0,その他の住宅（３階建て以下共同住宅等）,駐車（輪）場,施錠せず,あり,荒川区東尾久２丁目,35.742944,139.77222, 尾久警察署 赤土交番,,
窃盗,車上ねらい,尾久,赤土交番,131181.0,東京都,荒川区,東尾久３丁目,2021/12/26,16,道路上,その他,施錠せず,なし,荒川区東尾久３丁目,35.746272,139.7712, 尾久警察署 赤土交番,,
窃盗,車上ねらい,尾久,赤土交番,131181.0,東京都,荒川区,東尾久４丁目,2022/1/30,12,道路上,その他,施錠せず,あり,荒川区東尾久４丁目,35.742498,139.766822, 尾久警察署 赤土交番,,
窃盗,車上ねらい,南千住,南千住一丁目交番,131181.0,東京都,荒川区,東日暮里１丁目,2022/2/7,15,その他,駐車（輪）場,施錠せず,なし,荒川区東日暮里１丁目,35.73002,139.788725, 南千住警察署 南千住一丁目交番,35.7330969,139.7930264
窃盗,車上ねらい,南千住,南千住一丁目交番,131181.0,東京都,荒川区,東日暮里１丁目,2022/5/5,17,その他,駐車（輪）場,施錠せず,なし,荒川区東日暮里１丁目,35.73002,139.788725, 南千住警察署 南千住一丁目交番,35.7330969,139.7930264
窃盗,車上ねらい,南千住,南千住一丁目交番,131181.0,東京都,荒川区,東日暮里１丁目,2022/7/23,15,その他,駐車（輪）場,施錠せず,なし,荒川区東日暮里１丁目,35.73002,139.788725, 南千住警察署 南千住一丁目交番,35.7330969,139.7930264
窃盗,車上ねらい,南千住,南千住一丁目交番,131181.0,東京都,荒川区,東日暮里１丁目,2022/10/11,16,４階建て以上共同住宅,その他,施錠せず,なし,荒川区東日暮里１丁目,35.73002,139.788725, 南千住警察署 南千住一丁目交番,35.7330969,139.7930264
窃盗,車上ねらい,南千住,南千住三丁目交番,131181.0,東京都,荒川区,南千住３丁目,2022/3/26,8,その他,駐車（輪）場,施錠せず,あり,荒川区南千住３丁目,35.731231,139.807018, 南千住警察署 南千住三丁目交番,35.73013255,139.799166
窃盗,車上ねらい,南千住,南千住三丁目交番,131181.0,東京都,荒川区,南千住３丁目,2022/12/16,16,道路上,その他,施錠せず,なし,荒川区南千住３丁目,35.731231,139.807018, 南千住警察署 南千住三丁目交番,35.73013255,139.799166
窃盗,車上ねらい,南千住,南千住八丁目交番,131181.0,東京都,荒川区,南千住８丁目,2022/7/22,10,その他,その他,施錠せず,なし,荒川区南千住８丁目,35.736832,139.809688, 南千住警察署 南千住八丁目交番,35.7371715,139.8069079
窃盗,車上ねらい,南千住,南千住八丁目交番,131181.0,東京都,荒川区,南千住８丁目,2022/9/1,16,その他,その他,施錠せず,なし,荒川区南千住８丁目,35.736832,139.809688, 南千住警察署 南千住八丁目交番,35.7371715,139.8069079
窃盗,車上ねらい,南千住,南千住駅東口交番,131181.0,東京都,荒川区,南千住７丁目,2022/6/8,14,道路上,その他,施錠せず,あり,荒川区南千住７丁目,35.735666,139.798688, 南千住警察署 南千住駅東口交番,35.732836,139.799921
窃盗,車上ねらい,南千住,南千住駅東口交番,131181.0,東京都,荒川区,南千住７丁目,2022/10/28,6,道路上,その他,施錠せず,あり,荒川区南千住７丁目,35.735666,139.798688, 南千住警察署 南千住駅東口交番,35.732836,139.799921
窃盗,車上ねらい,南千住,南千住駅東口交番,131181.0,東京都,荒川区,南千住７丁目,2022/11/10,12,道路上,その他,施錠せず,あり,荒川区南千住７丁目,35.735666,139.798688, 南千住警察署 南千住駅東口交番,35.732836,139.799921
窃盗,車上ねらい,南千住,天王前交番,131181.0,東京都,荒川区,南千住６丁目,2022/6/19,18,その他,駐車（輪）場,施錠せず,なし,荒川区南千住６丁目,35.737924,139.792827, 南千住警察署 天王前交番,35.736827,139.796398
窃盗,車上ねらい,南千住,天王前交番,131181.0,東京都,荒川区,南千住７丁目,2022/6/22,21,道路上,その他,施錠せず,あり,荒川区南千住７丁目,35.735666,139.798688, 南千住警察署 天王前交番,35.736827,139.796398
窃盗,車上ねらい,荒川,三河島駅前交番,131181.0,東京都,荒川区,荒川３丁目,2022/1/14,17,その他,駐車（輪）場,施錠せず,なし,荒川区荒川３丁目,35.734245,139.781115, 荒川警察署 三河島駅前交番,,
窃盗,車上ねらい,荒川,三河島駅前交番,131181.0,東京都,荒川区,荒川３丁目,2022/6/21,18,道路上,その他,施錠せず,あり,荒川区荒川３丁目,35.734245,139.781115, 荒川警察署 三河島駅前交番,,
窃盗,車上ねらい,荒川,日暮里駅前交番,131181.0,東京都,荒川区,西日暮里２丁目,2022/1/7,19,駐車（輪）場,駐車（輪）場,施錠した,なし,荒川区西日暮里２丁目,35.730395,139.771031, 荒川警察署 日暮里駅前交番,35.7283842,139.7717987
窃盗,車上ねらい,荒川,日暮里駅前交番,131181.0,東京都,荒川区,西日暮里２丁目,2022/7/13,13,駐車（輪）場,駐車（輪）場,施錠した,なし,荒川区西日暮里２丁目,35.730395,139.771031, 荒川警察署 日暮里駅前交番,35.7283842,139.7717987
窃盗,車上ねらい,荒川,日暮里駅前交番,131181.0,東京都,荒川区,西日暮里２丁目,2022/7/15,3,駐車（輪）場,駐車（輪）場,施錠した,なし,荒川区西日暮里２丁目,35.730395,139.771031, 荒川警察署 日暮里駅前交番,35.7283842,139.7717987
窃盗,車上ねらい,荒川,日暮里駅前交番,131181.0,東京都,荒川区,西日暮里２丁目,2022/10/30,15,４階建て以上共同住宅,駐車（輪）場,施錠せず,あり,荒川区西日暮里２丁目,35.730395,139.771031, 荒川警察署 日暮里駅前交番,35.7283842,139.7717987
窃盗,車上ねらい,荒川,日暮里駅前交番,131181.0,東京都,荒川区,東日暮里６丁目,2022/1/7,20,駐車（輪）場,駐車（輪）場,施錠した,あり,荒川区東日暮里６丁目,35.730937,139.776514, 荒川警察署 日暮里駅前交番,35.7283842,139.7717987
窃盗,車上ねらい,荒川,日暮里駅前交番,131181.0,東京都,荒川区,東日暮里６丁目,2022/7/16,17,駐車（輪）場,駐車（輪）場,施錠した,なし,荒川区東日暮里６丁目,35.730937,139.776514, 荒川警察署 日暮里駅前交番,35.7283842,139.7717987
窃盗,車上ねらい,荒川,日暮里駅前交番,131181.0,東京都,荒川区,東日暮里６丁目,2022/9/13,10,その他,駐車（輪）場,施錠せず,あり,荒川区東日暮里６丁目,35.730937,139.776514, 荒川警察署 日暮里駅前交番,35.7283842,139.7717987
窃盗,車上ねらい,荒川,東日暮里交番,131181.0,東京都,荒川区,荒川１丁目,2022/2/19,1,道路上,その他,施錠せず,あり,荒川区荒川１丁目,35.73476,139.786842, 荒川警察署 東日暮里交番,35.729261,139.785569
窃盗,車上ねらい,荒川,東日暮里交番,131181.0,東京都,荒川区,東日暮里２丁目,2022/11/1,16,道路上,その他,施錠せず,あり,荒川区東日暮里２丁目,35.729989,139.785181, 荒川警察署 東日暮里交番,35.729261,139.785569
窃盗,車上ねらい,荒川,町屋交番,131181.0,東京都,荒川区,町屋１丁目,2022/4/12,1,道路上,その他,施錠せず,あり,荒川区町屋１丁目,35.744645,139.785293, 荒川警察署 町屋交番,35.742919900000004,139.78077278213436
窃盗,車上ねらい,荒川,町屋交番,131181.0,東京都,荒川区,町屋３丁目,2022/3/22,16,その他,駐車（輪）場,施錠せず,なし,荒川区町屋３丁目,35.747464,139.781956, 荒川警察署 町屋交番,35.742919900000004,139.78077278213436
窃盗,車上ねらい,荒川,荒川五丁目交番,131181.0,東京都,荒川区,荒川４丁目,2022/10/8,13,道路上,その他,施錠せず,あり,荒川区荒川４丁目,35.737978,139.779571, 荒川警察署 荒川五丁目交番,35.7374021,139.7766867
窃盗,車上ねらい,荒川,荒川五丁目交番,131181.0,東京都,荒川区,荒川７丁目,2022/5/24,18,道路上,その他,施錠せず,なし,荒川区荒川７丁目,35.7416636,139.7821709, 荒川警察署 荒川五丁目交番,35.7374021,139.7766867
窃盗,車上ねらい,荒川,西日暮里駅前交番,131181.0,東京都,荒川区,西日暮里３丁目,2022/7/16,19,その他,駐車（輪）場,施錠した,あり,荒川区西日暮里３丁目,35.729726,139.766665, 荒川警察署 西日暮里駅前交番,35.7319787,139.76643816110277
窃盗,車上ねらい,荒川,西日暮里駅前交番,131181.0,東京都,荒川区,西日暮里５丁目,2022/10/11,19,道路上,その他,施錠せず,なし,荒川区西日暮里５丁目,35.732876,139.768386, 荒川警察署 西日暮里駅前交番,35.7319787,139.76643816110277
窃盗,車上ねらい,荒川,,,,,,2022/10/29,16,道路上,その他,施錠せず,あり,nannan,,, 荒川警察署 nan,,
窃盗,車上ねらい,千住,北千住駅東口交番,131211.0,東京都,足立区,日ノ出町,2022/2/22,18,その他,駐車（輪）場,施錠せず,なし,足立区日ノ出町,35.75301485,139.81063750853139, 千住警察署 北千住駅東口交番,35.7490995,139.806202
窃盗,車上ねらい,千住,北千住駅西口交番,131211.0,東京都,足立区,千住１丁目,2022/1/12,5,道路上,その他,施錠せず,なし,足立区千住１丁目,35.7478532,139.8013258, 千住警察署 北千住駅西口交番,35.7502869,139.8040745
窃盗,車上ねらい,千住,北千住駅西口交番,131211.0,東京都,足立区,千住２丁目,2022/10/20,19,駐車（輪）場,駐車（輪）場,施錠した,あり,足立区千住２丁目,35.7494685,139.8019802, 千住警察署 北千住駅西口交番,35.7502869,139.8040745
窃盗,車上ねらい,千住,北千住駅西口交番,131211.0,東京都,足立区,千住３丁目,2022/10/10,18,道路上,その他,施錠せず,なし,足立区千住３丁目,35.751728,139.8029995, 千住警察署 北千住駅西口交番,35.7502869,139.8040745
窃盗,車上ねらい,千住,北千住駅西口交番,131211.0,東京都,足立区,千住中居町,2022/5/14,23,道路上,その他,施錠せず,あり,足立区千住中居町,35.7498422,139.79797804214513, 千住警察署 北千住駅西口交番,35.7502869,139.8040745
窃盗,車上ねらい,千住,千住四丁目交番,131211.0,東京都,足立区,千住４丁目,2022/10/20,16,駐車（輪）場,駐車（輪）場,施錠した,なし,足立区千住４丁目,35.7536348,139.8027205, 千住警察署 千住四丁目交番,35.7537348,139.8011798
窃盗,車上ねらい,千住,千住四丁目交番,131211.0,東京都,足立区,千住４丁目,2022/10/20,19,駐車（輪）場,駐車（輪）場,施錠した,なし,足立区千住４丁目,35.7536348,139.8027205, 千住警察署 千住四丁目交番,35.7537348,139.8011798
窃盗,車上ねらい,千住,大橋交番,131211.0,東京都,足立区,千住橋戸町,2022/9/27,17,その他,その他,施錠せず,なし,足立区千住橋戸町,35.7408098,139.7975039718258, 千住警察署 大橋交番,35.7401428,139.7975734
窃盗,車上ねらい,千住,桜木町交番,131211.0,東京都,足立区,千住桜木２丁目,2022/4/6,14,その他,駐車（輪）場,施錠せず,あり,足立区千住桜木２丁目,35.7547754,139.7860372, 千住警察署 桜木町交番,35.7557618,139.7901138
窃盗,車上ねらい,千住,緑町交番,131211.0,東京都,足立区,千住緑町２丁目,2021/12/27,9,４階建て以上共同住宅,駐車（輪）場,施錠せず,あり,足立区千住緑町２丁目,35.7454848,139.7916055, 千住警察署 緑町交番,35.7437324,139.7922766
窃盗,車上ねらい,西新井,大師前交番,131211.0,東京都,足立区,西新井１丁目,2022/11/3,18,道路上,その他,施錠せず,なし,足立区西新井１丁目,35.78031,139.781021, 西新井警察署 大師前交番,35.7782571,139.7810109
窃盗,車上ねらい,西新井,大師前交番,131211.0,東京都,足立区,西新井７丁目,2022/4/26,12,その他,駐車（輪）場,施錠せず,なし,足立区西新井７丁目,35.780571,139.771587, 西新井警察署 大師前交番,35.7782571,139.7810109
窃盗,車上ねらい,西新井,大師前交番,131211.0,東京都,足立区,西新井本町１丁目,2022/9/18,8,一戸建住宅,駐車（輪）場,施錠せず,あり,足立区西新井本町１丁目,35.7757602,139.7798091, 西新井警察署 大師前交番,35.7782571,139.7810109
窃盗,車上ねらい,西新井,宮城交番,131211.0,東京都,足立区,小台２丁目,2022/1/31,19,その他,駐車（輪）場,施錠した,なし,足立区小台２丁目,35.7577008,139.7593653, 西新井警察署 宮城交番,35.7622169,139.7557851
窃盗,車上ねらい,西新井,宮城交番,131211.0,東京都,足立区,小台２丁目,2022/9/21,17,その他,駐車（輪）場,施錠せず,なし,足立区小台２丁目,35.7577008,139.7593653, 西新井警察署 宮城交番,35.7622169,139.7557851
窃盗,車上ねらい,西新井,宮城交番,131211.0,東京都,足立区,宮城１丁目,2022/1/14,12,道路上,その他,施錠せず,なし,足立区宮城１丁目,35.7586759,139.7552132, 西新井警察署 宮城交番,35.7622169,139.7557851
窃盗,車上ねらい,西新井,宮城交番,131211.0,東京都,足立区,宮城１丁目,2022/10/28,17,その他,駐車（輪）場,施錠せず,なし,足立区宮城１丁目,35.7586759,139.7552132, 西新井警察署 宮城交番,35.7622169,139.7557851
窃盗,車上ねらい,西新井,島根交番,131211.0,東京都,足立区,六月１丁目,2022/5/21,18,その他,駐車（輪）場,施錠せず,なし,足立区六月１丁目,35.7874499,139.8009969, 西新井警察署 島根交番,35.7820463,139.7978116
窃盗,車上ねらい,西新井,新田駐在所,131211.0,東京都,足立区,新田１丁目,2022/9/3,22,４階建て以上共同住宅,駐車（輪）場,施錠せず,なし,足立区新田１丁目,35.7739017,139.7394204, 西新井警察署 新田駐在所,,
窃盗,車上ねらい,西新井,新田駐在所,131211.0,東京都,足立区,新田２丁目,2022/3/23,13,道路上,その他,施錠せず,あり,足立区新田２丁目,35.7724807,139.7418129, 西新井警察署 新田駐在所,,
窃盗,車上ねらい,西新井,新田駐在所,131211.0,東京都,足立区,新田２丁目,2022/6/17,4,道路上,その他,施錠せず,なし,足立区新田２丁目,35.7724807,139.7418129, 西新井警察署 新田駐在所,,
窃盗,車上ねらい,西新井,新田駐在所,131211.0,東京都,足立区,新田３丁目,2022/11/6,16,その他,その他,施錠せず,あり,足立区新田３丁目,35.7689922,139.7483253, 西新井警察署 新田駐在所,,
窃盗,車上ねらい,西新井,新田駐在所,131211.0,東京都,足立区,新田３丁目,2022/11/27,14,その他,駐車（輪）場,施錠せず,あり,足立区新田３丁目,35.7689922,139.7483253, 西新井警察署 新田駐在所,,
窃盗,車上ねらい,西新井,新田駐在所,131211.0,東京都,足立区,新田３丁目,2022/12/26,21,その他,駐車（輪）場,施錠せず,なし,足立区新田３丁目,35.7689922,139.7483253, 西新井警察署 新田駐在所,,
窃盗,車上ねらい,西新井,本木交番,131211.0,東京都,足立区,興野１丁目,2021/8/12,15,その他,駐車（輪）場,施錠せず,なし,足立区興野１丁目,35.7694013,139.7829366, 西新井警察署 本木交番,35.7641012,139.7826169
窃盗,車上ねらい,西新井,本木交番,131211.0,東京都,足立区,興野１丁目,2022/2/24,19,その他,駐車（輪）場,施錠せず,なし,足立区興野１丁目,35.7694013,139.7829366, 西新井警察署 本木交番,35.7641012,139.7826169
窃盗,車上ねらい,西新井,本木交番,131211.0,東京都,足立区,西新井本町４丁目,2022/11/5,10,道路上,その他,施錠せず,あり,足立区西新井本町４丁目,35.7726918,139.7769606, 西新井警察署 本木交番,35.7641012,139.7826169
窃盗,車上ねらい,西新井,本木交番,131211.0,東京都,足立区,本木西町,2022/9/21,18,駐車（輪）場,駐車（輪）場,施錠せず,なし,足立区本木西町,35.76040605,139.77950868307033, 西新井警察署 本木交番,35.7641012,139.7826169
窃盗,車上ねらい,西新井,本木交番,131211.0,東京都,足立区,本木東町,2022/6/20,17,その他,駐車（輪）場,施錠せず,なし,足立区本木東町,35.76607305,139.78235151529987, 西新井警察署 本木交番,35.7641012,139.7826169
窃盗,車上ねらい,西新井,梅田一丁目交番,131211.0,東京都,足立区,梅田３丁目,2022/3/2,12,駐車（輪）場,駐車（輪）場,施錠せず,なし,足立区梅田３丁目,35.7642363,139.7968357, 西新井警察署 梅田一丁目交番,35.763422,139.80356
窃盗,車上ねらい,西新井,梅田一丁目交番,131211.0,東京都,足立区,梅田３丁目,2022/4/27,13,駐車（輪）場,駐車（輪）場,施錠せず,なし,足立区梅田３丁目,35.7642363,139.7968357, 西新井警察署 梅田一丁目交番,35.763422,139.80356
窃盗,車上ねらい,西新井,梅田一丁目交番,131211.0,東京都,足立区,梅田３丁目,2022/5/22,3,道路上,その他,施錠せず,なし,足立区梅田３丁目,35.7642363,139.7968357, 西新井警察署 梅田一丁目交番,35.763422,139.80356
窃盗,車上ねらい,西新井,江北交番,131211.0,東京都,足立区,江北１丁目,2022/1/6,21,駐車（輪）場,駐車（輪）場,施錠した,あり,足立区江北１丁目,35.769804,139.768329, 西新井警察署 江北交番,35.7688712,139.7619409
窃盗,車上ねらい,西新井,江北交番,131211.0,東京都,足立区,江北１丁目,2022/1/13,18,その他,駐車（輪）場,施錠した,なし,足立区江北１丁目,35.769804,139.768329, 西新井警察署 江北交番,35.7688712,139.7619409
窃盗,車上ねらい,西新井,江北交番,131211.0,東京都,足立区,江北１丁目,2022/1/21,22,その他,駐車（輪）場,施錠した,なし,足立区江北１丁目,35.769804,139.768329, 西新井警察署 江北交番,35.7688712,139.7619409
窃盗,車上ねらい,西新井,江北交番,131211.0,東京都,足立区,江北１丁目,2022/1/30,21,道路上,その他,施錠した,あり,足立区江北１丁目,35.769804,139.768329, 西新井警察署 江北交番,35.7688712,139.7619409
窃盗,車上ねらい,西新井,江北交番,131211.0,東京都,足立区,江北４丁目,2022/7/15,18,駐車（輪）場,駐車（輪）場,施錠した,なし,足立区江北４丁目,35.7727502,139.766904, 西新井警察署 江北交番,35.7688712,139.7619409
窃盗,車上ねらい,西新井,皿沼交番,131211.0,東京都,足立区,加賀１丁目,2022/11/2,20,駐車（輪）場,駐車（輪）場,施錠した,なし,足立区加賀１丁目,35.7887532,139.7589966, 西新井警察署 皿沼交番,35.7890614,139.7622666
窃盗,車上ねらい,西新井,皿沼交番,131211.0,東京都,足立区,加賀２丁目,2022/12/27,19,その他,駐車（輪）場,施錠せず,あり,足立区加賀２丁目,35.7925384,139.760963, 西新井警察署 皿沼交番,35.7890614,139.7622666
窃盗,車上ねらい,西新井,皿沼交番,131211.0,東京都,足立区,鹿浜８丁目,2022/8/14,1,４階建て以上共同住宅,駐車（輪）場,施錠せず,あり,足立区鹿浜８丁目,35.788198,139.763594, 西新井警察署 皿沼交番,35.7890614,139.7622666
窃盗,車上ねらい,西新井,西新井五丁目交番,131211.0,東京都,足立区,西新井２丁目,2022/9/18,15,その他,駐車（輪）場,施錠せず,なし,足立区西新井２丁目,35.7843135,139.7814313, 西新井警察署 西新井五丁目交番,35.7860023,139.7791691
窃盗,車上ねらい,西新井,西新井五丁目交番,131211.0,東京都,足立区,西新井４丁目,2022/4/13,14,その他,駐車（輪）場,施錠せず,なし,足立区西新井４丁目,35.7878778,139.7754296, 西新井警察署 西新井五丁目交番,35.7860023,139.7791691
窃盗,車上ねらい,西新井,西新井五丁目交番,131211.0,東京都,足立区,西新井５丁目,2022/5/12,9,その他,駐車（輪）場,施錠せず,なし,足立区西新井５丁目,35.7843703,139.7756228, 西新井警察署 西新井五丁目交番,35.7860023,139.7791691
窃盗,車上ねらい,西新井,西新井五丁目交番,131211.0,東京都,足立区,谷在家１丁目,2022/12/27,20,道路上,その他,施錠せず,なし,足立区谷在家１丁目,35.786648,139.771071, 西新井警察署 西新井五丁目交番,35.7860023,139.7791691
窃盗,車上ねらい,西新井,西新井駅前交番,131211.0,東京都,足立区,梅島３丁目,2022/11/27,10,その他,駐車（輪）場,施錠せず,なし,足立区梅島３丁目,35.7759734,139.7943735, 西新井警察署 西新井駅前交番,35.7768722,139.7898379
窃盗,車上ねらい,西新井,西新井駅前交番,131211.0,東京都,足立区,梅島３丁目,2022/12/17,19,道路上,その他,施錠せず,あり,足立区梅島３丁目,35.7759734,139.7943735, 西新井警察署 西新井駅前交番,35.7768722,139.7898379
窃盗,車上ねらい,西新井,西新井駅前交番,131211.0,東京都,足立区,西新井栄町１丁目,2022/1/8,18,その他,駐車（輪）場,施錠せず,なし,足立区西新井栄町１丁目,35.7740149,139.7894061, 西新井警察署 西新井駅前交番,35.7768722,139.7898379
窃盗,車上ねらい,西新井,西新井駅前交番,131211.0,東京都,足立区,西新井栄町１丁目,2022/2/26,13,その他,駐車（輪）場,施錠せず,なし,足立区西新井栄町１丁目,35.7740149,139.7894061, 西新井警察署 西新井駅前交番,35.7768722,139.7898379
窃盗,車上ねらい,西新井,西新井駅前交番,131211.0,東京都,足立区,西新井栄町１丁目,2022/9/21,19,その他,駐車（輪）場,施錠せず,なし,足立区西新井栄町１丁目,35.7740149,139.7894061, 西新井警察署 西新井駅前交番,35.7768722,139.7898379
窃盗,車上ねらい,西新井,西新井駅前交番,131211.0,東京都,足立区,西新井栄町１丁目,2022/10/3,17,道路上,その他,施錠せず,あり,足立区西新井栄町１丁目,35.7740149,139.7894061, 西新井警察署 西新井駅前交番,35.7768722,139.7898379
窃盗,車上ねらい,西新井,西新井駅前交番,131211.0,東京都,足立区,西新井栄町２丁目,2022/11/2,14,その他,駐車（輪）場,施錠せず,なし,足立区西新井栄町２丁目,35.7769722,139.7869572, 西新井警察署 西新井駅前交番,35.7768722,139.7898379
窃盗,車上ねらい,西新井,関原三丁目交番,131211.0,東京都,足立区,関原２丁目,2022/3/4,14,道路上,その他,施錠せず,あり,足立区関原２丁目,35.7667201,139.7890091, 西新井警察署 関原三丁目交番,35.7696305,139.7887628
窃盗,車上ねらい,西新井,鹿浜交番,131211.0,東京都,足立区,鹿浜３丁目,2022/2/1,不明,一戸建住宅,駐車（輪）場,施錠せず,あり,足立区鹿浜３丁目,35.7811177,139.7534284, 西新井警察署 鹿浜交番,35.7787755,139.7507655
窃盗,車上ねらい,西新井,鹿浜交番,131211.0,東京都,足立区,鹿浜３丁目,2022/10/31,19,その他,駐車（輪）場,施錠せず,なし,足立区鹿浜３丁目,35.7811177,139.7534284, 西新井警察署 鹿浜交番,35.7787755,139.7507655
窃盗,車上ねらい,綾瀬,一ツ家交番,131211.0,東京都,足立区,加平２丁目,2022/2/26,5,駐車（輪）場,駐車（輪）場,施錠せず,なし,足立区加平２丁目,35.7804474,139.8267746, 綾瀬警察署 一ツ家交番,,
窃盗,車上ねらい,綾瀬,一ツ家交番,131211.0,東京都,足立区,六町１丁目,2022/6/3,22,道路上,その他,施錠せず,あり,足立区六町１丁目,35.7823448,139.8224938, 綾瀬警察署 一ツ家交番,,
窃盗,車上ねらい,綾瀬,中央本町交番,131211.0,東京都,足立区,中央本町５丁目,2022/11/25,18,その他,駐車（輪）場,施錠せず,なし,足立区中央本町５丁目,35.7779841,139.8071086, 綾瀬警察署 中央本町交番,35.7749739,139.8034744
窃盗,車上ねらい,綾瀬,中央本町交番,131211.0,東京都,足立区,一ツ家１丁目,2022/3/5,18,一戸建住宅,駐車（輪）場,施錠せず,あり,足立区一ツ家１丁目,35.7815789,139.8100161, 綾瀬警察署 中央本町交番,35.7749739,139.8034744
窃盗,車上ねらい,綾瀬,五反野駅前交番,131211.0,東京都,足立区,中央本町２丁目,2022/11/30,19,その他,駐車（輪）場,施錠せず,なし,足立区中央本町２丁目,35.7696364,139.80757, 綾瀬警察署 五反野駅前交番,,
窃盗,車上ねらい,綾瀬,大谷田交番,131211.0,東京都,足立区,大谷田１丁目,2022/1/3,20,４階建て以上共同住宅,駐車（輪）場,施錠せず,あり,足立区大谷田１丁目,35.7789329,139.8457646, 綾瀬警察署 大谷田交番,35.7761331,139.8434775
窃盗,車上ねらい,綾瀬,大谷田交番,131211.0,東京都,足立区,大谷田４丁目,2022/8/29,10,道路上,その他,施錠せず,あり,足立区大谷田４丁目,35.7797772,139.838233, 綾瀬警察署 大谷田交番,35.7761331,139.8434775
窃盗,車上ねらい,綾瀬,弘道交番,131211.0,東京都,足立区,中央本町２丁目,2022/11/1,16,道路上,その他,施錠せず,あり,足立区中央本町２丁目,35.7696364,139.80757, 綾瀬警察署 弘道交番,35.770701,139.810537
窃盗,車上ねらい,綾瀬,東和交番,131211.0,東京都,足立区,東和５丁目,2022/6/2,18,その他,駐車（輪）場,施錠せず,なし,足立区東和５丁目,35.7754512,139.8381471, 綾瀬警察署 東和交番,35.7689131,139.8415386
窃盗,車上ねらい,綾瀬,神明交番,131211.0,東京都,足立区,神明南２丁目,2022/2/17,19,駐車（輪）場,駐車（輪）場,施錠せず,なし,足立区神明南２丁目,35.789116,139.8322034, 綾瀬警察署 神明交番,35.7917124,139.8316794
窃盗,車上ねらい,綾瀬,綾瀬六丁目交番,131211.0,東京都,足立区,綾瀬３丁目,2022/3/7,21,一戸建住宅,駐車（輪）場,施錠せず,あり,足立区綾瀬３丁目,35.7646808,139.8263052, 綾瀬警察署 綾瀬六丁目交番,35.7688512,139.8259598
窃盗,車上ねらい,綾瀬,綾瀬六丁目交番,131211.0,東京都,足立区,綾瀬６丁目,2022/8/6,15,その他,駐車（輪）場,施錠せず,なし,足立区綾瀬６丁目,35.7708115,139.8264849, 綾瀬警察署 綾瀬六丁目交番,35.7688512,139.8259598
窃盗,車上ねらい,綾瀬,綾瀬六丁目交番,131211.0,東京都,足立区,東綾瀬３丁目,2022/1/17,21,その他,駐車（輪）場,施錠せず,なし,足立区東綾瀬３丁目,35.770237,139.8328364, 綾瀬警察署 綾瀬六丁目交番,35.7688512,139.8259598
窃盗,車上ねらい,綾瀬,綾瀬六丁目交番,131211.0,東京都,足立区,谷中２丁目,2022/1/23,16,その他,その他,施錠せず,あり,足立区谷中２丁目,35.7761649,139.8332441, 綾瀬警察署 綾瀬六丁目交番,35.7688512,139.8259598
窃盗,車上ねらい,綾瀬,綾瀬六丁目交番,131211.0,東京都,足立区,谷中２丁目,2022/2/8,15,その他,その他,施錠せず,なし,足立区谷中２丁目,35.7761649,139.8332441, 綾瀬警察署 綾瀬六丁目交番,35.7688512,139.8259598
窃盗,車上ねらい,綾瀬,綾瀬六丁目交番,131211.0,東京都,足立区,谷中２丁目,2022/10/24,19,その他,駐車（輪）場,施錠せず,なし,足立区谷中２丁目,35.7761649,139.8332441, 綾瀬警察署 綾瀬六丁目交番,35.7688512,139.8259598
窃盗,車上ねらい,綾瀬,綾瀬駅東口交番,131211.0,東京都,足立区,綾瀬５丁目,2022/6/11,16,道路上,その他,施錠せず,あり,足立区綾瀬５丁目,35.7674557,139.8271286, 綾瀬警察署 綾瀬駅東口交番,35.7627604,139.8278633
窃盗,車上ねらい,綾瀬,綾瀬駅東口交番,131211.0,東京都,足立区,東綾瀬２丁目,2022/3/10,13,道路上,その他,施錠せず,なし,足立区東綾瀬２丁目,35.7676777,139.8327291, 綾瀬警察署 綾瀬駅東口交番,35.7627604,139.8278633
窃盗,車上ねらい,綾瀬,綾瀬駅東口交番,131211.0,東京都,足立区,東綾瀬２丁目,2022/3/11,16,その他,その他,施錠せず,なし,足立区東綾瀬２丁目,35.7676777,139.8327291, 綾瀬警察署 綾瀬駅東口交番,35.7627604,139.8278633
窃盗,車上ねらい,綾瀬,綾瀬駅西口交番,131211.0,東京都,足立区,綾瀬４丁目,2022/3/10,12,その他,駐車（輪）場,施錠せず,なし,足立区綾瀬４丁目,35.7655904,139.8226641, 綾瀬警察署 綾瀬駅西口交番,35.7616666,139.8228475
窃盗,車上ねらい,綾瀬,足立駐在所,131211.0,東京都,足立区,足立３丁目,2022/10/20,13,その他の住宅（３階建て以下共同住宅等）,駐車（輪）場,施錠した,あり,足立区足立３丁目,35.7631682,139.8108101, 綾瀬警察署 足立駐在所,35.7643063,139.8117847
窃盗,車上ねらい,竹の塚,伊興町交番,131211.0,東京都,足立区,伊興５丁目,2022/1/11,14,道路上,その他,施錠せず,なし,足立区伊興５丁目,35.798941,139.7829902, 竹の塚警察署 伊興町交番,35.795238,139.7887666
窃盗,車上ねらい,竹の塚,伊興町交番,131211.0,東京都,足立区,西竹の塚２丁目,2022/11/11,14,道路上,その他,施錠せず,あり,足立区西竹の塚２丁目,35.7963957,139.7901141, 竹の塚警察署 伊興町交番,35.795238,139.7887666
窃盗,車上ねらい,竹の塚,伊興町交番,131211.0,東京都,足立区,西竹の塚２丁目,2022/12/22,16,道路上,その他,施錠せず,あり,足立区西竹の塚２丁目,35.7963957,139.7901141, 竹の塚警察署 伊興町交番,35.795238,139.7887666
窃盗,車上ねらい,竹の塚,伊興町交番,131211.0,東京都,足立区,東伊興３丁目,2022/4/7,1,その他の住宅（３階建て以下共同住宅等）,駐車（輪）場,施錠せず,あり,足立区東伊興３丁目,35.8011948,139.791584, 竹の塚警察署 伊興町交番,35.795238,139.7887666
窃盗,車上ねらい,竹の塚,保木間交番,131211.0,東京都,足立区,保木間１丁目,2022/7/23,22,４階建て以上共同住宅,駐車（輪）場,施錠せず,あり,足立区保木間１丁目,35.790404,139.804995, 竹の塚警察署 保木間交番,35.7948232,139.8102664
窃盗,車上ねらい,竹の塚,保木間交番,131211.0,東京都,足立区,保木間２丁目,2022/4/23,0,その他,その他,施錠せず,あり,足立区保木間２丁目,35.7930148,139.8079026, 竹の塚警察署 保木間交番,35.7948232,139.8102664
窃盗,車上ねらい,竹の塚,保木間交番,131211.0,東京都,足立区,保木間３丁目,2022/7/1,23,４階建て以上共同住宅,駐車（輪）場,施錠せず,あり,足立区保木間３丁目,35.7960606,139.8066258, 竹の塚警察署 保木間交番,35.7948232,139.8102664
窃盗,車上ねらい,竹の塚,入谷町交番,131211.0,東京都,足立区,入谷７丁目,2021/10/29,19,一戸建住宅,駐車（輪）場,施錠せず,あり,足立区入谷７丁目,35.8007684,139.7599232, 竹の塚警察署 入谷町交番,35.8021727,139.761817
窃盗,車上ねらい,竹の塚,古千谷駐在所,131211.0,東京都,足立区,古千谷２丁目,2022/8/14,18,その他,その他,施錠せず,あり,足立区古千谷２丁目,35.8006901,139.7731948, 竹の塚警察署 古千谷駐在所,35.7996198,139.7766353
窃盗,車上ねらい,竹の塚,古千谷駐在所,131211.0,東京都,足立区,西伊興１丁目,2022/9/8,23,道路上,その他,施錠せず,あり,足立区西伊興１丁目,35.7918051,139.7749543, 竹の塚警察署 古千谷駐在所,35.7996198,139.7766353
窃盗,車上ねらい,竹の塚,竹の塚駅前交番,131211.0,東京都,足立区,竹の塚５丁目,2022/11/25,16,その他,駐車（輪）場,施錠せず,なし,足立区竹の塚５丁目,35.7967046,139.7962081, 竹の塚警察署 竹の塚駅前交番,35.7937277,139.7922265
窃盗,車上ねらい,竹の塚,竹の塚駅前交番,131211.0,東京都,足立区,西保木間４丁目,2022/7/30,8,道路上,その他,施錠せず,あり,足立区西保木間４丁目,35.8037574,139.7963262, 竹の塚警察署 竹の塚駅前交番,35.7937277,139.7922265
窃盗,車上ねらい,竹の塚,見沼代親水公園駅前交番,131211.0,東京都,足立区,古千谷２丁目,2022/8/14,18,その他,その他,施錠せず,あり,足立区古千谷２丁目,35.8006901,139.7731948, 竹の塚警察署 見沼代親水公園駅前交番,,
窃盗,車上ねらい,竹の塚,見沼代親水公園駅前交番,131211.0,東京都,足立区,舎人３丁目,2022/8/29,19,その他,駐車（輪）場,施錠せず,あり,足立区舎人３丁目,35.8126105,139.7733986, 竹の塚警察署 見沼代親水公園駅前交番,,
窃盗,車上ねらい,竹の塚,見沼代親水公園駅前交番,131211.0,東京都,足立区,舎人５丁目,2022/11/3,11,道路上,その他,施錠せず,あり,足立区舎人５丁目,35.8128889,139.7676051, 竹の塚警察署 見沼代親水公園駅前交番,,
窃盗,車上ねらい,城東,亀戸交番,131083.0,東京都,江東区,亀戸８丁目,2022/10/17,13,道路上,その他,施錠せず,あり,江東区亀戸８丁目,35.700503,139.834839, 城東警察署 亀戸交番,35.6971705,139.8405464
窃盗,車上ねらい,城東,亀戸交番,131083.0,東京都,江東区,亀戸９丁目,2022/7/17,11,４階建て以上共同住宅,その他,施錠せず,あり,江東区亀戸９丁目,35.698131,139.842157, 城東警察署 亀戸交番,35.6971705,139.8405464
窃盗,車上ねらい,城東,亀戸駅前交番,131083.0,東京都,江東区,亀戸５丁目,2022/2/27,15,その他,その他,施錠せず,なし,江東区亀戸５丁目,35.699212,139.829033, 城東警察署 亀戸駅前交番,35.696848,139.825345
窃盗,車上ねらい,城東,亀戸駅前交番,131083.0,東京都,江東区,亀戸５丁目,2022/7/27,20,その他の住宅（３階建て以下共同住宅等）,駐車（輪）場,施錠せず,あり,江東区亀戸５丁目,35.699212,139.829033, 城東警察署 亀戸駅前交番,35.696848,139.825345
窃盗,車上ねらい,城東,亀戸駅前交番,131083.0,東京都,江東区,亀戸５丁目,2022/7/30,6,道路上,その他,施錠せず,あり,江東区亀戸５丁目,35.699212,139.829033, 城東警察署 亀戸駅前交番,35.696848,139.825345
窃盗,車上ねらい,城東,亀戸駅前交番,131083.0,東京都,江東区,亀戸５丁目,2022/12/22,17,４階建て以上共同住宅,その他,施錠せず,あり,江東区亀戸５丁目,35.699212,139.829033, 城東警察署 亀戸駅前交番,35.696848,139.825345
窃盗,車上ねらい,城東,元八幡交番,131083.0,東京都,江東区,新砂３丁目,2022/6/2,6,その他,駐車（輪）場,施錠せず,あり,江東区新砂３丁目,35.6619991,139.8371011, 城東警察署 元八幡交番,35.668963,139.837733
窃盗,車上ねらい,城東,元八幡交番,131083.0,東京都,江東区,南砂６丁目,2022/4/22,19,４階建て以上共同住宅,駐車（輪）場,施錠せず,なし,江東区南砂６丁目,35.671933,139.83502, 城東警察署 元八幡交番,35.668963,139.837733
窃盗,車上ねらい,城東,元八幡交番,131083.0,東京都,江東区,南砂６丁目,2022/5/10,5,その他,駐車（輪）場,施錠せず,なし,江東区南砂６丁目,35.671933,139.83502, 城東警察署 元八幡交番,35.668963,139.837733
窃盗,車上ねらい,城東,北砂五丁目交番,131083.0,東京都,江東区,北砂２丁目,2022/9/28,11,その他,駐車（輪）場,施錠せず,あり,江東区北砂２丁目,35.681245,139.826232, 城東警察署 北砂五丁目交番,35.6842049,139.8346646
窃盗,車上ねらい,城東,北砂五丁目交番,131083.0,東京都,江東区,北砂３丁目,2022/11/10,11,その他,駐車（輪）場,施錠せず,なし,江東区北砂３丁目,35.682435,139.828917, 城東警察署 北砂五丁目交番,35.6842049,139.8346646
窃盗,車上ねらい,城東,大島交番,131083.0,東京都,江東区,大島７丁目,2022/3/10,12,道路上,その他,施錠せず,あり,江東区大島７丁目,35.692334,139.840606, 城東警察署 大島交番,35.6898146,139.8337996
窃盗,車上ねらい,城東,天神橋交番,131083.0,東京都,江東区,亀戸４丁目,2022/6/29,10,道路上,その他,施錠せず,なし,江東区亀戸４丁目,35.702829,139.829153, 城東警察署 天神橋交番,35.701624,139.819484
窃盗,車上ねらい,城東,日曹橋交番,131083.0,東京都,江東区,南砂２丁目,2022/12/21,13,４階建て以上共同住宅,その他,施錠せず,なし,江東区南砂２丁目,35.672862,139.822903, 城東警察署 日曹橋交番,35.6696968,139.8260401
窃盗,車上ねらい,城東,東大島駅前交番,131083.0,東京都,江東区,大島７丁目,2022/4/5,22,その他,駐車（輪）場,施錠せず,なし,江東区大島７丁目,35.692334,139.840606, 城東警察署 東大島駅前交番,35.690212,139.845873
窃盗,車上ねらい,城東,東大島駅前交番,131083.0,東京都,江東区,大島８丁目,2022/6/26,1,駐車（輪）場,駐車（輪）場,施錠せず,なし,江東区大島８丁目,35.688353,139.841542, 城東警察署 東大島駅前交番,35.690212,139.845873
窃盗,車上ねらい,城東,東大島駅前交番,131083.0,東京都,江東区,亀戸５丁目,2022/11/25,17,その他,駐車（輪）場,施錠せず,なし,江東区亀戸５丁目,35.699212,139.829033, 城東警察署 東大島駅前交番,35.690212,139.845873
窃盗,車上ねらい,城東,番所橋交番,131083.0,東京都,江東区,北砂７丁目,2022/8/24,19,駐車（輪）場,駐車（輪）場,施錠した,なし,江東区北砂７丁目,35.678181,139.836018, 城東警察署 番所橋交番,35.6837516,139.8447462
窃盗,車上ねらい,城東,番所橋交番,131083.0,東京都,江東区,東砂３丁目,2021/11/22,11,一戸建住宅,駐車（輪）場,施錠せず,あり,江東区東砂３丁目,35.680616,139.8429509, 城東警察署 番所橋交番,35.6837516,139.8447462
窃盗,車上ねらい,城東,番所橋交番,131083.0,東京都,江東区,東砂３丁目,2022/12/26,19,道路上,その他,施錠せず,あり,江東区東砂３丁目,35.680616,139.8429509, 城東警察署 番所橋交番,35.6837516,139.8447462
窃盗,車上ねらい,城東,葛西橋西交番,131083.0,東京都,江東区,東砂７丁目,2022/12/21,14,その他,その他,施錠せず,あり,江東区東砂７丁目,35.67265,139.838844, 城東警察署 葛西橋西交番,35.6751888,139.8406531
窃盗,車上ねらい,城東,葛西橋西交番,131083.0,東京都,江東区,南砂５丁目,2022/9/18,18,４階建て以上共同住宅,その他,施錠せず,なし,江東区南砂５丁目,35.675323,139.831974, 城東警察署 葛西橋西交番,35.6751888,139.8406531
窃盗,車上ねらい,城東,日曹橋交番,131083.0,東京都,江東区,新砂２丁目,2021/11/8,22,道路上,その他,施錠せず,なし,江東区新砂２丁目,35.662567,139.826169, 城東警察署 日曹橋交番,35.6696968,139.8260401
窃盗,車上ねらい,本所,両国交番,131075.0,東京都,墨田区,両国２丁目,2022/3/15,19,４階建て以上共同住宅,駐車（輪）場,施錠せず,なし,墨田区両国２丁目,35.693886,139.792108, 本所警察署 両国交番,,
窃盗,車上ねらい,本所,向島交番,131075.0,東京都,墨田区,向島５丁目,2022/3/23,18,４階建て以上共同住宅,駐車（輪）場,施錠せず,なし,墨田区向島５丁目,35.718987,139.810264, 本所警察署 向島交番,,
窃盗,車上ねらい,本所,押上駅前交番,131075.0,東京都,墨田区,押上１丁目,2022/6/16,10,その他,その他,施錠せず,あり,墨田区押上１丁目,35.710776,139.813826, 本所警察署 押上駅前交番,,
窃盗,車上ねらい,本所,押上駅前交番,131075.0,東京都,墨田区,業平５丁目,2022/11/14,14,道路上,その他,施錠せず,あり,墨田区業平５丁目,35.7074,139.817308, 本所警察署 押上駅前交番,,
窃盗,車上ねらい,本所,押上駅前交番,131075.0,東京都,墨田区,業平５丁目,2022/12/16,12,その他,駐車（輪）場,施錠せず,なし,墨田区業平５丁目,35.7074,139.817308, 本所警察署 押上駅前交番,,
窃盗,車上ねらい,本所,横網交番,131075.0,東京都,墨田区,横網２丁目,2022/2/4,14,駐車（輪）場,駐車（輪）場,施錠せず,なし,墨田区横網２丁目,35.700423,139.795032, 本所警察署 横網交番,,
窃盗,車上ねらい,本所,江東橋交番,131075.0,東京都,墨田区,亀沢３丁目,2022/8/20,16,道路上,その他,施錠せず,あり,墨田区亀沢３丁目,35.697592,139.803986, 本所警察署 江東橋交番,35.6949499,139.8085755
窃盗,車上ねらい,本所,江東橋交番,131075.0,東京都,墨田区,緑２丁目,2022/4/26,17,道路上,その他,施錠せず,あり,墨田区緑２丁目,35.694117,139.801646, 本所警察署 江東橋交番,35.6949499,139.8085755
窃盗,車上ねらい,本所,江東橋交番,131075.0,東京都,墨田区,緑２丁目,2022/6/12,16,道路上,その他,施錠せず,なし,墨田区緑２丁目,35.694117,139.801646, 本所警察署 江東橋交番,35.6949499,139.8085755
窃盗,車上ねらい,本所,石原三丁目交番,131075.0,東京都,墨田区,亀沢３丁目,2022/6/22,16,その他,その他,施錠せず,あり,墨田区亀沢３丁目,35.697592,139.803986, 本所警察署 石原三丁目交番,35.700504,139.8039563
窃盗,車上ねらい,本所,菊川二丁目交番,131075.0,東京都,墨田区,菊川１丁目,2022/9/21,14,その他,その他,施錠せず,なし,墨田区菊川１丁目,35.689285,139.801596, 本所警察署 菊川二丁目交番,35.689904,139.805626
窃盗,車上ねらい,本所,言問交番,131075.0,東京都,墨田区,吾妻橋１丁目,2022/6/6,7,駐車（輪）場,駐車（輪）場,施錠せず,なし,墨田区吾妻橋１丁目,35.709683,139.800404, 本所警察署 言問交番,,
窃盗,車上ねらい,本所,言問交番,131075.0,東京都,墨田区,向島１丁目,2022/8/24,14,その他,その他,施錠せず,なし,墨田区向島１丁目,35.711774,139.804612, 本所警察署 言問交番,,
窃盗,車上ねらい,本所,言問交番,131075.0,東京都,墨田区,向島２丁目,2022/11/5,12,道路上,その他,施錠せず,あり,墨田区向島２丁目,35.715147,139.80682, 本所警察署 言問交番,,
窃盗,車上ねらい,本所,言問交番,131075.0,東京都,墨田区,向島３丁目,2022/1/18,6,４階建て以上共同住宅,駐車（輪）場,施錠せず,なし,墨田区向島３丁目,35.713316,139.80932, 本所警察署 言問交番,,
窃盗,車上ねらい,本所,錦糸町駅北口交番,131075.0,東京都,墨田区,錦糸２丁目,2022/12/21,15,駐車（輪）場,駐車（輪）場,施錠せず,なし,墨田区錦糸２丁目,35.698388,139.812637, 本所警察署 錦糸町駅北口交番,35.697609099999994,139.81333909524795
窃盗,車上ねらい,本所,錦糸町駅北口交番,131075.0,東京都,墨田区,錦糸３丁目,2022/9/11,21,道路上,その他,施錠せず,あり,墨田区錦糸３丁目,35.698478,139.814165, 本所警察署 錦糸町駅北口交番,35.697609099999994,139.81333909524795
窃盗,車上ねらい,本所,錦糸町駅南口交番,131075.0,東京都,墨田区,江東橋３丁目,2022/1/13,12,駐車（輪）場,駐車（輪）場,施錠せず,あり,墨田区江東橋３丁目,35.694649,139.81408, 本所警察署 錦糸町駅南口交番,35.69598725,139.81479650833177
窃盗,車上ねらい,本所,錦糸町駅南口交番,131075.0,東京都,墨田区,江東橋３丁目,2022/6/1,20,その他,駐車（輪）場,施錠せず,なし,墨田区江東橋３丁目,35.694649,139.81408, 本所警察署 錦糸町駅南口交番,35.69598725,139.81479650833177
窃盗,車上ねらい,本所,錦糸町駅南口交番,131075.0,東京都,墨田区,江東橋３丁目,2022/8/30,11,駐車（輪）場,駐車（輪）場,施錠せず,なし,墨田区江東橋３丁目,35.694649,139.81408, 本所警察署 錦糸町駅南口交番,35.69598725,139.81479650833177
窃盗,車上ねらい,本所,錦糸町駅南口交番,131075.0,東京都,墨田区,江東橋３丁目,2022/9/20,7,駐車（輪）場,駐車（輪）場,施錠せず,なし,墨田区江東橋３丁目,35.694649,139.81408, 本所警察署 錦糸町駅南口交番,35.69598725,139.81479650833177
窃盗,車上ねらい,本所,錦糸町駅南口交番,131075.0,東京都,墨田区,江東橋３丁目,2022/10/11,19,道路上,その他,施錠せず,あり,墨田区江東橋３丁目,35.694649,139.81408, 本所警察署 錦糸町駅南口交番,35.69598725,139.81479650833177
窃盗,車上ねらい,本所,錦糸町駅南口交番,131075.0,東京都,墨田区,江東橋３丁目,2022/12/20,16,駐車（輪）場,駐車（輪）場,施錠せず,なし,墨田区江東橋３丁目,35.694649,139.81408, 本所警察署 錦糸町駅南口交番,35.69598725,139.81479650833177
窃盗,車上ねらい,向島,京島交番,131075.0,東京都,墨田区,京島１丁目,2022/1/28,8,道路上,その他,施錠せず,あり,墨田区京島１丁目,35.717048,139.819684, 向島警察署 京島交番,,
窃盗,車上ねらい,向島,京島交番,131075.0,東京都,墨田区,京島２丁目,2022/12/13,17,その他,その他,施錠せず,あり,墨田区京島２丁目,35.713635,139.820338, 向島警察署 京島交番,,
窃盗,車上ねらい,向島,八広四丁目交番,131075.0,東京都,墨田区,八広４丁目,2022/5/19,7,その他,駐車（輪）場,施錠せず,なし,墨田区八広４丁目,35.723057,139.828893, 向島警察署 八広四丁目交番,35.7226022,139.8265568
窃盗,車上ねらい,向島,四ツ木橋交番,131075.0,東京都,墨田区,八広６丁目,2022/10/24,17,その他,その他,施錠せず,あり,墨田区八広６丁目,35.727513,139.829793, 向島警察署 四ツ木橋交番,35.7287531,139.8253921
窃盗,車上ねらい,向島,堤通駐在所,131075.0,東京都,墨田区,立花２丁目,2022/7/21,11,一戸建住宅,その他,施錠せず,あり,墨田区立花２丁目,35.708465,139.829129, 向島警察署 堤通駐在所,35.7369969,139.8181591
窃盗,車上ねらい,向島,墨田三丁目交番,131075.0,東京都,墨田区,墨田１丁目,2022/10/29,13,４階建て以上共同住宅,駐車（輪）場,施錠せず,なし,墨田区墨田１丁目,35.728561,139.816426, 向島警察署 墨田三丁目交番,35.7279334,139.820647
窃盗,車上ねらい,向島,墨田三丁目交番,131075.0,東京都,墨田区,墨田１丁目,2022/12/21,21,駐車（輪）場,駐車（輪）場,施錠せず,あり,墨田区墨田１丁目,35.728561,139.816426, 向島警察署 墨田三丁目交番,35.7279334,139.820647
窃盗,車上ねらい,向島,墨田三丁目交番,131075.0,東京都,墨田区,東向島５丁目,2022/8/27,2,駐車（輪）場,駐車（輪）場,施錠せず,なし,墨田区東向島５丁目,35.726834,139.821553, 向島警察署 墨田三丁目交番,35.7279334,139.820647
窃盗,車上ねらい,向島,小村井交番,131075.0,東京都,墨田区,立花１丁目,2022/1/3,15,その他,駐車（輪）場,施錠せず,なし,墨田区立花１丁目,35.705215,139.829096, 向島警察署 小村井交番,35.710273,139.8285649
窃盗,車上ねらい,向島,小村井交番,131075.0,東京都,墨田区,立花２丁目,2022/11/30,16,その他,その他,施錠せず,あり,墨田区立花２丁目,35.708465,139.829129, 向島警察署 小村井交番,35.710273,139.8285649
窃盗,車上ねらい,向島,小村井交番,131075.0,東京都,墨田区,立花２丁目,2022/12/1,18,その他,その他,施錠せず,なし,墨田区立花２丁目,35.708465,139.829129, 向島警察署 小村井交番,35.710273,139.8285649
窃盗,車上ねらい,向島,小村井交番,131075.0,東京都,墨田区,立花５丁目,2022/12/16,18,その他,駐車（輪）場,施錠せず,なし,墨田区立花５丁目,35.713125,139.831241, 向島警察署 小村井交番,35.710273,139.8285649
窃盗,車上ねらい,向島,小村井交番,131075.0,東京都,墨田区,文花３丁目,2022/6/4,20,４階建て以上共同住宅,駐車（輪）場,施錠せず,なし,墨田区文花３丁目,35.711681,139.826197, 向島警察署 小村井交番,35.710273,139.8285649
窃盗,車上ねらい,向島,東向島交番,131075.0,東京都,墨田区,京島１丁目,2022/5/27,16,一戸建住宅,駐車（輪）場,施錠せず,なし,墨田区京島１丁目,35.717048,139.819684, 向島警察署 東向島交番,35.7226977,139.8184075
窃盗,車上ねらい,向島,東向島交番,131075.0,東京都,墨田区,京島１丁目,2022/5/29,19,道路上,その他,施錠せず,あり,墨田区京島１丁目,35.717048,139.819684, 向島警察署 東向島交番,35.7226977,139.8184075
窃盗,車上ねらい,向島,東向島交番,131075.0,東京都,墨田区,東向島２丁目,2022/5/21,16,その他,駐車（輪）場,施錠した,なし,墨田区東向島２丁目,35.718943,139.816621, 向島警察署 東向島交番,35.7226977,139.8184075
窃盗,車上ねらい,向島,東向島交番,131075.0,東京都,墨田区,東向島２丁目,2022/10/19,17,その他,駐車（輪）場,施錠せず,なし,墨田区東向島２丁目,35.718943,139.816621, 向島警察署 東向島交番,35.7226977,139.8184075
窃盗,車上ねらい,向島,東向島交番,131075.0,東京都,墨田区,東向島４丁目,2022/7/23,18,その他,駐車（輪）場,施錠せず,あり,墨田区東向島４丁目,35.725348,139.817604, 向島警察署 東向島交番,35.7226977,139.8184075
窃盗,車上ねらい,向島,白鬚橋交番,131075.0,東京都,墨田区,堤通１丁目,2022/11/18,17,４階建て以上共同住宅,その他,施錠せず,なし,墨田区堤通１丁目,35.724803,139.811252, 向島警察署 白鬚橋交番,35.728513,139.813624
窃盗,車上ねらい,向島,鐘ケ淵駅前交番,131075.0,東京都,墨田区,堤通２丁目,2022/6/15,13,道路上,その他,施錠せず,なし,墨田区堤通２丁目,35.733962,139.814668, 向島警察署 鐘ケ淵駅前交番,35.7331825,139.819667
窃盗,車上ねらい,亀有,お花茶屋交番,131229.0,東京都,葛飾区,お花茶屋３丁目,2022/10/2,13,道路上,その他,施錠せず,あり,葛飾区お花茶屋３丁目,35.754478,139.841775, 亀有警察署 お花茶屋交番,35.7503731,139.8396322
窃盗,車上ねらい,亀有,南水元交番,131229.0,東京都,葛飾区,西水元６丁目,2022/8/25,13,その他,その他,施錠せず,あり,葛飾区西水元６丁目,35.7898994,139.8551227, 亀有警察署 南水元交番,35.776117,139.866337
窃盗,車上ねらい,亀有,南水元交番,131229.0,東京都,葛飾区,南水元３丁目,2022/2/27,15,４階建て以上共同住宅,その他,施錠せず,なし,葛飾区南水元３丁目,35.775004,139.864156, 亀有警察署 南水元交番,35.776117,139.866337
窃盗,車上ねらい,亀有,南水元交番,131229.0,東京都,葛飾区,南水元３丁目,2022/10/22,11,４階建て以上共同住宅,駐車（輪）場,施錠せず,あり,葛飾区南水元３丁目,35.775004,139.864156, 亀有警察署 南水元交番,35.776117,139.866337
窃盗,車上ねらい,亀有,堀切七丁目交番,131229.0,東京都,葛飾区,西亀有１丁目,2022/1/28,9,その他,その他,施錠せず,あり,葛飾区西亀有１丁目,35.757894,139.83973, 亀有警察署 堀切七丁目交番,35.7539411,139.8302148
窃盗,車上ねらい,亀有,小菅交番,131229.0,東京都,葛飾区,小菅１丁目,2022/5/14,11,その他,その他,施錠せず,あり,葛飾区小菅１丁目,35.754231,139.817107, 亀有警察署 小菅交番,35.7553736,139.8232923
窃盗,車上ねらい,亀有,柴又二丁目交番,131229.0,東京都,葛飾区,新宿３丁目,2022/9/5,16,道路上,その他,施錠せず,なし,葛飾区新宿３丁目,35.759725,139.863964, 亀有警察署 柴又二丁目交番,35.7584161,139.8705079
窃盗,車上ねらい,亀有,柴又交番,131229.0,東京都,葛飾区,柴又４丁目,2022/1/9,17,駐車（輪）場,駐車（輪）場,施錠せず,なし,葛飾区柴又４丁目,35.753565,139.875244, 亀有警察署 柴又交番,35.7562071,139.8769165
窃盗,車上ねらい,亀有,柴又交番,131229.0,東京都,葛飾区,柴又５丁目,2022/9/23,10,その他,その他,施錠せず,あり,葛飾区柴又５丁目,35.75232,139.883492, 亀有警察署 柴又交番,35.7562071,139.8769165
窃盗,車上ねらい,亀有,柴又交番,131229.0,東京都,葛飾区,柴又６丁目,2022/5/27,13,道路上,その他,施錠せず,あり,葛飾区柴又６丁目,35.755729,139.881178, 亀有警察署 柴又交番,35.7562071,139.8769165
窃盗,車上ねらい,亀有,柴又交番,131229.0,東京都,葛飾区,柴又６丁目,2022/9/20,15,道路上,その他,施錠せず,あり,葛飾区柴又６丁目,35.755729,139.881178, 亀有警察署 柴又交番,35.7562071,139.8769165
窃盗,車上ねらい,亀有,水元駐在所,131229.0,東京都,葛飾区,西水元２丁目,2022/3/30,17,駐車（輪）場,駐車（輪）場,施錠せず,なし,葛飾区西水元２丁目,35.785738,139.849615, 亀有警察署 水元駐在所,35.7808322,139.8529282
窃盗,車上ねらい,亀有,水元駐在所,131229.0,東京都,葛飾区,西水元２丁目,2022/4/29,13,その他,駐車（輪）場,施錠せず,なし,葛飾区西水元２丁目,35.785738,139.849615, 亀有警察署 水元駐在所,35.7808322,139.8529282
窃盗,車上ねらい,亀有,水元駐在所,131229.0,東京都,葛飾区,西水元２丁目,2022/9/22,12,その他,駐車（輪）場,施錠せず,なし,葛飾区西水元２丁目,35.785738,139.849615, 亀有警察署 水元駐在所,35.7808322,139.8529282
窃盗,車上ねらい,亀有,葛三橋交番,131229.0,東京都,葛飾区,西水元３丁目,2022/10/30,19,道路上,その他,施錠せず,あり,葛飾区西水元３丁目,35.789719,139.848574, 亀有警察署 葛三橋交番,35.7932862,139.85977
窃盗,車上ねらい,亀有,葛三橋交番,131229.0,東京都,葛飾区,東水元４丁目,2022/7/18,17,その他,駐車（輪）場,施錠した,なし,葛飾区東水元４丁目,35.788285,139.866406, 亀有警察署 葛三橋交番,35.7932862,139.85977
窃盗,車上ねらい,亀有,西亀有交番,131229.0,東京都,葛飾区,亀有４丁目,2022/1/31,11,その他,駐車（輪）場,施錠せず,あり,葛飾区亀有４丁目,35.761531,139.844073, 亀有警察署 西亀有交番,35.7590227,139.8335076
窃盗,車上ねらい,亀有,西亀有交番,131229.0,東京都,葛飾区,亀有４丁目,2022/11/22,9,その他,駐車（輪）場,施錠せず,なし,葛飾区亀有４丁目,35.761531,139.844073, 亀有警察署 西亀有交番,35.7590227,139.8335076
窃盗,車上ねらい,亀有,西亀有交番,131229.0,東京都,葛飾区,西亀有３丁目,2022/7/3,7,その他,その他,施錠せず,あり,葛飾区西亀有３丁目,35.761562,139.839342, 亀有警察署 西亀有交番,35.7590227,139.8335076
窃盗,車上ねらい,亀有,西水元駐在所,131229.0,東京都,葛飾区,西水元３丁目,2022/3/12,16,その他,駐車（輪）場,施錠せず,なし,葛飾区西水元３丁目,35.789719,139.848574, 亀有警察署 西水元駐在所,35.7890393,139.8573009
窃盗,車上ねらい,亀有,金町駅北口交番,131229.0,東京都,葛飾区,東金町１丁目,2022/8/11,21,道路上,その他,施錠せず,あり,葛飾区東金町１丁目,35.770763,139.869077, 亀有警察署 金町駅北口交番,35.7701064,139.8702694
窃盗,車上ねらい,亀有,金町駅南口交番,131229.0,東京都,葛飾区,金町５丁目,2022/4/1,17,一戸建住宅,その他,施錠せず,あり,葛飾区金町５丁目,35.766586,139.8682, 亀有警察署 金町駅南口交番,35.7693314,139.8720042
窃盗,車上ねらい,亀有,青戸交番,131229.0,東京都,葛飾区,青戸３丁目,2022/9/27,11,４階建て以上共同住宅,その他,施錠せず,なし,葛飾区青戸３丁目,35.746276,139.852136, 亀有警察署 青戸交番,35.7536774,139.8510482
窃盗,車上ねらい,亀有,青戸南部駐在所,131229.0,東京都,葛飾区,青戸２丁目,2022/6/4,6,４階建て以上共同住宅,駐車（輪）場,施錠せず,あり,葛飾区青戸２丁目,35.746719,139.85928, 亀有警察署 青戸南部駐在所,35.7480992,139.8590588
窃盗,車上ねらい,葛飾,たつみ橋交番,131229.0,東京都,葛飾区,西新小岩１丁目,2022/4/19,14,その他,駐車（輪）場,施錠せず,なし,葛飾区西新小岩１丁目,35.715641,139.853795, 葛飾警察署 たつみ橋交番,,
窃盗,車上ねらい,葛飾,たつみ橋交番,131229.0,東京都,葛飾区,西新小岩１丁目,2022/7/14,18,道路上,その他,施錠せず,なし,葛飾区西新小岩１丁目,35.715641,139.853795, 葛飾警察署 たつみ橋交番,,
窃盗,車上ねらい,葛飾,たつみ橋交番,131229.0,東京都,葛飾区,西新小岩１丁目,2022/7/27,17,その他,駐車（輪）場,施錠せず,なし,葛飾区西新小岩１丁目,35.715641,139.853795, 葛飾警察署 たつみ橋交番,,
窃盗,車上ねらい,葛飾,たつみ橋交番,131229.0,東京都,葛飾区,西新小岩１丁目,2022/12/13,17,道路上,その他,施錠せず,あり,葛飾区西新小岩１丁目,35.715641,139.853795, 葛飾警察署 たつみ橋交番,,
窃盗,車上ねらい,葛飾,上平井交番,131229.0,東京都,葛飾区,東新小岩６丁目,2022/11/2,18,駐車（輪）場,駐車（輪）場,施錠せず,あり,葛飾区東新小岩６丁目,35.72641,139.858922, 葛飾警察署 上平井交番,35.723433,139.8528816
窃盗,車上ねらい,葛飾,四ツ木交番,131229.0,東京都,葛飾区,四つ木２丁目,2022/8/20,13,その他,駐車（輪）場,施錠せず,あり,葛飾区四つ木２丁目,35.736744,139.837762, 葛飾警察署 四ツ木交番,35.7354203,139.8334653
窃盗,車上ねらい,葛飾,四ツ木交番,131229.0,東京都,葛飾区,四つ木３丁目,2022/5/20,15,道路上,その他,施錠せず,なし,葛飾区四つ木３丁目,35.735706,139.830579, 葛飾警察署 四ツ木交番,35.7354203,139.8334653
窃盗,車上ねらい,葛飾,四ツ木交番,131229.0,東京都,葛飾区,四つ木３丁目,2022/12/14,16,その他,駐車（輪）場,施錠せず,なし,葛飾区四つ木３丁目,35.735706,139.830579, 葛飾警察署 四ツ木交番,35.7354203,139.8334653
窃盗,車上ねらい,葛飾,四ツ木駅前交番,131229.0,東京都,葛飾区,東四つ木１丁目,2022/5/22,23,道路上,その他,施錠せず,なし,葛飾区東四つ木１丁目,35.7262776,139.8406279, 葛飾警察署 四ツ木駅前交番,,
窃盗,車上ねらい,葛飾,堀切交番,131229.0,東京都,葛飾区,堀切１丁目,2022/1/1,1,一戸建住宅,駐車（輪）場,施錠せず,あり,葛飾区堀切１丁目,35.739525,139.827353, 葛飾警察署 堀切交番,35.7407525,139.830481
窃盗,車上ねらい,葛飾,堀切交番,131229.0,東京都,葛飾区,堀切１丁目,2022/7/2,14,その他,その他,施錠せず,あり,葛飾区堀切１丁目,35.739525,139.827353, 葛飾警察署 堀切交番,35.7407525,139.830481
窃盗,車上ねらい,葛飾,堀切駅前交番,131229.0,東京都,葛飾区,堀切４丁目,2022/10/7,11,その他,その他,施錠せず,あり,葛飾区堀切４丁目,35.747278,139.822722, 葛飾警察署 堀切駅前交番,,
窃盗,車上ねらい,葛飾,奥戸交番,131229.0,東京都,葛飾区,奥戸３丁目,2022/6/14,21,その他,駐車（輪）場,施錠せず,なし,葛飾区奥戸３丁目,35.731765,139.861664, 葛飾警察署 奥戸交番,35.7343238,139.865247
窃盗,車上ねらい,葛飾,奥戸交番,131229.0,東京都,葛飾区,奥戸５丁目,2022/3/24,18,道路上,その他,施錠した,あり,葛飾区奥戸５丁目,35.73217,139.865921, 葛飾警察署 奥戸交番,35.7343238,139.865247
窃盗,車上ねらい,葛飾,奥戸交番,131229.0,東京都,葛飾区,奥戸６丁目,2021/10/23,22,その他の住宅（３階建て以下共同住宅等）,駐車（輪）場,施錠せず,あり,葛飾区奥戸６丁目,35.731258,139.870203, 葛飾警察署 奥戸交番,35.7343238,139.865247
窃盗,車上ねらい,葛飾,宝町交番,131229.0,東京都,葛飾区,宝町１丁目,2022/6/19,18,その他,駐車（輪）場,施錠せず,あり,葛飾区宝町１丁目,35.741857,139.836518, 葛飾警察署 宝町交番,35.7468194,139.8366557
窃盗,車上ねらい,葛飾,小松橋交番,131229.0,東京都,葛飾区,新小岩４丁目,2021/10/23,0,一戸建住宅,駐車（輪）場,施錠せず,あり,葛飾区新小岩４丁目,35.721574,139.866331, 葛飾警察署 小松橋交番,35.7200947,139.8666376
窃盗,車上ねらい,葛飾,平和橋交番,131229.0,東京都,葛飾区,東立石１丁目,2022/7/17,16,その他,駐車（輪）場,施錠せず,なし,葛飾区東立石１丁目,35.730983,139.848195, 葛飾警察署 平和橋交番,35.7284048,139.8479926
窃盗,車上ねらい,葛飾,平和橋交番,131229.0,東京都,葛飾区,東立石１丁目,2022/7/21,7,その他,駐車（輪）場,施錠せず,なし,葛飾区東立石１丁目,35.730983,139.848195, 葛飾警察署 平和橋交番,35.7284048,139.8479926
窃盗,車上ねらい,葛飾,平和橋交番,131229.0,東京都,葛飾区,東四つ木１丁目,2021/12/1,19,一戸建住宅,駐車（輪）場,施錠せず,あり,葛飾区東四つ木１丁目,35.7262776,139.8406279, 葛飾警察署 平和橋交番,35.7284048,139.8479926
窃盗,車上ねらい,葛飾,新小岩駅前交番,131229.0,東京都,葛飾区,新小岩１丁目,2022/1/24,11,その他,駐車（輪）場,施錠せず,なし,葛飾区新小岩１丁目,35.714252,139.854932, 葛飾警察署 新小岩駅前交番,35.71658205,139.85864229144255
窃盗,車上ねらい,葛飾,新小岩駅前交番,131229.0,東京都,葛飾区,新小岩１丁目,2022/3/31,8,道路上,その他,施錠せず,なし,葛飾区新小岩１丁目,35.714252,139.854932, 葛飾警察署 新小岩駅前交番,35.71658205,139.85864229144255
窃盗,車上ねらい,葛飾,新小岩駅前交番,131229.0,東京都,葛飾区,新小岩１丁目,2022/4/21,9,道路上,その他,施錠せず,あり,葛飾区新小岩１丁目,35.714252,139.854932, 葛飾警察署 新小岩駅前交番,35.71658205,139.85864229144255
窃盗,車上ねらい,葛飾,新小岩駅前交番,131229.0,東京都,葛飾区,新小岩１丁目,2022/8/29,2,道路上,その他,施錠せず,あり,葛飾区新小岩１丁目,35.714252,139.854932, 葛飾警察署 新小岩駅前交番,35.71658205,139.85864229144255
窃盗,車上ねらい,葛飾,新小岩駅前交番,131229.0,東京都,葛飾区,新小岩１丁目,2022/8/30,9,道路上,その他,施錠せず,なし,葛飾区新小岩１丁目,35.714252,139.854932, 葛飾警察署 新小岩駅前交番,35.71658205,139.85864229144255
窃盗,車上ねらい,葛飾,新小岩駅前交番,131229.0,東京都,葛飾区,新小岩１丁目,2022/10/15,22,道路上,その他,施錠せず,なし,葛飾区新小岩１丁目,35.714252,139.854932, 葛飾警察署 新小岩駅前交番,35.71658205,139.85864229144255
窃盗,車上ねらい,葛飾,新小岩駅前交番,131229.0,東京都,葛飾区,新小岩１丁目,2022/12/2,0,道路上,その他,施錠せず,なし,葛飾区新小岩１丁目,35.714252,139.854932, 葛飾警察署 新小岩駅前交番,35.71658205,139.85864229144255
窃盗,車上ねらい,葛飾,新小岩駅前交番,131229.0,東京都,葛飾区,新小岩２丁目,2022/10/27,23,道路上,その他,施錠せず,なし,葛飾区新小岩２丁目,35.715976,139.862179, 葛飾警察署 新小岩駅前交番,35.71658205,139.85864229144255
窃盗,車上ねらい,葛飾,立石交番,131229.0,東京都,葛飾区,東立石３丁目,2022/6/27,5,道路上,その他,施錠せず,あり,葛飾区東立石３丁目,35.73537,139.844999, 葛飾警察署 立石交番,35.7366242,139.8454716
窃盗,車上ねらい,葛飾,立石交番,131229.0,東京都,葛飾区,東立石３丁目,2022/11/25,15,その他,その他,施錠せず,なし,葛飾区東立石３丁目,35.73537,139.844999, 葛飾警察署 立石交番,35.7366242,139.8454716
窃盗,車上ねらい,葛飾,立石駅前交番,131229.0,東京都,葛飾区,立石２丁目,2022/7/10,17,一戸建住宅,その他,施錠せず,なし,葛飾区立石２丁目,35.738666,139.840327, 葛飾警察署 立石駅前交番,35.7388475,139.8490674
窃盗,車上ねらい,葛飾,立石駅前交番,131229.0,東京都,葛飾区,立石５丁目,2022/1/6,22,その他,駐車（輪）場,施錠せず,なし,葛飾区立石５丁目,35.743997,139.845409, 葛飾警察署 立石駅前交番,35.7388475,139.8490674
窃盗,車上ねらい,葛飾,立石駅前交番,131229.0,東京都,葛飾区,立石７丁目,2022/1/20,17,道路上,その他,施錠せず,あり,葛飾区立石７丁目,35.740423,139.850412, 葛飾警察署 立石駅前交番,35.7388475,139.8490674
窃盗,車上ねらい,葛飾,立石駅前交番,131229.0,東京都,葛飾区,立石８丁目,2021/11/20,17,一戸建住宅,駐車（輪）場,施錠せず,あり,葛飾区立石８丁目,35.73959,139.855887, 葛飾警察署 立石駅前交番,35.7388475,139.8490674
窃盗,車上ねらい,葛飾,鎌倉交番,131229.0,東京都,葛飾区,鎌倉３丁目,2022/6/23,16,その他,駐車（輪）場,施錠せず,あり,葛飾区鎌倉３丁目,35.747857,139.877628, 葛飾警察署 鎌倉交番,35.7473684,139.8802143
窃盗,車上ねらい,葛飾,青砥駅前交番,131229.0,東京都,葛飾区,青戸３丁目,2022/5/5,11,道路上,その他,施錠せず,あり,葛飾区青戸３丁目,35.746276,139.852136, 葛飾警察署 青砥駅前交番,35.7462131,139.8566192
窃盗,車上ねらい,葛飾,青砥駅前交番,131229.0,東京都,葛飾区,青戸３丁目,2022/6/9,10,その他,駐車（輪）場,施錠せず,なし,葛飾区青戸３丁目,35.746276,139.852136, 葛飾警察署 青砥駅前交番,35.7462131,139.8566192
窃盗,車上ねらい,葛飾,青砥駅前交番,131229.0,東京都,葛飾区,青戸３丁目,2022/12/17,18,道路上,その他,施錠せず,あり,葛飾区青戸３丁目,35.746276,139.852136, 葛飾警察署 青砥駅前交番,35.7462131,139.8566192
窃盗,車上ねらい,葛飾,高砂駅前交番,131229.0,東京都,葛飾区,高砂４丁目,2022/5/29,15,その他,その他,施錠せず,あり,葛飾区高砂４丁目,35.747793,139.872473, 葛飾警察署 高砂駅前交番,35.7511165,139.868019
窃盗,車上ねらい,小松川,一之江駅前交番,131237.0,東京都,江戸川区,一之江３丁目,2022/6/9,9,駐車（輪）場,駐車（輪）場,施錠せず,なし,江戸川区一之江３丁目,35.6887406,139.8845692, 小松川警察署 一之江駅前交番,,
窃盗,車上ねらい,小松川,一之江駅前交番,131237.0,東京都,江戸川区,一之江６丁目,2021/11/24,22,駐車（輪）場,駐車（輪）場,施錠せず,あり,江戸川区一之江６丁目,35.6868892,139.8758814, 小松川警察署 一之江駅前交番,,
窃盗,車上ねらい,小松川,一之江駅前交番,131237.0,東京都,江戸川区,一之江６丁目,2022/10/29,10,道路上,その他,施錠せず,あり,江戸川区一之江６丁目,35.6868892,139.8758814, 小松川警察署 一之江駅前交番,,
窃盗,車上ねらい,小松川,一之江駅前交番,131237.0,東京都,江戸川区,一之江７丁目,2022/10/28,2,その他の住宅（３階建て以下共同住宅等）,駐車（輪）場,施錠せず,あり,江戸川区一之江７丁目,35.6864814,139.8795877, 小松川警察署 一之江駅前交番,,
窃盗,車上ねらい,小松川,一之江駅前交番,131237.0,東京都,江戸川区,松江７丁目,2022/12/23,13,駐車（輪）場,駐車（輪）場,施錠せず,あり,江戸川区松江７丁目,35.6904,139.874121, 小松川警察署 一之江駅前交番,,
窃盗,車上ねらい,小松川,京葉通交番,131237.0,東京都,江戸川区,一之江１丁目,2022/6/25,0,その他,その他,施錠せず,なし,江戸川区一之江１丁目,35.699968,139.883477, 小松川警察署 京葉通交番,35.70321,139.873895
窃盗,車上ねらい,小松川,京葉通交番,131237.0,東京都,江戸川区,一之江１丁目,2022/12/24,12,一戸建住宅,駐車（輪）場,施錠せず,なし,江戸川区一之江１丁目,35.699968,139.883477, 小松川警察署 京葉通交番,35.70321,139.873895
窃盗,車上ねらい,小松川,京葉通交番,131237.0,東京都,江戸川区,西一之江２丁目,2022/11/14,12,その他,駐車（輪）場,施錠せず,あり,江戸川区西一之江２丁目,35.700131,139.880016, 小松川警察署 京葉通交番,35.70321,139.873895
窃盗,車上ねらい,小松川,京葉通交番,131237.0,東京都,江戸川区,松江１丁目,2022/6/1,18,道路上,その他,施錠せず,あり,江戸川区松江１丁目,35.7001,139.869567, 小松川警察署 京葉通交番,35.70321,139.873895
窃盗,車上ねらい,小松川,京葉通交番,131237.0,東京都,江戸川区,大杉２丁目,2022/12/10,18,その他,駐車（輪）場,施錠せず,なし,江戸川区大杉２丁目,35.704888,139.879248, 小松川警察署 京葉通交番,35.70321,139.873895
窃盗,車上ねらい,小松川,京葉通交番,131237.0,東京都,江戸川区,大杉３丁目,2022/11/12,5,道路上,その他,施錠せず,あり,江戸川区大杉３丁目,35.7049685,139.8825479, 小松川警察署 京葉通交番,35.70321,139.873895
窃盗,車上ねらい,小松川,今井交番,131237.0,東京都,江戸川区,江戸川４丁目,2021/11/20,0,４階建て以上共同住宅,駐車（輪）場,施錠せず,なし,江戸川区江戸川４丁目,35.6804128,139.8871526, 小松川警察署 今井交番,35.6839121,139.8869888
窃盗,車上ねらい,小松川,八蔵橋交番,131237.0,東京都,江戸川区,中央３丁目,2022/1/15,12,その他,駐車（輪）場,施錠せず,あり,江戸川区中央３丁目,35.712168,139.873292, 小松川警察署 八蔵橋交番,35.7082979,139.867753
窃盗,車上ねらい,小松川,八蔵橋交番,131237.0,東京都,江戸川区,中央３丁目,2022/5/10,17,駐車（輪）場,駐車（輪）場,施錠せず,なし,江戸川区中央３丁目,35.712168,139.873292, 小松川警察署 八蔵橋交番,35.7082979,139.867753
窃盗,車上ねらい,小松川,八蔵橋交番,131237.0,東京都,江戸川区,中央４丁目,2021/12/4,18,４階建て以上共同住宅,駐車（輪）場,施錠せず,なし,江戸川区中央４丁目,35.7113001,139.8677738, 小松川警察署 八蔵橋交番,35.7082979,139.867753
窃盗,車上ねらい,小松川,八蔵橋交番,131237.0,東京都,江戸川区,松島３丁目,2022/11/2,6,道路上,その他,施錠せず,なし,江戸川区松島３丁目,35.7107533,139.8620811, 小松川警察署 八蔵橋交番,35.7082979,139.867753
窃盗,車上ねらい,小松川,八蔵橋交番,131237.0,東京都,江戸川区,大杉５丁目,2022/9/6,18,その他,駐車（輪）場,施錠せず,なし,江戸川区大杉５丁目,35.7101804,139.8778507, 小松川警察署 八蔵橋交番,35.7082979,139.867753
窃盗,車上ねらい,小松川,南篠崎交番,131237.0,東京都,江戸川区,南篠崎町２丁目,2022/9/12,16,その他,その他,施錠せず,あり,江戸川区南篠崎町２丁目,35.692203,139.9027868, 小松川警察署 南篠崎交番,35.693524,139.90868
窃盗,車上ねらい,小松川,南篠崎交番,131237.0,東京都,江戸川区,東篠崎１丁目,2022/10/13,18,その他,駐車（輪）場,施錠した,なし,江戸川区東篠崎１丁目,35.6982302,139.9162512, 小松川警察署 南篠崎交番,35.693524,139.90868
窃盗,車上ねらい,小松川,小松川一丁目交番,131237.0,東京都,江戸川区,小松川１丁目,2022/12/21,13,４階建て以上共同住宅,駐車（輪）場,施錠した,あり,江戸川区小松川１丁目,35.688052,139.850711, 小松川警察署 小松川一丁目交番,35.6893507,139.8497681
窃盗,車上ねらい,小松川,小松川四丁目交番,131237.0,東京都,江戸川区,小松川３丁目,2022/9/3,17,その他,駐車（輪）場,施錠せず,あり,江戸川区小松川３丁目,35.6981366,139.8490321, 小松川警察署 小松川四丁目交番,35.699792,139.850426
窃盗,車上ねらい,小松川,平井七丁目交番,131237.0,東京都,江戸川区,平井６丁目,2021/12/30,16,道路上,その他,施錠せず,あり,江戸川区平井６丁目,35.709825,139.841548, 小松川警察署 平井七丁目交番,35.7121136,139.8420423
窃盗,車上ねらい,小松川,平井七丁目交番,131237.0,東京都,江戸川区,平井７丁目,2022/11/2,15,道路上,その他,施錠せず,あり,江戸川区平井７丁目,35.7148409,139.8378202, 小松川警察署 平井七丁目交番,35.7121136,139.8420423
窃盗,車上ねらい,小松川,平井駅前交番,131237.0,東京都,江戸川区,平井５丁目,2022/2/1,21,道路上,その他,施錠せず,なし,江戸川区平井５丁目,35.707582,139.842478, 小松川警察署 平井駅前交番,35.70628605,139.8429350469908
窃盗,車上ねらい,小松川,平井駅前交番,131237.0,東京都,江戸川区,平井５丁目,2022/7/19,10,道路上,その他,施錠せず,なし,江戸川区平井５丁目,35.707582,139.842478, 小松川警察署 平井駅前交番,35.70628605,139.8429350469908
窃盗,車上ねらい,小松川,平井駅前交番,131237.0,東京都,江戸川区,平井５丁目,2022/11/12,19,道路上,その他,施錠した,なし,江戸川区平井５丁目,35.707582,139.842478, 小松川警察署 平井駅前交番,35.70628605,139.8429350469908
窃盗,車上ねらい,小松川,平井駅前交番,131237.0,東京都,江戸川区,平井５丁目,2022/12/23,23,道路上,その他,施錠せず,あり,江戸川区平井５丁目,35.707582,139.842478, 小松川警察署 平井駅前交番,35.70628605,139.8429350469908
窃盗,車上ねらい,小松川,東小松川交番,131237.0,東京都,江戸川区,東小松川４丁目,2022/1/25,12,道路上,その他,施錠した,なし,江戸川区東小松川４丁目,35.689491,139.861004, 小松川警察署 東小松川交番,35.691475,139.8677433
窃盗,車上ねらい,小松川,東小松川交番,131237.0,東京都,江戸川区,東小松川４丁目,2022/10/30,19,道路上,その他,施錠せず,あり,江戸川区東小松川４丁目,35.689491,139.861004, 小松川警察署 東小松川交番,35.691475,139.8677433
窃盗,車上ねらい,小松川,東瑞江交番,131237.0,東京都,江戸川区,江戸川２丁目,2022/1/7,19,一戸建住宅,駐車（輪）場,施錠せず,あり,江戸川区江戸川２丁目,35.685418,139.9023364, 小松川警察署 東瑞江交番,35.686047,139.897783
窃盗,車上ねらい,小松川,松島四丁目交番,131237.0,東京都,江戸川区,松島２丁目,2022/12/2,8,その他,駐車（輪）場,施錠せず,あり,江戸川区松島２丁目,35.705909,139.8594505, 小松川警察署 松島四丁目交番,35.7116563,139.8596166
窃盗,車上ねらい,小松川,松島四丁目交番,131237.0,東京都,江戸川区,松島４丁目,2021/11/29,21,一戸建住宅,駐車（輪）場,施錠せず,なし,江戸川区松島４丁目,35.7114393,139.8561682, 小松川警察署 松島四丁目交番,35.7116563,139.8596166
窃盗,車上ねらい,小松川,松島四丁目交番,131237.0,東京都,江戸川区,松島４丁目,2022/5/3,15,道路上,その他,施錠せず,なし,江戸川区松島４丁目,35.7114393,139.8561682, 小松川警察署 松島四丁目交番,35.7116563,139.8596166
窃盗,車上ねらい,小松川,松江交番,131237.0,東京都,江戸川区,西一之江３丁目,2021/11/1,19,一戸建住宅,駐車（輪）場,施錠せず,あり,江戸川区西一之江３丁目,35.694425,139.87735, 小松川警察署 松江交番,35.6970122,139.8699934
窃盗,車上ねらい,小松川,松江交番,131237.0,東京都,江戸川区,西一之江４丁目,2022/7/27,10,道路上,その他,施錠せず,あり,江戸川区西一之江４丁目,35.6961208,139.8738781, 小松川警察署 松江交番,35.6970122,139.8699934
窃盗,車上ねらい,小松川,松江交番,131237.0,東京都,江戸川区,西一之江４丁目,2022/10/19,21,一戸建住宅,駐車（輪）場,施錠せず,なし,江戸川区西一之江４丁目,35.6961208,139.8738781, 小松川警察署 松江交番,35.6970122,139.8699934
窃盗,車上ねらい,小松川,松江交番,131237.0,東京都,江戸川区,西小松川町,2022/10/30,16,道路上,その他,施錠せず,あり,江戸川区西小松川町,35.6984235,139.8620204, 小松川警察署 松江交番,35.6970122,139.8699934
窃盗,車上ねらい,小松川,松江交番,131237.0,東京都,江戸川区,松江３丁目,2021/12/18,22,一戸建住宅,駐車（輪）場,施錠せず,なし,江戸川区松江３丁目,35.694685,139.868606, 小松川警察署 松江交番,35.6970122,139.8699934
窃盗,車上ねらい,小松川,松江交番,131237.0,東京都,江戸川区,松江５丁目,2021/12/24,18,一戸建住宅,駐車（輪）場,施錠せず,あり,江戸川区松江５丁目,35.687975,139.868408, 小松川警察署 松江交番,35.6970122,139.8699934
窃盗,車上ねらい,小松川,松江交番,131237.0,東京都,江戸川区,松江６丁目,2022/5/26,19,駐車（輪）場,駐車（輪）場,施錠せず,なし,江戸川区松江６丁目,35.6864726,139.8717309, 小松川警察署 松江交番,35.6970122,139.8699934
窃盗,車上ねらい,小松川,松江交番,131237.0,東京都,江戸川区,松江６丁目,2022/12/15,20,一戸建住宅,駐車（輪）場,施錠せず,あり,江戸川区松江６丁目,35.6864726,139.8717309, 小松川警察署 松江交番,35.6970122,139.8699934
窃盗,車上ねらい,小松川,瑞江駅前交番,131237.0,東京都,江戸川区,瑞江２丁目,2022/10/21,5,駐車（輪）場,駐車（輪）場,施錠せず,なし,江戸川区瑞江２丁目,35.6952939,139.8968745, 小松川警察署 瑞江駅前交番,35.6927063,139.8977697368361
窃盗,車上ねらい,小松川,篠崎駅前交番,131237.0,東京都,江戸川区,篠崎町７丁目,2022/9/23,21,その他,駐車（輪）場,施錠せず,なし,江戸川区篠崎町７丁目,35.7048555,139.9020794, 小松川警察署 篠崎駅前交番,35.7056975,139.9042265
窃盗,車上ねらい,小松川,篠崎駅前交番,131237.0,東京都,江戸川区,篠崎町８丁目,2022/2/23,21,道路上,その他,施錠せず,あり,江戸川区篠崎町８丁目,35.7038744,139.8980534, 小松川警察署 篠崎駅前交番,35.7056975,139.9042265
窃盗,車上ねらい,小松川,篠崎駅前交番,131237.0,東京都,江戸川区,春江町１丁目,2022/6/7,0,一戸建住宅,その他,施錠せず,なし,江戸川区春江町１丁目,35.7028462,139.8920232, 小松川警察署 篠崎駅前交番,35.7056975,139.9042265
窃盗,車上ねらい,小松川,篠崎駅前交番,131237.0,東京都,江戸川区,南篠崎町４丁目,2022/11/9,7,４階建て以上共同住宅,駐車（輪）場,施錠せず,あり,江戸川区南篠崎町４丁目,35.697803,139.902808, 小松川警察署 篠崎駅前交番,35.7056975,139.9042265
窃盗,車上ねらい,小松川,篠崎駅前交番,131237.0,東京都,江戸川区,南篠崎町４丁目,2022/11/11,18,その他,駐車（輪）場,施錠せず,なし,江戸川区南篠崎町４丁目,35.697803,139.902808, 小松川警察署 篠崎駅前交番,35.7056975,139.9042265
窃盗,車上ねらい,小岩,上一色駐在所,131237.0,東京都,江戸川区,上一色２丁目,2022/6/1,13,道路上,その他,施錠せず,なし,江戸川区上一色２丁目,35.7258842,139.8745835, 小岩警察署 上一色駐在所,35.72344,139.873778
窃盗,車上ねらい,小岩,上篠崎駐在所,131237.0,東京都,江戸川区,篠崎町１丁目,2022/12/21,12,道路上,その他,施錠せず,あり,江戸川区篠崎町１丁目,35.7100027,139.9084377, 小岩警察署 上篠崎駐在所,35.714155,139.902142
窃盗,車上ねらい,小岩,上篠崎駐在所,131237.0,東京都,江戸川区,上篠崎１丁目,2022/4/12,15,その他,その他,施錠せず,なし,江戸川区上篠崎１丁目,35.716267,139.901042, 小岩警察署 上篠崎駐在所,35.714155,139.902142
窃盗,車上ねらい,小岩,二枚橋交番,131237.0,東京都,江戸川区,南小岩４丁目,2022/10/12,23,駐車（輪）場,駐車（輪）場,施錠した,なし,江戸川区南小岩４丁目,35.722542,139.883413, 小岩警察署 二枚橋交番,35.7222944,139.8809503
窃盗,車上ねらい,小岩,二枚橋交番,131237.0,東京都,江戸川区,東松本１丁目,2022/6/17,14,道路上,その他,施錠せず,あり,江戸川区東松本１丁目,35.7187068,139.8854935, 小岩警察署 二枚橋交番,35.7222944,139.8809503
窃盗,車上ねらい,小岩,京成小岩駅前交番,131237.0,東京都,江戸川区,北小岩６丁目,2022/1/2,2,その他,駐車（輪）場,施錠した,あり,江戸川区北小岩６丁目,35.7442059,139.8853737, 小岩警察署 京成小岩駅前交番,35.741382,139.8826344
窃盗,車上ねらい,小岩,京成小岩駅前交番,131237.0,東京都,江戸川区,北小岩６丁目,2022/1/2,20,駐車（輪）場,駐車（輪）場,施錠した,あり,江戸川区北小岩６丁目,35.7442059,139.8853737, 小岩警察署 京成小岩駅前交番,35.741382,139.8826344
窃盗,車上ねらい,小岩,京成小岩駅前交番,131237.0,東京都,江戸川区,北小岩６丁目,2022/3/31,17,道路上,その他,施錠せず,あり,江戸川区北小岩６丁目,35.7442059,139.8853737, 小岩警察署 京成小岩駅前交番,35.741382,139.8826344
窃盗,車上ねらい,小岩,京成小岩駅前交番,131237.0,東京都,江戸川区,西小岩１丁目,2022/5/30,11,その他,駐車（輪）場,施錠せず,あり,江戸川区西小岩１丁目,35.732583,139.878189, 小岩警察署 京成小岩駅前交番,35.741382,139.8826344
窃盗,車上ねらい,小岩,京成小岩駅前交番,131237.0,東京都,江戸川区,西小岩４丁目,2022/1/13,20,駐車（輪）場,駐車（輪）場,施錠した,なし,江戸川区西小岩４丁目,35.7379828,139.8801967, 小岩警察署 京成小岩駅前交番,35.741382,139.8826344
窃盗,車上ねらい,小岩,京成小岩駅前交番,131237.0,東京都,江戸川区,西小岩４丁目,2022/7/23,17,道路上,その他,施錠せず,あり,江戸川区西小岩４丁目,35.7379828,139.8801967, 小岩警察署 京成小岩駅前交番,35.741382,139.8826344
窃盗,車上ねらい,小岩,京成小岩駅前交番,131237.0,東京都,江戸川区,西小岩５丁目,2022/1/13,20,駐車（輪）場,駐車（輪）場,施錠した,あり,江戸川区西小岩５丁目,35.7392764,139.882064, 小岩警察署 京成小岩駅前交番,35.741382,139.8826344
窃盗,車上ねらい,小岩,北小岩二丁目交番,131237.0,東京都,江戸川区,西小岩４丁目,2022/1/7,20,駐車（輪）場,駐車（輪）場,施錠せず,なし,江戸川区西小岩４丁目,35.7379828,139.8801967, 小岩警察署 北小岩二丁目交番,35.7363427,139.8848256
窃盗,車上ねらい,小岩,北小岩二丁目交番,131237.0,東京都,江戸川区,東小岩６丁目,2022/2/2,11,道路上,その他,施錠せず,あり,江戸川区東小岩６丁目,35.7349508,139.8895006, 小岩警察署 北小岩二丁目交番,35.7363427,139.8848256
窃盗,車上ねらい,小岩,北小岩二丁目交番,131237.0,東京都,江戸川区,東小岩６丁目,2022/4/3,11,その他,駐車（輪）場,施錠せず,なし,江戸川区東小岩６丁目,35.7349508,139.8895006, 小岩警察署 北小岩二丁目交番,35.7363427,139.8848256
窃盗,車上ねらい,小岩,北小岩二丁目交番,131237.0,東京都,江戸川区,東小岩６丁目,2022/4/12,13,道路上,その他,施錠せず,なし,江戸川区東小岩６丁目,35.7349508,139.8895006, 小岩警察署 北小岩二丁目交番,35.7363427,139.8848256
窃盗,車上ねらい,小岩,南小岩交番,131237.0,東京都,江戸川区,東小岩１丁目,2022/6/26,4,駐車（輪）場,駐車（輪）場,施錠した,あり,江戸川区東小岩１丁目,35.7209744,139.89243, 小岩警察署 南小岩交番,35.7209467,139.8903081
窃盗,車上ねらい,小岩,小岩駅前交番,131237.0,東京都,江戸川区,西小岩１丁目,2022/6/14,13,その他の住宅（３階建て以下共同住宅等）,駐車（輪）場,施錠せず,なし,江戸川区西小岩１丁目,35.732583,139.878189, 小岩警察署 小岩駅前交番,35.7330816,139.8819066
窃盗,車上ねらい,小岩,小岩駅前交番,131237.0,東京都,江戸川区,西小岩１丁目,2022/6/17,14,その他,駐車（輪）場,施錠せず,なし,江戸川区西小岩１丁目,35.732583,139.878189, 小岩警察署 小岩駅前交番,35.7330816,139.8819066
窃盗,車上ねらい,小岩,小岩駅前交番,131237.0,東京都,江戸川区,西小岩１丁目,2022/12/12,7,駐車（輪）場,駐車（輪）場,施錠した,あり,江戸川区西小岩１丁目,35.732583,139.878189, 小岩警察署 小岩駅前交番,35.7330816,139.8819066
窃盗,車上ねらい,小岩,小岩駅前交番,131237.0,東京都,江戸川区,南小岩６丁目,2022/10/12,21,駐車（輪）場,駐車（輪）場,施錠した,なし,江戸川区南小岩６丁目,35.729527,139.878707, 小岩警察署 小岩駅前交番,35.7330816,139.8819066
窃盗,車上ねらい,小岩,小岩駅前交番,131237.0,東京都,江戸川区,南小岩６丁目,2022/10/27,4,４階建て以上共同住宅,駐車（輪）場,施錠せず,なし,江戸川区南小岩６丁目,35.729527,139.878707, 小岩警察署 小岩駅前交番,35.7330816,139.8819066
窃盗,車上ねらい,小岩,小岩駅前交番,131237.0,東京都,江戸川区,南小岩６丁目,2022/12/17,23,４階建て以上共同住宅,駐車（輪）場,施錠せず,なし,江戸川区南小岩６丁目,35.729527,139.878707, 小岩警察署 小岩駅前交番,35.7330816,139.8819066
窃盗,車上ねらい,小岩,小岩駅前交番,131237.0,東京都,江戸川区,南小岩７丁目,2022/1/29,18,その他,駐車（輪）場,施錠せず,なし,江戸川区南小岩７丁目,35.7298835,139.8834166, 小岩警察署 小岩駅前交番,35.7330816,139.8819066
窃盗,車上ねらい,小岩,小岩駅前交番,131237.0,東京都,江戸川区,南小岩７丁目,2022/11/12,15,その他,駐車（輪）場,施錠せず,あり,江戸川区南小岩７丁目,35.7298835,139.8834166, 小岩警察署 小岩駅前交番,35.7330816,139.8819066
窃盗,車上ねらい,小岩,菅原橋交番,131237.0,東京都,江戸川区,本一色１丁目,2022/5/9,17,駐車（輪）場,駐車（輪）場,施錠せず,あり,江戸川区本一色１丁目,35.716137,139.869518, 小岩警察署 菅原橋交番,35.7160483,139.8739207
窃盗,車上ねらい,小岩,菅原橋交番,131237.0,東京都,江戸川区,本一色１丁目,2022/8/2,2,その他の住宅（３階建て以下共同住宅等）,駐車（輪）場,施錠せず,なし,江戸川区本一色１丁目,35.716137,139.869518, 小岩警察署 菅原橋交番,35.7160483,139.8739207
窃盗,車上ねらい,小岩,鹿骨交番,131237.0,東京都,江戸川区,鹿骨１丁目,2022/2/14,18,道路上,その他,施錠せず,あり,江戸川区鹿骨１丁目,35.708809,139.887588, 小岩警察署 鹿骨交番,35.710294,139.88931
窃盗,車上ねらい,小岩,鹿骨交番,131237.0,東京都,江戸川区,鹿骨１丁目,2022/3/9,18,その他,駐車（輪）場,施錠せず,なし,江戸川区鹿骨１丁目,35.708809,139.887588, 小岩警察署 鹿骨交番,35.710294,139.88931
窃盗,車上ねらい,小岩,鹿骨交番,131237.0,東京都,江戸川区,鹿骨１丁目,2022/10/16,17,その他,駐車（輪）場,施錠せず,なし,江戸川区鹿骨１丁目,35.708809,139.887588, 小岩警察署 鹿骨交番,35.710294,139.88931
窃盗,車上ねらい,小岩,鹿骨交番,131237.0,東京都,江戸川区,鹿骨１丁目,2022/12/7,11,道路上,その他,施錠せず,あり,江戸川区鹿骨１丁目,35.708809,139.887588, 小岩警察署 鹿骨交番,35.710294,139.88931
窃盗,車上ねらい,葛西,共栄橋交番,131237.0,東京都,江戸川区,中葛西１丁目,2022/11/6,6,道路上,その他,施錠せず,なし,江戸川区中葛西１丁目,35.6713985,139.8694551, 葛西警察署 共栄橋交番,35.667770399999995,139.8717700846705
窃盗,車上ねらい,葛西,共栄橋交番,131237.0,東京都,江戸川区,中葛西１丁目,2022/11/26,11,道路上,その他,施錠せず,なし,江戸川区中葛西１丁目,35.6713985,139.8694551, 葛西警察署 共栄橋交番,35.667770399999995,139.8717700846705
窃盗,車上ねらい,葛西,共栄橋交番,131237.0,東京都,江戸川区,中葛西２丁目,2021/12/2,17,一戸建住宅,駐車（輪）場,施錠せず,なし,江戸川区中葛西２丁目,35.6725087,139.8736722, 葛西警察署 共栄橋交番,35.667770399999995,139.8717700846705
窃盗,車上ねらい,葛西,共栄橋交番,131237.0,東京都,江戸川区,中葛西３丁目,2022/1/8,22,その他,駐車（輪）場,施錠した,あり,江戸川区中葛西３丁目,35.6658464,139.8710968, 葛西警察署 共栄橋交番,35.667770399999995,139.8717700846705
窃盗,車上ねらい,葛西,共栄橋交番,131237.0,東京都,江戸川区,中葛西３丁目,2022/11/10,6,道路上,その他,施錠せず,なし,江戸川区中葛西３丁目,35.6658464,139.8710968, 葛西警察署 共栄橋交番,35.667770399999995,139.8717700846705
窃盗,車上ねらい,葛西,共栄橋交番,131237.0,東京都,江戸川区,中葛西３丁目,2022/11/10,10,その他,駐車（輪）場,施錠せず,あり,江戸川区中葛西３丁目,35.6658464,139.8710968, 葛西警察署 共栄橋交番,35.667770399999995,139.8717700846705
窃盗,車上ねらい,葛西,南葛西交番,131237.0,東京都,江戸川区,南葛西４丁目,2022/12/27,16,その他,その他,施錠せず,なし,江戸川区南葛西４丁目,35.6495309,139.874178, 葛西警察署 南葛西交番,35.6484223,139.87167429303327
窃盗,車上ねらい,葛西,南葛西交番,131237.0,東京都,江戸川区,南葛西６丁目,2022/11/2,10,道路上,その他,施錠せず,あり,江戸川区南葛西６丁目,35.6477229,139.8778733, 葛西警察署 南葛西交番,35.6484223,139.87167429303327
窃盗,車上ねらい,葛西,宇喜田駐在所,131237.0,東京都,江戸川区,宇喜田町,2022/10/22,22,一戸建住宅,駐車（輪）場,施錠せず,あり,江戸川区宇喜田町,35.6762979,139.8631822, 葛西警察署 宇喜田駐在所,35.680045,139.86198
窃盗,車上ねらい,葛西,宇喜田駐在所,131237.0,東京都,江戸川区,北葛西１丁目,2022/12/15,14,道路上,その他,施錠せず,なし,江戸川区北葛西１丁目,35.6803577,139.8553893, 葛西警察署 宇喜田駐在所,35.680045,139.86198
窃盗,車上ねらい,葛西,宇喜田駐在所,131237.0,東京都,江戸川区,北葛西５丁目,2022/10/30,11,その他,その他,施錠せず,なし,江戸川区北葛西５丁目,35.674487,139.866369, 葛西警察署 宇喜田駐在所,35.680045,139.86198
窃盗,車上ねらい,葛西,宇喜田駐在所,131237.0,東京都,江戸川区,北葛西５丁目,2022/11/7,16,その他,その他,施錠せず,あり,江戸川区北葛西５丁目,35.674487,139.866369, 葛西警察署 宇喜田駐在所,35.680045,139.86198
窃盗,車上ねらい,葛西,宇喜田駐在所,131237.0,東京都,江戸川区,北葛西５丁目,2022/11/19,15,その他,その他,施錠せず,あり,江戸川区北葛西５丁目,35.674487,139.866369, 葛西警察署 宇喜田駐在所,35.680045,139.86198
窃盗,車上ねらい,葛西,宇喜田駐在所,131237.0,東京都,江戸川区,北葛西５丁目,2022/11/27,9,その他,その他,施錠せず,あり,江戸川区北葛西５丁目,35.674487,139.866369, 葛西警察署 宇喜田駐在所,35.680045,139.86198
窃盗,車上ねらい,葛西,東葛西五丁目交番,131237.0,東京都,江戸川区,東葛西４丁目,2021/12/10,17,一戸建住宅,駐車（輪）場,施錠せず,なし,江戸川区東葛西４丁目,35.6622018,139.8847988, 葛西警察署 東葛西五丁目交番,35.66589895,139.8827055
窃盗,車上ねらい,葛西,江戸川六丁目交番,131237.0,東京都,江戸川区,江戸川５丁目,2021/11/11,21,一戸建住宅,駐車（輪）場,施錠せず,なし,江戸川区江戸川５丁目,35.6752782,139.882797, 葛西警察署 江戸川六丁目交番,35.6774626,139.8792341
窃盗,車上ねらい,葛西,江戸川六丁目交番,131237.0,東京都,江戸川区,江戸川５丁目,2022/10/9,12,一戸建住宅,駐車（輪）場,施錠せず,あり,江戸川区江戸川５丁目,35.6752782,139.882797, 葛西警察署 江戸川六丁目交番,35.6774626,139.8792341
窃盗,車上ねらい,葛西,江戸川六丁目交番,131237.0,東京都,江戸川区,西瑞江５丁目,2022/5/31,22,一戸建住宅,駐車（輪）場,施錠せず,あり,江戸川区西瑞江５丁目,35.6795066,139.8804452, 葛西警察署 江戸川六丁目交番,35.6774626,139.8792341
窃盗,車上ねらい,葛西,清新町交番,131237.0,東京都,江戸川区,清新町１丁目,2022/5/14,13,その他,その他,施錠せず,あり,江戸川区清新町１丁目,35.6613584,139.8518492, 葛西警察署 清新町交番,35.6573992,139.85536812759563
窃盗,車上ねらい,葛西,臨海公園交番,131237.0,東京都,江戸川区,南葛西５丁目,2022/7/1,不明,４階建て以上共同住宅,駐車（輪）場,施錠せず,なし,江戸川区南葛西５丁目,35.6456686,139.8729099, 葛西警察署 臨海公園交番,35.64385285,139.86149732977663
窃盗,車上ねらい,葛西,臨海公園交番,131237.0,東京都,江戸川区,臨海町６丁目,2022/4/7,9,その他,その他,施錠せず,なし,江戸川区臨海町６丁目,35.642617,139.8599441, 葛西警察署 臨海公園交番,35.64385285,139.86149732977663
窃盗,車上ねらい,葛西,船堀駅前交番,131237.0,東京都,江戸川区,船堀１丁目,2022/12/15,15,４階建て以上共同住宅,駐車（輪）場,施錠せず,あり,江戸川区船堀１丁目,35.6864742,139.8599261, 葛西警察署 船堀駅前交番,35.6837041,139.8639433
窃盗,車上ねらい,葛西,船堀駅前交番,131237.0,東京都,江戸川区,船堀２丁目,2021/10/11,17,一戸建住宅,駐車（輪）場,施錠せず,なし,江戸川区船堀２丁目,35.6836937,139.8572504, 葛西警察署 船堀駅前交番,35.6837041,139.8639433
窃盗,車上ねらい,葛西,船堀駅前交番,131237.0,東京都,江戸川区,船堀２丁目,2022/9/30,8,道路上,その他,施錠せず,あり,江戸川区船堀２丁目,35.6836937,139.8572504, 葛西警察署 船堀駅前交番,35.6837041,139.8639433
窃盗,車上ねらい,葛西,船堀駅前交番,131237.0,東京都,江戸川区,船堀４丁目,2022/11/5,11,その他,駐車（輪）場,施錠せず,なし,江戸川区船堀４丁目,35.6839,139.866969, 葛西警察署 船堀駅前交番,35.6837041,139.8639433
窃盗,車上ねらい,葛西,船堀駅前交番,131237.0,東京都,江戸川区,船堀４丁目,2022/12/26,14,道路上,その他,施錠せず,あり,江戸川区船堀４丁目,35.6839,139.866969, 葛西警察署 船堀駅前交番,35.6837041,139.8639433
窃盗,車上ねらい,葛西,船堀駅前交番,131237.0,東京都,江戸川区,船堀５丁目,2022/6/17,9,道路上,その他,施錠せず,あり,江戸川区船堀５丁目,35.6819055,139.870169, 葛西警察署 船堀駅前交番,35.6837041,139.8639433
窃盗,車上ねらい,葛西,船堀駅前交番,131237.0,東京都,江戸川区,船堀６丁目,2022/2/3,16,その他,その他,施錠せず,なし,江戸川区船堀６丁目,35.679251,139.867626, 葛西警察署 船堀駅前交番,35.6837041,139.8639433
窃盗,車上ねらい,葛西,船堀駅前交番,131237.0,東京都,江戸川区,船堀６丁目,2022/2/8,16,その他,その他,施錠せず,あり,江戸川区船堀６丁目,35.679251,139.867626, 葛西警察署 船堀駅前交番,35.6837041,139.8639433
窃盗,車上ねらい,葛西,船堀駅前交番,131237.0,東京都,江戸川区,船堀６丁目,2022/10/19,14,その他,その他,施錠せず,なし,江戸川区船堀６丁目,35.679251,139.867626, 葛西警察署 船堀駅前交番,35.6837041,139.8639433
窃盗,車上ねらい,葛西,船堀駅前交番,131237.0,東京都,江戸川区,船堀６丁目,2022/11/21,6,道路上,その他,施錠せず,なし,江戸川区船堀６丁目,35.679251,139.867626, 葛西警察署 船堀駅前交番,35.6837041,139.8639433
窃盗,車上ねらい,葛西,葛西橋東交番,131237.0,東京都,江戸川区,北葛西２丁目,2022/4/1,18,道路上,その他,施錠せず,なし,江戸川区北葛西２丁目,35.6755937,139.8551678, 葛西警察署 葛西橋東交番,,
窃盗,車上ねらい,葛西,葛西橋東交番,131237.0,東京都,江戸川区,北葛西３丁目,2022/10/15,13,その他,その他,施錠せず,なし,江戸川区北葛西３丁目,35.6735928,139.8598918, 葛西警察署 葛西橋東交番,,
窃盗,車上ねらい,葛西,葛西橋東交番,131237.0,東京都,江戸川区,北葛西３丁目,2022/10/18,16,その他,その他,施錠せず,なし,江戸川区北葛西３丁目,35.6735928,139.8598918, 葛西警察署 葛西橋東交番,,
窃盗,車上ねらい,葛西,葛西橋東交番,131237.0,東京都,江戸川区,北葛西３丁目,2022/10/21,16,その他,その他,施錠せず,あり,江戸川区北葛西３丁目,35.6735928,139.8598918, 葛西警察署 葛西橋東交番,,
窃盗,車上ねらい,葛西,葛西橋東交番,131237.0,東京都,江戸川区,北葛西３丁目,2022/11/2,15,その他,その他,施錠せず,なし,江戸川区北葛西３丁目,35.6735928,139.8598918, 葛西警察署 葛西橋東交番,,
窃盗,車上ねらい,葛西,葛西橋東交番,131237.0,東京都,江戸川区,北葛西３丁目,2022/11/18,16,その他,その他,施錠せず,なし,江戸川区北葛西３丁目,35.6735928,139.8598918, 葛西警察署 葛西橋東交番,,
窃盗,車上ねらい,葛西,葛西橋東交番,131237.0,東京都,江戸川区,北葛西４丁目,2022/4/10,11,その他,駐車（輪）場,施錠せず,なし,江戸川区北葛西４丁目,35.6715372,139.86352, 葛西警察署 葛西橋東交番,,
窃盗,車上ねらい,葛西,葛西橋東交番,131237.0,東京都,江戸川区,北葛西４丁目,2022/6/14,12,その他,駐車（輪）場,施錠せず,なし,江戸川区北葛西４丁目,35.6715372,139.86352, 葛西警察署 葛西橋東交番,,
窃盗,車上ねらい,葛西,葛西橋東交番,131237.0,東京都,江戸川区,北葛西４丁目,2022/8/29,18,その他,その他,施錠せず,なし,江戸川区北葛西４丁目,35.6715372,139.86352, 葛西警察署 葛西橋東交番,,
窃盗,車上ねらい,葛西,葛西橋東交番,131237.0,東京都,江戸川区,北葛西４丁目,2022/10/14,16,その他,駐車（輪）場,施錠せず,なし,江戸川区北葛西４丁目,35.6715372,139.86352, 葛西警察署 葛西橋東交番,,
窃盗,車上ねらい,葛西,葛西橋東交番,131237.0,東京都,江戸川区,北葛西４丁目,2022/11/14,16,その他,その他,施錠せず,なし,江戸川区北葛西４丁目,35.6715372,139.86352, 葛西警察署 葛西橋東交番,,
窃盗,車上ねらい,葛西,葛西橋東交番,131237.0,東京都,江戸川区,北葛西４丁目,2022/11/24,13,その他,その他,施錠せず,なし,江戸川区北葛西４丁目,35.6715372,139.86352, 葛西警察署 葛西橋東交番,,
窃盗,車上ねらい,葛西,葛西橋東交番,131237.0,東京都,江戸川区,西葛西１丁目,2022/11/17,17,その他,その他,施錠せず,なし,江戸川区西葛西１丁目,35.6722321,139.852666, 葛西警察署 葛西橋東交番,,
窃盗,車上ねらい,葛西,葛西橋東交番,131237.0,東京都,江戸川区,西葛西３丁目,2022/6/28,16,その他,駐車（輪）場,施錠せず,あり,江戸川区西葛西３丁目,35.6674208,139.8580746, 葛西警察署 葛西橋東交番,,
窃盗,車上ねらい,葛西,葛西橋東交番,131237.0,東京都,江戸川区,東葛西１丁目,2021/10/15,16,一戸建住宅,駐車（輪）場,施錠せず,なし,江戸川区東葛西１丁目,35.671029,139.8799276, 葛西警察署 葛西橋東交番,,
窃盗,車上ねらい,葛西,葛西駅前交番,131237.0,東京都,江戸川区,中葛西３丁目,2022/5/3,15,駐車（輪）場,駐車（輪）場,施錠せず,なし,江戸川区中葛西３丁目,35.6658464,139.8710968, 葛西警察署 葛西駅前交番,,
窃盗,車上ねらい,葛西,葛西駅前交番,131237.0,東京都,江戸川区,中葛西７丁目,2022/2/18,19,その他,駐車（輪）場,施錠せず,あり,江戸川区中葛西７丁目,35.656637,139.8664632, 葛西警察署 葛西駅前交番,,
窃盗,車上ねらい,葛西,葛西駅前交番,131237.0,東京都,江戸川区,中葛西７丁目,2022/4/8,14,その他,駐車（輪）場,施錠せず,なし,江戸川区中葛西７丁目,35.656637,139.8664632, 葛西警察署 葛西駅前交番,,
窃盗,車上ねらい,葛西,葛西駅前交番,131237.0,東京都,江戸川区,中葛西８丁目,2022/5/28,22,一戸建住宅,駐車（輪）場,施錠せず,あり,江戸川区中葛西８丁目,35.6577125,139.8712094, 葛西警察署 葛西駅前交番,,
窃盗,車上ねらい,葛西,葛西駅前交番,131237.0,東京都,江戸川区,東葛西１丁目,2022/6/3,10,道路上,その他,施錠せず,あり,江戸川区東葛西１丁目,35.671029,139.8799276, 葛西警察署 葛西駅前交番,,
窃盗,車上ねらい,葛西,葛西駅前交番,131237.0,東京都,江戸川区,東葛西６丁目,2022/4/29,19,道路上,その他,施錠せず,あり,江戸川区東葛西６丁目,35.6612495,139.8779512, 葛西警察署 葛西駅前交番,,
窃盗,車上ねらい,葛西,葛西駅前交番,131237.0,東京都,江戸川区,東葛西６丁目,2022/5/28,22,道路上,その他,施錠せず,あり,江戸川区東葛西６丁目,35.6612495,139.8779512, 葛西警察署 葛西駅前交番,,
窃盗,車上ねらい,葛西,葛西駅前交番,131237.0,東京都,江戸川区,東葛西６丁目,2022/10/4,12,道路上,その他,施錠せず,あり,江戸川区東葛西６丁目,35.6612495,139.8779512, 葛西警察署 葛西駅前交番,,
窃盗,車上ねらい,葛西,葛西駅前交番,131237.0,東京都,江戸川区,東葛西６丁目,2022/12/23,13,４階建て以上共同住宅,駐車（輪）場,施錠した,なし,江戸川区東葛西６丁目,35.6612495,139.8779512, 葛西警察署 葛西駅前交番,,
窃盗,車上ねらい,葛西,西葛西駅前交番,131237.0,東京都,江戸川区,中葛西５丁目,2022/9/27,16,その他,駐車（輪）場,施錠せず,なし,江戸川区中葛西５丁目,35.6626257,139.8690187, 葛西警察署 西葛西駅前交番,,
窃盗,車上ねらい,葛西,西葛西駅前交番,131237.0,東京都,江戸川区,西葛西３丁目,2022/3/31,13,その他,駐車（輪）場,施錠せず,なし,江戸川区西葛西３丁目,35.6674208,139.8580746, 葛西警察署 西葛西駅前交番,,
窃盗,車上ねらい,葛西,西葛西駅前交番,131237.0,東京都,江戸川区,西葛西３丁目,2022/10/24,16,その他,駐車（輪）場,施錠せず,なし,江戸川区西葛西３丁目,35.6674208,139.8580746, 葛西警察署 西葛西駅前交番,,
窃盗,車上ねらい,葛西,西葛西駅前交番,131237.0,東京都,江戸川区,西葛西５丁目,2022/9/3,10,駐車（輪）場,駐車（輪）場,施錠せず,なし,江戸川区西葛西５丁目,35.6660709,139.8618311, 葛西警察署 西葛西駅前交番,,
窃盗,車上ねらい,葛西,西葛西駅前交番,131237.0,東京都,江戸川区,西葛西５丁目,2022/9/10,19,道路上,その他,施錠せず,あり,江戸川区西葛西５丁目,35.6660709,139.8618311, 葛西警察署 西葛西駅前交番,,
窃盗,車上ねらい,葛西,西葛西駅前交番,131237.0,東京都,江戸川区,西葛西６丁目,2022/7/6,10,道路上,その他,施錠せず,あり,江戸川区西葛西６丁目,35.6633655,139.8608574, 葛西警察署 西葛西駅前交番,,
窃盗,車上ねらい,葛西,西葛西駅前交番,131237.0,東京都,江戸川区,西葛西６丁目,2022/12/18,14,その他,駐車（輪）場,施錠せず,なし,江戸川区西葛西６丁目,35.6633655,139.8608574, 葛西警察署 西葛西駅前交番,,
窃盗,車上ねらい,葛西,西葛西駅前交番,131237.0,東京都,江戸川区,西葛西６丁目,2022/12/24,20,その他,駐車（輪）場,施錠せず,あり,江戸川区西葛西６丁目,35.6633655,139.8608574, 葛西警察署 西葛西駅前交番,,
窃盗,車上ねらい,葛西,西葛西駅前交番,131237.0,東京都,江戸川区,西葛西７丁目,2022/4/28,20,道路上,その他,施錠せず,あり,江戸川区西葛西７丁目,35.6604813,139.8613081, 葛西警察署 西葛西駅前交番,,
窃盗,車上ねらい,葛西,西葛西駅前交番,131237.0,東京都,江戸川区,西葛西８丁目,2022/4/27,12,その他の住宅（３階建て以下共同住宅等）,駐車（輪）場,施錠せず,あり,江戸川区西葛西８丁目,35.6562556,139.8614918, 葛西警察署 西葛西駅前交番,,
窃盗,車上ねらい,南大沢,みなみ野交番,132012.0,東京都,八王子市,兵衛１丁目,2022/3/13,8,駐車（輪）場,駐車（輪）場,施錠せず,なし,八王子市兵衛１丁目,,, 南大沢警察署 みなみ野交番,,
窃盗,車上ねらい,南大沢,みなみ野交番,132012.0,東京都,八王子市,みなみ野１丁目,2022/7/24,12,その他,駐車（輪）場,施錠せず,なし,八王子市みなみ野１丁目,,, 南大沢警察署 みなみ野交番,,
窃盗,車上ねらい,南大沢,下柚木交番,132012.0,東京都,八王子市,下柚木３丁目,2022/9/22,11,その他の住宅（３階建て以下共同住宅等）,その他,施錠せず,あり,八王子市下柚木３丁目,,, 南大沢警察署 下柚木交番,,
窃盗,車上ねらい,南大沢,南大沢駅前交番,132012.0,東京都,八王子市,下柚木２丁目,2022/8/27,21,その他の住宅（３階建て以下共同住宅等）,駐車（輪）場,施錠せず,あり,八王子市下柚木２丁目,,, 南大沢警察署 南大沢駅前交番,,
窃盗,車上ねらい,南大沢,南大沢駅前交番,132098.0,東京都,町田市,小山町,2022/7/27,0,その他,駐車（輪）場,施錠せず,なし,町田市小山町,35.5956062,139.3770822, 南大沢警察署 南大沢駅前交番,,
窃盗,車上ねらい,南大沢,堀之内駅前交番,132012.0,東京都,八王子市,堀之内３丁目,2022/7/8,12,駐車（輪）場,駐車（輪）場,施錠せず,なし,八王子市堀之内３丁目,,, 南大沢警察署 堀之内駅前交番,,
窃盗,車上ねらい,南大沢,堀之内駅前交番,132012.0,東京都,八王子市,堀之内３丁目,2022/7/19,11,駐車（輪）場,駐車（輪）場,施錠した,なし,八王子市堀之内３丁目,,, 南大沢警察署 堀之内駅前交番,,
窃盗,車上ねらい,南大沢,堀之内駐在所,132012.0,東京都,八王子市,東中野,2022/9/25,15,その他,駐車（輪）場,施錠せず,なし,八王子市東中野,,, 南大沢警察署 堀之内駐在所,,
窃盗,車上ねらい,南大沢,小山駐在所,132098.0,東京都,町田市,小山ヶ丘３丁目,2022/3/4,15,駐車（輪）場,駐車（輪）場,施錠せず,なし,町田市小山ヶ丘３丁目,35.6012805,139.3737908, 南大沢警察署 小山駐在所,35.5959169,139.3718669
窃盗,車上ねらい,南大沢,小比企駐在所,132012.0,東京都,八王子市,小比企町,2022/1/6,16,駐車（輪）場,駐車（輪）場,施錠せず,なし,八王子市小比企町,,, 南大沢警察署 小比企駐在所,,
窃盗,車上ねらい,南大沢,小比企駐在所,132012.0,東京都,八王子市,小比企町,2022/3/21,19,４階建て以上共同住宅,その他,施錠した,あり,八王子市小比企町,,, 南大沢警察署 小比企駐在所,,
窃盗,車上ねらい,南大沢,相原駅前交番,132098.0,東京都,町田市,相原町,2022/10/3,17,一戸建住宅,駐車（輪）場,施錠せず,あり,町田市相原町,35.6054106,139.3299887, 南大沢警察署 相原駅前交番,35.607092800000004,139.33191845816327
窃盗,車上ねらい,南大沢,相原駅前交番,132098.0,東京都,町田市,小山ヶ丘４丁目,2022/11/11,19,その他,駐車（輪）場,施錠せず,なし,町田市小山ヶ丘４丁目,35.6058425,139.3656769, 南大沢警察署 相原駅前交番,35.607092800000004,139.33191845816327
窃盗,車上ねらい,南大沢,相原駅前交番,132098.0,東京都,町田市,小山ヶ丘５丁目,2022/5/15,10,一戸建住宅,駐車（輪）場,施錠せず,なし,町田市小山ヶ丘５丁目,35.6039884,139.3588109, 南大沢警察署 相原駅前交番,35.607092800000004,139.33191845816327
窃盗,車上ねらい,高尾,めじろ台交番,132012.0,東京都,八王子市,椚田町,2022/8/24,18,４階建て以上共同住宅,駐車（輪）場,施錠せず,なし,八王子市椚田町,,, 高尾警察署 めじろ台交番,,
窃盗,車上ねらい,高尾,下恩方駐在所,132012.0,東京都,八王子市,下恩方町,2022/3/7,18,その他,駐車（輪）場,施錠せず,なし,八王子市下恩方町,,, 高尾警察署 下恩方駐在所,35.67288335,139.26085999829405
窃盗,車上ねらい,高尾,並木町交番,132012.0,東京都,八王子市,散田町３丁目,2022/6/2,19,駐車（輪）場,駐車（輪）場,施錠した,なし,八王子市散田町３丁目,35.65409,139.307084, 高尾警察署 並木町交番,,
窃盗,車上ねらい,高尾,並木町交番,132012.0,東京都,八王子市,散田町３丁目,2022/8/7,17,道路上,その他,施錠せず,あり,八王子市散田町３丁目,35.65409,139.307084, 高尾警察署 並木町交番,,
窃盗,車上ねらい,高尾,並木町交番,132012.0,東京都,八王子市,散田町３丁目,2022/9/1,7,駐車（輪）場,駐車（輪）場,施錠せず,なし,八王子市散田町３丁目,35.65409,139.307084, 高尾警察署 並木町交番,,
窃盗,車上ねらい,高尾,並木町交番,132012.0,東京都,八王子市,散田町５丁目,2022/2/18,13,その他,その他,施錠せず,なし,八王子市散田町５丁目,,, 高尾警察署 並木町交番,,
窃盗,車上ねらい,高尾,諏訪交番,132012.0,東京都,八王子市,泉町,2022/11/22,18,その他の住宅（３階建て以下共同住宅等）,駐車（輪）場,施錠した,なし,八王子市泉町,,, 高尾警察署 諏訪交番,35.67533355,139.29081936367348
窃盗,車上ねらい,高尾,諏訪交番,132012.0,東京都,八王子市,諏訪町,2022/8/25,19,駐車（輪）場,駐車（輪）場,施錠せず,なし,八王子市諏訪町,,, 高尾警察署 諏訪交番,35.67533355,139.29081936367348
窃盗,車上ねらい,高尾,諏訪交番,132012.0,東京都,八王子市,四谷町,2022/9/4,20,その他,駐車（輪）場,施錠せず,なし,八王子市四谷町,,, 高尾警察署 諏訪交番,35.67533355,139.29081936367348
窃盗,車上ねらい,高尾,長房町交番,132012.0,東京都,八王子市,長房町,2022/8/19,9,道路上,その他,施錠せず,なし,八王子市長房町,,, 高尾警察署 長房町交番,35.65535125,139.29572570279308
窃盗,車上ねらい,高尾,館駐在所,132012.0,東京都,八王子市,館町,2022/3/25,19,駐車（輪）場,駐車（輪）場,施錠せず,なし,八王子市館町,,, 高尾警察署 館駐在所,35.636009,139.299558
窃盗,車上ねらい,高尾,高尾駅前交番,132012.0,東京都,八王子市,横川町,2022/4/5,2,その他,駐車（輪）場,施錠した,なし,八王子市横川町,,, 高尾警察署 高尾駅前交番,35.6431939,139.282152
窃盗,車上ねらい,多摩中央,大丸交番,132250.0,東京都,稲城市,大丸,2022/1/14,不明,その他,駐車（輪）場,施錠せず,なし,稲城市大丸,35.644584,139.477742, 多摩中央警察署 大丸交番,35.64792,139.4929595
窃盗,車上ねらい,多摩中央,大丸交番,132250.0,東京都,稲城市,大丸,2022/8/20,23,４階建て以上共同住宅,駐車（輪）場,施錠した,あり,稲城市大丸,35.644584,139.477742, 多摩中央警察署 大丸交番,35.64792,139.4929595
窃盗,車上ねらい,多摩中央,愛宕交番,132241.0,東京都,多摩市,乞田,2022/4/9,21,その他,駐車（輪）場,施錠せず,あり,多摩市乞田,35.632159,139.44, 多摩中央警察署 愛宕交番,,
窃盗,車上ねらい,多摩中央,矢野口交番,132250.0,東京都,稲城市,押立,2022/2/22,19,その他,その他,施錠せず,あり,稲城市押立,35.647475,139.513451, 多摩中央警察署 矢野口交番,35.640337,139.5208
窃盗,車上ねらい,多摩中央,落合六丁目駐在所,132241.0,東京都,多摩市,落合６丁目,2022/8/9,14,その他,駐車（輪）場,施錠せず,なし,多摩市落合６丁目,35.610932,139.426866, 多摩中央警察署 落合六丁目駐在所,35.6119239,139.4244175
窃盗,車上ねらい,多摩中央,落合六丁目駐在所,132241.0,東京都,多摩市,南野２丁目,2022/2/25,19,その他,駐車（輪）場,施錠した,なし,多摩市南野２丁目,35.607807,139.432998, 多摩中央警察署 落合六丁目駐在所,35.6119239,139.4244175
窃盗,車上ねらい,多摩中央,貝取交番,132241.0,東京都,多摩市,落合４丁目,2022/11/30,17,その他の住宅（３階建て以下共同住宅等）,駐車（輪）場,施錠した,なし,多摩市落合４丁目,35.612698,139.430154, 多摩中央警察署 貝取交番,,
窃盗,車上ねらい,多摩中央,貝取交番,132241.0,東京都,多摩市,南野２丁目,2022/11/14,19,４階建て以上共同住宅,駐車（輪）場,施錠せず,なし,多摩市南野２丁目,35.607807,139.432998, 多摩中央警察署 貝取交番,,
窃盗,車上ねらい,東大和,けやき通交番,132209.0,東京都,東大和市,狭山５丁目,2022/7/4,20,その他,駐車（輪）場,施錠せず,あり,東大和市狭山５丁目,35.748249,139.439773, 東大和警察署 けやき通交番,,
窃盗,車上ねらい,東大和,けやき通交番,132209.0,東京都,東大和市,清水６丁目,2022/10/23,21,４階建て以上共同住宅,駐車（輪）場,施錠した,あり,東大和市清水６丁目,35.746909,139.446816, 東大和警察署 けやき通交番,,
窃盗,車上ねらい,東大和,けやき通交番,132209.0,東京都,東大和市,新堀１丁目,2022/10/20,8,道路上,その他,施錠せず,あり,東大和市新堀１丁目,35.73903,139.449656, 東大和警察署 けやき通交番,,
窃盗,車上ねらい,東大和,けやき通交番,132209.0,東京都,東大和市,仲原２丁目,2022/3/11,13,その他の住宅（３階建て以下共同住宅等）,駐車（輪）場,施錠せず,あり,東大和市仲原２丁目,35.744511,139.441324, 東大和警察署 けやき通交番,,
窃盗,車上ねらい,東大和,けやき通交番,132209.0,東京都,東大和市,向原１丁目,2022/11/14,11,その他の住宅（３階建て以下共同住宅等）,駐車（輪）場,施錠せず,あり,東大和市向原１丁目,35.740895,139.442334, 東大和警察署 けやき通交番,,
窃盗,車上ねらい,東大和,三ツ木交番,132233.0,東京都,武蔵村山市,三ツ木２丁目,2022/3/1,17,駐車（輪）場,駐車（輪）場,施錠せず,なし,武蔵村山市三ツ木２丁目,35.758181,139.371468, 東大和警察署 三ツ木交番,,
窃盗,車上ねらい,東大和,中藤交番,132233.0,東京都,武蔵村山市,学園１丁目,2022/7/2,21,その他,駐車（輪）場,施錠せず,あり,武蔵村山市学園１丁目,35.74811,139.393775, 東大和警察署 中藤交番,35.753997,139.399184
窃盗,車上ねらい,東大和,中藤交番,132233.0,東京都,武蔵村山市,中藤５丁目,2022/4/16,15,駐車（輪）場,駐車（輪）場,施錠した,あり,武蔵村山市中藤５丁目,35.758482,139.407013, 東大和警察署 中藤交番,35.753997,139.399184
窃盗,車上ねらい,東大和,中藤交番,132233.0,東京都,武蔵村山市,中央２丁目,2022/12/25,18,駐車（輪）場,駐車（輪）場,施錠した,あり,武蔵村山市中央２丁目,35.751885,139.395509, 東大和警察署 中藤交番,35.753997,139.399184
窃盗,車上ねらい,東大和,中藤交番,132233.0,東京都,武蔵村山市,本町３丁目,2022/1/26,19,一戸建住宅,駐車（輪）場,施錠せず,なし,武蔵村山市本町３丁目,35.759272,139.38379, 東大和警察署 中藤交番,35.753997,139.399184
窃盗,車上ねらい,東大和,奈良橋交番,132209.0,東京都,東大和市,蔵敷３丁目,2022/5/14,15,４階建て以上共同住宅,その他,施錠せず,あり,東大和市蔵敷３丁目,35.74872,139.420163, 東大和警察署 奈良橋交番,,
窃盗,車上ねらい,東大和,奈良橋交番,132209.0,東京都,東大和市,蔵敷３丁目,2022/7/24,14,駐車（輪）場,駐車（輪）場,施錠した,なし,東大和市蔵敷３丁目,35.74872,139.420163, 東大和警察署 奈良橋交番,,
窃盗,車上ねらい,東大和,奈良橋交番,132209.0,東京都,東大和市,立野２丁目,2022/5/24,23,駐車（輪）場,駐車（輪）場,施錠せず,あり,東大和市立野２丁目,35.744814,139.417613, 東大和警察署 奈良橋交番,,
窃盗,車上ねらい,東大和,村山交番,132233.0,東京都,武蔵村山市,榎１丁目,2022/9/27,16,その他,駐車（輪）場,施錠せず,なし,武蔵村山市榎１丁目,35.74089,139.38802, 東大和警察署 村山交番,35.742466,139.407276
窃盗,車上ねらい,東大和,村山交番,132233.0,東京都,武蔵村山市,大南１丁目,2022/1/13,20,一戸建住宅,駐車（輪）場,施錠せず,あり,武蔵村山市大南１丁目,35.738599,139.397063, 東大和警察署 村山交番,35.742466,139.407276
窃盗,車上ねらい,東大和,村山交番,132233.0,東京都,武蔵村山市,大南２丁目,2022/6/29,10,その他の住宅（３階建て以下共同住宅等）,駐車（輪）場,施錠せず,あり,武蔵村山市大南２丁目,35.739851,139.401984, 東大和警察署 村山交番,35.742466,139.407276
窃盗,車上ねらい,東大和,村山交番,132233.0,東京都,武蔵村山市,学園２丁目,2022/3/6,19,駐車（輪）場,駐車（輪）場,施錠した,なし,武蔵村山市学園２丁目,35.747396,139.400108, 東大和警察署 村山交番,35.742466,139.407276
窃盗,車上ねらい,東大和,村山交番,132233.0,東京都,武蔵村山市,学園４丁目,2022/9/29,20,その他の住宅（３階建て以下共同住宅等）,駐車（輪）場,施錠せず,あり,武蔵村山市学園４丁目,35.744085,139.400418, 東大和警察署 村山交番,35.742466,139.407276
窃盗,車上ねらい,東大和,村山交番,132233.0,東京都,武蔵村山市,学園５丁目,2022/7/31,10,その他,駐車（輪）場,施錠せず,あり,武蔵村山市学園５丁目,35.744367,139.394707, 東大和警察署 村山交番,35.742466,139.407276
窃盗,車上ねらい,東大和,村山貯水池駐在所,132209.0,東京都,東大和市,清水１丁目,2022/12/20,21,駐車（輪）場,駐車（輪）場,施錠した,なし,東大和市清水１丁目,35.756245,139.441191, 東大和警察署 村山貯水池駐在所,35.759581,139.439374
窃盗,車上ねらい,東大和,残堀駐在所,132233.0,東京都,武蔵村山市,残堀１丁目,2022/2/14,18,道路上,その他,施錠せず,なし,武蔵村山市残堀１丁目,35.747725,139.375812, 東大和警察署 残堀駐在所,35.743331,139.371715
窃盗,車上ねらい,東大和,玉川上水駅前交番,132209.0,東京都,東大和市,桜が丘３丁目,2022/4/20,21,その他,その他,施錠せず,なし,東大和市桜が丘３丁目,35.732323,139.42344, 東大和警察署 玉川上水駅前交番,35.732187,139.418138
窃盗,車上ねらい,東大和,玉川上水駅前交番,132209.0,東京都,東大和市,桜が丘３丁目,2022/8/29,20,４階建て以上共同住宅,駐車（輪）場,施錠せず,なし,東大和市桜が丘３丁目,35.732323,139.42344, 東大和警察署 玉川上水駅前交番,35.732187,139.418138
窃盗,車上ねらい,青梅,今寺駐在所,132055.0,東京都,青梅市,今寺２丁目,2022/9/18,3,一戸建住宅,駐車（輪）場,施錠せず,あり,青梅市今寺２丁目,35.802658,139.2975463, 青梅警察署 今寺駐在所,35.7991862,139.2975384
窃盗,車上ねらい,青梅,今寺駐在所,132055.0,東京都,青梅市,藤橋２丁目,2022/6/19,15,一戸建住宅,駐車（輪）場,施錠せず,あり,青梅市藤橋２丁目,35.8023206,139.303873, 青梅警察署 今寺駐在所,35.7991862,139.2975384
窃盗,車上ねらい,青梅,今寺駐在所,132055.0,東京都,青梅市,藤橋２丁目,2022/7/11,1,一戸建住宅,駐車（輪）場,施錠せず,なし,青梅市藤橋２丁目,35.8023206,139.303873, 青梅警察署 今寺駐在所,35.7991862,139.2975384
窃盗,車上ねらい,青梅,小河内駐在所,133086.0,東京都,奥多摩町,原,2022/10/8,15,その他,駐車（輪）場,施錠せず,なし,奥多摩町原,35.776808,139.049665, 青梅警察署 小河内駐在所,35.792903,139.048966
窃盗,車上ねらい,青梅,新町交番,132055.0,東京都,青梅市,新町６丁目,2022/2/25,18,駐車（輪）場,駐車（輪）場,施錠した,なし,青梅市新町６丁目,35.7920322,139.3161497, 青梅警察署 新町交番,35.7875771,139.301097
窃盗,車上ねらい,青梅,新町交番,132055.0,東京都,青梅市,新町６丁目,2022/9/23,13,その他,駐車（輪）場,施錠せず,あり,青梅市新町６丁目,35.7920322,139.3161497, 青梅警察署 新町交番,35.7875771,139.301097
窃盗,車上ねらい,青梅,新町交番,132055.0,東京都,青梅市,新町７丁目,2022/3/12,20,駐車（輪）場,駐車（輪）場,施錠した,なし,青梅市新町７丁目,35.786278,139.31377, 青梅警察署 新町交番,35.7875771,139.301097
窃盗,車上ねらい,青梅,新町交番,132055.0,東京都,青梅市,新町８丁目,2022/5/10,17,駐車（輪）場,駐車（輪）場,施錠した,なし,青梅市新町８丁目,35.7822935,139.3137603, 青梅警察署 新町交番,35.7875771,139.301097
窃盗,車上ねらい,青梅,新町交番,132055.0,東京都,青梅市,新町８丁目,2022/7/4,23,一戸建住宅,駐車（輪）場,施錠せず,あり,青梅市新町８丁目,35.7822935,139.3137603, 青梅警察署 新町交番,35.7875771,139.301097
窃盗,車上ねらい,青梅,新町交番,132055.0,東京都,青梅市,新町９丁目,2022/4/22,18,駐車（輪）場,駐車（輪）場,施錠した,なし,青梅市新町９丁目,35.7829247,139.3198279, 青梅警察署 新町交番,35.7875771,139.301097
窃盗,車上ねらい,青梅,新町交番,132055.0,東京都,青梅市,末広町２丁目,2022/6/9,22,その他の住宅（３階建て以下共同住宅等）,駐車（輪）場,施錠した,あり,青梅市末広町２丁目,35.779553,139.3091978, 青梅警察署 新町交番,35.7875771,139.301097
窃盗,車上ねらい,青梅,東青梅駅前交番,132055.0,東京都,青梅市,東青梅１丁目,2022/5/24,11,その他,駐車（輪）場,施錠せず,なし,青梅市東青梅１丁目,35.788475,139.272957, 青梅警察署 東青梅駅前交番,35.7900155,139.2719928
窃盗,車上ねらい,青梅,東青梅駅前交番,132055.0,東京都,青梅市,東青梅１丁目,2022/9/17,15,４階建て以上共同住宅,駐車（輪）場,施錠せず,なし,青梅市東青梅１丁目,35.788475,139.272957, 青梅警察署 東青梅駅前交番,35.7900155,139.2719928
窃盗,車上ねらい,青梅,河辺駅前交番,132055.0,東京都,青梅市,河辺町７丁目,2022/5/22,12,一戸建住宅,駐車（輪）場,施錠せず,あり,青梅市河辺町７丁目,35.7822,139.292989, 青梅警察署 河辺駅前交番,35.784502,139.2849705
窃盗,車上ねらい,青梅,鳩の巣駐在所,133086.0,東京都,奥多摩町,白丸,2022/9/25,13,その他,駐車（輪）場,施錠せず,なし,奥多摩町白丸,35.8131714,139.1127004, 青梅警察署 鳩の巣駐在所,35.815004,139.129184
窃盗,車上ねらい,福生,上福生駐在所,132187.0,東京都,福生市,加美平３丁目,2022/6/20,7,駐車（輪）場,駐車（輪）場,施錠せず,あり,福生市加美平３丁目,35.7476643,139.321885, 福生警察署 上福生駐在所,35.744749,139.31942
窃盗,車上ねらい,福生,下福生駐在所,132187.0,東京都,福生市,大字福生,2021/11/10,20,一戸建住宅,駐車（輪）場,施錠せず,なし,福生市大字福生,35.7410679,139.3215219, 福生警察署 下福生駐在所,35.733889,139.331058
窃盗,車上ねらい,福生,中福生駐在所,132187.0,東京都,福生市,北田園１丁目,2021/10/14,20,一戸建住宅,その他,施錠せず,なし,福生市北田園１丁目,35.732951,139.324709, 福生警察署 中福生駐在所,35.7362495,139.3246476
窃盗,車上ねらい,福生,中福生駐在所,132187.0,東京都,福生市,本町,2021/10/21,不明,４階建て以上共同住宅,駐車（輪）場,施錠せず,あり,福生市本町,35.7400338,139.3282328, 福生警察署 中福生駐在所,35.7362495,139.3246476
窃盗,車上ねらい,福生,二宮駐在所,132284.0,東京都,あきる野市,野辺,2022/6/13,7,駐車（輪）場,駐車（輪）場,施錠せず,なし,あきる野市野辺,,, 福生警察署 二宮駐在所,,
窃盗,車上ねらい,福生,元狭山駐在所,133035.0,東京都,瑞穂町,大字富士山栗原新田,2022/2/21,10,その他,駐車（輪）場,施錠せず,なし,瑞穂町大字富士山栗原新田,35.791509,139.341112, 福生警察署 元狭山駐在所,35.786492,139.354964
窃盗,車上ねらい,福生,元狭山駐在所,133035.0,東京都,瑞穂町,大字富士山栗原新田,2022/10/10,9,その他,駐車（輪）場,施錠せず,なし,瑞穂町大字富士山栗原新田,35.791509,139.341112, 福生警察署 元狭山駐在所,35.786492,139.354964
窃盗,車上ねらい,福生,小作駅前交番,132276.0,東京都,羽村市,栄町１丁目,2022/7/12,23,その他の住宅（３階建て以下共同住宅等）,駐車（輪）場,施錠した,なし,羽村市栄町１丁目,35.7749059,139.306241, 福生警察署 小作駅前交番,35.776124,139.3023888
窃盗,車上ねらい,福生,小作駅前交番,132276.0,東京都,羽村市,栄町２丁目,2022/11/16,12,その他,その他,施錠せず,なし,羽村市栄町２丁目,35.7715485,139.3103148, 福生警察署 小作駅前交番,35.776124,139.3023888
窃盗,車上ねらい,福生,小作駅前交番,132276.0,東京都,羽村市,栄町２丁目,2022/11/21,21,その他の住宅（３階建て以下共同住宅等）,その他,施錠せず,あり,羽村市栄町２丁目,35.7715485,139.3103148, 福生警察署 小作駅前交番,35.776124,139.3023888
窃盗,車上ねらい,福生,小川駐在所,132284.0,東京都,あきる野市,小川,2021/9/8,21,一戸建住宅,その他,施錠せず,あり,あきる野市小川,,, 福生警察署 小川駐在所,35.7204393,139.31818553728857
窃盗,車上ねらい,福生,小川駐在所,132284.0,東京都,あきる野市,小川東１丁目,2022/9/9,18,その他,駐車（輪）場,施錠せず,なし,あきる野市小川東１丁目,,, 福生警察署 小川駐在所,35.7204393,139.31818553728857
窃盗,車上ねらい,福生,横田交番,132187.0,東京都,福生市,大字熊川,2022/2/27,20,駐車（輪）場,駐車（輪）場,施錠した,なし,福生市大字熊川,35.7222012,139.3375935, 福生警察署 横田交番,35.742414,139.337579
窃盗,車上ねらい,福生,横田交番,132187.0,東京都,福生市,大字熊川,2022/3/25,15,その他,駐車（輪）場,施錠せず,なし,福生市大字熊川,35.7222012,139.3375935, 福生警察署 横田交番,35.742414,139.337579
窃盗,車上ねらい,福生,武蔵野駐在所,133035.0,東京都,瑞穂町,むさし野１丁目,2022/10/31,0,４階建て以上共同住宅,駐車（輪）場,施錠した,あり,瑞穂町むさし野１丁目,,, 福生警察署 武蔵野駐在所,35.762634,139.338939
窃盗,車上ねらい,福生,石畑駐在所,133035.0,東京都,瑞穂町,大字殿ケ谷,2022/3/28,14,その他,駐車（輪）場,施錠せず,なし,瑞穂町大字殿ケ谷,35.763828,139.360227, 福生警察署 石畑駐在所,35.766495,139.358826
窃盗,車上ねらい,福生,石畑駐在所,133035.0,東京都,瑞穂町,大字殿ケ谷,2022/8/2,0,一戸建住宅,駐車（輪）場,施錠せず,なし,瑞穂町大字殿ケ谷,35.763828,139.360227, 福生警察署 石畑駐在所,35.766495,139.358826
窃盗,車上ねらい,福生,石畑駐在所,133035.0,東京都,瑞穂町,大字武蔵,2022/10/5,13,その他,その他,施錠せず,なし,瑞穂町大字武蔵,35.764215,139.352119, 福生警察署 石畑駐在所,35.766495,139.358826
窃盗,車上ねらい,福生,神明台交番,132276.0,東京都,羽村市,神明台２丁目,2021/11/3,17,一戸建住宅,その他,施錠せず,なし,羽村市神明台２丁目,35.7571048,139.3242094, 福生警察署 神明台交番,35.7550431,139.3208456
窃盗,車上ねらい,福生,神明台交番,132276.0,東京都,羽村市,神明台４丁目,2022/2/26,15,駐車（輪）場,駐車（輪）場,施錠した,なし,羽村市神明台４丁目,35.757164,139.329274, 福生警察署 神明台交番,35.7550431,139.3208456
窃盗,車上ねらい,福生,福生駅前交番,132187.0,東京都,福生市,加美平２丁目,2021/10/27,12,道路上,その他,施錠せず,あり,福生市加美平２丁目,35.749089,139.323956, 福生警察署 福生駅前交番,35.7421447,139.3278343
窃盗,車上ねらい,福生,福生駅前交番,132187.0,東京都,福生市,加美平４丁目,2022/4/6,20,４階建て以上共同住宅,駐車（輪）場,施錠せず,なし,福生市加美平４丁目,35.7532917,139.3249391, 福生警察署 福生駅前交番,35.7421447,139.3278343
窃盗,車上ねらい,福生,福生駅前交番,132187.0,東京都,福生市,大字福生,2021/11/9,18,一戸建住宅,駐車（輪）場,施錠せず,なし,福生市大字福生,35.7410679,139.3215219, 福生警察署 福生駅前交番,35.7421447,139.3278343
窃盗,車上ねらい,福生,福生駅前交番,132187.0,東京都,福生市,武蔵野台２丁目,2021/8/27,21,一戸建住宅,その他,施錠せず,なし,福生市武蔵野台２丁目,35.748842,139.329707, 福生警察署 福生駅前交番,35.7421447,139.3278343
窃盗,車上ねらい,福生,秋川駅前交番,132284.0,東京都,あきる野市,秋川３丁目,2022/10/26,21,４階建て以上共同住宅,駐車（輪）場,施錠した,なし,あきる野市秋川３丁目,,, 福生警察署 秋川駅前交番,35.7281008,139.2872654
窃盗,車上ねらい,福生,秋川駅前交番,132284.0,東京都,あきる野市,秋川６丁目,2022/10/26,20,その他の住宅（３階建て以下共同住宅等）,駐車（輪）場,施錠した,なし,あきる野市秋川６丁目,,, 福生警察署 秋川駅前交番,35.7281008,139.2872654
窃盗,車上ねらい,福生,秋川駅前交番,132284.0,東京都,あきる野市,油平,2022/7/21,18,駐車（輪）場,駐車（輪）場,施錠せず,あり,あきる野市油平,,, 福生警察署 秋川駅前交番,35.7281008,139.2872654
窃盗,車上ねらい,福生,秋川駅前交番,132284.0,東京都,あきる野市,油平,2022/10/26,21,その他の住宅（３階建て以下共同住宅等）,駐車（輪）場,施錠した,なし,あきる野市油平,,, 福生警察署 秋川駅前交番,35.7281008,139.2872654
窃盗,車上ねらい,福生,秋川駅前交番,132284.0,東京都,あきる野市,瀬戸岡,2022/10/26,18,その他の住宅（３階建て以下共同住宅等）,駐車（輪）場,施錠した,あり,あきる野市瀬戸岡,,, 福生警察署 秋川駅前交番,35.7281008,139.2872654
窃盗,車上ねらい,福生,箱根ケ崎北駐在所,133035.0,東京都,瑞穂町,大字箱根ケ崎,2022/8/22,18,道路上,その他,施錠せず,あり,瑞穂町大字箱根ケ崎,35.7747133,139.3508353, 福生警察署 箱根ケ崎北駐在所,35.7732149,139.3511767
窃盗,車上ねらい,福生,箱根ヶ崎駅前交番,133035.0,東京都,瑞穂町,箱根ケ崎西松原,2022/3/10,0,一戸建住宅,駐車（輪）場,施錠した,あり,瑞穂町箱根ケ崎西松原,35.7705273,139.335595, 福生警察署 箱根ヶ崎駅前交番,35.7709946,139.346871
窃盗,車上ねらい,福生,箱根ヶ崎駅前交番,133035.0,東京都,瑞穂町,箱根ケ崎西松原,2022/3/30,14,その他,駐車（輪）場,施錠せず,あり,瑞穂町箱根ケ崎西松原,35.7705273,139.335595, 福生警察署 箱根ヶ崎駅前交番,35.7709946,139.346871
窃盗,車上ねらい,福生,羽村駅前交番,132276.0,東京都,羽村市,五ノ神１丁目,2022/6/27,18,その他の住宅（３階建て以下共同住宅等）,駐車（輪）場,施錠せず,なし,羽村市五ノ神１丁目,35.758771,139.318102, 福生警察署 羽村駅前交番,35.7582695,139.3154904
窃盗,車上ねらい,福生,羽村駅前交番,132276.0,東京都,羽村市,羽東２丁目,2021/11/12,16,一戸建住宅,その他,施錠せず,なし,羽村市羽東２丁目,35.7580602,139.312168, 福生警察署 羽村駅前交番,35.7582695,139.3154904
窃盗,車上ねらい,福生,羽村駅前交番,132276.0,東京都,羽村市,緑ヶ丘２丁目,2022/1/6,18,その他の住宅（３階建て以下共同住宅等）,駐車（輪）場,施錠した,あり,羽村市緑ヶ丘２丁目,35.766175,139.318029, 福生警察署 羽村駅前交番,35.7582695,139.3154904
窃盗,車上ねらい,福生,羽村駅前交番,132276.0,東京都,羽村市,緑ヶ丘４丁目,2022/8/8,12,その他の住宅（３階建て以下共同住宅等）,駐車（輪）場,施錠せず,あり,羽村市緑ヶ丘４丁目,35.7685602,139.315465, 福生警察署 羽村駅前交番,35.7582695,139.3154904
窃盗,車上ねらい,福生,羽駐在所,132276.0,東京都,羽村市,羽中１丁目,2022/4/23,19,その他の住宅（３階建て以下共同住宅等）,駐車（輪）場,施錠した,あり,羽村市羽中１丁目,35.7648559,139.3098852, 福生警察署 羽駐在所,35.762007,139.309978
窃盗,車上ねらい,福生,野辺駐在所,132284.0,東京都,あきる野市,野辺,2022/2/8,8,道路上,その他,施錠せず,あり,あきる野市野辺,,, 福生警察署 野辺駐在所,35.723638,139.306332
窃盗,車上ねらい,福生,長岡駐在所,133035.0,東京都,瑞穂町,大字長岡長谷部,2021/12/22,20,一戸建住宅,その他,施錠した,なし,瑞穂町大字長岡長谷部,35.7860019,139.3296438, 福生警察署 長岡駐在所,35.777771,139.333189
窃盗,車上ねらい,福生,長岡駐在所,133035.0,東京都,瑞穂町,長岡１丁目,2022/1/21,22,その他の住宅（３階建て以下共同住宅等）,駐車（輪）場,施錠せず,あり,瑞穂町長岡１丁目,35.7762503,139.3335921, 福生警察署 長岡駐在所,35.777771,139.333189
窃盗,車上ねらい,福生,長岡駐在所,133035.0,東京都,瑞穂町,長岡１丁目,2022/4/16,20,その他の住宅（３階建て以下共同住宅等）,その他,施錠した,あり,瑞穂町長岡１丁目,35.7762503,139.3335921, 福生警察署 長岡駐在所,35.777771,139.333189
窃盗,車上ねらい,福生,長岡駐在所,133035.0,東京都,瑞穂町,長岡１丁目,2022/10/16,16,その他の住宅（３階建て以下共同住宅等）,駐車（輪）場,施錠せず,なし,瑞穂町長岡１丁目,35.7762503,139.3335921, 福生警察署 長岡駐在所,35.777771,139.333189
窃盗,車上ねらい,福生,長岡駐在所,133035.0,東京都,瑞穂町,長岡４丁目,2021/7/13,13,その他,駐車（輪）場,施錠せず,なし,瑞穂町長岡４丁目,35.7786675,139.3266015, 福生警察署 長岡駐在所,35.777771,139.333189
窃盗,車上ねらい,福生,長岡駐在所,133035.0,東京都,瑞穂町,長岡４丁目,2021/7/13,13,その他,駐車（輪）場,施錠せず,なし,瑞穂町長岡４丁目,35.7786675,139.3266015, 福生警察署 長岡駐在所,35.777771,139.333189
窃盗,車上ねらい,福生,長岡駐在所,133035.0,東京都,瑞穂町,長岡４丁目,2022/3/12,21,道路上,その他,施錠せず,なし,瑞穂町長岡４丁目,35.7786675,139.3266015, 福生警察署 長岡駐在所,35.777771,139.333189
窃盗,車上ねらい,八王子,中野交番,132012.0,東京都,八王子市,大横町,2022/8/2,12,その他,駐車（輪）場,施錠せず,なし,八王子市大横町,,, 八王子警察署 中野交番,35.6692991,139.3204862
窃盗,車上ねらい,八王子,中野交番,132012.0,東京都,八王子市,中野上町３丁目,2022/1/10,不明,駐車（輪）場,駐車（輪）場,施錠せず,なし,八王子市中野上町３丁目,,, 八王子警察署 中野交番,35.6692991,139.3204862
窃盗,車上ねらい,八王子,中野交番,132012.0,東京都,八王子市,中野上町４丁目,2022/8/17,0,一戸建住宅,駐車（輪）場,施錠せず,なし,八王子市中野上町４丁目,,, 八王子警察署 中野交番,35.6692991,139.3204862
窃盗,車上ねらい,八王子,中野交番,132012.0,東京都,八王子市,平岡町,2022/6/17,18,道路上,その他,施錠せず,あり,八王子市平岡町,,, 八王子警察署 中野交番,35.6692991,139.3204862
窃盗,車上ねらい,八王子,八王子駅北口交番,132012.0,東京都,八王子市,旭町,2021/12/29,20,駐車（輪）場,駐車（輪）場,施錠せず,なし,八王子市旭町,35.6564149,139.3425292, 八王子警察署 八王子駅北口交番,,
窃盗,車上ねらい,八王子,八王子駅北口交番,132012.0,東京都,八王子市,新町,2022/11/15,5,駐車（輪）場,駐車（輪）場,施錠せず,なし,八王子市新町,,, 八王子警察署 八王子駅北口交番,,
窃盗,車上ねらい,八王子,八王子駅北口交番,132012.0,東京都,八王子市,天神町,2022/10/9,11,一戸建住宅,駐車（輪）場,施錠せず,あり,八王子市天神町,,, 八王子警察署 八王子駅北口交番,,
窃盗,車上ねらい,八王子,八王子駅北口交番,132012.0,東京都,八王子市,三崎町,2022/3/21,14,道路上,その他,施錠せず,なし,八王子市三崎町,35.6564149,139.3425292, 八王子警察署 八王子駅北口交番,,
窃盗,車上ねらい,八王子,八王子駅北口交番,132012.0,東京都,八王子市,明神町２丁目,2022/10/3,8,その他,駐車（輪）場,施錠せず,あり,八王子市明神町２丁目,,, 八王子警察署 八王子駅北口交番,,
窃盗,車上ねらい,八王子,八王子駅北口交番,132012.0,東京都,八王子市,横山町,2022/7/31,15,道路上,その他,施錠せず,あり,八王子市横山町,35.6564149,139.3425292, 八王子警察署 八王子駅北口交番,,
窃盗,車上ねらい,八王子,富士森交番,132012.0,東京都,八王子市,上野町,2022/7/23,14,その他,駐車（輪）場,施錠せず,なし,八王子市上野町,35.6548655,139.3216688, 八王子警察署 富士森交番,35.6533502,139.32741068511234
窃盗,車上ねらい,八王子,富士森交番,132012.0,東京都,八王子市,台町２丁目,2022/3/30,17,その他,その他,施錠せず,あり,八王子市台町２丁目,35.6548655,139.3216688, 八王子警察署 富士森交番,35.6533502,139.32741068511234
窃盗,車上ねらい,八王子,富士森交番,132012.0,東京都,八王子市,台町２丁目,2022/11/2,16,その他,その他,施錠せず,なし,八王子市台町２丁目,35.6548655,139.3216688, 八王子警察署 富士森交番,35.6533502,139.32741068511234
窃盗,車上ねらい,八王子,富士森交番,132012.0,東京都,八王子市,緑町,2022/12/7,9,一戸建住宅,駐車（輪）場,施錠せず,あり,八王子市緑町,35.6548655,139.3216688, 八王子警察署 富士森交番,35.6533502,139.32741068511234
窃盗,車上ねらい,八王子,犬目交番,132012.0,東京都,八王子市,犬目町,2022/8/18,3,その他の住宅（３階建て以下共同住宅等）,駐車（輪）場,施錠せず,なし,八王子市犬目町,,, 八王子警察署 犬目交番,35.6894572,139.30495915425627
窃盗,車上ねらい,八王子,犬目交番,132012.0,東京都,八王子市,楢原町,2022/5/20,19,その他,駐車（輪）場,施錠せず,あり,八王子市楢原町,,, 八王子警察署 犬目交番,35.6894572,139.30495915425627
窃盗,車上ねらい,八王子,犬目交番,132012.0,東京都,八王子市,楢原町,2022/5/30,18,一戸建住宅,駐車（輪）場,施錠した,あり,八王子市楢原町,,, 八王子警察署 犬目交番,35.6894572,139.30495915425627
窃盗,車上ねらい,八王子,犬目交番,132012.0,東京都,八王子市,楢原町,2022/5/30,21,一戸建住宅,駐車（輪）場,施錠した,あり,八王子市楢原町,,, 八王子警察署 犬目交番,35.6894572,139.30495915425627
窃盗,車上ねらい,八王子,犬目交番,132012.0,東京都,八王子市,楢原町,2022/8/12,9,一戸建住宅,駐車（輪）場,施錠せず,なし,八王子市楢原町,,, 八王子警察署 犬目交番,35.6894572,139.30495915425627
窃盗,車上ねらい,八王子,犬目交番,132012.0,東京都,八王子市,楢原町,2022/8/29,9,駐車（輪）場,駐車（輪）場,施錠せず,なし,八王子市楢原町,,, 八王子警察署 犬目交番,35.6894572,139.30495915425627
窃盗,車上ねらい,八王子,犬目交番,132012.0,東京都,八王子市,楢原町,2022/9/30,16,その他,駐車（輪）場,施錠せず,なし,八王子市楢原町,,, 八王子警察署 犬目交番,35.6894572,139.30495915425627
窃盗,車上ねらい,八王子,石川駐在所,132012.0,東京都,八王子市,大谷町,2022/11/4,18,その他の住宅（３階建て以下共同住宅等）,駐車（輪）場,施錠した,あり,八王子市大谷町,,, 八王子警察署 石川駐在所,35.6813314,139.363505
窃盗,車上ねらい,八王子,稲荷坂交番,132012.0,東京都,八王子市,暁町１丁目,2022/7/9,22,その他,駐車（輪）場,施錠せず,あり,八王子市暁町１丁目,,, 八王子警察署 稲荷坂交番,35.6710902,139.331339
窃盗,車上ねらい,八王子,稲荷坂交番,132012.0,東京都,八王子市,左入町,2022/5/30,13,その他,駐車（輪）場,施錠した,なし,八王子市左入町,,, 八王子警察署 稲荷坂交番,35.6710902,139.331339
窃盗,車上ねらい,八王子,稲荷坂交番,132012.0,東京都,八王子市,中野山王２丁目,2022/11/22,18,道路上,その他,施錠せず,あり,八王子市中野山王２丁目,,, 八王子警察署 稲荷坂交番,35.6710902,139.331339
窃盗,車上ねらい,八王子,西八王子駅前交番,132012.0,東京都,八王子市,千人町２丁目,2022/7/7,16,駐車（輪）場,駐車（輪）場,施錠せず,あり,八王子市千人町２丁目,35.65409,139.307084, 八王子警察署 西八王子駅前交番,35.65727475,139.3134195893445
窃盗,車上ねらい,八王子,追分交番,132012.0,東京都,八王子市,八幡町,2022/12/18,13,道路上,その他,施錠せず,なし,八王子市八幡町,,, 八王子警察署 追分交番,35.6608771,139.31793305348947
窃盗,車上ねらい,八王子,追分交番,132012.0,東京都,八王子市,元本郷町３丁目,2022/6/6,23,４階建て以上共同住宅,駐車（輪）場,施錠した,なし,八王子市元本郷町３丁目,,, 八王子警察署 追分交番,35.6608771,139.31793305348947
窃盗,車上ねらい,町田,中町交番,132098.0,東京都,町田市,中町３丁目,2022/11/6,19,その他,駐車（輪）場,施錠せず,あり,町田市中町３丁目,35.5508249,139.449663, 町田警察署 中町交番,35.5484196,139.4473429
窃盗,車上ねらい,町田,南町田グランベリーパーク駅前交,132098.0,東京都,町田市,鶴間３丁目,2022/5/29,12,一戸建住宅,駐車（輪）場,施錠せず,なし,町田市鶴間３丁目,35.5095318,139.4703551, 町田警察署 南町田グランベリーパーク駅前交,,
窃盗,車上ねらい,町田,南町田グランベリーパーク駅前交,132098.0,東京都,町田市,鶴間３丁目,2022/9/3,15,その他,駐車（輪）場,施錠せず,あり,町田市鶴間３丁目,35.5095318,139.4703551, 町田警察署 南町田グランベリーパーク駅前交,,
窃盗,車上ねらい,町田,南町田グランベリーパーク駅前交,132098.0,東京都,町田市,鶴間４丁目,2022/6/6,22,その他,駐車（輪）場,施錠した,なし,町田市鶴間４丁目,35.5054536,139.470775, 町田警察署 南町田グランベリーパーク駅前交,,
窃盗,車上ねらい,町田,南町田グランベリーパーク駅前交,132098.0,東京都,町田市,鶴間４丁目,2022/6/8,0,その他,駐車（輪）場,施錠した,なし,町田市鶴間４丁目,35.5054536,139.470775, 町田警察署 南町田グランベリーパーク駅前交,,
窃盗,車上ねらい,町田,南町田グランベリーパーク駅前交,132098.0,東京都,町田市,鶴間７丁目,2022/8/8,3,その他,駐車（輪）場,施錠した,なし,町田市鶴間７丁目,35.5059607,139.4780056, 町田警察署 南町田グランベリーパーク駅前交,,
窃盗,車上ねらい,町田,南町田グランベリーパーク駅前交,132098.0,東京都,町田市,鶴間７丁目,2022/9/19,21,その他の住宅（３階建て以下共同住宅等）,駐車（輪）場,施錠せず,なし,町田市鶴間７丁目,35.5059607,139.4780056, 町田警察署 南町田グランベリーパーク駅前交,,
窃盗,車上ねらい,町田,原町田交番,132098.0,東京都,町田市,原町田６丁目,2022/11/25,17,道路上,その他,施錠せず,なし,町田市原町田６丁目,35.544025,139.4474434, 町田警察署 原町田交番,35.542314,139.4456066
窃盗,車上ねらい,町田,図師駐在所,132098.0,東京都,町田市,図師町,2021/10/15,18,その他,その他,施錠せず,なし,町田市図師町,35.587612,139.422778, 町田警察署 図師駐在所,35.5807941,139.4273847
窃盗,車上ねらい,町田,図師駐在所,132098.0,東京都,町田市,図師町,2021/11/26,18,その他,その他,施錠せず,なし,町田市図師町,35.587612,139.422778, 町田警察署 図師駐在所,35.5807941,139.4273847
窃盗,車上ねらい,町田,図師駐在所,132098.0,東京都,町田市,図師町,2022/11/5,18,駐車（輪）場,駐車（輪）場,施錠した,なし,町田市図師町,35.587612,139.422778, 町田警察署 図師駐在所,35.5807941,139.4273847
窃盗,車上ねらい,町田,小山田駐在所,132098.0,東京都,町田市,上小山田町,2022/1/9,16,その他,その他,施錠せず,なし,町田市上小山田町,35.600225,139.396855, 町田警察署 小山田駐在所,35.589628,139.407189
窃盗,車上ねらい,町田,小山田駐在所,132098.0,東京都,町田市,小山田桜台１丁目,2021/12/18,23,その他,その他,施錠せず,あり,町田市小山田桜台１丁目,35.5898007,139.4049347, 町田警察署 小山田駐在所,35.589628,139.407189
窃盗,車上ねらい,町田,山崎交番,132098.0,東京都,町田市,野津田町,2022/5/26,10,その他,駐車（輪）場,施錠せず,なし,町田市野津田町,35.585428,139.4471239, 町田警察署 山崎交番,35.5732947,139.4363015
窃盗,車上ねらい,町田,山崎交番,132098.0,東京都,町田市,山崎町,2022/12/2,20,駐車（輪）場,駐車（輪）場,施錠せず,なし,町田市山崎町,35.5761816,139.435463, 町田警察署 山崎交番,35.5732947,139.4363015
窃盗,車上ねらい,町田,山崎交番,132098.0,東京都,町田市,山崎町,2022/12/20,19,駐車（輪）場,駐車（輪）場,施錠せず,あり,町田市山崎町,35.5761816,139.435463, 町田警察署 山崎交番,35.5732947,139.4363015
窃盗,車上ねらい,町田,忠生地区交番,132098.0,東京都,町田市,根岸町,2022/4/21,11,道路上,その他,施錠せず,あり,町田市根岸町,35.577468,139.4078907, 町田警察署 忠生地区交番,35.573993,139.4222614
窃盗,車上ねらい,町田,忠生地区交番,132098.0,東京都,町田市,木曽西１丁目,2022/10/29,14,道路上,その他,施錠せず,あり,町田市木曽西１丁目,35.5650045,139.4182758, 町田警察署 忠生地区交番,35.573993,139.4222614
窃盗,車上ねらい,町田,忠生駐在所,132098.0,東京都,町田市,忠生４丁目,2022/6/13,13,その他,駐車（輪）場,施錠せず,なし,町田市忠生４丁目,35.580454,139.4090082, 町田警察署 忠生駐在所,35.5797251,139.4133519
窃盗,車上ねらい,町田,成瀬駅前交番,132098.0,東京都,町田市,南成瀬６丁目,2022/3/25,19,その他の住宅（３階建て以下共同住宅等）,駐車（輪）場,施錠した,なし,町田市南成瀬６丁目,35.5330079,139.477037, 町田警察署 成瀬駅前交番,35.5358317,139.4738859
窃盗,車上ねらい,町田,成瀬駐在所,132098.0,東京都,町田市,成瀬６丁目,2022/2/7,13,一戸建住宅,その他,施錠せず,あり,町田市成瀬６丁目,35.5372086,139.481378, 町田警察署 成瀬駐在所,35.5433063,139.4752333
窃盗,車上ねらい,町田,成瀬駐在所,132098.0,東京都,町田市,西成瀬１丁目,2022/3/6,18,その他の住宅（３階建て以下共同住宅等）,駐車（輪）場,施錠せず,なし,町田市西成瀬１丁目,35.5454228,139.4671587, 町田警察署 成瀬駐在所,35.5433063,139.4752333
窃盗,車上ねらい,町田,木曽交番,132098.0,東京都,町田市,本町田,2022/3/21,13,４階建て以上共同住宅,駐車（輪）場,施錠した,なし,町田市本町田,35.5657183,139.4431519, 町田警察署 木曽交番,35.5633867,139.4263994
窃盗,車上ねらい,町田,木曽交番,132098.0,東京都,町田市,木曽東１丁目,2022/4/6,15,４階建て以上共同住宅,駐車（輪）場,施錠せず,なし,町田市木曽東１丁目,35.5580608,139.4286136, 町田警察署 木曽交番,35.5633867,139.4263994
窃盗,車上ねらい,町田,木曽交番,132098.0,東京都,町田市,木曽東１丁目,2022/11/9,13,その他,その他,施錠せず,あり,町田市木曽東１丁目,35.5580608,139.4286136, 町田警察署 木曽交番,35.5633867,139.4263994
窃盗,車上ねらい,町田,木曽交番,132098.0,東京都,町田市,木曽東３丁目,2022/9/17,18,駐車（輪）場,駐車（輪）場,施錠せず,なし,町田市木曽東３丁目,35.5624478,139.4255022, 町田警察署 木曽交番,35.5633867,139.4263994
窃盗,車上ねらい,町田,本町田交番,132098.0,東京都,町田市,本町田,2022/3/21,18,駐車（輪）場,駐車（輪）場,施錠した,なし,町田市本町田,35.5657183,139.4431519, 町田警察署 本町田交番,35.5596099,139.4481245
窃盗,車上ねらい,町田,本町田交番,132098.0,東京都,町田市,本町田,2022/5/18,23,駐車（輪）場,駐車（輪）場,施錠した,なし,町田市本町田,35.5657183,139.4431519, 町田警察署 本町田交番,35.5596099,139.4481245
窃盗,車上ねらい,町田,本町田交番,132098.0,東京都,町田市,本町田,2022/8/5,16,その他,その他,施錠せず,なし,町田市本町田,35.5657183,139.4431519, 町田警察署 本町田交番,35.5596099,139.4481245
窃盗,車上ねらい,町田,町田駅前交番,132098.0,東京都,町田市,原町田５丁目,2022/1/21,15,道路上,その他,施錠せず,なし,町田市原町田５丁目,35.5462891,139.450585, 町田警察署 町田駅前交番,35.5448208,139.4459565
窃盗,車上ねらい,町田,町田駅前交番,132098.0,東京都,町田市,原町田６丁目,2022/6/26,13,駐車（輪）場,駐車（輪）場,施錠せず,なし,町田市原町田６丁目,35.544025,139.4474434, 町田警察署 町田駅前交番,35.5448208,139.4459565
窃盗,車上ねらい,町田,町田駅前交番,132098.0,東京都,町田市,森野１丁目,2022/11/16,20,駐車（輪）場,駐車（輪）場,施錠せず,なし,町田市森野１丁目,35.5451441,139.4423016, 町田警察署 町田駅前交番,35.5448208,139.4459565
窃盗,車上ねらい,町田,町田駅前交番,132098.0,東京都,町田市,森野１丁目,2022/11/30,14,駐車（輪）場,駐車（輪）場,施錠した,なし,町田市森野１丁目,35.5451441,139.4423016, 町田警察署 町田駅前交番,35.5448208,139.4459565
窃盗,車上ねらい,町田,藤の台団地交番,132098.0,東京都,町田市,金井７丁目,2022/3/27,11,その他,駐車（輪）場,施錠せず,なし,町田市金井７丁目,35.5733867,139.4640151, 町田警察署 藤の台団地交番,35.571763,139.4556171
窃盗,車上ねらい,町田,野津田駐在所,132098.0,東京都,町田市,野津田町,2022/2/4,20,一戸建住宅,駐車（輪）場,施錠せず,なし,町田市野津田町,35.585428,139.4471239, 町田警察署 野津田駐在所,35.5887656,139.4543409
窃盗,車上ねらい,町田,野津田駐在所,132098.0,東京都,町田市,野津田町,2022/5/7,14,その他,駐車（輪）場,施錠せず,なし,町田市野津田町,35.585428,139.4471239, 町田警察署 野津田駐在所,35.5887656,139.4543409
窃盗,車上ねらい,町田,野津田駐在所,132098.0,東京都,町田市,野津田町,2022/8/25,8,その他,駐車（輪）場,施錠した,なし,町田市野津田町,35.585428,139.4471239, 町田警察署 野津田駐在所,35.5887656,139.4543409
窃盗,車上ねらい,町田,金森交番,132098.0,東京都,町田市,金森１丁目,2022/7/9,22,駐車（輪）場,駐車（輪）場,施錠せず,なし,町田市金森１丁目,35.5364706,139.4519975, 町田警察署 金森交番,35.5363443,139.4563686
窃盗,車上ねらい,町田,金森交番,132098.0,東京都,町田市,金森２丁目,2022/4/18,15,駐車（輪）場,駐車（輪）場,施錠した,なし,町田市金森２丁目,35.5331719,139.4586476, 町田警察署 金森交番,35.5363443,139.4563686
窃盗,車上ねらい,町田,金森交番,132098.0,東京都,町田市,金森東１丁目,2022/9/3,12,４階建て以上共同住宅,駐車（輪）場,施錠せず,なし,町田市金森東１丁目,35.5359437,139.4608383, 町田警察署 金森交番,35.5363443,139.4563686
窃盗,車上ねらい,町田,金森交番,132098.0,東京都,町田市,金森東１丁目,2022/11/25,22,一戸建住宅,駐車（輪）場,施錠せず,あり,町田市金森東１丁目,35.5359437,139.4608383, 町田警察署 金森交番,35.5363443,139.4563686
窃盗,車上ねらい,町田,高ヶ坂駐在所,132098.0,東京都,町田市,高ヶ坂２丁目,2022/7/25,10,駐車（輪）場,駐車（輪）場,施錠した,あり,町田市高ヶ坂２丁目,35.5427576,139.4574424, 町田警察署 高ヶ坂駐在所,35.5421564,139.4606797
窃盗,車上ねらい,町田,高ヶ坂駐在所,132098.0,東京都,町田市,高ヶ坂４丁目,2022/4/9,17,その他の住宅（３階建て以下共同住宅等）,駐車（輪）場,施錠せず,なし,町田市高ヶ坂４丁目,35.5469637,139.4646985, 町田警察署 高ヶ坂駐在所,35.5421564,139.4606797
窃盗,車上ねらい,町田,鶴川駅前交番,132098.0,東京都,町田市,能ヶ谷２丁目,2022/9/10,18,その他,駐車（輪）場,施錠せず,なし,町田市能ヶ谷２丁目,35.5851681,139.4801879, 町田警察署 鶴川駅前交番,35.5836702,139.4815488
窃盗,車上ねらい,町田,鶴間交番,132098.0,東京都,町田市,金森４丁目,2022/11/16,19,一戸建住宅,駐車（輪）場,施錠せず,なし,町田市金森４丁目,35.5239213,139.4642422, 町田警察署 鶴間交番,35.5207039,139.4712956
窃盗,車上ねらい,町田,鶴間交番,132098.0,東京都,町田市,鶴間３丁目,2022/1/3,12,その他,駐車（輪）場,施錠せず,なし,町田市鶴間３丁目,35.5095318,139.4703551, 町田警察署 鶴間交番,35.5207039,139.4712956
窃盗,車上ねらい,町田,鶴間交番,132098.0,東京都,町田市,鶴間４丁目,2022/6/5,21,４階建て以上共同住宅,駐車（輪）場,施錠した,なし,町田市鶴間４丁目,35.5054536,139.470775, 町田警察署 鶴間交番,35.5207039,139.4712956
窃盗,車上ねらい,日野,多摩平交番,132128.0,東京都,日野市,多摩平２丁目,2022/2/12,11,その他,駐車（輪）場,施錠せず,なし,日野市多摩平２丁目,35.66357,139.381696, 日野警察署 多摩平交番,35.6627174,139.3796939
窃盗,車上ねらい,日野,多摩平交番,132128.0,東京都,日野市,多摩平２丁目,2022/6/13,15,その他,駐車（輪）場,施錠せず,なし,日野市多摩平２丁目,35.66357,139.381696, 日野警察署 多摩平交番,35.6627174,139.3796939
窃盗,車上ねらい,日野,平山交番,132128.0,東京都,日野市,平山６丁目,2022/4/5,8,駐車（輪）場,駐車（輪）場,施錠した,なし,日野市平山６丁目,35.643182,139.380572, 日野警察署 平山交番,35.64812,139.386272
窃盗,車上ねらい,日野,平山交番,132128.0,東京都,日野市,南平４丁目,2022/1/23,21,一戸建住宅,駐車（輪）場,施錠せず,あり,日野市南平４丁目,35.660384,139.399964, 日野警察署 平山交番,35.64812,139.386272
窃盗,車上ねらい,日野,百草園交番,132128.0,東京都,日野市,落川,2022/3/27,13,その他,その他,施錠せず,なし,日野市落川,35.658368,139.429822, 日野警察署 百草園交番,35.65662955,139.43196087876925
窃盗,車上ねらい,日野,百草園交番,132128.0,東京都,日野市,落川,2022/9/21,18,その他,駐車（輪）場,施錠せず,あり,日野市落川,35.658368,139.429822, 日野警察署 百草園交番,35.65662955,139.43196087876925
窃盗,車上ねらい,日野,百草園交番,132128.0,東京都,日野市,落川,2022/11/4,14,その他,駐車（輪）場,施錠せず,なし,日野市落川,35.658368,139.429822, 日野警察署 百草園交番,35.65662955,139.43196087876925
窃盗,車上ねらい,日野,豊田駅前交番,132128.0,東京都,日野市,豊田３丁目,2022/4/10,21,その他の住宅（３階建て以下共同住宅等）,駐車（輪）場,施錠した,あり,日野市豊田３丁目,35.65617,139.379941, 日野警察署 豊田駅前交番,35.658675,139.380578
窃盗,車上ねらい,日野,豊田駅前交番,132128.0,東京都,日野市,東豊田４丁目,2022/9/22,9,道路上,その他,施錠せず,あり,日野市東豊田４丁目,35.665661,139.390632, 日野警察署 豊田駅前交番,35.658675,139.380578
窃盗,車上ねらい,日野,高幡不動駅南口交番,132128.0,東京都,日野市,高幡,2022/11/27,4,駐車（輪）場,駐車（輪）場,施錠せず,なし,日野市高幡,35.662314,139.414086, 日野警察署 高幡不動駅南口交番,35.6621099,139.4129333
窃盗,車上ねらい,日野,高幡不動駅南口交番,132128.0,東京都,日野市,三沢１丁目,2022/4/19,18,その他の住宅（３階建て以下共同住宅等）,駐車（輪）場,施錠せず,なし,日野市三沢１丁目,35.659783,139.420843, 日野警察署 高幡不動駅南口交番,35.6621099,139.4129333
窃盗,車上ねらい,日野,高幡不動駅南口交番,132128.0,東京都,日野市,万願寺５丁目,2022/3/3,19,４階建て以上共同住宅,その他,施錠せず,あり,日野市万願寺５丁目,35.668418,139.414224, 日野警察署 高幡不動駅南口交番,35.6621099,139.4129333
窃盗,車上ねらい,昭島,つつじが丘駐在所,132071.0,東京都,昭島市,つつじが丘３丁目,2022/5/30,15,その他,駐車（輪）場,施錠せず,なし,昭島市つつじが丘３丁目,35.7126176,139.3677382, 昭島警察署 つつじが丘駐在所,,
窃盗,車上ねらい,昭島,中神駐在所,132071.0,東京都,昭島市,宮沢町,2022/9/4,9,その他,駐車（輪）場,施錠せず,なし,昭島市宮沢町,35.7019141,139.3624071, 昭島警察署 中神駐在所,35.710477,139.3785505
窃盗,車上ねらい,昭島,多摩大橋交番,132071.0,東京都,昭島市,宮沢町２丁目,2022/4/25,22,４階建て以上共同住宅,駐車（輪）場,施錠した,あり,昭島市宮沢町２丁目,35.7004625,139.3633063, 昭島警察署 多摩大橋交番,35.696781,139.375771
窃盗,車上ねらい,昭島,大神駐在所,132071.0,東京都,昭島市,大神町１丁目,2022/3/24,20,その他の住宅（３階建て以下共同住宅等）,駐車（輪）場,施錠した,あり,昭島市大神町１丁目,35.7039875,139.3592246, 昭島警察署 大神駐在所,35.699281,139.360745
窃盗,車上ねらい,昭島,大神駐在所,132071.0,東京都,昭島市,大神町２丁目,2022/6/7,17,駐車（輪）場,駐車（輪）場,施錠した,なし,昭島市大神町２丁目,35.705375,139.356834, 昭島警察署 大神駐在所,35.699281,139.360745
窃盗,車上ねらい,昭島,大神駐在所,132071.0,東京都,昭島市,田中町３丁目,2022/2/22,5,駐車（輪）場,駐車（輪）場,施錠せず,なし,昭島市田中町３丁目,35.700785,139.350612, 昭島警察署 大神駐在所,35.699281,139.360745
窃盗,車上ねらい,昭島,小荷田交番,132071.0,東京都,昭島市,緑町５丁目,2022/3/16,19,一戸建住宅,駐車（輪）場,施錠せず,なし,昭島市緑町５丁目,35.7142888,139.3401219, 昭島警察署 小荷田交番,35.7141158,139.3381602
窃盗,車上ねらい,昭島,拝島駅前交番,132071.0,東京都,昭島市,緑町２丁目,2022/11/19,20,一戸建住宅,駐車（輪）場,施錠せず,なし,昭島市緑町２丁目,35.712177,139.347723, 昭島警察署 拝島駅前交番,35.7202672,139.3431157
窃盗,車上ねらい,昭島,昭島駅前交番,132071.0,東京都,昭島市,朝日町２丁目,2022/1/4,20,その他の住宅（３階建て以下共同住宅等）,駐車（輪）場,施錠せず,あり,昭島市朝日町２丁目,35.7094302,139.3713917, 昭島警察署 昭島駅前交番,35.7135536,139.3605048
窃盗,車上ねらい,昭島,昭島駅前交番,132071.0,東京都,昭島市,朝日町４丁目,2022/9/16,13,その他の住宅（３階建て以下共同住宅等）,駐車（輪）場,施錠した,あり,昭島市朝日町４丁目,35.7068675,139.3693693, 昭島警察署 昭島駅前交番,35.7135536,139.3605048
窃盗,車上ねらい,昭島,昭島駅前交番,132071.0,東京都,昭島市,昭和町２丁目,2022/2/4,17,４階建て以上共同住宅,駐車（輪）場,施錠せず,あり,昭島市昭和町２丁目,35.71292,139.360379, 昭島警察署 昭島駅前交番,35.7135536,139.3605048
窃盗,車上ねらい,昭島,昭島駅前交番,132071.0,東京都,昭島市,松原町１丁目,2022/4/21,11,その他,駐車（輪）場,施錠せず,なし,昭島市松原町１丁目,35.713303,139.356068, 昭島警察署 昭島駅前交番,35.7135536,139.3605048
窃盗,車上ねらい,昭島,東中神駅前交番,132071.0,東京都,昭島市,中神町,2022/5/2,17,その他,駐車（輪）場,施錠せず,なし,昭島市中神町,35.711499,139.3767214, 昭島警察署 東中神駅前交番,35.706114,139.383659
窃盗,車上ねらい,昭島,東中神駅前交番,132071.0,東京都,昭島市,中神町１丁目,2022/4/26,0,その他の住宅（３階建て以下共同住宅等）,駐車（輪）場,施錠した,あり,昭島市中神町１丁目,35.7033455,139.3696189, 昭島警察署 東中神駅前交番,35.706114,139.383659
窃盗,車上ねらい,昭島,玉川駐在所,132071.0,東京都,昭島市,朝日町３丁目,2022/10/19,14,道路上,その他,施錠せず,あり,昭島市朝日町３丁目,35.7067602,139.373947, 昭島警察署 玉川駐在所,35.704515,139.375566
窃盗,車上ねらい,立川,天王橋交番,132021.0,東京都,立川市,上砂町１丁目,2022/8/11,20,４階建て以上共同住宅,駐車（輪）場,施錠した,あり,立川市上砂町１丁目,35.719746,139.391744, 立川警察署 天王橋交番,35.726667,139.38402
窃盗,車上ねらい,立川,天王橋交番,132021.0,東京都,立川市,一番町３丁目,2022/1/30,10,道路上,その他,施錠せず,あり,立川市一番町３丁目,35.728772,139.378327, 立川警察署 天王橋交番,35.726667,139.38402
窃盗,車上ねらい,立川,富士見台交番,132152.0,東京都,国立市,富士見台２丁目,2022/9/22,17,道路上,その他,施錠せず,なし,国立市富士見台２丁目,35.684824,139.443473, 立川警察署 富士見台交番,35.6857014,139.4474238
窃盗,車上ねらい,立川,富士見台交番,132152.0,東京都,国立市,富士見台３丁目,2022/4/6,12,道路上,その他,施錠せず,なし,国立市富士見台３丁目,35.686798,139.436915, 立川警察署 富士見台交番,35.6857014,139.4474238
窃盗,車上ねらい,立川,富士見台交番,132152.0,東京都,国立市,富士見台３丁目,2022/4/10,9,道路上,その他,施錠せず,あり,国立市富士見台３丁目,35.686798,139.436915, 立川警察署 富士見台交番,35.6857014,139.4474238
窃盗,車上ねらい,立川,砂川八番交番,132021.0,東京都,立川市,幸町５丁目,2022/2/26,13,道路上,その他,施錠せず,なし,立川市幸町５丁目,35.726485,139.422299, 立川警察署 砂川八番交番,35.722696,139.422405
窃盗,車上ねらい,立川,砂川四番交番,132021.0,東京都,立川市,砂川町７丁目,2022/7/5,18,駐車（輪）場,駐車（輪）場,施錠した,なし,立川市砂川町７丁目,35.732055,139.406096, 立川警察署 砂川四番交番,35.723372,139.403092
窃盗,車上ねらい,立川,立川駅北口交番,132021.0,東京都,立川市,曙町１丁目,2022/4/30,7,駐車（輪）場,駐車（輪）場,施錠せず,なし,立川市曙町１丁目,35.6994079,139.4090193, 立川警察署 立川駅北口交番,35.6985845,139.4139701
窃盗,車上ねらい,立川,立川駅北口交番,132021.0,東京都,立川市,曙町１丁目,2022/6/12,10,駐車（輪）場,駐車（輪）場,施錠した,なし,立川市曙町１丁目,35.6994079,139.4090193, 立川警察署 立川駅北口交番,35.6985845,139.4139701
窃盗,車上ねらい,立川,立川駅北口交番,132021.0,東京都,立川市,曙町１丁目,2022/6/12,20,駐車（輪）場,駐車（輪）場,施錠した,なし,立川市曙町１丁目,35.6994079,139.4090193, 立川警察署 立川駅北口交番,35.6985845,139.4139701
窃盗,車上ねらい,立川,立川駅北口交番,132021.0,東京都,立川市,曙町２丁目,2022/6/2,21,道路上,その他,施錠せず,なし,立川市曙町２丁目,35.7005665,139.4156758, 立川警察署 立川駅北口交番,35.6985845,139.4139701
窃盗,車上ねらい,立川,立川駅北口交番,132021.0,東京都,立川市,曙町２丁目,2022/10/17,15,その他,その他,施錠せず,あり,立川市曙町２丁目,35.7005665,139.4156758, 立川警察署 立川駅北口交番,35.6985845,139.4139701
窃盗,車上ねらい,立川,立川駅北口交番,132021.0,東京都,立川市,曙町３丁目,2022/7/23,8,道路上,その他,施錠せず,あり,立川市曙町３丁目,35.7029453,139.4241867, 立川警察署 立川駅北口交番,35.6985845,139.4139701
窃盗,車上ねらい,立川,立川駅南口交番,132021.0,東京都,立川市,柴崎町３丁目,2022/3/23,0,駐車（輪）場,駐車（輪）場,施錠せず,なし,立川市柴崎町３丁目,35.6945656,139.4122738, 立川警察署 立川駅南口交番,35.6968299,139.4127153
窃盗,車上ねらい,立川,羽衣町交番,132152.0,東京都,国立市,北３丁目,2022/4/19,18,４階建て以上共同住宅,駐車（輪）場,施錠せず,あり,国立市北３丁目,35.70153,139.429603, 立川警察署 羽衣町交番,35.693311,139.42885
窃盗,車上ねらい,立川,若葉町駐在所,132021.0,東京都,立川市,若葉町１丁目,2022/6/19,18,一戸建住宅,その他,施錠した,あり,立川市若葉町１丁目,35.718201,139.436346, 立川警察署 若葉町駐在所,35.719836,139.438154
窃盗,車上ねらい,立川,谷保交番,132152.0,東京都,国立市,谷保,2022/5/19,10,道路上,その他,施錠せず,あり,国立市谷保,35.680331,139.439839, 立川警察署 谷保交番,35.682193,139.438002
窃盗,車上ねらい,立川,谷保交番,132152.0,東京都,国立市,谷保７丁目,2022/4/22,14,その他,その他,施錠せず,あり,国立市谷保７丁目,35.674317,139.448694, 立川警察署 谷保交番,35.682193,139.438002
窃盗,車上ねらい,立川,谷保交番,132152.0,東京都,国立市,泉４丁目,2022/5/30,22,その他,駐車（輪）場,施錠した,なし,国立市泉４丁目,35.677001,139.431626, 立川警察署 谷保交番,35.682193,139.438002
窃盗,車上ねらい,立川,錦町交番,132021.0,東京都,立川市,羽衣町１丁目,2022/2/25,14,４階建て以上共同住宅,駐車（輪）場,施錠せず,なし,立川市羽衣町１丁目,35.6957987,139.424839, 立川警察署 錦町交番,35.6958957,139.4193714
窃盗,車上ねらい,立川,高松町交番,132021.0,東京都,立川市,泉町,2022/12/18,11,その他,駐車（輪）場,施錠せず,なし,立川市泉町,35.7158865,139.4043204, 立川警察署 高松町交番,35.7054392,139.4191051
窃盗,車上ねらい,府中,中河原交番,132063.0,東京都,府中市,住吉町１丁目,2022/4/8,15,駐車（輪）場,駐車（輪）場,施錠せず,あり,府中市住吉町１丁目,35.6608637,139.4598092, 府中警察署 中河原交番,35.6599236,139.4577111
窃盗,車上ねらい,府中,中河原交番,132063.0,東京都,府中市,住吉町４丁目,2022/3/30,22,その他,その他,施錠せず,なし,府中市住吉町４丁目,35.6612357,139.4547304, 府中警察署 中河原交番,35.6599236,139.4577111
窃盗,車上ねらい,府中,中河原交番,132063.0,東京都,府中市,住吉町５丁目,2022/4/5,11,道路上,その他,施錠せず,なし,府中市住吉町５丁目,35.656894,139.45381, 府中警察署 中河原交番,35.6599236,139.4577111
窃盗,車上ねらい,府中,中河原交番,132063.0,東京都,府中市,南町３丁目,2022/1/3,14,一戸建住宅,駐車（輪）場,施錠せず,なし,府中市南町３丁目,35.66066,139.465804, 府中警察署 中河原交番,35.6599236,139.4577111
窃盗,車上ねらい,府中,中河原交番,132063.0,東京都,府中市,四谷１丁目,2022/4/8,9,道路上,その他,施錠せず,あり,府中市四谷１丁目,35.6593052,139.4511622, 府中警察署 中河原交番,35.6599236,139.4577111
窃盗,車上ねらい,府中,中河原交番,132063.0,東京都,府中市,四谷５丁目,2022/7/1,17,その他,駐車（輪）場,施錠せず,あり,府中市四谷５丁目,35.6655227,139.438304, 府中警察署 中河原交番,35.6599236,139.4577111
窃盗,車上ねらい,府中,分梅駐在所,132063.0,東京都,府中市,分梅町３丁目,2022/3/30,13,駐車（輪）場,駐車（輪）場,施錠せず,あり,府中市分梅町３丁目,35.666626,139.46146, 府中警察署 分梅駐在所,35.665732,139.464515
窃盗,車上ねらい,府中,多磨駐在所,132063.0,東京都,府中市,多磨町１丁目,2022/5/23,14,道路上,その他,施錠せず,あり,府中市多磨町１丁目,35.679466,139.520511, 府中警察署 多磨駐在所,35.6781009,139.513502
窃盗,車上ねらい,府中,多磨駐在所,132063.0,東京都,府中市,紅葉丘２丁目,2022/3/1,11,４階建て以上共同住宅,駐車（輪）場,施錠せず,なし,府中市紅葉丘２丁目,35.678865,139.516057, 府中警察署 多磨駐在所,35.6781009,139.513502
窃盗,車上ねらい,府中,大国魂交番,132063.0,東京都,府中市,寿町１丁目,2022/7/31,11,その他,駐車（輪）場,施錠せず,あり,府中市寿町１丁目,35.6753932,139.4786347, 府中警察署 大国魂交番,35.669881,139.4795967
窃盗,車上ねらい,府中,大国魂交番,132063.0,東京都,府中市,八幡町１丁目,2022/6/1,不明,一戸建住宅,その他,施錠せず,あり,府中市八幡町１丁目,35.6691576,139.484657, 府中警察署 大国魂交番,35.669881,139.4795967
窃盗,車上ねらい,府中,大国魂交番,132063.0,東京都,府中市,本町２丁目,2022/5/20,23,道路上,その他,施錠せず,あり,府中市本町２丁目,35.6661226,139.4752629, 府中警察署 大国魂交番,35.669881,139.4795967
窃盗,車上ねらい,府中,大国魂交番,132063.0,東京都,府中市,本町２丁目,2022/9/11,14,道路上,その他,施錠せず,なし,府中市本町２丁目,35.6661226,139.4752629, 府中警察署 大国魂交番,35.669881,139.4795967
窃盗,車上ねらい,府中,大国魂交番,132063.0,東京都,府中市,緑町２丁目,2022/4/5,10,道路上,その他,施錠せず,あり,府中市緑町２丁目,35.674211,139.489485, 府中警察署 大国魂交番,35.669881,139.4795967
窃盗,車上ねらい,府中,大国魂交番,132063.0,東京都,府中市,宮西町２丁目,2022/1/10,14,その他,駐車（輪）場,施錠せず,あり,府中市宮西町２丁目,35.6696954,139.4776078, 府中警察署 大国魂交番,35.669881,139.4795967
窃盗,車上ねらい,府中,大国魂交番,132063.0,東京都,府中市,宮町２丁目,2022/3/30,11,駐車（輪）場,駐車（輪）場,施錠せず,なし,府中市宮町２丁目,35.6691535,139.4815294, 府中警察署 大国魂交番,35.669881,139.4795967
窃盗,車上ねらい,府中,日鋼町交番,132063.0,東京都,府中市,日鋼町,2022/4/11,8,道路上,その他,施錠せず,あり,府中市日鋼町,35.676331,139.470389, 府中警察署 日鋼町交番,35.677897,139.467681
窃盗,車上ねらい,府中,是政交番,132063.0,東京都,府中市,小柳町２丁目,2022/1/19,8,道路上,その他,施錠せず,あり,府中市小柳町２丁目,35.6615682,139.5010358, 府中警察署 是政交番,35.6575635,139.4874786
窃盗,車上ねらい,府中,是政交番,132063.0,東京都,府中市,小柳町２丁目,2022/3/3,9,駐車（輪）場,駐車（輪）場,施錠せず,あり,府中市小柳町２丁目,35.6615682,139.5010358, 府中警察署 是政交番,35.6575635,139.4874786
窃盗,車上ねらい,府中,是政交番,132063.0,東京都,府中市,小柳町４丁目,2018/12/1,不明,その他,駐車（輪）場,施錠せず,あり,府中市小柳町４丁目,35.6580501,139.5029484, 府中警察署 是政交番,35.6575635,139.4874786
窃盗,車上ねらい,府中,是政交番,132063.0,東京都,府中市,小柳町４丁目,2018/12/1,不明,その他の住宅（３階建て以下共同住宅等）,その他,施錠せず,あり,府中市小柳町４丁目,35.6580501,139.5029484, 府中警察署 是政交番,35.6575635,139.4874786
窃盗,車上ねらい,府中,是政交番,132063.0,東京都,府中市,矢崎町５丁目,2022/3/24,2,その他,駐車（輪）場,施錠せず,なし,府中市矢崎町５丁目,35.656518,139.477581, 府中警察署 是政交番,35.6575635,139.4874786
窃盗,車上ねらい,府中,本宿交番,132063.0,東京都,府中市,西府町１丁目,2022/11/26,9,道路上,その他,施錠せず,なし,府中市西府町１丁目,35.672492,139.454828, 府中警察署 本宿交番,35.6732682,139.4588436
窃盗,車上ねらい,府中,本宿交番,132063.0,東京都,府中市,西府町５丁目,2022/11/22,19,その他,駐車（輪）場,施錠せず,なし,府中市西府町５丁目,35.6757981,139.451695, 府中警察署 本宿交番,35.6732682,139.4588436
窃盗,車上ねらい,府中,東府中駅前交番,132063.0,東京都,府中市,小柳町２丁目,2022/1/16,8,道路上,その他,施錠せず,あり,府中市小柳町２丁目,35.6615682,139.5010358, 府中警察署 東府中駅前交番,35.6693414,139.4950672
窃盗,車上ねらい,府中,東府中駅前交番,132063.0,東京都,府中市,緑町３丁目,2022/12/13,18,道路上,その他,施錠せず,あり,府中市緑町３丁目,35.6711631,139.4926186, 府中警察署 東府中駅前交番,35.6693414,139.4950672
窃盗,車上ねらい,府中,東府中駅前交番,132063.0,東京都,府中市,若松町４丁目,2022/6/1,不明,一戸建住宅,駐車（輪）場,施錠せず,あり,府中市若松町４丁目,35.6769474,139.5031997, 府中警察署 東府中駅前交番,35.6693414,139.4950672
窃盗,車上ねらい,府中,栄町交番,132063.0,東京都,府中市,浅間町３丁目,2022/1/13,13,駐車（輪）場,駐車（輪）場,施錠せず,あり,府中市浅間町３丁目,35.6858731,139.5004611, 府中警察署 栄町交番,35.688507,139.479901
窃盗,車上ねらい,府中,白糸台交番,132063.0,東京都,府中市,朝日町２丁目,2022/6/29,11,道路上,その他,施錠せず,あり,府中市朝日町２丁目,35.675041,139.51758, 府中警察署 白糸台交番,35.6700766,139.50861903121552
窃盗,車上ねらい,府中,白糸台交番,132063.0,東京都,府中市,押立町１丁目,2022/3/1,16,その他,その他,施錠せず,なし,府中市押立町１丁目,35.659439,139.509675, 府中警察署 白糸台交番,35.6700766,139.50861903121552
窃盗,車上ねらい,府中,白糸台交番,132063.0,東京都,府中市,白糸台２丁目,2018/1/1,不明,一戸建住宅,駐車（輪）場,施錠せず,あり,府中市白糸台２丁目,35.6679165,139.5118759, 府中警察署 白糸台交番,35.6700766,139.50861903121552
窃盗,車上ねらい,府中,白糸台交番,132063.0,東京都,府中市,白糸台４丁目,2022/1/17,14,道路上,その他,施錠せず,あり,府中市白糸台４丁目,35.663486,139.5092268, 府中警察署 白糸台交番,35.6700766,139.50861903121552
窃盗,車上ねらい,府中,美好町交番,132063.0,東京都,府中市,片町３丁目,2022/10/25,13,駐車（輪）場,駐車（輪）場,施錠せず,なし,府中市片町３丁目,35.66759,139.470921, 府中警察署 美好町交番,35.672925,139.466042
窃盗,車上ねらい,府中,西原町交番,132063.0,東京都,府中市,東芝町,2022/4/9,10,道路上,その他,施錠せず,あり,府中市東芝町,35.6813728,139.466379, 府中警察署 西原町交番,35.6853506,139.4563269
窃盗,車上ねらい,府中,西原町交番,132063.0,東京都,府中市,西原町１丁目,2022/1/13,15,駐車（輪）場,駐車（輪）場,施錠せず,あり,府中市西原町１丁目,35.683027,139.460078, 府中警察署 西原町交番,35.6853506,139.4563269
窃盗,車上ねらい,府中,西原町交番,132063.0,東京都,府中市,西原町１丁目,2022/6/11,20,その他,駐車（輪）場,施錠せず,なし,府中市西原町１丁目,35.683027,139.460078, 府中警察署 西原町交番,35.6853506,139.4563269
窃盗,車上ねらい,府中,車返団地駐在所,132063.0,東京都,府中市,押立町１丁目,2022/7/11,13,一戸建住宅,駐車（輪）場,施錠せず,あり,府中市押立町１丁目,35.659439,139.509675, 府中警察署 車返団地駐在所,35.6618746,139.5133134
窃盗,車上ねらい,府中,車返団地駐在所,132063.0,東京都,府中市,押立町４丁目,2018/12/1,不明,一戸建住宅,駐車（輪）場,施錠せず,あり,府中市押立町４丁目,35.6550813,139.5157738, 府中警察署 車返団地駐在所,35.6618746,139.5133134
窃盗,車上ねらい,府中,車返団地駐在所,132063.0,東京都,府中市,押立町４丁目,2022/6/1,不明,一戸建住宅,駐車（輪）場,施錠せず,あり,府中市押立町４丁目,35.6550813,139.5157738, 府中警察署 車返団地駐在所,35.6618746,139.5133134
窃盗,車上ねらい,小金井,光町交番,132144.0,東京都,国分寺市,日吉町３丁目,2022/6/12,1,一戸建住宅,駐車（輪）場,施錠した,なし,国分寺市日吉町３丁目,35.7039637,139.4556206, 小金井警察署 光町交番,35.702421,139.446126
窃盗,車上ねらい,小金井,光町交番,132144.0,東京都,国分寺市,富士本１丁目,2022/10/28,16,道路上,その他,施錠せず,あり,国分寺市富士本１丁目,35.7040548,139.4506985, 小金井警察署 光町交番,35.702421,139.446126
窃盗,車上ねらい,小金井,前原交番,132101.0,東京都,小金井市,前原町１丁目,2022/3/1,16,その他,駐車（輪）場,施錠せず,なし,小金井市前原町１丁目,35.689369,139.511556, 小金井警察署 前原交番,35.689252,139.500816
窃盗,車上ねらい,小金井,国分寺駅北口交番,132144.0,東京都,国分寺市,本町２丁目,2022/1/18,14,その他,駐車（輪）場,施錠せず,なし,国分寺市本町２丁目,35.7016002,139.4824, 小金井警察署 国分寺駅北口交番,,
窃盗,車上ねらい,小金井,小金井公園前交番,132101.0,東京都,小金井市,関野町１丁目,2022/1/4,16,その他,その他,施錠せず,あり,小金井市関野町１丁目,35.715835,139.522102, 小金井警察署 小金井公園前交番,35.7127857,139.5125459
窃盗,車上ねらい,小金井,小金井公園前交番,132101.0,東京都,小金井市,関野町１丁目,2022/10/22,16,その他,駐車（輪）場,施錠せず,あり,小金井市関野町１丁目,35.715835,139.522102, 小金井警察署 小金井公園前交番,35.7127857,139.5125459
窃盗,車上ねらい,小金井,小金井公園前交番,132101.0,東京都,小金井市,本町３丁目,2022/2/3,16,その他,駐車（輪）場,施錠せず,あり,小金井市本町３丁目,35.7075092,139.5100043, 小金井警察署 小金井公園前交番,35.7127857,139.5125459
窃盗,車上ねらい,小金井,恋ケ窪駅前交番,132144.0,東京都,国分寺市,戸倉４丁目,2022/5/30,16,一戸建住宅,駐車（輪）場,施錠せず,なし,国分寺市戸倉４丁目,35.71063,139.456918, 小金井警察署 恋ケ窪駅前交番,35.7118758,139.4634365
窃盗,車上ねらい,小金井,恋ケ窪駅前交番,132144.0,東京都,国分寺市,東戸倉２丁目,2022/8/1,15,その他,その他,施錠せず,あり,国分寺市東戸倉２丁目,35.7142172,139.46397, 小金井警察署 恋ケ窪駅前交番,35.7118758,139.4634365
窃盗,車上ねらい,小金井,新小金井交番,132101.0,東京都,小金井市,東町１丁目,2022/8/1,12,一戸建住宅,駐車（輪）場,施錠せず,あり,小金井市東町１丁目,35.689477,139.523883, 小金井警察署 新小金井交番,35.69423,139.525203
窃盗,車上ねらい,小金井,東小金井駅前交番,132101.0,東京都,小金井市,関野町１丁目,2022/12/14,19,その他,駐車（輪）場,施錠せず,なし,小金井市関野町１丁目,35.715835,139.522102, 小金井警察署 東小金井駅前交番,35.7020985,139.5248717
窃盗,車上ねらい,小金井,東小金井駅前交番,132101.0,東京都,小金井市,東町４丁目,2022/5/17,15,駐車（輪）場,駐車（輪）場,施錠せず,なし,小金井市東町４丁目,35.698033,139.524712, 小金井警察署 東小金井駅前交番,35.7020985,139.5248717
窃盗,車上ねらい,小金井,東小金井駅前交番,132101.0,東京都,小金井市,東町４丁目,2022/8/21,9,その他,駐車（輪）場,施錠せず,なし,小金井市東町４丁目,35.698033,139.524712, 小金井警察署 東小金井駅前交番,35.7020985,139.5248717
窃盗,車上ねらい,小金井,東小金井駅前交番,132101.0,東京都,小金井市,緑町２丁目,2022/6/4,17,その他,駐車（輪）場,施錠せず,あり,小金井市緑町２丁目,35.708413,139.5199261, 小金井警察署 東小金井駅前交番,35.7020985,139.5248717
窃盗,車上ねらい,小金井,東小金井駅前交番,132101.0,東京都,小金井市,緑町５丁目,2022/6/30,15,一戸建住宅,その他,施錠せず,あり,小金井市緑町５丁目,35.7034226,139.5140632, 小金井警察署 東小金井駅前交番,35.7020985,139.5248717
窃盗,車上ねらい,小金井,武蔵小金井駅前交番,132101.0,東京都,小金井市,本町５丁目,2022/5/17,12,道路上,その他,施錠せず,あり,小金井市本町５丁目,35.7037201,139.5037302, 小金井警察署 武蔵小金井駅前交番,,
窃盗,車上ねらい,小金井,武蔵小金井駅前交番,132101.0,東京都,小金井市,本町５丁目,2022/6/15,16,その他,駐車（輪）場,施錠せず,なし,小金井市本町５丁目,35.7037201,139.5037302, 小金井警察署 武蔵小金井駅前交番,,
窃盗,車上ねらい,小金井,武蔵小金井駅前交番,132101.0,東京都,小金井市,本町６丁目,2022/6/25,11,その他,駐車（輪）場,施錠せず,なし,小金井市本町６丁目,35.6998863,139.5032059, 小金井警察署 武蔵小金井駅前交番,,
窃盗,車上ねらい,小金井,西国分寺駅前交番,132144.0,東京都,国分寺市,泉町２丁目,2022/5/13,17,駐車（輪）場,駐車（輪）場,施錠せず,なし,国分寺市泉町２丁目,35.697849,139.470163, 小金井警察署 西国分寺駅前交番,35.6994984,139.4667961
窃盗,車上ねらい,小金井,西国分寺駅前交番,132144.0,東京都,国分寺市,泉町２丁目,2022/5/22,6,その他,駐車（輪）場,施錠せず,なし,国分寺市泉町２丁目,35.697849,139.470163, 小金井警察署 西国分寺駅前交番,35.6994984,139.4667961
窃盗,車上ねらい,小金井,西国分寺駅前交番,132144.0,東京都,国分寺市,日吉町１丁目,2022/1/12,3,駐車（輪）場,駐車（輪）場,施錠せず,あり,国分寺市日吉町１丁目,35.7019874,139.4590471, 小金井警察署 西国分寺駅前交番,35.6994984,139.4667961
窃盗,車上ねらい,小金井,貫井北町交番,132101.0,東京都,小金井市,貫井北町２丁目,2022/4/27,12,その他の住宅（３階建て以下共同住宅等）,駐車（輪）場,施錠せず,なし,小金井市貫井北町２丁目,35.705709,139.4983322, 小金井警察署 貫井北町交番,35.7101734,139.5007092
窃盗,車上ねらい,小金井,貫井北町交番,132101.0,東京都,小金井市,貫井北町３丁目,2022/2/17,10,道路上,その他,施錠せず,なし,小金井市貫井北町３丁目,35.7098713,139.4987383, 小金井警察署 貫井北町交番,35.7101734,139.5007092
窃盗,車上ねらい,小金井,貫井南町交番,132101.0,東京都,小金井市,貫井南町１丁目,2021/11/30,9,一戸建住宅,その他,施錠せず,あり,小金井市貫井南町１丁目,35.6901932,139.4956666, 小金井警察署 貫井南町交番,35.69493,139.4961892
窃盗,車上ねらい,田無,ひばりが丘駅前交番,132292.0,東京都,西東京市,住吉町２丁目,2022/10/28,20,道路上,その他,施錠せず,あり,西東京市住吉町２丁目,35.746784,139.548081, 田無警察署 ひばりが丘駅前交番,,
窃盗,車上ねらい,田無,ひばりが丘駅前交番,132292.0,東京都,西東京市,住吉町３丁目,2022/5/1,13,その他,駐車（輪）場,施錠せず,なし,西東京市住吉町３丁目,35.74952,139.547868, 田無警察署 ひばりが丘駅前交番,,
窃盗,車上ねらい,田無,ひばりが丘駅前交番,132292.0,東京都,西東京市,ひばりが丘１丁目,2022/8/21,14,道路上,その他,施錠せず,なし,西東京市ひばりが丘１丁目,35.7509503,139.5421218, 田無警察署 ひばりが丘駅前交番,,
窃盗,車上ねらい,田無,ひばりが丘駅前交番,132292.0,東京都,西東京市,谷戸町１丁目,2022/9/22,21,道路上,その他,施錠せず,あり,西東京市谷戸町１丁目,35.7414117,139.545413, 田無警察署 ひばりが丘駅前交番,,
窃盗,車上ねらい,田無,上の原交番,132225.0,東京都,東久留米市,神宝町１丁目,2022/2/16,13,駐車（輪）場,駐車（輪）場,施錠せず,なし,東久留米市神宝町１丁目,35.765342,139.543878, 田無警察署 上の原交番,35.7687285,139.5427002
窃盗,車上ねらい,田無,保谷新町交番,132292.0,東京都,西東京市,新町６丁目,2022/2/13,23,一戸建住宅,駐車（輪）場,施錠した,なし,西東京市新町６丁目,35.7141394,139.5309816, 田無警察署 保谷新町交番,35.7118983,139.5387829
窃盗,車上ねらい,田無,保谷新町交番,132292.0,東京都,西東京市,向台町１丁目,2022/10/19,17,道路上,その他,施錠せず,あり,西東京市向台町１丁目,35.720467,139.546143, 田無警察署 保谷新町交番,35.7118983,139.5387829
窃盗,車上ねらい,田無,保谷駅前交番,132292.0,東京都,西東京市,下保谷４丁目,2022/4/6,17,駐車（輪）場,駐車（輪）場,施錠せず,あり,西東京市下保谷４丁目,35.750024,139.566125, 田無警察署 保谷駅前交番,35.7477019,139.5667777
窃盗,車上ねらい,田無,前沢交番,132225.0,東京都,東久留米市,八幡町２丁目,2022/5/11,20,駐車（輪）場,駐車（輪）場,施錠した,あり,東久留米市八幡町２丁目,35.754174,139.513206, 田無警察署 前沢交番,35.751001,139.510702
窃盗,車上ねらい,田無,前沢交番,132225.0,東京都,東久留米市,八幡町２丁目,2022/5/15,7,その他,駐車（輪）場,施錠せず,あり,東久留米市八幡町２丁目,35.754174,139.513206, 田無警察署 前沢交番,35.751001,139.510702
窃盗,車上ねらい,田無,前沢交番,132225.0,東京都,東久留米市,前沢２丁目,2022/8/16,13,その他,駐車（輪）場,施錠せず,なし,東久留米市前沢２丁目,35.744218,139.516936, 田無警察署 前沢交番,35.751001,139.510702
窃盗,車上ねらい,田無,前沢交番,132225.0,東京都,東久留米市,前沢３丁目,2022/4/25,22,４階建て以上共同住宅,駐車（輪）場,施錠せず,あり,東久留米市前沢３丁目,35.741177,139.516755, 田無警察署 前沢交番,35.751001,139.510702
窃盗,車上ねらい,田無,前沢交番,132225.0,東京都,東久留米市,前沢３丁目,2022/5/30,18,その他,駐車（輪）場,施錠せず,なし,東久留米市前沢３丁目,35.741177,139.516755, 田無警察署 前沢交番,35.751001,139.510702
窃盗,車上ねらい,田無,前沢交番,132225.0,東京都,東久留米市,南町４丁目,2022/2/17,11,駐車（輪）場,駐車（輪）場,施錠せず,あり,東久留米市南町４丁目,35.744789,139.521748, 田無警察署 前沢交番,35.751001,139.510702
窃盗,車上ねらい,田無,北原町交番,132292.0,東京都,西東京市,西原町４丁目,2022/8/13,13,道路上,その他,施錠した,あり,西東京市西原町４丁目,35.737178,139.5286297, 田無警察署 北原町交番,35.731531,139.545144
窃盗,車上ねらい,田無,北原町交番,132292.0,東京都,西東京市,緑町１丁目,2022/9/17,6,その他,その他,施錠せず,なし,西東京市緑町１丁目,35.736792,139.539345, 田無警察署 北原町交番,35.731531,139.545144
窃盗,車上ねらい,田無,南沢交番,132225.0,東京都,東久留米市,幸町３丁目,2022/7/23,12,その他,駐車（輪）場,施錠せず,なし,東久留米市幸町３丁目,35.757975,139.520938, 田無警察署 南沢交番,35.7593321,139.5272438
窃盗,車上ねらい,田無,南沢交番,132225.0,東京都,東久留米市,南沢１丁目,2022/7/29,12,道路上,その他,施錠せず,なし,東久留米市南沢１丁目,35.754559,139.533331, 田無警察署 南沢交番,35.7593321,139.5272438
窃盗,車上ねらい,田無,東久留米駅前交番,132225.0,東京都,東久留米市,本町１丁目,2022/7/28,15,道路上,その他,施錠せず,なし,東久留米市本町１丁目,35.759085,139.533352, 田無警察署 東久留米駅前交番,35.7608931,139.5351436
窃盗,車上ねらい,田無,東久留米駅前交番,132225.0,東京都,東久留米市,本町１丁目,2022/8/5,15,道路上,その他,施錠せず,あり,東久留米市本町１丁目,35.759085,139.533352, 田無警察署 東久留米駅前交番,35.7608931,139.5351436
窃盗,車上ねらい,田無,東久留米駅前交番,132225.0,東京都,東久留米市,本町１丁目,2022/8/8,12,道路上,その他,施錠せず,あり,東久留米市本町１丁目,35.759085,139.533352, 田無警察署 東久留米駅前交番,35.7608931,139.5351436
窃盗,車上ねらい,田無,東久留米駅前交番,132225.0,東京都,東久留米市,本町３丁目,2022/2/12,12,その他,駐車（輪）場,施錠せず,なし,東久留米市本町３丁目,35.759374,139.529346, 田無警察署 東久留米駅前交番,35.7608931,139.5351436
窃盗,車上ねらい,田無,東久留米駅前交番,132225.0,東京都,東久留米市,南沢１丁目,2022/7/28,14,道路上,その他,施錠せず,なし,東久留米市南沢１丁目,35.754559,139.533331, 田無警察署 東久留米駅前交番,35.7608931,139.5351436
窃盗,車上ねらい,田無,東伏見交番,132292.0,東京都,西東京市,富士町３丁目,2022/4/25,0,その他,駐車（輪）場,施錠せず,あり,西東京市富士町３丁目,35.7327753,139.5667, 田無警察署 東伏見交番,35.7285406,139.5641383
窃盗,車上ねらい,田無,東伏見交番,132292.0,東京都,西東京市,富士町４丁目,2022/8/1,17,４階建て以上共同住宅,駐車（輪）場,施錠せず,なし,西東京市富士町４丁目,35.7302662,139.5649006, 田無警察署 東伏見交番,35.7285406,139.5641383
窃盗,車上ねらい,田無,田無駅前交番,132292.0,東京都,西東京市,田無町２丁目,2022/10/15,17,その他,駐車（輪）場,施錠せず,あり,西東京市田無町２丁目,35.7282982,139.5438579, 田無警察署 田無駅前交番,35.7275449,139.5404858
窃盗,車上ねらい,田無,田無駅前交番,132292.0,東京都,西東京市,田無町３丁目,2022/8/14,23,道路上,その他,施錠せず,あり,西東京市田無町３丁目,35.7303231,139.5425141, 田無警察署 田無駅前交番,35.7275449,139.5404858
窃盗,車上ねらい,田無,野火止交番,132225.0,東京都,東久留米市,野火止１丁目,2022/7/16,16,その他,駐車（輪）場,施錠せず,なし,東久留米市野火止１丁目,35.760555,139.513544, 田無警察署 野火止交番,35.760166,139.515812
窃盗,車上ねらい,東村山,下清戸駐在所,132217.0,東京都,清瀬市,下清戸１丁目,2022/5/28,17,一戸建住宅,駐車（輪）場,施錠せず,なし,清瀬市下清戸１丁目,35.780471,139.537326, 東村山警察署 下清戸駐在所,35.779081,139.536976
窃盗,車上ねらい,東村山,中里駐在所,132217.0,東京都,清瀬市,中里４丁目,2022/4/27,15,一戸建住宅,その他,施錠せず,あり,清瀬市中里４丁目,35.786186,139.516665, 東村山警察署 中里駐在所,35.784568050000004,139.51650789602405
窃盗,車上ねらい,東村山,中里駐在所,132217.0,東京都,清瀬市,中里４丁目,2022/6/8,19,その他,駐車（輪）場,施錠せず,なし,清瀬市中里４丁目,35.786186,139.516665, 東村山警察署 中里駐在所,35.784568050000004,139.51650789602405
窃盗,車上ねらい,東村山,久米川駅前交番,132136.0,東京都,東村山市,恩多町３丁目,2022/5/27,21,一戸建住宅,駐車（輪）場,施錠せず,なし,東村山市恩多町３丁目,35.753567,139.481549, 東村山警察署 久米川駅前交番,35.7504295,139.4721763
窃盗,車上ねらい,東村山,久米川駅前交番,132136.0,東京都,東村山市,栄町２丁目,2022/9/16,2,道路上,その他,施錠せず,あり,東村山市栄町２丁目,35.74883,139.470588, 東村山警察署 久米川駅前交番,35.7504295,139.4721763
窃盗,車上ねらい,東村山,久米川駐在所,132136.0,東京都,東村山市,久米川町３丁目,2022/9/14,20,その他,駐車（輪）場,施錠せず,あり,東村山市久米川町３丁目,35.763904,139.475685, 東村山警察署 久米川駐在所,35.768065,139.4724105
窃盗,車上ねらい,東村山,八坂交番,132136.0,東京都,東村山市,栄町３丁目,2022/3/4,18,駐車（輪）場,駐車（輪）場,施錠した,あり,東村山市栄町３丁目,35.7477346,139.466383, 東村山警察署 八坂交番,,
窃盗,車上ねらい,東村山,八坂交番,132136.0,東京都,東村山市,美住町１丁目,2022/12/26,18,一戸建住宅,駐車（輪）場,施錠せず,あり,東村山市美住町１丁目,35.749156,139.461426, 東村山警察署 八坂交番,,
窃盗,車上ねらい,東村山,廻田駐在所,132136.0,東京都,東村山市,廻田町２丁目,2022/12/16,0,駐車（輪）場,駐車（輪）場,施錠した,なし,東村山市廻田町２丁目,35.754622,139.448739, 東村山警察署 廻田駐在所,35.758512100000004,139.4504761549547
窃盗,車上ねらい,東村山,廻田駐在所,132136.0,東京都,東村山市,廻田町３丁目,2022/12/16,4,その他,駐車（輪）場,施錠した,なし,東村山市廻田町３丁目,35.758191,139.446056, 東村山警察署 廻田駐在所,35.758512100000004,139.4504761549547
窃盗,車上ねらい,東村山,廻田駐在所,132136.0,東京都,東村山市,廻田町４丁目,2022/7/22,6,その他,駐車（輪）場,施錠せず,なし,東村山市廻田町４丁目,35.759483,139.451928, 東村山警察署 廻田駐在所,35.758512100000004,139.4504761549547
窃盗,車上ねらい,東村山,旭が丘交番,132217.0,東京都,清瀬市,旭が丘１丁目,2022/7/17,7,道路上,その他,施錠せず,あり,清瀬市旭が丘１丁目,35.791832,139.534894, 東村山警察署 旭が丘交番,,
窃盗,車上ねらい,東村山,旭が丘交番,132217.0,東京都,清瀬市,下宿３丁目,2022/2/19,18,その他,駐車（輪）場,施錠せず,なし,清瀬市下宿３丁目,35.803319,139.540357, 東村山警察署 旭が丘交番,,
窃盗,車上ねらい,東村山,旭が丘交番,132217.0,東京都,清瀬市,中里５丁目,2022/9/15,19,駐車（輪）場,駐車（輪）場,施錠した,なし,清瀬市中里５丁目,35.787646,139.526276, 東村山警察署 旭が丘交番,,
窃盗,車上ねらい,東村山,東村山駅前交番,132136.0,東京都,東村山市,諏訪町１丁目,2022/3/12,11,駐車（輪）場,駐車（輪）場,施錠した,なし,東村山市諏訪町１丁目,35.768257,139.467353, 東村山警察署 東村山駅前交番,35.75965585,139.46639088436842
窃盗,車上ねらい,東村山,東村山駅前交番,132136.0,東京都,東村山市,野口町４丁目,2022/1/1,19,その他,駐車（輪）場,施錠せず,あり,東村山市野口町４丁目,35.764934,139.461215, 東村山警察署 東村山駅前交番,35.75965585,139.46639088436842
窃盗,車上ねらい,東村山,東村山駅前交番,132136.0,東京都,東村山市,野口町４丁目,2022/12/25,22,駐車（輪）場,駐車（輪）場,施錠した,なし,東村山市野口町４丁目,35.764934,139.461215, 東村山警察署 東村山駅前交番,35.75965585,139.46639088436842
窃盗,車上ねらい,東村山,梅園駐在所,132217.0,東京都,清瀬市,梅園１丁目,2022/6/1,17,その他,その他,施錠せず,なし,清瀬市梅園１丁目,35.772186,139.508594, 東村山警察署 梅園駐在所,35.7727695,139.51235441279607
窃盗,車上ねらい,東村山,梅園駐在所,132217.0,東京都,清瀬市,野塩３丁目,2022/11/22,19,その他の住宅（３階建て以下共同住宅等）,その他,施錠せず,あり,清瀬市野塩３丁目,35.777174,139.507767, 東村山警察署 梅園駐在所,35.7727695,139.51235441279607
窃盗,車上ねらい,東村山,秋津三丁目交番,132136.0,東京都,東村山市,秋津町２丁目,2022/6/9,9,道路上,その他,施錠せず,なし,東村山市秋津町２丁目,35.771124,139.487274, 東村山警察署 秋津三丁目交番,35.77210095,139.48111188086207
窃盗,車上ねらい,東村山,萩山駐在所,132136.0,東京都,東村山市,萩山町１丁目,2022/1/6,0,駐車（輪）場,駐車（輪）場,施錠せず,あり,東村山市萩山町１丁目,35.737708,139.481844, 東村山警察署 萩山駐在所,35.741244,139.479638
窃盗,車上ねらい,東村山,青葉駐在所,132136.0,東京都,東村山市,青葉町２丁目,2022/8/16,14,その他の住宅（３階建て以下共同住宅等）,駐車（輪）場,施錠せず,あり,東村山市青葉町２丁目,35.763457,139.488949, 東村山警察署 青葉駐在所,35.760460699999996,139.4897004459979
窃盗,車上ねらい,武蔵野,三鷹駅北口交番,132039.0,東京都,武蔵野市,西久保１丁目,2022/2/24,23,その他の住宅（３階建て以下共同住宅等）,駐車（輪）場,施錠せず,なし,武蔵野市西久保１丁目,35.7060983,139.5563643, 武蔵野警察署 三鷹駅北口交番,,
窃盗,車上ねらい,武蔵野,八幡宮西交番,132039.0,東京都,武蔵野市,吉祥寺本町２丁目,2022/8/5,12,駐車（輪）場,駐車（輪）場,施錠せず,あり,武蔵野市吉祥寺本町２丁目,35.7057807,139.5766713, 武蔵野警察署 八幡宮西交番,,
窃盗,車上ねらい,武蔵野,八幡町交番,132039.0,東京都,武蔵野市,八幡町４丁目,2022/11/18,18,道路上,その他,施錠せず,なし,武蔵野市八幡町４丁目,35.7198828,139.5550829, 武蔵野警察署 八幡町交番,,
窃盗,車上ねらい,武蔵野,吉祥寺駅西口交番,132039.0,東京都,武蔵野市,吉祥寺南町１丁目,2022/10/26,11,駐車（輪）場,駐車（輪）場,施錠せず,あり,武蔵野市吉祥寺南町１丁目,35.7005275,139.5807459, 武蔵野警察署 吉祥寺駅西口交番,35.7030569,139.5771059
窃盗,車上ねらい,武蔵野,武蔵境駅前交番,132039.0,東京都,武蔵野市,境南町１丁目,2022/5/27,8,その他,駐車（輪）場,施錠せず,なし,武蔵野市境南町１丁目,35.698655,139.548598, 武蔵野警察署 武蔵境駅前交番,,
窃盗,車上ねらい,武蔵野,武蔵境駅前交番,132039.0,東京都,武蔵野市,境南町２丁目,2022/1/16,18,道路上,その他,施錠せず,なし,武蔵野市境南町２丁目,35.69884,139.5440617, 武蔵野警察署 武蔵境駅前交番,,
窃盗,車上ねらい,武蔵野,武蔵境駅前交番,132039.0,東京都,武蔵野市,境南町２丁目,2022/2/24,12,その他,駐車（輪）場,施錠せず,なし,武蔵野市境南町２丁目,35.69884,139.5440617, 武蔵野警察署 武蔵境駅前交番,,
窃盗,車上ねらい,武蔵野,武蔵境駅前交番,132039.0,東京都,武蔵野市,境南町４丁目,2022/4/10,0,その他,その他,施錠せず,なし,武蔵野市境南町４丁目,35.7000074,139.536063, 武蔵野警察署 武蔵境駅前交番,,
窃盗,車上ねらい,武蔵野,武蔵境駅前交番,132039.0,東京都,武蔵野市,境３丁目,2022/2/14,16,一戸建住宅,その他,施錠せず,なし,武蔵野市境３丁目,35.7074588,139.546549, 武蔵野警察署 武蔵境駅前交番,,
窃盗,車上ねらい,武蔵野,緑町交番,132039.0,東京都,武蔵野市,吉祥寺北町５丁目,2022/3/10,18,道路上,その他,施錠せず,あり,武蔵野市吉祥寺北町５丁目,35.718139,139.569681, 武蔵野警察署 緑町交番,35.7197076,139.5680241
窃盗,車上ねらい,武蔵野,関前駐在所,132039.0,東京都,武蔵野市,関前５丁目,2022/2/12,14,道路上,その他,施錠せず,あり,武蔵野市関前５丁目,35.71193,139.541226, 武蔵野警察署 関前駐在所,35.711089,139.541368
窃盗,車上ねらい,三鷹,三鷹駅前交番,132047.0,東京都,三鷹市,上連雀２丁目,2022/5/10,21,その他の住宅（３階建て以下共同住宅等）,その他,施錠せず,なし,三鷹市上連雀２丁目,,, 三鷹警察署 三鷹駅前交番,,
窃盗,車上ねらい,三鷹,上連雀交番,132047.0,東京都,三鷹市,上連雀３丁目,2022/6/12,20,４階建て以上共同住宅,駐車（輪）場,施錠せず,なし,三鷹市上連雀３丁目,,, 三鷹警察署 上連雀交番,35.69448,139.55159
窃盗,車上ねらい,三鷹,上連雀交番,132047.0,東京都,三鷹市,上連雀７丁目,2022/7/13,17,その他,駐車（輪）場,施錠せず,なし,三鷹市上連雀７丁目,,, 三鷹警察署 上連雀交番,35.69448,139.55159
窃盗,車上ねらい,三鷹,上連雀交番,132047.0,東京都,三鷹市,上連雀７丁目,2022/8/29,18,一戸建住宅,その他,施錠せず,あり,三鷹市上連雀７丁目,,, 三鷹警察署 上連雀交番,35.69448,139.55159
窃盗,車上ねらい,三鷹,上連雀交番,132047.0,東京都,三鷹市,上連雀７丁目,2022/10/22,8,その他,その他,施錠せず,あり,三鷹市上連雀７丁目,,, 三鷹警察署 上連雀交番,35.69448,139.55159
窃盗,車上ねらい,三鷹,上連雀交番,132047.0,東京都,三鷹市,上連雀８丁目,2022/11/28,12,その他,駐車（輪）場,施錠せず,なし,三鷹市上連雀８丁目,,, 三鷹警察署 上連雀交番,35.69448,139.55159
窃盗,車上ねらい,三鷹,中仙川交番,132047.0,東京都,三鷹市,新川４丁目,2022/8/10,15,４階建て以上共同住宅,駐車（輪）場,施錠せず,なし,三鷹市新川４丁目,,, 三鷹警察署 中仙川交番,35.6679717,139.5753651
窃盗,車上ねらい,三鷹,中原駐在所,132047.0,東京都,三鷹市,中原３丁目,2022/2/2,3,４階建て以上共同住宅,その他,施錠せず,なし,三鷹市中原３丁目,,, 三鷹警察署 中原駐在所,35.669278,139.565352
窃盗,車上ねらい,三鷹,井之頭公園駅前交番,132047.0,東京都,三鷹市,井の頭４丁目,2022/1/26,8,その他,その他,施錠せず,なし,三鷹市井の頭４丁目,,, 三鷹警察署 井之頭公園駅前交番,35.6976736,139.5819498
窃盗,車上ねらい,三鷹,大沢交番,132047.0,東京都,三鷹市,大沢４丁目,2022/3/27,19,駐車（輪）場,駐車（輪）場,施錠せず,なし,三鷹市大沢４丁目,,, 三鷹警察署 大沢交番,35.6810081,139.5388511
窃盗,車上ねらい,三鷹,天文台下駐在所,132047.0,東京都,三鷹市,大沢５丁目,2022/4/27,19,一戸建住宅,駐車（輪）場,施錠した,あり,三鷹市大沢５丁目,,, 三鷹警察署 天文台下駐在所,35.669344,139.537564
窃盗,車上ねらい,調布,つつじケ丘駅前交番,132080.0,東京都,調布市,西つつじケ丘４丁目,2022/2/10,19,駐車（輪）場,駐車（輪）場,施錠せず,なし,調布市西つつじケ丘４丁目,35.653368,139.575433, 調布警察署 つつじケ丘駅前交番,,
窃盗,車上ねらい,調布,京王多摩川駅前交番,132080.0,東京都,調布市,多摩川５丁目,2022/1/17,11,道路上,その他,施錠せず,なし,調布市多摩川５丁目,35.642587,139.536897, 調布警察署 京王多摩川駅前交番,35.644515,139.536816
窃盗,車上ねらい,調布,京王多摩川駅前交番,132080.0,東京都,調布市,多摩川５丁目,2022/1/17,13,４階建て以上共同住宅,駐車（輪）場,施錠せず,あり,調布市多摩川５丁目,35.642587,139.536897, 調布警察署 京王多摩川駅前交番,35.644515,139.536816
窃盗,車上ねらい,調布,仙川交番,132080.0,東京都,調布市,仙川町１丁目,2022/3/14,16,駐車（輪）場,駐車（輪）場,施錠せず,なし,調布市仙川町１丁目,35.66088,139.585596, 調布警察署 仙川交番,35.6621285,139.5853992
窃盗,車上ねらい,調布,仙川交番,132080.0,東京都,調布市,仙川町１丁目,2022/11/12,9,駐車（輪）場,駐車（輪）場,施錠せず,なし,調布市仙川町１丁目,35.66088,139.585596, 調布警察署 仙川交番,35.6621285,139.5853992
窃盗,車上ねらい,調布,仙川交番,132080.0,東京都,調布市,若葉町２丁目,2022/9/21,19,その他,駐車（輪）場,施錠せず,なし,調布市若葉町２丁目,35.65734,139.588136, 調布警察署 仙川交番,35.6621285,139.5853992
窃盗,車上ねらい,調布,国領交番,132080.0,東京都,調布市,国領町２丁目,2022/9/16,23,道路上,その他,施錠せず,なし,調布市国領町２丁目,35.651682,139.559226, 調布警察署 国領交番,35.6505877,139.5573257
窃盗,車上ねらい,調布,国領交番,132080.0,東京都,調布市,国領町５丁目,2022/9/11,19,その他の住宅（３階建て以下共同住宅等）,駐車（輪）場,施錠せず,あり,調布市国領町５丁目,35.647717,139.553352, 調布警察署 国領交番,35.6505877,139.5573257
窃盗,車上ねらい,調布,宮の上駐在所,132080.0,東京都,調布市,柴崎２丁目,2022/7/8,15,道路上,その他,施錠せず,あり,調布市柴崎２丁目,35.662181,139.564909, 調布警察署 宮の上駐在所,,
窃盗,車上ねらい,調布,小覚交番,132080.0,東京都,調布市,入間町１丁目,2022/9/13,12,その他,駐車（輪）場,施錠せず,なし,調布市入間町１丁目,35.652493,139.588664, 調布警察署 小覚交番,35.6465496,139.5781455
窃盗,車上ねらい,調布,小覚交番,132195.0,東京都,狛江市,東野川４丁目,2022/1/22,18,その他,駐車（輪）場,施錠せず,なし,狛江市東野川４丁目,35.64382,139.585193, 調布警察署 小覚交番,35.6465496,139.5781455
窃盗,車上ねらい,調布,布田交番,132080.0,東京都,調布市,国領町６丁目,2022/6/5,12,その他,駐車（輪）場,施錠せず,あり,調布市国領町６丁目,35.644818,139.553653, 調布警察署 布田交番,35.6470197,139.5484284
窃盗,車上ねらい,調布,深大寺交番,132080.0,東京都,調布市,深大寺東町２丁目,2022/2/1,17,その他,駐車（輪）場,施錠せず,あり,調布市深大寺東町２丁目,35.667702,139.560501, 調布警察署 深大寺交番,35.6657567,139.5530378
窃盗,車上ねらい,調布,深大寺交番,132080.0,東京都,調布市,深大寺東町４丁目,2022/2/8,15,一戸建住宅,駐車（輪）場,施錠せず,あり,調布市深大寺東町４丁目,35.671677,139.561514, 調布警察署 深大寺交番,35.6657567,139.5530378
窃盗,車上ねらい,調布,狛江交番,132195.0,東京都,狛江市,和泉本町２丁目,2022/1/25,16,その他の住宅（３階建て以下共同住宅等）,駐車（輪）場,施錠せず,あり,狛江市和泉本町２丁目,35.641279,139.578457, 調布警察署 狛江交番,35.6332289,139.5772353
窃盗,車上ねらい,調布,狛江交番,132195.0,東京都,狛江市,和泉本町４丁目,2022/9/13,15,４階建て以上共同住宅,駐車（輪）場,施錠せず,あり,狛江市和泉本町４丁目,35.644011,139.568405, 調布警察署 狛江交番,35.6332289,139.5772353
窃盗,車上ねらい,調布,狛江交番,132195.0,東京都,狛江市,元和泉１丁目,2022/3/14,16,道路上,その他,施錠せず,あり,狛江市元和泉１丁目,35.631305,139.574846, 調布警察署 狛江交番,35.6332289,139.5772353
窃盗,車上ねらい,調布,狛江交番,132195.0,東京都,狛江市,元和泉１丁目,2022/6/28,17,その他,駐車（輪）場,施錠せず,あり,狛江市元和泉１丁目,35.631305,139.574846, 調布警察署 狛江交番,35.6332289,139.5772353
窃盗,車上ねらい,調布,猪方交番,132195.0,東京都,狛江市,猪方３丁目,2022/9/15,21,一戸建住宅,駐車（輪）場,施錠せず,あり,狛江市猪方３丁目,35.626122,139.577757, 調布警察署 猪方交番,35.6241116,139.582007
窃盗,車上ねらい,調布,菊野台交番,132080.0,東京都,調布市,上石原３丁目,2022/11/18,15,その他,その他,施錠せず,あり,調布市上石原３丁目,35.651703,139.523937, 調布警察署 菊野台交番,,
窃盗,車上ねらい,調布,菊野台交番,132080.0,東京都,調布市,佐須町５丁目,2022/9/25,8,その他,その他,施錠せず,あり,調布市佐須町５丁目,35.661457,139.560668, 調布警察署 菊野台交番,,
窃盗,車上ねらい,調布,調布駅前交番,132080.0,東京都,調布市,小島町１丁目,2022/12/17,18,駐車（輪）場,駐車（輪）場,施錠せず,あり,調布市小島町１丁目,35.654304,139.541507, 調布警察署 調布駅前交番,,
窃盗,車上ねらい,調布,調布駅前交番,132080.0,東京都,調布市,小島町２丁目,2022/3/1,8,その他,駐車（輪）場,施錠せず,なし,調布市小島町２丁目,35.651039,139.540241, 調布警察署 調布駅前交番,,
窃盗,車上ねらい,調布,調布駅前交番,132080.0,東京都,調布市,調布ケ丘２丁目,2022/1/17,17,４階建て以上共同住宅,駐車（輪）場,施錠せず,なし,調布市調布ケ丘２丁目,35.655227,139.5499, 調布警察署 調布駅前交番,,
窃盗,車上ねらい,調布,調布駅前交番,132080.0,東京都,調布市,布田２丁目,2022/5/29,20,駐車（輪）場,駐車（輪）場,施錠した,なし,調布市布田２丁目,35.652152,139.549112, 調布警察署 調布駅前交番,,
窃盗,車上ねらい,調布,調布駅前交番,132080.0,東京都,調布市,布田４丁目,2022/11/18,13,その他,駐車（輪）場,施錠せず,なし,調布市布田４丁目,35.649755,139.544838, 調布警察署 調布駅前交番,,
窃盗,車上ねらい,調布,電気通信大学前交番,132080.0,東京都,調布市,下石原１丁目,2022/1/17,10,駐車（輪）場,駐車（輪）場,施錠せず,あり,調布市下石原１丁目,35.656656,139.536065, 調布警察署 電気通信大学前交番,35.6567083,139.5399663
窃盗,車上ねらい,調布,電気通信大学前交番,132080.0,東京都,調布市,下石原２丁目,2022/1/17,11,道路上,その他,施錠せず,あり,調布市下石原２丁目,35.653638,139.534998, 調布警察署 電気通信大学前交番,35.6567083,139.5399663
窃盗,車上ねらい,調布,飛田給駅前交番,132080.0,東京都,調布市,上石原２丁目,2022/1/17,13,４階建て以上共同住宅,駐車（輪）場,施錠せず,あり,調布市上石原２丁目,35.655678,139.528221, 調布警察署 飛田給駅前交番,35.6603264,139.5234283
窃盗,車上ねらい,小平,上宿交番,132110.0,東京都,小平市,小川町１丁目,2022/5/10,19,４階建て以上共同住宅,駐車（輪）場,施錠した,あり,小平市小川町１丁目,35.7291986,139.450032, 小平警察署 上宿交番,35.731399,139.44612
窃盗,車上ねらい,小平,上宿交番,132110.0,東京都,小平市,栄町２丁目,2022/10/21,9,道路上,その他,施錠せず,あり,小平市栄町２丁目,35.734308,139.448735, 小平警察署 上宿交番,35.731399,139.44612
窃盗,車上ねらい,小平,上宿交番,132110.0,東京都,小平市,栄町３丁目,2022/11/14,10,一戸建住宅,その他,施錠せず,あり,小平市栄町３丁目,35.7363812,139.451357, 小平警察署 上宿交番,35.731399,139.44612
窃盗,車上ねらい,小平,上宿交番,132110.0,東京都,小平市,上水新町１丁目,2022/2/27,12,駐車（輪）場,駐車（輪）場,施錠した,なし,小平市上水新町１丁目,35.725055,139.438685, 小平警察署 上宿交番,35.731399,139.44612
窃盗,車上ねらい,小平,上宿交番,132110.0,東京都,小平市,中島町,2022/7/10,23,４階建て以上共同住宅,駐車（輪）場,施錠せず,なし,小平市中島町,35.7298612,139.4321681, 小平警察署 上宿交番,35.731399,139.44612
窃盗,車上ねらい,小平,大沼町交番,132110.0,東京都,小平市,大沼町４丁目,2022/1/12,19,その他,駐車（輪）場,施錠せず,なし,小平市大沼町４丁目,35.7430029,139.5003142, 小平警察署 大沼町交番,35.741529,139.501286
窃盗,車上ねらい,小平,学園東交番,132110.0,東京都,小平市,鈴木町２丁目,2022/3/31,13,道路上,その他,施錠せず,あり,小平市鈴木町２丁目,35.722296,139.506279, 小平警察署 学園東交番,35.7218291,139.4881647
窃盗,車上ねらい,小平,学園西町交番,132110.0,東京都,小平市,小川西町２丁目,2022/6/17,9,道路上,その他,施錠せず,あり,小平市小川西町２丁目,35.738532,139.458363, 小平警察署 学園西町交番,35.720698,139.480039
窃盗,車上ねらい,小平,小川駅前交番,132110.0,東京都,小平市,小川西町２丁目,2022/4/4,18,４階建て以上共同住宅,駐車（輪）場,施錠した,あり,小平市小川西町２丁目,35.738532,139.458363, 小平警察署 小川駅前交番,35.7373073,139.4632372
窃盗,車上ねらい,小平,小川駅前交番,132110.0,東京都,小平市,小川東町４丁目,2022/10/31,13,その他,駐車（輪）場,施錠せず,なし,小平市小川東町４丁目,35.7374065,139.4753051, 小平警察署 小川駅前交番,35.7373073,139.4632372
窃盗,車上ねらい,小平,小川駅前交番,132110.0,東京都,小平市,小川町２丁目,2022/1/29,17,その他,駐車（輪）場,施錠せず,なし,小平市小川町２丁目,35.729178,139.472827, 小平警察署 小川駅前交番,35.7373073,139.4632372
窃盗,車上ねらい,小平,花小金井駅前交番,132110.0,東京都,小平市,花小金井１丁目,2022/1/23,18,一戸建住宅,その他,施錠せず,なし,小平市花小金井１丁目,35.7276896,139.5144039, 小平警察署 花小金井駅前交番,35.726485,139.5129238
窃盗,車上ねらい,小平,花小金井駅前交番,132110.0,東京都,小平市,花小金井６丁目,2022/9/15,9,その他,駐車（輪）場,施錠せず,なし,小平市花小金井６丁目,35.7287922,139.5084616, 小平警察署 花小金井駅前交番,35.726485,139.5129238
窃盗,車上ねらい,小平,花小金井駅前交番,132110.0,東京都,小平市,花小金井南町１丁目,2022/1/21,11,その他,駐車（輪）場,施錠せず,あり,小平市花小金井南町１丁目,35.7217818,139.5118671, 小平警察署 花小金井駅前交番,35.726485,139.5129238
窃盗,車上ねらい,小平,鷹の台駅前交番,132110.0,東京都,小平市,津田町１丁目,2022/10/16,19,その他,その他,施錠せず,なし,小平市津田町１丁目,35.723385,139.463063, 小平警察署 鷹の台駅前交番,35.7230478,139.4610095
